date,target,fold_id,actual_future_ratio,pred_future_ratio,risk_score,config_id
2023-07-08,0,0,0.9241726794350844,0.9572116136550903,0.888,0
2023-07-09,0,0,0.9743232874576132,1.0182868242263794,0.384,0
2023-07-10,0,0,0.9966145169869692,1.0182868242263794,0.384,0
2023-07-11,0,0,0.9517191542034068,1.0182868242263794,0.384,0
2023-07-12,0,0,0.948542157152549,1.0182868242263794,0.384,0
2023-07-13,1,0,0.8136032158541315,1.0182868242263794,0.384,0
2023-07-14,1,0,0.8379735483359313,1.0182868242263794,0.384,0
2023-07-15,0,0,0.8701002940440485,1.0182868242263794,0.384,0
2023-07-16,0,0,0.9114132510669704,1.0182868242263794,0.384,0
2023-07-17,0,0,0.8908737944136609,1.0182868242263794,0.384,0
2023-07-18,0,0,0.9255322693960212,1.0182868242263794,0.384,0
2023-07-19,0,0,0.967263115722151,1.0182868242263794,0.384,0
2023-07-20,0,0,1.0407271001586968,1.0182868242263794,0.384,0
2023-07-21,0,0,1.0879196255666288,1.0182868242263794,0.384,0
2023-07-22,0,0,1.0747706880007073,1.0182868242263794,0.384,0
2023-07-23,0,0,1.082245562916266,1.0621529817581177,0.168,0
2023-07-24,0,0,1.1801619598634046,1.0621529817581177,0.168,0
2023-07-25,0,0,1.1393366031481695,1.0621529817581177,0.168,0
2023-07-26,0,0,1.0470649557621556,1.0621529817581177,0.168,0
2023-07-27,0,0,1.0524089049987362,1.0621529817581177,0.168,0
2023-07-28,0,0,1.0961332324625743,1.0621529817581177,0.168,0
2023-07-29,0,0,1.1475046354373504,1.0621529817581177,0.168,0
2023-07-30,0,0,1.1030104289707232,1.0539170503616333,0.224,0
2023-07-31,0,0,0.9802661574733532,1.0539170503616333,0.224,0
2023-08-01,0,0,0.9276591914865956,1.0539170503616333,0.224,0
2023-08-02,0,0,0.9856192869568604,1.0539170503616333,0.224,0
2023-08-03,0,0,0.9849464199753928,1.0539170503616333,0.224,0
2023-08-04,0,0,1.0288017106784253,1.0539170503616333,0.224,0
2023-08-05,0,0,1.0494101563413691,1.0539170503616333,0.224,0
2023-08-06,0,0,0.925332606177236,1.016879677772522,0.384,0
2023-08-07,0,0,1.0600347894644628,1.016879677772522,0.384,0
2023-08-08,0,0,1.2032070808322328,1.016879677772522,0.384,0
2023-08-09,0,0,1.1361856872066751,1.016879677772522,0.384,0
2023-08-10,0,0,1.2169384711338458,1.016879677772522,0.384,0
2023-08-11,0,0,1.124374488467241,1.016879677772522,0.384,0
2023-08-12,0,0,1.0302234899243532,1.016879677772522,0.384,0
2023-08-13,0,0,1.1364735275600777,1.0329850912094116,0.28,0
2023-08-14,0,0,1.0140690876726717,1.0329850912094116,0.28,0
2023-08-15,0,0,0.9598834391613684,1.0329850912094116,0.28,0
2023-08-16,0,0,0.96344523411635,1.0329850912094116,0.28,0
2023-08-17,0,0,0.8619772162480696,1.0329850912094116,0.28,0
2023-08-18,1,0,0.84340585697894,1.0329850912094116,0.28,0
2023-08-19,0,0,0.9361598228925094,1.0329850912094116,0.28,0
2023-08-20,0,0,0.9812706645380184,1.0171822309494019,0.384,0
2023-08-21,0,0,0.9880650175388538,1.0171822309494019,0.384,0
2023-08-22,0,0,0.9501391402718308,1.0171822309494019,0.384,0
2023-08-23,0,0,1.0115737235821658,1.0171822309494019,0.384,0
2023-08-24,0,0,0.9999262702998436,1.0171822309494019,0.384,0
2023-08-25,0,0,1.24194058981351,1.0171822309494019,0.384,0
2023-08-26,0,0,1.1524945548408054,1.0171822309494019,0.384,0
2023-08-27,0,0,1.0562711289247646,0.9939466714859009,0.552,0
2023-08-28,0,0,1.1258216617159271,0.9939466714859009,0.552,0
2023-08-29,0,0,1.127791985065815,0.9939466714859009,0.552,0
2023-08-30,0,0,1.0730811539867262,0.9939466714859009,0.552,0
2023-08-31,0,0,1.1374657637612942,0.9939466714859009,0.552,0
2023-09-01,0,0,0.9176351523297184,0.9939466714859009,0.552,0
2023-09-02,0,0,0.9210003824336146,0.9939466714859009,0.552,0
2023-09-03,0,0,0.9421400380007852,0.9678530097007751,0.776,0
2023-09-04,0,0,0.9211686908188832,0.9678530097007751,0.776,0
2023-09-05,1,0,0.8469144869908538,0.9678530097007751,0.776,0
2023-09-06,1,0,0.8378144001188419,0.9678530097007751,0.776,0
2023-09-07,1,0,0.8332308808794763,0.9678530097007751,0.776,0
2023-09-08,1,0,0.7903801903571291,0.9678530097007751,0.776,0
2023-09-09,0,0,0.9215862638123296,0.9678530097007751,0.776,0
2023-09-10,0,0,0.9192039742345504,1.0209989547729492,0.384,0
2023-09-11,0,0,0.8882584499143324,1.0209989547729492,0.384,0
2023-09-12,0,0,0.9893752333510308,1.0209989547729492,0.384,0
2023-09-13,0,0,1.0276905021746976,1.0209989547729492,0.384,0
2023-09-14,0,0,1.05764422804859,1.0209989547729492,0.384,0
2023-09-15,0,0,1.037244258278199,1.0209989547729492,0.384,0
2023-09-16,0,0,0.9111351623678404,1.0209989547729492,0.384,0
2023-09-17,0,0,0.9168705447222036,1.0182868242263794,0.384,0
2023-09-18,0,0,0.9480631642651184,1.0182868242263794,0.384,0
2023-09-19,0,0,1.049584705904487,1.0182868242263794,0.384,0
2023-09-20,0,0,1.0582598221905524,1.0182868242263794,0.384,0
2023-09-21,0,0,1.0114472018825855,1.0182868242263794,0.384,0
2023-09-22,0,0,1.110871812182302,1.0182868242263794,0.384,0
2023-09-23,0,0,1.1541736168324266,1.0182868242263794,0.384,0
2023-09-24,0,0,1.1078020011333731,1.0539170503616333,0.224,0
2023-09-25,0,0,1.074645609849099,1.0539170503616333,0.224,0
2023-09-26,0,0,0.9539644229731924,1.0539170503616333,0.224,0
2023-09-27,0,0,1.045324049908362,1.0539170503616333,0.224,0
2023-09-28,0,0,1.058283583828204,1.0539170503616333,0.224,0
2023-09-29,0,0,0.9529449023805296,1.0539170503616333,0.224,0
2023-09-30,0,0,1.0335157970037918,1.0539170503616333,0.224,0
2023-10-08,0,1,0.943214957935384,0.9882400035858154,0.6820276497695853,0
2023-10-09,0,1,0.8954605455623991,0.9882400035858154,0.6820276497695853,0
2023-10-10,0,1,0.8714609046846392,0.9882400035858154,0.6820276497695853,0
2023-10-11,0,1,0.8537394125385595,0.9882400035858154,0.6820276497695853,0
2023-10-12,0,1,0.9158302055623126,0.9882400035858154,0.6820276497695853,0
2023-10-13,1,1,0.8235183048240129,0.9882400035858154,0.6820276497695853,0
2023-10-14,1,1,0.8417997244121631,0.9882400035858154,0.6820276497695853,0
2023-10-15,0,1,0.8686185654387014,1.0126713514328003,0.45161290322580644,0
2023-10-16,1,1,0.837630457855076,1.0126713514328003,0.45161290322580644,0
2023-10-17,1,1,0.7765728111191363,1.0126713514328003,0.45161290322580644,0
2023-10-18,0,1,0.876315761424511,1.0126713514328003,0.45161290322580644,0
2023-10-19,0,1,0.8981339369635442,1.0126713514328003,0.45161290322580644,0
2023-10-20,0,1,1.0052067391820876,1.0126713514328003,0.45161290322580644,0
2023-10-21,0,1,1.0475645261799866,1.0126713514328003,0.45161290322580644,0
2023-10-22,0,1,1.0349876751325695,1.0501723289489746,0.1336405529953917,0
2023-10-23,0,1,1.0648188658578015,1.0501723289489746,0.1336405529953917,0
2023-10-24,0,1,1.2288539084267107,1.069651484489441,0.07834101382488479,0
2023-10-25,0,1,1.325022505621457,1.069651484489441,0.07834101382488479,0
2023-10-26,0,1,1.3444469765965152,1.069651484489441,0.07834101382488479,0
2023-10-27,0,1,1.24809949228092,1.069651484489441,0.07834101382488479,0
2023-10-28,0,1,1.1197888843427084,1.069651484489441,0.07834101382488479,0
2023-10-29,0,1,1.0278744636215793,1.0323277711868286,0.2672811059907834,0
2023-10-30,0,1,1.092155254370859,1.0323277711868286,0.2672811059907834,0
2023-10-31,0,1,1.1015162289550902,1.0323277711868286,0.2672811059907834,0
2023-11-01,0,1,0.9616024375172428,1.0128486156463623,0.45161290322580644,0
2023-11-02,0,1,1.0211534524417607,1.0128486156463623,0.45161290322580644,0
2023-11-03,0,1,1.0185200315853409,1.0128486156463623,0.45161290322580644,0
2023-11-04,0,1,0.9938521706160228,1.0128486156463623,0.45161290322580644,0
2023-11-05,0,1,1.0661778939631648,0.9739500284194946,0.7188940092165899,0
2023-11-06,0,1,1.1620310134405805,0.9739500284194946,0.7188940092165899,0
2023-11-07,0,1,0.980518173100777,0.9739500284194946,0.7188940092165899,0
2023-11-08,0,1,0.9051698390223948,0.9739500284194946,0.7188940092165899,0
2023-11-09,1,1,0.7489778501170876,0.9739500284194946,0.7188940092165899,0
2023-11-10,1,1,0.7527771910343829,0.9739500284194946,0.7188940092165899,0
2023-11-11,0,1,0.9667089341078078,0.9749413132667542,0.7188940092165899,0
2023-11-12,0,1,0.9442364852029852,1.031975269317627,0.2672811059907834,0
2023-11-13,1,1,0.7318274766100183,1.0329664945602417,0.2534562211981567,0
2023-11-14,1,1,0.8206581432559168,1.0329664945602417,0.2534562211981567,0
2023-11-15,0,1,1.051314083184571,1.0329664945602417,0.2534562211981567,0
2023-11-16,0,1,1.0761913404529675,1.031975269317627,0.2672811059907834,0
2023-11-17,0,1,0.9757244500222187,1.031975269317627,0.2672811059907834,0
2023-11-18,0,1,0.940194569771074,1.031975269317627,0.2672811059907834,0
2023-11-19,0,1,0.8987004950888953,1.0389260053634644,0.2534562211981567,0
2023-11-20,0,1,1.089296800690815,1.0389260053634644,0.2534562211981567,0
2023-11-21,0,1,1.1345993778130965,1.039917230606079,0.2304147465437788,0
2023-11-22,0,1,1.0464304602981034,1.0389260053634644,0.2534562211981567,0
2023-11-23,0,1,1.1378360455267436,1.0389260053634644,0.2534562211981567,0
2023-11-24,0,1,1.3841279965162,1.0584051609039307,0.08294930875576037,0
2023-11-25,0,1,1.2713157281439782,1.0584051609039307,0.08294930875576037,0
2023-11-26,0,1,1.4205242426211462,1.0450031757354736,0.1935483870967742,0
2023-11-27,0,1,1.3156964922071708,1.0440119504928589,0.20276497695852536,0
2023-11-28,0,1,1.3008009098853073,1.0450031757354736,0.1935483870967742,0
2023-11-29,0,1,1.2479916720289856,1.0450031757354736,0.1935483870967742,0
2023-11-30,0,1,1.184579900085264,1.0440119504928589,0.20276497695852536,0
2023-12-01,0,1,0.9217983024910515,1.0245327949523926,0.35944700460829493,0
2023-12-02,0,1,0.9872117622337688,1.0255240201950073,0.33640552995391704,0
2023-12-03,0,1,0.9761410830534396,0.9468424916267395,0.8709677419354839,0
2023-12-04,0,1,0.9081520857619844,0.9468424916267395,0.8709677419354839,0
2023-12-05,0,1,0.9381732402892374,0.9468424916267395,0.8709677419354839,0
2023-12-06,0,1,0.9296518465586814,0.9468424916267395,0.8709677419354839,0
2023-12-07,1,1,0.8413685597788102,0.9468424916267395,0.8709677419354839,0
2023-12-08,0,1,0.991352633325197,0.947833776473999,0.8617511520737328,0
2023-12-09,0,1,0.9411554944408358,0.9468424916267395,0.8709677419354839,0
2023-12-10,1,1,0.8389522108078011,0.9916102886199951,0.6451612903225806,0
2023-12-11,1,1,0.8071649857265369,0.9916102886199951,0.6451612903225806,0
2023-12-12,1,1,0.7572970023336949,0.9916102886199951,0.6451612903225806,0
2023-12-13,1,1,0.6208795880453283,0.9916102886199951,0.6451612903225806,0
2023-12-14,1,1,0.7592057772002324,0.9926015734672546,0.6405529953917051,0
2023-12-15,1,1,0.8328269225748938,0.9926015734672546,0.6405529953917051,0
2023-12-16,0,1,0.8590655807455964,0.9916102886199951,0.6451612903225806,0
2023-12-17,0,1,0.9377129218982944,1.0111147165298462,0.45161290322580644,0
2023-12-18,0,1,0.9642064200950122,1.0101234912872314,0.45161290322580644,0
2023-12-19,0,1,0.8985380992120569,1.0101234912872314,0.45161290322580644,0
2023-12-20,0,1,1.174221538340847,1.0111147165298462,0.45161290322580644,0
2023-12-21,0,1,1.219687141657661,1.0101234912872314,0.45161290322580644,0
2023-12-22,0,1,1.109109822460017,1.0101234912872314,0.45161290322580644,0
2023-12-23,0,1,1.1355025094767273,1.0101234912872314,0.45161290322580644,0
2023-12-24,0,1,1.067923542918951,1.069651484489441,0.07834101382488479,0
2023-12-25,0,1,1.0641320258226272,1.069651484489441,0.07834101382488479,0
2023-12-26,0,1,1.1724151428996483,1.0706427097320557,0.03225806451612903,0
2023-12-27,0,1,1.10656776396788,1.069651484489441,0.07834101382488479,0
2023-12-28,0,1,1.0122393038967503,1.069651484489441,0.07834101382488479,0
2023-12-29,0,1,1.1349625439131328,1.069651484489441,0.07834101382488479,0
2023-12-30,0,1,1.107041700896765,1.069651484489441,0.07834101382488479,0
2023-12-31,0,1,1.0540714431461404,1.0126913785934448,0.45161290322580644,0
2024-01-08,0,2,0.9380252547156612,0.9343773722648621,0.8381877022653722,0
2024-01-09,0,2,0.8604976941696318,0.9336679577827454,0.8414239482200647,0
2024-01-10,0,2,0.8967950138147822,0.9343419671058655,0.8381877022653722,0
2024-01-11,1,2,0.81515703606474,0.9335855841636658,0.8414239482200647,0
2024-01-12,1,2,0.7697963725749237,0.9336679577827454,0.8414239482200647,0
2024-01-13,1,2,0.841357639507363,0.9336679577827454,0.8414239482200647,0
2024-01-14,1,2,0.8237505800283649,0.9688413143157959,0.6019417475728155,0
2024-01-15,1,2,0.8143008517556474,0.9681318998336792,0.6148867313915858,0
2024-01-16,0,2,0.8574681818882544,0.9681318998336792,0.6148867313915858,0
2024-01-17,1,2,0.7587486496508539,0.965255856513977,0.6440129449838188,0
2024-01-18,1,2,0.6693137152967722,0.9653382301330566,0.6440129449838188,0
2024-01-19,1,2,0.6699104276785826,0.9928231239318848,0.48220064724919093,0
2024-01-20,0,2,0.8772632858888515,0.999911367893219,0.44336569579288027,0
2024-01-21,0,2,0.9892903383152972,1.0573142766952515,0.2297734627831715,0
2024-01-22,0,2,1.117405717166005,1.0561320781707764,0.2297734627831715,0
2024-01-23,0,2,1.1151266074232986,1.0553756952285767,0.2297734627831715,0
2024-01-24,0,2,1.075838623368072,1.1134164333343506,0.10032362459546926,0
2024-01-25,0,2,1.2754491983991014,1.1170319318771362,0.09061488673139159,0
2024-01-26,0,2,1.423986158079574,1.1134164333343506,0.10032362459546926,0
2024-01-27,0,2,1.2093563799502314,1.1126600503921509,0.10032362459546926,0
2024-01-28,0,2,1.0654453237147563,1.1301770210266113,0.05177993527508091,0
2024-01-29,0,2,0.947841005507312,1.110114336013794,0.11326860841423948,0
2024-01-30,1,2,0.8351685356731198,1.1108707189559937,0.11003236245954692,0
2024-01-31,0,2,0.9497929613869894,1.1354224681854248,0.019417475728155338,0
2024-02-01,0,2,0.917248696829258,1.0729645490646362,0.1715210355987055,0
2024-02-02,0,2,0.8851405980336539,1.0491242408752441,0.284789644012945,0
2024-02-03,0,2,0.982826709401738,1.053613305091858,0.23624595469255663,0
2024-02-04,0,2,1.0025264392902944,0.9212649464607239,0.9061488673139159,0
2024-02-05,0,2,0.9483480269362228,0.9220213294029236,0.9029126213592233,0
2024-02-06,0,2,1.0972617113073977,0.9220213294029236,0.9029126213592233,0
2024-02-07,0,2,1.0891759604105706,0.92348712682724,0.8932038834951457,0
2024-02-08,0,2,1.096557459323093,0.9220213294029236,0.9029126213592233,0
2024-02-09,0,2,1.1167044003098343,0.9220213294029236,0.9029126213592233,0
2024-02-10,0,2,1.0002853718765394,0.9212649464607239,0.9061488673139159,0
2024-02-11,0,2,1.0068662107279371,0.9519334435462952,0.7152103559870551,0
2024-02-12,0,2,1.068197683139049,0.9776093363761902,0.56957928802589,0
2024-02-13,0,2,0.9193871015786248,0.9775269627571106,0.56957928802589,0
2024-02-14,0,2,0.9666893508669268,0.9776093363761902,0.56957928802589,0
2024-02-15,0,2,0.9701647067175788,0.9776093363761902,0.56957928802589,0
2024-02-16,0,2,0.951505866659967,0.9775269627571106,0.56957928802589,0
2024-02-17,0,2,0.9867051638475192,0.9768529534339905,0.5728155339805825,0
2024-02-18,0,2,0.9427333113260588,1.0198335647583008,0.3333333333333333,0
2024-02-19,0,2,0.978784236975376,1.020507574081421,0.3333333333333333,0
2024-02-20,0,2,1.2204788803729685,1.0198335647583008,0.3333333333333333,0
2024-02-21,0,2,1.2578634247818792,1.0198335647583008,0.3333333333333333,0
2024-02-22,0,2,1.4160461739581691,1.0186880826950073,0.3333333333333333,0
2024-02-23,0,2,1.4083895326125038,1.0132472515106201,0.36893203883495146,0
2024-02-24,0,2,1.2889078774480094,1.0812058448791504,0.15210355987055016,0
2024-02-25,0,2,1.408628586196815,1.0905083417892456,0.12944983818770225,0
2024-02-26,0,2,1.5357853726649573,1.0706909894943237,0.18122977346278318,0
2024-02-27,0,2,1.4255036298830266,1.069934606552124,0.18446601941747573,0
2024-02-28,0,2,1.3472740673438566,1.069934606552124,0.18446601941747573,0
2024-02-29,0,2,1.0804552257818711,1.069934606552124,0.18446601941747573,0
2024-03-01,0,2,1.0254354181414247,1.012306571006775,0.36893203883495146,0
2024-03-02,0,2,1.1320172826735235,1.0167956352233887,0.3559870550161812,0
2024-03-03,0,2,1.128319747911003,0.9255191683769226,0.8802588996763754,0
2024-03-04,0,2,0.9822802609177096,0.9255191683769226,0.8802588996763754,0
2024-03-05,0,2,0.9670810502033153,0.9247273802757263,0.8802588996763754,0
2024-03-06,0,2,0.946135861635669,0.925483763217926,0.8802588996763754,0
2024-03-07,0,2,0.8708436819149774,0.925483763217926,0.8802588996763754,0
2024-03-08,0,2,0.8762602644369504,0.9261577725410461,0.8770226537216829,0
2024-03-09,1,2,0.8487925178810976,0.9261577725410461,0.8770226537216829,0
2024-03-10,1,2,0.7728795364314732,0.9212649464607239,0.9061488673139159,0
2024-03-11,1,2,0.708461282966484,0.9212649464607239,0.9061488673139159,0
2024-03-12,1,2,0.6426398373180695,0.9220213294029236,0.9029126213592233,0
2024-03-13,1,2,0.571377925482258,0.9220213294029236,0.9029126213592233,0
2024-03-14,1,2,0.6901720416567598,0.9220213294029236,0.9029126213592233,0
2024-03-15,1,2,0.7549641664287521,0.9486191868782043,0.7378640776699029,0
2024-03-16,1,2,0.836506042031234,0.9220213294029236,0.9029126213592233,0
2024-03-17,0,2,0.9709646135075468,0.9784447550773621,0.5598705501618123,0
2024-03-18,0,2,0.9688339478220468,0.9891484379768372,0.511326860841424,0
2024-03-19,0,2,0.9413149393033896,0.9853688478469849,0.5372168284789643,0
2024-03-20,0,2,1.0655612632569766,0.9846594333648682,0.5501618122977346,0
2024-03-21,0,2,1.133253625646406,0.9861252307891846,0.5275080906148867,0
2024-03-22,0,2,1.113040266895566,0.9853334426879883,0.5372168284789643,0
2024-03-23,0,2,1.036710651553232,0.9846594333648682,0.5501618122977346,0
2024-03-24,0,2,0.9228864380293004,1.1328290700912476,0.032362459546925564,0
2024-03-25,0,2,1.1500417141558186,1.1363791227340698,0.009708737864077669,0
2024-03-26,0,2,1.298740837351826,1.131890058517456,0.05177993527508091,0
2024-03-27,0,2,1.2996211124527302,1.1335854530334473,0.032362459546925564,0
2024-03-28,0,2,1.323402650373225,1.1327636241912842,0.03559870550161812,0
2024-03-29,0,2,1.3339767416071382,1.131890058517456,0.05177993527508091,0
2024-03-30,0,2,1.273455247833983,1.1356227397918701,0.009708737864077669,0
2024-03-31,0,2,1.1543087116353845,1.0774270296096802,0.15857605177993528,0
2024-04-08,0,3,0.9013501692371486,0.8483551740646362,0.985,0
2024-04-09,0,3,0.9504673829573714,0.8468394875526428,0.985,0
2024-04-10,1,3,0.8243382492106264,0.8448560833930969,0.985,0
2024-04-11,1,3,0.7834501466330951,0.8340368866920471,0.9975,0
2024-04-12,0,3,0.8698604395795992,0.8824770450592041,0.93,0
2024-04-13,1,3,0.7597608507551356,0.8617991805076599,0.975,0
2024-04-14,1,3,0.677212775397524,0.9046505093574524,0.895,0
2024-04-15,1,3,0.6920359386686836,0.9304612874984741,0.795,0
2024-04-16,1,3,0.6104944247335421,0.9529123306274414,0.685,0
2024-04-17,1,3,0.5682484576390117,0.9370389580726624,0.7575,0
2024-04-18,1,3,0.6743462566199577,0.9469742774963379,0.7075,0
2024-04-19,1,3,0.8021678182057587,0.9605371356010437,0.6575,0
2024-04-20,1,3,0.8338345092652095,0.9510670900344849,0.69,0
2024-04-21,0,3,0.9500977307262902,1.0832031965255737,0.24,0
2024-04-22,0,3,0.894020763122248,1.0927727222442627,0.215,0
2024-04-23,0,3,0.991399742819852,1.0832490921020508,0.24,0
2024-04-24,0,3,1.0878447526166517,1.1628133058547974,0.0475,0
2024-04-25,0,3,1.1142222845209917,1.1562203168869019,0.0725,0
2024-04-26,0,3,1.007146643273655,1.1570863723754883,0.07,0
2024-04-27,0,3,1.1844212349409298,1.1399952173233032,0.11,0
2024-04-28,0,3,1.1006217153126756,1.142451286315918,0.11,0
2024-04-29,0,3,1.2106187582063732,1.1475906372070312,0.1,0
2024-04-30,0,3,1.176679988504357,1.1457918882369995,0.105,0
2024-05-01,0,3,1.169712985396964,1.09769868850708,0.1975,0
2024-05-02,0,3,1.216461054387081,1.0900565385818481,0.22,0
2024-05-03,0,3,1.397113446052744,1.0855395793914795,0.2325,0
2024-05-04,0,3,1.0699333394458723,1.071613073348999,0.265,0
2024-05-05,0,3,1.0152024835913225,0.9483159780502319,0.7025,0
2024-05-06,0,3,0.9666563960052584,0.9579623937606812,0.6675,0
2024-05-07,0,3,1.0010999776265437,0.953970730304718,0.6825,0
2024-05-08,0,3,1.045751819874061,0.966087818145752,0.625,0
2024-05-09,0,3,1.2333799656918272,0.9484758377075195,0.7025,0
2024-05-10,0,3,1.0191571683896132,0.9601929187774658,0.66,0
2024-05-11,0,3,0.9714474788616788,0.9488453269004822,0.7,0
2024-05-12,0,3,1.0535541973093132,0.923576831817627,0.835,0
2024-05-13,0,3,1.0240117177175188,0.9440334439277649,0.7175,0
2024-05-14,0,3,1.125954466739724,0.96766597032547,0.6125,0
2024-05-15,0,3,1.2327625220716356,0.9639667272567749,0.635,0
2024-05-16,0,3,0.8955376067268118,0.9360846877098083,0.76,0
2024-05-17,1,3,0.7913953040488042,0.9167965650558472,0.87,0
2024-05-18,0,3,0.9055523499200772,0.9645846486091614,0.63,0
2024-05-19,0,3,1.0128479078315926,0.9906018376350403,0.54,0
2024-05-20,0,3,1.2727679133110166,0.992597222328186,0.5325,0
2024-05-21,0,3,1.1537031263145334,0.9786157011985779,0.5775,0
2024-05-22,0,3,1.046269531398886,0.9252468943595886,0.8175,0
2024-05-23,0,3,1.0562146124420275,0.9291768670082092,0.7975,0
2024-05-24,0,3,1.2380722690129595,1.0513044595718384,0.3225,0
2024-05-25,0,3,1.2213285629567612,1.0540320873260498,0.31,0
2024-05-26,0,3,1.228174786340416,1.1726833581924438,0.0125,0
2024-05-27,0,3,1.0487811469475452,1.1253267526626587,0.1425,0
2024-05-28,0,3,0.9800365302910446,1.1297270059585571,0.13,0
2024-05-29,0,3,0.9766676001211076,1.129029631614685,0.13,0
2024-05-30,0,3,1.0512578208843095,1.134837031364441,0.1225,0
2024-05-31,0,3,0.9961927431314136,1.137742519378662,0.1175,0
2024-06-01,0,3,1.0782850177636043,1.0663560628890991,0.2775,0
2024-06-02,0,3,0.9920610924462848,0.9458010792732239,0.71,0
2024-06-03,0,3,0.9346561396567484,0.9598883390426636,0.66,0
2024-06-04,0,3,0.9732410768918764,0.9517226815223694,0.6875,0
2024-06-05,0,3,1.0072004413080666,0.9568098783493042,0.6725,0
2024-06-06,0,3,0.9640593675152046,0.955777108669281,0.675,0
2024-06-07,0,3,1.1256372778569268,0.9608389735221863,0.6575,0
2024-06-08,0,3,1.1008109168047002,0.9448346495628357,0.715,0
2024-06-09,0,3,0.989007483306001,1.0072076320648193,0.4425,0
2024-06-10,0,3,0.9274834755604218,1.0057376623153687,0.455,0
2024-06-11,0,3,1.0227093286635367,1.014399528503418,0.41,0
2024-06-12,0,3,0.8594831565656494,1.0194196701049805,0.3925,0
2024-06-13,0,3,0.917704853697102,1.0134027004241943,0.415,0
2024-06-14,1,3,0.6795921971656652,1.0139256715774536,0.41,0
2024-06-15,1,3,0.6145184425791482,0.9959497451782227,0.51,0
2024-06-16,1,3,0.6919752734828566,0.8647123575210571,0.9725,0
2024-06-17,1,3,0.7297780106527604,0.8987465500831604,0.9025,0
2024-06-18,1,3,0.6735497277838808,0.8620545268058777,0.975,0
2024-06-19,1,3,0.7804324729432032,0.9026548266410828,0.8975,0
2024-06-20,1,3,0.8217039182820827,0.8995501399040222,0.9025,0
2024-06-21,1,3,0.7884223086555656,0.8867635130882263,0.925,0
2024-06-22,0,3,0.9602602959616506,0.8871514797210693,0.9225,0
2024-06-23,0,3,1.024427310962878,1.1027262210845947,0.1875,0
2024-06-24,0,3,1.195491628687297,1.1420506238937378,0.11,0
2024-06-25,0,3,1.215906713930801,1.1590005159378052,0.06,0
2024-06-26,0,3,1.2258309674396182,1.1463215351104736,0.1025,0
2024-06-27,0,3,1.073965935073988,1.1403117179870605,0.11,0
2024-06-28,0,3,1.2305126825999335,1.151039481163025,0.0875,0
2024-06-29,0,3,1.097148681317217,1.1558860540390015,0.0725,0
2024-06-30,0,3,1.0619410379298095,1.1001646518707275,0.195,0
2024-07-08,0,4,1.116457631384267,0.9856230616569519,0.5112016293279023,0
2024-07-09,0,4,1.0101891778297445,0.9681822061538696,0.5845213849287169,0
2024-07-10,0,4,1.0863941086454256,0.9878727793693542,0.4989816700610998,0
2024-07-11,0,4,0.9965360490189162,0.9530500769615173,0.6883910386965377,0
2024-07-12,0,4,0.9539304823475042,0.9616796970367432,0.6435845213849287,0
2024-07-13,0,4,0.950638118953398,0.9579307436943054,0.6578411405295316,0
2024-07-14,1,4,0.8397214790590249,0.8696974515914917,0.9042769857433809,0
2024-07-15,1,4,0.7334528107337351,0.8754765391349792,0.8981670061099797,0
2024-07-16,0,4,0.8883891721870719,0.9203894138336182,0.8024439918533605,0
2024-07-17,1,4,0.8437789187234767,0.9059979319572449,0.8533604887983707,0
2024-07-18,1,4,0.8472455707817422,0.926919162273407,0.7820773930753564,0
2024-07-19,0,4,0.910717151006186,0.8907581567764282,0.8757637474541752,0
2024-07-20,0,4,0.925370339191337,0.8968520760536194,0.8635437881873728,0
2024-07-21,0,4,0.9397654980095967,1.06884765625,0.2505091649694501,0
2024-07-22,0,4,1.104105804698513,1.0882010459899902,0.2219959266802444,0
2024-07-23,0,4,1.121178664383199,1.0887657403945923,0.219959266802444,0
2024-07-24,0,4,1.2550419907953434,1.153937578201294,0.0835030549898167,0
2024-07-25,0,4,1.3558074600098629,1.1537449359893799,0.0835030549898167,0
2024-07-26,0,4,1.2959917929379574,1.1180553436279297,0.1425661914460285,0
2024-07-27,0,4,1.2389659237927133,1.1532741785049438,0.0835030549898167,0
2024-07-28,0,4,1.4091135047749308,1.1590231657028198,0.07128309572301425,0
2024-07-29,0,4,1.3050678458824962,1.156212329864502,0.07535641547861507,0
2024-07-30,0,4,1.3048241644198404,1.161580204963684,0.06109979633401222,0
2024-07-31,0,4,1.2597264680283011,1.124765396118164,0.12830957230142567,0
2024-08-01,0,4,1.121700455984094,1.0284903049468994,0.3543788187372709,0
2024-08-02,0,4,1.0415576174661785,1.0468252897262573,0.3034623217922607,0
2024-08-03,0,4,1.0714138034837262,1.051119327545166,0.29327902240325865,0
2024-08-04,0,4,0.9254800342702844,0.9076108932495117,0.8533604887983707,0
2024-08-05,0,4,0.9988541841260816,0.9218811988830566,0.8004073319755601,0
2024-08-06,0,4,0.9756751014725488,0.9391648173332214,0.7413441955193483,0
2024-08-07,0,4,0.950823057621353,0.8993598222732544,0.8594704684317719,0
2024-08-08,0,4,0.903694941501862,0.9145724773406982,0.8228105906313645,0
2024-08-09,0,4,0.9996673408605188,0.9323689937591553,0.7637474541751528,0
2024-08-10,0,4,1.0858174208180866,0.9429981112480164,0.725050916496945,0
2024-08-11,0,4,1.044348391022553,1.0059813261032104,0.42362525458248473,0
2024-08-12,0,4,0.932182289361824,0.9774065613746643,0.5376782077393075,0
2024-08-13,0,4,0.9069610610786007,0.9481968283653259,0.7087576374745418,0
2024-08-14,1,4,0.8265701897589802,0.9849835634231567,0.5112016293279023,0
2024-08-15,0,4,0.9676451248182724,0.9764384031295776,0.539714867617108,0
2024-08-16,0,4,0.9250031917066456,0.9689478874206543,0.5784114052953157,0
2024-08-17,0,4,0.8864973567568095,0.9492794275283813,0.6985743380855397,0
2024-08-18,0,4,0.9752006344141928,0.8299968838691711,0.9490835030549898,0
2024-08-19,0,4,0.9430349725449813,0.8400240540504456,0.9409368635437881,0
2023-07-08,0,0,0.9241726794350844,0.9480114524431108,0.888,1
2023-07-09,0,0,0.9743232874576132,1.0119545957425962,0.384,1
2023-07-10,0,0,0.9966145169869692,1.0119545957425962,0.384,1
2023-07-11,0,0,0.9517191542034068,1.0119545957425962,0.384,1
2023-07-12,0,0,0.948542157152549,1.0119545957425962,0.384,1
2023-07-13,1,0,0.8136032158541315,1.0119545957425962,0.384,1
2023-07-14,1,0,0.8379735483359313,1.0119545957425962,0.384,1
2023-07-15,0,0,0.8701002940440485,1.0119545957425962,0.384,1
2023-07-16,0,0,0.9114132510669704,1.0119545957425962,0.384,1
2023-07-17,0,0,0.8908737944136609,1.0119545957425962,0.384,1
2023-07-18,0,0,0.9255322693960212,1.0119545957425962,0.384,1
2023-07-19,0,0,0.967263115722151,1.0119545957425962,0.384,1
2023-07-20,0,0,1.0407271001586968,1.0119545957425962,0.384,1
2023-07-21,0,0,1.0879196255666288,1.0119545957425962,0.384,1
2023-07-22,0,0,1.0747706880007073,1.0119545957425962,0.384,1
2023-07-23,0,0,1.082245562916266,1.0456606101134351,0.112,1
2023-07-24,0,0,1.1801619598634046,1.0456606101134351,0.112,1
2023-07-25,0,0,1.1393366031481695,1.0456606101134351,0.112,1
2023-07-26,0,0,1.0470649557621556,1.0456606101134351,0.112,1
2023-07-27,0,0,1.0524089049987362,1.0456606101134351,0.112,1
2023-07-28,0,0,1.0961332324625743,1.0456606101134351,0.112,1
2023-07-29,0,0,1.1475046354373504,1.0456606101134351,0.112,1
2023-07-30,0,0,1.1030104289707232,1.041936196350175,0.224,1
2023-07-31,0,0,0.9802661574733532,1.041936196350175,0.224,1
2023-08-01,0,0,0.9276591914865956,1.041936196350175,0.224,1
2023-08-02,0,0,0.9856192869568604,1.041936196350175,0.224,1
2023-08-03,0,0,0.9849464199753928,1.041936196350175,0.224,1
2023-08-04,0,0,1.0288017106784253,1.041936196350175,0.224,1
2023-08-05,0,0,1.0494101563413691,1.041936196350175,0.224,1
2023-08-06,0,0,0.925332606177236,1.0106229838196732,0.384,1
2023-08-07,0,0,1.0600347894644628,1.0106229838196732,0.384,1
2023-08-08,0,0,1.2032070808322328,1.0106229838196732,0.384,1
2023-08-09,0,0,1.1361856872066751,1.0106229838196732,0.384,1
2023-08-10,0,0,1.2169384711338458,1.0106229838196732,0.384,1
2023-08-11,0,0,1.124374488467241,1.0106229838196732,0.384,1
2023-08-12,0,0,1.0302234899243532,1.0106229838196732,0.384,1
2023-08-13,0,0,1.1364735275600777,1.0281279914040495,0.28,1
2023-08-14,0,0,1.0140690876726717,1.0281279914040495,0.28,1
2023-08-15,0,0,0.9598834391613684,1.0281279914040495,0.28,1
2023-08-16,0,0,0.96344523411635,1.0281279914040495,0.28,1
2023-08-17,0,0,0.8619772162480696,1.0281279914040495,0.28,1
2023-08-18,1,0,0.84340585697894,1.0281279914040495,0.28,1
2023-08-19,0,0,0.9361598228925094,1.0281279914040495,0.28,1
2023-08-20,0,0,0.9812706645380184,1.0108859495388305,0.384,1
2023-08-21,0,0,0.9880650175388538,1.0108859495388305,0.384,1
2023-08-22,0,0,0.9501391402718308,1.0108859495388305,0.384,1
2023-08-23,0,0,1.0115737235821658,1.0108859495388305,0.384,1
2023-08-24,0,0,0.9999262702998436,1.0108859495388305,0.384,1
2023-08-25,0,0,1.24194058981351,1.0108859495388305,0.384,1
2023-08-26,0,0,1.1524945548408054,1.0108859495388305,0.384,1
2023-08-27,0,0,1.0562711289247646,0.9772034188197254,0.608,1
2023-08-28,0,0,1.1258216617159271,0.9772034188197254,0.608,1
2023-08-29,0,0,1.127791985065815,0.9772034188197254,0.608,1
2023-08-30,0,0,1.0730811539867262,0.9772034188197254,0.608,1
2023-08-31,0,0,1.1374657637612942,0.9772034188197254,0.608,1
2023-09-01,0,0,0.9176351523297184,0.9772034188197254,0.608,1
2023-09-02,0,0,0.9210003824336146,0.9772034188197254,0.608,1
2023-09-03,0,0,0.9421400380007852,0.9588748606100056,0.776,1
2023-09-04,0,0,0.9211686908188832,0.9588748606100056,0.776,1
2023-09-05,1,0,0.8469144869908538,0.9588748606100056,0.776,1
2023-09-06,1,0,0.8378144001188419,0.9588748606100056,0.776,1
2023-09-07,1,0,0.8332308808794763,0.9588748606100056,0.776,1
2023-09-08,1,0,0.7903801903571291,0.9588748606100056,0.776,1
2023-09-09,0,0,0.9215862638123296,0.9588748606100056,0.776,1
2023-09-10,0,0,0.9192039742345504,1.0167589741686884,0.384,1
2023-09-11,0,0,0.8882584499143324,1.0167589741686884,0.384,1
2023-09-12,0,0,0.9893752333510308,1.0167589741686884,0.384,1
2023-09-13,0,0,1.0276905021746976,1.0167589741686884,0.384,1
2023-09-14,0,0,1.05764422804859,1.0167589741686884,0.384,1
2023-09-15,0,0,1.037244258278199,1.0167589741686884,0.384,1
2023-09-16,0,0,0.9111351623678404,1.0167589741686884,0.384,1
2023-09-17,0,0,0.9168705447222036,1.0108859495388305,0.384,1
2023-09-18,0,0,0.9480631642651184,1.0108859495388305,0.384,1
2023-09-19,0,0,1.049584705904487,1.0108859495388305,0.384,1
2023-09-20,0,0,1.0582598221905524,1.0108859495388305,0.384,1
2023-09-21,0,0,1.0114472018825855,1.0108859495388305,0.384,1
2023-09-22,0,0,1.110871812182302,1.0108859495388305,0.384,1
2023-09-23,0,0,1.1541736168324266,1.0108859495388305,0.384,1
2023-09-24,0,0,1.1078020011333731,1.0408358869811931,0.224,1
2023-09-25,0,0,1.074645609849099,1.0408358869811931,0.224,1
2023-09-26,0,0,0.9539644229731924,1.0408358869811931,0.224,1
2023-09-27,0,0,1.045324049908362,1.0408358869811931,0.224,1
2023-09-28,0,0,1.058283583828204,1.0408358869811931,0.224,1
2023-09-29,0,0,0.9529449023805296,1.0408358869811931,0.224,1
2023-09-30,0,0,1.0335157970037918,1.0408358869811931,0.224,1
2023-10-08,0,1,0.943214957935384,0.9872953301489557,0.6451612903225806,1
2023-10-09,0,1,0.8954605455623991,0.9872953301489557,0.6451612903225806,1
2023-10-10,0,1,0.8714609046846392,0.9872953301489557,0.6451612903225806,1
2023-10-11,0,1,0.8537394125385595,0.9872953301489557,0.6451612903225806,1
2023-10-12,0,1,0.9158302055623126,0.9872953301489557,0.6451612903225806,1
2023-10-13,1,1,0.8235183048240129,0.9872953301489557,0.6451612903225806,1
2023-10-14,1,1,0.8417997244121631,0.9872953301489557,0.6451612903225806,1
2023-10-15,0,1,0.8686185654387014,1.0005313771898978,0.5161290322580645,1
2023-10-16,1,1,0.837630457855076,1.0005313771898978,0.5161290322580645,1
2023-10-17,1,1,0.7765728111191363,1.0005313771898978,0.5161290322580645,1
2023-10-18,0,1,0.876315761424511,1.0005313771898978,0.5161290322580645,1
2023-10-19,0,1,0.8981339369635442,1.0005313771898978,0.5161290322580645,1
2023-10-20,0,1,1.0052067391820876,1.0005313771898978,0.5161290322580645,1
2023-10-21,0,1,1.0475645261799866,1.0005313771898978,0.5161290322580645,1
2023-10-22,0,1,1.0349876751325695,1.039808088589287,0.1382488479262673,1
2023-10-23,0,1,1.0648188658578015,1.039808088589287,0.1382488479262673,1
2023-10-24,0,1,1.2288539084267107,1.054292214646475,0.059907834101382486,1
2023-10-25,0,1,1.325022505621457,1.054292214646475,0.059907834101382486,1
2023-10-26,0,1,1.3444469765965152,1.054292214646475,0.059907834101382486,1
2023-10-27,0,1,1.24809949228092,1.054292214646475,0.059907834101382486,1
2023-10-28,0,1,1.1197888843427084,1.054292214646475,0.059907834101382486,1
2023-10-29,0,1,1.0278744636215793,1.0245974713798576,0.2672811059907834,1
2023-10-30,0,1,1.092155254370859,1.0245974713798576,0.2672811059907834,1
2023-10-31,0,1,1.1015162289550902,1.0245974713798576,0.2672811059907834,1
2023-11-01,0,1,0.9616024375172428,1.0094154028757567,0.4377880184331797,1
2023-11-02,0,1,1.0211534524417607,1.0094154028757567,0.4377880184331797,1
2023-11-03,0,1,1.0185200315853409,1.0094154028757567,0.4377880184331797,1
2023-11-04,0,1,0.9938521706160228,1.0094154028757567,0.4377880184331797,1
2023-11-05,0,1,1.0661778939631648,0.9682612049170385,0.7188940092165899,1
2023-11-06,0,1,1.1620310134405805,0.9682612049170385,0.7188940092165899,1
2023-11-07,0,1,0.980518173100777,0.9682612049170385,0.7188940092165899,1
2023-11-08,0,1,0.9051698390223948,0.9682612049170385,0.7188940092165899,1
2023-11-09,1,1,0.7489778501170876,0.9682612049170385,0.7188940092165899,1
2023-11-10,1,1,0.7527771910343829,0.9682612049170385,0.7188940092165899,1
2023-11-11,0,1,0.9667089341078078,0.9682612049170385,0.7188940092165899,1
2023-11-12,0,1,0.9442364852029852,1.0190390787083186,0.3640552995391705,1
2023-11-13,1,1,0.7318274766100183,1.0190390787083186,0.3640552995391705,1
2023-11-14,1,1,0.8206581432559168,1.0190390787083186,0.3640552995391705,1
2023-11-15,0,1,1.051314083184571,1.0201555079138653,0.3317972350230415,1
2023-11-16,0,1,1.0761913404529675,1.0201555079138653,0.3317972350230415,1
2023-11-17,0,1,0.9757244500222187,1.0201555079138653,0.3317972350230415,1
2023-11-18,0,1,0.940194569771074,1.0201555079138653,0.3317972350230415,1
2023-11-19,0,1,0.8987004950888953,1.0268762676895564,0.2534562211981567,1
2023-11-20,0,1,1.089296800690815,1.0268762676895564,0.2534562211981567,1
2023-11-21,0,1,1.1345993778130965,1.0268762676895564,0.2534562211981567,1
2023-11-22,0,1,1.0464304602981034,1.0268762676895564,0.2534562211981567,1
2023-11-23,0,1,1.1378360455267436,1.0268762676895564,0.2534562211981567,1
2023-11-24,0,1,1.3841279965162,1.0411802545852793,0.08294930875576037,1
2023-11-25,0,1,1.2713157281439782,1.0411802545852793,0.08294930875576037,1
2023-11-26,0,1,1.4205242426211462,1.0382974305999975,0.1935483870967742,1
2023-11-27,0,1,1.3156964922071708,1.0382974305999975,0.1935483870967742,1
2023-11-28,0,1,1.3008009098853073,1.0382974305999975,0.1935483870967742,1
2023-11-29,0,1,1.2479916720289856,1.0371611589808487,0.1935483870967742,1
2023-11-30,0,1,1.184579900085264,1.0371611589808487,0.1935483870967742,1
2023-12-01,0,1,0.9217983024910515,1.0229123740581887,0.30414746543778803,1
2023-12-02,0,1,0.9872117622337688,1.0229123740581887,0.30414746543778803,1
2023-12-03,0,1,0.9761410830534396,0.94067273232583,0.8709677419354839,1
2023-12-04,0,1,0.9081520857619844,0.94067273232583,0.8709677419354839,1
2023-12-05,0,1,0.9381732402892374,0.94067273232583,0.8709677419354839,1
2023-12-06,0,1,0.9296518465586814,0.94067273232583,0.8709677419354839,1
2023-12-07,1,1,0.8413685597788102,0.94067273232583,0.8709677419354839,1
2023-12-08,0,1,0.991352633325197,0.94067273232583,0.8709677419354839,1
2023-12-09,0,1,0.9411554944408358,0.94067273232583,0.8709677419354839,1
2023-12-10,1,1,0.8389522108078011,0.9828864087648419,0.6774193548387096,1
2023-12-11,1,1,0.8071649857265369,0.9828864087648419,0.6774193548387096,1
2023-12-12,1,1,0.7572970023336949,0.9828864087648419,0.6774193548387096,1
2023-12-13,1,1,0.6208795880453283,0.9828864087648419,0.6774193548387096,1
2023-12-14,1,1,0.7592057772002324,0.9839632301698374,0.6774193548387096,1
2023-12-15,1,1,0.8328269225748938,0.9839632301698374,0.6774193548387096,1
2023-12-16,0,1,0.8590655807455964,0.9839632301698374,0.6774193548387096,1
2023-12-17,0,1,0.9377129218982944,1.0019361887051554,0.4930875576036866,1
2023-12-18,0,1,0.9642064200950122,1.0019361887051554,0.4930875576036866,1
2023-12-19,0,1,0.8985380992120569,1.0019361887051554,0.4930875576036866,1
2023-12-20,0,1,1.174221538340847,1.0019361887051554,0.4930875576036866,1
2023-12-21,0,1,1.219687141657661,1.0019361887051554,0.4930875576036866,1
2023-12-22,0,1,1.109109822460017,1.0019361887051554,0.4930875576036866,1
2023-12-23,0,1,1.1355025094767273,1.0019361887051554,0.4930875576036866,1
2023-12-24,0,1,1.067923542918951,1.054292214646475,0.059907834101382486,1
2023-12-25,0,1,1.0641320258226272,1.054292214646475,0.059907834101382486,1
2023-12-26,0,1,1.1724151428996483,1.054292214646475,0.059907834101382486,1
2023-12-27,0,1,1.10656776396788,1.054292214646475,0.059907834101382486,1
2023-12-28,0,1,1.0122393038967503,1.054292214646475,0.059907834101382486,1
2023-12-29,0,1,1.1349625439131328,1.054292214646475,0.059907834101382486,1
2023-12-30,0,1,1.107041700896765,1.054292214646475,0.059907834101382486,1
2023-12-31,0,1,1.0540714431461404,0.9978438875730896,0.5668202764976958,1
2024-01-08,0,2,0.9380252547156612,0.9277292859568133,0.8155339805825242,1
2024-01-09,0,2,0.8604976941696318,0.9253705695639397,0.8317152103559871,1
2024-01-10,0,2,0.8967950138147822,0.9253946870071553,0.8284789644012945,1
2024-01-11,1,2,0.81515703606474,0.9246679303937986,0.8381877022653722,1
2024-01-12,1,2,0.7697963725749237,0.9253705695639397,0.8317152103559871,1
2024-01-13,1,2,0.841357639507363,0.9263726344580381,0.8252427184466019,1
2024-01-14,1,2,0.8237505800283649,0.9505661787327857,0.7022653721682848,1
2024-01-15,1,2,0.8143008517556474,0.9498525326995142,0.7022653721682848,1
2024-01-16,0,2,0.8574681818882544,0.9498525326995142,0.7022653721682848,1
2024-01-17,1,2,0.7587486496508539,0.9480139175155866,0.7022653721682848,1
2024-01-18,1,2,0.6693137152967722,0.9481298114089839,0.7022653721682848,1
2024-01-19,1,2,0.6699104276785826,0.9798663610159436,0.5372168284789643,1
2024-01-20,0,2,0.8772632858888515,0.9903101977349124,0.48220064724919093,1
2024-01-21,0,2,0.9892903383152972,1.050792979909092,0.22006472491909385,1
2024-01-22,0,2,1.117405717166005,1.0517059892711413,0.2168284789644013,1
2024-01-23,0,2,1.1151266074232986,1.0508800343637477,0.22006472491909385,1
2024-01-24,0,2,1.075838623368072,1.1053104317510516,0.08737864077669903,1
2024-01-25,0,2,1.2754491983991014,1.1087167845869057,0.06796116504854369,1
2024-01-26,0,2,1.423986158079574,1.1053104317510516,0.08737864077669903,1
2024-01-27,0,2,1.2093563799502314,1.1044423787166375,0.08737864077669903,1
2024-01-28,0,2,1.0654453237147563,1.1126566570107908,0.05177993527508091,1
2024-01-29,0,2,0.947841005507312,1.0960453721542678,0.11326860841423948,1
2024-01-30,1,2,0.8351685356731198,1.0969068254355694,0.11003236245954692,1
2024-01-31,0,2,0.9497929613869894,1.1162656527014267,0.012944983818770227,1
2024-02-01,0,2,0.917248696829258,1.0586472957966166,0.1941747572815534,1
2024-02-02,0,2,0.8851405980336539,1.039642808022786,0.2815533980582524,1
2024-02-03,0,2,0.982826709401738,1.0415318132369233,0.2750809061488673,1
2024-02-04,0,2,1.0025264392902944,0.9065442492073087,0.9288025889967637,1
2024-02-05,0,2,0.9483480269362228,0.9062753876495665,0.9288025889967637,1
2024-02-06,0,2,1.0972617113073977,0.9084022134690357,0.912621359223301,1
2024-02-07,0,2,1.0891759604105706,0.9108645462198277,0.8932038834951457,1
2024-02-08,0,2,1.096557459323093,0.9062753876495665,0.9288025889967637,1
2024-02-09,0,2,1.1167044003098343,0.9062753876495665,0.9288025889967637,1
2024-02-10,0,2,1.0002853718765394,0.9055636463344885,0.9288025889967637,1
2024-02-11,0,2,1.0068662107279371,0.9439209456053974,0.7313915857605178,1
2024-02-12,0,2,1.068197683139049,0.9659333709581467,0.5825242718446602,1
2024-02-13,0,2,0.9193871015786248,0.9659002915968679,0.5857605177993528,1
2024-02-14,0,2,0.9666893508669268,0.9647153854439682,0.598705501618123,1
2024-02-15,0,2,0.9701647067175788,0.9653179270897789,0.5922330097087378,1
2024-02-16,0,2,0.951505866659967,0.9635540727565395,0.6051779935275081,1
2024-02-17,0,2,0.9867051638475192,0.9629150417372159,0.6084142394822006,1
2024-02-18,0,2,0.9427333113260588,1.0027853821086916,0.41423948220064727,1
2024-02-19,0,2,0.978784236975376,1.0040906254698327,0.4077669902912621,1
2024-02-20,0,2,1.2204788803729685,1.00342471589981,0.4110032362459547,1
2024-02-21,0,2,1.2578634247818792,1.005227135004431,0.4045307443365696,1
2024-02-22,0,2,1.4160461739581691,1.0026628111702904,0.41423948220064727,1
2024-02-23,0,2,1.4083895326125038,1.0019978473554931,0.41423948220064727,1
2024-02-24,0,2,1.2889078774480094,1.060621223106273,0.18446601941747573,1
2024-02-25,0,2,1.408628586196815,1.0869669598195597,0.11974110032362459,1
2024-02-26,0,2,1.5357853726649573,1.070057009538174,0.1553398058252427,1
2024-02-27,0,2,1.4255036298830266,1.0692166426987386,0.1553398058252427,1
2024-02-28,0,2,1.3472740673438566,1.0692166426987386,0.1553398058252427,1
2024-02-29,0,2,1.0804552257818711,1.0692166426987386,0.1553398058252427,1
2024-03-01,0,2,1.0254354181414247,1.014194643231918,0.34951456310679613,1
2024-03-02,0,2,1.1320172826735235,1.016037407868858,0.3333333333333333,1
2024-03-03,0,2,1.128319747911003,0.9199216156325126,0.8737864077669902,1
2024-03-04,0,2,0.9822802609177096,0.91933548127689,0.8770226537216829,1
2024-03-05,0,2,0.9670810502033153,0.9168860377727562,0.8770226537216829,1
2024-03-06,0,2,0.946135861635669,0.9180150294530659,0.8770226537216829,1
2024-03-07,0,2,0.8708436819149774,0.9170220187136995,0.8770226537216829,1
2024-03-08,0,2,0.8762602644369504,0.9176066780910184,0.8770226537216829,1
2024-03-09,1,2,0.8487925178810976,0.9176305863511603,0.8770226537216829,1
2024-03-10,1,2,0.7728795364314732,0.9055636463344885,0.9288025889967637,1
2024-03-11,1,2,0.708461282966484,0.9071222283456908,0.9288025889967637,1
2024-03-12,1,2,0.6426398373180695,0.9074196008486558,0.9288025889967637,1
2024-03-13,1,2,0.571377925482258,0.9068531953717474,0.9288025889967637,1
2024-03-14,1,2,0.6901720416567598,0.9084022134690357,0.912621359223301,1
2024-03-15,1,2,0.7549641664287521,0.9411256151830671,0.7378640776699029,1
2024-03-16,1,2,0.836506042031234,0.9074196008486558,0.9288025889967637,1
2024-03-17,0,2,0.9709646135075468,0.9802838017830182,0.5372168284789643,1
2024-03-18,0,2,0.9688339478220468,0.9924934816091003,0.459546925566343,1
2024-03-19,0,2,0.9413149393033896,0.9908188983523334,0.47249190938511326,1
2024-03-20,0,2,1.0655612632569766,0.9900750377634177,0.4886731391585761,1
2024-03-21,0,2,1.133253625646406,0.990965850540465,0.47249190938511326,1
2024-03-22,0,2,1.113040266895566,0.99010084156493,0.4886731391585761,1
2024-03-23,0,2,1.036710651553232,0.9894442102035309,0.4886731391585761,1
2024-03-24,0,2,0.9228864380293004,1.1133660458095134,0.04854368932038835,1
2024-03-25,0,2,1.1500417141558186,1.1162656527014267,0.012944983818770227,1
2024-03-26,0,2,1.298740837351826,1.1135311661802971,0.04854368932038835,1
2024-03-27,0,2,1.2996211124527302,1.1142411125337743,0.025889967637540454,1
2024-03-28,0,2,1.323402650373225,1.1142411125337743,0.025889967637540454,1
2024-03-29,0,2,1.3339767416071382,1.1135311661802971,0.04854368932038835,1
2024-03-30,0,2,1.273455247833983,1.1153889960091483,0.012944983818770227,1
2024-03-31,0,2,1.1543087116353845,1.0759850603528975,0.1553398058252427,1
2024-04-08,0,3,0.9013501692371486,0.8209597496688388,0.99,1
2024-04-09,0,3,0.9504673829573714,0.8190225055389433,0.99,1
2024-04-10,1,3,0.8243382492106264,0.8208012464722871,0.99,1
2024-04-11,1,3,0.7834501466330951,0.8106672116746284,0.995,1
2024-04-12,0,3,0.8698604395795992,0.861770055589404,0.9425,1
2024-04-13,1,3,0.7597608507551356,0.8367424781304965,0.98,1
2024-04-14,1,3,0.677212775397524,0.89043963258046,0.8975,1
2024-04-15,1,3,0.6920359386686836,0.9292237486041416,0.775,1
2024-04-16,1,3,0.6104944247335421,0.9464542368950164,0.69,1
2024-04-17,1,3,0.5682484576390117,0.9324474996787082,0.7575,1
2024-04-18,1,3,0.6743462566199577,0.9418753384490882,0.6925,1
2024-04-19,1,3,0.8021678182057587,0.9532573626024743,0.6525,1
2024-04-20,1,3,0.8338345092652095,0.9447408007322482,0.6925,1
2024-04-21,0,3,0.9500977307262902,1.0824125501258308,0.225,1
2024-04-22,0,3,0.894020763122248,1.0863381123886988,0.215,1
2024-04-23,0,3,0.991399742819852,1.081387420119802,0.225,1
2024-04-24,0,3,1.0878447526166517,1.1484617723482526,0.0325,1
2024-04-25,0,3,1.1142222845209917,1.1491436190686721,0.0325,1
2024-04-26,0,3,1.007146643273655,1.1439164662940555,0.0625,1
2024-04-27,0,3,1.1844212349409298,1.1285120108284707,0.105,1
2024-04-28,0,3,1.1006217153126756,1.132888712053969,0.1025,1
2024-04-29,0,3,1.2106187582063732,1.1380400103518018,0.085,1
2024-04-30,0,3,1.176679988504357,1.1359495553299144,0.0925,1
2024-05-01,0,3,1.169712985396964,1.0959885452199465,0.19,1
2024-05-02,0,3,1.216461054387081,1.0844641427979014,0.2225,1
2024-05-03,0,3,1.397113446052744,1.080138683783535,0.2275,1
2024-05-04,0,3,1.0699333394458723,1.063384639989288,0.265,1
2024-05-05,0,3,1.0152024835913225,0.9342034421706952,0.745,1
2024-05-06,0,3,0.9666563960052584,0.9442702077917994,0.6925,1
2024-05-07,0,3,1.0010999776265437,0.9360889754045979,0.735,1
2024-05-08,0,3,1.045751819874061,0.9466560479542306,0.69,1
2024-05-09,0,3,1.2333799656918272,0.9357458835527561,0.735,1
2024-05-10,0,3,1.0191571683896132,0.9454388777569405,0.6925,1
2024-05-11,0,3,0.9714474788616788,0.9341125095187525,0.745,1
2024-05-12,0,3,1.0535541973093132,0.9201446564966423,0.8125,1
2024-05-13,0,3,1.0240117177175188,0.9321181111313531,0.7625,1
2024-05-14,0,3,1.125954466739724,0.9643067224855525,0.6075,1
2024-05-15,0,3,1.2327625220716356,0.9619472092278574,0.6225,1
2024-05-16,0,3,0.8955376067268118,0.9323983976301355,0.7575,1
2024-05-17,1,3,0.7913953040488042,0.9063449185213881,0.8575,1
2024-05-18,0,3,0.9055523499200772,0.9602146712218664,0.63,1
2024-05-19,0,3,1.0128479078315926,0.9744931854100812,0.5675,1
2024-05-20,0,3,1.2727679133110166,0.9732246986965746,0.57,1
2024-05-21,0,3,1.1537031263145334,0.9615285645674834,0.6225,1
2024-05-22,0,3,1.046269531398886,0.9106893024994228,0.8525,1
2024-05-23,0,3,1.0562146124420275,0.9123550279896898,0.8425,1
2024-05-24,0,3,1.2380722690129595,1.0172548510886221,0.3825,1
2024-05-25,0,3,1.2213285629567612,1.0243351792899607,0.36,1
2024-05-26,0,3,1.228174786340416,1.155800729801269,0.0175,1
2024-05-27,0,3,1.0487811469475452,1.108729505958882,0.1525,1
2024-05-28,0,3,0.9800365302910446,1.1160671892647145,0.125,1
2024-05-29,0,3,0.9766676001211076,1.1065308293567233,0.16,1
2024-05-30,0,3,1.0512578208843095,1.117942935222821,0.125,1
2024-05-31,0,3,0.9961927431314136,1.1184422730659431,0.1225,1
2024-06-01,0,3,1.0782850177636043,1.0523464020311841,0.2925,1
2024-06-02,0,3,0.9920610924462848,0.9356359021089613,0.735,1
2024-06-03,0,3,0.9346561396567484,0.9451693537663622,0.6925,1
2024-06-04,0,3,0.9732410768918764,0.9425003469457636,0.6925,1
2024-06-05,0,3,1.0072004413080666,0.9458795728352639,0.69,1
2024-06-06,0,3,0.9640593675152046,0.9455155696417024,0.6925,1
2024-06-07,0,3,1.1256372778569268,0.9467854289635572,0.69,1
2024-06-08,0,3,1.1008109168047002,0.9350055151298364,0.7425,1
2024-06-09,0,3,0.989007483306001,0.9997716417135601,0.46,1
2024-06-10,0,3,0.9274834755604218,1.0020747343371499,0.4575,1
2024-06-11,0,3,1.0227093286635367,1.0061114605291228,0.435,1
2024-06-12,0,3,0.8594831565656494,1.0120665657284729,0.4075,1
2024-06-13,0,3,0.917704853697102,1.0087466601907806,0.42,1
2024-06-14,1,3,0.6795921971656652,1.0100379418223326,0.415,1
2024-06-15,1,3,0.6145184425791482,0.9878433771257595,0.52,1
2024-06-16,1,3,0.6919752734828566,0.8496191524565334,0.96,1
2024-06-17,1,3,0.7297780106527604,0.8846635200373754,0.905,1
2024-06-18,1,3,0.6735497277838808,0.8488860949921724,0.965,1
2024-06-19,1,3,0.7804324729432032,0.8877295169992424,0.8975,1
2024-06-20,1,3,0.8217039182820827,0.8887587512951358,0.8975,1
2024-06-21,1,3,0.7884223086555656,0.8599458941544507,0.9475,1
2024-06-22,0,3,0.9602602959616506,0.8655916218406691,0.935,1
2024-06-23,0,3,1.024427310962878,1.0939169274146674,0.1925,1
2024-06-24,0,3,1.195491628687297,1.1321087580903808,0.1025,1
2024-06-25,0,3,1.215906713930801,1.1471649489128453,0.0425,1
2024-06-26,0,3,1.2258309674396182,1.133725551318575,0.1025,1
2024-06-27,0,3,1.073965935073988,1.1268688588601847,0.115,1
2024-06-28,0,3,1.2305126825999335,1.1404747783106026,0.0775,1
2024-06-29,0,3,1.097148681317217,1.1430207255910876,0.0675,1
2024-06-30,0,3,1.0619410379298095,1.095587288361146,0.19,1
2024-07-08,0,4,1.116457631384267,0.9933529032324325,0.4378818737270876,1
2024-07-09,0,4,1.0101891778297445,0.9626356549829381,0.5763747454175153,1
2024-07-10,0,4,1.0863941086454256,0.994966744646168,0.4378818737270876,1
2024-07-11,0,4,0.9965360490189162,0.9555162325309288,0.6130346232179226,1
2024-07-12,0,4,0.9539304823475042,0.9550921356394825,0.6130346232179226,1
2024-07-13,0,4,0.950638118953398,0.9789072397257522,0.5030549898167006,1
2024-07-14,1,4,0.8397214790590249,0.8677058352414346,0.8920570264765784,1
2024-07-15,1,4,0.7334528107337351,0.8674798254884657,0.8920570264765784,1
2024-07-16,0,4,0.8883891721870719,0.9251902602297284,0.769857433808554,1
2024-07-17,1,4,0.8437789187234767,0.904001660188095,0.8370672097759674,1
2024-07-18,1,4,0.8472455707817422,0.9388351929435134,0.7046843177189409,1
2024-07-19,0,4,0.910717151006186,0.8925520648374617,0.8533604887983707,1
2024-07-20,0,4,0.925370339191337,0.9002606615020091,0.8411405295315683,1
2024-07-21,0,4,0.9397654980095967,1.0542173465229667,0.26272912423625255,1
2024-07-22,0,4,1.104105804698513,1.0789018393584526,0.2158859470468432,1
2024-07-23,0,4,1.121178664383199,1.0689860595540708,0.24032586558044808,1
2024-07-24,0,4,1.2550419907953434,1.143542562161374,0.07739307535641547,1
2024-07-25,0,4,1.3558074600098629,1.1469740921843377,0.07128309572301425,1
2024-07-26,0,4,1.2959917929379574,1.1016244774312411,0.15682281059063136,1
2024-07-27,0,4,1.2389659237927133,1.1445566255433013,0.07739307535641547,1
2024-07-28,0,4,1.4091135047749308,1.156436700593652,0.04276985743380855,1
2024-07-29,0,4,1.3050678458824962,1.147348383160821,0.07128309572301425,1
2024-07-30,0,4,1.3048241644198404,1.1584868615613686,0.034623217922606926,1
2024-07-31,0,4,1.2597264680283011,1.1081194822961278,0.1446028513238289,1
2024-08-01,0,4,1.121700455984094,1.0264619788089162,0.34012219959266804,1
2024-08-02,0,4,1.0415576174661785,1.0417715244541603,0.2953156822810591,1
2024-08-03,0,4,1.0714138034837262,1.0471617620869933,0.2790224032586558,1
2024-08-04,0,4,0.9254800342702844,0.9012915178153506,0.8391038696537678,1
2024-08-05,0,4,0.9988541841260816,0.923861371588262,0.7780040733197556,1
2024-08-06,0,4,0.9756751014725488,0.9308046120062137,0.745417515274949,1
2024-08-07,0,4,0.950823057621353,0.8952301918695909,0.8513238289205702,1
2024-08-08,0,4,0.903694941501862,0.9113126041044026,0.814663951120163,1
2024-08-09,0,4,0.9996673408605188,0.9362055668414897,0.7107942973523421,1
2024-08-10,0,4,1.0858174208180866,0.9355657343451926,0.714867617107943,1
2024-08-11,0,4,1.044348391022553,0.9919012621119588,0.439918533604888,1
2024-08-12,0,4,0.932182289361824,0.9610937827144487,0.5845213849287169,1
2024-08-13,0,4,0.9069610610786007,0.9323674774490504,0.7352342158859471,1
2024-08-14,1,4,0.8265701897589802,0.9589637096793442,0.594704684317719,1
2024-08-15,0,4,0.9676451248182724,0.9626593055849366,0.5763747454175153,1
2024-08-16,0,4,0.9250031917066456,0.9553856335180325,0.6130346232179226,1
2024-08-17,0,4,0.8864973567568095,0.9392479528416872,0.6985743380855397,1
2024-08-18,0,4,0.9752006344141928,0.8162311140162791,0.9470468431771895,1
2024-08-19,0,4,0.9430349725449813,0.8385702992998001,0.924643584521385,1
2023-07-08,0,0,0.9241726794350844,0.9569857120513916,0.888,2
2023-07-09,0,0,0.9743232874576132,1.024153470993042,0.384,2
2023-07-10,0,0,0.9966145169869692,1.024153470993042,0.384,2
2023-07-11,0,0,0.9517191542034068,1.024153470993042,0.384,2
2023-07-12,0,0,0.948542157152549,1.024153470993042,0.384,2
2023-07-13,1,0,0.8136032158541315,1.024153470993042,0.384,2
2023-07-14,1,0,0.8379735483359313,1.024153470993042,0.384,2
2023-07-15,0,0,0.8701002940440485,1.024153470993042,0.384,2
2023-07-16,0,0,0.9114132510669704,1.0231672525405884,0.384,2
2023-07-17,0,0,0.8908737944136609,1.0231672525405884,0.384,2
2023-07-18,0,0,0.9255322693960212,1.0231672525405884,0.384,2
2023-07-19,0,0,0.967263115722151,1.0231672525405884,0.384,2
2023-07-20,0,0,1.0407271001586968,1.0231672525405884,0.384,2
2023-07-21,0,0,1.0879196255666288,1.0231672525405884,0.384,2
2023-07-22,0,0,1.0747706880007073,1.0231672525405884,0.384,2
2023-07-23,0,0,1.082245562916266,1.063227653503418,0.168,2
2023-07-24,0,0,1.1801619598634046,1.063227653503418,0.168,2
2023-07-25,0,0,1.1393366031481695,1.063227653503418,0.168,2
2023-07-26,0,0,1.0470649557621556,1.063227653503418,0.168,2
2023-07-27,0,0,1.0524089049987362,1.063227653503418,0.168,2
2023-07-28,0,0,1.0961332324625743,1.063227653503418,0.168,2
2023-07-29,0,0,1.1475046354373504,1.063227653503418,0.168,2
2023-07-30,0,0,1.1030104289707232,1.0551950931549072,0.224,2
2023-07-31,0,0,0.9802661574733532,1.0551950931549072,0.224,2
2023-08-01,0,0,0.9276591914865956,1.0551950931549072,0.224,2
2023-08-02,0,0,0.9856192869568604,1.0551950931549072,0.224,2
2023-08-03,0,0,0.9849464199753928,1.0551950931549072,0.224,2
2023-08-04,0,0,1.0288017106784253,1.0551950931549072,0.224,2
2023-08-05,0,0,1.0494101563413691,1.0551950931549072,0.224,2
2023-08-06,0,0,0.925332606177236,1.0171988010406494,0.384,2
2023-08-07,0,0,1.0600347894644628,1.0171988010406494,0.384,2
2023-08-08,0,0,1.2032070808322328,1.0171988010406494,0.384,2
2023-08-09,0,0,1.1361856872066751,1.0171988010406494,0.384,2
2023-08-10,0,0,1.2169384711338458,1.0171988010406494,0.384,2
2023-08-11,0,0,1.124374488467241,1.0171988010406494,0.384,2
2023-08-12,0,0,1.0302234899243532,1.0171988010406494,0.384,2
2023-08-13,0,0,1.1364735275600777,1.0385042428970337,0.28,2
2023-08-14,0,0,1.0140690876726717,1.0385042428970337,0.28,2
2023-08-15,0,0,0.9598834391613684,1.0385042428970337,0.28,2
2023-08-16,0,0,0.96344523411635,1.0385042428970337,0.28,2
2023-08-17,0,0,0.8619772162480696,1.0385042428970337,0.28,2
2023-08-18,1,0,0.84340585697894,1.0385042428970337,0.28,2
2023-08-19,0,0,0.9361598228925094,1.0385042428970337,0.28,2
2023-08-20,0,0,0.9812706645380184,1.0221953392028809,0.384,2
2023-08-21,0,0,0.9880650175388538,1.0221953392028809,0.384,2
2023-08-22,0,0,0.9501391402718308,1.0221953392028809,0.384,2
2023-08-23,0,0,1.0115737235821658,1.0221953392028809,0.384,2
2023-08-24,0,0,0.9999262702998436,1.0221953392028809,0.384,2
2023-08-25,0,0,1.24194058981351,1.0221953392028809,0.384,2
2023-08-26,0,0,1.1524945548408054,1.0221953392028809,0.384,2
2023-08-27,0,0,1.0562711289247646,0.989985466003418,0.552,2
2023-08-28,0,0,1.1258216617159271,0.989985466003418,0.552,2
2023-08-29,0,0,1.127791985065815,0.989985466003418,0.552,2
2023-08-30,0,0,1.0730811539867262,0.989985466003418,0.552,2
2023-08-31,0,0,1.1374657637612942,0.989985466003418,0.552,2
2023-09-01,0,0,0.9176351523297184,0.989985466003418,0.552,2
2023-09-02,0,0,0.9210003824336146,0.989985466003418,0.552,2
2023-09-03,0,0,0.9421400380007852,0.9694966077804565,0.72,2
2023-09-04,0,0,0.9211686908188832,0.9694966077804565,0.72,2
2023-09-05,1,0,0.8469144869908538,0.9694966077804565,0.72,2
2023-09-06,1,0,0.8378144001188419,0.9694966077804565,0.72,2
2023-09-07,1,0,0.8332308808794763,0.9694966077804565,0.72,2
2023-09-08,1,0,0.7903801903571291,0.9694966077804565,0.72,2
2023-09-09,0,0,0.9215862638123296,0.9694966077804565,0.72,2
2023-09-10,0,0,0.9192039742345504,1.0271539688110352,0.384,2
2023-09-11,0,0,0.8882584499143324,1.0271539688110352,0.384,2
2023-09-12,0,0,0.9893752333510308,1.0271539688110352,0.384,2
2023-09-13,0,0,1.0276905021746976,1.0271539688110352,0.384,2
2023-09-14,0,0,1.05764422804859,1.0271539688110352,0.384,2
2023-09-15,0,0,1.037244258278199,1.0271539688110352,0.384,2
2023-09-16,0,0,0.9111351623678404,1.0271539688110352,0.384,2
2023-09-17,0,0,0.9168705447222036,1.0231672525405884,0.384,2
2023-09-18,0,0,0.9480631642651184,1.0231672525405884,0.384,2
2023-09-19,0,0,1.049584705904487,1.0231672525405884,0.384,2
2023-09-20,0,0,1.0582598221905524,1.0231672525405884,0.384,2
2023-09-21,0,0,1.0114472018825855,1.0231672525405884,0.384,2
2023-09-22,0,0,1.110871812182302,1.0231672525405884,0.384,2
2023-09-23,0,0,1.1541736168324266,1.0231672525405884,0.384,2
2023-09-24,0,0,1.1078020011333731,1.0551950931549072,0.224,2
2023-09-25,0,0,1.074645609849099,1.0551950931549072,0.224,2
2023-09-26,0,0,0.9539644229731924,1.0551950931549072,0.224,2
2023-09-27,0,0,1.045324049908362,1.0551950931549072,0.224,2
2023-09-28,0,0,1.058283583828204,1.0551950931549072,0.224,2
2023-09-29,0,0,0.9529449023805296,1.0551950931549072,0.224,2
2023-09-30,0,0,1.0335157970037918,1.0551950931549072,0.224,2
2023-10-08,0,1,0.943214957935384,0.9920088052749634,0.6774193548387096,2
2023-10-09,0,1,0.8954605455623991,0.9920088052749634,0.6774193548387096,2
2023-10-10,0,1,0.8714609046846392,0.9920088052749634,0.6774193548387096,2
2023-10-11,0,1,0.8537394125385595,0.9920088052749634,0.6774193548387096,2
2023-10-12,0,1,0.9158302055623126,0.9920088052749634,0.6774193548387096,2
2023-10-13,1,1,0.8235183048240129,0.9920088052749634,0.6774193548387096,2
2023-10-14,1,1,0.8417997244121631,0.9920088052749634,0.6774193548387096,2
2023-10-15,0,1,0.8686185654387014,1.0136888027191162,0.4055299539170507,2
2023-10-16,1,1,0.837630457855076,1.0136888027191162,0.4055299539170507,2
2023-10-17,1,1,0.7765728111191363,1.0136888027191162,0.4055299539170507,2
2023-10-18,0,1,0.876315761424511,1.0136888027191162,0.4055299539170507,2
2023-10-19,0,1,0.8981339369635442,1.0136888027191162,0.4055299539170507,2
2023-10-20,0,1,1.0052067391820876,1.0136888027191162,0.4055299539170507,2
2023-10-21,0,1,1.0475645261799866,1.0136888027191162,0.4055299539170507,2
2023-10-22,0,1,1.0349876751325695,1.0529311895370483,0.10138248847926268,2
2023-10-23,0,1,1.0648188658578015,1.0529311895370483,0.10138248847926268,2
2023-10-24,0,1,1.2288539084267107,1.0705444812774658,0.059907834101382486,2
2023-10-25,0,1,1.325022505621457,1.0705444812774658,0.059907834101382486,2
2023-10-26,0,1,1.3444469765965152,1.0705444812774658,0.059907834101382486,2
2023-10-27,0,1,1.24809949228092,1.0705444812774658,0.059907834101382486,2
2023-10-28,0,1,1.1197888843427084,1.0705444812774658,0.059907834101382486,2
2023-10-29,0,1,1.0278744636215793,1.0309646129608154,0.2626728110599078,2
2023-10-30,0,1,1.092155254370859,1.0309646129608154,0.2626728110599078,2
2023-10-31,0,1,1.1015162289550902,1.0309646129608154,0.2626728110599078,2
2023-11-01,0,1,0.9616024375172428,1.0122090578079224,0.45161290322580644,2
2023-11-02,0,1,1.0211534524417607,1.0122090578079224,0.45161290322580644,2
2023-11-03,0,1,1.0185200315853409,1.0122090578079224,0.45161290322580644,2
2023-11-04,0,1,0.9938521706160228,1.0122090578079224,0.45161290322580644,2
2023-11-05,0,1,1.0661778939631648,0.9767124056816101,0.7188940092165899,2
2023-11-06,0,1,1.1620310134405805,0.9767124056816101,0.7188940092165899,2
2023-11-07,0,1,0.980518173100777,0.9767124056816101,0.7188940092165899,2
2023-11-08,0,1,0.9051698390223948,0.9767124056816101,0.7188940092165899,2
2023-11-09,1,1,0.7489778501170876,0.9767124056816101,0.7188940092165899,2
2023-11-10,1,1,0.7527771910343829,0.9767124056816101,0.7188940092165899,2
2023-11-11,0,1,0.9667089341078078,0.9776979684829712,0.7188940092165899,2
2023-11-12,0,1,0.9442364852029852,1.0338952541351318,0.2534562211981567,2
2023-11-13,1,1,0.7318274766100183,1.0348808765411377,0.2534562211981567,2
2023-11-14,1,1,0.8206581432559168,1.0348808765411377,0.2534562211981567,2
2023-11-15,0,1,1.051314083184571,1.0360231399536133,0.2534562211981567,2
2023-11-16,0,1,1.0761913404529675,1.0350375175476074,0.2534562211981567,2
2023-11-17,0,1,0.9757244500222187,1.0350375175476074,0.2534562211981567,2
2023-11-18,0,1,0.940194569771074,1.0350375175476074,0.2534562211981567,2
2023-11-19,0,1,0.8987004950888953,1.0401954650878906,0.2304147465437788,2
2023-11-20,0,1,1.089296800690815,1.0401954650878906,0.2304147465437788,2
2023-11-21,0,1,1.1345993778130965,1.0411810874938965,0.2304147465437788,2
2023-11-22,0,1,1.0464304602981034,1.0401954650878906,0.2304147465437788,2
2023-11-23,0,1,1.1378360455267436,1.0401954650878906,0.2304147465437788,2
2023-11-24,0,1,1.3841279965162,1.057808756828308,0.08294930875576037,2
2023-11-25,0,1,1.2713157281439782,1.057808756828308,0.08294930875576037,2
2023-11-26,0,1,1.4205242426211462,1.0457547903060913,0.1935483870967742,2
2023-11-27,0,1,1.3156964922071708,1.0447691679000854,0.1935483870967742,2
2023-11-28,0,1,1.3008009098853073,1.0457547903060913,0.1935483870967742,2
2023-11-29,0,1,1.2479916720289856,1.0446125268936157,0.1935483870967742,2
2023-11-30,0,1,1.184579900085264,1.0436269044876099,0.20276497695852536,2
2023-12-01,0,1,0.9217983024910515,1.0260136127471924,0.3317972350230415,2
2023-12-02,0,1,0.9872117622337688,1.0269992351531982,0.3317972350230415,2
2023-12-03,0,1,0.9761410830534396,0.9467875957489014,0.8709677419354839,2
2023-12-04,0,1,0.9081520857619844,0.9467875957489014,0.8709677419354839,2
2023-12-05,0,1,0.9381732402892374,0.9467875957489014,0.8709677419354839,2
2023-12-06,0,1,0.9296518465586814,0.9467875957489014,0.8709677419354839,2
2023-12-07,1,1,0.8413685597788102,0.9467875957489014,0.8709677419354839,2
2023-12-08,0,1,0.991352633325197,0.9477731585502625,0.8617511520737328,2
2023-12-09,0,1,0.9411554944408358,0.9467875957489014,0.8709677419354839,2
2023-12-10,1,1,0.8389522108078011,0.9905722737312317,0.6820276497695853,2
2023-12-11,1,1,0.8071649857265369,0.9905722737312317,0.6820276497695853,2
2023-12-12,1,1,0.7572970023336949,0.9905722737312317,0.6820276497695853,2
2023-12-13,1,1,0.6208795880453283,0.9905722737312317,0.6820276497695853,2
2023-12-14,1,1,0.7592057772002324,0.9926999807357788,0.6728110599078341,2
2023-12-15,1,1,0.8328269225748938,0.9926999807357788,0.6728110599078341,2
2023-12-16,0,1,0.8590655807455964,0.9917144179344177,0.6774193548387096,2
2023-12-17,0,1,0.9377129218982944,1.0097638368606567,0.45622119815668205,2
2023-12-18,0,1,0.9642064200950122,1.0087782144546509,0.45622119815668205,2
2023-12-19,0,1,0.8985380992120569,1.0087782144546509,0.45622119815668205,2
2023-12-20,0,1,1.174221538340847,1.0097638368606567,0.45622119815668205,2
2023-12-21,0,1,1.219687141657661,1.0087782144546509,0.45622119815668205,2
2023-12-22,0,1,1.109109822460017,1.0087782144546509,0.45622119815668205,2
2023-12-23,0,1,1.1355025094767273,1.0087782144546509,0.45622119815668205,2
2023-12-24,0,1,1.067923542918951,1.0705444812774658,0.059907834101382486,2
2023-12-25,0,1,1.0641320258226272,1.0705444812774658,0.059907834101382486,2
2023-12-26,0,1,1.1724151428996483,1.0715301036834717,0.027649769585253458,2
2023-12-27,0,1,1.10656776396788,1.0705444812774658,0.059907834101382486,2
2023-12-28,0,1,1.0122393038967503,1.0705444812774658,0.059907834101382486,2
2023-12-29,0,1,1.1349625439131328,1.0705444812774658,0.059907834101382486,2
2023-12-30,0,1,1.107041700896765,1.0705444812774658,0.059907834101382486,2
2023-12-31,0,1,1.0540714431461404,1.0109866857528687,0.45161290322580644,2
2024-01-08,0,2,0.9380252547156612,0.932478129863739,0.8381877022653722,2
2024-01-09,0,2,0.8604976941696318,0.9306284189224243,0.8414239482200647,2
2024-01-10,0,2,0.8967950138147822,0.9306284189224243,0.8414239482200647,2
2024-01-11,1,2,0.81515703606474,0.9342944622039795,0.8220064724919094,2
2024-01-12,1,2,0.7697963725749237,0.9306284189224243,0.8414239482200647,2
2024-01-13,1,2,0.841357639507363,0.9350216388702393,0.8187702265372169,2
2024-01-14,1,2,0.8237505800283649,0.9696897864341736,0.598705501618123,2
2024-01-15,1,2,0.8143008517556474,0.9704169631004333,0.5889967637540453,2
2024-01-16,0,2,0.8574681818882544,0.9695433378219604,0.598705501618123,2
2024-01-17,1,2,0.7587486496508539,0.9678692817687988,0.6116504854368932,2
2024-01-18,1,2,0.6693137152967722,0.9685964584350586,0.6051779935275081,2
2024-01-19,1,2,0.6699104276785826,0.9943351745605469,0.47896440129449835,2
2024-01-20,0,2,0.8772632858888515,1.0008288621902466,0.44983818770226536,2
2024-01-21,0,2,0.9892903383152972,1.0621581077575684,0.22006472491909385,2
2024-01-22,0,2,1.117405717166005,1.0611629486083984,0.22006472491909385,2
2024-01-23,0,2,1.1151266074232986,1.060405969619751,0.22006472491909385,2
2024-01-24,0,2,1.075838623368072,1.116968035697937,0.08737864077669903,2
2024-01-25,0,2,1.2754491983991014,1.1202616691589355,0.08737864077669903,2
2024-01-26,0,2,1.423986158079574,1.116968035697937,0.08737864077669903,2
2024-01-27,0,2,1.2093563799502314,1.1162110567092896,0.09061488673139159,2
2024-01-28,0,2,1.0654453237147563,1.1301108598709106,0.042071197411003236,2
2024-01-29,0,2,0.947841005507312,1.1106200218200684,0.10679611650485436,2
2024-01-30,1,2,0.8351685356731198,1.1113770008087158,0.10355987055016182,2
2024-01-31,0,2,0.9497929613869894,1.1335220336914062,0.012944983818770227,2
2024-02-01,0,2,0.917248696829258,1.0742374658584595,0.1715210355987055,2
2024-02-02,0,2,0.8851405980336539,1.0512222051620483,0.2621359223300971,2
2024-02-03,0,2,0.982826709401738,1.0520601272583008,0.2621359223300971,2
2024-02-04,0,2,1.0025264392902944,0.9164716601371765,0.9158576051779935,2
2024-02-05,0,2,0.9483480269362228,0.9172585606575012,0.9158576051779935,2
2024-02-06,0,2,1.0972617113073977,0.9178681373596191,0.9158576051779935,2
2024-02-07,0,2,1.0891759604105706,0.9181321859359741,0.9158576051779935,2
2024-02-08,0,2,1.096557459323093,0.9163550734519958,0.919093851132686,2
2024-02-09,0,2,1.1167044003098343,0.9163550734519958,0.919093851132686,2
2024-02-10,0,2,1.0002853718765394,0.916501522064209,0.9158576051779935,2
2024-02-11,0,2,1.0068662107279371,0.9533678293228149,0.7119741100323624,2
2024-02-12,0,2,1.068197683139049,0.9830958247184753,0.5372168284789643,2
2024-02-13,0,2,0.9193871015786248,0.9808257222175598,0.5501618122977346,2
2024-02-14,0,2,0.9666893508669268,0.982456386089325,0.5372168284789643,2
2024-02-15,0,2,0.9701647067175788,0.9830958247184753,0.5372168284789643,2
2024-02-16,0,2,0.951505866659967,0.9808257222175598,0.5501618122977346,2
2024-02-17,0,2,0.9867051638475192,0.9808257222175598,0.5501618122977346,2
2024-02-18,0,2,0.9427333113260588,1.0266109704971313,0.31715210355987056,2
2024-02-19,0,2,0.978784236975376,1.0266109704971313,0.31715210355987056,2
2024-02-20,0,2,1.2204788803729685,1.0266109704971313,0.31715210355987056,2
2024-02-21,0,2,1.2578634247818792,1.0266109704971313,0.31715210355987056,2
2024-02-22,0,2,1.4160461739581691,1.024436116218567,0.3300970873786408,2
2024-02-23,0,2,1.4083895326125038,1.0216037034988403,0.3365695792880259,2
2024-02-24,0,2,1.2889078774480094,1.0911301374435425,0.13268608414239483,2
2024-02-25,0,2,1.408628586196815,1.1001609563827515,0.11974110032362459,2
2024-02-26,0,2,1.5357853726649573,1.0790655612945557,0.1553398058252427,2
2024-02-27,0,2,1.4255036298830266,1.0764923095703125,0.16828478964401294,2
2024-02-28,0,2,1.3472740673438566,1.0764923095703125,0.16828478964401294,2
2024-02-29,0,2,1.0804552257818711,1.0783085823059082,0.15857605177993528,2
2024-03-01,0,2,1.0254354181414247,1.020939826965332,0.33980582524271846,2
2024-03-02,0,2,1.1320172826735235,1.0235940217971802,0.3333333333333333,2
2024-03-03,0,2,1.128319747911003,0.9270331263542175,0.8673139158576052,2
2024-03-04,0,2,0.9822802609177096,0.9279366135597229,0.8543689320388349,2
2024-03-05,0,2,0.9670810502033153,0.9270331263542175,0.8673139158576052,2
2024-03-06,0,2,0.946135861635669,0.929567277431488,0.8543689320388349,2
2024-03-07,0,2,0.8708436819149774,0.9242705702781677,0.8770226537216829,2
2024-03-08,0,2,0.8762602644369504,0.9242705702781677,0.8770226537216829,2
2024-03-09,1,2,0.8487925178810976,0.9242705702781677,0.8770226537216829,2
2024-03-10,1,2,0.7728795364314732,0.9155980348587036,0.9288025889967637,2
2024-03-11,1,2,0.708461282966484,0.9164716601371765,0.9158576051779935,2
2024-03-12,1,2,0.6426398373180695,0.9169945120811462,0.9158576051779935,2
2024-03-13,1,2,0.571377925482258,0.9163550734519958,0.919093851132686,2
2024-03-14,1,2,0.6901720416567598,0.9178681373596191,0.9158576051779935,2
2024-03-15,1,2,0.7549641664287521,0.9445493817329407,0.7766990291262136,2
2024-03-16,1,2,0.836506042031234,0.9178979992866516,0.9158576051779935,2
2024-03-17,0,2,0.9709646135075468,0.98048996925354,0.5533980582524272,2
2024-03-18,0,2,0.9688339478220468,0.9894035458564758,0.511326860841424,2
2024-03-19,0,2,0.9413149393033896,0.9862563014030457,0.5372168284789643,2
2024-03-20,0,2,1.0655612632569766,0.9869834780693054,0.5339805825242718,2
2024-03-21,0,2,1.133253625646406,0.9870133399963379,0.5339805825242718,2
2024-03-22,0,2,1.113040266895566,0.9861098527908325,0.5372168284789643,2
2024-03-23,0,2,1.036710651553232,0.9861098527908325,0.5372168284789643,2
2024-03-24,0,2,0.9228864380293004,1.131897211074829,0.025889967637540454,2
2024-03-25,0,2,1.1500417141558186,1.1344746351242065,0.009708737864077669,2
2024-03-26,0,2,1.298740837351826,1.1318204402923584,0.038834951456310676,2
2024-03-27,0,2,1.2996211124527302,1.1326541900634766,0.025889967637540454,2
2024-03-28,0,2,1.323402650373225,1.1318204402923584,0.038834951456310676,2
2024-03-29,0,2,1.3339767416071382,1.1318204402923584,0.038834951456310676,2
2024-03-30,0,2,1.273455247833983,1.133717656135559,0.009708737864077669,2
2024-03-31,0,2,1.1543087116353845,1.0800888538360596,0.1553398058252427,2
2024-04-08,0,3,0.9013501692371486,0.8540061712265015,0.9775,2
2024-04-09,0,3,0.9504673829573714,0.8463024497032166,0.985,2
2024-04-10,1,3,0.8243382492106264,0.8532615900039673,0.9775,2
2024-04-11,1,3,0.7834501466330951,0.8361496329307556,0.995,2
2024-04-12,0,3,0.8698604395795992,0.8848845362663269,0.93,2
2024-04-13,1,3,0.7597608507551356,0.8649441599845886,0.9675,2
2024-04-14,1,3,0.677212775397524,0.9113501310348511,0.89,2
2024-04-15,1,3,0.6920359386686836,0.9314172267913818,0.7875,2
2024-04-16,1,3,0.6104944247335421,0.9527466297149658,0.675,2
2024-04-17,1,3,0.5682484576390117,0.9406373500823975,0.745,2
2024-04-18,1,3,0.6743462566199577,0.9514691829681396,0.685,2
2024-04-19,1,3,0.8021678182057587,0.9673944711685181,0.62,2
2024-04-20,1,3,0.8338345092652095,0.9518591165542603,0.68,2
2024-04-21,0,3,0.9500977307262902,1.092268943786621,0.215,2
2024-04-22,0,3,0.894020763122248,1.0925805568695068,0.215,2
2024-04-23,0,3,0.991399742819852,1.0932313203811646,0.2125,2
2024-04-24,0,3,1.0878447526166517,1.1751878261566162,0.015,2
2024-04-25,0,3,1.1142222845209917,1.1732192039489746,0.0175,2
2024-04-26,0,3,1.007146643273655,1.1676183938980103,0.0375,2
2024-04-27,0,3,1.1844212349409298,1.142174243927002,0.105,2
2024-04-28,0,3,1.1006217153126756,1.1412502527236938,0.105,2
2024-04-29,0,3,1.2106187582063732,1.1453461647033691,0.1025,2
2024-04-30,0,3,1.176679988504357,1.1544467210769653,0.0675,2
2024-05-01,0,3,1.169712985396964,1.096418857574463,0.2075,2
2024-05-02,0,3,1.216461054387081,1.0905104875564575,0.22,2
2024-05-03,0,3,1.397113446052744,1.0847723484039307,0.2375,2
2024-05-04,0,3,1.0699333394458723,1.0724657773971558,0.26,2
2024-05-05,0,3,1.0152024835913225,0.9477039575576782,0.695,2
2024-05-06,0,3,0.9666563960052584,0.9633387327194214,0.645,2
2024-05-07,0,3,1.0010999776265437,0.9498951435089111,0.6925,2
2024-05-08,0,3,1.045751819874061,0.9686367511749268,0.61,2
2024-05-09,0,3,1.2333799656918272,0.949087381362915,0.695,2
2024-05-10,0,3,1.0191571683896132,0.9600841999053955,0.66,2
2024-05-11,0,3,0.9714474788616788,0.9500042200088501,0.6925,2
2024-05-12,0,3,1.0535541973093132,0.9259435534477234,0.825,2
2024-05-13,0,3,1.0240117177175188,0.9509651064872742,0.6875,2
2024-05-14,0,3,1.125954466739724,0.9651914834976196,0.6325,2
2024-05-15,0,3,1.2327625220716356,0.9517430067062378,0.6825,2
2024-05-16,0,3,0.8955376067268118,0.9366053938865662,0.7675,2
2024-05-17,1,3,0.7913953040488042,0.9121994972229004,0.8875,2
2024-05-18,0,3,0.9055523499200772,0.9650777578353882,0.6325,2
2024-05-19,0,3,1.0128479078315926,0.992364764213562,0.52,2
2024-05-20,0,3,1.2727679133110166,0.9878937602043152,0.5375,2
2024-05-21,0,3,1.1537031263145334,0.9818568229675293,0.5625,2
2024-05-22,0,3,1.046269531398886,0.9227564334869385,0.84,2
2024-05-23,0,3,1.0562146124420275,0.9269315600395203,0.815,2
2024-05-24,0,3,1.2380722690129595,1.0429673194885254,0.3325,2
2024-05-25,0,3,1.2213285629567612,1.0556191205978394,0.3075,2
2024-05-26,0,3,1.228174786340416,1.1685816049575806,0.0325,2
2024-05-27,0,3,1.0487811469475452,1.1261696815490723,0.1325,2
2024-05-28,0,3,0.9800365302910446,1.130676031112671,0.13,2
2024-05-29,0,3,0.9766676001211076,1.1280747652053833,0.13,2
2024-05-30,0,3,1.0512578208843095,1.1338294744491577,0.1275,2
2024-05-31,0,3,0.9961927431314136,1.1417536735534668,0.105,2
2024-06-01,0,3,1.0782850177636043,1.0690830945968628,0.2725,2
2024-06-02,0,3,0.9920610924462848,0.9577149748802185,0.6625,2
2024-06-03,0,3,0.9346561396567484,0.9605012536048889,0.6575,2
2024-06-04,0,3,0.9732410768918764,0.9563272595405579,0.67,2
2024-06-05,0,3,1.0072004413080666,0.9692610502243042,0.61,2
2024-06-06,0,3,0.9640593675152046,0.9541985988616943,0.675,2
2024-06-07,0,3,1.1256372778569268,0.9622851014137268,0.65,2
2024-06-08,0,3,1.1008109168047002,0.9444599747657776,0.7125,2
2024-06-09,0,3,0.989007483306001,1.0042457580566406,0.4825,2
2024-06-10,0,3,0.9274834755604218,1.004014015197754,0.4825,2
2024-06-11,0,3,1.0227093286635367,1.0137253999710083,0.43,2
2024-06-12,0,3,0.8594831565656494,1.0224804878234863,0.3825,2
2024-06-13,0,3,0.917704853697102,1.0114340782165527,0.4375,2
2024-06-14,1,3,0.6795921971656652,1.0150234699249268,0.4275,2
2024-06-15,1,3,0.6145184425791482,0.990610659122467,0.525,2
2024-06-16,1,3,0.6919752734828566,0.8648785948753357,0.9675,2
2024-06-17,1,3,0.7297780106527604,0.9030463099479675,0.9,2
2024-06-18,1,3,0.6735497277838808,0.8683228492736816,0.9625,2
2024-06-19,1,3,0.7804324729432032,0.9001269936561584,0.9,2
2024-06-20,1,3,0.8217039182820827,0.9031594395637512,0.9,2
2024-06-21,1,3,0.7884223086555656,0.8858983516693115,0.9275,2
2024-06-22,0,3,0.9602602959616506,0.8933947086334229,0.9125,2
2024-06-23,0,3,1.024427310962878,1.0998905897140503,0.2025,2
2024-06-24,0,3,1.195491628687297,1.1526110172271729,0.07,2
2024-06-25,0,3,1.215906713930801,1.158263087272644,0.06,2
2024-06-26,0,3,1.2258309674396182,1.13992440700531,0.1075,2
2024-06-27,0,3,1.073965935073988,1.133652687072754,0.1275,2
2024-06-28,0,3,1.2305126825999335,1.14963960647583,0.0825,2
2024-06-29,0,3,1.097148681317217,1.1617313623428345,0.05,2
2024-06-30,0,3,1.0619410379298095,1.099338412284851,0.2025,2
2024-07-08,0,4,1.116457631384267,0.9886810779571533,0.4908350305498982,2
2024-07-09,0,4,1.0101891778297445,0.9665891528129578,0.5987780040733197,2
2024-07-10,0,4,1.0863941086454256,0.9838975071907043,0.5132382892057027,2
2024-07-11,0,4,0.9965360490189162,0.9578284621238708,0.6476578411405295,2
2024-07-12,0,4,0.9539304823475042,0.9666415452957153,0.5987780040733197,2
2024-07-13,0,4,0.950638118953398,0.9670480489730835,0.5967413441955194,2
2024-07-14,1,4,0.8397214790590249,0.8742629289627075,0.9022403258655805,2
2024-07-15,1,4,0.7334528107337351,0.8704352378845215,0.9103869653767821,2
2024-07-16,0,4,0.8883891721870719,0.9163135290145874,0.824847250509165,2
2024-07-17,1,4,0.8437789187234767,0.8976717591285706,0.879837067209776,2
2024-07-18,1,4,0.8472455707817422,0.9236394762992859,0.8004073319755601,2
2024-07-19,0,4,0.910717151006186,0.8828960657119751,0.890020366598778,2
2024-07-20,0,4,0.925370339191337,0.8896729946136475,0.8818737270875764,2
2024-07-21,0,4,0.9397654980095967,1.068232536315918,0.2525458248472505,2
2024-07-22,0,4,1.104105804698513,1.0877028703689575,0.2240325865580448,2
2024-07-23,0,4,1.121178664383199,1.0861215591430664,0.22606924643584522,2
2024-07-24,0,4,1.2550419907953434,1.151970386505127,0.0835030549898167,2
2024-07-25,0,4,1.3558074600098629,1.1577354669570923,0.06924643584521385,2
2024-07-26,0,4,1.2959917929379574,1.1237512826919556,0.13441955193482688,2
2024-07-27,0,4,1.2389659237927133,1.152801513671875,0.0835030549898167,2
2024-07-28,0,4,1.4091135047749308,1.158360242843628,0.06517311608961303,2
2024-07-29,0,4,1.3050678458824962,1.1482750177383423,0.09368635437881874,2
2024-07-30,0,4,1.3048241644198404,1.162047028541565,0.06109979633401222,2
2024-07-31,0,4,1.2597264680283011,1.1233599185943604,0.1384928716904277,2
2024-08-01,0,4,1.121700455984094,1.0269834995269775,0.3543788187372709,2
2024-08-02,0,4,1.0415576174661785,1.0456982851028442,0.3075356415478615,2
2024-08-03,0,4,1.0714138034837262,1.0467568635940552,0.3075356415478615,2
2024-08-04,0,4,0.9254800342702844,0.9067360758781433,0.8431771894093686,2
2024-08-05,0,4,0.9988541841260816,0.9213240146636963,0.8024439918533605,2
2024-08-06,0,4,0.9756751014725488,0.9298679828643799,0.7780040733197556,2
2024-08-07,0,4,0.950823057621353,0.8980283141136169,0.879837067209776,2
2024-08-08,0,4,0.903694941501862,0.9127814173698425,0.8289205702647657,2
2024-08-09,0,4,0.9996673408605188,0.9284865856170654,0.7780040733197556,2
2024-08-10,0,4,1.0858174208180866,0.9366227388381958,0.7556008146639511,2
2024-08-11,0,4,1.044348391022553,1.000038743019104,0.4439918533604888,2
2024-08-12,0,4,0.932182289361824,0.9754565358161926,0.5458248472505092,2
2024-08-13,0,4,0.9069610610786007,0.9437634348869324,0.7291242362525459,2
2024-08-14,1,4,0.8265701897589802,0.9750473499298096,0.5478615071283096,2
2024-08-15,0,4,0.9676451248182724,0.9713885188102722,0.5641547861507128,2
2024-08-16,0,4,0.9250031917066456,0.9639443755149841,0.6191446028513238,2
2024-08-17,0,4,0.8864973567568095,0.9495125412940979,0.7006109979633401,2
2024-08-18,0,4,0.9752006344141928,0.8233173489570618,0.9592668024439919,2
2024-08-19,0,4,0.9430349725449813,0.8307977318763733,0.9470468431771895,2
2023-07-08,0,0,0.9241726794350844,0.9482077706833928,0.888,3
2023-07-09,0,0,0.9743232874576132,1.0167587544808163,0.384,3
2023-07-10,0,0,0.9966145169869692,1.0167587544808163,0.384,3
2023-07-11,0,0,0.9517191542034068,1.0167587544808163,0.384,3
2023-07-12,0,0,0.948542157152549,1.0167587544808163,0.384,3
2023-07-13,1,0,0.8136032158541315,1.0167587544808163,0.384,3
2023-07-14,1,0,0.8379735483359313,1.0167587544808163,0.384,3
2023-07-15,0,0,0.8701002940440485,1.0167587544808163,0.384,3
2023-07-16,0,0,0.9114132510669704,1.0157737709116814,0.384,3
2023-07-17,0,0,0.8908737944136609,1.0157737709116814,0.384,3
2023-07-18,0,0,0.9255322693960212,1.0157737709116814,0.384,3
2023-07-19,0,0,0.967263115722151,1.0157737709116814,0.384,3
2023-07-20,0,0,1.0407271001586968,1.0157737709116814,0.384,3
2023-07-21,0,0,1.0879196255666288,1.0157737709116814,0.384,3
2023-07-22,0,0,1.0747706880007073,1.0157737709116814,0.384,3
2023-07-23,0,0,1.082245562916266,1.045290348809941,0.112,3
2023-07-24,0,0,1.1801619598634046,1.045290348809941,0.112,3
2023-07-25,0,0,1.1393366031481695,1.045290348809941,0.112,3
2023-07-26,0,0,1.0470649557621556,1.045290348809941,0.112,3
2023-07-27,0,0,1.0524089049987362,1.045290348809941,0.112,3
2023-07-28,0,0,1.0961332324625743,1.045290348809941,0.112,3
2023-07-29,0,0,1.1475046354373504,1.045290348809941,0.112,3
2023-07-30,0,0,1.1030104289707232,1.0417971348369817,0.224,3
2023-07-31,0,0,0.9802661574733532,1.0417971348369817,0.224,3
2023-08-01,0,0,0.9276591914865956,1.0417971348369817,0.224,3
2023-08-02,0,0,0.9856192869568604,1.0417971348369817,0.224,3
2023-08-03,0,0,0.9849464199753928,1.0417971348369817,0.224,3
2023-08-04,0,0,1.0288017106784253,1.0417971348369817,0.224,3
2023-08-05,0,0,1.0494101563413691,1.0417971348369817,0.224,3
2023-08-06,0,0,0.925332606177236,1.0109837202743115,0.384,3
2023-08-07,0,0,1.0600347894644628,1.0109837202743115,0.384,3
2023-08-08,0,0,1.2032070808322328,1.0109837202743115,0.384,3
2023-08-09,0,0,1.1361856872066751,1.0109837202743115,0.384,3
2023-08-10,0,0,1.2169384711338458,1.0109837202743115,0.384,3
2023-08-11,0,0,1.124374488467241,1.0109837202743115,0.384,3
2023-08-12,0,0,1.0302234899243532,1.0109837202743115,0.384,3
2023-08-13,0,0,1.1364735275600777,1.029894426864379,0.28,3
2023-08-14,0,0,1.0140690876726717,1.029894426864379,0.28,3
2023-08-15,0,0,0.9598834391613684,1.029894426864379,0.28,3
2023-08-16,0,0,0.96344523411635,1.029894426864379,0.28,3
2023-08-17,0,0,0.8619772162480696,1.029894426864379,0.28,3
2023-08-18,1,0,0.84340585697894,1.029894426864379,0.28,3
2023-08-19,0,0,0.9361598228925094,1.029894426864379,0.28,3
2023-08-20,0,0,0.9812706645380184,1.013696500619431,0.384,3
2023-08-21,0,0,0.9880650175388538,1.013696500619431,0.384,3
2023-08-22,0,0,0.9501391402718308,1.013696500619431,0.384,3
2023-08-23,0,0,1.0115737235821658,1.013696500619431,0.384,3
2023-08-24,0,0,0.9999262702998436,1.013696500619431,0.384,3
2023-08-25,0,0,1.24194058981351,1.013696500619431,0.384,3
2023-08-26,0,0,1.1524945548408054,1.013696500619431,0.384,3
2023-08-27,0,0,1.0562711289247646,0.9756110434879669,0.608,3
2023-08-28,0,0,1.1258216617159271,0.9756110434879669,0.608,3
2023-08-29,0,0,1.127791985065815,0.9756110434879669,0.608,3
2023-08-30,0,0,1.0730811539867262,0.9756110434879669,0.608,3
2023-08-31,0,0,1.1374657637612942,0.9756110434879669,0.608,3
2023-09-01,0,0,0.9176351523297184,0.9756110434879669,0.608,3
2023-09-02,0,0,0.9210003824336146,0.9756110434879669,0.608,3
2023-09-03,0,0,0.9421400380007852,0.9607120997684161,0.72,3
2023-09-04,0,0,0.9211686908188832,0.9607120997684161,0.72,3
2023-09-05,1,0,0.8469144869908538,0.9607120997684161,0.72,3
2023-09-06,1,0,0.8378144001188419,0.9607120997684161,0.72,3
2023-09-07,1,0,0.8332308808794763,0.9607120997684161,0.72,3
2023-09-08,1,0,0.7903801903571291,0.9607120997684161,0.72,3
2023-09-09,0,0,0.9215862638123296,0.9607120997684161,0.72,3
2023-09-10,0,0,0.9192039742345504,1.0200678826209717,0.384,3
2023-09-11,0,0,0.8882584499143324,1.0200678826209717,0.384,3
2023-09-12,0,0,0.9893752333510308,1.0200678826209717,0.384,3
2023-09-13,0,0,1.0276905021746976,1.0200678826209717,0.384,3
2023-09-14,0,0,1.05764422804859,1.0200678826209717,0.384,3
2023-09-15,0,0,1.037244258278199,1.0200678826209717,0.384,3
2023-09-16,0,0,0.9111351623678404,1.0200678826209717,0.384,3
2023-09-17,0,0,0.9168705447222036,1.014709803697111,0.384,3
2023-09-18,0,0,0.9480631642651184,1.014709803697111,0.384,3
2023-09-19,0,0,1.049584705904487,1.014709803697111,0.384,3
2023-09-20,0,0,1.0582598221905524,1.014709803697111,0.384,3
2023-09-21,0,0,1.0114472018825855,1.014709803697111,0.384,3
2023-09-22,0,0,1.110871812182302,1.014709803697111,0.384,3
2023-09-23,0,0,1.1541736168324266,1.014709803697111,0.384,3
2023-09-24,0,0,1.1078020011333731,1.0407059086092887,0.224,3
2023-09-25,0,0,1.074645609849099,1.0407059086092887,0.224,3
2023-09-26,0,0,0.9539644229731924,1.0407059086092887,0.224,3
2023-09-27,0,0,1.045324049908362,1.0407059086092887,0.224,3
2023-09-28,0,0,1.058283583828204,1.0407059086092887,0.224,3
2023-09-29,0,0,0.9529449023805296,1.0407059086092887,0.224,3
2023-09-30,0,0,1.0335157970037918,1.0407059086092887,0.224,3
2023-10-08,0,1,0.943214957935384,0.9905044813913815,0.6405529953917051,3
2023-10-09,0,1,0.8954605455623991,0.9905044813913815,0.6405529953917051,3
2023-10-10,0,1,0.8714609046846392,0.9905044813913815,0.6405529953917051,3
2023-10-11,0,1,0.8537394125385595,0.9905044813913815,0.6405529953917051,3
2023-10-12,0,1,0.9158302055623126,0.9905044813913815,0.6405529953917051,3
2023-10-13,1,1,0.8235183048240129,0.9905044813913815,0.6405529953917051,3
2023-10-14,1,1,0.8417997244121631,0.9905044813913815,0.6405529953917051,3
2023-10-15,0,1,0.8686185654387014,1.0028494601782083,0.4838709677419355,3
2023-10-16,1,1,0.837630457855076,1.0028494601782083,0.4838709677419355,3
2023-10-17,1,1,0.7765728111191363,1.0028494601782083,0.4838709677419355,3
2023-10-18,0,1,0.876315761424511,1.0028494601782083,0.4838709677419355,3
2023-10-19,0,1,0.8981339369635442,1.0028494601782083,0.4838709677419355,3
2023-10-20,0,1,1.0052067391820876,1.0028494601782083,0.4838709677419355,3
2023-10-21,0,1,1.0475645261799866,1.0028494601782083,0.4838709677419355,3
2023-10-22,0,1,1.0349876751325695,1.04109863832755,0.1152073732718894,3
2023-10-23,0,1,1.0648188658578015,1.04109863832755,0.1152073732718894,3
2023-10-24,0,1,1.2288539084267107,1.0547854764217375,0.06451612903225806,3
2023-10-25,0,1,1.325022505621457,1.0547854764217375,0.06451612903225806,3
2023-10-26,0,1,1.3444469765965152,1.0547854764217375,0.06451612903225806,3
2023-10-27,0,1,1.24809949228092,1.0547854764217375,0.06451612903225806,3
2023-10-28,0,1,1.1197888843427084,1.0547854764217375,0.06451612903225806,3
2023-10-29,0,1,1.0278744636215793,1.0220514772908955,0.3271889400921659,3
2023-10-30,0,1,1.092155254370859,1.0220514772908955,0.3271889400921659,3
2023-10-31,0,1,1.1015162289550902,1.0220514772908955,0.3271889400921659,3
2023-11-01,0,1,0.9616024375172428,1.0087893993988275,0.45161290322580644,3
2023-11-02,0,1,1.0211534524417607,1.0087893993988275,0.45161290322580644,3
2023-11-03,0,1,1.0185200315853409,1.0087893993988275,0.45161290322580644,3
2023-11-04,0,1,0.9938521706160228,1.0087893993988275,0.45161290322580644,3
2023-11-05,0,1,1.0661778939631648,0.9726184337126492,0.6866359447004609,3
2023-11-06,0,1,1.1620310134405805,0.9726184337126492,0.6866359447004609,3
2023-11-07,0,1,0.980518173100777,0.9726184337126492,0.6866359447004609,3
2023-11-08,0,1,0.9051698390223948,0.9726184337126492,0.6866359447004609,3
2023-11-09,1,1,0.7489778501170876,0.9726184337126492,0.6866359447004609,3
2023-11-10,1,1,0.7527771910343829,0.9726184337126492,0.6866359447004609,3
2023-11-11,0,1,0.9667089341078078,0.9726184337126492,0.6866359447004609,3
2023-11-12,0,1,0.9442364852029852,1.0210121946100907,0.3271889400921659,3
2023-11-13,1,1,0.7318274766100183,1.0210121946100907,0.3271889400921659,3
2023-11-14,1,1,0.8206581432559168,1.0210121946100907,0.3271889400921659,3
2023-11-15,0,1,1.051314083184571,1.0210121946100907,0.3271889400921659,3
2023-11-16,0,1,1.0761913404529675,1.0210121946100907,0.3271889400921659,3
2023-11-17,0,1,0.9757244500222187,1.0210121946100907,0.3271889400921659,3
2023-11-18,0,1,0.940194569771074,1.0210121946100907,0.3271889400921659,3
2023-11-19,0,1,0.8987004950888953,1.028173535837376,0.2534562211981567,3
2023-11-20,0,1,1.089296800690815,1.028173535837376,0.2534562211981567,3
2023-11-21,0,1,1.1345993778130965,1.028173535837376,0.2534562211981567,3
2023-11-22,0,1,1.0464304602981034,1.028173535837376,0.2534562211981567,3
2023-11-23,0,1,1.1378360455267436,1.028173535837376,0.2534562211981567,3
2023-11-24,0,1,1.3841279965162,1.041690447818176,0.08294930875576037,3
2023-11-25,0,1,1.2713157281439782,1.041690447818176,0.08294930875576037,3
2023-11-26,0,1,1.4205242426211462,1.0365025332932103,0.1935483870967742,3
2023-11-27,0,1,1.3156964922071708,1.0365025332932103,0.1935483870967742,3
2023-11-28,0,1,1.3008009098853073,1.0365025332932103,0.1935483870967742,3
2023-11-29,0,1,1.2479916720289856,1.0365025332932103,0.1935483870967742,3
2023-11-30,0,1,1.184579900085264,1.0365025332932103,0.1935483870967742,3
2023-12-01,0,1,0.9217983024910515,1.0230529489041063,0.2903225806451613,3
2023-12-02,0,1,0.9872117622337688,1.0230529489041063,0.2903225806451613,3
2023-12-03,0,1,0.9761410830534396,0.9403251055161509,0.8709677419354839,3
2023-12-04,0,1,0.9081520857619844,0.9403251055161509,0.8709677419354839,3
2023-12-05,0,1,0.9381732402892374,0.9403251055161509,0.8709677419354839,3
2023-12-06,0,1,0.9296518465586814,0.9403251055161509,0.8709677419354839,3
2023-12-07,1,1,0.8413685597788102,0.9403251055161509,0.8709677419354839,3
2023-12-08,0,1,0.991352633325197,0.9403251055161509,0.8709677419354839,3
2023-12-09,0,1,0.9411554944408358,0.9403251055161509,0.8709677419354839,3
2023-12-10,1,1,0.8389522108078011,0.9848005051853024,0.6728110599078341,3
2023-12-11,1,1,0.8071649857265369,0.9848005051853024,0.6728110599078341,3
2023-12-12,1,1,0.7572970023336949,0.9848005051853024,0.6728110599078341,3
2023-12-13,1,1,0.6208795880453283,0.9848005051853024,0.6728110599078341,3
2023-12-14,1,1,0.7592057772002324,0.9848005051853024,0.6728110599078341,3
2023-12-15,1,1,0.8328269225748938,0.9848005051853024,0.6728110599078341,3
2023-12-16,0,1,0.8590655807455964,0.9848005051853024,0.6728110599078341,3
2023-12-17,0,1,0.9377129218982944,1.005879830552721,0.45622119815668205,3
2023-12-18,0,1,0.9642064200950122,1.005879830552721,0.45622119815668205,3
2023-12-19,0,1,0.8985380992120569,1.005879830552721,0.45622119815668205,3
2023-12-20,0,1,1.174221538340847,1.005879830552721,0.45622119815668205,3
2023-12-21,0,1,1.219687141657661,1.005879830552721,0.45622119815668205,3
2023-12-22,0,1,1.109109822460017,1.005879830552721,0.45622119815668205,3
2023-12-23,0,1,1.1355025094767273,1.005879830552721,0.45622119815668205,3
2023-12-24,0,1,1.067923542918951,1.0537773646825486,0.07834101382488479,3
2023-12-25,0,1,1.0641320258226272,1.0537773646825486,0.07834101382488479,3
2023-12-26,0,1,1.1724151428996483,1.0537773646825486,0.07834101382488479,3
2023-12-27,0,1,1.10656776396788,1.0537773646825486,0.07834101382488479,3
2023-12-28,0,1,1.0122393038967503,1.0537773646825486,0.07834101382488479,3
2023-12-29,0,1,1.1349625439131328,1.0537773646825486,0.07834101382488479,3
2023-12-30,0,1,1.107041700896765,1.0537773646825486,0.07834101382488479,3
2023-12-31,0,1,1.0540714431461404,0.9989998162971434,0.5161290322580645,3
2024-01-08,0,2,0.9380252547156612,0.9256650894628518,0.8414239482200647,3
2024-01-09,0,2,0.8604976941696318,0.9205193919744296,0.8511326860841424,3
2024-01-10,0,2,0.8967950138147822,0.9205193919744296,0.8511326860841424,3
2024-01-11,1,2,0.81515703606474,0.9305968130175735,0.8025889967637541,3
2024-01-12,1,2,0.7697963725749237,0.9205193919744296,0.8511326860841424,3
2024-01-13,1,2,0.841357639507363,0.9304551726673728,0.8058252427184466,3
2024-01-14,1,2,0.8237505800283649,0.9539576706203672,0.6828478964401294,3
2024-01-15,1,2,0.8143008517556474,0.9539170909923549,0.6828478964401294,3
2024-01-16,0,2,0.8574681818882544,0.9538418425438868,0.6828478964401294,3
2024-01-17,1,2,0.7587486496508539,0.95315009163391,0.6893203883495146,3
2024-01-18,1,2,0.6693137152967722,0.9522491889924359,0.6957928802588996,3
2024-01-19,1,2,0.6699104276785826,0.9853306731149768,0.517799352750809,3
2024-01-20,0,2,0.8772632858888515,0.9900581223643852,0.47572815533980584,3
2024-01-21,0,2,0.9892903383152972,1.054278853224553,0.22006472491909385,3
2024-01-22,0,2,1.117405717166005,1.0542979096014666,0.22006472491909385,3
2024-01-23,0,2,1.1151266074232986,1.0543357327383134,0.22006472491909385,3
2024-01-24,0,2,1.075838623368072,1.1059182333633186,0.08737864077669903,3
2024-01-25,0,2,1.2754491983991014,1.1075501122761744,0.08737864077669903,3
2024-01-26,0,2,1.423986158079574,1.1068301213224543,0.08737864077669903,3
2024-01-27,0,2,1.2093563799502314,1.10701113914492,0.08737864077669903,3
2024-01-28,0,2,1.0654453237147563,1.1136877561601695,0.045307443365695796,3
2024-01-29,0,2,0.947841005507312,1.094706545937815,0.10679611650485436,3
2024-01-30,1,2,0.8351685356731198,1.095569877329444,0.10679611650485436,3
2024-01-31,0,2,0.9497929613869894,1.1155103994139808,0.032362459546925564,3
2024-02-01,0,2,0.917248696829258,1.0625635970240335,0.17475728155339806,3
2024-02-02,0,2,0.8851405980336539,1.041836221088548,0.27184466019417475,3
2024-02-03,0,2,0.982826709401738,1.0366463718244414,0.2977346278317152,3
2024-02-04,0,2,1.0025264392902944,0.8999808896816051,0.9514563106796117,3
2024-02-05,0,2,0.9483480269362228,0.9039560092250543,0.919093851132686,3
2024-02-06,0,2,1.0972617113073977,0.9028714031967621,0.9288025889967637,3
2024-02-07,0,2,1.0891759604105706,0.9051420585673665,0.9093851132686084,3
2024-02-08,0,2,1.096557459323093,0.9014904557954568,0.948220064724919,3
2024-02-09,0,2,1.1167044003098343,0.9022337822612981,0.948220064724919,3
2024-02-10,0,2,1.0002853718765394,0.9016988162163333,0.948220064724919,3
2024-02-11,0,2,1.0068662107279371,0.9388019888957543,0.7669902912621359,3
2024-02-12,0,2,1.068197683139049,0.9644445625650292,0.6051779935275081,3
2024-02-13,0,2,0.9193871015786248,0.9634120208493792,0.6116504854368932,3
2024-02-14,0,2,0.9666893508669268,0.9629694422225815,0.6148867313915858,3
2024-02-15,0,2,0.9701647067175788,0.9653306896958127,0.5857605177993528,3
2024-02-16,0,2,0.951505866659967,0.9613569281584462,0.6310679611650486,3
2024-02-17,0,2,0.9867051638475192,0.9623161293804041,0.6213592233009708,3
2024-02-18,0,2,0.9427333113260588,1.0130093482274733,0.3333333333333333,3
2024-02-19,0,2,0.978784236975376,1.0119996122198405,0.343042071197411,3
2024-02-20,0,2,1.2204788803729685,1.0129139522209982,0.3333333333333333,3
2024-02-21,0,2,1.2578634247818792,1.0138446222413344,0.3300970873786408,3
2024-02-22,0,2,1.4160461739581691,1.0130456920163189,0.3333333333333333,3
2024-02-23,0,2,1.4083895326125038,1.0096710583050759,0.36245954692556637,3
2024-02-24,0,2,1.2889078774480094,1.0741038453685434,0.1553398058252427,3
2024-02-25,0,2,1.408628586196815,1.0919119798481765,0.11003236245954692,3
2024-02-26,0,2,1.5357853726649573,1.0724131031563753,0.1553398058252427,3
2024-02-27,0,2,1.4255036298830266,1.0643823031855637,0.16828478964401294,3
2024-02-28,0,2,1.3472740673438566,1.063505394780861,0.1715210355987055,3
2024-02-29,0,2,1.0804552257818711,1.070617331188707,0.1553398058252427,3
2024-03-01,0,2,1.0254354181414247,1.0189750176722232,0.3268608414239482,3
2024-03-02,0,2,1.1320172826735235,1.0198383683860508,0.3268608414239482,3
2024-03-03,0,2,1.128319747911003,0.9237313276033091,0.8478964401294499,3
2024-03-04,0,2,0.9822802609177096,0.9254945832135675,0.8414239482200647,3
2024-03-05,0,2,0.9670810502033153,0.9217608793852459,0.8478964401294499,3
2024-03-06,0,2,0.946135861635669,0.9250694233516569,0.8414239482200647,3
2024-03-07,0,2,0.8708436819149774,0.9142728284688384,0.883495145631068,3
2024-03-08,0,2,0.8762602644369504,0.9142728284688384,0.883495145631068,3
2024-03-09,1,2,0.8487925178810976,0.9150266946756644,0.8770226537216829,3
2024-03-10,1,2,0.7728795364314732,0.8999808896816051,0.9514563106796117,3
2024-03-11,1,2,0.708461282966484,0.8999808896816051,0.9514563106796117,3
2024-03-12,1,2,0.6426398373180695,0.9028001881441291,0.9288025889967637,3
2024-03-13,1,2,0.571377925482258,0.9014904557954568,0.948220064724919,3
2024-03-14,1,2,0.6901720416567598,0.9028714031967621,0.9288025889967637,3
2024-03-15,1,2,0.7549641664287521,0.9360540342808835,0.7734627831715211,3
2024-03-16,1,2,0.836506042031234,0.9037782833900487,0.919093851132686,3
2024-03-17,0,2,0.9709646135075468,0.9788495467693676,0.5436893203883495,3
2024-03-18,0,2,0.9688339478220468,0.9853642921882183,0.517799352750809,3
2024-03-19,0,2,0.9413149393033896,0.9830813353781235,0.5275080906148867,3
2024-03-20,0,2,1.0655612632569766,0.9839124453035536,0.5275080906148867,3
2024-03-21,0,2,1.133253625646406,0.9847302930559263,0.5242718446601942,3
2024-03-22,0,2,1.113040266895566,0.9830242826327992,0.5275080906148867,3
2024-03-23,0,2,1.036710651553232,0.9838348325450131,0.5275080906148867,3
2024-03-24,0,2,0.9228864380293004,1.1157288557639393,0.025889967637540454,3
2024-03-25,0,2,1.1500417141558186,1.1175548394481385,0.009708737864077669,3
2024-03-26,0,2,1.298740837351826,1.117529469096586,0.016181229773462782,3
2024-03-27,0,2,1.2996211124527302,1.1155464124254844,0.032362459546925564,3
2024-03-28,0,2,1.323402650373225,1.117529469096586,0.016181229773462782,3
2024-03-29,0,2,1.3339767416071382,1.116608766228805,0.019417475728155338,3
2024-03-30,0,2,1.273455247833983,1.1166741834582947,0.019417475728155338,3
2024-03-31,0,2,1.1543087116353845,1.0760667136770694,0.1553398058252427,3
2024-04-08,0,3,0.9013501692371486,0.8308474810898921,0.985,3
2024-04-09,0,3,0.9504673829573714,0.8274139297963721,0.985,3
2024-04-10,1,3,0.8243382492106264,0.8243716893916928,0.99,3
2024-04-11,1,3,0.7834501466330951,0.8139357138510991,0.995,3
2024-04-12,0,3,0.8698604395795992,0.8637210548928882,0.9375,3
2024-04-13,1,3,0.7597608507551356,0.8410945803555916,0.9775,3
2024-04-14,1,3,0.677212775397524,0.8946098981893404,0.8875,3
2024-04-15,1,3,0.6920359386686836,0.9252892726251142,0.785,3
2024-04-16,1,3,0.6104944247335421,0.9416882629793986,0.6975,3
2024-04-17,1,3,0.5682484576390117,0.9298419101500349,0.7675,3
2024-04-18,1,3,0.6743462566199577,0.9389969002202089,0.715,3
2024-04-19,1,3,0.8021678182057587,0.9489529899005215,0.6775,3
2024-04-20,1,3,0.8338345092652095,0.9429572395904415,0.6925,3
2024-04-21,0,3,0.9500977307262902,1.075712149927363,0.2325,3
2024-04-22,0,3,0.894020763122248,1.075171214929193,0.2325,3
2024-04-23,0,3,0.991399742819852,1.0765419411076342,0.2325,3
2024-04-24,0,3,1.0878447526166517,1.1492962344962323,0.0375,3
2024-04-25,0,3,1.1142222845209917,1.1495265317250096,0.0375,3
2024-04-26,0,3,1.007146643273655,1.1491858465787492,0.0375,3
2024-04-27,0,3,1.1844212349409298,1.1291741471040138,0.1075,3
2024-04-28,0,3,1.1006217153126756,1.1302895046228472,0.1075,3
2024-04-29,0,3,1.2106187582063732,1.136031637160398,0.0925,3
2024-04-30,0,3,1.176679988504357,1.1403783391767646,0.07,3
2024-05-01,0,3,1.169712985396964,1.0900355094704401,0.1975,3
2024-05-02,0,3,1.216461054387081,1.088015642548137,0.2025,3
2024-05-03,0,3,1.397113446052744,1.0781245285562548,0.23,3
2024-05-04,0,3,1.0699333394458723,1.0662270365347177,0.2575,3
2024-05-05,0,3,1.0152024835913225,0.9346367692433836,0.7375,3
2024-05-06,0,3,0.9666563960052584,0.9487572207135855,0.6775,3
2024-05-07,0,3,1.0010999776265437,0.9377816440380558,0.7175,3
2024-05-08,0,3,1.045751819874061,0.9490600253921185,0.6775,3
2024-05-09,0,3,1.2333799656918272,0.93873731886784,0.715,3
2024-05-10,0,3,1.0191571683896132,0.950931640980275,0.6725,3
2024-05-11,0,3,0.9714474788616788,0.9352908439647257,0.7375,3
2024-05-12,0,3,1.0535541973093132,0.923380175060076,0.8075,3
2024-05-13,0,3,1.0240117177175188,0.9441790620501539,0.6925,3
2024-05-14,0,3,1.125954466739724,0.9697163909851575,0.5725,3
2024-05-15,0,3,1.2327625220716356,0.9601268722697532,0.61,3
2024-05-16,0,3,0.8955376067268118,0.936680201124882,0.7275,3
2024-05-17,1,3,0.7913953040488042,0.909616372807137,0.845,3
2024-05-18,0,3,0.9055523499200772,0.9667486440393908,0.5975,3
2024-05-19,0,3,1.0128479078315926,0.977958460251199,0.55,3
2024-05-20,0,3,1.2727679133110166,0.9779445871233432,0.55,3
2024-05-21,0,3,1.1537031263145334,0.9679131218537155,0.5875,3
2024-05-22,0,3,1.046269531398886,0.9171188176745826,0.82,3
2024-05-23,0,3,1.0562146124420275,0.9215008517577036,0.8125,3
2024-05-24,0,3,1.2380722690129595,1.020651324630334,0.3725,3
2024-05-25,0,3,1.2213285629567612,1.025237270936922,0.3575,3
2024-05-26,0,3,1.228174786340416,1.148357881511201,0.045,3
2024-05-27,0,3,1.0487811469475452,1.1124346829031904,0.1325,3
2024-05-28,0,3,0.9800365302910446,1.114068640564767,0.1275,3
2024-05-29,0,3,0.9766676001211076,1.1097177332665977,0.135,3
2024-05-30,0,3,1.0512578208843095,1.1164111983485754,0.125,3
2024-05-31,0,3,0.9961927431314136,1.1226254483708025,0.1175,3
2024-06-01,0,3,1.0782850177636043,1.0601447181901418,0.275,3
2024-06-02,0,3,0.9920610924462848,0.9417429447316972,0.6975,3
2024-06-03,0,3,0.9346561396567484,0.9426865196735503,0.6925,3
2024-06-04,0,3,0.9732410768918764,0.941137037690016,0.7,3
2024-06-05,0,3,1.0072004413080666,0.9526645706799365,0.665,3
2024-06-06,0,3,0.9640593675152046,0.9414949079228205,0.6975,3
2024-06-07,0,3,1.1256372778569268,0.9443597968144418,0.6925,3
2024-06-08,0,3,1.1008109168047002,0.9290169047269594,0.7675,3
2024-06-09,0,3,0.989007483306001,0.9942994276313949,0.4825,3
2024-06-10,0,3,0.9274834755604218,1.0036014776075894,0.4475,3
2024-06-11,0,3,1.0227093286635367,1.0023537059962293,0.455,3
2024-06-12,0,3,0.8594831565656494,1.0101498963577777,0.425,3
2024-06-13,0,3,0.917704853697102,1.0107791078457504,0.42,3
2024-06-14,1,3,0.6795921971656652,1.009803032764486,0.425,3
2024-06-15,1,3,0.6145184425791482,0.9845750702627036,0.5275,3
2024-06-16,1,3,0.6919752734828566,0.8564731925730675,0.955,3
2024-06-17,1,3,0.7297780106527604,0.8932914820023377,0.89,3
2024-06-18,1,3,0.6735497277838808,0.8584247612607168,0.95,3
2024-06-19,1,3,0.7804324729432032,0.8945818641111909,0.8875,3
2024-06-20,1,3,0.8217039182820827,0.8942890718179882,0.8875,3
2024-06-21,1,3,0.7884223086555656,0.8632566081677658,0.94,3
2024-06-22,0,3,0.9602602959616506,0.8662436323045368,0.9325,3
2024-06-23,0,3,1.024427310962878,1.0845673521118884,0.2175,3
2024-06-24,0,3,1.195491628687297,1.1275370540944234,0.1075,3
2024-06-25,0,3,1.215906713930801,1.135165650315864,0.095,3
2024-06-26,0,3,1.2258309674396182,1.1254280660664095,0.1125,3
2024-06-27,0,3,1.073965935073988,1.12095323381008,0.12,3
2024-06-28,0,3,1.2305126825999335,1.134881035563409,0.1,3
2024-06-29,0,3,1.097148681317217,1.1467154624333373,0.0475,3
2024-06-30,0,3,1.0619410379298095,1.0941991848233095,0.19,3
2024-07-08,0,4,1.116457631384267,0.994097632728672,0.4317718940936864,3
2024-07-09,0,4,1.0101891778297445,0.9543330864718828,0.615071283095723,3
2024-07-10,0,4,1.0863941086454256,0.9869163475737711,0.46028513238289204,3
2024-07-11,0,4,0.9965360490189162,0.958182315226009,0.5926680244399185,3
2024-07-12,0,4,0.9539304823475042,0.9609508405773028,0.5763747454175153,3
2024-07-13,0,4,0.950638118953398,0.9708005982741644,0.5234215885947047,3
2024-07-14,1,4,0.8397214790590249,0.8852754859261676,0.8737270875763747,3
2024-07-15,1,4,0.7334528107337351,0.8656315172646798,0.890020366598778,3
2024-07-16,0,4,0.8883891721870719,0.924627794127711,0.7780040733197556,3
2024-07-17,1,4,0.8437789187234767,0.9136773386518761,0.8126272912423625,3
2024-07-18,1,4,0.8472455707817422,0.9357345125342943,0.725050916496945,3
2024-07-19,0,4,0.910717151006186,0.8876697143186177,0.8676171079429735,3
2024-07-20,0,4,0.925370339191337,0.8861803862178337,0.869653767820774,3
2024-07-21,0,4,0.9397654980095967,1.056934350604987,0.2606924643584521,3
2024-07-22,0,4,1.104105804698513,1.0858879448302332,0.19959266802443992,3
2024-07-23,0,4,1.121178664383199,1.087370900696575,0.19144602851323828,3
2024-07-24,0,4,1.2550419907953434,1.1433710322192827,0.0855397148676171,3
2024-07-25,0,4,1.3558074600098629,1.150613984237735,0.06313645621181263,3
2024-07-26,0,4,1.2959917929379574,1.1099252557033203,0.1384928716904277,3
2024-07-27,0,4,1.2389659237927133,1.1466739237358774,0.07942973523421588,3
2024-07-28,0,4,1.4091135047749308,1.1545394198374639,0.04684317718940937,3
2024-07-29,0,4,1.3050678458824962,1.1449622194228763,0.0814663951120163,3
2024-07-30,0,4,1.3048241644198404,1.1566389559606638,0.04276985743380855,3
2024-07-31,0,4,1.2597264680283011,1.113299959725636,0.13034623217922606,3
2024-08-01,0,4,1.121700455984094,1.0232510802860368,0.34623217922606925,3
2024-08-02,0,4,1.0415576174661785,1.0344733382400297,0.3054989816700611,3
2024-08-03,0,4,1.0714138034837262,1.039991550104583,0.2973523421588595,3
2024-08-04,0,4,0.9254800342702844,0.8997321343461502,0.8391038696537678,3
2024-08-05,0,4,0.9988541841260816,0.9092451748578528,0.8207739307535642,3
2024-08-06,0,4,0.9756751014725488,0.9221732024928906,0.7841140529531568,3
2024-08-07,0,4,0.950823057621353,0.8894839320095271,0.8676171079429735,3
2024-08-08,0,4,0.903694941501862,0.8998928523464254,0.8391038696537678,3
2024-08-09,0,4,0.9996673408605188,0.923994153172658,0.780040733197556,3
2024-08-10,0,4,1.0858174208180866,0.9300005440107094,0.7637474541751528,3
2024-08-11,0,4,1.044348391022553,1.0007462559930786,0.4154786150712831,3
2024-08-12,0,4,0.932182289361824,0.9633521332437922,0.5641547861507128,3
2024-08-13,0,4,0.9069610610786007,0.9324728923154854,0.7372708757637475,3
2024-08-14,1,4,0.8265701897589802,0.9610019653587012,0.5763747454175153,3
2024-08-15,0,4,0.9676451248182724,0.9643862094885449,0.5641547861507128,3
2024-08-16,0,4,0.9250031917066456,0.963884591285337,0.5641547861507128,3
2024-08-17,0,4,0.8864973567568095,0.9451427809248082,0.6802443991853361,3
2024-08-18,0,4,0.9752006344141928,0.8143385311073013,0.9490835030549898,3
2024-08-19,0,4,0.9430349725449813,0.8234776589851743,0.945010183299389,3
2023-07-08,0,0,0.9241726794350844,0.9555168747901917,1.0,4
2023-07-09,0,0,0.9743232874576132,1.0191912651062012,0.384,4
2023-07-10,0,0,0.9966145169869692,1.0191912651062012,0.384,4
2023-07-11,0,0,0.9517191542034068,1.0191912651062012,0.384,4
2023-07-12,0,0,0.948542157152549,1.0191912651062012,0.384,4
2023-07-13,1,0,0.8136032158541315,1.0191912651062012,0.384,4
2023-07-14,1,0,0.8379735483359313,1.0191912651062012,0.384,4
2023-07-15,0,0,0.8701002940440485,1.0191912651062012,0.384,4
2023-07-16,0,0,0.9114132510669704,1.0182026624679565,0.384,4
2023-07-17,0,0,0.8908737944136609,1.0182026624679565,0.384,4
2023-07-18,0,0,0.9255322693960212,1.0182026624679565,0.384,4
2023-07-19,0,0,0.967263115722151,1.0182026624679565,0.384,4
2023-07-20,0,0,1.0407271001586968,1.0182026624679565,0.384,4
2023-07-21,0,0,1.0879196255666288,1.0182026624679565,0.384,4
2023-07-22,0,0,1.0747706880007073,1.0182026624679565,0.384,4
2023-07-23,0,0,1.082245562916266,1.0628248453140259,0.168,4
2023-07-24,0,0,1.1801619598634046,1.0628248453140259,0.168,4
2023-07-25,0,0,1.1393366031481695,1.0628248453140259,0.168,4
2023-07-26,0,0,1.0470649557621556,1.0628248453140259,0.168,4
2023-07-27,0,0,1.0524089049987362,1.0628248453140259,0.168,4
2023-07-28,0,0,1.0961332324625743,1.0628248453140259,0.168,4
2023-07-29,0,0,1.1475046354373504,1.0628248453140259,0.168,4
2023-07-30,0,0,1.1030104289707232,1.0548936128616333,0.224,4
2023-07-31,0,0,0.9802661574733532,1.0548936128616333,0.224,4
2023-08-01,0,0,0.9276591914865956,1.0548936128616333,0.224,4
2023-08-02,0,0,0.9856192869568604,1.0548936128616333,0.224,4
2023-08-03,0,0,0.9849464199753928,1.0548936128616333,0.224,4
2023-08-04,0,0,1.0288017106784253,1.0548936128616333,0.224,4
2023-08-05,0,0,1.0494101563413691,1.0548936128616333,0.224,4
2023-08-06,0,0,0.925332606177236,1.0146033763885498,0.384,4
2023-08-07,0,0,1.0600347894644628,1.0146033763885498,0.384,4
2023-08-08,0,0,1.2032070808322328,1.0146033763885498,0.384,4
2023-08-09,0,0,1.1361856872066751,1.0146033763885498,0.384,4
2023-08-10,0,0,1.2169384711338458,1.0146033763885498,0.384,4
2023-08-11,0,0,1.124374488467241,1.0146033763885498,0.384,4
2023-08-12,0,0,1.0302234899243532,1.0146033763885498,0.384,4
2023-08-13,0,0,1.1364735275600777,1.0371217727661133,0.28,4
2023-08-14,0,0,1.0140690876726717,1.0371217727661133,0.28,4
2023-08-15,0,0,0.9598834391613684,1.0371217727661133,0.28,4
2023-08-16,0,0,0.96344523411635,1.0371217727661133,0.28,4
2023-08-17,0,0,0.8619772162480696,1.0371217727661133,0.28,4
2023-08-18,1,0,0.84340585697894,1.0371217727661133,0.28,4
2023-08-19,0,0,0.9361598228925094,1.0371217727661133,0.28,4
2023-08-20,0,0,0.9812706645380184,1.0172260999679565,0.384,4
2023-08-21,0,0,0.9880650175388538,1.0172260999679565,0.384,4
2023-08-22,0,0,0.9501391402718308,1.0172260999679565,0.384,4
2023-08-23,0,0,1.0115737235821658,1.0172260999679565,0.384,4
2023-08-24,0,0,0.9999262702998436,1.0172260999679565,0.384,4
2023-08-25,0,0,1.24194058981351,1.0172260999679565,0.384,4
2023-08-26,0,0,1.1524945548408054,1.0172260999679565,0.384,4
2023-08-27,0,0,1.0562711289247646,0.9942988753318787,0.552,4
2023-08-28,0,0,1.1258216617159271,0.9942988753318787,0.552,4
2023-08-29,0,0,1.127791985065815,0.9942988753318787,0.552,4
2023-08-30,0,0,1.0730811539867262,0.9942988753318787,0.552,4
2023-08-31,0,0,1.1374657637612942,0.9942988753318787,0.552,4
2023-09-01,0,0,0.9176351523297184,0.9942988753318787,0.552,4
2023-09-02,0,0,0.9210003824336146,0.9942988753318787,0.552,4
2023-09-03,0,0,0.9421400380007852,0.9682353138923645,0.72,4
2023-09-04,0,0,0.9211686908188832,0.9682353138923645,0.72,4
2023-09-05,1,0,0.8469144869908538,0.9682353138923645,0.72,4
2023-09-06,1,0,0.8378144001188419,0.9682353138923645,0.72,4
2023-09-07,1,0,0.8332308808794763,0.9682353138923645,0.72,4
2023-09-08,1,0,0.7903801903571291,0.9682353138923645,0.72,4
2023-09-09,0,0,0.9215862638123296,0.9682353138923645,0.72,4
2023-09-10,0,0,0.9192039742345504,1.0260318517684937,0.384,4
2023-09-11,0,0,0.8882584499143324,1.0260318517684937,0.384,4
2023-09-12,0,0,0.9893752333510308,1.0260318517684937,0.384,4
2023-09-13,0,0,1.0276905021746976,1.0260318517684937,0.384,4
2023-09-14,0,0,1.05764422804859,1.0260318517684937,0.384,4
2023-09-15,0,0,1.037244258278199,1.0260318517684937,0.384,4
2023-09-16,0,0,0.9111351623678404,1.0260318517684937,0.384,4
2023-09-17,0,0,0.9168705447222036,1.0182026624679565,0.384,4
2023-09-18,0,0,0.9480631642651184,1.0182026624679565,0.384,4
2023-09-19,0,0,1.049584705904487,1.0182026624679565,0.384,4
2023-09-20,0,0,1.0582598221905524,1.0182026624679565,0.384,4
2023-09-21,0,0,1.0114472018825855,1.0182026624679565,0.384,4
2023-09-22,0,0,1.110871812182302,1.0182026624679565,0.384,4
2023-09-23,0,0,1.1541736168324266,1.0182026624679565,0.384,4
2023-09-24,0,0,1.1078020011333731,1.0548936128616333,0.224,4
2023-09-25,0,0,1.074645609849099,1.0548936128616333,0.224,4
2023-09-26,0,0,0.9539644229731924,1.0548936128616333,0.224,4
2023-09-27,0,0,1.045324049908362,1.0548936128616333,0.224,4
2023-09-28,0,0,1.058283583828204,1.0548936128616333,0.224,4
2023-09-29,0,0,0.9529449023805296,1.0548936128616333,0.224,4
2023-09-30,0,0,1.0335157970037918,1.0548936128616333,0.224,4
2023-10-08,0,1,0.943214957935384,0.9911346435546875,0.6820276497695853,4
2023-10-09,0,1,0.8954605455623991,0.9911346435546875,0.6820276497695853,4
2023-10-10,0,1,0.8714609046846392,0.9911346435546875,0.6820276497695853,4
2023-10-11,0,1,0.8537394125385595,0.9911346435546875,0.6820276497695853,4
2023-10-12,0,1,0.9158302055623126,0.9911346435546875,0.6820276497695853,4
2023-10-13,1,1,0.8235183048240129,0.9911346435546875,0.6820276497695853,4
2023-10-14,1,1,0.8417997244121631,0.9911346435546875,0.6820276497695853,4
2023-10-15,0,1,0.8686185654387014,1.0089954137802124,0.45161290322580644,4
2023-10-16,1,1,0.837630457855076,1.0089954137802124,0.45161290322580644,4
2023-10-17,1,1,0.7765728111191363,1.0089954137802124,0.45161290322580644,4
2023-10-18,0,1,0.876315761424511,1.0089954137802124,0.45161290322580644,4
2023-10-19,0,1,0.8981339369635442,1.0089954137802124,0.45161290322580644,4
2023-10-20,0,1,1.0052067391820876,1.0089954137802124,0.45161290322580644,4
2023-10-21,0,1,1.0475645261799866,1.0089954137802124,0.45161290322580644,4
2023-10-22,0,1,1.0349876751325695,1.0504268407821655,0.11059907834101383,4
2023-10-23,0,1,1.0648188658578015,1.0504268407821655,0.11059907834101383,4
2023-10-24,0,1,1.2288539084267107,1.0689195394515991,0.06451612903225806,4
2023-10-25,0,1,1.325022505621457,1.0689195394515991,0.06451612903225806,4
2023-10-26,0,1,1.3444469765965152,1.0689195394515991,0.06451612903225806,4
2023-10-27,0,1,1.24809949228092,1.0689195394515991,0.06451612903225806,4
2023-10-28,0,1,1.1197888843427084,1.0689195394515991,0.06451612903225806,4
2023-10-29,0,1,1.0278744636215793,1.0316414833068848,0.2626728110599078,4
2023-10-30,0,1,1.092155254370859,1.0316414833068848,0.2626728110599078,4
2023-10-31,0,1,1.1015162289550902,1.0316414833068848,0.2626728110599078,4
2023-11-01,0,1,0.9616024375172428,1.0119986534118652,0.45161290322580644,4
2023-11-02,0,1,1.0211534524417607,1.0119986534118652,0.45161290322580644,4
2023-11-03,0,1,1.0185200315853409,1.0119986534118652,0.45161290322580644,4
2023-11-04,0,1,0.9938521706160228,1.0119986534118652,0.45161290322580644,4
2023-11-05,0,1,1.0661778939631648,0.9735228419303894,0.728110599078341,4
2023-11-06,0,1,1.1620310134405805,0.9735228419303894,0.728110599078341,4
2023-11-07,0,1,0.980518173100777,0.9735228419303894,0.728110599078341,4
2023-11-08,0,1,0.9051698390223948,0.9735228419303894,0.728110599078341,4
2023-11-09,1,1,0.7489778501170876,0.9735228419303894,0.728110599078341,4
2023-11-10,1,1,0.7527771910343829,0.9735228419303894,0.728110599078341,4
2023-11-11,0,1,0.9667089341078078,0.9754759669303894,0.7188940092165899,4
2023-11-12,0,1,0.9442364852029852,1.0323264598846436,0.2534562211981567,4
2023-11-13,1,1,0.7318274766100183,1.034279465675354,0.2534562211981567,4
2023-11-14,1,1,0.8206581432559168,1.034279465675354,0.2534562211981567,4
2023-11-15,0,1,1.051314083184571,1.03542959690094,0.2534562211981567,4
2023-11-16,0,1,1.0761913404529675,1.0334765911102295,0.2534562211981567,4
2023-11-17,0,1,0.9757244500222187,1.0334765911102295,0.2534562211981567,4
2023-11-18,0,1,0.940194569771074,1.0334765911102295,0.2534562211981567,4
2023-11-19,0,1,0.8987004950888953,1.0371003150939941,0.2534562211981567,4
2023-11-20,0,1,1.089296800690815,1.0371003150939941,0.2534562211981567,4
2023-11-21,0,1,1.1345993778130965,1.0390533208847046,0.2304147465437788,4
2023-11-22,0,1,1.0464304602981034,1.0371003150939941,0.2534562211981567,4
2023-11-23,0,1,1.1378360455267436,1.0371003150939941,0.2534562211981567,4
2023-11-24,0,1,1.3841279965162,1.0555930137634277,0.08294930875576037,4
2023-11-25,0,1,1.2713157281439782,1.0555930137634277,0.08294930875576037,4
2023-11-26,0,1,1.4205242426211462,1.046083688735962,0.1935483870967742,4
2023-11-27,0,1,1.3156964922071708,1.0441306829452515,0.20276497695852536,4
2023-11-28,0,1,1.3008009098853073,1.046083688735962,0.1935483870967742,4
2023-11-29,0,1,1.2479916720289856,1.044933557510376,0.20276497695852536,4
2023-11-30,0,1,1.184579900085264,1.0429805517196655,0.20276497695852536,4
2023-12-01,0,1,0.9217983024910515,1.024487853050232,0.3548387096774194,4
2023-12-02,0,1,0.9872117622337688,1.0264408588409424,0.31797235023041476,4
2023-12-03,0,1,0.9761410830534396,0.9472955465316772,0.8709677419354839,4
2023-12-04,0,1,0.9081520857619844,0.9472955465316772,0.8709677419354839,4
2023-12-05,0,1,0.9381732402892374,0.9472955465316772,0.8709677419354839,4
2023-12-06,0,1,0.9296518465586814,0.9472955465316772,0.8709677419354839,4
2023-12-07,1,1,0.8413685597788102,0.9472955465316772,0.8709677419354839,4
2023-12-08,0,1,0.991352633325197,0.9492486715316772,0.8617511520737328,4
2023-12-09,0,1,0.9411554944408358,0.9472955465316772,0.8709677419354839,4
2023-12-10,1,1,0.8389522108078011,0.9910185933113098,0.6820276497695853,4
2023-12-11,1,1,0.8071649857265369,0.9910185933113098,0.6820276497695853,4
2023-12-12,1,1,0.7572970023336949,0.9910185933113098,0.6820276497695853,4
2023-12-13,1,1,0.6208795880453283,0.9910185933113098,0.6820276497695853,4
2023-12-14,1,1,0.7592057772002324,0.9941219687461853,0.6129032258064516,4
2023-12-15,1,1,0.8328269225748938,0.9941219687461853,0.6129032258064516,4
2023-12-16,0,1,0.8590655807455964,0.9921688437461853,0.6451612903225806,4
2023-12-17,0,1,0.9377129218982944,1.0061724185943604,0.46543778801843316,4
2023-12-18,0,1,0.9642064200950122,1.00421941280365,0.48847926267281105,4
2023-12-19,0,1,0.8985380992120569,1.00421941280365,0.48847926267281105,4
2023-12-20,0,1,1.174221538340847,1.0061724185943604,0.46543778801843316,4
2023-12-21,0,1,1.219687141657661,1.00421941280365,0.48847926267281105,4
2023-12-22,0,1,1.109109822460017,1.00421941280365,0.48847926267281105,4
2023-12-23,0,1,1.1355025094767273,1.00421941280365,0.48847926267281105,4
2023-12-24,0,1,1.067923542918951,1.0689195394515991,0.06451612903225806,4
2023-12-25,0,1,1.0641320258226272,1.0689195394515991,0.06451612903225806,4
2023-12-26,0,1,1.1724151428996483,1.0708725452423096,0.027649769585253458,4
2023-12-27,0,1,1.10656776396788,1.0689195394515991,0.06451612903225806,4
2023-12-28,0,1,1.0122393038967503,1.0689195394515991,0.06451612903225806,4
2023-12-29,0,1,1.1349625439131328,1.0689195394515991,0.06451612903225806,4
2023-12-30,0,1,1.107041700896765,1.0689195394515991,0.06451612903225806,4
2023-12-31,0,1,1.0540714431461404,1.0119553804397583,0.45161290322580644,4
2024-01-08,0,2,0.9380252547156612,0.9309888482093811,0.8543689320388349,4
2024-01-09,0,2,0.8604976941696318,0.92820805311203,0.8543689320388349,4
2024-01-10,0,2,0.8967950138147822,0.9290319085121155,0.8543689320388349,4
2024-01-11,1,2,0.81515703606474,0.933723509311676,0.8284789644012945,4
2024-01-12,1,2,0.7697963725749237,0.92820805311203,0.8543689320388349,4
2024-01-13,1,2,0.841357639507363,0.9328149557113647,0.8381877022653722,4
2024-01-14,1,2,0.8237505800283649,0.9707884192466736,0.5857605177993528,4
2024-01-15,1,2,0.8143008517556474,0.9688911437988281,0.6019417475728155,4
2024-01-16,0,2,0.8574681818882544,0.9708132743835449,0.5857605177993528,4
2024-01-17,1,2,0.7587486496508539,0.9680834412574768,0.6084142394822006,4
2024-01-18,1,2,0.6693137152967722,0.9661861658096313,0.6213592233009708,4
2024-01-19,1,2,0.6699104276785826,0.9940850138664246,0.47896440129449835,4
2024-01-20,0,2,0.8772632858888515,1.0042612552642822,0.4336569579288026,4
2024-01-21,0,2,0.9892903383152972,1.0653456449508667,0.20711974110032363,4
2024-01-22,0,2,1.117405717166005,1.0607439279556274,0.2168284789644013,4
2024-01-23,0,2,1.1151266074232986,1.057108759880066,0.22006472491909385,4
2024-01-24,0,2,1.075838623368072,1.1160773038864136,0.08090614886731391,4
2024-01-25,0,2,1.2754491983991014,1.1187083721160889,0.06796116504854369,4
2024-01-26,0,2,1.423986158079574,1.1171900033950806,0.07766990291262135,4
2024-01-27,0,2,1.2093563799502314,1.113554835319519,0.09061488673139159,4
2024-01-28,0,2,1.0654453237147563,1.13018000125885,0.05501618122977346,4
2024-01-29,0,2,0.947841005507312,1.109261155128479,0.11326860841423948,4
2024-01-30,1,2,0.8351685356731198,1.1100116968154907,0.11003236245954692,4
2024-01-31,0,2,0.9497929613869894,1.1336355209350586,0.019417475728155338,4
2024-02-01,0,2,0.917248696829258,1.0736829042434692,0.1715210355987055,4
2024-02-02,0,2,0.8851405980336539,1.051533579826355,0.2524271844660194,4
2024-02-03,0,2,0.982826709401738,1.0515038967132568,0.2524271844660194,4
2024-02-04,0,2,1.0025264392902944,0.9142122268676758,0.948220064724919,4
2024-02-05,0,2,0.9483480269362228,0.9155047535896301,0.941747572815534,4
2024-02-06,0,2,1.0972617113073977,0.9156100749969482,0.9385113268608414,4
2024-02-07,0,2,1.0891759604105706,0.9174413084983826,0.919093851132686,4
2024-02-08,0,2,1.096557459323093,0.9139739871025085,0.9514563106796117,4
2024-02-09,0,2,1.1167044003098343,0.9147834181785583,0.948220064724919,4
2024-02-10,0,2,1.0002853718765394,0.9139448404312134,0.9514563106796117,4
2024-02-11,0,2,1.0068662107279371,0.9483565092086792,0.7475728155339806,4
2024-02-12,0,2,1.068197683139049,0.9767506718635559,0.56957928802589,4
2024-02-13,0,2,0.9193871015786248,0.972582221031189,0.5825242718446602,4
2024-02-14,0,2,0.9666893508669268,0.9761033058166504,0.5728155339805825,4
2024-02-15,0,2,0.9701647067175788,0.9782814383506775,0.5663430420711975,4
2024-02-16,0,2,0.951505866659967,0.9714796543121338,0.5825242718446602,4
2024-02-17,0,2,0.9867051638475192,0.975085437297821,0.5728155339805825,4
2024-02-18,0,2,0.9427333113260588,1.0152581930160522,0.3592233009708738,4
2024-02-19,0,2,0.978784236975376,1.0190691947937012,0.343042071197411,4
2024-02-20,0,2,1.2204788803729685,1.0182453393936157,0.34627831715210355,4
2024-02-21,0,2,1.2578634247818792,1.017180323600769,0.35275080906148865,4
2024-02-22,0,2,1.4160461739581691,1.0172536373138428,0.34951456310679613,4
2024-02-23,0,2,1.4083895326125038,1.0139063596725464,0.3656957928802589,4
2024-02-24,0,2,1.2889078774480094,1.0814826488494873,0.15210355987055016,4
2024-02-25,0,2,1.408628586196815,1.096126675605774,0.11974110032362459,4
2024-02-26,0,2,1.5357853726649573,1.0759291648864746,0.16828478964401294,4
2024-02-27,0,2,1.4255036298830266,1.0728353261947632,0.1715210355987055,4
2024-02-28,0,2,1.3472740673438566,1.0717226266860962,0.1715210355987055,4
2024-02-29,0,2,1.0804552257818711,1.0762913227081299,0.16828478964401294,4
2024-03-01,0,2,1.0254354181414247,1.018756628036499,0.34627831715210355,4
2024-03-02,0,2,1.1320172826735235,1.0214616060256958,0.3333333333333333,4
2024-03-03,0,2,1.128319747911003,0.9305003881454468,0.8543689320388349,4
2024-03-04,0,2,0.9822802609177096,0.9312217235565186,0.8543689320388349,4
2024-03-05,0,2,0.9670810502033153,0.92857825756073,0.8543689320388349,4
2024-03-06,0,2,0.946135861635669,0.9310387969017029,0.8543689320388349,4
2024-03-07,0,2,0.8708436819149774,0.9257105588912964,0.86084142394822,4
2024-03-08,0,2,0.8762602644369504,0.9257105588912964,0.86084142394822,4
2024-03-09,1,2,0.8487925178810976,0.9284565448760986,0.8543689320388349,4
2024-03-10,1,2,0.7728795364314732,0.9132235050201416,0.9546925566343042,4
2024-03-11,1,2,0.708461282966484,0.9142122268676758,0.948220064724919,4
2024-03-12,1,2,0.6426398373180695,0.9154307842254639,0.941747572815534,4
2024-03-13,1,2,0.571377925482258,0.9139739871025085,0.9514563106796117,4
2024-03-14,1,2,0.6901720416567598,0.9156100749969482,0.9385113268608414,4
2024-03-15,1,2,0.7549641664287521,0.9442588090896606,0.7669902912621359,4
2024-03-16,1,2,0.836506042031234,0.9153426885604858,0.941747572815534,4
2024-03-17,0,2,0.9709646135075468,0.983712375164032,0.5469255663430421,4
2024-03-18,0,2,0.9688339478220468,0.9937731623649597,0.47896440129449835,4
2024-03-19,0,2,0.9413149393033896,0.988609790802002,0.511326860841424,4
2024-03-20,0,2,1.0655612632569766,0.9904208183288574,0.4886731391585761,4
2024-03-21,0,2,1.133253625646406,0.9901798367500305,0.4886731391585761,4
2024-03-22,0,2,1.113040266895566,0.9875363707542419,0.5242718446601942,4
2024-03-23,0,2,1.036710651553232,0.9886346459388733,0.511326860841424,4
2024-03-24,0,2,0.9228864380293004,1.1273200511932373,0.05501618122977346,4
2024-03-25,0,2,1.1500417141558186,1.134484052658081,0.016181229773462782,4
2024-03-26,0,2,1.298740837351826,1.1299046277999878,0.05501618122977346,4
2024-03-27,0,2,1.2996211124527302,1.132500410079956,0.032362459546925564,4
2024-03-28,0,2,1.323402650373225,1.1299046277999878,0.05501618122977346,4
2024-03-29,0,2,1.3339767416071382,1.128070592880249,0.05501618122977346,4
2024-03-30,0,2,1.273455247833983,1.1337335109710693,0.019417475728155338,4
2024-03-31,0,2,1.1543087116353845,1.0745543241500854,0.1715210355987055,4
2024-04-08,0,3,0.9013501692371486,0.8545302748680115,0.9775,4
2024-04-09,0,3,0.9504673829573714,0.8491924405097961,0.985,4
2024-04-10,1,3,0.8243382492106264,0.8538333773612976,0.98,4
2024-04-11,1,3,0.7834501466330951,0.8356882333755493,0.995,4
2024-04-12,0,3,0.8698604395795992,0.8856557607650757,0.93,4
2024-04-13,1,3,0.7597608507551356,0.8691234588623047,0.9575,4
2024-04-14,1,3,0.677212775397524,0.9161129593849182,0.8725,4
2024-04-15,1,3,0.6920359386686836,0.9314446449279785,0.7875,4
2024-04-16,1,3,0.6104944247335421,0.9560199975967407,0.6725,4
2024-04-17,1,3,0.5682484576390117,0.9469156265258789,0.7,4
2024-04-18,1,3,0.6743462566199577,0.9561662673950195,0.6725,4
2024-04-19,1,3,0.8021678182057587,0.9674559831619263,0.625,4
2024-04-20,1,3,0.8338345092652095,0.9570966958999634,0.66,4
2024-04-21,0,3,0.9500977307262902,1.0934572219848633,0.21,4
2024-04-22,0,3,0.894020763122248,1.095546841621399,0.2025,4
2024-04-23,0,3,0.991399742819852,1.0934001207351685,0.21,4
2024-04-24,0,3,1.0878447526166517,1.1725447177886963,0.0175,4
2024-04-25,0,3,1.1142222845209917,1.1658883094787598,0.0325,4
2024-04-26,0,3,1.007146643273655,1.166966199874878,0.0275,4
2024-04-27,0,3,1.1844212349409298,1.1449471712112427,0.1025,4
2024-04-28,0,3,1.1006217153126756,1.1443856954574585,0.105,4
2024-04-29,0,3,1.2106187582063732,1.1518938541412354,0.0875,4
2024-04-30,0,3,1.176679988504357,1.157434105873108,0.0625,4
2024-05-01,0,3,1.169712985396964,1.098217487335205,0.1925,4
2024-05-02,0,3,1.216461054387081,1.0948450565338135,0.2025,4
2024-05-03,0,3,1.397113446052744,1.0903252363204956,0.22,4
2024-05-04,0,3,1.0699333394458723,1.0810948610305786,0.24,4
2024-05-05,0,3,1.0152024835913225,0.9441012740135193,0.71,4
2024-05-06,0,3,0.9666563960052584,0.9611785411834717,0.6575,4
2024-05-07,0,3,1.0010999776265437,0.947996973991394,0.6925,4
2024-05-08,0,3,1.045751819874061,0.9636572003364563,0.6425,4
2024-05-09,0,3,1.2333799656918272,0.9466842412948608,0.7025,4
2024-05-10,0,3,1.0191571683896132,0.9648218750953674,0.6325,4
2024-05-11,0,3,0.9714474788616788,0.9447472095489502,0.71,4
2024-05-12,0,3,1.0535541973093132,0.9216058254241943,0.8375,4
2024-05-13,0,3,1.0240117177175188,0.9480699896812439,0.6925,4
2024-05-14,0,3,1.125954466739724,0.9634443521499634,0.6475,4
2024-05-15,0,3,1.2327625220716356,0.9539483785629272,0.6825,4
2024-05-16,0,3,0.8955376067268118,0.93925541639328,0.7425,4
2024-05-17,1,3,0.7913953040488042,0.9104962348937988,0.8875,4
2024-05-18,0,3,0.9055523499200772,0.9614062309265137,0.6575,4
2024-05-19,0,3,1.0128479078315926,0.986045777797699,0.55,4
2024-05-20,0,3,1.2727679133110166,0.9879078269004822,0.54,4
2024-05-21,0,3,1.1537031263145334,0.9764177203178406,0.595,4
2024-05-22,0,3,1.046269531398886,0.932131290435791,0.7825,4
2024-05-23,0,3,1.0562146124420275,0.9308710098266602,0.795,4
2024-05-24,0,3,1.2380722690129595,1.0507012605667114,0.32,4
2024-05-25,0,3,1.2213285629567612,1.057571530342102,0.3025,4
2024-05-26,0,3,1.228174786340416,1.1668834686279297,0.0275,4
2024-05-27,0,3,1.0487811469475452,1.1291325092315674,0.13,4
2024-05-28,0,3,0.9800365302910446,1.129909873008728,0.1275,4
2024-05-29,0,3,0.9766676001211076,1.1244109869003296,0.1325,4
2024-05-30,0,3,1.0512578208843095,1.1316804885864258,0.1275,4
2024-05-31,0,3,0.9961927431314136,1.1360563039779663,0.115,4
2024-06-01,0,3,1.0782850177636043,1.0733942985534668,0.2675,4
2024-06-02,0,3,0.9920610924462848,0.9509386420249939,0.69,4
2024-06-03,0,3,0.9346561396567484,0.9546052813529968,0.68,4
2024-06-04,0,3,0.9732410768918764,0.9501999616622925,0.69,4
2024-06-05,0,3,1.0072004413080666,0.9625275731086731,0.65,4
2024-06-06,0,3,0.9640593675152046,0.950131893157959,0.69,4
2024-06-07,0,3,1.1256372778569268,0.9539088606834412,0.6825,4
2024-06-08,0,3,1.1008109168047002,0.9412890076637268,0.73,4
2024-06-09,0,3,0.989007483306001,1.004731297492981,0.4725,4
2024-06-10,0,3,0.9274834755604218,1.0066113471984863,0.46,4
2024-06-11,0,3,1.0227093286635367,1.0129914283752441,0.4275,4
2024-06-12,0,3,0.8594831565656494,1.0237369537353516,0.39,4
2024-06-13,0,3,0.917704853697102,1.0140846967697144,0.42,4
2024-06-14,1,3,0.6795921971656652,1.019071102142334,0.4125,4
2024-06-15,1,3,0.6145184425791482,0.9938730001449585,0.515,4
2024-06-16,1,3,0.6919752734828566,0.8657807111740112,0.965,4
2024-06-17,1,3,0.7297780106527604,0.9082097411155701,0.89,4
2024-06-18,1,3,0.6735497277838808,0.869514524936676,0.9575,4
2024-06-19,1,3,0.7804324729432032,0.9039280414581299,0.8925,4
2024-06-20,1,3,0.8217039182820827,0.9026936292648315,0.8975,4
2024-06-21,1,3,0.7884223086555656,0.8922598958015442,0.915,4
2024-06-22,0,3,0.9602602959616506,0.895114004611969,0.9075,4
2024-06-23,0,3,1.024427310962878,1.1006178855895996,0.1925,4
2024-06-24,0,3,1.195491628687297,1.1500756740570068,0.095,4
2024-06-25,0,3,1.215906713930801,1.1556140184402466,0.07,4
2024-06-26,0,3,1.2258309674396182,1.1446682214736938,0.1025,4
2024-06-27,0,3,1.073965935073988,1.1370999813079834,0.115,4
2024-06-28,0,3,1.2305126825999335,1.1502578258514404,0.095,4
2024-06-29,0,3,1.097148681317217,1.1598858833312988,0.055,4
2024-06-30,0,3,1.0619410379298095,1.1000763177871704,0.1925,4
2024-07-08,0,4,1.116457631384267,0.9861369729042053,0.5132382892057027,4
2024-07-09,0,4,1.0101891778297445,0.9726769924163818,0.560081466395112,4
2024-07-10,0,4,1.0863941086454256,0.9816707372665405,0.5254582484725051,4
2024-07-11,0,4,0.9965360490189162,0.9715927839279175,0.5661914460285132,4
2024-07-12,0,4,0.9539304823475042,0.9732455015182495,0.560081466395112,4
2024-07-13,0,4,0.950638118953398,0.9664548635482788,0.5926680244399185,4
2024-07-14,1,4,0.8397214790590249,0.8783047795295715,0.8879837067209776,4
2024-07-15,1,4,0.7334528107337351,0.8588508367538452,0.9226069246435845,4
2024-07-16,0,4,0.8883891721870719,0.9109640717506409,0.835030549898167,4
2024-07-17,1,4,0.8437789187234767,0.8993314504623413,0.8757637474541752,4
2024-07-18,1,4,0.8472455707817422,0.9123921394348145,0.8309572301425662,4
2024-07-19,0,4,0.910717151006186,0.8717378973960876,0.9022403258655805,4
2024-07-20,0,4,0.925370339191337,0.8845346570014954,0.8879837067209776,4
2024-07-21,0,4,0.9397654980095967,1.0719122886657715,0.2505091649694501,4
2024-07-22,0,4,1.104105804698513,1.084089756011963,0.22606924643584522,4
2024-07-23,0,4,1.121178664383199,1.0904626846313477,0.21792260692464357,4
2024-07-24,0,4,1.2550419907953434,1.1538196802139282,0.0855397148676171,4
2024-07-25,0,4,1.3558074600098629,1.1560176610946655,0.07739307535641547,4
2024-07-26,0,4,1.2959917929379574,1.1244004964828491,0.13238289205702647,4
2024-07-27,0,4,1.2389659237927133,1.1518868207931519,0.08961303462321792,4
2024-07-28,0,4,1.4091135047749308,1.1529229879379272,0.0855397148676171,4
2024-07-29,0,4,1.3050678458824962,1.1522022485733032,0.0855397148676171,4
2024-07-30,0,4,1.3048241644198404,1.1575218439102173,0.07331975560081466,4
2024-07-31,0,4,1.2597264680283011,1.1245489120483398,0.13238289205702647,4
2024-08-01,0,4,1.121700455984094,1.0244876146316528,0.3727087576374745,4
2024-08-02,0,4,1.0415576174661785,1.0457894802093506,0.31160896130346233,4
2024-08-03,0,4,1.0714138034837262,1.0493512153625488,0.3034623217922607,4
2024-08-04,0,4,0.9254800342702844,0.9135764837265015,0.8268839103869654,4
2024-08-05,0,4,0.9988541841260816,0.9219850301742554,0.8065173116089613,4
2024-08-06,0,4,0.9756751014725488,0.9331698417663574,0.7576374745417516,4
2024-08-07,0,4,0.950823057621353,0.8980162739753723,0.8778004073319755,4
2024-08-08,0,4,0.903694941501862,0.9151259660720825,0.8228105906313645,4
2024-08-09,0,4,0.9996673408605188,0.928706705570221,0.7759674134419552,4
2024-08-10,0,4,1.0858174208180866,0.9409255981445312,0.7372708757637475,4
2024-08-11,0,4,1.044348391022553,1.007429599761963,0.4256619144602851,4
2024-08-12,0,4,0.932182289361824,0.970967173576355,0.5682281059063137,4
2024-08-13,0,4,0.9069610610786007,0.9442537426948547,0.7107942973523421,4
2024-08-14,1,4,0.8265701897589802,0.9795454740524292,0.5315682281059063,4
2024-08-15,0,4,0.9676451248182724,0.9754219055175781,0.5437881873727087,4
2024-08-16,0,4,0.9250031917066456,0.9757894277572632,0.5437881873727087,4
2024-08-17,0,4,0.8864973567568095,0.9497799873352051,0.6945010183299389,4
2024-08-18,0,4,0.9752006344141928,0.8299965262413025,0.9490835030549898,4
2024-08-19,0,4,0.9430349725449813,0.8277421593666077,0.9531568228105907,4
2023-07-08,0,0,0.9241726794350844,0.9478667625070124,0.888,5
2023-07-09,0,0,0.9743232874576132,1.0134718990350873,0.384,5
2023-07-10,0,0,0.9966145169869692,1.0134718990350873,0.384,5
2023-07-11,0,0,0.9517191542034068,1.0134718990350873,0.384,5
2023-07-12,0,0,0.948542157152549,1.0134718990350873,0.384,5
2023-07-13,1,0,0.8136032158541315,1.0134718990350873,0.384,5
2023-07-14,1,0,0.8379735483359313,1.0134718990350873,0.384,5
2023-07-15,0,0,0.8701002940440485,1.0134718990350873,0.384,5
2023-07-16,0,0,0.9114132510669704,1.0124890717820954,0.384,5
2023-07-17,0,0,0.8908737944136609,1.0124890717820954,0.384,5
2023-07-18,0,0,0.9255322693960212,1.0124890717820954,0.384,5
2023-07-19,0,0,0.967263115722151,1.0124890717820954,0.384,5
2023-07-20,0,0,1.0407271001586968,1.0124890717820954,0.384,5
2023-07-21,0,0,1.0879196255666288,1.0124890717820954,0.384,5
2023-07-22,0,0,1.0747706880007073,1.0124890717820954,0.384,5
2023-07-23,0,0,1.082245562916266,1.0454510474837186,0.168,5
2023-07-24,0,0,1.1801619598634046,1.0454510474837186,0.168,5
2023-07-25,0,0,1.1393366031481695,1.0454510474837186,0.168,5
2023-07-26,0,0,1.0470649557621556,1.0454510474837186,0.168,5
2023-07-27,0,0,1.0524089049987362,1.0454510474837186,0.168,5
2023-07-28,0,0,1.0961332324625743,1.0454510474837186,0.168,5
2023-07-29,0,0,1.1475046354373504,1.0454510474837186,0.168,5
2023-07-30,0,0,1.1030104289707232,1.043068793165747,0.224,5
2023-07-31,0,0,0.9802661574733532,1.043068793165747,0.224,5
2023-08-01,0,0,0.9276591914865956,1.043068793165747,0.224,5
2023-08-02,0,0,0.9856192869568604,1.043068793165747,0.224,5
2023-08-03,0,0,0.9849464199753928,1.043068793165747,0.224,5
2023-08-04,0,0,1.0288017106784253,1.043068793165747,0.224,5
2023-08-05,0,0,1.0494101563413691,1.043068793165747,0.224,5
2023-08-06,0,0,0.925332606177236,1.008897776567638,0.384,5
2023-08-07,0,0,1.0600347894644628,1.008897776567638,0.384,5
2023-08-08,0,0,1.2032070808322328,1.008897776567638,0.384,5
2023-08-09,0,0,1.1361856872066751,1.008897776567638,0.384,5
2023-08-10,0,0,1.2169384711338458,1.008897776567638,0.384,5
2023-08-11,0,0,1.124374488467241,1.008897776567638,0.384,5
2023-08-12,0,0,1.0302234899243532,1.008897776567638,0.384,5
2023-08-13,0,0,1.1364735275600777,1.031355626473976,0.224,5
2023-08-14,0,0,1.0140690876726717,1.031355626473976,0.224,5
2023-08-15,0,0,0.9598834391613684,1.031355626473976,0.224,5
2023-08-16,0,0,0.96344523411635,1.031355626473976,0.224,5
2023-08-17,0,0,0.8619772162480696,1.031355626473976,0.224,5
2023-08-18,1,0,0.84340585697894,1.031355626473976,0.224,5
2023-08-19,0,0,0.9361598228925094,1.031355626473976,0.224,5
2023-08-20,0,0,0.9812706645380184,1.011482597518289,0.384,5
2023-08-21,0,0,0.9880650175388538,1.011482597518289,0.384,5
2023-08-22,0,0,0.9501391402718308,1.011482597518289,0.384,5
2023-08-23,0,0,1.0115737235821658,1.011482597518289,0.384,5
2023-08-24,0,0,0.9999262702998436,1.011482597518289,0.384,5
2023-08-25,0,0,1.24194058981351,1.011482597518289,0.384,5
2023-08-26,0,0,1.1524945548408054,1.011482597518289,0.384,5
2023-08-27,0,0,1.0562711289247646,0.9785597878257478,0.608,5
2023-08-28,0,0,1.1258216617159271,0.9785597878257478,0.608,5
2023-08-29,0,0,1.127791985065815,0.9785597878257478,0.608,5
2023-08-30,0,0,1.0730811539867262,0.9785597878257478,0.608,5
2023-08-31,0,0,1.1374657637612942,0.9785597878257478,0.608,5
2023-09-01,0,0,0.9176351523297184,0.9785597878257478,0.608,5
2023-09-02,0,0,0.9210003824336146,0.9785597878257478,0.608,5
2023-09-03,0,0,0.9421400380007852,0.9579692928668132,0.72,5
2023-09-04,0,0,0.9211686908188832,0.9579692928668132,0.72,5
2023-09-05,1,0,0.8469144869908538,0.9579692928668132,0.72,5
2023-09-06,1,0,0.8378144001188419,0.9579692928668132,0.72,5
2023-09-07,1,0,0.8332308808794763,0.9579692928668132,0.72,5
2023-09-08,1,0,0.7903801903571291,0.9579692928668132,0.72,5
2023-09-09,0,0,0.9215862638123296,0.9579692928668132,0.72,5
2023-09-10,0,0,0.9192039742345504,1.019976964800843,0.384,5
2023-09-11,0,0,0.8882584499143324,1.019976964800843,0.384,5
2023-09-12,0,0,0.9893752333510308,1.019976964800843,0.384,5
2023-09-13,0,0,1.0276905021746976,1.019976964800843,0.384,5
2023-09-14,0,0,1.05764422804859,1.019976964800843,0.384,5
2023-09-15,0,0,1.037244258278199,1.019976964800843,0.384,5
2023-09-16,0,0,0.9111351623678404,1.019976964800843,0.384,5
2023-09-17,0,0,0.9168705447222036,1.0124890717820954,0.384,5
2023-09-18,0,0,0.9480631642651184,1.0124890717820954,0.384,5
2023-09-19,0,0,1.049584705904487,1.0124890717820954,0.384,5
2023-09-20,0,0,1.0582598221905524,1.0124890717820954,0.384,5
2023-09-21,0,0,1.0114472018825855,1.0124890717820954,0.384,5
2023-09-22,0,0,1.110871812182302,1.0124890717820954,0.384,5
2023-09-23,0,0,1.1541736168324266,1.0124890717820954,0.384,5
2023-09-24,0,0,1.1078020011333731,1.043068793165747,0.224,5
2023-09-25,0,0,1.074645609849099,1.043068793165747,0.224,5
2023-09-26,0,0,0.9539644229731924,1.043068793165747,0.224,5
2023-09-27,0,0,1.045324049908362,1.043068793165747,0.224,5
2023-09-28,0,0,1.058283583828204,1.043068793165747,0.224,5
2023-09-29,0,0,0.9529449023805296,1.043068793165747,0.224,5
2023-09-30,0,0,1.0335157970037918,1.043068793165747,0.224,5
2023-10-08,0,1,0.943214957935384,0.9852207398256356,0.6405529953917051,5
2023-10-09,0,1,0.8954605455623991,0.9852207398256356,0.6405529953917051,5
2023-10-10,0,1,0.8714609046846392,0.9852207398256356,0.6405529953917051,5
2023-10-11,0,1,0.8537394125385595,0.9852207398256356,0.6405529953917051,5
2023-10-12,0,1,0.9158302055623126,0.9852207398256356,0.6405529953917051,5
2023-10-13,1,1,0.8235183048240129,0.9852207398256356,0.6405529953917051,5
2023-10-14,1,1,0.8417997244121631,0.9852207398256356,0.6405529953917051,5
2023-10-15,0,1,0.8686185654387014,0.9971013099352669,0.5806451612903226,5
2023-10-16,1,1,0.837630457855076,0.9971013099352669,0.5806451612903226,5
2023-10-17,1,1,0.7765728111191363,0.9971013099352669,0.5806451612903226,5
2023-10-18,0,1,0.876315761424511,0.9971013099352669,0.5806451612903226,5
2023-10-19,0,1,0.8981339369635442,0.9971013099352669,0.5806451612903226,5
2023-10-20,0,1,1.0052067391820876,0.9971013099352669,0.5806451612903226,5
2023-10-21,0,1,1.0475645261799866,0.9971013099352669,0.5806451612903226,5
2023-10-22,0,1,1.0349876751325695,1.038683861347646,0.1935483870967742,5
2023-10-23,0,1,1.0648188658578015,1.038683861347646,0.1935483870967742,5
2023-10-24,0,1,1.2288539084267107,1.0528618079699321,0.07834101382488479,5
2023-10-25,0,1,1.325022505621457,1.0528618079699321,0.07834101382488479,5
2023-10-26,0,1,1.3444469765965152,1.0528618079699321,0.07834101382488479,5
2023-10-27,0,1,1.24809949228092,1.0528618079699321,0.07834101382488479,5
2023-10-28,0,1,1.1197888843427084,1.0528618079699321,0.07834101382488479,5
2023-10-29,0,1,1.0278744636215793,1.023015072299932,0.31336405529953915,5
2023-10-30,0,1,1.092155254370859,1.023015072299932,0.31336405529953915,5
2023-10-31,0,1,1.1015162289550902,1.023015072299932,0.31336405529953915,5
2023-11-01,0,1,0.9616024375172428,1.009239052444181,0.4009216589861751,5
2023-11-02,0,1,1.0211534524417607,1.009239052444181,0.4009216589861751,5
2023-11-03,0,1,1.0185200315853409,1.009239052444181,0.4009216589861751,5
2023-11-04,0,1,0.9938521706160228,1.009239052444181,0.4009216589861751,5
2023-11-05,0,1,1.0661778939631648,0.9690267655687432,0.7188940092165899,5
2023-11-06,0,1,1.1620310134405805,0.9690267655687432,0.7188940092165899,5
2023-11-07,0,1,0.980518173100777,0.9690267655687432,0.7188940092165899,5
2023-11-08,0,1,0.9051698390223948,0.9690267655687432,0.7188940092165899,5
2023-11-09,1,1,0.7489778501170876,0.9690267655687432,0.7188940092165899,5
2023-11-10,1,1,0.7527771910343829,0.9690267655687432,0.7188940092165899,5
2023-11-11,0,1,0.9667089341078078,0.9690267655687432,0.7188940092165899,5
2023-11-12,0,1,0.9442364852029852,1.0179012708530166,0.3686635944700461,5
2023-11-13,1,1,0.7318274766100183,1.0179012708530166,0.3686635944700461,5
2023-11-14,1,1,0.8206581432559168,1.0179012708530166,0.3686635944700461,5
2023-11-15,0,1,1.051314083184571,1.0179012708530166,0.3686635944700461,5
2023-11-16,0,1,1.0761913404529675,1.0179012708530166,0.3686635944700461,5
2023-11-17,0,1,0.9757244500222187,1.0179012708530166,0.3686635944700461,5
2023-11-18,0,1,0.940194569771074,1.0179012708530166,0.3686635944700461,5
2023-11-19,0,1,0.8987004950888953,1.0259100848430953,0.2534562211981567,5
2023-11-20,0,1,1.089296800690815,1.0259100848430953,0.2534562211981567,5
2023-11-21,0,1,1.1345993778130965,1.0259100848430953,0.2534562211981567,5
2023-11-22,0,1,1.0464304602981034,1.0259100848430953,0.2534562211981567,5
2023-11-23,0,1,1.1378360455267436,1.0259100848430953,0.2534562211981567,5
2023-11-24,0,1,1.3841279965162,1.0399136646883982,0.08294930875576037,5
2023-11-25,0,1,1.2713157281439782,1.0399136646883982,0.08294930875576037,5
2023-11-26,0,1,1.4205242426211462,1.0383507672612953,0.1935483870967742,5
2023-11-27,0,1,1.3156964922071708,1.0383507672612953,0.1935483870967742,5
2023-11-28,0,1,1.3008009098853073,1.0383507672612953,0.1935483870967742,5
2023-11-29,0,1,1.2479916720289856,1.0383507672612953,0.1935483870967742,5
2023-11-30,0,1,1.184579900085264,1.0383507672612953,0.1935483870967742,5
2023-12-01,0,1,0.9217983024910515,1.0243682430868715,0.25806451612903225,5
2023-12-02,0,1,0.9872117622337688,1.0243682430868715,0.25806451612903225,5
2023-12-03,0,1,0.9761410830534396,0.9421196639738679,0.8709677419354839,5
2023-12-04,0,1,0.9081520857619844,0.9421196639738679,0.8709677419354839,5
2023-12-05,0,1,0.9381732402892374,0.9421196639738679,0.8709677419354839,5
2023-12-06,0,1,0.9296518465586814,0.9421196639738679,0.8709677419354839,5
2023-12-07,1,1,0.8413685597788102,0.9421196639738679,0.8709677419354839,5
2023-12-08,0,1,0.991352633325197,0.9421196639738679,0.8709677419354839,5
2023-12-09,0,1,0.9411554944408358,0.9421196639738679,0.8709677419354839,5
2023-12-10,1,1,0.8389522108078011,0.9830296512139657,0.6774193548387096,5
2023-12-11,1,1,0.8071649857265369,0.9830296512139657,0.6774193548387096,5
2023-12-12,1,1,0.7572970023336949,0.9830296512139657,0.6774193548387096,5
2023-12-13,1,1,0.6208795880453283,0.9830296512139657,0.6774193548387096,5
2023-12-14,1,1,0.7592057772002324,0.9830296512139657,0.6774193548387096,5
2023-12-15,1,1,0.8328269225748938,0.9830296512139657,0.6774193548387096,5
2023-12-16,0,1,0.8590655807455964,0.9830296512139657,0.6774193548387096,5
2023-12-17,0,1,0.9377129218982944,1.002458351447455,0.4838709677419355,5
2023-12-18,0,1,0.9642064200950122,1.002458351447455,0.4838709677419355,5
2023-12-19,0,1,0.8985380992120569,1.002458351447455,0.4838709677419355,5
2023-12-20,0,1,1.174221538340847,1.002458351447455,0.4838709677419355,5
2023-12-21,0,1,1.219687141657661,1.002458351447455,0.4838709677419355,5
2023-12-22,0,1,1.109109822460017,1.002458351447455,0.4838709677419355,5
2023-12-23,0,1,1.1355025094767273,1.002458351447455,0.4838709677419355,5
2023-12-24,0,1,1.067923542918951,1.0528618079699321,0.07834101382488479,5
2023-12-25,0,1,1.0641320258226272,1.0528618079699321,0.07834101382488479,5
2023-12-26,0,1,1.1724151428996483,1.0528618079699321,0.07834101382488479,5
2023-12-27,0,1,1.10656776396788,1.0528618079699321,0.07834101382488479,5
2023-12-28,0,1,1.0122393038967503,1.0528618079699321,0.07834101382488479,5
2023-12-29,0,1,1.1349625439131328,1.0528618079699321,0.07834101382488479,5
2023-12-30,0,1,1.107041700896765,1.0528618079699321,0.07834101382488479,5
2023-12-31,0,1,1.0540714431461404,0.9977071947679887,0.5161290322580645,5
2024-01-08,0,2,0.9380252547156612,0.9245313391863742,0.8511326860841424,5
2024-01-09,0,2,0.8604976941696318,0.9185942512356372,0.8543689320388349,5
2024-01-10,0,2,0.8967950138147822,0.9200033526189708,0.8543689320388349,5
2024-01-11,1,2,0.81515703606474,0.9270594667885331,0.8349514563106796,5
2024-01-12,1,2,0.7697963725749237,0.9177729480849018,0.8640776699029126,5
2024-01-13,1,2,0.841357639507363,0.930904252983737,0.7993527508090615,5
2024-01-14,1,2,0.8237505800283649,0.9538949699762715,0.7022653721682848,5
2024-01-15,1,2,0.8143008517556474,0.9513309676905116,0.7152103559870551,5
2024-01-16,0,2,0.8574681818882544,0.9513309676905116,0.7152103559870551,5
2024-01-17,1,2,0.7587486496508539,0.9524960352081927,0.7022653721682848,5
2024-01-18,1,2,0.6693137152967722,0.9513309676905116,0.7152103559870551,5
2024-01-19,1,2,0.6699104276785826,0.9849471958668808,0.517799352750809,5
2024-01-20,0,2,0.8772632858888515,0.992765590359807,0.46601941747572817,5
2024-01-21,0,2,0.9892903383152972,1.0503733148600274,0.2297734627831715,5
2024-01-22,0,2,1.117405717166005,1.0521057625870736,0.2297734627831715,5
2024-01-23,0,2,1.1151266074232986,1.0503676293655748,0.2297734627831715,5
2024-01-24,0,2,1.075838623368072,1.1023230874094396,0.08737864077669903,5
2024-01-25,0,2,1.2754491983991014,1.1023230874094396,0.08737864077669903,5
2024-01-26,0,2,1.423986158079574,1.1023230874094396,0.08737864077669903,5
2024-01-27,0,2,1.2093563799502314,1.1005019925659514,0.08737864077669903,5
2024-01-28,0,2,1.0654453237147563,1.1133762406858194,0.032362459546925564,5
2024-01-29,0,2,0.947841005507312,1.0973081894955448,0.10355987055016182,5
2024-01-30,1,2,0.8351685356731198,1.0981759618077196,0.0970873786407767,5
2024-01-31,0,2,0.9497929613869894,1.1142567199203222,0.032362459546925564,5
2024-02-01,0,2,0.917248696829258,1.0617460199886182,0.17475728155339806,5
2024-02-02,0,2,0.8851405980336539,1.0436929898902405,0.24919093851132687,5
2024-02-03,0,2,0.982826709401738,1.0381052069483014,0.28802588996763756,5
2024-02-04,0,2,1.0025264392902944,0.9006705674658747,0.948220064724919,5
2024-02-05,0,2,0.9483480269362228,0.9030942463367753,0.9320388349514563,5
2024-02-06,0,2,1.0972617113073977,0.9037498475365664,0.9255663430420712,5
2024-02-07,0,2,1.0891759604105706,0.9051138697807858,0.9158576051779935,5
2024-02-08,0,2,1.096557459323093,0.8998964393810348,0.9546925566343042,5
2024-02-09,0,2,1.1167044003098343,0.8989163366237328,0.9579288025889967,5
2024-02-10,0,2,1.0002853718765394,0.9000172067532551,0.9514563106796117,5
2024-02-11,0,2,1.0068662107279371,0.9398870123270214,0.7443365695792881,5
2024-02-12,0,2,1.068197683139049,0.9645195156286345,0.6084142394822006,5
2024-02-13,0,2,0.9193871015786248,0.9606608186281534,0.6375404530744336,5
2024-02-14,0,2,0.9666893508669268,0.963042232116726,0.6181229773462783,5
2024-02-15,0,2,0.9701647067175788,0.962868227136396,0.6213592233009708,5
2024-02-16,0,2,0.951505866659967,0.9602305643127205,0.6440129449838188,5
2024-02-17,0,2,0.9867051638475192,0.9612331867203222,0.627831715210356,5
2024-02-18,0,2,0.9427333113260588,1.0016450749962613,0.4077669902912621,5
2024-02-19,0,2,0.978784236975376,1.0040476028262473,0.4077669902912621,5
2024-02-20,0,2,1.2204788803729685,1.0042290420660005,0.4077669902912621,5
2024-02-21,0,2,1.2578634247818792,1.0036310773861983,0.4077669902912621,5
2024-02-22,0,2,1.4160461739581691,1.0008535806594085,0.4174757281553398,5
2024-02-23,0,2,1.4083895326125038,1.0032542099669417,0.4077669902912621,5
2024-02-24,0,2,1.2889078774480094,1.0644881695727426,0.17475728155339806,5
2024-02-25,0,2,1.408628586196815,1.0856564033527236,0.11974110032362459,5
2024-02-26,0,2,1.5357853726649573,1.0689648501231068,0.16181229773462782,5
2024-02-27,0,2,1.4255036298830266,1.0624015937879716,0.17475728155339806,5
2024-02-28,0,2,1.3472740673438566,1.0624015937879716,0.17475728155339806,5
2024-02-29,0,2,1.0804552257818711,1.0689314399504353,0.16181229773462782,5
2024-03-01,0,2,1.0254354181414247,1.0159310937104686,0.33980582524271846,5
2024-03-02,0,2,1.1320172826735235,1.0159310937104686,0.33980582524271846,5
2024-03-03,0,2,1.128319747911003,0.924693104285955,0.8511326860841424,5
2024-03-04,0,2,0.9822802609177096,0.9265577166453141,0.8414239482200647,5
2024-03-05,0,2,0.9670810502033153,0.9237443559547833,0.8543689320388349,5
2024-03-06,0,2,0.946135861635669,0.9273490451345879,0.8284789644012945,5
2024-03-07,0,2,0.8708436819149774,0.9187413487162852,0.8543689320388349,5
2024-03-08,0,2,0.8762602644369504,0.9179892029393693,0.86084142394822,5
2024-03-09,1,2,0.8487925178810976,0.9171684407544318,0.8640776699029126,5
2024-03-10,1,2,0.7728795364314732,0.8982060181183088,0.9579288025889967,5
2024-03-11,1,2,0.708461282966484,0.8997464062678626,0.9579288025889967,5
2024-03-12,1,2,0.6426398373180695,0.8989163366237328,0.9579288025889967,5
2024-03-13,1,2,0.571377925482258,0.9002952525615735,0.948220064724919,5
2024-03-14,1,2,0.6901720416567598,0.9023656337268616,0.9385113268608414,5
2024-03-15,1,2,0.7549641664287521,0.937221655103412,0.7637540453074434,5
2024-03-16,1,2,0.836506042031234,0.9055722217802312,0.912621359223301,5
2024-03-17,0,2,0.9709646135075468,0.9815446964286311,0.5339805825242718,5
2024-03-18,0,2,0.9688339478220468,0.9905278517547239,0.5016181229773463,5
2024-03-19,0,2,0.9413149393033896,0.9915876662017349,0.4854368932038835,5
2024-03-20,0,2,1.0655612632569766,0.9905278517547239,0.5016181229773463,5
2024-03-21,0,2,1.133253625646406,0.9923718290043569,0.4692556634304207,5
2024-03-22,0,2,1.113040266895566,0.9896734845541133,0.5080906148867314,5
2024-03-23,0,2,1.036710651553232,0.9896734845541133,0.5080906148867314,5
2024-03-24,0,2,0.9228864380293004,1.1134810816156944,0.032362459546925564,5
2024-03-25,0,2,1.1500417141558186,1.1153236540687657,0.025889967637540454,5
2024-03-26,0,2,1.298740837351826,1.1143616437604105,0.032362459546925564,5
2024-03-27,0,2,1.2996211124527302,1.1153236540687657,0.025889967637540454,5
2024-03-28,0,2,1.323402650373225,1.1143616437604105,0.032362459546925564,5
2024-03-29,0,2,1.3339767416071382,1.1143616437604105,0.032362459546925564,5
2024-03-30,0,2,1.273455247833983,1.1144423317490515,0.02912621359223301,5
2024-03-31,0,2,1.1543087116353845,1.073842869107092,0.1553398058252427,5
2024-04-08,0,3,0.9013501692371486,0.8244144145827222,0.99,5
2024-04-09,0,3,0.9504673829573714,0.8248042767152627,0.9875,5
2024-04-10,1,3,0.8243382492106264,0.8254187252828444,0.9875,5
2024-04-11,1,3,0.7834501466330951,0.8107279274391314,0.995,5
2024-04-12,0,3,0.8698604395795992,0.8622391373649787,0.94,5
2024-04-13,1,3,0.7597608507551356,0.8367418422405764,0.9775,5
2024-04-14,1,3,0.677212775397524,0.8943728492989994,0.89,5
2024-04-15,1,3,0.6920359386686836,0.9268298814565245,0.7875,5
2024-04-16,1,3,0.6104944247335421,0.9444743573471094,0.69,5
2024-04-17,1,3,0.5682484576390117,0.933346688062349,0.7475,5
2024-04-18,1,3,0.6743462566199577,0.9438400758567566,0.6925,5
2024-04-19,1,3,0.8021678182057587,0.9549674395971732,0.655,5
2024-04-20,1,3,0.8338345092652095,0.9474824895506091,0.6825,5
2024-04-21,0,3,0.9500977307262902,1.0802405800167907,0.23,5
2024-04-22,0,3,0.894020763122248,1.076680943607056,0.2325,5
2024-04-23,0,3,0.991399742819852,1.0764126926678095,0.2325,5
2024-04-24,0,3,1.0878447526166517,1.1541365729705968,0.0225,5
2024-04-25,0,3,1.1142222845209917,1.1551027466467416,0.0225,5
2024-04-26,0,3,1.007146643273655,1.1492161054447687,0.04,5
2024-04-27,0,3,1.1844212349409298,1.1294055620483314,0.105,5
2024-04-28,0,3,1.1006217153126756,1.1298929640389836,0.105,5
2024-04-29,0,3,1.2106187582063732,1.1379847621456385,0.0825,5
2024-04-30,0,3,1.176679988504357,1.1438602169209988,0.0675,5
2024-05-01,0,3,1.169712985396964,1.0908520805856143,0.1975,5
2024-05-02,0,3,1.216461054387081,1.0880515866899334,0.205,5
2024-05-03,0,3,1.397113446052744,1.074037593081203,0.2375,5
2024-05-04,0,3,1.0699333394458723,1.065700272261798,0.2625,5
2024-05-05,0,3,1.0152024835913225,0.9288652000364889,0.7725,5
2024-05-06,0,3,0.9666563960052584,0.9441514970503376,0.6925,5
2024-05-07,0,3,1.0010999776265437,0.9326693108718589,0.75,5
2024-05-08,0,3,1.045751819874061,0.9468705616834305,0.6825,5
2024-05-09,0,3,1.2333799656918272,0.9301227942394056,0.765,5
2024-05-10,0,3,1.0191571683896132,0.9458273393045741,0.6825,5
2024-05-11,0,3,0.9714474788616788,0.933425987604686,0.7475,5
2024-05-12,0,3,1.0535541973093132,0.9218792647341638,0.805,5
2024-05-13,0,3,1.0240117177175188,0.9356174708853376,0.7325,5
2024-05-14,0,3,1.125954466739724,0.9664555545502466,0.6,5
2024-05-15,0,3,1.2327625220716356,0.9514963266347363,0.6725,5
2024-05-16,0,3,0.8955376067268118,0.933466749203365,0.7475,5
2024-05-17,1,3,0.7913953040488042,0.8973272662205098,0.885,5
2024-05-18,0,3,0.9055523499200772,0.9624866068039719,0.61,5
2024-05-19,0,3,1.0128479078315926,0.9819219994229325,0.535,5
2024-05-20,0,3,1.2727679133110166,0.9789661085707743,0.5475,5
2024-05-21,0,3,1.1537031263145334,0.9688304390617551,0.5825,5
2024-05-22,0,3,1.046269531398886,0.9158212554368697,0.8275,5
2024-05-23,0,3,1.0562146124420275,0.9209191522411149,0.81,5
2024-05-24,0,3,1.2380722690129595,1.0244290539525545,0.3575,5
2024-05-25,0,3,1.2213285629567612,1.032823500893181,0.335,5
2024-05-26,0,3,1.228174786340416,1.1492946246676055,0.04,5
2024-05-27,0,3,1.0487811469475452,1.1111463112537165,0.1325,5
2024-05-28,0,3,0.9800365302910446,1.1146912575399677,0.13,5
2024-05-29,0,3,0.9766676001211076,1.1094175530218207,0.1325,5
2024-05-30,0,3,1.0512578208843095,1.1193991406414778,0.1225,5
2024-05-31,0,3,0.9961927431314136,1.1220909687087617,0.1175,5
2024-06-01,0,3,1.0782850177636043,1.061212902647788,0.275,5
2024-06-02,0,3,0.9920610924462848,0.9427478127789453,0.695,5
2024-06-03,0,3,0.9346561396567484,0.947942757901352,0.6825,5
2024-06-04,0,3,0.9732410768918764,0.9438949353043026,0.6925,5
2024-06-05,0,3,1.0072004413080666,0.9527788431431116,0.6625,5
2024-06-06,0,3,0.9640593675152046,0.9420955809313323,0.6975,5
2024-06-07,0,3,1.1256372778569268,0.946156440381795,0.6825,5
2024-06-08,0,3,1.1008109168047002,0.9322342357732482,0.7525,5
2024-06-09,0,3,0.989007483306001,0.9932060849986452,0.485,5
2024-06-10,0,3,0.9274834755604218,0.9977936335993104,0.4725,5
2024-06-11,0,3,1.0227093286635367,1.0060357910356839,0.4275,5
2024-06-12,0,3,0.8594831565656494,1.010327760900814,0.4175,5
2024-06-13,0,3,0.917704853697102,1.0067546011840605,0.4275,5
2024-06-14,1,3,0.6795921971656652,1.0073928351811563,0.4225,5
2024-06-15,1,3,0.6145184425791482,0.9809821108900739,0.535,5
2024-06-16,1,3,0.6919752734828566,0.8513814826957173,0.96,5
2024-06-17,1,3,0.7297780106527604,0.8846051300199063,0.905,5
2024-06-18,1,3,0.6735497277838808,0.8535445970682775,0.9575,5
2024-06-19,1,3,0.7804324729432032,0.890548580958047,0.895,5
2024-06-20,1,3,0.8217039182820827,0.8861265637963571,0.9025,5
2024-06-21,1,3,0.7884223086555656,0.8622403322636935,0.94,5
2024-06-22,0,3,0.9602602959616506,0.8662127181099619,0.9325,5
2024-06-23,0,3,1.024427310962878,1.0844943862385206,0.2175,5
2024-06-24,0,3,1.195491628687297,1.1332199304901696,0.0975,5
2024-06-25,0,3,1.215906713930801,1.1411781723596293,0.075,5
2024-06-26,0,3,1.2258309674396182,1.1267878000635683,0.11,5
2024-06-27,0,3,1.073965935073988,1.119909483736176,0.12,5
2024-06-28,0,3,1.2305126825999335,1.135597715103358,0.0975,5
2024-06-29,0,3,1.097148681317217,1.144546955272841,0.065,5
2024-06-30,0,3,1.0619410379298095,1.09032810583313,0.1975,5
2024-07-08,0,4,1.116457631384267,0.9952527300075009,0.43380855397148677,5
2024-07-09,0,4,1.0101891778297445,0.9627001674482675,0.5580448065173116,5
2024-07-10,0,4,1.0863941086454256,0.9932688654852371,0.4419551934826884,5
2024-07-11,0,4,0.9965360490189162,0.9702517304931206,0.5376782077393075,5
2024-07-12,0,4,0.9539304823475042,0.9710176676294562,0.5376782077393075,5
2024-07-13,0,4,0.950638118953398,0.9765350523349675,0.5112016293279023,5
2024-07-14,1,4,0.8397214790590249,0.8803007768218631,0.8818737270875764,5
2024-07-15,1,4,0.7334528107337351,0.8624106929422605,0.8961303462321792,5
2024-07-16,0,4,0.8883891721870719,0.9250351623414629,0.7718940936863544,5
2024-07-17,1,4,0.8437789187234767,0.9109126703478106,0.8207739307535642,5
2024-07-18,1,4,0.8472455707817422,0.9298253734902654,0.7535641547861507,5
2024-07-19,0,4,0.910717151006186,0.8800811909654267,0.8818737270875764,5
2024-07-20,0,4,0.925370339191337,0.8928208729643172,0.8594704684317719,5
2024-07-21,0,4,0.9397654980095967,1.0561847844260732,0.26476578411405294,5
2024-07-22,0,4,1.104105804698513,1.0779590444937905,0.2219959266802444,5
2024-07-23,0,4,1.121178664383199,1.0780636588249493,0.2219959266802444,5
2024-07-24,0,4,1.2550419907953434,1.139348113729484,0.08757637474541752,5
2024-07-25,0,4,1.3558074600098629,1.1439092389470167,0.07942973523421588,5
2024-07-26,0,4,1.2959917929379574,1.1099531576424972,0.13441955193482688,5
2024-07-27,0,4,1.2389659237927133,1.141694438222569,0.0835030549898167,5
2024-07-28,0,4,1.4091135047749308,1.1527380904923845,0.05295315682281059,5
2024-07-29,0,4,1.3050678458824962,1.1500838822808384,0.05702647657841141,5
2024-07-30,0,4,1.3048241644198404,1.1547888012239969,0.04480651731160896,5
2024-07-31,0,4,1.2597264680283011,1.1225374854060202,0.11608961303462322,5
2024-08-01,0,4,1.121700455984094,1.017375377911087,0.3645621181262729,5
2024-08-02,0,4,1.0415576174661785,1.036231904987882,0.31771894093686354,5
2024-08-03,0,4,1.0714138034837262,1.039621561119529,0.3014256619144603,5
2024-08-04,0,4,0.9254800342702844,0.9064270227321175,0.8329938900203666,5
2024-08-05,0,4,0.9988541841260816,0.9173771235022241,0.8085539714867617,5
2024-08-06,0,4,0.9756751014725488,0.9323265832464098,0.745417515274949,5
2024-08-07,0,4,0.950823057621353,0.8895795937499272,0.8655804480651731,5
2024-08-08,0,4,0.903694941501862,0.911678104847498,0.8187372708757638,5
2024-08-09,0,4,0.9996673408605188,0.9298238424612321,0.7535641547861507,5
2024-08-10,0,4,1.0858174208180866,0.9409886470545055,0.6883910386965377,5
2024-08-11,0,4,1.044348391022553,1.0062240889258516,0.39918533604887985,5
2024-08-12,0,4,0.932182289361824,0.9722795742049809,0.5315682281059063,5
2024-08-13,0,4,0.9069610610786007,0.9318115685305643,0.745417515274949,5
2024-08-14,1,4,0.8265701897589802,0.9654959535305814,0.5539714867617108,5
2024-08-15,0,4,0.9676451248182724,0.9715835437400108,0.5356415478615071,5
2024-08-16,0,4,0.9250031917066456,0.9706461872137229,0.5376782077393075,5
2024-08-17,0,4,0.8864973567568095,0.9441738634343201,0.6761710794297352,5
2024-08-18,0,4,0.9752006344141928,0.8137942340495308,0.9531568228105907,5
2024-08-19,0,4,0.9430349725449813,0.8119007926053463,0.955193482688391,5
2023-07-08,0,0,0.9241726794350844,0.9629440307617188,1.0,6
2023-07-09,0,0,0.9743232874576132,1.0029717683792114,0.4,6
2023-07-10,0,0,0.9966145169869692,1.0020945072174072,0.408,6
2023-07-11,0,0,0.9517191542034068,1.001171588897705,0.408,6
2023-07-12,0,0,0.948542157152549,1.001171588897705,0.408,6
2023-07-13,1,0,0.8136032158541315,1.001171588897705,0.408,6
2023-07-14,1,0,0.8379735483359313,1.001171588897705,0.408,6
2023-07-15,0,0,0.8701002940440485,1.001171588897705,0.408,6
2023-07-16,0,0,0.9114132510669704,0.9903216361999512,0.464,6
2023-07-17,0,0,0.8908737944136609,0.9875984787940979,0.48,6
2023-07-18,0,0,0.9255322693960212,0.9875984787940979,0.48,6
2023-07-19,0,0,0.967263115722151,0.9875984787940979,0.48,6
2023-07-20,0,0,1.0407271001586968,0.9875984787940979,0.48,6
2023-07-21,0,0,1.0879196255666288,0.9875984787940979,0.48,6
2023-07-22,0,0,1.0747706880007073,0.9885214567184448,0.48,6
2023-07-23,0,0,1.082245562916266,1.140945315361023,0.096,6
2023-07-24,0,0,1.1801619598634046,1.1655796766281128,0.056,6
2023-07-25,0,0,1.1393366031481695,1.1683027744293213,0.04,6
2023-07-26,0,0,1.0470649557621556,1.1655796766281128,0.056,6
2023-07-27,0,0,1.0524089049987362,1.1655796766281128,0.056,6
2023-07-28,0,0,1.0961332324625743,1.1655796766281128,0.056,6
2023-07-29,0,0,1.1475046354373504,1.1683027744293213,0.04,6
2023-07-30,0,0,1.1030104289707232,1.0459060668945312,0.224,6
2023-07-31,0,0,0.9802661574733532,1.0468289852142334,0.2,6
2023-08-01,0,0,0.9276591914865956,1.0212717056274414,0.28,6
2023-08-02,0,0,0.9856192869568604,1.0212717056274414,0.28,6
2023-08-03,0,0,0.9849464199753928,1.0212717056274414,0.28,6
2023-08-04,0,0,1.0288017106784253,1.0221946239471436,0.28,6
2023-08-05,0,0,1.0494101563413691,1.0221946239471436,0.28,6
2023-08-06,0,0,0.925332606177236,0.9850164651870728,0.512,6
2023-08-07,0,0,1.0600347894644628,0.9850164651870728,0.512,6
2023-08-08,0,0,1.2032070808322328,0.9850164651870728,0.512,6
2023-08-09,0,0,1.1361856872066751,0.9877398014068604,0.48,6
2023-08-10,0,0,1.2169384711338458,0.9850164651870728,0.512,6
2023-08-11,0,0,1.124374488467241,0.9850164651870728,0.512,6
2023-08-12,0,0,1.0302234899243532,0.9850164651870728,0.512,6
2023-08-13,0,0,1.1364735275600777,1.013896107673645,0.312,6
2023-08-14,0,0,1.0140690876726717,1.0166192054748535,0.28,6
2023-08-15,0,0,0.9598834391613684,1.013896107673645,0.312,6
2023-08-16,0,0,0.96344523411635,1.013896107673645,0.312,6
2023-08-17,0,0,0.8619772162480696,1.0166192054748535,0.28,6
2023-08-18,1,0,0.84340585697894,1.013896107673645,0.312,6
2023-08-19,0,0,0.9361598228925094,1.013896107673645,0.312,6
2023-08-20,0,0,0.9812706645380184,0.9915571212768555,0.464,6
2023-08-21,0,0,0.9880650175388538,0.9888338446617126,0.48,6
2023-08-22,0,0,0.9501391402718308,0.9888338446617126,0.48,6
2023-08-23,0,0,1.0115737235821658,0.9897568225860596,0.48,6
2023-08-24,0,0,0.9999262702998436,1.0134682655334473,0.312,6
2023-08-25,0,0,1.24194058981351,1.0134682655334473,0.312,6
2023-08-26,0,0,1.1524945548408054,1.0161913633346558,0.28,6
2023-08-27,0,0,1.0562711289247646,1.0121686458587646,0.336,6
2023-08-28,0,0,1.1258216617159271,1.0112457275390625,0.368,6
2023-08-29,0,0,1.127791985065815,1.0112457275390625,0.368,6
2023-08-30,0,0,1.0730811539867262,1.0112457275390625,0.368,6
2023-08-31,0,0,1.1374657637612942,1.0112457275390625,0.368,6
2023-09-01,0,0,0.9176351523297184,0.988411545753479,0.48,6
2023-09-02,0,0,0.9210003824336146,0.9893345236778259,0.48,6
2023-09-03,0,0,0.9421400380007852,0.9642142057418823,0.848,6
2023-09-04,0,0,0.9211686908188832,0.9642142057418823,0.848,6
2023-09-05,1,0,0.8469144869908538,0.9642142057418823,0.848,6
2023-09-06,1,0,0.8378144001188419,0.9642142057418823,0.848,6
2023-09-07,1,0,0.8332308808794763,0.9642142057418823,0.848,6
2023-09-08,1,0,0.7903801903571291,0.9669371843338013,0.8,6
2023-09-09,0,0,0.9215862638123296,0.9642142057418823,0.848,6
2023-09-10,0,0,0.9192039742345504,1.0016014575958252,0.408,6
2023-09-11,0,0,0.8882584499143324,0.9988783597946167,0.408,6
2023-09-12,0,0,0.9893752333510308,0.9988783597946167,0.408,6
2023-09-13,0,0,1.0276905021746976,1.0016014575958252,0.408,6
2023-09-14,0,0,1.05764422804859,0.9998014569282532,0.408,6
2023-09-15,0,0,1.037244258278199,0.9988783597946167,0.408,6
2023-09-16,0,0,0.9111351623678404,0.9988783597946167,0.408,6
2023-09-17,0,0,0.9168705447222036,1.007419228553772,0.392,6
2023-09-18,0,0,0.9480631642651184,1.007419228553772,0.392,6
2023-09-19,0,0,1.049584705904487,1.0101423263549805,0.376,6
2023-09-20,0,0,1.0582598221905524,1.007419228553772,0.392,6
2023-09-21,0,0,1.0114472018825855,1.0083421468734741,0.392,6
2023-09-22,0,0,1.110871812182302,1.007419228553772,0.392,6
2023-09-23,0,0,1.1541736168324266,1.007419228553772,0.392,6
2023-09-24,0,0,1.1078020011333731,1.0521537065505981,0.2,6
2023-09-25,0,0,1.074645609849099,1.0521537065505981,0.2,6
2023-09-26,0,0,0.9539644229731924,1.0548768043518066,0.2,6
2023-09-27,0,0,1.045324049908362,1.0521537065505981,0.2,6
2023-09-28,0,0,1.058283583828204,1.0521537065505981,0.2,6
2023-09-29,0,0,0.9529449023805296,1.0521537065505981,0.2,6
2023-09-30,0,0,1.0335157970037918,1.0521537065505981,0.2,6
2023-10-08,0,1,0.943214957935384,0.98443603515625,0.663594470046083,6
2023-10-09,0,1,0.8954605455623991,0.98443603515625,0.663594470046083,6
2023-10-10,0,1,0.8714609046846392,0.98443603515625,0.663594470046083,6
2023-10-11,0,1,0.8537394125385595,0.98443603515625,0.663594470046083,6
2023-10-12,0,1,0.9158302055623126,1.0008584260940552,0.4147465437788018,6
2023-10-13,1,1,0.8235183048240129,0.98443603515625,0.663594470046083,6
2023-10-14,1,1,0.8417997244121631,0.98443603515625,0.663594470046083,6
2023-10-15,0,1,0.8686185654387014,1.010524034500122,0.3271889400921659,6
2023-10-16,1,1,0.837630457855076,1.0070257186889648,0.35023041474654376,6
2023-10-17,1,1,0.7765728111191363,0.9994587898254395,0.4147465437788018,6
2023-10-18,0,1,0.876315761424511,1.003087043762207,0.3870967741935484,6
2023-10-19,0,1,0.8981339369635442,0.9994587898254395,0.4147465437788018,6
2023-10-20,0,1,1.0052067391820876,0.9994587898254395,0.4147465437788018,6
2023-10-21,0,1,1.0475645261799866,1.010524034500122,0.3271889400921659,6
2023-10-22,0,1,1.0349876751325695,1.1153452396392822,0.09216589861751152,6
2023-10-23,0,1,1.0648188658578015,1.1166242361068726,0.09216589861751152,6
2023-10-24,0,1,1.2288539084267107,1.1676981449127197,0.02304147465437788,6
2023-10-25,0,1,1.325022505621457,1.156503677368164,0.03225806451612903,6
2023-10-26,0,1,1.3444469765965152,1.156503677368164,0.03225806451612903,6
2023-10-27,0,1,1.24809949228092,1.156503677368164,0.03225806451612903,6
2023-10-28,0,1,1.1197888843427084,1.1640702486038208,0.03225806451612903,6
2023-10-29,0,1,1.0278744636215793,1.0425057411193848,0.17050691244239632,6
2023-10-30,0,1,1.092155254370859,1.038628339767456,0.17511520737327188,6
2023-10-31,0,1,1.1015162289550902,1.038628339767456,0.17511520737327188,6
2023-11-01,0,1,0.9616024375172428,0.9991790056228638,0.4147465437788018,6
2023-11-02,0,1,1.0211534524417607,0.9991790056228638,0.4147465437788018,6
2023-11-03,0,1,1.0185200315853409,1.0119733810424805,0.2995391705069124,6
2023-11-04,0,1,0.9938521706160228,1.0028072595596313,0.3870967741935484,6
2023-11-05,0,1,1.0661778939631648,0.9810373187065125,0.6912442396313364,6
2023-11-06,0,1,1.1620310134405805,0.9758812189102173,0.7188940092165899,6
2023-11-07,0,1,0.980518173100777,0.9758812189102173,0.7188940092165899,6
2023-11-08,0,1,0.9051698390223948,0.9758812189102173,0.7188940092165899,6
2023-11-09,1,1,0.7489778501170876,0.9758812189102173,0.7188940092165899,6
2023-11-10,1,1,0.7527771910343829,0.9797582626342773,0.695852534562212,6
2023-11-11,0,1,0.9667089341078078,0.9854992032051086,0.6589861751152074,6
2023-11-12,0,1,0.9442364852029852,1.0851372480392456,0.09216589861751152,6
2023-11-13,1,1,0.7318274766100183,1.0911277532577515,0.09216589861751152,6
2023-11-14,1,1,0.8206581432559168,1.0947556495666504,0.09216589861751152,6
2023-11-15,0,1,1.051314083184571,1.0911277532577515,0.09216589861751152,6
2023-11-16,0,1,1.0761913404529675,1.0890146493911743,0.09216589861751152,6
2023-11-17,0,1,0.9757244500222187,1.0890146493911743,0.09216589861751152,6
2023-11-18,0,1,0.940194569771074,1.0851372480392456,0.09216589861751152,6
2023-11-19,0,1,0.8987004950888953,1.090477705001831,0.09216589861751152,6
2023-11-20,0,1,1.089296800690815,1.090477705001831,0.09216589861751152,6
2023-11-21,0,1,1.1345993778130965,1.1036556959152222,0.09216589861751152,6
2023-11-22,0,1,1.0464304602981034,1.0866003036499023,0.09216589861751152,6
2023-11-23,0,1,1.1378360455267436,1.101542592048645,0.09216589861751152,6
2023-11-24,0,1,1.3841279965162,1.1446194648742676,0.03686635944700461,6
2023-11-25,0,1,1.2713157281439782,1.1299266815185547,0.059907834101382486,6
2023-11-26,0,1,1.4205242426211462,1.0898197889328003,0.09216589861751152,6
2023-11-27,0,1,1.3156964922071708,1.0840787887573242,0.09216589861751152,6
2023-11-28,0,1,1.3008009098853073,1.0861918926239014,0.09216589861751152,6
2023-11-29,0,1,1.2479916720289856,1.0861918926239014,0.09216589861751152,6
2023-11-30,0,1,1.184579900085264,1.0840787887573242,0.09216589861751152,6
2023-12-01,0,1,0.9217983024910515,1.0429203510284424,0.17050691244239632,6
2023-12-02,0,1,0.9872117622337688,1.0450334548950195,0.16589861751152074,6
2023-12-03,0,1,0.9761410830534396,0.9629063606262207,0.7788018433179723,6
2023-12-04,0,1,0.9081520857619844,0.9590291380882263,0.8202764976958525,6
2023-12-05,0,1,0.9381732402892374,0.9590291380882263,0.8202764976958525,6
2023-12-06,0,1,0.9296518465586814,0.9590291380882263,0.8202764976958525,6
2023-12-07,1,1,0.8413685597788102,0.9629063606262207,0.7788018433179723,6
2023-12-08,0,1,0.991352633325197,0.9686474204063416,0.7511520737327189,6
2023-12-09,0,1,0.9411554944408358,0.9590291380882263,0.8202764976958525,6
2023-12-10,1,1,0.8389522108078011,0.9893894195556641,0.5299539170506913,6
2023-12-11,1,1,0.8071649857265369,0.9906683564186096,0.5069124423963134,6
2023-12-12,1,1,0.7572970023336949,0.9932666420936584,0.45622119815668205,6
2023-12-13,1,1,0.6208795880453283,0.9893894195556641,0.5299539170506913,6
2023-12-14,1,1,0.7592057772002324,0.9990079998970032,0.4147465437788018,6
2023-12-15,1,1,0.8328269225748938,0.9953798651695251,0.43317972350230416,6
2023-12-16,0,1,0.8590655807455964,0.9906683564186096,0.5069124423963134,6
2023-12-17,0,1,0.9377129218982944,1.0032795667648315,0.3870967741935484,6
2023-12-18,0,1,0.9642064200950122,0.9972886443138123,0.41935483870967744,6
2023-12-19,0,1,0.8985380992120569,0.9972886443138123,0.41935483870967744,6
2023-12-20,0,1,1.174221538340847,1.0069074630737305,0.35023041474654376,6
2023-12-21,0,1,1.219687141657661,0.9972886443138123,0.41935483870967744,6
2023-12-22,0,1,1.109109822460017,0.9972886443138123,0.41935483870967744,6
2023-12-23,0,1,1.1355025094767273,0.9972886443138123,0.41935483870967744,6
2023-12-24,0,1,1.067923542918951,1.1714187860488892,0.02304147465437788,6
2023-12-25,0,1,1.0641320258226272,1.175046682357788,0.018433179723502304,6
2023-12-26,0,1,1.1724151428996483,1.1771597862243652,0.018433179723502304,6
2023-12-27,0,1,1.10656776396788,1.1714187860488892,0.02304147465437788,6
2023-12-28,0,1,1.0122393038967503,1.1714187860488892,0.02304147465437788,6
2023-12-29,0,1,1.1349625439131328,1.1714187860488892,0.02304147465437788,6
2023-12-30,0,1,1.107041700896765,1.1714187860488892,0.02304147465437788,6
2023-12-31,0,1,1.0540714431461404,1.0319600105285645,0.2534562211981567,6
2024-01-08,0,2,0.9380252547156612,0.952392041683197,0.7055016181229773,6
2024-01-09,0,2,0.8604976941696318,0.9390255808830261,0.8284789644012945,6
2024-01-10,0,2,0.8967950138147822,0.9390255808830261,0.8284789644012945,6
2024-01-11,1,2,0.81515703606474,0.9416265487670898,0.8058252427184466,6
2024-01-12,1,2,0.7697963725749237,0.9390255808830261,0.8284789644012945,6
2024-01-13,1,2,0.841357639507363,0.9439178109169006,0.7831715210355987,6
2024-01-14,1,2,0.8237505800283649,0.9597300291061401,0.6375404530744336,6
2024-01-15,1,2,0.8143008517556474,0.9463635087013245,0.7508090614886731,6
2024-01-16,0,2,0.8574681818882544,0.9489643573760986,0.7443365695792881,6
2024-01-17,1,2,0.7587486496508539,0.9489643573760986,0.7443365695792881,6
2024-01-18,1,2,0.6693137152967722,0.9463635087013245,0.7508090614886731,6
2024-01-19,1,2,0.6699104276785826,0.9678080081939697,0.5533980582524272,6
2024-01-20,0,2,0.8772632858888515,0.9909746646881104,0.3948220064724919,6
2024-01-21,0,2,0.9892903383152972,0.9939104914665222,0.3818770226537217,6
2024-01-22,0,2,1.117405717166005,1.0409587621688843,0.2783171521035599,6
2024-01-23,0,2,1.1151266074232986,1.0420527458190918,0.2783171521035599,6
2024-01-24,0,2,1.075838623368072,1.1098263263702393,0.11650485436893204,6
2024-01-25,0,2,1.2754491983991014,1.1109771728515625,0.11650485436893204,6
2024-01-26,0,2,1.423986158079574,1.1155604124069214,0.11003236245954692,6
2024-01-27,0,2,1.2093563799502314,1.0883562564849854,0.16828478964401294,6
2024-01-28,0,2,1.0654453237147563,1.184509515762329,0.042071197411003236,6
2024-01-29,0,2,0.947841005507312,1.1495463848114014,0.06796116504854369,6
2024-01-30,1,2,0.8351685356731198,1.1489497423171997,0.06796116504854369,6
2024-01-31,0,2,0.9497929613869894,1.168599009513855,0.05501618122977346,6
2024-02-01,0,2,0.917248696829258,1.0984565019607544,0.1423948220064725,6
2024-02-02,0,2,0.8851405980336539,1.0754802227020264,0.18770226537216828,6
2024-02-03,0,2,0.982826709401738,1.0754802227020264,0.18770226537216828,6
2024-02-04,0,2,1.0025264392902944,0.9419633150100708,0.7993527508090615,6
2024-02-05,0,2,0.9483480269362228,0.9242197275161743,0.912621359223301,6
2024-02-06,0,2,1.0972617113073977,0.9268773794174194,0.8867313915857605,6
2024-02-07,0,2,1.0891759604105706,0.9353517293930054,0.8673139158576052,6
2024-02-08,0,2,1.096557459323093,0.9219853281974792,0.9676375404530745,6
2024-02-09,0,2,1.1167044003098343,0.9230793118476868,0.948220064724919,6
2024-02-10,0,2,1.0002853718765394,0.9219853281974792,0.9676375404530745,6
2024-02-11,0,2,1.0068662107279371,0.9521604180335999,0.7055016181229773,6
2024-02-12,0,2,1.068197683139049,0.9690219759941101,0.5501618122977346,6
2024-02-13,0,2,0.9193871015786248,0.9738801121711731,0.4919093851132686,6
2024-02-14,0,2,0.9666893508669268,0.9664211273193359,0.5631067961165048,6
2024-02-15,0,2,0.9701647067175788,0.9652239680290222,0.56957928802589,6
2024-02-16,0,2,0.951505866659967,0.9641299247741699,0.5857605177993528,6
2024-02-17,0,2,0.9867051638475192,0.9641299247741699,0.5857605177993528,6
2024-02-18,0,2,0.9427333113260588,1.031262993812561,0.30097087378640774,6
2024-02-19,0,2,0.978784236975376,1.0294480323791504,0.3042071197411003,6
2024-02-20,0,2,1.2204788803729685,1.0355005264282227,0.2912621359223301,6
2024-02-21,0,2,1.2578634247818792,1.0385934114456177,0.284789644012945,6
2024-02-22,0,2,1.4160461739581691,1.0320490598678589,0.29449838187702265,6
2024-02-23,0,2,1.4083895326125038,1.0294480323791504,0.3042071197411003,6
2024-02-24,0,2,1.2889078774480094,1.104068398475647,0.1262135922330097,6
2024-02-25,0,2,1.408628586196815,1.1772642135620117,0.04854368932038835,6
2024-02-26,0,2,1.5357853726649573,1.1233701705932617,0.10032362459546926,6
2024-02-27,0,2,1.4255036298830266,1.12373685836792,0.10032362459546926,6
2024-02-28,0,2,1.3472740673438566,1.1211358308792114,0.11003236245954692,6
2024-02-29,0,2,1.0804552257818711,1.1345024108886719,0.07766990291262135,6
2024-03-01,0,2,1.0254354181414247,1.047666311264038,0.2588996763754045,6
2024-03-02,0,2,1.1320172826735235,1.0500130653381348,0.2459546925566343,6
2024-03-03,0,2,1.128319747911003,0.9821963906288147,0.44983818770226536,6
2024-03-04,0,2,0.9822802609177096,0.9821963906288147,0.44983818770226536,6
2024-03-05,0,2,0.9670810502033153,0.968829870223999,0.5501618122977346,6
2024-03-06,0,2,0.946135861635669,0.988807737827301,0.4077669902912621,6
2024-03-07,0,2,0.8708436819149774,0.968829870223999,0.5501618122977346,6
2024-03-08,0,2,0.8762602644369504,0.968829870223999,0.5501618122977346,6
2024-03-09,1,2,0.8487925178810976,0.971430778503418,0.5275080906148867,6
2024-03-10,1,2,0.7728795364314732,0.9219853281974792,0.9676375404530745,6
2024-03-11,1,2,0.708461282966484,0.9219853281974792,0.9676375404530745,6
2024-03-12,1,2,0.6426398373180695,0.9242197275161743,0.912621359223301,6
2024-03-13,1,2,0.571377925482258,0.9219853281974792,0.9676375404530745,6
2024-03-14,1,2,0.6901720416567598,0.9268773794174194,0.8867313915857605,6
2024-03-15,1,2,0.7549641664287521,0.945963442325592,0.7540453074433657,6
2024-03-16,1,2,0.836506042031234,0.9231361150741577,0.948220064724919,6
2024-03-17,0,2,0.9709646135075468,0.9618571400642395,0.6181229773462783,6
2024-03-18,0,2,0.9688339478220468,0.9916256070137024,0.39158576051779936,6
2024-03-19,0,2,0.9413149393033896,1.0208122730255127,0.31715210355987056,6
2024-03-20,0,2,1.0655612632569766,1.0150781869888306,0.3333333333333333,6
2024-03-21,0,2,1.133253625646406,1.0208122730255127,0.31715210355987056,6
2024-03-22,0,2,1.113040266895566,1.0139378309249878,0.33980582524271846,6
2024-03-23,0,2,1.036710651553232,1.0165388584136963,0.3300970873786408,6
2024-03-24,0,2,0.9228864380293004,1.1560522317886353,0.06796116504854369,6
2024-03-25,0,2,1.1500417141558186,1.1247928142547607,0.0970873786407767,6
2024-03-26,0,2,1.298740837351826,1.1510803699493408,0.06796116504854369,6
2024-03-27,0,2,1.2996211124527302,1.1473389863967896,0.06796116504854369,6
2024-03-28,0,2,1.323402650373225,1.1116667985916138,0.11650485436893204,6
2024-03-29,0,2,1.3339767416071382,1.1024754047393799,0.13268608414239483,6
2024-03-30,0,2,1.273455247833983,1.1036818027496338,0.1262135922330097,6
2024-03-31,0,2,1.1543087116353845,1.1075701713562012,0.11650485436893204,6
2024-04-08,0,3,0.9013501692371486,0.867957592010498,0.9825,6
2024-04-09,0,3,0.9504673829573714,0.8636394143104553,0.9825,6
2024-04-10,1,3,0.8243382492106264,0.856525719165802,0.9925,6
2024-04-11,1,3,0.7834501466330951,0.8554155826568604,1.0,6
2024-04-12,0,3,0.8698604395795992,0.8908805251121521,0.9375,6
2024-04-13,1,3,0.7597608507551356,0.872098445892334,0.975,6
2024-04-14,1,3,0.677212775397524,0.9237129092216492,0.81,6
2024-04-15,1,3,0.6920359386686836,0.957078218460083,0.63,6
2024-04-16,1,3,0.6104944247335421,1.001418948173523,0.41,6
2024-04-17,1,3,0.5682484576390117,1.0085786581039429,0.38,6
2024-04-18,1,3,0.6743462566199577,1.0610886812210083,0.2875,6
2024-04-19,1,3,0.8021678182057587,1.0764433145523071,0.2425,6
2024-04-20,1,3,0.8338345092652095,1.065993070602417,0.265,6
2024-04-21,0,3,0.9500977307262902,1.159813642501831,0.0975,6
2024-04-22,0,3,0.894020763122248,1.1682078838348389,0.08,6
2024-04-23,0,3,0.991399742819852,1.1630305051803589,0.0925,6
2024-04-24,0,3,1.0878447526166517,1.2523775100708008,0.015,6
2024-04-25,0,3,1.1142222845209917,1.249605417251587,0.015,6
2024-04-26,0,3,1.007146643273655,1.2087987661361694,0.0475,6
2024-04-27,0,3,1.1844212349409298,1.2267520427703857,0.0275,6
2024-04-28,0,3,1.1006217153126756,1.2714784145355225,0.01,6
2024-04-29,0,3,1.2106187582063732,1.2305634021759033,0.0275,6
2024-04-30,0,3,1.176679988504357,1.229352593421936,0.0275,6
2024-05-01,0,3,1.169712985396964,1.1750102043151855,0.07,6
2024-05-02,0,3,1.216461054387081,1.092912197113037,0.1975,6
2024-05-03,0,3,1.397113446052744,1.0838524103164673,0.2175,6
2024-05-04,0,3,1.0699333394458723,1.0635290145874023,0.2775,6
2024-05-05,0,3,1.0152024835913225,0.9417701959609985,0.68,6
2024-05-06,0,3,0.9666563960052584,0.9466745853424072,0.665,6
2024-05-07,0,3,1.0010999776265437,0.959330677986145,0.6175,6
2024-05-08,0,3,1.045751819874061,0.9621387720108032,0.605,6
2024-05-09,0,3,1.2333799656918272,0.9367697238922119,0.705,6
2024-05-10,0,3,1.0191571683896132,0.9493118524551392,0.655,6
2024-05-11,0,3,0.9714474788616788,0.9456778168678284,0.6775,6
2024-05-12,0,3,1.0535541973093132,0.9245454668998718,0.8075,6
2024-05-13,0,3,1.0240117177175188,0.9363222122192383,0.705,6
2024-05-14,0,3,1.125954466739724,0.9499468803405762,0.6525,6
2024-05-15,0,3,1.2327625220716356,0.9435346126556396,0.6775,6
2024-05-16,0,3,0.8955376067268118,0.9308762550354004,0.7675,6
2024-05-17,1,3,0.7913953040488042,0.9175689816474915,0.845,6
2024-05-18,0,3,0.9055523499200772,0.954776406288147,0.6375,6
2024-05-19,0,3,1.0128479078315926,1.0789631605148315,0.23,6
2024-05-20,0,3,1.2727679133110166,1.082815408706665,0.22,6
2024-05-21,0,3,1.1537031263145334,1.0678433179855347,0.265,6
2024-05-22,0,3,1.046269531398886,1.0300769805908203,0.3525,6
2024-05-23,0,3,1.0562146124420275,1.03739333152771,0.3375,6
2024-05-24,0,3,1.2380722690129595,1.140744686126709,0.12,6
2024-05-25,0,3,1.2213285629567612,1.1472313404083252,0.11,6
2024-05-26,0,3,1.228174786340416,1.2192127704620361,0.0325,6
2024-05-27,0,3,1.0487811469475452,1.130996823310852,0.1425,6
2024-05-28,0,3,0.9800365302910446,1.134080410003662,0.135,6
2024-05-29,0,3,0.9766676001211076,1.1290799379348755,0.1425,6
2024-05-30,0,3,1.0512578208843095,1.1360979080200195,0.1325,6
2024-05-31,0,3,0.9961927431314136,1.1456023454666138,0.115,6
2024-06-01,0,3,1.0782850177636043,1.0751478672027588,0.245,6
2024-06-02,0,3,0.9920610924462848,0.9475415945053101,0.66,6
2024-06-03,0,3,0.9346561396567484,0.9481472373008728,0.6575,6
2024-06-04,0,3,0.9732410768918764,0.9449044466018677,0.6775,6
2024-06-05,0,3,1.0072004413080666,0.9475415945053101,0.66,6
2024-06-06,0,3,0.9640593675152046,0.9408066868782043,0.68,6
2024-06-07,0,3,1.1256372778569268,0.9417679309844971,0.68,6
2024-06-08,0,3,1.1008109168047002,0.9349995255470276,0.7175,6
2024-06-09,0,3,0.989007483306001,0.9842579960823059,0.4875,6
2024-06-10,0,3,0.9274834755604218,0.9899130463600159,0.465,6
2024-06-11,0,3,1.0227093286635367,1.001815676689148,0.41,6
2024-06-12,0,3,0.8594831565656494,1.0002847909927368,0.4125,6
2024-06-13,0,3,0.917704853697102,1.0012586116790771,0.41,6
2024-06-14,1,3,0.6795921971656652,0.9941658973693848,0.44,6
2024-06-15,1,3,0.6145184425791482,0.9880369901657104,0.475,6
2024-06-16,1,3,0.6919752734828566,0.8823564648628235,0.955,6
2024-06-17,1,3,0.7297780106527604,0.9062976241111755,0.8825,6
2024-06-18,1,3,0.6735497277838808,0.8860500454902649,0.95,6
2024-06-19,1,3,0.7804324729432032,0.9113764762878418,0.865,6
2024-06-20,1,3,0.8217039182820827,0.9149629473686218,0.855,6
2024-06-21,1,3,0.7884223086555656,0.9077889323234558,0.88,6
2024-06-22,0,3,0.9602602959616506,0.9463228583335876,0.675,6
2024-06-23,0,3,1.024427310962878,1.2164603471755981,0.0375,6
2024-06-24,0,3,1.195491628687297,1.246572732925415,0.015,6
2024-06-25,0,3,1.215906713930801,1.2402933835983276,0.025,6
2024-06-26,0,3,1.2258309674396182,1.2773805856704712,0.0075,6
2024-06-27,0,3,1.073965935073988,1.2415307760238647,0.0225,6
2024-06-28,0,3,1.2305126825999335,1.2827290296554565,0.0075,6
2024-06-29,0,3,1.097148681317217,1.2876501083374023,0.0075,6
2024-06-30,0,3,1.0619410379298095,1.1310255527496338,0.1425,6
2024-07-08,0,4,1.116457631384267,0.9708049297332764,0.5417515274949084,6
2024-07-09,0,4,1.0101891778297445,0.9422599077224731,0.7128309572301426,6
2024-07-10,0,4,1.0863941086454256,0.9632834196090698,0.5967413441955194,6
2024-07-11,0,4,0.9965360490189162,0.9389785528182983,0.7331975560081466,6
2024-07-12,0,4,0.9539304823475042,0.9557815194129944,0.6313645621181263,6
2024-07-13,0,4,0.950638118953398,0.9290990829467773,0.7596741344195519,6
2024-07-14,1,4,0.8397214790590249,0.8819112181663513,0.8920570264765784,6
2024-07-15,1,4,0.7334528107337351,0.8874252438545227,0.879837067209776,6
2024-07-16,0,4,0.8883891721870719,0.9309037923812866,0.7596741344195519,6
2024-07-17,1,4,0.8437789187234767,0.9194252490997314,0.8085539714867617,6
2024-07-18,1,4,0.8472455707817422,0.9241787195205688,0.790224032586558,6
2024-07-19,0,4,0.910717151006186,0.903850793838501,0.8513238289205702,6
2024-07-20,0,4,0.925370339191337,0.9092625975608826,0.8391038696537678,6
2024-07-21,0,4,0.9397654980095967,1.0765366554260254,0.22810590631364563,6
2024-07-22,0,4,1.104105804698513,1.088728904724121,0.20773930753564154,6
2024-07-23,0,4,1.121178664383199,1.0712937116622925,0.2484725050916497,6
2024-07-24,0,4,1.2550419907953434,1.1490747928619385,0.12016293279022404,6
2024-07-25,0,4,1.3558074600098629,1.1744283437728882,0.06313645621181263,6
2024-07-26,0,4,1.2959917929379574,1.129955530166626,0.1364562118126273,6
2024-07-27,0,4,1.2389659237927133,1.1650607585906982,0.08961303462321792,6
2024-07-28,0,4,1.4091135047749308,1.2010115385055542,0.03054989816700611,6
2024-07-29,0,4,1.3050678458824962,1.1875391006469727,0.04684317718940937,6
2024-07-30,0,4,1.3048241644198404,1.1931601762771606,0.04073319755600815,6
2024-07-31,0,4,1.2597264680283011,1.1535793542861938,0.1079429735234216,6
2024-08-01,0,4,1.121700455984094,1.0594903230667114,0.2668024439918534,6
2024-08-02,0,4,1.0415576174661785,1.063733458518982,0.25865580448065173,6
2024-08-03,0,4,1.0714138034837262,1.0658372640609741,0.2525458248472505,6
2024-08-04,0,4,0.9254800342702844,0.9020501375198364,0.8533604887983707,6
2024-08-05,0,4,0.9988541841260816,0.9141935110092163,0.824847250509165,6
2024-08-06,0,4,0.9756751014725488,0.922071635723114,0.7942973523421588,6
2024-08-07,0,4,0.950823057621353,0.8906288743019104,0.8737270875763747,6
2024-08-08,0,4,0.903694941501862,0.9126895666122437,0.8268839103869654,6
2024-08-09,0,4,0.9996673408605188,0.9185988306999207,0.8105906313645621,6
2024-08-10,0,4,1.0858174208180866,0.9184168577194214,0.8126272912423625,6
2024-08-11,0,4,1.044348391022553,0.9857091307640076,0.46435845213849286,6
2024-08-12,0,4,0.932182289361824,0.9524914026260376,0.6558044806517311,6
2024-08-13,0,4,0.9069610610786007,0.9300928711891174,0.7596741344195519,6
2024-08-14,1,4,0.8265701897589802,0.9631134867668152,0.5967413441955194,6
2024-08-15,0,4,0.9676451248182724,0.9609396457672119,0.6028513238289206,6
2024-08-16,0,4,0.9250031917066456,0.9486466646194458,0.6741344195519349,6
2024-08-17,0,4,0.8864973567568095,0.9345994591712952,0.7515274949083504,6
2024-08-18,0,4,0.9752006344141928,0.8385818600654602,0.9470468431771895,6
2024-08-19,0,4,0.9430349725449813,0.842924177646637,0.9409368635437881,6
2023-07-08,0,0,0.9241726794350844,0.9489604030873716,0.888,7
2023-07-09,0,0,0.9743232874576132,1.0128514166744842,0.384,7
2023-07-10,0,0,0.9966145169869692,1.0128514166744842,0.384,7
2023-07-11,0,0,0.9517191542034068,1.0128514166744842,0.384,7
2023-07-12,0,0,0.948542157152549,1.0128514166744842,0.384,7
2023-07-13,1,0,0.8136032158541315,1.0128514166744842,0.384,7
2023-07-14,1,0,0.8379735483359313,1.0128514166744842,0.384,7
2023-07-15,0,0,0.8701002940440485,1.0128514166744842,0.384,7
2023-07-16,0,0,0.9114132510669704,1.0128514166744842,0.384,7
2023-07-17,0,0,0.8908737944136609,1.0128514166744842,0.384,7
2023-07-18,0,0,0.9255322693960212,1.0128514166744842,0.384,7
2023-07-19,0,0,0.967263115722151,1.0128514166744842,0.384,7
2023-07-20,0,0,1.0407271001586968,1.0128514166744842,0.384,7
2023-07-21,0,0,1.0879196255666288,1.0128514166744842,0.384,7
2023-07-22,0,0,1.0747706880007073,1.0128514166744842,0.384,7
2023-07-23,0,0,1.082245562916266,1.042923764339756,0.112,7
2023-07-24,0,0,1.1801619598634046,1.042923764339756,0.112,7
2023-07-25,0,0,1.1393366031481695,1.042923764339756,0.112,7
2023-07-26,0,0,1.0470649557621556,1.042923764339756,0.112,7
2023-07-27,0,0,1.0524089049987362,1.042923764339756,0.112,7
2023-07-28,0,0,1.0961332324625743,1.042923764339756,0.112,7
2023-07-29,0,0,1.1475046354373504,1.042923764339756,0.112,7
2023-07-30,0,0,1.1030104289707232,1.0403990985822613,0.224,7
2023-07-31,0,0,0.9802661574733532,1.0403990985822613,0.224,7
2023-08-01,0,0,0.9276591914865956,1.0403990985822613,0.224,7
2023-08-02,0,0,0.9856192869568604,1.0403990985822613,0.224,7
2023-08-03,0,0,0.9849464199753928,1.0403990985822613,0.224,7
2023-08-04,0,0,1.0288017106784253,1.0403990985822613,0.224,7
2023-08-05,0,0,1.0494101563413691,1.0403990985822613,0.224,7
2023-08-06,0,0,0.925332606177236,1.0115379076497542,0.384,7
2023-08-07,0,0,1.0600347894644628,1.0115379076497542,0.384,7
2023-08-08,0,0,1.2032070808322328,1.0115379076497542,0.384,7
2023-08-09,0,0,1.1361856872066751,1.0115379076497542,0.384,7
2023-08-10,0,0,1.2169384711338458,1.0115379076497542,0.384,7
2023-08-11,0,0,1.124374488467241,1.0115379076497542,0.384,7
2023-08-12,0,0,1.0302234899243532,1.0115379076497542,0.384,7
2023-08-13,0,0,1.1364735275600777,1.028933992221759,0.224,7
2023-08-14,0,0,1.0140690876726717,1.028933992221759,0.224,7
2023-08-15,0,0,0.9598834391613684,1.028933992221759,0.224,7
2023-08-16,0,0,0.96344523411635,1.028933992221759,0.224,7
2023-08-17,0,0,0.8619772162480696,1.028933992221759,0.224,7
2023-08-18,1,0,0.84340585697894,1.028933992221759,0.224,7
2023-08-19,0,0,0.9361598228925094,1.028933992221759,0.224,7
2023-08-20,0,0,0.9812706645380184,1.011762101360762,0.384,7
2023-08-21,0,0,0.9880650175388538,1.011762101360762,0.384,7
2023-08-22,0,0,0.9501391402718308,1.011762101360762,0.384,7
2023-08-23,0,0,1.0115737235821658,1.011762101360762,0.384,7
2023-08-24,0,0,0.9999262702998436,1.011762101360762,0.384,7
2023-08-25,0,0,1.24194058981351,1.011762101360762,0.384,7
2023-08-26,0,0,1.1524945548408054,1.011762101360762,0.384,7
2023-08-27,0,0,1.0562711289247646,0.9758690079411112,0.608,7
2023-08-28,0,0,1.1258216617159271,0.9758690079411112,0.608,7
2023-08-29,0,0,1.127791985065815,0.9758690079411112,0.608,7
2023-08-30,0,0,1.0730811539867262,0.9758690079411112,0.608,7
2023-08-31,0,0,1.1374657637612942,0.9758690079411112,0.608,7
2023-09-01,0,0,0.9176351523297184,0.9758690079411112,0.608,7
2023-09-02,0,0,0.9210003824336146,0.9758690079411112,0.608,7
2023-09-03,0,0,0.9421400380007852,0.9589855909904815,0.776,7
2023-09-04,0,0,0.9211686908188832,0.9589855909904815,0.776,7
2023-09-05,1,0,0.8469144869908538,0.9589855909904815,0.776,7
2023-09-06,1,0,0.8378144001188419,0.9589855909904815,0.776,7
2023-09-07,1,0,0.8332308808794763,0.9589855909904815,0.776,7
2023-09-08,1,0,0.7903801903571291,0.9589855909904815,0.776,7
2023-09-09,0,0,0.9215862638123296,0.9589855909904815,0.776,7
2023-09-10,0,0,0.9192039742345504,1.0165820120314675,0.384,7
2023-09-11,0,0,0.8882584499143324,1.0165820120314675,0.384,7
2023-09-12,0,0,0.9893752333510308,1.0165820120314675,0.384,7
2023-09-13,0,0,1.0276905021746976,1.0165820120314675,0.384,7
2023-09-14,0,0,1.05764422804859,1.0165820120314675,0.384,7
2023-09-15,0,0,1.037244258278199,1.0165820120314675,0.384,7
2023-09-16,0,0,0.9111351623678404,1.0165820120314675,0.384,7
2023-09-17,0,0,0.9168705447222036,1.011762101360762,0.384,7
2023-09-18,0,0,0.9480631642651184,1.011762101360762,0.384,7
2023-09-19,0,0,1.049584705904487,1.011762101360762,0.384,7
2023-09-20,0,0,1.0582598221905524,1.011762101360762,0.384,7
2023-09-21,0,0,1.0114472018825855,1.011762101360762,0.384,7
2023-09-22,0,0,1.110871812182302,1.011762101360762,0.384,7
2023-09-23,0,0,1.1541736168324266,1.011762101360762,0.384,7
2023-09-24,0,0,1.1078020011333731,1.0392801520386847,0.224,7
2023-09-25,0,0,1.074645609849099,1.0392801520386847,0.224,7
2023-09-26,0,0,0.9539644229731924,1.0392801520386847,0.224,7
2023-09-27,0,0,1.045324049908362,1.0392801520386847,0.224,7
2023-09-28,0,0,1.058283583828204,1.0392801520386847,0.224,7
2023-09-29,0,0,0.9529449023805296,1.0392801520386847,0.224,7
2023-09-30,0,0,1.0335157970037918,1.0392801520386847,0.224,7
2023-10-08,0,1,0.943214957935384,0.9882393954051328,0.6405529953917051,7
2023-10-09,0,1,0.8954605455623991,0.9882393954051328,0.6405529953917051,7
2023-10-10,0,1,0.8714609046846392,0.9882393954051328,0.6405529953917051,7
2023-10-11,0,1,0.8537394125385595,0.9882393954051328,0.6405529953917051,7
2023-10-12,0,1,0.9158302055623126,0.9882393954051328,0.6405529953917051,7
2023-10-13,1,1,0.8235183048240129,0.9882393954051328,0.6405529953917051,7
2023-10-14,1,1,0.8417997244121631,0.9882393954051328,0.6405529953917051,7
2023-10-15,0,1,0.8686185654387014,1.00162077722538,0.4838709677419355,7
2023-10-16,1,1,0.837630457855076,1.00162077722538,0.4838709677419355,7
2023-10-17,1,1,0.7765728111191363,1.00162077722538,0.4838709677419355,7
2023-10-18,0,1,0.876315761424511,1.00162077722538,0.4838709677419355,7
2023-10-19,0,1,0.8981339369635442,1.00162077722538,0.4838709677419355,7
2023-10-20,0,1,1.0052067391820876,1.00162077722538,0.4838709677419355,7
2023-10-21,0,1,1.0475645261799866,1.00162077722538,0.4838709677419355,7
2023-10-22,0,1,1.0349876751325695,1.038403282702803,0.1382488479262673,7
2023-10-23,0,1,1.0648188658578015,1.038403282702803,0.1382488479262673,7
2023-10-24,0,1,1.2288539084267107,1.0528756691720904,0.059907834101382486,7
2023-10-25,0,1,1.325022505621457,1.0528756691720904,0.059907834101382486,7
2023-10-26,0,1,1.3444469765965152,1.0528756691720904,0.059907834101382486,7
2023-10-27,0,1,1.24809949228092,1.0528756691720904,0.059907834101382486,7
2023-10-28,0,1,1.1197888843427084,1.0528756691720904,0.059907834101382486,7
2023-10-29,0,1,1.0278744636215793,1.024602431483328,0.2672811059907834,7
2023-10-30,0,1,1.092155254370859,1.024602431483328,0.2672811059907834,7
2023-10-31,0,1,1.1015162289550902,1.024602431483328,0.2672811059907834,7
2023-11-01,0,1,0.9616024375172428,1.009414623540327,0.45161290322580644,7
2023-11-02,0,1,1.0211534524417607,1.009414623540327,0.45161290322580644,7
2023-11-03,0,1,1.0185200315853409,1.009414623540327,0.45161290322580644,7
2023-11-04,0,1,0.9938521706160228,1.009414623540327,0.45161290322580644,7
2023-11-05,0,1,1.0661778939631648,0.9696783072146531,0.6866359447004609,7
2023-11-06,0,1,1.1620310134405805,0.9696783072146531,0.6866359447004609,7
2023-11-07,0,1,0.980518173100777,0.9696783072146531,0.6866359447004609,7
2023-11-08,0,1,0.9051698390223948,0.9696783072146531,0.6866359447004609,7
2023-11-09,1,1,0.7489778501170876,0.9696783072146531,0.6866359447004609,7
2023-11-10,1,1,0.7527771910343829,0.9696783072146531,0.6866359447004609,7
2023-11-11,0,1,0.9667089341078078,0.9696783072146531,0.6866359447004609,7
2023-11-12,0,1,0.9442364852029852,1.0176082670969089,0.3686635944700461,7
2023-11-13,1,1,0.7318274766100183,1.0176082670969089,0.3686635944700461,7
2023-11-14,1,1,0.8206581432559168,1.0176082670969089,0.3686635944700461,7
2023-11-15,0,1,1.051314083184571,1.0187212995400463,0.3548387096774194,7
2023-11-16,0,1,1.0761913404529675,1.0187212995400463,0.3548387096774194,7
2023-11-17,0,1,0.9757244500222187,1.0187212995400463,0.3548387096774194,7
2023-11-18,0,1,0.940194569771074,1.0187212995400463,0.3548387096774194,7
2023-11-19,0,1,0.8987004950888953,1.0254479693480538,0.2534562211981567,7
2023-11-20,0,1,1.089296800690815,1.0254479693480538,0.2534562211981567,7
2023-11-21,0,1,1.1345993778130965,1.0254479693480538,0.2534562211981567,7
2023-11-22,0,1,1.0464304602981034,1.0254479693480538,0.2534562211981567,7
2023-11-23,0,1,1.1378360455267436,1.0254479693480538,0.2534562211981567,7
2023-11-24,0,1,1.3841279965162,1.0397398033666112,0.08294930875576037,7
2023-11-25,0,1,1.2713157281439782,1.0397398033666112,0.08294930875576037,7
2023-11-26,0,1,1.4205242426211462,1.036758281494416,0.1935483870967742,7
2023-11-27,0,1,1.3156964922071708,1.036758281494416,0.1935483870967742,7
2023-11-28,0,1,1.3008009098853073,1.036758281494416,0.1935483870967742,7
2023-11-29,0,1,1.2479916720289856,1.0356255422422616,0.1935483870967742,7
2023-11-30,0,1,1.184579900085264,1.0356255422422616,0.1935483870967742,7
2023-12-01,0,1,0.9217983024910515,1.0213902592558142,0.30414746543778803,7
2023-12-02,0,1,0.9872117622337688,1.0213902592558142,0.30414746543778803,7
2023-12-03,0,1,0.9761410830534396,0.9402566526946601,0.8709677419354839,7
2023-12-04,0,1,0.9081520857619844,0.9402566526946601,0.8709677419354839,7
2023-12-05,0,1,0.9381732402892374,0.9402566526946601,0.8709677419354839,7
2023-12-06,0,1,0.9296518465586814,0.9402566526946601,0.8709677419354839,7
2023-12-07,1,1,0.8413685597788102,0.9402566526946601,0.8709677419354839,7
2023-12-08,0,1,0.991352633325197,0.9402566526946601,0.8709677419354839,7
2023-12-09,0,1,0.9411554944408358,0.9402566526946601,0.8709677419354839,7
2023-12-10,1,1,0.8389522108078011,0.9826348603998121,0.6866359447004609,7
2023-12-11,1,1,0.8071649857265369,0.9826348603998121,0.6866359447004609,7
2023-12-12,1,1,0.7572970023336949,0.9826348603998121,0.6866359447004609,7
2023-12-13,1,1,0.6208795880453283,0.9826348603998121,0.6866359447004609,7
2023-12-14,1,1,0.7592057772002324,0.9837096435397273,0.6774193548387096,7
2023-12-15,1,1,0.8328269225748938,0.9837096435397273,0.6774193548387096,7
2023-12-16,0,1,0.8590655807455964,0.9837096435397273,0.6774193548387096,7
2023-12-17,0,1,0.9377129218982944,1.0040622104752868,0.47465437788018433,7
2023-12-18,0,1,0.9642064200950122,1.0040622104752868,0.47465437788018433,7
2023-12-19,0,1,0.8985380992120569,1.0040622104752868,0.47465437788018433,7
2023-12-20,0,1,1.174221538340847,1.0040622104752868,0.47465437788018433,7
2023-12-21,0,1,1.219687141657661,1.0040622104752868,0.47465437788018433,7
2023-12-22,0,1,1.109109822460017,1.0040622104752868,0.47465437788018433,7
2023-12-23,0,1,1.1355025094767273,1.0040622104752868,0.47465437788018433,7
2023-12-24,0,1,1.067923542918951,1.0528756691720904,0.059907834101382486,7
2023-12-25,0,1,1.0641320258226272,1.0528756691720904,0.059907834101382486,7
2023-12-26,0,1,1.1724151428996483,1.0528756691720904,0.059907834101382486,7
2023-12-27,0,1,1.10656776396788,1.0528756691720904,0.059907834101382486,7
2023-12-28,0,1,1.0122393038967503,1.0528756691720904,0.059907834101382486,7
2023-12-29,0,1,1.1349625439131328,1.0528756691720904,0.059907834101382486,7
2023-12-30,0,1,1.107041700896765,1.0528756691720904,0.059907834101382486,7
2023-12-31,0,1,1.0540714431461404,0.9975909409379943,0.5990783410138248,7
2024-01-08,0,2,0.9380252547156612,0.9290939120013795,0.8122977346278317,7
2024-01-09,0,2,0.8604976941696318,0.9267542287547436,0.8317152103559871,7
2024-01-10,0,2,0.8967950138147822,0.9267542287547436,0.8317152103559871,7
2024-01-11,1,2,0.81515703606474,0.9260304337067994,0.8349514563106796,7
2024-01-12,1,2,0.7697963725749237,0.9267542287547436,0.8317152103559871,7
2024-01-13,1,2,0.841357639507363,0.9277609509272348,0.8252427184466019,7
2024-01-14,1,2,0.8237505800283649,0.9501567169828754,0.7022653721682848,7
2024-01-15,1,2,0.8143008517556474,0.9500686555770911,0.7022653721682848,7
2024-01-16,0,2,0.8574681818882544,0.9500686555770911,0.7022653721682848,7
2024-01-17,1,2,0.7587486496508539,0.9476030029035669,0.7022653721682848,7
2024-01-18,1,2,0.6693137152967722,0.9483436592966544,0.7022653721682848,7
2024-01-19,1,2,0.6699104276785826,0.9790256283257508,0.5372168284789643,7
2024-01-20,0,2,0.8772632858888515,0.9900352877256468,0.4854368932038835,7
2024-01-21,0,2,0.9892903383152972,1.0505054437752028,0.22653721682847897,7
2024-01-22,0,2,1.117405717166005,1.0520535849168713,0.2168284789644013,7
2024-01-23,0,2,1.1151266074232986,1.0512319310724016,0.22330097087378642,7
2024-01-24,0,2,1.075838623368072,1.1061143481540177,0.08737864077669903,7
2024-01-25,0,2,1.2754491983991014,1.1081263183957635,0.07119741100323625,7
2024-01-26,0,2,1.423986158079574,1.1061143481540177,0.08737864077669903,7
2024-01-27,0,2,1.2093563799502314,1.105250472853735,0.08737864077669903,7
2024-01-28,0,2,1.0654453237147563,1.1125766868519342,0.05177993527508091,7
2024-01-29,0,2,0.947841005507312,1.095050718236619,0.11326860841423948,7
2024-01-30,1,2,0.8351685356731198,1.0959066213022823,0.11003236245954692,7
2024-01-31,0,2,0.9497929613869894,1.1154715950954808,0.012944983818770227,7
2024-02-01,0,2,0.917248696829258,1.0581611250335923,0.1941747572815534,7
2024-02-02,0,2,0.8851405980336539,1.0383278409416992,0.2815533980582524,7
2024-02-03,0,2,0.982826709401738,1.0402165184489238,0.2750809061488673,7
2024-02-04,0,2,1.0025264392902944,0.9096161017203735,0.9029126213592233,7
2024-02-05,0,2,0.9483480269362228,0.9093392694297866,0.9158576051779935,7
2024-02-06,0,2,1.0972617113073977,0.910327067155192,0.9029126213592233,7
2024-02-07,0,2,1.0891759604105706,0.913338582227047,0.8802588996763754,7
2024-02-08,0,2,1.096557459323093,0.9093392694297866,0.9158576051779935,7
2024-02-09,0,2,1.1167044003098343,0.9093392694297866,0.9158576051779935,7
2024-02-10,0,2,1.0002853718765394,0.9086290754649867,0.9223300970873787,7
2024-02-11,0,2,1.0068662107279371,0.9456924066392199,0.7119741100323624,7
2024-02-12,0,2,1.068197683139049,0.9663166386976172,0.5792880258899676,7
2024-02-13,0,2,0.9193871015786248,0.9668595957300813,0.5792880258899676,7
2024-02-14,0,2,0.9666893508669268,0.9663166386976172,0.5792880258899676,7
2024-02-15,0,2,0.9701647067175788,0.9663166386976172,0.5792880258899676,7
2024-02-16,0,2,0.951505866659967,0.9645142050189974,0.598705501618123,7
2024-02-17,0,2,0.9867051638475192,0.9645142050189974,0.598705501618123,7
2024-02-18,0,2,0.9427333113260588,1.0030578295287111,0.4077669902912621,7
2024-02-19,0,2,0.978784236975376,1.0030578295287111,0.4077669902912621,7
2024-02-20,0,2,1.2204788803729685,1.0030578295287111,0.4077669902912621,7
2024-02-21,0,2,1.2578634247818792,1.0054969429895362,0.39805825242718446,7
2024-02-22,0,2,1.4160461739581691,1.0022744425357517,0.41423948220064727,7
2024-02-23,0,2,1.4083895326125038,1.0022744425357517,0.41423948220064727,7
2024-02-24,0,2,1.2889078774480094,1.0604575960625333,0.18446601941747573,7
2024-02-25,0,2,1.408628586196815,1.0870465632342015,0.11974110032362459,7
2024-02-26,0,2,1.5357853726649573,1.0699227921719916,0.1553398058252427,7
2024-02-27,0,2,1.4255036298830266,1.0690871824767467,0.1553398058252427,7
2024-02-28,0,2,1.3472740673438566,1.0690871824767467,0.1553398058252427,7
2024-02-29,0,2,1.0804552257818711,1.0690871824767467,0.1553398058252427,7
2024-03-01,0,2,1.0254354181414247,1.0137091749516522,0.343042071197411,7
2024-03-02,0,2,1.1320172826735235,1.0155530673446085,0.343042071197411,7
2024-03-03,0,2,1.128319747911003,0.9205748575579009,0.8770226537216829,7
2024-03-04,0,2,0.9822802609177096,0.9205748575579009,0.8770226537216829,7
2024-03-05,0,2,0.9670810502033153,0.9175394826024857,0.8770226537216829,7
2024-03-06,0,2,0.946135861635669,0.9192541255288051,0.8770226537216829,7
2024-03-07,0,2,0.8708436819149774,0.9182566410344635,0.8770226537216829,7
2024-03-08,0,2,0.8762602644369504,0.9182566410344635,0.8770226537216829,7
2024-03-09,1,2,0.8487925178810976,0.9182566410344635,0.8770226537216829,7
2024-03-10,1,2,0.7728795364314732,0.9086290754649867,0.9223300970873787,7
2024-03-11,1,2,0.708461282966484,0.9096161017203735,0.9029126213592233,7
2024-03-12,1,2,0.6426398373180695,0.9093392694297866,0.9158576051779935,7
2024-03-13,1,2,0.571377925482258,0.9093392694297866,0.9158576051779935,7
2024-03-14,1,2,0.6901720416567598,0.910327067155192,0.9029126213592233,7
2024-03-15,1,2,0.7549641664287521,0.9400514151787565,0.7411003236245954,7
2024-03-16,1,2,0.836506042031234,0.9093392694297866,0.9158576051779935,7
2024-03-17,0,2,0.9709646135075468,0.9783340767395696,0.5372168284789643,7
2024-03-18,0,2,0.9688339478220468,0.9911355132478108,0.47572815533980584,7
2024-03-19,0,2,0.9413149393033896,0.9894276548216264,0.4919093851132686,7
2024-03-20,0,2,1.0655612632569766,0.9893359537489,0.4919093851132686,7
2024-03-21,0,2,1.133253625646406,0.9902010017989954,0.4854368932038835,7
2024-03-22,0,2,1.113040266895566,0.9893359537489,0.4919093851132686,7
2024-03-23,0,2,1.036710651553232,0.9893359537489,0.4919093851132686,7
2024-03-24,0,2,0.9228864380293004,1.1125766868519342,0.05177993527508091,7
2024-03-25,0,2,1.1500417141558186,1.1154715950954808,0.012944983818770227,7
2024-03-26,0,2,1.298740837351826,1.1134462883975098,0.03559870550161812,7
2024-03-27,0,2,1.2996211124527302,1.1134462883975098,0.03559870550161812,7
2024-03-28,0,2,1.323402650373225,1.1134462883975098,0.03559870550161812,7
2024-03-29,0,2,1.3339767416071382,1.1134462883975098,0.03559870550161812,7
2024-03-30,0,2,1.273455247833983,1.1146004117853845,0.012944983818770227,7
2024-03-31,0,2,1.1543087116353845,1.075993991008702,0.1553398058252427,7
2024-04-08,0,3,0.9013501692371486,0.8228662739014193,0.99,7
2024-04-09,0,3,0.9504673829573714,0.8207469064193796,0.9925,7
2024-04-10,1,3,0.8243382492106264,0.8220412693848285,0.99,7
2024-04-11,1,3,0.7834501466330951,0.8134003158609971,0.995,7
2024-04-12,0,3,0.8698604395795992,0.8655773822122019,0.935,7
2024-04-13,1,3,0.7597608507551356,0.8355420313441878,0.98,7
2024-04-14,1,3,0.677212775397524,0.8910424691223421,0.8975,7
2024-04-15,1,3,0.6920359386686836,0.933140073575865,0.75,7
2024-04-16,1,3,0.6104944247335421,0.9493514326625305,0.675,7
2024-04-17,1,3,0.5682484576390117,0.9373038537819315,0.72,7
2024-04-18,1,3,0.6743462566199577,0.9444636331993367,0.69,7
2024-04-19,1,3,0.8021678182057587,0.956235163322752,0.64,7
2024-04-20,1,3,0.8338345092652095,0.9472988880286926,0.6875,7
2024-04-21,0,3,0.9500977307262902,1.0807609632036348,0.2275,7
2024-04-22,0,3,0.894020763122248,1.0854780282626346,0.22,7
2024-04-23,0,3,0.991399742819852,1.0797862135447018,0.2275,7
2024-04-24,0,3,1.0878447526166517,1.147320823412821,0.035,7
2024-04-25,0,3,1.1142222845209917,1.1491918743142042,0.0275,7
2024-04-26,0,3,1.007146643273655,1.1434838434428454,0.06,7
2024-04-27,0,3,1.1844212349409298,1.129233956726206,0.1075,7
2024-04-28,0,3,1.1006217153126756,1.1321010739521238,0.105,7
2024-04-29,0,3,1.2106187582063732,1.1365859843986152,0.0825,7
2024-04-30,0,3,1.176679988504357,1.1345114034111667,0.0975,7
2024-05-01,0,3,1.169712985396964,1.094688333296169,0.1875,7
2024-05-02,0,3,1.216461054387081,1.0819445092684326,0.2275,7
2024-05-03,0,3,1.397113446052744,1.077699965936524,0.2325,7
2024-05-04,0,3,1.0699333394458723,1.0614357948127475,0.2675,7
2024-05-05,0,3,1.0152024835913225,0.9377420005374679,0.72,7
2024-05-06,0,3,0.9666563960052584,0.946140988190698,0.69,7
2024-05-07,0,3,1.0010999776265437,0.9396577087518438,0.705,7
2024-05-08,0,3,1.045751819874061,0.9498055004353202,0.67,7
2024-05-09,0,3,1.2333799656918272,0.9398181187494017,0.705,7
2024-05-10,0,3,1.0191571683896132,0.9485889029642429,0.675,7
2024-05-11,0,3,0.9714474788616788,0.9392910401623796,0.71,7
2024-05-12,0,3,1.0535541973093132,0.9200057242994861,0.8125,7
2024-05-13,0,3,1.0240117177175188,0.9293851160283103,0.775,7
2024-05-14,0,3,1.125954466739724,0.9651911624703605,0.595,7
2024-05-15,0,3,1.2327625220716356,0.9618834710451162,0.62,7
2024-05-16,0,3,0.8955376067268118,0.9304821679462819,0.7725,7
2024-05-17,1,3,0.7913953040488042,0.9060163600306153,0.8625,7
2024-05-18,0,3,0.9055523499200772,0.9604699547341297,0.6225,7
2024-05-19,0,3,1.0128479078315926,0.976356765368295,0.56,7
2024-05-20,0,3,1.2727679133110166,0.9745480929756585,0.57,7
2024-05-21,0,3,1.1537031263145334,0.9645722496287583,0.6,7
2024-05-22,0,3,1.046269531398886,0.9125175044898546,0.8475,7
2024-05-23,0,3,1.0562146124420275,0.9131525279200365,0.845,7
2024-05-24,0,3,1.2380722690129595,1.019030727066476,0.38,7
2024-05-25,0,3,1.2213285629567612,1.0265973565166666,0.35,7
2024-05-26,0,3,1.228174786340416,1.152925800340069,0.02,7
2024-05-27,0,3,1.0487811469475452,1.1090516944437878,0.1475,7
2024-05-28,0,3,0.9800365302910446,1.115082836882991,0.13,7
2024-05-29,0,3,0.9766676001211076,1.1088246895825584,0.15,7
2024-05-30,0,3,1.0512578208843095,1.118251662588808,0.125,7
2024-05-31,0,3,0.9961927431314136,1.1184744807458886,0.125,7
2024-06-01,0,3,1.0782850177636043,1.0516528363277746,0.2975,7
2024-06-02,0,3,0.9920610924462848,0.9388043320963393,0.71,7
2024-06-03,0,3,0.9346561396567484,0.9468866607265519,0.69,7
2024-06-04,0,3,0.9732410768918764,0.9432707168116334,0.6925,7
2024-06-05,0,3,1.0072004413080666,0.9464541981110325,0.69,7
2024-06-06,0,3,0.9640593675152046,0.9454459324179215,0.69,7
2024-06-07,0,3,1.1256372778569268,0.9474052181327802,0.6875,7
2024-06-08,0,3,1.1008109168047002,0.9365660486855095,0.725,7
2024-06-09,0,3,0.989007483306001,0.9974246519871562,0.475,7
2024-06-10,0,3,0.9274834755604218,0.9990904659122758,0.4625,7
2024-06-11,0,3,1.0227093286635367,1.002554421700702,0.45,7
2024-06-12,0,3,0.8594831565656494,1.00861104293258,0.4175,7
2024-06-13,0,3,0.917704853697102,1.0045529074174486,0.44,7
2024-06-14,1,3,0.6795921971656652,1.007570653426702,0.4225,7
2024-06-15,1,3,0.6145184425791482,0.9882377083689896,0.52,7
2024-06-16,1,3,0.6919752734828566,0.849350327949578,0.9625,7
2024-06-17,1,3,0.7297780106527604,0.8844584436710918,0.9075,7
2024-06-18,1,3,0.6735497277838808,0.8486242045100678,0.9675,7
2024-06-19,1,3,0.7804324729432032,0.8874564892481095,0.9,7
2024-06-20,1,3,0.8217039182820827,0.8894333614997092,0.8975,7
2024-06-21,1,3,0.7884223086555656,0.863944308768118,0.935,7
2024-06-22,0,3,0.9602602959616506,0.8698290621687678,0.9275,7
2024-06-23,0,3,1.024427310962878,1.0914323175744252,0.195,7
2024-06-24,0,3,1.195491628687297,1.132227004238488,0.105,7
2024-06-25,0,3,1.215906713930801,1.146748133992165,0.035,7
2024-06-26,0,3,1.2258309674396182,1.133720584544261,0.1,7
2024-06-27,0,3,1.073965935073988,1.127377273691357,0.115,7
2024-06-28,0,3,1.2305126825999335,1.1389522985918594,0.0775,7
2024-06-29,0,3,1.097148681317217,1.143142172598809,0.06,7
2024-06-30,0,3,1.0619410379298095,1.0970562306043203,0.1825,7
2024-07-08,0,4,1.116457631384267,0.9930480718437473,0.4419551934826884,7
2024-07-09,0,4,1.0101891778297445,0.9660647496298183,0.560081466395112,7
2024-07-10,0,4,1.0863941086454256,0.9965313139748685,0.42973523421588594,7
2024-07-11,0,4,0.9965360490189162,0.9566521411843006,0.6089613034623218,7
2024-07-12,0,4,0.9539304823475042,0.9575484698172627,0.6028513238289206,7
2024-07-13,0,4,0.950638118953398,0.9789540081220408,0.505091649694501,7
2024-07-14,1,4,0.8397214790590249,0.8674984010056386,0.890020366598778,7
2024-07-15,1,4,0.7334528107337351,0.8682073211170724,0.890020366598778,7
2024-07-16,0,4,0.8883891721870719,0.9242735118107371,0.7718940936863544,7
2024-07-17,1,4,0.8437789187234767,0.9006658634045825,0.8391038696537678,7
2024-07-18,1,4,0.8472455707817422,0.9370076343811985,0.7128309572301426,7
2024-07-19,0,4,0.910717151006186,0.8913572096843972,0.8533604887983707,7
2024-07-20,0,4,0.925370339191337,0.8995250192108107,0.8411405295315683,7
2024-07-21,0,4,0.9397654980095967,1.0546055378594361,0.26476578411405294,7
2024-07-22,0,4,1.104105804698513,1.0759196058788272,0.22606924643584522,7
2024-07-23,0,4,1.121178664383199,1.068298572233277,0.24236252545824846,7
2024-07-24,0,4,1.2550419907953434,1.1427407823373954,0.0814663951120163,7
2024-07-25,0,4,1.3558074600098629,1.1448662879398954,0.07535641547861507,7
2024-07-26,0,4,1.2959917929379574,1.102757621504035,0.15682281059063136,7
2024-07-27,0,4,1.2389659237927133,1.1430677017392883,0.0814663951120163,7
2024-07-28,0,4,1.4091135047749308,1.1545068703699242,0.04480651731160896,7
2024-07-29,0,4,1.3050678458824962,1.146818879992536,0.07331975560081466,7
2024-07-30,0,4,1.3048241644198404,1.1579609662001606,0.03054989816700611,7
2024-07-31,0,4,1.2597264680283011,1.107401959476311,0.14867617107942974,7
2024-08-01,0,4,1.121700455984094,1.0257401620069375,0.3360488798370672,7
2024-08-02,0,4,1.0415576174661785,1.0411583440468606,0.2973523421588595,7
2024-08-03,0,4,1.0714138034837262,1.0452189623624166,0.285132382892057,7
2024-08-04,0,4,0.9254800342702844,0.9028223989424755,0.8370672097759674,7
2024-08-05,0,4,0.9988541841260816,0.9257287278919943,0.7678207739307535,7
2024-08-06,0,4,0.9756751014725488,0.9323234087587358,0.7393075356415478,7
2024-08-07,0,4,0.950823057621353,0.8976041867574297,0.8472505091649695,7
2024-08-08,0,4,0.903694941501862,0.911976026385499,0.814663951120163,7
2024-08-09,0,4,0.9996673408605188,0.9364030437513662,0.7169042769857433,7
2024-08-10,0,4,1.0858174208180866,0.9364030437513662,0.7169042769857433,7
2024-08-11,0,4,1.044348391022553,0.9897297691644129,0.4480651731160896,7
2024-08-12,0,4,0.932182289361824,0.9592731345779475,0.5926680244399185,7
2024-08-13,0,4,0.9069610610786007,0.9329794513832523,0.7331975560081466,7
2024-08-14,1,4,0.8265701897589802,0.9586807766075277,0.5967413441955194,7
2024-08-15,0,4,0.9676451248182724,0.9615598357005577,0.5824847250509165,7
2024-08-16,0,4,0.9250031917066456,0.9547121995230589,0.6252545824847251,7
2024-08-17,0,4,0.8864973567568095,0.9395771692509787,0.7067209775967414,7
2024-08-18,0,4,0.9752006344141928,0.8191660294923077,0.9470468431771895,7
2024-08-19,0,4,0.9430349725449813,0.8403983062775562,0.924643584521385,7
2023-07-08,0,0,0.9241726794350844,0.9641904830932617,0.88,8
2023-07-09,0,0,0.9743232874576132,1.0092874765396118,0.392,8
2023-07-10,0,0,0.9966145169869692,1.0084092617034912,0.392,8
2023-07-11,0,0,0.9517191542034068,1.00749671459198,0.392,8
2023-07-12,0,0,0.948542157152549,1.00749671459198,0.392,8
2023-07-13,1,0,0.8136032158541315,1.00749671459198,0.392,8
2023-07-14,1,0,0.8379735483359313,1.00749671459198,0.392,8
2023-07-15,0,0,0.8701002940440485,1.0084545612335205,0.392,8
2023-07-16,0,0,0.9114132510669704,0.9941112399101257,0.456,8
2023-07-17,0,0,0.8908737944136609,0.9914076924324036,0.472,8
2023-07-18,0,0,0.9255322693960212,0.9914076924324036,0.472,8
2023-07-19,0,0,0.967263115722151,0.9923657774925232,0.464,8
2023-07-20,0,0,1.0407271001586968,0.9923657774925232,0.464,8
2023-07-21,0,0,1.0879196255666288,0.9962870478630066,0.456,8
2023-07-22,0,0,1.0747706880007073,0.9923204779624939,0.464,8
2023-07-23,0,0,1.082245562916266,1.1514419317245483,0.056,8
2023-07-24,0,0,1.1801619598634046,1.172168493270874,0.024,8
2023-07-25,0,0,1.1393366031481695,1.17783522605896,0.008,8
2023-07-26,0,0,1.0470649557621556,1.1712106466293335,0.024,8
2023-07-27,0,0,1.0524089049987362,1.172168493270874,0.024,8
2023-07-28,0,0,1.0961332324625743,1.172168493270874,0.024,8
2023-07-29,0,0,1.1475046354373504,1.1739139556884766,0.008,8
2023-07-30,0,0,1.1030104289707232,1.047519326210022,0.2,8
2023-07-31,0,0,0.9802661574733532,1.0445106029510498,0.208,8
2023-08-01,0,0,0.9276591914865956,1.0189502239227295,0.288,8
2023-08-02,0,0,0.9856192869568604,1.0189502239227295,0.288,8
2023-08-03,0,0,0.9849464199753928,1.0189502239227295,0.288,8
2023-08-04,0,0,1.0288017106784253,1.0198627710342407,0.28,8
2023-08-05,0,0,1.0494101563413691,1.0198627710342407,0.28,8
2023-08-06,0,0,0.925332606177236,0.9851052165031433,0.536,8
2023-08-07,0,0,1.0600347894644628,0.9860630035400391,0.52,8
2023-08-08,0,0,1.2032070808322328,0.9860630035400391,0.52,8
2023-08-09,0,0,1.1361856872066751,0.9917299747467041,0.464,8
2023-08-10,0,0,1.2169384711338458,0.9851052165031433,0.536,8
2023-08-11,0,0,1.124374488467241,0.9890265464782715,0.48,8
2023-08-12,0,0,1.0302234899243532,0.9851052165031433,0.536,8
2023-08-13,0,0,1.1364735275600777,1.0175508260726929,0.296,8
2023-08-14,0,0,1.0140690876726717,1.0232175588607788,0.28,8
2023-08-15,0,0,0.9598834391613684,1.0175508260726929,0.296,8
2023-08-16,0,0,0.96344523411635,1.0175508260726929,0.296,8
2023-08-17,0,0,0.8619772162480696,1.0232175588607788,0.28,8
2023-08-18,1,0,0.84340585697894,1.0175508260726929,0.296,8
2023-08-19,0,0,0.9361598228925094,1.0175508260726929,0.296,8
2023-08-20,0,0,0.9812706645380184,1.0018424987792969,0.408,8
2023-08-21,0,0,0.9880650175388538,0.9961754083633423,0.456,8
2023-08-22,0,0,0.9501391402718308,0.9952175617218018,0.456,8
2023-08-23,0,0,1.0115737235821658,0.996130108833313,0.456,8
2023-08-24,0,0,0.9999262702998436,1.0198657512664795,0.28,8
2023-08-25,0,0,1.24194058981351,1.023787021636963,0.28,8
2023-08-26,0,0,1.1524945548408054,1.0225690603256226,0.28,8
2023-08-27,0,0,1.0562711289247646,1.003948450088501,0.392,8
2023-08-28,0,0,1.1258216617159271,1.0030359029769897,0.408,8
2023-08-29,0,0,1.127791985065815,1.0030359029769897,0.408,8
2023-08-30,0,0,1.0730811539867262,1.0030359029769897,0.408,8
2023-08-31,0,0,1.1374657637612942,1.0030359029769897,0.408,8
2023-09-01,0,0,0.9176351523297184,0.9840992093086243,0.56,8
2023-09-02,0,0,0.9210003824336146,0.9810903668403625,0.576,8
2023-09-03,0,0,0.9421400380007852,0.9660831689834595,0.824,8
2023-09-04,0,0,0.9211686908188832,0.9660831689834595,0.824,8
2023-09-05,1,0,0.8469144869908538,0.9660831689834595,0.824,8
2023-09-06,1,0,0.8378144001188419,0.9660831689834595,0.824,8
2023-09-07,1,0,0.8332308808794763,0.9660831689834595,0.824,8
2023-09-08,1,0,0.7903801903571291,0.9687864780426025,0.792,8
2023-09-09,0,0,0.9215862638123296,0.9660831689834595,0.824,8
2023-09-10,0,0,0.9192039742345504,1.0064784288406372,0.392,8
2023-09-11,0,0,0.8882584499143324,0.9998537302017212,0.408,8
2023-09-12,0,0,0.9893752333510308,0.9998537302017212,0.408,8
2023-09-13,0,0,1.0276905021746976,1.0025571584701538,0.408,8
2023-09-14,0,0,1.05764422804859,1.000766396522522,0.408,8
2023-09-15,0,0,1.037244258278199,0.9998537302017212,0.408,8
2023-09-16,0,0,0.9111351623678404,0.9998537302017212,0.408,8
2023-09-17,0,0,0.9168705447222036,1.0156580209732056,0.304,8
2023-09-18,0,0,0.9480631642651184,1.0156580209732056,0.304,8
2023-09-19,0,0,1.049584705904487,1.0183613300323486,0.296,8
2023-09-20,0,0,1.0582598221905524,1.0156580209732056,0.304,8
2023-09-21,0,0,1.0114472018825855,1.0165705680847168,0.296,8
2023-09-22,0,0,1.110871812182302,1.0156580209732056,0.304,8
2023-09-23,0,0,1.1541736168324266,1.0156580209732056,0.304,8
2023-09-24,0,0,1.1078020011333731,1.0517593622207642,0.2,8
2023-09-25,0,0,1.074645609849099,1.0517593622207642,0.2,8
2023-09-26,0,0,0.9539644229731924,1.0544626712799072,0.2,8
2023-09-27,0,0,1.045324049908362,1.0517593622207642,0.2,8
2023-09-28,0,0,1.058283583828204,1.0517593622207642,0.2,8
2023-09-29,0,0,0.9529449023805296,1.0517593622207642,0.2,8
2023-09-30,0,0,1.0335157970037918,1.0517593622207642,0.2,8
2023-10-08,0,1,0.943214957935384,0.9846533536911011,0.6405529953917051,8
2023-10-09,0,1,0.8954605455623991,0.9837493300437927,0.6728110599078341,8
2023-10-10,0,1,0.8714609046846392,0.9846533536911011,0.6405529953917051,8
2023-10-11,0,1,0.8537394125385595,0.9846533536911011,0.6405529953917051,8
2023-10-12,0,1,0.9158302055623126,0.9980056285858154,0.4055299539170507,8
2023-10-13,1,1,0.8235183048240129,0.9837493300437927,0.6728110599078341,8
2023-10-14,1,1,0.8417997244121631,0.9837493300437927,0.6728110599078341,8
2023-10-15,0,1,0.8686185654387014,1.011577844619751,0.31797235023041476,8
2023-10-16,1,1,0.837630457855076,1.0080749988555908,0.35944700460829493,8
2023-10-17,1,1,0.7765728111191363,1.0043892860412598,0.3824884792626728,8
2023-10-18,0,1,0.876315761424511,1.0056748390197754,0.3778801843317972,8
2023-10-19,0,1,0.8981339369635442,1.0028131008148193,0.3870967741935484,8
2023-10-20,0,1,1.0052067391820876,1.0034852027893066,0.3824884792626728,8
2023-10-21,0,1,1.0475645261799866,1.0122499465942383,0.31797235023041476,8
2023-10-22,0,1,1.0349876751325695,1.117222785949707,0.09216589861751152,8
2023-10-23,0,1,1.0648188658578015,1.1194126605987549,0.09216589861751152,8
2023-10-24,0,1,1.2288539084267107,1.1669087409973145,0.027649769585253458,8
2023-10-25,0,1,1.325022505621457,1.1578810214996338,0.03225806451612903,8
2023-10-26,0,1,1.3444469765965152,1.158785104751587,0.03225806451612903,8
2023-10-27,0,1,1.24809949228092,1.1578810214996338,0.03225806451612903,8
2023-10-28,0,1,1.1197888843427084,1.1631429195404053,0.03225806451612903,8
2023-10-29,0,1,1.0278744636215793,1.042593240737915,0.16589861751152074,8
2023-10-30,0,1,1.092155254370859,1.0409715175628662,0.16589861751152074,8
2023-10-31,0,1,1.1015162289550902,1.040067434310913,0.17511520737327188,8
2023-11-01,0,1,0.9616024375172428,1.002542495727539,0.3870967741935484,8
2023-11-02,0,1,1.0211534524417607,0.999543309211731,0.391705069124424,8
2023-11-03,0,1,1.0185200315853409,1.010033369064331,0.3548387096774194,8
2023-11-04,0,1,0.9938521706160228,1.0042591094970703,0.3824884792626728,8
2023-11-05,0,1,1.0661778939631648,0.9806402325630188,0.6912442396313364,8
2023-11-06,0,1,1.1620310134405805,0.9773475527763367,0.7188940092165899,8
2023-11-07,0,1,0.980518173100777,0.9743485450744629,0.7235023041474654,8
2023-11-08,0,1,0.9051698390223948,0.9752525687217712,0.7235023041474654,8
2023-11-09,1,1,0.7489778501170876,0.9743485450744629,0.7235023041474654,8
2023-11-10,1,1,0.7527771910343829,0.9784504771232605,0.7188940092165899,8
2023-11-11,0,1,0.9667089341078078,0.9861265420913696,0.6175115207373272,8
2023-11-12,0,1,0.9442364852029852,1.0925946235656738,0.09216589861751152,8
2023-11-13,1,1,0.7318274766100183,1.0946741104125977,0.09216589861751152,8
2023-11-14,1,1,0.8206581432559168,1.1013736724853516,0.09216589861751152,8
2023-11-15,0,1,1.051314083184571,1.1000878810882568,0.09216589861751152,8
2023-11-16,0,1,1.0761913404529675,1.0946016311645508,0.09216589861751152,8
2023-11-17,0,1,0.9757244500222187,1.0936975479125977,0.09216589861751152,8
2023-11-18,0,1,0.940194569771074,1.0911715030670166,0.09216589861751152,8
2023-11-19,0,1,0.8987004950888953,1.093498706817627,0.09216589861751152,8
2023-11-20,0,1,1.089296800690815,1.098008394241333,0.09216589861751152,8
2023-11-21,0,1,1.1345993778130965,1.1043429374694824,0.09216589861751152,8
2023-11-22,0,1,1.0464304602981034,1.0895955562591553,0.09216589861751152,8
2023-11-23,0,1,1.1378360455267436,1.1033663749694824,0.09216589861751152,8
2023-11-24,0,1,1.3841279965162,1.1440730094909668,0.03225806451612903,8
2023-11-25,0,1,1.2713157281439782,1.1331186294555664,0.06451612903225806,8
2023-11-26,0,1,1.4205242426211462,1.0973789691925049,0.09216589861751152,8
2023-11-27,0,1,1.3156964922071708,1.08717679977417,0.0967741935483871,8
2023-11-28,0,1,1.3008009098853073,1.0895764827728271,0.09216589861751152,8
2023-11-29,0,1,1.2479916720289856,1.0895764827728271,0.09216589861751152,8
2023-11-30,0,1,1.184579900085264,1.0885999202728271,0.09216589861751152,8
2023-12-01,0,1,0.9217983024910515,1.0449426174163818,0.16129032258064516,8
2023-12-02,0,1,0.9872117622337688,1.053858995437622,0.14746543778801843,8
2023-12-03,0,1,0.9761410830534396,0.9581396579742432,0.8110599078341014,8
2023-12-04,0,1,0.9081520857619844,0.9567166566848755,0.8294930875576036,8
2023-12-05,0,1,0.9381732402892374,0.9582927227020264,0.8110599078341014,8
2023-12-06,0,1,0.9296518465586814,0.9567166566848755,0.8294930875576036,8
2023-12-07,1,1,0.8413685597788102,0.9582927227020264,0.8110599078341014,8
2023-12-08,0,1,0.991352633325197,0.968494713306427,0.7465437788018433,8
2023-12-09,0,1,0.9411554944408358,0.9567166566848755,0.8294930875576036,8
2023-12-10,1,1,0.8389522108078011,0.9901424050331116,0.4976958525345622,8
2023-12-11,1,1,0.8071649857265369,0.9914277791976929,0.4700460829493088,8
2023-12-12,1,1,0.7572970023336949,0.9901424050331116,0.4976958525345622,8
2023-12-13,1,1,0.6208795880453283,0.9901424050331116,0.4976958525345622,8
2023-12-14,1,1,0.7592057772002324,1.0019207000732422,0.3870967741935484,8
2023-12-15,1,1,0.8328269225748938,0.9926947951316833,0.4423963133640553,8
2023-12-16,0,1,0.8590655807455964,0.9930038452148438,0.4423963133640553,8
2023-12-17,0,1,0.9377129218982944,1.010676383972168,0.33640552995391704,8
2023-12-18,0,1,0.9642064200950122,1.0026640892028809,0.3870967741935484,8
2023-12-19,0,1,0.8985380992120569,1.0017600059509277,0.3870967741935484,8
2023-12-20,0,1,1.174221538340847,1.0119619369506836,0.31797235023041476,8
2023-12-21,0,1,1.219687141657661,1.0017600059509277,0.3870967741935484,8
2023-12-22,0,1,1.109109822460017,1.0017600059509277,0.3870967741935484,8
2023-12-23,0,1,1.1355025094767273,1.0017600059509277,0.3870967741935484,8
2023-12-24,0,1,1.067923542918951,1.1792268753051758,0.004608294930875576,8
2023-12-25,0,1,1.0641320258226272,1.1814165115356445,0.0,8
2023-12-26,0,1,1.1724151428996483,1.1894288063049316,0.0,8
2023-12-27,0,1,1.10656776396788,1.1792268753051758,0.004608294930875576,8
2023-12-28,0,1,1.0122393038967503,1.1792268753051758,0.004608294930875576,8
2023-12-29,0,1,1.1349625439131328,1.1792268753051758,0.004608294930875576,8
2023-12-30,0,1,1.107041700896765,1.1792268753051758,0.004608294930875576,8
2023-12-31,0,1,1.0540714431461404,1.0306665897369385,0.25806451612903225,8
2024-01-08,0,2,0.9380252547156612,0.9513508081436157,0.7216828478964401,8
2024-01-09,0,2,0.8604976941696318,0.9385603666305542,0.8446601941747572,8
2024-01-10,0,2,0.8967950138147822,0.9364391565322876,0.8543689320388349,8
2024-01-11,1,2,0.81515703606474,0.9399194121360779,0.8252427184466019,8
2024-01-12,1,2,0.7697963725749237,0.9364391565322876,0.8543689320388349,8
2024-01-13,1,2,0.841357639507363,0.9447720050811768,0.7799352750809061,8
2024-01-14,1,2,0.8237505800283649,0.9603533744812012,0.6343042071197411,8
2024-01-15,1,2,0.8143008517556474,0.9490087032318115,0.7443365695792881,8
2024-01-16,0,2,0.8574681818882544,0.9504622220993042,0.7346278317152104,8
2024-01-17,1,2,0.7587486496508539,0.9491391181945801,0.7443365695792881,8
2024-01-18,1,2,0.6693137152967722,0.9454418420791626,0.7734627831715211,8
2024-01-19,1,2,0.6699104276785826,0.967736542224884,0.56957928802589,8
2024-01-20,0,2,0.8772632858888515,0.9925163984298706,0.39805825242718446,8
2024-01-21,0,2,0.9892903383152972,0.999203622341156,0.3656957928802589,8
2024-01-22,0,2,1.117405717166005,1.0438505411148071,0.26537216828478966,8
2024-01-23,0,2,1.1151266074232986,1.0396535396575928,0.28802588996763756,8
2024-01-24,0,2,1.075838623368072,1.1092036962509155,0.11650485436893204,8
2024-01-25,0,2,1.2754491983991014,1.1128144264221191,0.11326860841423948,8
2024-01-26,0,2,1.423986158079574,1.1171278953552246,0.10679611650485436,8
2024-01-27,0,2,1.2093563799502314,1.0887720584869385,0.1715210355987055,8
2024-01-28,0,2,1.0654453237147563,1.1804736852645874,0.03559870550161812,8
2024-01-29,0,2,0.947841005507312,1.1417784690856934,0.0744336569579288,8
2024-01-30,1,2,0.8351685356731198,1.1396571397781372,0.0744336569579288,8
2024-01-31,0,2,0.9497929613869894,1.1627472639083862,0.05825242718446602,8
2024-02-01,0,2,0.917248696829258,1.0952330827713013,0.1488673139158576,8
2024-02-02,0,2,0.8851405980336539,1.070141077041626,0.19093851132686085,8
2024-02-03,0,2,0.982826709401738,1.069053292274475,0.19093851132686085,8
2024-02-04,0,2,1.0025264392902944,0.943501889705658,0.7896440129449838,8
2024-02-05,0,2,0.9483480269362228,0.9225025773048401,0.9223300970873787,8
2024-02-06,0,2,1.0972617113073977,0.9269306063652039,0.8867313915857605,8
2024-02-07,0,2,1.0891759604105706,0.9345970153808594,0.8673139158576052,8
2024-02-08,0,2,1.096557459323093,0.9196856021881104,0.9773462783171522,8
2024-02-09,0,2,1.1167044003098343,0.9203935265541077,0.970873786407767,8
2024-02-10,0,2,1.0002853718765394,0.920661985874176,0.9644012944983819,8
2024-02-11,0,2,1.0068662107279371,0.9498672485351562,0.7443365695792881,8
2024-02-12,0,2,1.068197683139049,0.9681698083877563,0.56957928802589,8
2024-02-13,0,2,0.9193871015786248,0.9722129106521606,0.5469255663430421,8
2024-02-14,0,2,0.9666893508669268,0.9643568396568298,0.5954692556634305,8
2024-02-15,0,2,0.9701647067175788,0.962609052658081,0.6084142394822006,8
2024-02-16,0,2,0.951505866659967,0.9609248042106628,0.6310679611650486,8
2024-02-17,0,2,0.9867051638475192,0.9619011282920837,0.6181229773462783,8
2024-02-18,0,2,0.9427333113260588,1.0283759832382202,0.2977346278317152,8
2024-02-19,0,2,0.978784236975376,1.0261192321777344,0.3042071197411003,8
2024-02-20,0,2,1.2204788803729685,1.028943419456482,0.29449838187702265,8
2024-02-21,0,2,1.2578634247818792,1.0309453010559082,0.29449838187702265,8
2024-02-22,0,2,1.4160461739581691,1.0240908861160278,0.3074433656957929,8
2024-02-23,0,2,1.4083895326125038,1.022674798965454,0.3106796116504854,8
2024-02-24,0,2,1.2889078774480094,1.0923023223876953,0.1553398058252427,8
2024-02-25,0,2,1.408628586196815,1.1761990785598755,0.045307443365695796,8
2024-02-26,0,2,1.5357853726649573,1.1200783252716064,0.10355987055016182,8
2024-02-27,0,2,1.4255036298830266,1.1210159063339233,0.10355987055016182,8
2024-02-28,0,2,1.3472740673438566,1.1161737442016602,0.10679611650485436,8
2024-02-29,0,2,1.0804552257818711,1.1309775114059448,0.09385113268608414,8
2024-03-01,0,2,1.0254354181414247,1.0477454662322998,0.255663430420712,8
2024-03-02,0,2,1.1320172826735235,1.0549904108047485,0.22330097087378642,8
2024-03-03,0,2,1.128319747911003,0.968738853931427,0.5631067961165048,8
2024-03-04,0,2,0.9822802609177096,0.9697151780128479,0.5501618122977346,8
2024-03-05,0,2,0.9670810502033153,0.9548036456108093,0.6828478964401294,8
2024-03-06,0,2,0.946135861635669,0.9772970080375671,0.4854368932038835,8
2024-03-07,0,2,0.8708436819149774,0.952373206615448,0.7184466019417476,8
2024-03-08,0,2,0.8762602644369504,0.9546725749969482,0.686084142394822,8
2024-03-09,1,2,0.8487925178810976,0.955094039440155,0.6731391585760518,8
2024-03-10,1,2,0.7728795364314732,0.9196856021881104,0.9773462783171522,8
2024-03-11,1,2,0.708461282966484,0.9196856021881104,0.9773462783171522,8
2024-03-12,1,2,0.6426398373180695,0.9215261936187744,0.9449838187702265,8
2024-03-13,1,2,0.571377925482258,0.9196856021881104,0.9773462783171522,8
2024-03-14,1,2,0.6901720416567598,0.9269306063652039,0.8867313915857605,8
2024-03-15,1,2,0.7549641664287521,0.9491984844207764,0.7443365695792881,8
2024-03-16,1,2,0.836506042031234,0.9229614734649658,0.919093851132686,8
2024-03-17,0,2,0.9709646135075468,0.9604118466377258,0.6343042071197411,8
2024-03-18,0,2,0.9688339478220468,0.9914324283599854,0.4045307443365696,8
2024-03-19,0,2,0.9413149393033896,1.022878646850586,0.3106796116504854,8
2024-03-20,0,2,1.0655612632569766,1.0173698663711548,0.3268608414239482,8
2024-03-21,0,2,1.133253625646406,1.020579218864441,0.313915857605178,8
2024-03-22,0,2,1.113040266895566,1.011332392692566,0.343042071197411,8
2024-03-23,0,2,1.036710651553232,1.0127484798431396,0.33980582524271846,8
2024-03-24,0,2,0.9228864380293004,1.1511961221694946,0.06796116504854369,8
2024-03-25,0,2,1.1500417141558186,1.1259193420410156,0.10032362459546926,8
2024-03-26,0,2,1.298740837351826,1.1542484760284424,0.06796116504854369,8
2024-03-27,0,2,1.2996211124527302,1.145707130432129,0.0744336569579288,8
2024-03-28,0,2,1.323402650373225,1.1093313694000244,0.11650485436893204,8
2024-03-29,0,2,1.3339767416071382,1.1000723838806152,0.12944983818770225,8
2024-03-30,0,2,1.273455247833983,1.1068578958511353,0.11650485436893204,8
2024-03-31,0,2,1.1543087116353845,1.0964123010635376,0.14563106796116504,8
2024-04-08,0,3,0.9013501692371486,0.8746238350868225,0.9625,8
2024-04-09,0,3,0.9504673829573714,0.8647127151489258,0.9825,8
2024-04-10,1,3,0.8243382492106264,0.8661492466926575,0.98,8
2024-04-11,1,3,0.7834501466330951,0.8588883876800537,0.99,8
2024-04-12,0,3,0.8698604395795992,0.8950361609458923,0.93,8
2024-04-13,1,3,0.7597608507551356,0.8815908432006836,0.96,8
2024-04-14,1,3,0.677212775397524,0.9332570433616638,0.735,8
2024-04-15,1,3,0.6920359386686836,0.9617477655410767,0.62,8
2024-04-16,1,3,0.6104944247335421,1.0002787113189697,0.4175,8
2024-04-17,1,3,0.5682484576390117,1.0193145275115967,0.365,8
2024-04-18,1,3,0.6743462566199577,1.0701112747192383,0.2575,8
2024-04-19,1,3,0.8021678182057587,1.082544207572937,0.215,8
2024-04-20,1,3,0.8338345092652095,1.0709304809570312,0.2575,8
2024-04-21,0,3,0.9500977307262902,1.1617591381072998,0.0925,8
2024-04-22,0,3,0.894020763122248,1.1634604930877686,0.0925,8
2024-04-23,0,3,0.991399742819852,1.1667547225952148,0.09,8
2024-04-24,0,3,1.0878447526166517,1.2450377941131592,0.0175,8
2024-04-25,0,3,1.1142222845209917,1.2426261901855469,0.0175,8
2024-04-26,0,3,1.007146643273655,1.2111573219299316,0.0425,8
2024-04-27,0,3,1.1844212349409298,1.2181037664413452,0.035,8
2024-04-28,0,3,1.1006217153126756,1.2443889379501343,0.0175,8
2024-04-29,0,3,1.2106187582063732,1.2040282487869263,0.0475,8
2024-04-30,0,3,1.176679988504357,1.2068549394607544,0.045,8
2024-05-01,0,3,1.169712985396964,1.1412044763565063,0.12,8
2024-05-02,0,3,1.216461054387081,1.0828691720962524,0.215,8
2024-05-03,0,3,1.397113446052744,1.0759079456329346,0.2375,8
2024-05-04,0,3,1.0699333394458723,1.0635766983032227,0.2775,8
2024-05-05,0,3,1.0152024835913225,0.9319691061973572,0.76,8
2024-05-06,0,3,0.9666563960052584,0.9473792910575867,0.6675,8
2024-05-07,0,3,1.0010999776265437,0.9479964375495911,0.665,8
2024-05-08,0,3,1.045751819874061,0.9497580528259277,0.6525,8
2024-05-09,0,3,1.2333799656918272,0.9260944128036499,0.795,8
2024-05-10,0,3,1.0191571683896132,0.9447447061538696,0.68,8
2024-05-11,0,3,0.9714474788616788,0.9349710941314697,0.73,8
2024-05-12,0,3,1.0535541973093132,0.9208961129188538,0.8325,8
2024-05-13,0,3,1.0240117177175188,0.9372573494911194,0.72,8
2024-05-14,0,3,1.125954466739724,0.948576807975769,0.665,8
2024-05-15,0,3,1.2327625220716356,0.9402227401733398,0.6925,8
2024-05-16,0,3,0.8955376067268118,0.9288753271102905,0.78,8
2024-05-17,1,3,0.7913953040488042,0.9096665978431702,0.865,8
2024-05-18,0,3,0.9055523499200772,0.9546531438827515,0.64,8
2024-05-19,0,3,1.0128479078315926,1.071606159210205,0.2525,8
2024-05-20,0,3,1.2727679133110166,1.0764439105987549,0.2375,8
2024-05-21,0,3,1.1537031263145334,1.0625919103622437,0.285,8
2024-05-22,0,3,1.046269531398886,1.0218855142593384,0.36,8
2024-05-23,0,3,1.0562146124420275,1.0310982465744019,0.3525,8
2024-05-24,0,3,1.2380722690129595,1.1364610195159912,0.1325,8
2024-05-25,0,3,1.2213285629567612,1.1445655822753906,0.115,8
2024-05-26,0,3,1.228174786340416,1.232028603553772,0.03,8
2024-05-27,0,3,1.0487811469475452,1.1537141799926758,0.0975,8
2024-05-28,0,3,0.9800365302910446,1.1489808559417725,0.1075,8
2024-05-29,0,3,0.9766676001211076,1.1456279754638672,0.1125,8
2024-05-30,0,3,1.0512578208843095,1.1502171754837036,0.1025,8
2024-05-31,0,3,0.9961927431314136,1.1633045673370361,0.0925,8
2024-06-01,0,3,1.0782850177636043,1.0973553657531738,0.185,8
2024-06-02,0,3,0.9920610924462848,0.9514057636260986,0.645,8
2024-06-03,0,3,0.9346561396567484,0.9418824911117554,0.69,8
2024-06-04,0,3,0.9732410768918764,0.94414883852005,0.6825,8
2024-06-05,0,3,1.0072004413080666,0.9521692991256714,0.6425,8
2024-06-06,0,3,0.9640593675152046,0.9340662956237793,0.735,8
2024-06-07,0,3,1.1256372778569268,0.9377694725990295,0.7125,8
2024-06-08,0,3,1.1008109168047002,0.9295339584350586,0.77,8
2024-06-09,0,3,0.989007483306001,0.9882453680038452,0.4825,8
2024-06-10,0,3,0.9274834755604218,0.9907384514808655,0.4725,8
2024-06-11,0,3,1.0227093286635367,1.0100479125976562,0.3825,8
2024-06-12,0,3,0.8594831565656494,1.0058890581130981,0.3925,8
2024-06-13,0,3,0.917704853697102,1.006717562675476,0.3925,8
2024-06-14,1,3,0.6795921971656652,1.003256916999817,0.41,8
2024-06-15,1,3,0.6145184425791482,0.9907710552215576,0.4725,8
2024-06-16,1,3,0.6919752734828566,0.8790919780731201,0.96,8
2024-06-17,1,3,0.7297780106527604,0.9091464877128601,0.865,8
2024-06-18,1,3,0.6735497277838808,0.8832942843437195,0.9575,8
2024-06-19,1,3,0.7804324729432032,0.9142095446586609,0.8525,8
2024-06-20,1,3,0.8217039182820827,0.9130187034606934,0.8575,8
2024-06-21,1,3,0.7884223086555656,0.9072027802467346,0.885,8
2024-06-22,0,3,0.9602602959616506,0.9493066072463989,0.66,8
2024-06-23,0,3,1.024427310962878,1.2091140747070312,0.0425,8
2024-06-24,0,3,1.195491628687297,1.2481563091278076,0.015,8
2024-06-25,0,3,1.215906713930801,1.233176350593567,0.0275,8
2024-06-26,0,3,1.2258309674396182,1.2554008960723877,0.0125,8
2024-06-27,0,3,1.073965935073988,1.2365158796310425,0.02,8
2024-06-28,0,3,1.2305126825999335,1.272930383682251,0.0075,8
2024-06-29,0,3,1.097148681317217,1.2781742811203003,0.005,8
2024-06-30,0,3,1.0619410379298095,1.133858561515808,0.135,8
2024-07-08,0,4,1.116457631384267,0.9632485508918762,0.5560081466395111,8
2024-07-09,0,4,1.0101891778297445,0.9440006017684937,0.6761710794297352,8
2024-07-10,0,4,1.0863941086454256,0.9712651968002319,0.5173116089613035,8
2024-07-11,0,4,0.9965360490189162,0.9420254230499268,0.6802443991853361,8
2024-07-12,0,4,0.9539304823475042,0.9551999568939209,0.6089613034623218,8
2024-07-13,0,4,0.950638118953398,0.9323996305465698,0.7494908350305499,8
2024-07-14,1,4,0.8397214790590249,0.8767650127410889,0.8940936863543788,8
2024-07-15,1,4,0.7334528107337351,0.8808797597885132,0.8920570264765784,8
2024-07-16,0,4,0.8883891721870719,0.918857216835022,0.8065173116089613,8
2024-07-17,1,4,0.8437789187234767,0.9057022333145142,0.8533604887983707,8
2024-07-18,1,4,0.8472455707817422,0.9128327965736389,0.8309572301425662,8
2024-07-19,0,4,0.910717151006186,0.8916217684745789,0.8859470468431772,8
2024-07-20,0,4,0.925370339191337,0.8958421945571899,0.8757637474541752,8
2024-07-21,0,4,0.9397654980095967,1.0796757936477661,0.23828920570264767,8
2024-07-22,0,4,1.104105804698513,1.0811907052993774,0.23217922606924643,8
2024-07-23,0,4,1.121178664383199,1.074841856956482,0.2505091649694501,8
2024-07-24,0,4,1.2550419907953434,1.1516727209091187,0.1120162932790224,8
2024-07-25,0,4,1.3558074600098629,1.164607286453247,0.0814663951120163,8
2024-07-26,0,4,1.2959917929379574,1.1314998865127563,0.1384928716904277,8
2024-07-27,0,4,1.2389659237927133,1.163092851638794,0.0835030549898167,8
2024-07-28,0,4,1.4091135047749308,1.186193585395813,0.05295315682281059,8
2024-07-29,0,4,1.3050678458824962,1.1785964965820312,0.06109979633401222,8
2024-07-30,0,4,1.3048241644198404,1.1784095764160156,0.06109979633401222,8
2024-07-31,0,4,1.2597264680283011,1.1453500986099243,0.11608961303462322,8
2024-08-01,0,4,1.121700455984094,1.0508804321289062,0.2892057026476578,8
2024-08-02,0,4,1.0415576174661785,1.0590898990631104,0.2790224032586558,8
2024-08-03,0,4,1.0714138034837262,1.0585473775863647,0.28105906313645623,8
2024-08-04,0,4,0.9254800342702844,0.8977109789848328,0.8676171079429735,8
2024-08-05,0,4,0.9988541841260816,0.9135263562202454,0.8309572301425662,8
2024-08-06,0,4,0.9756751014725488,0.9164614081382751,0.8167006109979633,8
2024-08-07,0,4,0.950823057621353,0.8950372934341431,0.8757637474541752,8
2024-08-08,0,4,0.903694941501862,0.9095286726951599,0.8391038696537678,8
2024-08-09,0,4,0.9996673408605188,0.9155116677284241,0.8207739307535642,8
2024-08-10,0,4,1.0858174208180866,0.9128705859184265,0.8309572301425662,8
2024-08-11,0,4,1.044348391022553,0.9698061347007751,0.5234215885947047,8
2024-08-12,0,4,0.932182289361824,0.9418830275535583,0.6802443991853361,8
2024-08-13,0,4,0.9069610610786007,0.9209734797477722,0.7963340122199593,8
2024-08-14,1,4,0.8265701897589802,0.9519649147987366,0.6313645621181263,8
2024-08-15,0,4,0.9676451248182724,0.9528738260269165,0.6232179226069247,8
2024-08-16,0,4,0.9250031917066456,0.935348391532898,0.7352342158859471,8
2024-08-17,0,4,0.8864973567568095,0.928074836730957,0.7637474541751528,8
2024-08-18,0,4,0.9752006344141928,0.8417283296585083,0.945010183299389,8
2024-08-19,0,4,0.9430349725449813,0.8395583629608154,0.9470468431771895,8
2023-07-08,0,0,0.9241726794350844,0.9491905588469809,0.888,9
2023-07-09,0,0,0.9743232874576132,1.0153072845602815,0.384,9
2023-07-10,0,0,0.9966145169869692,1.0153072845602815,0.384,9
2023-07-11,0,0,0.9517191542034068,1.0153072845602815,0.384,9
2023-07-12,0,0,0.948542157152549,1.0153072845602815,0.384,9
2023-07-13,1,0,0.8136032158541315,1.0153072845602815,0.384,9
2023-07-14,1,0,0.8379735483359313,1.0153072845602815,0.384,9
2023-07-15,0,0,0.8701002940440485,1.0153072845602815,0.384,9
2023-07-16,0,0,0.9114132510669704,1.0143300646995235,0.384,9
2023-07-17,0,0,0.8908737944136609,1.0143300646995235,0.384,9
2023-07-18,0,0,0.9255322693960212,1.0143300646995235,0.384,9
2023-07-19,0,0,0.967263115722151,1.0143300646995235,0.384,9
2023-07-20,0,0,1.0407271001586968,1.0143300646995235,0.384,9
2023-07-21,0,0,1.0879196255666288,1.0143300646995235,0.384,9
2023-07-22,0,0,1.0747706880007073,1.0143300646995235,0.384,9
2023-07-23,0,0,1.082245562916266,1.043633512052823,0.112,9
2023-07-24,0,0,1.1801619598634046,1.043633512052823,0.112,9
2023-07-25,0,0,1.1393366031481695,1.043633512052823,0.112,9
2023-07-26,0,0,1.0470649557621556,1.043633512052823,0.112,9
2023-07-27,0,0,1.0524089049987362,1.043633512052823,0.112,9
2023-07-28,0,0,1.0961332324625743,1.043633512052823,0.112,9
2023-07-29,0,0,1.1475046354373504,1.043633512052823,0.112,9
2023-07-30,0,0,1.1030104289707232,1.0401483342744469,0.224,9
2023-07-31,0,0,0.9802661574733532,1.0401483342744469,0.224,9
2023-08-01,0,0,0.9276591914865956,1.0401483342744469,0.224,9
2023-08-02,0,0,0.9856192869568604,1.0401483342744469,0.224,9
2023-08-03,0,0,0.9849464199753928,1.0401483342744469,0.224,9
2023-08-04,0,0,1.0288017106784253,1.0401483342744469,0.224,9
2023-08-05,0,0,1.0494101563413691,1.0401483342744469,0.224,9
2023-08-06,0,0,0.925332606177236,1.0107058537561142,0.384,9
2023-08-07,0,0,1.0600347894644628,1.0107058537561142,0.384,9
2023-08-08,0,0,1.2032070808322328,1.0107058537561142,0.384,9
2023-08-09,0,0,1.1361856872066751,1.0107058537561142,0.384,9
2023-08-10,0,0,1.2169384711338458,1.0107058537561142,0.384,9
2023-08-11,0,0,1.124374488467241,1.0107058537561142,0.384,9
2023-08-12,0,0,1.0302234899243532,1.0107058537561142,0.384,9
2023-08-13,0,0,1.1364735275600777,1.0283753655026053,0.224,9
2023-08-14,0,0,1.0140690876726717,1.0283753655026053,0.224,9
2023-08-15,0,0,0.9598834391613684,1.0283753655026053,0.224,9
2023-08-16,0,0,0.96344523411635,1.0283753655026053,0.224,9
2023-08-17,0,0,0.8619772162480696,1.0283753655026053,0.224,9
2023-08-18,1,0,0.84340585697894,1.0283753655026053,0.224,9
2023-08-19,0,0,0.9361598228925094,1.0283753655026053,0.224,9
2023-08-20,0,0,0.9812706645380184,1.0122525452763285,0.384,9
2023-08-21,0,0,0.9880650175388538,1.0122525452763285,0.384,9
2023-08-22,0,0,0.9501391402718308,1.0122525452763285,0.384,9
2023-08-23,0,0,1.0115737235821658,1.0122525452763285,0.384,9
2023-08-24,0,0,0.9999262702998436,1.0122525452763285,0.384,9
2023-08-25,0,0,1.24194058981351,1.0122525452763285,0.384,9
2023-08-26,0,0,1.1524945548408054,1.0122525452763285,0.384,9
2023-08-27,0,0,1.0562711289247646,0.9764432912103125,0.608,9
2023-08-28,0,0,1.1258216617159271,0.9764432912103125,0.608,9
2023-08-29,0,0,1.127791985065815,0.9764432912103125,0.608,9
2023-08-30,0,0,1.0730811539867262,0.9764432912103125,0.608,9
2023-08-31,0,0,1.1374657637612942,0.9764432912103125,0.608,9
2023-09-01,0,0,0.9176351523297184,0.9764432912103125,0.608,9
2023-09-02,0,0,0.9210003824336146,0.9764432912103125,0.608,9
2023-09-03,0,0,0.9421400380007852,0.9617151354033866,0.72,9
2023-09-04,0,0,0.9211686908188832,0.9617151354033866,0.72,9
2023-09-05,1,0,0.8469144869908538,0.9617151354033866,0.72,9
2023-09-06,1,0,0.8378144001188419,0.9617151354033866,0.72,9
2023-09-07,1,0,0.8332308808794763,0.9617151354033866,0.72,9
2023-09-08,1,0,0.7903801903571291,0.9617151354033866,0.72,9
2023-09-09,0,0,0.9215862638123296,0.9617151354033866,0.72,9
2023-09-10,0,0,0.9192039742345504,1.0186251834895572,0.384,9
2023-09-11,0,0,0.8882584499143324,1.0186251834895572,0.384,9
2023-09-12,0,0,0.9893752333510308,1.0186251834895572,0.384,9
2023-09-13,0,0,1.0276905021746976,1.0186251834895572,0.384,9
2023-09-14,0,0,1.05764422804859,1.0186251834895572,0.384,9
2023-09-15,0,0,1.037244258278199,1.0186251834895572,0.384,9
2023-09-16,0,0,0.9111351623678404,1.0186251834895572,0.384,9
2023-09-17,0,0,0.9168705447222036,1.01325988570472,0.384,9
2023-09-18,0,0,0.9480631642651184,1.01325988570472,0.384,9
2023-09-19,0,0,1.049584705904487,1.01325988570472,0.384,9
2023-09-20,0,0,1.0582598221905524,1.01325988570472,0.384,9
2023-09-21,0,0,1.0114472018825855,1.01325988570472,0.384,9
2023-09-22,0,0,1.110871812182302,1.01325988570472,0.384,9
2023-09-23,0,0,1.1541736168324266,1.01325988570472,0.384,9
2023-09-24,0,0,1.1078020011333731,1.0390509154582648,0.224,9
2023-09-25,0,0,1.074645609849099,1.0390509154582648,0.224,9
2023-09-26,0,0,0.9539644229731924,1.0390509154582648,0.224,9
2023-09-27,0,0,1.045324049908362,1.0390509154582648,0.224,9
2023-09-28,0,0,1.058283583828204,1.0390509154582648,0.224,9
2023-09-29,0,0,0.9529449023805296,1.0390509154582648,0.224,9
2023-09-30,0,0,1.0335157970037918,1.0390509154582648,0.224,9
2023-10-08,0,1,0.943214957935384,0.9904526182020674,0.6405529953917051,9
2023-10-09,0,1,0.8954605455623991,0.9904526182020674,0.6405529953917051,9
2023-10-10,0,1,0.8714609046846392,0.9904526182020674,0.6405529953917051,9
2023-10-11,0,1,0.8537394125385595,0.9904526182020674,0.6405529953917051,9
2023-10-12,0,1,0.9158302055623126,0.9904526182020674,0.6405529953917051,9
2023-10-13,1,1,0.8235183048240129,0.9904526182020674,0.6405529953917051,9
2023-10-14,1,1,0.8417997244121631,0.9904526182020674,0.6405529953917051,9
2023-10-15,0,1,0.8686185654387014,1.0026017010276667,0.4838709677419355,9
2023-10-16,1,1,0.837630457855076,1.0026017010276667,0.4838709677419355,9
2023-10-17,1,1,0.7765728111191363,1.0026017010276667,0.4838709677419355,9
2023-10-18,0,1,0.876315761424511,1.0026017010276667,0.4838709677419355,9
2023-10-19,0,1,0.8981339369635442,1.0026017010276667,0.4838709677419355,9
2023-10-20,0,1,1.0052067391820876,1.0026017010276667,0.4838709677419355,9
2023-10-21,0,1,1.0475645261799866,1.0026017010276667,0.4838709677419355,9
2023-10-22,0,1,1.0349876751325695,1.039526377534689,0.1152073732718894,9
2023-10-23,0,1,1.0648188658578015,1.039526377534689,0.1152073732718894,9
2023-10-24,0,1,1.2288539084267107,1.0531719871830172,0.06451612903225806,9
2023-10-25,0,1,1.325022505621457,1.0531719871830172,0.06451612903225806,9
2023-10-26,0,1,1.3444469765965152,1.0531719871830172,0.06451612903225806,9
2023-10-27,0,1,1.24809949228092,1.0531719871830172,0.06451612903225806,9
2023-10-28,0,1,1.1197888843427084,1.0531719871830172,0.06451612903225806,9
2023-10-29,0,1,1.0278744636215793,1.0227209070411134,0.30414746543778803,9
2023-10-30,0,1,1.092155254370859,1.0227209070411134,0.30414746543778803,9
2023-10-31,0,1,1.1015162289550902,1.0227209070411134,0.30414746543778803,9
2023-11-01,0,1,0.9616024375172428,1.0094698290516266,0.45161290322580644,9
2023-11-02,0,1,1.0211534524417607,1.0094698290516266,0.45161290322580644,9
2023-11-03,0,1,1.0185200315853409,1.0094698290516266,0.45161290322580644,9
2023-11-04,0,1,0.9938521706160228,1.0094698290516266,0.45161290322580644,9
2023-11-05,0,1,1.0661778939631648,0.9732897938999203,0.6866359447004609,9
2023-11-06,0,1,1.1620310134405805,0.9732897938999203,0.6866359447004609,9
2023-11-07,0,1,0.980518173100777,0.9732897938999203,0.6866359447004609,9
2023-11-08,0,1,0.9051698390223948,0.9732897938999203,0.6866359447004609,9
2023-11-09,1,1,0.7489778501170876,0.9732897938999203,0.6866359447004609,9
2023-11-10,1,1,0.7527771910343829,0.9732897938999203,0.6866359447004609,9
2023-11-11,0,1,0.9667089341078078,0.9732897938999203,0.6866359447004609,9
2023-11-12,0,1,0.9442364852029852,1.0200128194973304,0.3548387096774194,9
2023-11-13,1,1,0.7318274766100183,1.0200128194973304,0.3548387096774194,9
2023-11-14,1,1,0.8206581432559168,1.0200128194973304,0.3548387096774194,9
2023-11-15,0,1,1.051314083184571,1.0200128194973304,0.3548387096774194,9
2023-11-16,0,1,1.0761913404529675,1.0200128194973304,0.3548387096774194,9
2023-11-17,0,1,0.9757244500222187,1.0200128194973304,0.3548387096774194,9
2023-11-18,0,1,0.940194569771074,1.0200128194973304,0.3548387096774194,9
2023-11-19,0,1,0.8987004950888953,1.0271697608185353,0.2534562211981567,9
2023-11-20,0,1,1.089296800690815,1.0271697608185353,0.2534562211981567,9
2023-11-21,0,1,1.1345993778130965,1.0271697608185353,0.2534562211981567,9
2023-11-22,0,1,1.0464304602981034,1.0271697608185353,0.2534562211981567,9
2023-11-23,0,1,1.1378360455267436,1.0271697608185353,0.2534562211981567,9
2023-11-24,0,1,1.3841279965162,1.0406531797980927,0.08294930875576037,9
2023-11-25,0,1,1.2713157281439782,1.0406531797980927,0.08294930875576037,9
2023-11-26,0,1,1.4205242426211462,1.03586670339452,0.1935483870967742,9
2023-11-27,0,1,1.3156964922071708,1.03586670339452,0.1935483870967742,9
2023-11-28,0,1,1.3008009098853073,1.03586670339452,0.1935483870967742,9
2023-11-29,0,1,1.2479916720289856,1.03586670339452,0.1935483870967742,9
2023-11-30,0,1,1.184579900085264,1.03586670339452,0.1935483870967742,9
2023-12-01,0,1,0.9217983024910515,1.0224452917759772,0.30414746543778803,9
2023-12-02,0,1,0.9872117622337688,1.0224452917759772,0.30414746543778803,9
2023-12-03,0,1,0.9761410830534396,0.9406108137537781,0.8709677419354839,9
2023-12-04,0,1,0.9081520857619844,0.9406108137537781,0.8709677419354839,9
2023-12-05,0,1,0.9381732402892374,0.9406108137537781,0.8709677419354839,9
2023-12-06,0,1,0.9296518465586814,0.9406108137537781,0.8709677419354839,9
2023-12-07,1,1,0.8413685597788102,0.9406108137537781,0.8709677419354839,9
2023-12-08,0,1,0.991352633325197,0.9406108137537781,0.8709677419354839,9
2023-12-09,0,1,0.9411554944408358,0.9406108137537781,0.8709677419354839,9
2023-12-10,1,1,0.8389522108078011,0.9854800309596061,0.6728110599078341,9
2023-12-11,1,1,0.8071649857265369,0.9854800309596061,0.6728110599078341,9
2023-12-12,1,1,0.7572970023336949,0.9854800309596061,0.6728110599078341,9
2023-12-13,1,1,0.6208795880453283,0.9854800309596061,0.6728110599078341,9
2023-12-14,1,1,0.7592057772002324,0.9854800309596061,0.6728110599078341,9
2023-12-15,1,1,0.8328269225748938,0.9854800309596061,0.6728110599078341,9
2023-12-16,0,1,0.8590655807455964,0.9854800309596061,0.6728110599078341,9
2023-12-17,0,1,0.9377129218982944,1.0056608875492388,0.45622119815668205,9
2023-12-18,0,1,0.9642064200950122,1.0056608875492388,0.45622119815668205,9
2023-12-19,0,1,0.8985380992120569,1.0056608875492388,0.45622119815668205,9
2023-12-20,0,1,1.174221538340847,1.0056608875492388,0.45622119815668205,9
2023-12-21,0,1,1.219687141657661,1.0056608875492388,0.45622119815668205,9
2023-12-22,0,1,1.109109822460017,1.0056608875492388,0.45622119815668205,9
2023-12-23,0,1,1.1355025094767273,1.0056608875492388,0.45622119815668205,9
2023-12-24,0,1,1.067923542918951,1.0521639202425694,0.07834101382488479,9
2023-12-25,0,1,1.0641320258226272,1.0521639202425694,0.07834101382488479,9
2023-12-26,0,1,1.1724151428996483,1.0521639202425694,0.07834101382488479,9
2023-12-27,0,1,1.10656776396788,1.0521639202425694,0.07834101382488479,9
2023-12-28,0,1,1.0122393038967503,1.0521639202425694,0.07834101382488479,9
2023-12-29,0,1,1.1349625439131328,1.0521639202425694,0.07834101382488479,9
2023-12-30,0,1,1.107041700896765,1.0521639202425694,0.07834101382488479,9
2023-12-31,0,1,1.0540714431461404,0.9996611839344101,0.5483870967741935,9
2024-01-08,0,2,0.9380252547156612,0.9262981371148198,0.8381877022653722,9
2024-01-09,0,2,0.8604976941696318,0.9203324920103885,0.8543689320388349,9
2024-01-10,0,2,0.8967950138147822,0.9203324920103885,0.8543689320388349,9
2024-01-11,1,2,0.81515703606474,0.9303481351535043,0.8025889967637541,9
2024-01-12,1,2,0.7697963725749237,0.9203324920103885,0.8543689320388349,9
2024-01-13,1,2,0.841357639507363,0.9293833156707888,0.8090614886731392,9
2024-01-14,1,2,0.8237505800283649,0.9555797801831555,0.6828478964401294,9
2024-01-15,1,2,0.8143008517556474,0.9555473650841174,0.6828478964401294,9
2024-01-16,0,2,0.8574681818882544,0.9554663357065027,0.6828478964401294,9
2024-01-17,1,2,0.7587486496508539,0.9547687650485378,0.6828478964401294,9
2024-01-18,1,2,0.6693137152967722,0.9538726042849229,0.686084142394822,9
2024-01-19,1,2,0.6699104276785826,0.9863008268677625,0.5080906148867314,9
2024-01-20,0,2,0.8772632858888515,0.9910364435852819,0.47572815533980584,9
2024-01-21,0,2,0.9892903383152972,1.0545026892004634,0.22006472491909385,9
2024-01-22,0,2,1.117405717166005,1.0545262201515433,0.22006472491909385,9
2024-01-23,0,2,1.1151266074232986,1.0545624407718397,0.22006472491909385,9
2024-01-24,0,2,1.075838623368072,1.1070231811089575,0.08737864077669903,9
2024-01-25,0,2,1.2754491983991014,1.1086597302029115,0.08737864077669903,9
2024-01-26,0,2,1.423986158079574,1.10793167943093,0.08737864077669903,9
2024-01-27,0,2,1.2093563799502314,1.1070611966343582,0.08737864077669903,9
2024-01-28,0,2,1.0654453237147563,1.1129870849681072,0.05177993527508091,9
2024-01-29,0,2,0.947841005507312,1.0940034953485176,0.10679611650485436,9
2024-01-30,1,2,0.8351685356731198,1.094863710867755,0.10679611650485436,9
2024-01-31,0,2,0.9497929613869894,1.11480838217156,0.032362459546925564,9
2024-02-01,0,2,0.917248696829258,1.0610612204120455,0.17475728155339806,9
2024-02-02,0,2,0.8851405980336539,1.0403581168000473,0.2783171521035599,9
2024-02-03,0,2,0.982826709401738,1.0353483623360704,0.2977346278317152,9
2024-02-04,0,2,1.0025264392902944,0.9028489692100921,0.948220064724919,9
2024-02-05,0,2,0.9483480269362228,0.906027822193875,0.912621359223301,9
2024-02-06,0,2,1.0972617113073977,0.9049453757935467,0.9223300970873787,9
2024-02-07,0,2,1.0891759604105706,0.9072186109202177,0.9093851132686084,9
2024-02-08,0,2,1.096557459323093,0.9035588798256835,0.9385113268608414,9
2024-02-09,0,2,1.1167044003098343,0.9043004015391699,0.9385113268608414,9
2024-02-10,0,2,1.0002853718765394,0.9045736172969869,0.9320388349514563,9
2024-02-11,0,2,1.0068662107279371,0.9392676942451486,0.7508090614886731,9
2024-02-12,0,2,1.068197683139049,0.9650164888082611,0.6051779935275081,9
2024-02-13,0,2,0.9193871015786248,0.9648374688904794,0.6051779935275081,9
2024-02-14,0,2,0.9666893508669268,0.9635379487737216,0.6148867313915858,9
2024-02-15,0,2,0.9701647067175788,0.9659036163938928,0.5857605177993528,9
2024-02-16,0,2,0.951505866659967,0.9627809208122304,0.6213592233009708,9
2024-02-17,0,2,0.9867051638475192,0.963747732387759,0.6116504854368932,9
2024-02-18,0,2,0.9427333113260588,1.0129132937631706,0.33980582524271846,9
2024-02-19,0,2,0.978784236975376,1.0118971584395964,0.343042071197411,9
2024-02-20,0,2,1.2204788803729685,1.012813484808158,0.33980582524271846,9
2024-02-21,0,2,1.2578634247818792,1.0137445610154951,0.3333333333333333,9
2024-02-22,0,2,1.4160461739581691,1.0129480850723913,0.33980582524271846,9
2024-02-23,0,2,1.4083895326125038,1.0096368666245814,0.34951456310679613,9
2024-02-24,0,2,1.2889078774480094,1.073818147065382,0.1553398058252427,9
2024-02-25,0,2,1.408628586196815,1.0893777773419728,0.11650485436893204,9
2024-02-26,0,2,1.5357853726649573,1.0706569762246692,0.1553398058252427,9
2024-02-27,0,2,1.4255036298830266,1.0637605973203048,0.1715210355987055,9
2024-02-28,0,2,1.3472740673438566,1.0628883190602028,0.17475728155339806,9
2024-02-29,0,2,1.0804552257818711,1.0698157795190095,0.1553398058252427,9
2024-03-01,0,2,1.0254354181414247,1.0165222482518377,0.3300970873786408,9
2024-03-02,0,2,1.1320172826735235,1.0173857171344332,0.3300970873786408,9
2024-03-03,0,2,1.128319747911003,0.9234828399251869,0.8478964401294499,9
2024-03-04,0,2,0.9822802609177096,0.9252468965321817,0.8414239482200647,9
2024-03-05,0,2,0.9670810502033153,0.9215144391105626,0.8511326860841424,9
2024-03-06,0,2,0.946135861635669,0.9240007001584091,0.8478964401294499,9
2024-03-07,0,2,0.8708436819149774,0.914084785884631,0.883495145631068,9
2024-03-08,0,2,0.8762602644369504,0.914084785884631,0.883495145631068,9
2024-03-09,1,2,0.8487925178810976,0.9148349458706984,0.883495145631068,9
2024-03-10,1,2,0.7728795364314732,0.9028489692100921,0.948220064724919,9
2024-03-11,1,2,0.708461282966484,0.9028489692100921,0.948220064724919,9
2024-03-12,1,2,0.6426398373180695,0.904868630667809,0.9223300970873787,9
2024-03-13,1,2,0.571377925482258,0.9035588798256835,0.9385113268608414,9
2024-03-14,1,2,0.6901720416567598,0.9049453757935467,0.9223300970873787,9
2024-03-15,1,2,0.7549641664287521,0.9375285804593017,0.7734627831715211,9
2024-03-16,1,2,0.836506042031234,0.9058537317454978,0.912621359223301,9
2024-03-17,0,2,0.9709646135075468,0.9785052684537351,0.5436893203883495,9
2024-03-18,0,2,0.9688339478220468,0.9850265687552614,0.5210355987055016,9
2024-03-19,0,2,0.9413149393033896,0.9836058784216356,0.5275080906148867,9
2024-03-20,0,2,1.0655612632569766,0.9835725199517749,0.5275080906148867,9
2024-03-21,0,2,1.133253625646406,0.9843792845699799,0.5275080906148867,9
2024-03-22,0,2,1.113040266895566,0.9826826525267675,0.5275080906148867,9
2024-03-23,0,2,1.036710651553232,0.9834891104077161,0.5275080906148867,9
2024-03-24,0,2,0.9228864380293004,1.1150283542546284,0.032362459546925564,9
2024-03-25,0,2,1.1500417141558186,1.1168529918005643,0.012944983818770227,9
2024-03-26,0,2,1.298740837351826,1.11682088905989,0.022653721682847898,9
2024-03-27,0,2,1.2996211124527302,1.1159051016313943,0.02912621359223301,9
2024-03-28,0,2,1.323402650373225,1.11682088905989,0.022653721682847898,9
2024-03-29,0,2,1.3339767416071382,1.1159051016313943,0.02912621359223301,9
2024-03-30,0,2,1.273455247833983,1.115975499682854,0.022653721682847898,9
2024-03-31,0,2,1.1543087116353845,1.0735809244094952,0.1553398058252427,9
2024-04-08,0,3,0.9013501692371486,0.8337316441349126,0.985,9
2024-04-09,0,3,0.9504673829573714,0.8307399254667781,0.985,9
2024-04-10,1,3,0.8243382492106264,0.8272691579861218,0.9875,9
2024-04-11,1,3,0.7834501466330951,0.8170239046386047,0.995,9
2024-04-12,0,3,0.8698604395795992,0.8678940621797405,0.9325,9
2024-04-13,1,3,0.7597608507551356,0.8435956364897186,0.9775,9
2024-04-14,1,3,0.677212775397524,0.8952396699680193,0.8825,9
2024-04-15,1,3,0.6920359386686836,0.9250920028160917,0.79,9
2024-04-16,1,3,0.6104944247335421,0.9392920059232528,0.705,9
2024-04-17,1,3,0.5682484576390117,0.9288831868111467,0.775,9
2024-04-18,1,3,0.6743462566199577,0.9377128244388065,0.71,9
2024-04-19,1,3,0.8021678182057587,0.9470981042372059,0.685,9
2024-04-20,1,3,0.8338345092652095,0.9406311269413359,0.6975,9
2024-04-21,0,3,0.9500977307262902,1.0780382050830768,0.2275,9
2024-04-22,0,3,0.894020763122248,1.0775624937697137,0.2275,9
2024-04-23,0,3,0.991399742819852,1.076893207909117,0.23,9
2024-04-24,0,3,1.0878447526166517,1.1490873352583444,0.035,9
2024-04-25,0,3,1.1142222845209917,1.148198683746738,0.035,9
2024-04-26,0,3,1.007146643273655,1.1478406207768939,0.0375,9
2024-04-27,0,3,1.1844212349409298,1.1289513170572034,0.1075,9
2024-04-28,0,3,1.1006217153126756,1.129602963552737,0.1075,9
2024-04-29,0,3,1.2106187582063732,1.1358352363446458,0.0875,9
2024-04-30,0,3,1.176679988504357,1.1397669434406554,0.0725,9
2024-05-01,0,3,1.169712985396964,1.09031700908283,0.195,9
2024-05-02,0,3,1.216461054387081,1.0861842834805338,0.21,9
2024-05-03,0,3,1.397113446052744,1.078052269225261,0.2275,9
2024-05-04,0,3,1.0699333394458723,1.0672044863650283,0.255,9
2024-05-05,0,3,1.0152024835913225,0.9346816088529255,0.735,9
2024-05-06,0,3,0.9666563960052584,0.9476342518310138,0.685,9
2024-05-07,0,3,1.0010999776265437,0.9373084977929439,0.7125,9
2024-05-08,0,3,1.045751819874061,0.9479338659736424,0.685,9
2024-05-09,0,3,1.2333799656918272,0.9368097368192757,0.7175,9
2024-05-10,0,3,1.0191571683896132,0.9496806349171967,0.6725,9
2024-05-11,0,3,0.9714474788616788,0.9352250918892493,0.7325,9
2024-05-12,0,3,1.0535541973093132,0.9228635633413053,0.8075,9
2024-05-13,0,3,1.0240117177175188,0.9420202929302188,0.695,9
2024-05-14,0,3,1.125954466739724,0.9690402847610502,0.5775,9
2024-05-15,0,3,1.2327625220716356,0.9603714709462112,0.6075,9
2024-05-16,0,3,0.8955376067268118,0.9355574534184471,0.7325,9
2024-05-17,1,3,0.7913953040488042,0.9093398114383895,0.8475,9
2024-05-18,0,3,0.9055523499200772,0.9667923518525683,0.595,9
2024-05-19,0,3,1.0128479078315926,0.9777127076949871,0.55,9
2024-05-20,0,3,1.2727679133110166,0.9768584894654582,0.5525,9
2024-05-21,0,3,1.1537031263145334,0.9672824604885197,0.59,9
2024-05-22,0,3,1.046269531398886,0.9179538978480586,0.8225,9
2024-05-23,0,3,1.0562146124420275,0.9221312233139564,0.81,9
2024-05-24,0,3,1.2380722690129595,1.0173019034732746,0.395,9
2024-05-25,0,3,1.2213285629567612,1.0227288241110204,0.365,9
2024-05-26,0,3,1.228174786340416,1.146623689723702,0.0425,9
2024-05-27,0,3,1.0487811469475452,1.1137305063208893,0.125,9
2024-05-28,0,3,0.9800365302910446,1.1134272164676544,0.13,9
2024-05-29,0,3,0.9766676001211076,1.1095987377269907,0.14,9
2024-05-30,0,3,1.0512578208843095,1.11754352388379,0.1225,9
2024-05-31,0,3,0.9961927431314136,1.1212542797364056,0.12,9
2024-06-01,0,3,1.0782850177636043,1.0589784979482417,0.275,9
2024-06-02,0,3,0.9920610924462848,0.9415500940567504,0.695,9
2024-06-03,0,3,0.9346561396567484,0.9428961646981424,0.6925,9
2024-06-04,0,3,0.9732410768918764,0.9395348003129728,0.7,9
2024-06-05,0,3,1.0072004413080666,0.9504735825637487,0.6675,9
2024-06-06,0,3,0.9640593675152046,0.9403525728147978,0.6975,9
2024-06-07,0,3,1.1256372778569268,0.9424522954285715,0.6925,9
2024-06-08,0,3,1.1008109168047002,0.9275358911245112,0.78,9
2024-06-09,0,3,0.989007483306001,0.9941706710131557,0.485,9
2024-06-10,0,3,0.9274834755604218,1.0036824231740027,0.45,9
2024-06-11,0,3,1.0227093286635367,1.0030323206954972,0.455,9
2024-06-12,0,3,0.8594831565656494,1.0091891040735976,0.425,9
2024-06-13,0,3,0.917704853697102,1.0097664018690131,0.425,9
2024-06-14,1,3,0.6795921971656652,1.009226730074959,0.425,9
2024-06-15,1,3,0.6145184425791482,0.9856080154380367,0.5225,9
2024-06-16,1,3,0.6919752734828566,0.8582120901192509,0.955,9
2024-06-17,1,3,0.7297780106527604,0.8973113144989404,0.88,9
2024-06-18,1,3,0.6735497277838808,0.8615767760567032,0.9475,9
2024-06-19,1,3,0.7804324729432032,0.8976050829059703,0.88,9
2024-06-20,1,3,0.8217039182820827,0.8983836789760232,0.8775,9
2024-06-21,1,3,0.7884223086555656,0.8669168542310848,0.9325,9
2024-06-22,0,3,0.9602602959616506,0.8692119526169237,0.93,9
2024-06-23,0,3,1.024427310962878,1.0851823916666183,0.215,9
2024-06-24,0,3,1.195491628687297,1.129350833988872,0.1075,9
2024-06-25,0,3,1.215906713930801,1.1365081640706767,0.085,9
2024-06-26,0,3,1.2258309674396182,1.127193118769903,0.11,9
2024-06-27,0,3,1.073965935073988,1.122123222936574,0.12,9
2024-06-28,0,3,1.2305126825999335,1.1341091060620416,0.095,9
2024-06-29,0,3,1.097148681317217,1.1439720024794826,0.05,9
2024-06-30,0,3,1.0619410379298095,1.0944570436121286,0.19,9
2024-07-08,0,4,1.116457631384267,0.9979874333154568,0.4215885947046843,9
2024-07-09,0,4,1.0101891778297445,0.9597312363469447,0.5804480651731161,9
2024-07-10,0,4,1.0863941086454256,0.9903188821332468,0.4439918533604888,9
2024-07-11,0,4,0.9965360490189162,0.9613362605041864,0.5723014256619144,9
2024-07-12,0,4,0.9539304823475042,0.9632490406805063,0.5641547861507128,9
2024-07-13,0,4,0.950638118953398,0.9712418915573938,0.5254582484725051,9
2024-07-14,1,4,0.8397214790590249,0.8833044526000963,0.8778004073319755,9
2024-07-15,1,4,0.7334528107337351,0.8667821421698205,0.890020366598778,9
2024-07-16,0,4,0.8883891721870719,0.9277261409467172,0.7718940936863544,9
2024-07-17,1,4,0.8437789187234767,0.9129299031809852,0.814663951120163,9
2024-07-18,1,4,0.8472455707817422,0.935815876573727,0.7169042769857433,9
2024-07-19,0,4,0.910717151006186,0.8881942129891323,0.8716904276985743,9
2024-07-20,0,4,0.925370339191337,0.8897892186627533,0.8676171079429735,9
2024-07-21,0,4,0.9397654980095967,1.0584269527779946,0.25865580448065173,9
2024-07-22,0,4,1.104105804698513,1.0874493183736023,0.19144602851323828,9
2024-07-23,0,4,1.121178664383199,1.0864616477457547,0.1955193482688391,9
2024-07-24,0,4,1.2550419907953434,1.1401763447426794,0.08961303462321792,9
2024-07-25,0,4,1.3558074600098629,1.150145802043386,0.06109979633401222,9
2024-07-26,0,4,1.2959917929379574,1.112517983278699,0.1364562118126273,9
2024-07-27,0,4,1.2389659237927133,1.145541869081447,0.0814663951120163,9
2024-07-28,0,4,1.4091135047749308,1.1544804289040187,0.04480651731160896,9
2024-07-29,0,4,1.3050678458824962,1.1449082559083685,0.0835030549898167,9
2024-07-30,0,4,1.3048241644198404,1.1588275930065568,0.03665987780040733,9
2024-07-31,0,4,1.2597264680283011,1.1151947929989423,0.12627291242362526,9
2024-08-01,0,4,1.121700455984094,1.0266495700991742,0.3380855397148676,9
2024-08-02,0,4,1.0415576174661785,1.0355054109101904,0.3054989816700611,9
2024-08-03,0,4,1.0714138034837262,1.0391764752195694,0.2973523421588595,9
2024-08-04,0,4,0.9254800342702844,0.8981011715327092,0.845213849287169,9
2024-08-05,0,4,0.9988541841260816,0.9099722845121198,0.8187372708757638,9
2024-08-06,0,4,0.9756751014725488,0.9207653328959507,0.7841140529531568,9
2024-08-07,0,4,0.950823057621353,0.8876180499512603,0.8716904276985743,9
2024-08-08,0,4,0.903694941501862,0.8988577358585319,0.8411405295315683,9
2024-08-09,0,4,0.9996673408605188,0.9217828149322377,0.7841140529531568,9
2024-08-10,0,4,1.0858174208180866,0.9284369837649442,0.769857433808554,9
2024-08-11,0,4,1.044348391022553,1.001609493985773,0.4073319755600815,9
2024-08-12,0,4,0.932182289361824,0.9646847304343202,0.5621181262729125,9
2024-08-13,0,4,0.9069610610786007,0.9341184461451166,0.7270875763747454,9
2024-08-14,1,4,0.8265701897589802,0.9628715020397915,0.5641547861507128,9
2024-08-15,0,4,0.9676451248182724,0.9671092349566188,0.5519348268839104,9
2024-08-16,0,4,0.9250031917066456,0.9653646378265133,0.5580448065173116,9
2024-08-17,0,4,0.8864973567568095,0.9468290701660695,0.670061099796334,9
2024-08-18,0,4,0.9752006344141928,0.8160515015149299,0.9511201629327902,9
2024-08-19,0,4,0.9430349725449813,0.8235168036824748,0.945010183299389,9
2023-07-08,0,0,0.9241726794350844,0.9625304937362671,1.0,10
2023-07-09,0,0,0.9743232874576132,1.0040853023529053,0.392,10
2023-07-10,0,0,0.9966145169869692,1.0049989223480225,0.392,10
2023-07-11,0,0,0.9517191542034068,1.0092626810073853,0.376,10
2023-07-12,0,0,0.948542157152549,1.0040853023529053,0.392,10
2023-07-13,1,0,0.8136032158541315,1.0040853023529053,0.392,10
2023-07-14,1,0,0.8379735483359313,1.0040853023529053,0.392,10
2023-07-15,0,0,0.8701002940440485,1.0040853023529053,0.392,10
2023-07-16,0,0,0.9114132510669704,0.9903841614723206,0.488,10
2023-07-17,0,0,0.8908737944136609,0.9920172691345215,0.464,10
2023-07-18,0,0,0.9255322693960212,0.989470362663269,0.488,10
2023-07-19,0,0,0.967263115722151,0.989470362663269,0.488,10
2023-07-20,0,0,1.0407271001586968,0.989470362663269,0.488,10
2023-07-21,0,0,1.0879196255666288,0.996470034122467,0.456,10
2023-07-22,0,0,1.0747706880007073,0.9929308295249939,0.464,10
2023-07-23,0,0,1.082245562916266,1.1400437355041504,0.064,10
2023-07-24,0,0,1.1801619598634046,1.1615352630615234,0.056,10
2023-07-25,0,0,1.1393366031481695,1.1669021844863892,0.048,10
2023-07-26,0,0,1.0470649557621556,1.1615352630615234,0.056,10
2023-07-27,0,0,1.0524089049987362,1.1615352630615234,0.056,10
2023-07-28,0,0,1.0961332324625743,1.1615352630615234,0.056,10
2023-07-29,0,0,1.1475046354373504,1.1624488830566406,0.048,10
2023-07-30,0,0,1.1030104289707232,1.051974892616272,0.2,10
2023-07-31,0,0,0.9802661574733532,1.0432578325271606,0.232,10
2023-08-01,0,0,0.9276591914865956,1.0189464092254639,0.296,10
2023-08-02,0,0,0.9856192869568604,1.0163993835449219,0.296,10
2023-08-03,0,0,0.9849464199753928,1.0190297365188599,0.288,10
2023-08-04,0,0,1.0288017106784253,1.017313003540039,0.296,10
2023-08-05,0,0,1.0494101563413691,1.017313003540039,0.296,10
2023-08-06,0,0,0.925332606177236,0.9857339859008789,0.52,10
2023-08-07,0,0,1.0600347894644628,0.9857339859008789,0.52,10
2023-08-08,0,0,1.2032070808322328,0.9882813692092896,0.512,10
2023-08-09,0,0,1.1361856872066751,0.9936484098434448,0.456,10
2023-08-10,0,0,1.2169384711338458,0.9857339859008789,0.52,10
2023-08-11,0,0,1.124374488467241,0.9927349090576172,0.464,10
2023-08-12,0,0,1.0302234899243532,0.9857339859008789,0.52,10
2023-08-13,0,0,1.1364735275600777,1.0168715715408325,0.296,10
2023-08-14,0,0,1.0140690876726717,1.0247855186462402,0.28,10
2023-08-15,0,0,0.9598834391613684,1.0194185972213745,0.288,10
2023-08-16,0,0,0.96344523411635,1.0168715715408325,0.296,10
2023-08-17,0,0,0.8619772162480696,1.0274158716201782,0.28,10
2023-08-18,1,0,0.84340585697894,1.0168715715408325,0.296,10
2023-08-19,0,0,0.9361598228925094,1.0168715715408325,0.296,10
2023-08-20,0,0,0.9812706645380184,1.0038230419158936,0.4,10
2023-08-21,0,0,0.9880650175388538,0.993278980255127,0.464,10
2023-08-22,0,0,0.9501391402718308,0.993278980255127,0.464,10
2023-08-23,0,0,1.0115737235821658,0.9941926002502441,0.456,10
2023-08-24,0,0,0.9999262702998436,1.0192235708236694,0.288,10
2023-08-25,0,0,1.24194058981351,1.028854250907898,0.28,10
2023-08-26,0,0,1.1524945548408054,1.0226842164993286,0.28,10
2023-08-27,0,0,1.0562711289247646,1.0028271675109863,0.408,10
2023-08-28,0,0,1.1258216617159271,1.0019135475158691,0.408,10
2023-08-29,0,0,1.127791985065815,1.0044605731964111,0.392,10
2023-08-30,0,0,1.0730811539867262,1.0019135475158691,0.408,10
2023-08-31,0,0,1.1374657637612942,1.0019135475158691,0.408,10
2023-09-01,0,0,0.9176351523297184,0.9829689264297485,0.56,10
2023-09-02,0,0,0.9210003824336146,0.97688227891922,0.648,10
2023-09-03,0,0,0.9421400380007852,0.9673882722854614,0.8,10
2023-09-04,0,0,0.9211686908188832,0.969935417175293,0.792,10
2023-09-05,1,0,0.8469144869908538,0.9673882722854614,0.8,10
2023-09-06,1,0,0.8378144001188419,0.9673882722854614,0.8,10
2023-09-07,1,0,0.8332308808794763,0.969935417175293,0.792,10
2023-09-08,1,0,0.7903801903571291,0.9683018922805786,0.792,10
2023-09-09,0,0,0.9215862638123296,0.9673882722854614,0.8,10
2023-09-10,0,0,0.9192039742345504,1.0055068731307983,0.392,10
2023-09-11,0,0,0.8882584499143324,0.997592568397522,0.456,10
2023-09-12,0,0,0.9893752333510308,0.997592568397522,0.456,10
2023-09-13,0,0,1.0276905021746976,1.0010535717010498,0.416,10
2023-09-14,0,0,1.05764422804859,1.0010535717010498,0.416,10
2023-09-15,0,0,1.037244258278199,0.997592568397522,0.456,10
2023-09-16,0,0,0.9111351623678404,0.997592568397522,0.456,10
2023-09-17,0,0,0.9168705447222036,1.013681173324585,0.312,10
2023-09-18,0,0,0.9480631642651184,1.013681173324585,0.312,10
2023-09-19,0,0,1.049584705904487,1.0145947933197021,0.312,10
2023-09-20,0,0,1.0582598221905524,1.016228199005127,0.296,10
2023-09-21,0,0,1.0114472018825855,1.0171418190002441,0.296,10
2023-09-22,0,0,1.110871812182302,1.013681173324585,0.312,10
2023-09-23,0,0,1.1541736168324266,1.013681173324585,0.312,10
2023-09-24,0,0,1.1078020011333731,1.0544871091842651,0.2,10
2023-09-25,0,0,1.074645609849099,1.0519400835037231,0.2,10
2023-09-26,0,0,0.9539644229731924,1.0554007291793823,0.192,10
2023-09-27,0,0,1.045324049908362,1.0519400835037231,0.2,10
2023-09-28,0,0,1.058283583828204,1.0519400835037231,0.2,10
2023-09-29,0,0,0.9529449023805296,1.0544871091842651,0.2,10
2023-09-30,0,0,1.0335157970037918,1.0519400835037231,0.2,10
2023-10-08,0,1,0.943214957935384,0.9796603918075562,0.6866359447004609,10
2023-10-09,0,1,0.8954605455623991,0.9868508577346802,0.5806451612903226,10
2023-10-10,0,1,0.8714609046846392,0.9796603918075562,0.6866359447004609,10
2023-10-11,0,1,0.8537394125385595,0.980478048324585,0.6866359447004609,10
2023-10-12,0,1,0.9158302055623126,1.0033440589904785,0.4009216589861751,10
2023-10-13,1,1,0.8235183048240129,0.9983987808227539,0.4377880184331797,10
2023-10-14,1,1,0.8417997244121631,0.9795681238174438,0.6866359447004609,10
2023-10-15,0,1,0.8686185654387014,0.9997155070304871,0.423963133640553,10
2023-10-16,1,1,0.837630457855076,0.9978100657463074,0.4377880184331797,10
2023-10-17,1,1,0.7765728111191363,0.9934563636779785,0.4838709677419355,10
2023-10-18,0,1,0.876315761424511,0.994739294052124,0.4700460829493088,10
2023-10-19,0,1,0.8981339369635442,0.9999542236328125,0.41935483870967744,10
2023-10-20,0,1,1.0052067391820876,1.0006470680236816,0.4147465437788018,10
2023-10-21,0,1,1.0475645261799866,1.000408411026001,0.41935483870967744,10
2023-10-22,0,1,1.0349876751325695,1.1101505756378174,0.08294930875576037,10
2023-10-23,0,1,1.0648188658578015,1.1066871881484985,0.08294930875576037,10
2023-10-24,0,1,1.2288539084267107,1.152496576309204,0.03225806451612903,10
2023-10-25,0,1,1.325022505621457,1.1500040292739868,0.03225806451612903,10
2023-10-26,0,1,1.3444469765965152,1.1428134441375732,0.03225806451612903,10
2023-10-27,0,1,1.24809949228092,1.1500040292739868,0.03225806451612903,10
2023-10-28,0,1,1.1197888843427084,1.1462570428848267,0.03225806451612903,10
2023-10-29,0,1,1.0278744636215793,1.0406298637390137,0.20276497695852536,10
2023-10-30,0,1,1.092155254370859,1.0383063554763794,0.2073732718894009,10
2023-10-31,0,1,1.1015162289550902,1.045496940612793,0.16589861751152074,10
2023-11-01,0,1,0.9616024375172428,1.004927396774292,0.3870967741935484,10
2023-11-02,0,1,1.0211534524417607,0.9968269467353821,0.45622119815668205,10
2023-11-03,0,1,1.0185200315853409,1.0060772895812988,0.3686635944700461,10
2023-11-04,0,1,0.9938521706160228,1.0001153945922852,0.41935483870967744,10
2023-11-05,0,1,1.0661778939631648,0.9706741571426392,0.7373271889400922,10
2023-11-06,0,1,1.1620310134405805,0.9754862785339355,0.7188940092165899,10
2023-11-07,0,1,0.980518173100777,0.968141496181488,0.7419354838709677,10
2023-11-08,0,1,0.9051698390223948,0.9682956337928772,0.7419354838709677,10
2023-11-09,1,1,0.7489778501170876,0.9754862785339355,0.7188940092165899,10
2023-11-10,1,1,0.7527771910343829,0.9916269779205322,0.5207373271889401,10
2023-11-11,0,1,0.9667089341078078,0.9873217344284058,0.576036866359447,10
2023-11-12,0,1,0.9442364852029852,1.0848723649978638,0.10138248847926268,10
2023-11-13,1,1,0.7318274766100183,1.092376708984375,0.09216589861751152,10
2023-11-14,1,1,0.8206581432559168,1.0945696830749512,0.09216589861751152,10
2023-11-15,0,1,1.051314083184571,1.102204442024231,0.09216589861751152,10
2023-11-16,0,1,1.0761913404529675,1.0941040515899658,0.09216589861751152,10
2023-11-17,0,1,0.9757244500222187,1.0862499475479126,0.10138248847926268,10
2023-11-18,0,1,0.940194569771074,1.0835520029067993,0.10138248847926268,10
2023-11-19,0,1,0.8987004950888953,1.0763614177703857,0.1152073732718894,10
2023-11-20,0,1,1.089296800690815,1.077963948249817,0.11059907834101383,10
2023-11-21,0,1,1.1345993778130965,1.0971593856811523,0.09216589861751152,10
2023-11-22,0,1,1.0464304602981034,1.0754516124725342,0.11981566820276497,10
2023-11-23,0,1,1.1378360455267436,1.0853185653686523,0.10138248847926268,10
2023-11-24,0,1,1.3841279965162,1.1273962259292603,0.055299539170506916,10
2023-11-25,0,1,1.2713157281439782,1.123304009437561,0.059907834101382486,10
2023-11-26,0,1,1.4205242426211462,1.1098847389221191,0.08294930875576037,10
2023-11-27,0,1,1.3156964922071708,1.1001874208450317,0.09216589861751152,10
2023-11-28,0,1,1.3008009098853073,1.1065963506698608,0.08294930875576037,10
2023-11-29,0,1,1.2479916720289856,1.1009724140167236,0.09216589861751152,10
2023-11-30,0,1,1.184579900085264,1.0993698835372925,0.09216589861751152,10
2023-12-01,0,1,0.9217983024910515,1.0498135089874268,0.15668202764976957,10
2023-12-02,0,1,0.9872117622337688,1.0534212589263916,0.14746543778801843,10
2023-12-03,0,1,0.9761410830534396,0.9614607691764832,0.8018433179723502,10
2023-12-04,0,1,0.9081520857619844,0.9614607691764832,0.8018433179723502,10
2023-12-05,0,1,0.9381732402892374,0.9533604383468628,0.8433179723502304,10
2023-12-06,0,1,0.9296518465586814,0.9614607691764832,0.8018433179723502,10
2023-12-07,1,1,0.8413685597788102,0.9533604383468628,0.8433179723502304,10
2023-12-08,0,1,0.991352633325197,0.9603891968727112,0.8064516129032258,10
2023-12-09,0,1,0.9411554944408358,0.9614607691764832,0.8018433179723502,10
2023-12-10,1,1,0.8389522108078011,0.9923296570777893,0.5069124423963134,10
2023-12-11,1,1,0.8071649857265369,0.9855119585990906,0.6267281105990783,10
2023-12-12,1,1,0.7572970023336949,0.9949590563774109,0.46543778801843316,10
2023-12-13,1,1,0.6208795880453283,0.9923296570777893,0.5069124423963134,10
2023-12-14,1,1,0.7592057772002324,1.0028053522109985,0.4009216589861751,10
2023-12-15,1,1,0.8328269225748938,0.9947494864463806,0.4700460829493088,10
2023-12-16,0,1,0.8590655807455964,0.9863294959068298,0.5990783410138248,10
2023-12-17,0,1,0.9377129218982944,1.0216233730316162,0.28110599078341014,10
2023-12-18,0,1,0.9642064200950122,0.9971975088119507,0.45622119815668205,10
2023-12-19,0,1,0.8985380992120569,1.0043880939483643,0.391705069124424,10
2023-12-20,0,1,1.174221538340847,1.0017139911651611,0.4055299539170507,10
2023-12-21,0,1,1.219687141657661,1.0043880939483643,0.391705069124424,10
2023-12-22,0,1,1.109109822460017,0.9938435554504395,0.4792626728110599,10
2023-12-23,0,1,1.1355025094767273,0.9938435554504395,0.4792626728110599,10
2023-12-24,0,1,1.067923542918951,1.187411904335022,0.009216589861751152,10
2023-12-25,0,1,1.0641320258226272,1.1770009994506836,0.013824884792626729,10
2023-12-26,0,1,1.1724151428996483,1.182142972946167,0.009216589861751152,10
2023-12-27,0,1,1.10656776396788,1.1829084157943726,0.009216589861751152,10
2023-12-28,0,1,1.0122393038967503,1.1748080253601074,0.02304147465437788,10
2023-12-29,0,1,1.1349625439131328,1.1747461557388306,0.02304147465437788,10
2023-12-30,0,1,1.107041700896765,1.1739904880523682,0.02304147465437788,10
2023-12-31,0,1,1.0540714431461404,1.025214433670044,0.2764976958525346,10
2024-01-08,0,2,0.9380252547156612,0.9537129402160645,0.6957928802588996,10
2024-01-09,0,2,0.8604976941696318,0.9424962997436523,0.8187702265372169,10
2024-01-10,0,2,0.8967950138147822,0.9352059364318848,0.8673139158576052,10
2024-01-11,1,2,0.81515703606474,0.9405720829963684,0.8317152103559871,10
2024-01-12,1,2,0.7697963725749237,0.9352059364318848,0.8673139158576052,10
2024-01-13,1,2,0.841357639507363,0.9517796635627747,0.7249190938511327,10
2024-01-14,1,2,0.8237505800283649,0.9628817439079285,0.6116504854368932,10
2024-01-15,1,2,0.8143008517556474,0.952170729637146,0.7119741100323624,10
2024-01-16,0,2,0.8574681818882544,0.9503837823867798,0.7378640776699029,10
2024-01-17,1,2,0.7587486496508539,0.951391339302063,0.7281553398058253,10
2024-01-18,1,2,0.6693137152967722,0.9443745613098145,0.7928802588996764,10
2024-01-19,1,2,0.6699104276785826,0.976050078868866,0.4886731391585761,10
2024-01-20,0,2,0.8772632858888515,0.9904344081878662,0.4077669902912621,10
2024-01-21,0,2,0.9892903383152972,1.0039488077163696,0.35275080906148865,10
2024-01-22,0,2,1.117405717166005,1.035185694694519,0.28802588996763756,10
2024-01-23,0,2,1.1151266074232986,1.032070517539978,0.2912621359223301,10
2024-01-24,0,2,1.075838623368072,1.100502610206604,0.13592233009708737,10
2024-01-25,0,2,1.2754491983991014,1.1066874265670776,0.11974110032362459,10
2024-01-26,0,2,1.423986158079574,1.1132264137268066,0.11003236245954692,10
2024-01-27,0,2,1.2093563799502314,1.0834698677062988,0.17475728155339806,10
2024-01-28,0,2,1.0654453237147563,1.1766576766967773,0.04854368932038835,10
2024-01-29,0,2,0.947841005507312,1.1497466564178467,0.06796116504854369,10
2024-01-30,1,2,0.8351685356731198,1.1438442468643188,0.06796116504854369,10
2024-01-31,0,2,0.9497929613869894,1.1679198741912842,0.05501618122977346,10
2024-02-01,0,2,0.917248696829258,1.100580096244812,0.13592233009708737,10
2024-02-02,0,2,0.8851405980336539,1.0728787183761597,0.19093851132686085,10
2024-02-03,0,2,0.982826709401738,1.0744127035140991,0.18770226537216828,10
2024-02-04,0,2,1.0025264392902944,0.9415837526321411,0.8220064724919094,10
2024-02-05,0,2,0.9483480269362228,0.9200091361999512,0.9676375404530745,10
2024-02-06,0,2,1.0972617113073977,0.9318963289260864,0.8737864077669902,10
2024-02-07,0,2,1.0891759604105706,0.9330053925514221,0.8737864077669902,10
2024-02-08,0,2,1.096557459323093,0.9201133251190186,0.9611650485436893,10
2024-02-09,0,2,1.1167044003098343,0.9185611605644226,0.9935275080906149,10
2024-02-10,0,2,1.0002853718765394,0.924071729183197,0.912621359223301,10
2024-02-11,0,2,1.0068662107279371,0.9475674033164978,0.7605177993527508,10
2024-02-12,0,2,1.068197683139049,0.9762296676635742,0.4886731391585761,10
2024-02-13,0,2,0.9193871015786248,0.9715584516525269,0.5436893203883495,10
2024-02-14,0,2,0.9666893508669268,0.9710475206375122,0.5533980582524272,10
2024-02-15,0,2,0.9701647067175788,0.9631474614143372,0.6084142394822006,10
2024-02-16,0,2,0.951505866659967,0.9657618999481201,0.5889967637540453,10
2024-02-17,0,2,0.9867051638475192,0.9631474614143372,0.6084142394822006,10
2024-02-18,0,2,0.9427333113260588,1.0383753776550293,0.2783171521035599,10
2024-02-19,0,2,0.978784236975376,1.0366286039352417,0.284789644012945,10
2024-02-20,0,2,1.2204788803729685,1.034476399421692,0.28802588996763756,10
2024-02-21,0,2,1.2578634247818792,1.0386711359024048,0.2783171521035599,10
2024-02-22,0,2,1.4160461739581691,1.0291773080825806,0.29449838187702265,10
2024-02-23,0,2,1.4083895326125038,1.0317338705062866,0.2912621359223301,10
2024-02-24,0,2,1.2889078774480094,1.097061276435852,0.1488673139158576,10
2024-02-25,0,2,1.408628586196815,1.1708496809005737,0.05501618122977346,10
2024-02-26,0,2,1.5357853726649573,1.1171270608901978,0.10355987055016182,10
2024-02-27,0,2,1.4255036298830266,1.1220518350601196,0.10355987055016182,10
2024-02-28,0,2,1.3472740673438566,1.113255500793457,0.11003236245954692,10
2024-02-29,0,2,1.0804552257818711,1.1269612312316895,0.0970873786407767,10
2024-03-01,0,2,1.0254354181414247,1.0448294878005981,0.2621359223300971,10
2024-03-02,0,2,1.1320172826735235,1.0491178035736084,0.24919093851132687,10
2024-03-03,0,2,1.128319747911003,0.9807888269424438,0.46601941747572817,10
2024-03-04,0,2,0.9822802609177096,0.976283848285675,0.4886731391585761,10
2024-03-05,0,2,0.9670810502033153,0.9637298583984375,0.6019417475728155,10
2024-03-06,0,2,0.946135861635669,0.985085129737854,0.4368932038834951,10
2024-03-07,0,2,0.8708436819149774,0.9612488746643066,0.6375404530744336,10
2024-03-08,0,2,0.8762602644369504,0.9630921483039856,0.6084142394822006,10
2024-03-09,1,2,0.8487925178810976,0.9614831209182739,0.6343042071197411,10
2024-03-10,1,2,0.7728795364314732,0.919948935508728,0.9676375404530745,10
2024-03-11,1,2,0.708461282966484,0.9185611605644226,0.9935275080906149,10
2024-03-12,1,2,0.6426398373180695,0.9185611605644226,0.9935275080906149,10
2024-03-13,1,2,0.571377925482258,0.9185611605644226,0.9935275080906149,10
2024-03-14,1,2,0.6901720416567598,0.9342645406723022,0.8673139158576052,10
2024-03-15,1,2,0.7549641664287521,0.9595257639884949,0.6601941747572816,10
2024-03-16,1,2,0.836506042031234,0.9298585057258606,0.8802588996763754,10
2024-03-17,0,2,0.9709646135075468,0.9607078433036804,0.6472491909385113,10
2024-03-18,0,2,0.9688339478220468,0.9939473271369934,0.3851132686084142,10
2024-03-19,0,2,0.9413149393033896,1.016560673713684,0.32038834951456313,10
2024-03-20,0,2,1.0655612632569766,1.012573003768921,0.3365695792880259,10
2024-03-21,0,2,1.133253625646406,1.0153359174728394,0.3365695792880259,10
2024-03-22,0,2,1.113040266895566,1.0051568746566772,0.34951456310679613,10
2024-03-23,0,2,1.036710651553232,1.0066629648208618,0.34627831715210355,10
2024-03-24,0,2,0.9228864380293004,1.1491050720214844,0.06796116504854369,10
2024-03-25,0,2,1.1500417141558186,1.1297882795333862,0.09385113268608414,10
2024-03-26,0,2,1.298740837351826,1.1492129564285278,0.06796116504854369,10
2024-03-27,0,2,1.2996211124527302,1.1433025598526,0.07119741100323625,10
2024-03-28,0,2,1.323402650373225,1.1087408065795898,0.11974110032362459,10
2024-03-29,0,2,1.3339767416071382,1.1033867597579956,0.1262135922330097,10
2024-03-30,0,2,1.273455247833983,1.1065019369125366,0.11974110032362459,10
2024-03-31,0,2,1.1543087116353845,1.10912024974823,0.11974110032362459,10
2024-04-08,0,3,0.9013501692371486,0.8772709965705872,0.9625,10
2024-04-09,0,3,0.9504673829573714,0.8700558543205261,0.98,10
2024-04-10,1,3,0.8243382492106264,0.8671942353248596,0.985,10
2024-04-11,1,3,0.7834501466330951,0.8621627688407898,0.985,10
2024-04-12,0,3,0.8698604395795992,0.8962177634239197,0.9275,10
2024-04-13,1,3,0.7597608507551356,0.8852396607398987,0.9475,10
2024-04-14,1,3,0.677212775397524,0.9375889301300049,0.7125,10
2024-04-15,1,3,0.6920359386686836,0.9669483304023743,0.5975,10
2024-04-16,1,3,0.6104944247335421,1.0147405862808228,0.3725,10
2024-04-17,1,3,0.5682484576390117,1.02714204788208,0.3575,10
2024-04-18,1,3,0.6743462566199577,1.0784857273101807,0.2325,10
2024-04-19,1,3,0.8021678182057587,1.0968698263168335,0.19,10
2024-04-20,1,3,0.8338345092652095,1.0842190980911255,0.2125,10
2024-04-21,0,3,0.9500977307262902,1.1634631156921387,0.095,10
2024-04-22,0,3,0.894020763122248,1.1658849716186523,0.0925,10
2024-04-23,0,3,0.991399742819852,1.1680066585540771,0.0875,10
2024-04-24,0,3,1.0878447526166517,1.2556155920028687,0.0125,10
2024-04-25,0,3,1.1142222845209917,1.2528612613677979,0.0175,10
2024-04-26,0,3,1.007146643273655,1.2086474895477295,0.05,10
2024-04-27,0,3,1.1844212349409298,1.2229441404342651,0.0375,10
2024-04-28,0,3,1.1006217153126756,1.2224321365356445,0.0375,10
2024-04-29,0,3,1.2106187582063732,1.2000483274459839,0.0525,10
2024-04-30,0,3,1.176679988504357,1.203376293182373,0.05,10
2024-05-01,0,3,1.169712985396964,1.1298092603683472,0.1325,10
2024-05-02,0,3,1.216461054387081,1.0628913640975952,0.275,10
2024-05-03,0,3,1.397113446052744,1.0521968603134155,0.3175,10
2024-05-04,0,3,1.0699333394458723,1.0385361909866333,0.34,10
2024-05-05,0,3,1.0152024835913225,0.9328000545501709,0.74,10
2024-05-06,0,3,0.9666563960052584,0.9509179592132568,0.64,10
2024-05-07,0,3,1.0010999776265437,0.9491943120956421,0.6525,10
2024-05-08,0,3,1.045751819874061,0.9475076198577881,0.66,10
2024-05-09,0,3,1.2333799656918272,0.929069995880127,0.7675,10
2024-05-10,0,3,1.0191571683896132,0.9514678716659546,0.6375,10
2024-05-11,0,3,0.9714474788616788,0.9364714622497559,0.72,10
2024-05-12,0,3,1.0535541973093132,0.9176403880119324,0.845,10
2024-05-13,0,3,1.0240117177175188,0.9378687143325806,0.71,10
2024-05-14,0,3,1.125954466739724,0.9411861300468445,0.6925,10
2024-05-15,0,3,1.2327625220716356,0.9368442296981812,0.72,10
2024-05-16,0,3,0.8955376067268118,0.9293562769889832,0.7675,10
2024-05-17,1,3,0.7913953040488042,0.910182535648346,0.87,10
2024-05-18,0,3,0.9055523499200772,0.9546334743499756,0.635,10
2024-05-19,0,3,1.0128479078315926,1.0672277212142944,0.2625,10
2024-05-20,0,3,1.2727679133110166,1.0702259540557861,0.2525,10
2024-05-21,0,3,1.1537031263145334,1.0569775104522705,0.2975,10
2024-05-22,0,3,1.046269531398886,1.0175528526306152,0.365,10
2024-05-23,0,3,1.0562146124420275,1.0311897993087769,0.35,10
2024-05-24,0,3,1.2380722690129595,1.1253373622894287,0.14,10
2024-05-25,0,3,1.2213285629567612,1.1346663236618042,0.125,10
2024-05-26,0,3,1.228174786340416,1.2021745443344116,0.05,10
2024-05-27,0,3,1.0487811469475452,1.1468110084533691,0.11,10
2024-05-28,0,3,0.9800365302910446,1.144712209701538,0.11,10
2024-05-29,0,3,0.9766676001211076,1.1389333009719849,0.1225,10
2024-05-30,0,3,1.0512578208843095,1.1434026956558228,0.1125,10
2024-05-31,0,3,0.9961927431314136,1.1560540199279785,0.095,10
2024-06-01,0,3,1.0782850177636043,1.095188856124878,0.19,10
2024-06-02,0,3,0.9920610924462848,0.945615828037262,0.675,10
2024-06-03,0,3,0.9346561396567484,0.9363438487052917,0.72,10
2024-06-04,0,3,0.9732410768918764,0.9380155205726624,0.71,10
2024-06-05,0,3,1.0072004413080666,0.9536539912223816,0.635,10
2024-06-06,0,3,0.9640593675152046,0.93269282579422,0.74,10
2024-06-07,0,3,1.1256372778569268,0.9391320943832397,0.7075,10
2024-06-08,0,3,1.1008109168047002,0.9291394948959351,0.7675,10
2024-06-09,0,3,0.989007483306001,0.9913786053657532,0.455,10
2024-06-10,0,3,0.9274834755604218,0.9950116276741028,0.4375,10
2024-06-11,0,3,1.0227093286635367,1.005825400352478,0.4025,10
2024-06-12,0,3,0.8594831565656494,1.0043864250183105,0.41,10
2024-06-13,0,3,0.917704853697102,1.0149134397506714,0.3725,10
2024-06-14,1,3,0.6795921971656652,1.0009840726852417,0.4175,10
2024-06-15,1,3,0.6145184425791482,0.9908899068832397,0.4575,10
2024-06-16,1,3,0.6919752734828566,0.8816000819206238,0.96,10
2024-06-17,1,3,0.7297780106527604,0.9109472632408142,0.8675,10
2024-06-18,1,3,0.6735497277838808,0.8891022205352783,0.9375,10
2024-06-19,1,3,0.7804324729432032,0.9185245633125305,0.8425,10
2024-06-20,1,3,0.8217039182820827,0.9174962043762207,0.845,10
2024-06-21,1,3,0.7884223086555656,0.9119616746902466,0.8625,10
2024-06-22,0,3,0.9602602959616506,0.9573431611061096,0.625,10
2024-06-23,0,3,1.024427310962878,1.205457091331482,0.05,10
2024-06-24,0,3,1.195491628687297,1.2487541437149048,0.0175,10
2024-06-25,0,3,1.215906713930801,1.241671085357666,0.0225,10
2024-06-26,0,3,1.2258309674396182,1.262406826019287,0.0125,10
2024-06-27,0,3,1.073965935073988,1.2373584508895874,0.0275,10
2024-06-28,0,3,1.2305126825999335,1.2796838283538818,0.0075,10
2024-06-29,0,3,1.097148681317217,1.2842462062835693,0.0075,10
2024-06-30,0,3,1.0619410379298095,1.1364972591400146,0.1225,10
2024-07-08,0,4,1.116457631384267,0.9712029695510864,0.5213849287169042,10
2024-07-09,0,4,1.0101891778297445,0.9549007415771484,0.6211812627291242,10
2024-07-10,0,4,1.0863941086454256,0.9815834760665894,0.46435845213849286,10
2024-07-11,0,4,0.9965360490189162,0.9600972533226013,0.5865580448065173,10
2024-07-12,0,4,0.9539304823475042,0.9714092016220093,0.5213849287169042,10
2024-07-13,0,4,0.950638118953398,0.9469257593154907,0.6680244399185336,10
2024-07-14,1,4,0.8397214790590249,0.8864791989326477,0.8920570264765784,10
2024-07-15,1,4,0.7334528107337351,0.8806254267692566,0.8940936863543788,10
2024-07-16,0,4,0.8883891721870719,0.9258310198783875,0.7718940936863544,10
2024-07-17,1,4,0.8437789187234767,0.9135597348213196,0.824847250509165,10
2024-07-18,1,4,0.8472455707817422,0.9145826697349548,0.8207739307535642,10
2024-07-19,0,4,0.910717151006186,0.8941159844398499,0.8757637474541752,10
2024-07-20,0,4,0.925370339191337,0.9060975313186646,0.8492871690427699,10
2024-07-21,0,4,0.9397654980095967,1.0827339887619019,0.23014256619144602,10
2024-07-22,0,4,1.104105804698513,1.0866751670837402,0.21384928716904278,10
2024-07-23,0,4,1.121178664383199,1.0761656761169434,0.24643584521384929,10
2024-07-24,0,4,1.2550419907953434,1.1533628702163696,0.10590631364562118,10
2024-07-25,0,4,1.3558074600098629,1.1686702966690063,0.07535641547861507,10
2024-07-26,0,4,1.2959917929379574,1.1316156387329102,0.13441955193482688,10
2024-07-27,0,4,1.2389659237927133,1.1629538536071777,0.0855397148676171,10
2024-07-28,0,4,1.4091135047749308,1.198420763015747,0.034623217922606926,10
2024-07-29,0,4,1.3050678458824962,1.1783602237701416,0.06109979633401222,10
2024-07-30,0,4,1.3048241644198404,1.1792266368865967,0.06109979633401222,10
2024-07-31,0,4,1.2597264680283011,1.1434006690979004,0.11608961303462322,10
2024-08-01,0,4,1.121700455984094,1.0413286685943604,0.3054989816700611,10
2024-08-02,0,4,1.0415576174661785,1.0577166080474854,0.285132382892057,10
2024-08-03,0,4,1.0714138034837262,1.062440037727356,0.2729124236252546,10
2024-08-04,0,4,0.9254800342702844,0.8983826041221619,0.8655804480651731,10
2024-08-05,0,4,0.9988541841260816,0.905758261680603,0.8492871690427699,10
2024-08-06,0,4,0.9756751014725488,0.9134589433670044,0.8268839103869654,10
2024-08-07,0,4,0.950823057621353,0.8880133032798767,0.8879837067209776,10
2024-08-08,0,4,0.903694941501862,0.9046790599822998,0.8513238289205702,10
2024-08-09,0,4,0.9996673408605188,0.9162922501564026,0.8105906313645621,10
2024-08-10,0,4,1.0858174208180866,0.9109960198402405,0.835030549898167,10
2024-08-11,0,4,1.044348391022553,0.9743140935897827,0.5112016293279023,10
2024-08-12,0,4,0.932182289361824,0.943656325340271,0.6802443991853361,10
2024-08-13,0,4,0.9069610610786007,0.9180148839950562,0.8024439918533605,10
2024-08-14,1,4,0.8265701897589802,0.9513061046600342,0.6435845213849287,10
2024-08-15,0,4,0.9676451248182724,0.9597144722938538,0.5906313645621182,10
2024-08-16,0,4,0.9250031917066456,0.9403570890426636,0.7067209775967414,10
2024-08-17,0,4,0.8864973567568095,0.9223708510398865,0.7922606924643585,10
2024-08-18,0,4,0.9752006344141928,0.8414027690887451,0.9470468431771895,10
2024-08-19,0,4,0.9430349725449813,0.8444489240646362,0.9368635437881874,10
2023-07-08,0,0,0.9241726794350844,0.9494331318614124,0.888,11
2023-07-09,0,0,0.9743232874576132,1.013915728949563,0.384,11
2023-07-10,0,0,0.9966145169869692,1.013915728949563,0.384,11
2023-07-11,0,0,0.9517191542034068,1.013915728949563,0.384,11
2023-07-12,0,0,0.948542157152549,1.013915728949563,0.384,11
2023-07-13,1,0,0.8136032158541315,1.013915728949563,0.384,11
2023-07-14,1,0,0.8379735483359313,1.013915728949563,0.384,11
2023-07-15,0,0,0.8701002940440485,1.013915728949563,0.384,11
2023-07-16,0,0,0.9114132510669704,1.012938863561,0.384,11
2023-07-17,0,0,0.8908737944136609,1.012938863561,0.384,11
2023-07-18,0,0,0.9255322693960212,1.012938863561,0.384,11
2023-07-19,0,0,0.967263115722151,1.012938863561,0.384,11
2023-07-20,0,0,1.0407271001586968,1.012938863561,0.384,11
2023-07-21,0,0,1.0879196255666288,1.012938863561,0.384,11
2023-07-22,0,0,1.0747706880007073,1.012938863561,0.384,11
2023-07-23,0,0,1.082245562916266,1.0424970747676512,0.168,11
2023-07-24,0,0,1.1801619598634046,1.0424970747676512,0.168,11
2023-07-25,0,0,1.1393366031481695,1.0424970747676512,0.168,11
2023-07-26,0,0,1.0470649557621556,1.0424970747676512,0.168,11
2023-07-27,0,0,1.0524089049987362,1.0424970747676512,0.168,11
2023-07-28,0,0,1.0961332324625743,1.0424970747676512,0.168,11
2023-07-29,0,0,1.1475046354373504,1.0424970747676512,0.168,11
2023-07-30,0,0,1.1030104289707232,1.0412633085942682,0.224,11
2023-07-31,0,0,0.9802661574733532,1.0412633085942682,0.224,11
2023-08-01,0,0,0.9276591914865956,1.0412633085942682,0.224,11
2023-08-02,0,0,0.9856192869568604,1.0412633085942682,0.224,11
2023-08-03,0,0,0.9849464199753928,1.0412633085942682,0.224,11
2023-08-04,0,0,1.0288017106784253,1.0412633085942682,0.224,11
2023-08-05,0,0,1.0494101563413691,1.0412633085942682,0.224,11
2023-08-06,0,0,0.925332606177236,1.0093293101610978,0.384,11
2023-08-07,0,0,1.0600347894644628,1.0093293101610978,0.384,11
2023-08-08,0,0,1.2032070808322328,1.0093293101610978,0.384,11
2023-08-09,0,0,1.1361856872066751,1.0093293101610978,0.384,11
2023-08-10,0,0,1.2169384711338458,1.0093293101610978,0.384,11
2023-08-11,0,0,1.124374488467241,1.0093293101610978,0.384,11
2023-08-12,0,0,1.0302234899243532,1.0093293101610978,0.384,11
2023-08-13,0,0,1.1364735275600777,1.0307472942961335,0.224,11
2023-08-14,0,0,1.0140690876726717,1.0307472942961335,0.224,11
2023-08-15,0,0,0.9598834391613684,1.0307472942961335,0.224,11
2023-08-16,0,0,0.96344523411635,1.0307472942961335,0.224,11
2023-08-17,0,0,0.8619772162480696,1.0307472942961335,0.224,11
2023-08-18,1,0,0.84340585697894,1.0307472942961335,0.224,11
2023-08-19,0,0,0.9361598228925094,1.0307472942961335,0.224,11
2023-08-20,0,0,0.9812706645380184,1.011936390480723,0.384,11
2023-08-21,0,0,0.9880650175388538,1.011936390480723,0.384,11
2023-08-22,0,0,0.9501391402718308,1.011936390480723,0.384,11
2023-08-23,0,0,1.0115737235821658,1.011936390480723,0.384,11
2023-08-24,0,0,0.9999262702998436,1.011936390480723,0.384,11
2023-08-25,0,0,1.24194058981351,1.011936390480723,0.384,11
2023-08-26,0,0,1.1524945548408054,1.011936390480723,0.384,11
2023-08-27,0,0,1.0562711289247646,0.9780415209768754,0.608,11
2023-08-28,0,0,1.1258216617159271,0.9780415209768754,0.608,11
2023-08-29,0,0,1.127791985065815,0.9780415209768754,0.608,11
2023-08-30,0,0,1.0730811539867262,0.9780415209768754,0.608,11
2023-08-31,0,0,1.1374657637612942,0.9780415209768754,0.608,11
2023-09-01,0,0,0.9176351523297184,0.9780415209768754,0.608,11
2023-09-02,0,0,0.9210003824336146,0.9780415209768754,0.608,11
2023-09-03,0,0,0.9421400380007852,0.958648506303789,0.72,11
2023-09-04,0,0,0.9211686908188832,0.958648506303789,0.72,11
2023-09-05,1,0,0.8469144869908538,0.958648506303789,0.72,11
2023-09-06,1,0,0.8378144001188419,0.958648506303789,0.72,11
2023-09-07,1,0,0.8332308808794763,0.958648506303789,0.72,11
2023-09-08,1,0,0.7903801903571291,0.958648506303789,0.72,11
2023-09-09,0,0,0.9215862638123296,0.958648506303789,0.72,11
2023-09-10,0,0,0.9192039742345504,1.0193963785820928,0.384,11
2023-09-11,0,0,0.8882584499143324,1.0193963785820928,0.384,11
2023-09-12,0,0,0.9893752333510308,1.0193963785820928,0.384,11
2023-09-13,0,0,1.0276905021746976,1.0193963785820928,0.384,11
2023-09-14,0,0,1.05764422804859,1.0193963785820928,0.384,11
2023-09-15,0,0,1.037244258278199,1.0193963785820928,0.384,11
2023-09-16,0,0,0.9111351623678404,1.0193963785820928,0.384,11
2023-09-17,0,0,0.9168705447222036,1.012938863561,0.384,11
2023-09-18,0,0,0.9480631642651184,1.012938863561,0.384,11
2023-09-19,0,0,1.049584705904487,1.012938863561,0.384,11
2023-09-20,0,0,1.0582598221905524,1.012938863561,0.384,11
2023-09-21,0,0,1.0114472018825855,1.012938863561,0.384,11
2023-09-22,0,0,1.110871812182302,1.012938863561,0.384,11
2023-09-23,0,0,1.1541736168324266,1.012938863561,0.384,11
2023-09-24,0,0,1.1078020011333731,1.0412633085942682,0.224,11
2023-09-25,0,0,1.074645609849099,1.0412633085942682,0.224,11
2023-09-26,0,0,0.9539644229731924,1.0412633085942682,0.224,11
2023-09-27,0,0,1.045324049908362,1.0412633085942682,0.224,11
2023-09-28,0,0,1.058283583828204,1.0412633085942682,0.224,11
2023-09-29,0,0,0.9529449023805296,1.0412633085942682,0.224,11
2023-09-30,0,0,1.0335157970037918,1.0412633085942682,0.224,11
2023-10-08,0,1,0.943214957935384,0.985594422069387,0.6728110599078341,11
2023-10-09,0,1,0.8954605455623991,0.985594422069387,0.6728110599078341,11
2023-10-10,0,1,0.8714609046846392,0.985594422069387,0.6728110599078341,11
2023-10-11,0,1,0.8537394125385595,0.985594422069387,0.6728110599078341,11
2023-10-12,0,1,0.9158302055623126,0.985594422069387,0.6728110599078341,11
2023-10-13,1,1,0.8235183048240129,0.985594422069387,0.6728110599078341,11
2023-10-14,1,1,0.8417997244121631,0.985594422069387,0.6728110599078341,11
2023-10-15,0,1,0.8686185654387014,0.9966895460543929,0.5806451612903226,11
2023-10-16,1,1,0.837630457855076,0.9966895460543929,0.5806451612903226,11
2023-10-17,1,1,0.7765728111191363,0.9966895460543929,0.5806451612903226,11
2023-10-18,0,1,0.876315761424511,0.9966895460543929,0.5806451612903226,11
2023-10-19,0,1,0.8981339369635442,0.9966895460543929,0.5806451612903226,11
2023-10-20,0,1,1.0052067391820876,0.9966895460543929,0.5806451612903226,11
2023-10-21,0,1,1.0475645261799866,0.9966895460543929,0.5806451612903226,11
2023-10-22,0,1,1.0349876751325695,1.0382415632982862,0.1336405529953917,11
2023-10-23,0,1,1.0648188658578015,1.0382415632982862,0.1336405529953917,11
2023-10-24,0,1,1.2288539084267107,1.051464556186856,0.07834101382488479,11
2023-10-25,0,1,1.325022505621457,1.051464556186856,0.07834101382488479,11
2023-10-26,0,1,1.3444469765965152,1.051464556186856,0.07834101382488479,11
2023-10-27,0,1,1.24809949228092,1.051464556186856,0.07834101382488479,11
2023-10-28,0,1,1.1197888843427084,1.051464556186856,0.07834101382488479,11
2023-10-29,0,1,1.0278744636215793,1.021777454611796,0.34101382488479265,11
2023-10-30,0,1,1.092155254370859,1.021777454611796,0.34101382488479265,11
2023-10-31,0,1,1.1015162289550902,1.021777454611796,0.34101382488479265,11
2023-11-01,0,1,0.9616024375172428,1.0089277900135158,0.4009216589861751,11
2023-11-02,0,1,1.0211534524417607,1.0089277900135158,0.4009216589861751,11
2023-11-03,0,1,1.0185200315853409,1.0089277900135158,0.4009216589861751,11
2023-11-04,0,1,0.9938521706160228,1.0089277900135158,0.4009216589861751,11
2023-11-05,0,1,1.0661778939631648,0.9697421898190008,0.7188940092165899,11
2023-11-06,0,1,1.1620310134405805,0.9697421898190008,0.7188940092165899,11
2023-11-07,0,1,0.980518173100777,0.9697421898190008,0.7188940092165899,11
2023-11-08,0,1,0.9051698390223948,0.9697421898190008,0.7188940092165899,11
2023-11-09,1,1,0.7489778501170876,0.9697421898190008,0.7188940092165899,11
2023-11-10,1,1,0.7527771910343829,0.9697421898190008,0.7188940092165899,11
2023-11-11,0,1,0.9667089341078078,0.9697421898190008,0.7188940092165899,11
2023-11-12,0,1,0.9442364852029852,1.0174701024660446,0.3686635944700461,11
2023-11-13,1,1,0.7318274766100183,1.0174701024660446,0.3686635944700461,11
2023-11-14,1,1,0.8206581432559168,1.0174701024660446,0.3686635944700461,11
2023-11-15,0,1,1.051314083184571,1.0174701024660446,0.3686635944700461,11
2023-11-16,0,1,1.0761913404529675,1.0174701024660446,0.3686635944700461,11
2023-11-17,0,1,0.9757244500222187,1.0174701024660446,0.3686635944700461,11
2023-11-18,0,1,0.940194569771074,1.0174701024660446,0.3686635944700461,11
2023-11-19,0,1,0.8987004950888953,1.025554796127075,0.2534562211981567,11
2023-11-20,0,1,1.089296800690815,1.025554796127075,0.2534562211981567,11
2023-11-21,0,1,1.1345993778130965,1.025554796127075,0.2534562211981567,11
2023-11-22,0,1,1.0464304602981034,1.025554796127075,0.2534562211981567,11
2023-11-23,0,1,1.1378360455267436,1.025554796127075,0.2534562211981567,11
2023-11-24,0,1,1.3841279965162,1.0386162264568177,0.08294930875576037,11
2023-11-25,0,1,1.2713157281439782,1.0386162264568177,0.08294930875576037,11
2023-11-26,0,1,1.4205242426211462,1.0378380264294866,0.1935483870967742,11
2023-11-27,0,1,1.3156964922071708,1.0378380264294866,0.1935483870967742,11
2023-11-28,0,1,1.3008009098853073,1.0378380264294866,0.1935483870967742,11
2023-11-29,0,1,1.2479916720289856,1.0378380264294866,0.1935483870967742,11
2023-11-30,0,1,1.184579900085264,1.0378380264294866,0.1935483870967742,11
2023-12-01,0,1,0.9217983024910515,1.0247863902231928,0.25806451612903225,11
2023-12-02,0,1,0.9872117622337688,1.0247863902231928,0.25806451612903225,11
2023-12-03,0,1,0.9761410830534396,0.9424314022443187,0.8709677419354839,11
2023-12-04,0,1,0.9081520857619844,0.9424314022443187,0.8709677419354839,11
2023-12-05,0,1,0.9381732402892374,0.9424314022443187,0.8709677419354839,11
2023-12-06,0,1,0.9296518465586814,0.9424314022443187,0.8709677419354839,11
2023-12-07,1,1,0.8413685597788102,0.9424314022443187,0.8709677419354839,11
2023-12-08,0,1,0.991352633325197,0.9424314022443187,0.8709677419354839,11
2023-12-09,0,1,0.9411554944408358,0.9424314022443187,0.8709677419354839,11
2023-12-10,1,1,0.8389522108078011,0.983007263398928,0.6774193548387096,11
2023-12-11,1,1,0.8071649857265369,0.983007263398928,0.6774193548387096,11
2023-12-12,1,1,0.7572970023336949,0.983007263398928,0.6774193548387096,11
2023-12-13,1,1,0.6208795880453283,0.983007263398928,0.6774193548387096,11
2023-12-14,1,1,0.7592057772002324,0.983007263398928,0.6774193548387096,11
2023-12-15,1,1,0.8328269225748938,0.983007263398928,0.6774193548387096,11
2023-12-16,0,1,0.8590655807455964,0.983007263398928,0.6774193548387096,11
2023-12-17,0,1,0.9377129218982944,1.0020488842119628,0.4838709677419355,11
2023-12-18,0,1,0.9642064200950122,1.0020488842119628,0.4838709677419355,11
2023-12-19,0,1,0.8985380992120569,1.0020488842119628,0.4838709677419355,11
2023-12-20,0,1,1.174221538340847,1.0020488842119628,0.4838709677419355,11
2023-12-21,0,1,1.219687141657661,1.0020488842119628,0.4838709677419355,11
2023-12-22,0,1,1.109109822460017,1.0020488842119628,0.4838709677419355,11
2023-12-23,0,1,1.1355025094767273,1.0020488842119628,0.4838709677419355,11
2023-12-24,0,1,1.067923542918951,1.051464556186856,0.07834101382488479,11
2023-12-25,0,1,1.0641320258226272,1.051464556186856,0.07834101382488479,11
2023-12-26,0,1,1.1724151428996483,1.051464556186856,0.07834101382488479,11
2023-12-27,0,1,1.10656776396788,1.051464556186856,0.07834101382488479,11
2023-12-28,0,1,1.0122393038967503,1.051464556186856,0.07834101382488479,11
2023-12-29,0,1,1.1349625439131328,1.051464556186856,0.07834101382488479,11
2023-12-30,0,1,1.107041700896765,1.051464556186856,0.07834101382488479,11
2023-12-31,0,1,1.0540714431461404,0.9967781822454007,0.5806451612903226,11
2024-01-08,0,2,0.9380252547156612,0.9256112205758236,0.8511326860841424,11
2024-01-09,0,2,0.8604976941696318,0.9196859658905044,0.8543689320388349,11
2024-01-10,0,2,0.8967950138147822,0.9210994595731293,0.8543689320388349,11
2024-01-11,1,2,0.81515703606474,0.9283192433407603,0.8317152103559871,11
2024-01-12,1,2,0.7697963725749237,0.9188712926648989,0.8543689320388349,11
2024-01-13,1,2,0.841357639507363,0.9330749454346295,0.7961165048543689,11
2024-01-14,1,2,0.8237505800283649,0.9545478178745219,0.6990291262135923,11
2024-01-15,1,2,0.8143008517556474,0.9519852702857754,0.7119741100323624,11
2024-01-16,0,2,0.8574681818882544,0.9519852702857754,0.7119741100323624,11
2024-01-17,1,2,0.7587486496508539,0.9531611381147365,0.7055016181229773,11
2024-01-18,1,2,0.6693137152967722,0.9519852702857754,0.7119741100323624,11
2024-01-19,1,2,0.6699104276785826,0.9847216090596228,0.5145631067961165,11
2024-01-20,0,2,0.8772632858888515,0.9916959612387765,0.46601941747572817,11
2024-01-21,0,2,0.9892903383152972,1.0520146444165441,0.2297734627831715,11
2024-01-22,0,2,1.117405717166005,1.0528353255013785,0.2297734627831715,11
2024-01-23,0,2,1.1151266074232986,1.0500246862411662,0.2297734627831715,11
2024-01-24,0,2,1.075838623368072,1.102408874978931,0.08737864077669903,11
2024-01-25,0,2,1.2754491983991014,1.102408874978931,0.08737864077669903,11
2024-01-26,0,2,1.423986158079574,1.102408874978931,0.08737864077669903,11
2024-01-27,0,2,1.2093563799502314,1.0994658905425179,0.08737864077669903,11
2024-01-28,0,2,1.0654453237147563,1.1123876230205676,0.02912621359223301,11
2024-01-29,0,2,0.947841005507312,1.09530559503461,0.10679611650485436,11
2024-01-30,1,2,0.8351685356731198,1.096153987654977,0.10032362459546926,11
2024-01-31,0,2,0.9497929613869894,1.1132492468948878,0.02912621359223301,11
2024-02-01,0,2,0.917248696829258,1.060344076264315,0.17475728155339806,11
2024-02-02,0,2,0.8851405980336539,1.0424217511011513,0.2588996763754045,11
2024-02-03,0,2,0.982826709401738,1.0366579689007516,0.2977346278317152,11
2024-02-04,0,2,1.0025264392902944,0.9034049716124578,0.9288025889967637,11
2024-02-05,0,2,0.9483480269362228,0.9049289785020149,0.9223300970873787,11
2024-02-06,0,2,1.0972617113073977,0.9064796738267717,0.912621359223301,11
2024-02-07,0,2,1.0891759604105706,0.9069324062513798,0.912621359223301,11
2024-02-08,0,2,1.096557459323093,0.9026098313248284,0.941747572815534,11
2024-02-09,0,2,1.1167044003098343,0.9007469766722102,0.9579288025889967,11
2024-02-10,0,2,1.0002853718765394,0.9018595361147952,0.948220064724919,11
2024-02-11,0,2,1.0068662107279371,0.9398157660162916,0.7572815533980582,11
2024-02-12,0,2,1.068197683139049,0.9655231489608173,0.5954692556634305,11
2024-02-13,0,2,0.9193871015786248,0.9597220121754159,0.6440129449838188,11
2024-02-14,0,2,0.9666893508669268,0.9640414839166137,0.6019417475728155,11
2024-02-15,0,2,0.9701647067175788,0.9629221909299155,0.6084142394822006,11
2024-02-16,0,2,0.951505866659967,0.9593076237307077,0.6472491909385113,11
2024-02-17,0,2,0.9867051638475192,0.9622481834530779,0.6181229773462783,11
2024-02-18,0,2,0.9427333113260588,1.0026859356554227,0.4077669902912621,11
2024-02-19,0,2,0.978784236975376,1.006135713094453,0.3948220064724919,11
2024-02-20,0,2,1.2204788803729685,1.0073052352544531,0.3851132686084142,11
2024-02-21,0,2,1.2578634247818792,1.0046607756470085,0.4045307443365696,11
2024-02-22,0,2,1.4160461739581691,1.0019098916992213,0.4077669902912621,11
2024-02-23,0,2,1.4083895326125038,1.0053569986626323,0.4045307443365696,11
2024-02-24,0,2,1.2889078774480094,1.0639819040407694,0.17475728155339806,11
2024-02-25,0,2,1.408628586196815,1.0852797180510925,0.11974110032362459,11
2024-02-26,0,2,1.5357853726649573,1.0675883643047264,0.16181229773462782,11
2024-02-27,0,2,1.4255036298830266,1.0608637430367622,0.17475728155339806,11
2024-02-28,0,2,1.3472740673438566,1.0608637430367622,0.17475728155339806,11
2024-02-29,0,2,1.0804552257818711,1.06756911542763,0.16181229773462782,11
2024-03-01,0,2,1.0254354181414247,1.0152563976323352,0.343042071197411,11
2024-03-02,0,2,1.1320172826735235,1.0152563976323352,0.343042071197411,11
2024-03-03,0,2,1.128319747911003,0.9248245170659891,0.8511326860841424,11
2024-03-04,0,2,0.9822802609177096,0.926684050444689,0.8414239482200647,11
2024-03-05,0,2,0.9670810502033153,0.9248001113092722,0.8511326860841424,11
2024-03-06,0,2,0.946135861635669,0.9283865849960176,0.8317152103559871,11
2024-03-07,0,2,0.8708436819149774,0.9196379743730401,0.8543689320388349,11
2024-03-08,0,2,0.8762602644369504,0.9179737798779457,0.8640776699029126,11
2024-03-09,1,2,0.8487925178810976,0.9171606233353748,0.8705501618122977,11
2024-03-10,1,2,0.7728795364314732,0.9000498236294505,0.9579288025889967,11
2024-03-11,1,2,0.708461282966484,0.9024809430798485,0.941747572815534,11
2024-03-12,1,2,0.6426398373180695,0.9007469766722102,0.9579288025889967,11
2024-03-13,1,2,0.571377925482258,0.9021313489962763,0.941747572815534,11
2024-03-14,1,2,0.6901720416567598,0.905088615261852,0.9223300970873787,11
2024-03-15,1,2,0.7549641664287521,0.939173399720509,0.7605177993527508,11
2024-03-16,1,2,0.836506042031234,0.908302334987636,0.9061488673139159,11
2024-03-17,0,2,0.9709646135075468,0.9816711220905224,0.5307443365695793,11
2024-03-18,0,2,0.9688339478220468,0.9898137466947851,0.49838187702265374,11
2024-03-19,0,2,0.9413149393033896,0.9898464613473609,0.49838187702265374,11
2024-03-20,0,2,1.0655612632569766,0.9898137466947851,0.49838187702265374,11
2024-03-21,0,2,1.133253625646406,0.9906131609359057,0.4919093851132686,11
2024-03-22,0,2,1.113040266895566,0.9879359841505668,0.5145631067961165,11
2024-03-23,0,2,1.036710651553232,0.9879359841505668,0.5145631067961165,11
2024-03-24,0,2,0.9228864380293004,1.1113439079207943,0.038834951456310676,11
2024-03-25,0,2,1.1500417141558186,1.1143186701179748,0.025889967637540454,11
2024-03-26,0,2,1.298740837351826,1.1122047233630272,0.032362459546925564,11
2024-03-27,0,2,1.2996211124527302,1.1143186701179748,0.025889967637540454,11
2024-03-28,0,2,1.323402650373225,1.1122047233630272,0.032362459546925564,11
2024-03-29,0,2,1.3339767416071382,1.1122047233630272,0.032362459546925564,11
2024-03-30,0,2,1.273455247833983,1.1134562185399006,0.02912621359223301,11
2024-03-31,0,2,1.1543087116353845,1.0723912664346946,0.1553398058252427,11
2024-04-08,0,3,0.9013501692371486,0.8274146079152088,0.985,11
2024-04-09,0,3,0.9504673829573714,0.8277555254554756,0.985,11
2024-04-10,1,3,0.8243382492106264,0.8283528425737594,0.985,11
2024-04-11,1,3,0.7834501466330951,0.8139244828567693,0.995,11
2024-04-12,0,3,0.8698604395795992,0.865330044741882,0.935,11
2024-04-13,1,3,0.7597608507551356,0.839877389476905,0.9775,11
2024-04-14,1,3,0.677212775397524,0.8955148386901115,0.8875,11
2024-04-15,1,3,0.6920359386686836,0.9291511749411691,0.7725,11
2024-04-16,1,3,0.6104944247335421,0.9448571498172446,0.6875,11
2024-04-17,1,3,0.5682484576390117,0.9347528176540527,0.74,11
2024-04-18,1,3,0.6743462566199577,0.9439653303914579,0.6875,11
2024-04-19,1,3,0.8021678182057587,0.955350854735007,0.645,11
2024-04-20,1,3,0.8338345092652095,0.9474579941148126,0.68,11
2024-04-21,0,3,0.9500977307262902,1.0799726250312929,0.23,11
2024-04-22,0,3,0.894020763122248,1.0767126706816785,0.2325,11
2024-04-23,0,3,0.991399742819852,1.0771175998687648,0.2325,11
2024-04-24,0,3,1.0878447526166517,1.152745425152834,0.0225,11
2024-04-25,0,3,1.1142222845209917,1.1535549808515073,0.0225,11
2024-04-26,0,3,1.007146643273655,1.1466862775392848,0.0425,11
2024-04-27,0,3,1.1844212349409298,1.1281545227071201,0.1075,11
2024-04-28,0,3,1.1006217153126756,1.1299096830228461,0.1,11
2024-04-29,0,3,1.2106187582063732,1.1372192791759272,0.0825,11
2024-04-30,0,3,1.176679988504357,1.1431085817568654,0.065,11
2024-05-01,0,3,1.169712985396964,1.0905427112481736,0.19,11
2024-05-02,0,3,1.216461054387081,1.0872416320348974,0.205,11
2024-05-03,0,3,1.397113446052744,1.0742267898397166,0.24,11
2024-05-04,0,3,1.0699333394458723,1.063703423332673,0.27,11
2024-05-05,0,3,1.0152024835913225,0.9299632457147691,0.765,11
2024-05-06,0,3,0.9666563960052584,0.9439819215960391,0.6875,11
2024-05-07,0,3,1.0010999776265437,0.9332971770755565,0.7475,11
2024-05-08,0,3,1.045751819874061,0.9477437194579177,0.68,11
2024-05-09,0,3,1.2333799656918272,0.9311848821394887,0.7575,11
2024-05-10,0,3,1.0191571683896132,0.9445397815079248,0.6875,11
2024-05-11,0,3,0.9714474788616788,0.9347047014990952,0.7425,11
2024-05-12,0,3,1.0535541973093132,0.920236629126838,0.8075,11
2024-05-13,0,3,1.0240117177175188,0.9338346368933854,0.7475,11
2024-05-14,0,3,1.125954466739724,0.9639957349934031,0.6025,11
2024-05-15,0,3,1.2327625220716356,0.9503756528980097,0.675,11
2024-05-16,0,3,0.8955376067268118,0.9305304203187682,0.76,11
2024-05-17,1,3,0.7913953040488042,0.8969482722417196,0.885,11
2024-05-18,0,3,0.9055523499200772,0.9622345977109983,0.615,11
2024-05-19,0,3,1.0128479078315926,0.9839608585627027,0.53,11
2024-05-20,0,3,1.2727679133110166,0.9802929296039349,0.5425,11
2024-05-21,0,3,1.1537031263145334,0.9708704917323403,0.5775,11
2024-05-22,0,3,1.046269531398886,0.9172507190309238,0.82,11
2024-05-23,0,3,1.0562146124420275,0.9232157094006329,0.8,11
2024-05-24,0,3,1.2380722690129595,1.0249578408215385,0.3575,11
2024-05-25,0,3,1.2213285629567612,1.0321889665509294,0.335,11
2024-05-26,0,3,1.228174786340416,1.147398990873582,0.0425,11
2024-05-27,0,3,1.0487811469475452,1.1106176939729644,0.1325,11
2024-05-28,0,3,0.9800365302910446,1.1149004161146132,0.13,11
2024-05-29,0,3,0.9766676001211076,1.1089313409653634,0.135,11
2024-05-30,0,3,1.0512578208843095,1.118872682602455,0.12,11
2024-05-31,0,3,0.9961927431314136,1.1210889830611264,0.1175,11
2024-06-01,0,3,1.0782850177636043,1.0605152119004047,0.27,11
2024-06-02,0,3,0.9920610924462848,0.942213166202118,0.695,11
2024-06-03,0,3,0.9346561396567484,0.9451021537725253,0.6825,11
2024-06-04,0,3,0.9732410768918764,0.9427351345106921,0.6925,11
2024-06-05,0,3,1.0072004413080666,0.9513944921809762,0.665,11
2024-06-06,0,3,0.9640593675152046,0.9404943253764462,0.7,11
2024-06-07,0,3,1.1256372778569268,0.9458213212174698,0.6825,11
2024-06-08,0,3,1.1008109168047002,0.9312559424949308,0.755,11
2024-06-09,0,3,0.989007483306001,0.9939510427626473,0.4825,11
2024-06-10,0,3,0.9274834755604218,0.9978780469722586,0.465,11
2024-06-11,0,3,1.0227093286635367,1.005927994863495,0.43,11
2024-06-12,0,3,0.8594831565656494,1.0099465578743507,0.4175,11
2024-06-13,0,3,0.917704853697102,1.0060000444523305,0.43,11
2024-06-14,1,3,0.6795921971656652,1.0063531924069007,0.4275,11
2024-06-15,1,3,0.6145184425791482,0.9819180360480674,0.535,11
2024-06-16,1,3,0.6919752734828566,0.8541068643591353,0.96,11
2024-06-17,1,3,0.7297780106527604,0.8886263324084772,0.9025,11
2024-06-18,1,3,0.6735497277838808,0.8555414541849743,0.9575,11
2024-06-19,1,3,0.7804324729432032,0.8932076993362453,0.895,11
2024-06-20,1,3,0.8217039182820827,0.8905303810538114,0.9,11
2024-06-21,1,3,0.7884223086555656,0.8648603510832793,0.935,11
2024-06-22,0,3,0.9602602959616506,0.8690298110143313,0.9325,11
2024-06-23,0,3,1.024427310962878,1.0856346286008154,0.2125,11
2024-06-24,0,3,1.195491628687297,1.1346026800786584,0.0975,11
2024-06-25,0,3,1.215906713930801,1.1420065424986046,0.0675,11
2024-06-26,0,3,1.2258309674396182,1.1259850075111653,0.11,11
2024-06-27,0,3,1.073965935073988,1.11916113739464,0.12,11
2024-06-28,0,3,1.2305126825999335,1.1348202250739683,0.0975,11
2024-06-29,0,3,1.097148681317217,1.1424854224606666,0.0675,11
2024-06-30,0,3,1.0619410379298095,1.08879213476781,0.2025,11
2024-07-08,0,4,1.116457631384267,0.992334373454609,0.4439918533604888,11
2024-07-09,0,4,1.0101891778297445,0.9622516784969022,0.560081466395112,11
2024-07-10,0,4,1.0863941086454256,0.9934350190283194,0.439918533604888,11
2024-07-11,0,4,0.9965360490189162,0.9727195848128363,0.5315682281059063,11
2024-07-12,0,4,0.9539304823475042,0.9693392966406874,0.5458248472505092,11
2024-07-13,0,4,0.950638118953398,0.9728950583925421,0.5295315682281059,11
2024-07-14,1,4,0.8397214790590249,0.8816748572431183,0.8757637474541752,11
2024-07-15,1,4,0.7334528107337351,0.8651406592974336,0.8940936863543788,11
2024-07-16,0,4,0.8883891721870719,0.9259882513423414,0.769857433808554,11
2024-07-17,1,4,0.8437789187234767,0.909710553238137,0.8228105906313645,11
2024-07-18,1,4,0.8472455707817422,0.9307046557822485,0.7494908350305499,11
2024-07-19,0,4,0.910717151006186,0.8809151395135215,0.8757637474541752,11
2024-07-20,0,4,0.925370339191337,0.8924051710895291,0.8594704684317719,11
2024-07-21,0,4,0.9397654980095967,1.0547718965646098,0.26476578411405294,11
2024-07-22,0,4,1.104105804698513,1.0774496916956453,0.22606924643584522,11
2024-07-23,0,4,1.121178664383199,1.076519121995675,0.22606924643584522,11
2024-07-24,0,4,1.2550419907953434,1.1390290642311953,0.08757637474541752,11
2024-07-25,0,4,1.3558074600098629,1.1435769325838905,0.07942973523421588,11
2024-07-26,0,4,1.2959917929379574,1.110535537052454,0.13441955193482688,11
2024-07-27,0,4,1.2389659237927133,1.1405495561154233,0.0835030549898167,11
2024-07-28,0,4,1.4091135047749308,1.1525046425001808,0.048879837067209775,11
2024-07-29,0,4,1.3050678458824962,1.1510588755285283,0.054989816700611,11
2024-07-30,0,4,1.3048241644198404,1.1562697838382454,0.04276985743380855,11
2024-07-31,0,4,1.2597264680283011,1.1224413588093174,0.11812627291242363,11
2024-08-01,0,4,1.121700455984094,1.017930729258265,0.3645621181262729,11
2024-08-02,0,4,1.0415576174661785,1.037426379747633,0.31160896130346233,11
2024-08-03,0,4,1.0714138034837262,1.0411499934177797,0.2973523421588595,11
2024-08-04,0,4,0.9254800342702844,0.9071105157895613,0.8289205702647657,11
2024-08-05,0,4,0.9988541841260816,0.9189718198113336,0.7942973523421588,11
2024-08-06,0,4,0.9756751014725488,0.9336481011233568,0.7372708757637475,11
2024-08-07,0,4,0.950823057621353,0.8914728259508894,0.8615071283095723,11
2024-08-08,0,4,0.903694941501862,0.9107126166215102,0.8207739307535642,11
2024-08-09,0,4,0.9996673408605188,0.929240357644755,0.7535641547861507,11
2024-08-10,0,4,1.0858174208180866,0.9402350270945932,0.6924643584521385,11
2024-08-11,0,4,1.044348391022553,1.0056625542208653,0.395112016293279,11
2024-08-12,0,4,0.932182289361824,0.9738552618077645,0.5234215885947047,11
2024-08-13,0,4,0.9069610610786007,0.934157351816762,0.7331975560081466,11
2024-08-14,1,4,0.8265701897589802,0.9700381858453081,0.5458248472505092,11
2024-08-15,0,4,0.9676451248182724,0.9729270054550424,0.5295315682281059,11
2024-08-16,0,4,0.9250031917066456,0.9714432194956484,0.539714867617108,11
2024-08-17,0,4,0.8864973567568095,0.9478678324245092,0.6639511201629328,11
2024-08-18,0,4,0.9752006344141928,0.816021673298069,0.9511201629327902,11
2024-08-19,0,4,0.9430349725449813,0.8125727177496741,0.9572301425661914,11
2023-07-08,0,0,0.9241726794350844,0.8969504521052559,0.872,12
2023-07-09,0,0,0.9743232874576132,1.1036273106828591,0.184,12
2023-07-10,0,0,0.9966145169869692,1.0441442699069419,0.296,12
2023-07-11,0,0,0.9517191542034068,1.0219784823198241,0.392,12
2023-07-12,0,0,0.948542157152549,1.0156473202894731,0.4,12
2023-07-13,1,0,0.8136032158541315,1.0018780770853004,0.432,12
2023-07-14,1,0,0.8379735483359313,1.0223006793424052,0.392,12
2023-07-15,0,0,0.8701002940440485,1.03949742023767,0.32,12
2023-07-16,0,0,0.9114132510669704,1.099601243771992,0.192,12
2023-07-17,0,0,0.8908737944136609,1.0582444323846578,0.28,12
2023-07-18,0,0,0.9255322693960212,1.046387712506202,0.288,12
2023-07-19,0,0,0.967263115722151,1.0350792702460747,0.336,12
2023-07-20,0,0,1.0407271001586968,1.0654068410783057,0.28,12
2023-07-21,0,0,1.0879196255666288,1.066953715253873,0.272,12
2023-07-22,0,0,1.0747706880007073,1.0619515901002343,0.28,12
2023-07-23,0,0,1.082245562916266,1.151994913374979,0.08,12
2023-07-24,0,0,1.1801619598634046,1.2475724069088006,0.024,12
2023-07-25,0,0,1.1393366031481695,1.0887302237434657,0.216,12
2023-07-26,0,0,1.0470649557621556,1.101050932171741,0.192,12
2023-07-27,0,0,1.0524089049987362,1.145393606413066,0.088,12
2023-07-28,0,0,1.0961332324625743,1.205743396909071,0.064,12
2023-07-29,0,0,1.1475046354373504,1.1721472034339238,0.08,12
2023-07-30,0,0,1.1030104289707232,1.095720298859778,0.192,12
2023-07-31,0,0,0.9802661574733532,1.0589367729082635,0.28,12
2023-08-01,0,0,0.9276591914865956,1.0791315070811673,0.24,12
2023-08-02,0,0,0.9856192869568604,1.1027340858593284,0.184,12
2023-08-03,0,0,0.9849464199753928,1.0723089076085672,0.256,12
2023-08-04,0,0,1.0288017106784253,1.0765471747980548,0.248,12
2023-08-05,0,0,1.0494101563413691,1.0485265026545254,0.288,12
2023-08-06,0,0,0.925332606177236,0.9815941515971072,0.552,12
2023-08-07,0,0,1.0600347894644628,1.0291701388801104,0.36,12
2023-08-08,0,0,1.2032070808322328,1.123546154727323,0.128,12
2023-08-09,0,0,1.1361856872066751,1.0713854133338305,0.256,12
2023-08-10,0,0,1.2169384711338458,1.0545198147560013,0.28,12
2023-08-11,0,0,1.124374488467241,0.9844853212145587,0.552,12
2023-08-12,0,0,1.0302234899243532,0.9823156083376388,0.552,12
2023-08-13,0,0,1.1364735275600777,1.0675791671014214,0.272,12
2023-08-14,0,0,1.0140690876726717,1.1008781923156201,0.192,12
2023-08-15,0,0,0.9598834391613684,1.0449830202024717,0.296,12
2023-08-16,0,0,0.96344523411635,1.0873187948559417,0.216,12
2023-08-17,0,0,0.8619772162480696,1.036215202228643,0.328,12
2023-08-18,1,0,0.84340585697894,1.0432069601079335,0.304,12
2023-08-19,0,0,0.9361598228925094,1.118179044163677,0.144,12
2023-08-20,0,0,0.9812706645380184,1.0013811089529685,0.44,12
2023-08-21,0,0,0.9880650175388538,0.9756403276533326,0.584,12
2023-08-22,0,0,0.9501391402718308,1.0000890414357293,0.44,12
2023-08-23,0,0,1.0115737235821658,1.0097854209177983,0.424,12
2023-08-24,0,0,0.9999262702998436,1.0197433643648848,0.392,12
2023-08-25,0,0,1.24194058981351,1.0350806914117492,0.336,12
2023-08-26,0,0,1.1524945548408054,1.0022565046265006,0.432,12
2023-08-27,0,0,1.0562711289247646,0.9692302391406404,0.6,12
2023-08-28,0,0,1.1258216617159271,0.9630101797434683,0.6,12
2023-08-29,0,0,1.127791985065815,0.9789011416013857,0.568,12
2023-08-30,0,0,1.0730811539867262,0.9590459131958232,0.624,12
2023-08-31,0,0,1.1374657637612942,1.0068093217671317,0.432,12
2023-09-01,0,0,0.9176351523297184,0.9585040286599931,0.624,12
2023-09-02,0,0,0.9210003824336146,0.9884161136921992,0.52,12
2023-09-03,0,0,0.9421400380007852,0.9030629378420418,0.864,12
2023-09-04,0,0,0.9211686908188832,0.8733363497603553,0.904,12
2023-09-05,1,0,0.8469144869908538,0.8974909504404402,0.872,12
2023-09-06,1,0,0.8378144001188419,0.9234617397961697,0.768,12
2023-09-07,1,0,0.8332308808794763,0.9042116220945562,0.864,12
2023-09-08,1,0,0.7903801903571291,0.8998903864817402,0.872,12
2023-09-09,0,0,0.9215862638123296,0.8833112185660231,0.888,12
2023-09-10,0,0,0.9192039742345504,1.0360189069441514,0.328,12
2023-09-11,0,0,0.8882584499143324,0.9890206970418327,0.52,12
2023-09-12,0,0,0.9893752333510308,1.0454336496373813,0.296,12
2023-09-13,0,0,1.0276905021746976,1.055528129232954,0.28,12
2023-09-14,0,0,1.05764422804859,1.0316486330337833,0.352,12
2023-09-15,0,0,1.037244258278199,1.0126760262078938,0.408,12
2023-09-16,0,0,0.9111351623678404,1.0068499174589909,0.432,12
2023-09-17,0,0,0.9168705447222036,1.0591985973597566,0.28,12
2023-09-18,0,0,0.9480631642651184,1.064464774309909,0.28,12
2023-09-19,0,0,1.049584705904487,1.0693836871680886,0.264,12
2023-09-20,0,0,1.0582598221905524,1.0071001334921685,0.432,12
2023-09-21,0,0,1.0114472018825855,1.0238079643867881,0.384,12
2023-09-22,0,0,1.110871812182302,1.048808232350179,0.288,12
2023-09-23,0,0,1.1541736168324266,1.0848463102727721,0.216,12
2023-09-24,0,0,1.1078020011333731,1.107883639342752,0.184,12
2023-09-25,0,0,1.074645609849099,1.0961338197583523,0.192,12
2023-09-26,0,0,0.9539644229731924,1.0737678987689696,0.256,12
2023-09-27,0,0,1.045324049908362,1.0698845016857266,0.256,12
2023-09-28,0,0,1.058283583828204,1.1186922004273168,0.128,12
2023-09-29,0,0,0.9529449023805296,1.0915826608506918,0.208,12
2023-09-30,0,0,1.0335157970037918,1.0870364974264366,0.216,12
2023-10-08,0,1,0.943214957935384,1.0135179438750317,0.4147465437788018,12
2023-10-09,0,1,0.8954605455623991,0.9661573563749709,0.6589861751152074,12
2023-10-10,0,1,0.8714609046846392,0.9846469319727675,0.5990783410138248,12
2023-10-11,0,1,0.8537394125385595,0.9870093657260206,0.5852534562211982,12
2023-10-12,0,1,0.9158302055623126,1.050787171605852,0.2764976958525346,12
2023-10-13,1,1,0.8235183048240129,0.9754392525408256,0.6221198156682027,12
2023-10-14,1,1,0.8417997244121631,1.0277290797830454,0.33640552995391704,12
2023-10-15,0,1,0.8686185654387014,1.0063017728456622,0.46543778801843316,12
2023-10-16,1,1,0.837630457855076,1.066398743735105,0.22119815668202766,12
2023-10-17,1,1,0.7765728111191363,1.0481517341540045,0.2764976958525346,12
2023-10-18,0,1,0.876315761424511,1.0354357895234472,0.31336405529953915,12
2023-10-19,0,1,0.8981339369635442,1.0174173017694783,0.391705069124424,12
2023-10-20,0,1,1.0052067391820876,1.0499641205260084,0.2764976958525346,12
2023-10-21,0,1,1.0475645261799866,1.0658144343604201,0.22119815668202766,12
2023-10-22,0,1,1.0349876751325695,1.0978676791512771,0.1336405529953917,12
2023-10-23,0,1,1.0648188658578015,1.1115259284371775,0.11059907834101383,12
2023-10-24,0,1,1.2288539084267107,1.2052115572355464,0.02304147465437788,12
2023-10-25,0,1,1.325022505621457,1.1063320519110842,0.11981566820276497,12
2023-10-26,0,1,1.3444469765965152,1.1328906122528646,0.07834101382488479,12
2023-10-27,0,1,1.24809949228092,1.0689055149772166,0.2119815668202765,12
2023-10-28,0,1,1.1197888843427084,1.087468598371481,0.17050691244239632,12
2023-10-29,0,1,1.0278744636215793,1.0163832868296843,0.39631336405529954,12
2023-10-30,0,1,1.092155254370859,1.0837651260424057,0.17511520737327188,12
2023-10-31,0,1,1.1015162289550902,1.038943317686335,0.3087557603686636,12
2023-11-01,0,1,0.9616024375172428,0.9635945618295704,0.6589861751152074,12
2023-11-02,0,1,1.0211534524417607,0.9804402784362493,0.6082949308755761,12
2023-11-03,0,1,1.0185200315853409,1.000238172103123,0.5161290322580645,12
2023-11-04,0,1,0.9938521706160228,0.9891647711465696,0.576036866359447,12
2023-11-05,0,1,1.0661778939631648,0.9958636557124759,0.5391705069124424,12
2023-11-06,0,1,1.1620310134405805,0.9697713992792835,0.6543778801843319,12
2023-11-07,0,1,0.980518173100777,0.9691619422394765,0.6543778801843319,12
2023-11-08,0,1,0.9051698390223948,0.9725820384095982,0.6359447004608295,12
2023-11-09,1,1,0.7489778501170876,0.9353979355343557,0.7649769585253456,12
2023-11-10,1,1,0.7527771910343829,0.940362528474423,0.7465437788018433,12
2023-11-11,0,1,0.9667089341078078,1.0001112502499505,0.5161290322580645,12
2023-11-12,0,1,0.9442364852029852,1.0482036310857537,0.2764976958525346,12
2023-11-13,1,1,0.7318274766100183,1.0019089129356054,0.511520737327189,12
2023-11-14,1,1,0.8206581432559168,1.0757755825410416,0.20276497695852536,12
2023-11-15,0,1,1.051314083184571,1.1187878267113394,0.09216589861751152,12
2023-11-16,0,1,1.0761913404529675,1.0987109774911117,0.1336405529953917,12
2023-11-17,0,1,0.9757244500222187,1.0885041189234361,0.16589861751152074,12
2023-11-18,0,1,0.940194569771074,1.029674888549721,0.3317972350230415,12
2023-11-19,0,1,0.8987004950888953,1.0608649046630654,0.2304147465437788,12
2023-11-20,0,1,1.089296800690815,1.114849095555801,0.0967741935483871,12
2023-11-21,0,1,1.1345993778130965,1.0810413193764477,0.17511520737327188,12
2023-11-22,0,1,1.0464304602981034,1.046080838848923,0.2857142857142857,12
2023-11-23,0,1,1.1378360455267436,1.085143953052756,0.17511520737327188,12
2023-11-24,0,1,1.3841279965162,1.1546028818819023,0.055299539170506916,12
2023-11-25,0,1,1.2713157281439782,1.1033140909339667,0.12903225806451613,12
2023-11-26,0,1,1.4205242426211462,1.1275316671471665,0.08755760368663594,12
2023-11-27,0,1,1.3156964922071708,1.0746844466757588,0.2073732718894009,12
2023-11-28,0,1,1.3008009098853073,1.062063403247733,0.2304147465437788,12
2023-11-29,0,1,1.2479916720289856,1.1223958092881179,0.09216589861751152,12
2023-11-30,0,1,1.184579900085264,1.0710956336878739,0.2119815668202765,12
2023-12-01,0,1,0.9217983024910515,1.0211561925344916,0.37327188940092165,12
2023-12-02,0,1,0.9872117622337688,1.0414851238425673,0.30414746543778803,12
2023-12-03,0,1,0.9761410830534396,0.9574502704621987,0.6774193548387096,12
2023-12-04,0,1,0.9081520857619844,0.9380336658656312,0.7465437788018433,12
2023-12-05,0,1,0.9381732402892374,0.9333665123026845,0.7741935483870968,12
2023-12-06,0,1,0.9296518465586814,0.9590009450654443,0.6774193548387096,12
2023-12-07,1,1,0.8413685597788102,0.9219827550234422,0.8202764976958525,12
2023-12-08,0,1,0.991352633325197,0.9544532619303261,0.7050691244239631,12
2023-12-09,0,1,0.9411554944408358,0.9203557179976766,0.8248847926267281,12
2023-12-10,1,1,0.8389522108078011,0.9659879584854042,0.6589861751152074,12
2023-12-11,1,1,0.8071649857265369,0.9858843503189306,0.5898617511520737,12
2023-12-12,1,1,0.7572970023336949,0.9604247710788364,0.663594470046083,12
2023-12-13,1,1,0.6208795880453283,0.9843573675387742,0.5990783410138248,12
2023-12-14,1,1,0.7592057772002324,1.0280669984280457,0.33640552995391704,12
2023-12-15,1,1,0.8328269225748938,1.0467311278138542,0.28110599078341014,12
2023-12-16,0,1,0.8590655807455964,1.0036547110622087,0.4930875576036866,12
2023-12-17,0,1,0.9377129218982944,1.0529392760247016,0.271889400921659,12
2023-12-18,0,1,0.9642064200950122,1.0665895196126536,0.22119815668202766,12
2023-12-19,0,1,0.8985380992120569,1.0579865233290973,0.24423963133640553,12
2023-12-20,0,1,1.174221538340847,1.0632603109594325,0.22119815668202766,12
2023-12-21,0,1,1.219687141657661,1.0355924000186003,0.31336405529953915,12
2023-12-22,0,1,1.109109822460017,1.019295601284075,0.3778801843317972,12
2023-12-23,0,1,1.1355025094767273,1.0528722460166873,0.271889400921659,12
2023-12-24,0,1,1.067923542918951,1.1408321836588113,0.06912442396313365,12
2023-12-25,0,1,1.0641320258226272,1.1893391536899307,0.03225806451612903,12
2023-12-26,0,1,1.1724151428996483,1.211117667916244,0.02304147465437788,12
2023-12-27,0,1,1.10656776396788,1.153165843645405,0.055299539170506916,12
2023-12-28,0,1,1.0122393038967503,1.1166937361553475,0.0967741935483871,12
2023-12-29,0,1,1.1349625439131328,1.1545921342447885,0.055299539170506916,12
2023-12-30,0,1,1.107041700896765,1.0914676628793187,0.15668202764976957,12
2023-12-31,0,1,1.0540714431461404,1.001353527577341,0.511520737327189,12
2024-01-08,0,2,0.9380252547156612,0.9337545585001444,0.7475728155339806,12
2024-01-09,0,2,0.8604976941696318,0.9309493715047441,0.7572815533980582,12
2024-01-10,0,2,0.8967950138147822,0.9413265931459655,0.7087378640776699,12
2024-01-11,1,2,0.81515703606474,0.8979578980949758,0.883495145631068,12
2024-01-12,1,2,0.7697963725749237,0.9245017488236698,0.7766990291262136,12
2024-01-13,1,2,0.841357639507363,0.9654707874160049,0.627831715210356,12
2024-01-14,1,2,0.8237505800283649,0.9703669952579762,0.6019417475728155,12
2024-01-15,1,2,0.8143008517556474,0.9501785950465359,0.6763754045307443,12
2024-01-16,0,2,0.8574681818882544,0.9819792051827841,0.5631067961165048,12
2024-01-17,1,2,0.7587486496508539,0.9301533822011717,0.7605177993527508,12
2024-01-18,1,2,0.6693137152967722,0.9446651123055341,0.6957928802588996,12
2024-01-19,1,2,0.6699104276785826,1.011195442830731,0.43042071197411,12
2024-01-20,0,2,0.8772632858888515,1.012883437665969,0.42394822006472493,12
2024-01-21,0,2,0.9892903383152972,1.1093625761955535,0.12944983818770225,12
2024-01-22,0,2,1.117405717166005,1.0568988589352823,0.26537216828478966,12
2024-01-23,0,2,1.1151266074232986,1.0336507050178891,0.33980582524271846,12
2024-01-24,0,2,1.075838623368072,1.1226036394385075,0.11650485436893204,12
2024-01-25,0,2,1.2754491983991014,1.172437660471433,0.06472491909385113,12
2024-01-26,0,2,1.423986158079574,1.177858465265146,0.061488673139158574,12
2024-01-27,0,2,1.2093563799502314,1.1261996228548323,0.11003236245954692,12
2024-01-28,0,2,1.0654453237147563,1.1276008130130915,0.11003236245954692,12
2024-01-29,0,2,0.947841005507312,1.0839470520663554,0.1941747572815534,12
2024-01-30,1,2,0.8351685356731198,1.1052186092624032,0.14563106796116504,12
2024-01-31,0,2,0.9497929613869894,1.20309663613361,0.045307443365695796,12
2024-02-01,0,2,0.917248696829258,1.082105967269799,0.20388349514563106,12
2024-02-02,0,2,0.8851405980336539,1.0464689385199513,0.3042071197411003,12
2024-02-03,0,2,0.982826709401738,1.060319608770659,0.26537216828478966,12
2024-02-04,0,2,1.0025264392902944,0.9223247916658497,0.7831715210355987,12
2024-02-05,0,2,0.9483480269362228,0.9185042035378314,0.7928802588996764,12
2024-02-06,0,2,1.0972617113073977,0.9629703097718497,0.6343042071197411,12
2024-02-07,0,2,1.0891759604105706,0.9598351620449366,0.6440129449838188,12
2024-02-08,0,2,1.096557459323093,0.9134046972941424,0.8090614886731392,12
2024-02-09,0,2,1.1167044003098343,0.9092655490297011,0.8187702265372169,12
2024-02-10,0,2,1.0002853718765394,0.8650572836007266,0.948220064724919,12
2024-02-11,0,2,1.0068662107279371,0.9226708722427408,0.7831715210355987,12
2024-02-12,0,2,1.068197683139049,0.9732952416304517,0.598705501618123,12
2024-02-13,0,2,0.9193871015786248,0.9317393306813108,0.7572815533980582,12
2024-02-14,0,2,0.9666893508669268,0.9661460069493917,0.6148867313915858,12
2024-02-15,0,2,0.9701647067175788,0.9561565543861308,0.656957928802589,12
2024-02-16,0,2,0.951505866659967,0.9145893300651088,0.8090614886731392,12
2024-02-17,0,2,0.9867051638475192,0.9127043323693032,0.8122977346278317,12
2024-02-18,0,2,0.9427333113260588,0.9847792801780669,0.5469255663430421,12
2024-02-19,0,2,0.978784236975376,0.9885083766994623,0.5307443365695793,12
2024-02-20,0,2,1.2204788803729685,1.0113506647694863,0.42718446601941745,12
2024-02-21,0,2,1.2578634247818792,1.0034584460553244,0.47572815533980584,12
2024-02-22,0,2,1.4160461739581691,0.972042718761431,0.598705501618123,12
2024-02-23,0,2,1.4083895326125038,0.9684941982643547,0.6051779935275081,12
2024-02-24,0,2,1.2889078774480094,1.06175139278991,0.2588996763754045,12
2024-02-25,0,2,1.408628586196815,1.1374041317783887,0.09385113268608414,12
2024-02-26,0,2,1.5357853726649573,1.0939774146685683,0.1779935275080906,12
2024-02-27,0,2,1.4255036298830266,1.0886789631633975,0.18770226537216828,12
2024-02-28,0,2,1.3472740673438566,1.0311940625912712,0.34951456310679613,12
2024-02-29,0,2,1.0804552257818711,1.090228284472388,0.18770226537216828,12
2024-03-01,0,2,1.0254354181414247,1.0031205320641003,0.47572815533980584,12
2024-03-02,0,2,1.1320172826735235,1.048097164268345,0.29449838187702265,12
2024-03-03,0,2,1.128319747911003,0.9297570893465635,0.7637540453074434,12
2024-03-04,0,2,0.9822802609177096,0.9142911219992816,0.8090614886731392,12
2024-03-05,0,2,0.9670810502033153,0.8646786841167702,0.948220064724919,12
2024-03-06,0,2,0.946135861635669,0.937407537811672,0.7249190938511327,12
2024-03-07,0,2,0.8708436819149774,0.9151342027061489,0.8058252427184466,12
2024-03-08,0,2,0.8762602644369504,0.9174973915938786,0.7928802588996764,12
2024-03-09,1,2,0.8487925178810976,0.9644470318708533,0.627831715210356,12
2024-03-10,1,2,0.7728795364314732,0.866883660411891,0.9449838187702265,12
2024-03-11,1,2,0.708461282966484,0.852935204048894,0.9611650485436893,12
2024-03-12,1,2,0.6426398373180695,0.8920553093881839,0.889967637540453,12
2024-03-13,1,2,0.571377925482258,0.8691230350255935,0.941747572815534,12
2024-03-14,1,2,0.6901720416567598,0.9106089116813822,0.8155339805825242,12
2024-03-15,1,2,0.7549641664287521,0.9756514913963302,0.5889967637540453,12
2024-03-16,1,2,0.836506042031234,0.9086308471551074,0.8252427184466019,12
2024-03-17,0,2,0.9709646135075468,1.0187430549122414,0.4045307443365696,12
2024-03-18,0,2,0.9688339478220468,1.04434036452121,0.3074433656957929,12
2024-03-19,0,2,0.9413149393033896,1.006604363827814,0.45307443365695793,12
2024-03-20,0,2,1.0655612632569766,1.020938378379073,0.3948220064724919,12
2024-03-21,0,2,1.133253625646406,1.0276367515262987,0.36893203883495146,12
2024-03-22,0,2,1.113040266895566,0.9972529514891726,0.49514563106796117,12
2024-03-23,0,2,1.036710651553232,1.0134120128403727,0.4174757281553398,12
2024-03-24,0,2,0.9228864380293004,1.1331670860268517,0.0970873786407767,12
2024-03-25,0,2,1.1500417141558186,1.2284276396688676,0.025889967637540454,12
2024-03-26,0,2,1.298740837351826,1.1747447602100063,0.061488673139158574,12
2024-03-27,0,2,1.2996211124527302,1.1926720411707608,0.05825242718446602,12
2024-03-28,0,2,1.323402650373225,1.1966078924803296,0.05825242718446602,12
2024-03-29,0,2,1.3339767416071382,1.1227902748050538,0.11650485436893204,12
2024-03-30,0,2,1.273455247833983,1.13438500773597,0.0970873786407767,12
2024-03-31,0,2,1.1543087116353845,1.0938534930216903,0.1779935275080906,12
2024-04-08,0,3,0.9013501692371486,0.8362166080639538,0.95,12
2024-04-09,0,3,0.9504673829573714,0.8668036323828182,0.9175,12
2024-04-10,1,3,0.8243382492106264,0.8071561136062897,0.975,12
2024-04-11,1,3,0.7834501466330951,0.7873003850785153,0.98,12
2024-04-12,0,3,0.8698604395795992,0.84492462433646,0.9375,12
2024-04-13,1,3,0.7597608507551356,0.8757896894766295,0.9075,12
2024-04-14,1,3,0.677212775397524,0.8952362887525206,0.87,12
2024-04-15,1,3,0.6920359386686836,0.9231859894071658,0.77,12
2024-04-16,1,3,0.6104944247335421,0.9577610206736847,0.68,12
2024-04-17,1,3,0.5682484576390117,0.9407991847727486,0.725,12
2024-04-18,1,3,0.6743462566199577,0.9836884250971135,0.57,12
2024-04-19,1,3,0.8021678182057587,1.0355241864480558,0.3625,12
2024-04-20,1,3,0.8338345092652095,1.0337939562271021,0.365,12
2024-04-21,0,3,0.9500977307262902,1.1560577640319842,0.1125,12
2024-04-22,0,3,0.894020763122248,1.1331454156356704,0.14,12
2024-04-23,0,3,0.991399742819852,1.154573106140789,0.1125,12
2024-04-24,0,3,1.0878447526166517,1.228096034406275,0.05,12
2024-04-25,0,3,1.1142222845209917,1.2259265271288384,0.05,12
2024-04-26,0,3,1.007146643273655,1.1956332791015214,0.06,12
2024-04-27,0,3,1.1844212349409298,1.1903483738612661,0.07,12
2024-04-28,0,3,1.1006217153126756,1.2010802663350688,0.0575,12
2024-04-29,0,3,1.2106187582063732,1.2297353127383037,0.05,12
2024-04-30,0,3,1.176679988504357,1.2054537232795466,0.055,12
2024-05-01,0,3,1.169712985396964,1.179316259069222,0.0875,12
2024-05-02,0,3,1.216461054387081,1.1391530380858494,0.125,12
2024-05-03,0,3,1.397113446052744,1.127026310182136,0.15,12
2024-05-04,0,3,1.0699333394458723,1.0788688910986681,0.2525,12
2024-05-05,0,3,1.0152024835913225,1.001708597373113,0.5025,12
2024-05-06,0,3,0.9666563960052584,1.0108606143669567,0.4525,12
2024-05-07,0,3,1.0010999776265437,1.029526506383884,0.3875,12
2024-05-08,0,3,1.045751819874061,1.0576054461063331,0.3025,12
2024-05-09,0,3,1.2333799656918272,0.9841308795810894,0.5675,12
2024-05-10,0,3,1.0191571683896132,0.996669509402779,0.5225,12
2024-05-11,0,3,0.9714474788616788,1.018927863533766,0.425,12
2024-05-12,0,3,1.0535541973093132,0.9624480824070553,0.67,12
2024-05-13,0,3,1.0240117177175188,1.0040289933588633,0.495,12
2024-05-14,0,3,1.125954466739724,0.9813534290912899,0.5825,12
2024-05-15,0,3,1.2327625220716356,0.9693670232487744,0.625,12
2024-05-16,0,3,0.8955376067268118,0.9399853224243764,0.725,12
2024-05-17,1,3,0.7913953040488042,0.9396623929825173,0.725,12
2024-05-18,0,3,0.9055523499200772,0.973792588621846,0.6025,12
2024-05-19,0,3,1.0128479078315926,1.0759499120314246,0.255,12
2024-05-20,0,3,1.2727679133110166,1.0575849329789397,0.3025,12
2024-05-21,0,3,1.1537031263145334,1.0178051833415553,0.4275,12
2024-05-22,0,3,1.046269531398886,0.9517133065370025,0.7,12
2024-05-23,0,3,1.0562146124420275,0.9940140244226702,0.535,12
2024-05-24,0,3,1.2380722690129595,1.1201946040733182,0.1625,12
2024-05-25,0,3,1.2213285629567612,1.1378426939654744,0.125,12
2024-05-26,0,3,1.228174786340416,1.2220982976015704,0.05,12
2024-05-27,0,3,1.0487811469475452,1.1486134958955452,0.12,12
2024-05-28,0,3,0.9800365302910446,1.1602858284623847,0.1075,12
2024-05-29,0,3,0.9766676001211076,1.1170387990278143,0.17,12
2024-05-30,0,3,1.0512578208843095,1.163480206066168,0.1075,12
2024-05-31,0,3,0.9961927431314136,1.1810345661139818,0.0825,12
2024-06-01,0,3,1.0782850177636043,1.099703154254875,0.2,12
2024-06-02,0,3,0.9920610924462848,0.9844501002195414,0.565,12
2024-06-03,0,3,0.9346561396567484,0.9753871516543248,0.5975,12
2024-06-04,0,3,0.9732410768918764,0.9884377983883795,0.55,12
2024-06-05,0,3,1.0072004413080666,0.990542061400172,0.5425,12
2024-06-06,0,3,0.9640593675152046,0.9687572040863084,0.63,12
2024-06-07,0,3,1.1256372778569268,0.9796195435913014,0.59,12
2024-06-08,0,3,1.1008109168047002,0.945111606350593,0.715,12
2024-06-09,0,3,0.989007483306001,1.0128559751144326,0.4425,12
2024-06-10,0,3,0.9274834755604218,1.0578420858867732,0.3025,12
2024-06-11,0,3,1.0227093286635367,1.0443979300800366,0.33,12
2024-06-12,0,3,0.8594831565656494,1.0529165372265878,0.3125,12
2024-06-13,0,3,0.917704853697102,1.0730356108273895,0.26,12
2024-06-14,1,3,0.6795921971656652,1.0269664550996425,0.3975,12
2024-06-15,1,3,0.6145184425791482,1.0193490693643366,0.425,12
2024-06-16,1,3,0.6919752734828566,0.8430492782235013,0.94,12
2024-06-17,1,3,0.7297780106527604,0.8549451947803566,0.935,12
2024-06-18,1,3,0.6735497277838808,0.8620272044019883,0.9275,12
2024-06-19,1,3,0.7804324729432032,0.8880574027507845,0.8875,12
2024-06-20,1,3,0.8217039182820827,0.8804299386145235,0.9,12
2024-06-21,1,3,0.7884223086555656,0.8440566308859612,0.94,12
2024-06-22,0,3,0.9602602959616506,0.8746190971902521,0.9075,12
2024-06-23,0,3,1.024427310962878,1.18383524562154,0.0725,12
2024-06-24,0,3,1.195491628687297,1.2029246372498474,0.0575,12
2024-06-25,0,3,1.215906713930801,1.2104891037274856,0.055,12
2024-06-26,0,3,1.2258309674396182,1.2004970434590012,0.06,12
2024-06-27,0,3,1.073965935073988,1.1713053565875027,0.095,12
2024-06-28,0,3,1.2305126825999335,1.2388027815512572,0.04,12
2024-06-29,0,3,1.097148681317217,1.225655268642582,0.05,12
2024-06-30,0,3,1.0619410379298095,1.1361244035731237,0.135,12
2024-07-08,0,4,1.116457631384267,0.9893484956049144,0.5315682281059063,12
2024-07-09,0,4,1.0101891778297445,0.9274167715735803,0.745417515274949,12
2024-07-10,0,4,1.0863941086454256,0.9709596953611496,0.604887983706721,12
2024-07-11,0,4,0.9965360490189162,0.9530519827740235,0.6517311608961304,12
2024-07-12,0,4,0.9539304823475042,0.9378597957006076,0.7026476578411406,12
2024-07-13,0,4,0.950638118953398,0.9386653678536915,0.7006109979633401,12
2024-07-14,1,4,0.8397214790590249,0.8683701250819489,0.8859470468431772,12
2024-07-15,1,4,0.7334528107337351,0.8832805047246333,0.8655804480651731,12
2024-07-16,0,4,0.8883891721870719,0.9242361421173104,0.7535641547861507,12
2024-07-17,1,4,0.8437789187234767,0.9488112025635893,0.6720977596741344,12
2024-07-18,1,4,0.8472455707817422,0.9721208920488623,0.6028513238289206,12
2024-07-19,0,4,0.910717151006186,0.921542622381759,0.7596741344195519,12
2024-07-20,0,4,0.925370339191337,0.925293918439615,0.7535641547861507,12
2024-07-21,0,4,0.9397654980095967,1.0774128836992038,0.24643584521384929,12
2024-07-22,0,4,1.104105804698513,1.083998191166081,0.24032586558044808,12
2024-07-23,0,4,1.121178664383199,1.0847913015427844,0.24032586558044808,12
2024-07-24,0,4,1.2550419907953434,1.1723894768908067,0.08961303462321792,12
2024-07-25,0,4,1.3558074600098629,1.1726925780550312,0.08961303462321792,12
2024-07-26,0,4,1.2959917929379574,1.106097741211853,0.1975560081466395,12
2024-07-27,0,4,1.2389659237927133,1.159695011470203,0.109979633401222,12
2024-07-28,0,4,1.4091135047749308,1.1789515930589667,0.0835030549898167,12
2024-07-29,0,4,1.3050678458824962,1.1550623881216273,0.1120162932790224,12
2024-07-30,0,4,1.3048241644198404,1.1603613235363464,0.109979633401222,12
2024-07-31,0,4,1.2597264680283011,1.117004369312326,0.1710794297352342,12
2024-08-01,0,4,1.121700455984094,1.0280768501290773,0.384928716904277,12
2024-08-02,0,4,1.0415576174661785,1.0421778530128933,0.3360488798370672,12
2024-08-03,0,4,1.0714138034837262,1.0560002456326079,0.3054989816700611,12
2024-08-04,0,4,0.9254800342702844,0.9133101091205472,0.7963340122199593,12
2024-08-05,0,4,0.9988541841260816,0.9140430975413347,0.790224032586558,12
2024-08-06,0,4,0.9756751014725488,0.9238252166519565,0.7535641547861507,12
2024-08-07,0,4,0.950823057621353,0.907417303027135,0.8105906313645621,12
2024-08-08,0,4,0.903694941501862,0.9171376891339003,0.7780040733197556,12
2024-08-09,0,4,0.9996673408605188,0.9430494740641359,0.6924643584521385,12
2024-08-10,0,4,1.0858174208180866,0.9333306257594756,0.7311608961303462,12
2024-08-11,0,4,1.044348391022553,1.00337746091158,0.4725050916496945,12
2024-08-12,0,4,0.932182289361824,0.9595798627995435,0.639511201629328,12
2024-08-13,0,4,0.9069610610786007,0.9296246407359762,0.7372708757637475,12
2024-08-14,1,4,0.8265701897589802,0.9501212823426046,0.6680244399185336,12
2024-08-15,0,4,0.9676451248182724,0.9941805523645378,0.5112016293279023,12
2024-08-16,0,4,0.9250031917066456,0.9871862570129344,0.5437881873727087,12
2024-08-17,0,4,0.8864973567568095,0.9519790041998897,0.6578411405295316,12
2024-08-18,0,4,0.9752006344141928,0.8532773468120036,0.9083503054989817,12
2024-08-19,0,4,0.9430349725449813,0.8720141087634464,0.879837067209776,12
2023-07-08,0,0,0.9241726794350844,0.8858995038652858,0.88,13
2023-07-09,0,0,0.9743232874576132,1.0860758797427106,0.216,13
2023-07-10,0,0,0.9966145169869692,1.0445480244967735,0.288,13
2023-07-11,0,0,0.9517191542034068,1.0331460970695137,0.336,13
2023-07-12,0,0,0.948542157152549,1.0286103463427296,0.352,13
2023-07-13,1,0,0.8136032158541315,1.0183447407820585,0.392,13
2023-07-14,1,0,0.8379735483359313,1.0362394607316876,0.312,13
2023-07-15,0,0,0.8701002940440485,1.0396361498269935,0.304,13
2023-07-16,0,0,0.9114132510669704,1.087399532396238,0.216,13
2023-07-17,0,0,0.8908737944136609,1.0746184892225206,0.248,13
2023-07-18,0,0,0.9255322693960212,1.046557512456324,0.28,13
2023-07-19,0,0,0.967263115722151,1.0406858406238413,0.296,13
2023-07-20,0,0,1.0407271001586968,1.0484245862224766,0.28,13
2023-07-21,0,0,1.0879196255666288,1.0595776038615994,0.28,13
2023-07-22,0,0,1.0747706880007073,1.0625373731251324,0.272,13
2023-07-23,0,0,1.082245562916266,1.1332719557103952,0.104,13
2023-07-24,0,0,1.1801619598634046,1.2455872212093038,0.024,13
2023-07-25,0,0,1.1393366031481695,1.0762704916717911,0.248,13
2023-07-26,0,0,1.0470649557621556,1.1075641154923168,0.144,13
2023-07-27,0,0,1.0524089049987362,1.1435266079735467,0.096,13
2023-07-28,0,0,1.0961332324625743,1.1944783691134537,0.064,13
2023-07-29,0,0,1.1475046354373504,1.1498441007724545,0.096,13
2023-07-30,0,0,1.1030104289707232,1.0827210723067042,0.224,13
2023-07-31,0,0,0.9802661574733532,1.0388206779503795,0.304,13
2023-08-01,0,0,0.9276591914865956,1.07035969003386,0.264,13
2023-08-02,0,0,0.9856192869568604,1.1176429841331919,0.128,13
2023-08-03,0,0,0.9849464199753928,1.0722955793459694,0.264,13
2023-08-04,0,0,1.0288017106784253,1.0884564558857972,0.216,13
2023-08-05,0,0,1.0494101563413691,1.0482743767079705,0.28,13
2023-08-06,0,0,0.925332606177236,1.0010197593889232,0.448,13
2023-08-07,0,0,1.0600347894644628,1.0375580648752938,0.304,13
2023-08-08,0,0,1.2032070808322328,1.123491334969881,0.128,13
2023-08-09,0,0,1.1361856872066751,1.0664450788668463,0.264,13
2023-08-10,0,0,1.2169384711338458,1.061623284692929,0.272,13
2023-08-11,0,0,1.124374488467241,0.9730750500131541,0.584,13
2023-08-12,0,0,1.0302234899243532,0.9841882761122287,0.52,13
2023-08-13,0,0,1.1364735275600777,1.0754424167655463,0.248,13
2023-08-14,0,0,1.0140690876726717,1.0946358473112174,0.216,13
2023-08-15,0,0,0.9598834391613684,1.0447510601422099,0.288,13
2023-08-16,0,0,0.96344523411635,1.0885237564133627,0.216,13
2023-08-17,0,0,0.8619772162480696,1.0303650205244776,0.352,13
2023-08-18,1,0,0.84340585697894,1.0401716710603945,0.296,13
2023-08-19,0,0,0.9361598228925094,1.1359793789087156,0.104,13
2023-08-20,0,0,0.9812706645380184,1.0051282981490657,0.432,13
2023-08-21,0,0,0.9880650175388538,0.986327144722238,0.52,13
2023-08-22,0,0,0.9501391402718308,1.0126786398873764,0.416,13
2023-08-23,0,0,1.0115737235821658,1.029215937840226,0.352,13
2023-08-24,0,0,0.9999262702998436,1.0446183420003774,0.288,13
2023-08-25,0,0,1.24194058981351,1.0452720785344636,0.288,13
2023-08-26,0,0,1.1524945548408054,0.9957965737485748,0.464,13
2023-08-27,0,0,1.0562711289247646,0.9523655914581179,0.656,13
2023-08-28,0,0,1.1258216617159271,0.9609384551606462,0.632,13
2023-08-29,0,0,1.127791985065815,0.9804679074384856,0.544,13
2023-08-30,0,0,1.0730811539867262,0.938652637694855,0.696,13
2023-08-31,0,0,1.1374657637612942,1.0011727138617836,0.448,13
2023-09-01,0,0,0.9176351523297184,0.9214629481692359,0.768,13
2023-09-02,0,0,0.9210003824336146,0.9733230788374367,0.584,13
2023-09-03,0,0,0.9421400380007852,0.8878874595917071,0.88,13
2023-09-04,0,0,0.9211686908188832,0.8689956928856319,0.904,13
2023-09-05,1,0,0.8469144869908538,0.8959876038322334,0.872,13
2023-09-06,1,0,0.8378144001188419,0.9272637601847479,0.752,13
2023-09-07,1,0,0.8332308808794763,0.8956346554929668,0.872,13
2023-09-08,1,0,0.7903801903571291,0.8789128524489942,0.888,13
2023-09-09,0,0,0.9215862638123296,0.8695421964072674,0.904,13
2023-09-10,0,0,0.9192039742345504,1.0298314945696976,0.352,13
2023-09-11,0,0,0.8882584499143324,0.9948171619089239,0.464,13
2023-09-12,0,0,0.9893752333510308,1.0533689072074557,0.28,13
2023-09-13,0,0,1.0276905021746976,1.033963081778436,0.328,13
2023-09-14,0,0,1.05764422804859,1.0378150092159837,0.304,13
2023-09-15,0,0,1.037244258278199,1.0021556898298283,0.448,13
2023-09-16,0,0,0.9111351623678404,1.006905330279237,0.432,13
2023-09-17,0,0,0.9168705447222036,1.047829460450712,0.28,13
2023-09-18,0,0,0.9480631642651184,1.0541722030990501,0.28,13
2023-09-19,0,0,1.049584705904487,1.0385802918469387,0.304,13
2023-09-20,0,0,1.0582598221905524,1.0072769522350833,0.432,13
2023-09-21,0,0,1.0114472018825855,1.020022405804856,0.384,13
2023-09-22,0,0,1.110871812182302,1.0436842708230578,0.296,13
2023-09-23,0,0,1.1541736168324266,1.0666751973526731,0.264,13
2023-09-24,0,0,1.1078020011333731,1.0986309191780483,0.192,13
2023-09-25,0,0,1.074645609849099,1.1021255866442956,0.168,13
2023-09-26,0,0,0.9539644229731924,1.0355003545502706,0.328,13
2023-09-27,0,0,1.045324049908362,1.0499236525903213,0.28,13
2023-09-28,0,0,1.058283583828204,1.108630374601637,0.136,13
2023-09-29,0,0,0.9529449023805296,1.0693818713185532,0.264,13
2023-09-30,0,0,1.0335157970037918,1.0775854724662866,0.248,13
2023-10-08,0,1,0.943214957935384,1.003173358996835,0.45161290322580644,13
2023-10-09,0,1,0.8954605455623991,0.9733106081887068,0.6082949308755761,13
2023-10-10,0,1,0.8714609046846392,0.9748532568452022,0.6082949308755761,13
2023-10-11,0,1,0.8537394125385595,1.0109617457655875,0.423963133640553,13
2023-10-12,0,1,0.9158302055623126,1.065199465040165,0.2350230414746544,13
2023-10-13,1,1,0.8235183048240129,0.9666332942042852,0.6451612903225806,13
2023-10-14,1,1,0.8417997244121631,1.0349371385128485,0.3225806451612903,13
2023-10-15,0,1,0.8686185654387014,1.0495289029259551,0.2857142857142857,13
2023-10-16,1,1,0.837630457855076,1.076742704203163,0.2119815668202765,13
2023-10-17,1,1,0.7765728111191363,1.0608111837265481,0.2488479262672811,13
2023-10-18,0,1,0.876315761424511,1.0558686668583301,0.2672811059907834,13
2023-10-19,0,1,0.8981339369635442,1.0292560815566743,0.34101382488479265,13
2023-10-20,0,1,1.0052067391820876,1.0517580568212448,0.2764976958525346,13
2023-10-21,0,1,1.0475645261799866,1.0697469516570128,0.2304147465437788,13
2023-10-22,0,1,1.0349876751325695,1.0900666493675482,0.15668202764976957,13
2023-10-23,0,1,1.0648188658578015,1.1390411352154823,0.055299539170506916,13
2023-10-24,0,1,1.2288539084267107,1.1865820694002125,0.027649769585253458,13
2023-10-25,0,1,1.325022505621457,1.0919957592628635,0.15207373271889402,13
2023-10-26,0,1,1.3444469765965152,1.1187509882310271,0.08755760368663594,13
2023-10-27,0,1,1.24809949228092,1.0751615375124541,0.2119815668202765,13
2023-10-28,0,1,1.1197888843427084,1.069304225740381,0.2304147465437788,13
2023-10-29,0,1,1.0278744636215793,1.0367864947604755,0.31797235023041476,13
2023-10-30,0,1,1.092155254370859,1.071987709808325,0.22580645161290322,13
2023-10-31,0,1,1.1015162289550902,1.0289980262891463,0.34101382488479265,13
2023-11-01,0,1,0.9616024375172428,0.9714168745896787,0.6221198156682027,13
2023-11-02,0,1,1.0211534524417607,0.9839472330473232,0.576036866359447,13
2023-11-03,0,1,1.0185200315853409,1.0200237101160543,0.3686635944700461,13
2023-11-04,0,1,0.9938521706160228,1.0155576266238904,0.3870967741935484,13
2023-11-05,0,1,1.0661778939631648,0.998916251146559,0.5023041474654378,13
2023-11-06,0,1,1.1620310134405805,0.9305849806705722,0.7695852534562212,13
2023-11-07,0,1,0.980518173100777,0.94830782178594,0.6866359447004609,13
2023-11-08,0,1,0.9051698390223948,0.9720968792969297,0.6175115207373272,13
2023-11-09,1,1,0.7489778501170876,0.9318694594922516,0.7603686635944701,13
2023-11-10,1,1,0.7527771910343829,0.9589130032255342,0.6728110599078341,13
2023-11-11,0,1,0.9667089341078078,1.0145963638730264,0.4009216589861751,13
2023-11-12,0,1,0.9442364852029852,1.0200613457609748,0.3686635944700461,13
2023-11-13,1,1,0.7318274766100183,1.0081265410055777,0.43317972350230416,13
2023-11-14,1,1,0.8206581432559168,1.06879211233199,0.2304147465437788,13
2023-11-15,0,1,1.051314083184571,1.0698256630366632,0.2304147465437788,13
2023-11-16,0,1,1.0761913404529675,1.0619931696103067,0.24423963133640553,13
2023-11-17,0,1,0.9757244500222187,1.0821190781999463,0.1889400921658986,13
2023-11-18,0,1,0.940194569771074,1.0051956376668443,0.4423963133640553,13
2023-11-19,0,1,0.8987004950888953,1.074517082666093,0.2119815668202765,13
2023-11-20,0,1,1.089296800690815,1.1110754613832632,0.09216589861751152,13
2023-11-21,0,1,1.1345993778130965,1.0855146323661318,0.18433179723502305,13
2023-11-22,0,1,1.0464304602981034,1.0255363546129739,0.35023041474654376,13
2023-11-23,0,1,1.1378360455267436,1.0855747221671932,0.18433179723502305,13
2023-11-24,0,1,1.3841279965162,1.1423107991225752,0.055299539170506916,13
2023-11-25,0,1,1.2713157281439782,1.1001311286760314,0.11981566820276497,13
2023-11-26,0,1,1.4205242426211462,1.1030771606500962,0.10138248847926268,13
2023-11-27,0,1,1.3156964922071708,1.0457147593754972,0.29493087557603687,13
2023-11-28,0,1,1.3008009098853073,1.052976016520224,0.271889400921659,13
2023-11-29,0,1,1.2479916720289856,1.0744933416206206,0.2119815668202765,13
2023-11-30,0,1,1.184579900085264,1.0332458559144306,0.3271889400921659,13
2023-12-01,0,1,0.9217983024910515,1.0032025804826754,0.45161290322580644,13
2023-12-02,0,1,0.9872117622337688,1.0437684217580583,0.29493087557603687,13
2023-12-03,0,1,0.9761410830534396,0.9308169400537122,0.7649769585253456,13
2023-12-04,0,1,0.9081520857619844,0.912567447853955,0.8433179723502304,13
2023-12-05,0,1,0.9381732402892374,0.9267025804837974,0.7926267281105991,13
2023-12-06,0,1,0.9296518465586814,0.9424959324846727,0.728110599078341,13
2023-12-07,1,1,0.8413685597788102,0.9464916225307299,0.7004608294930875,13
2023-12-08,0,1,0.991352633325197,0.972162508652957,0.6129032258064516,13
2023-12-09,0,1,0.9411554944408358,0.9155144194228,0.8294930875576036,13
2023-12-10,1,1,0.8389522108078011,0.9530891486924942,0.6774193548387096,13
2023-12-11,1,1,0.8071649857265369,0.9773811457063034,0.5990783410138248,13
2023-12-12,1,1,0.7572970023336949,0.9589890357189964,0.6728110599078341,13
2023-12-13,1,1,0.6208795880453283,0.9740738205155065,0.6082949308755761,13
2023-12-14,1,1,0.7592057772002324,1.0399584676276563,0.3087557603686636,13
2023-12-15,1,1,0.8328269225748938,1.0102891832850902,0.423963133640553,13
2023-12-16,0,1,0.8590655807455964,0.9872889573221115,0.5622119815668203,13
2023-12-17,0,1,0.9377129218982944,1.064021386883881,0.24423963133640553,13
2023-12-18,0,1,0.9642064200950122,1.0587084426641808,0.2626728110599078,13
2023-12-19,0,1,0.8985380992120569,1.0476929344853072,0.2903225806451613,13
2023-12-20,0,1,1.174221538340847,1.075865705629738,0.2119815668202765,13
2023-12-21,0,1,1.219687141657661,1.0437124394281185,0.29493087557603687,13
2023-12-22,0,1,1.109109822460017,1.0255661271389724,0.35023041474654376,13
2023-12-23,0,1,1.1355025094767273,1.053297973811722,0.271889400921659,13
2023-12-24,0,1,1.067923542918951,1.123568651630285,0.07834101382488479,13
2023-12-25,0,1,1.0641320258226272,1.1538401448949311,0.04608294930875576,13
2023-12-26,0,1,1.1724151428996483,1.176575825342357,0.03686635944700461,13
2023-12-27,0,1,1.10656776396788,1.1140656922006917,0.08755760368663594,13
2023-12-28,0,1,1.0122393038967503,1.1160927974282038,0.08755760368663594,13
2023-12-29,0,1,1.1349625439131328,1.1475718453704573,0.055299539170506916,13
2023-12-30,0,1,1.107041700896765,1.0872997906308646,0.17050691244239632,13
2023-12-31,0,1,1.0540714431461404,0.9974211682054025,0.5161290322580645,13
2024-01-08,0,2,0.9380252547156612,0.9291975118480638,0.7572815533980582,13
2024-01-09,0,2,0.8604976941696318,0.9136678763402205,0.8090614886731392,13
2024-01-10,0,2,0.8967950138147822,0.9450937731303617,0.6990291262135923,13
2024-01-11,1,2,0.81515703606474,0.8948783446502458,0.8802588996763754,13
2024-01-12,1,2,0.7697963725749237,0.9219782894585239,0.7766990291262136,13
2024-01-13,1,2,0.841357639507363,0.9553836310314793,0.6440129449838188,13
2024-01-14,1,2,0.8237505800283649,0.9654630576548978,0.6116504854368932,13
2024-01-15,1,2,0.8143008517556474,0.9400132162956418,0.7184466019417476,13
2024-01-16,0,2,0.8574681818882544,0.958250276115486,0.6407766990291263,13
2024-01-17,1,2,0.7587486496508539,0.9304735656591335,0.7475728155339806,13
2024-01-18,1,2,0.6693137152967722,0.9343451975040095,0.7346278317152104,13
2024-01-19,1,2,0.6699104276785826,1.0041539035816003,0.44983818770226536,13
2024-01-20,0,2,0.8772632858888515,1.0056466751003794,0.44983818770226536,13
2024-01-21,0,2,0.9892903383152972,1.1023054753993624,0.1488673139158576,13
2024-01-22,0,2,1.117405717166005,1.0537344630029193,0.2750809061488673,13
2024-01-23,0,2,1.1151266074232986,1.022055770763854,0.3786407766990291,13
2024-01-24,0,2,1.075838623368072,1.119050109032586,0.11650485436893204,13
2024-01-25,0,2,1.2754491983991014,1.1623424652187657,0.06472491909385113,13
2024-01-26,0,2,1.423986158079574,1.1737784117080388,0.061488673139158574,13
2024-01-27,0,2,1.2093563799502314,1.1235459719780494,0.11003236245954692,13
2024-01-28,0,2,1.0654453237147563,1.0989374294777743,0.15857605177993528,13
2024-01-29,0,2,0.947841005507312,1.0746756464398415,0.22330097087378642,13
2024-01-30,1,2,0.8351685356731198,1.1033095357894944,0.1488673139158576,13
2024-01-31,0,2,0.9497929613869894,1.1848623891215548,0.05501618122977346,13
2024-02-01,0,2,0.917248696829258,1.0732176966463525,0.2297734627831715,13
2024-02-02,0,2,0.8851405980336539,1.0347059007760337,0.3300970873786408,13
2024-02-03,0,2,0.982826709401738,1.053704131589213,0.2750809061488673,13
2024-02-04,0,2,1.0025264392902944,0.8995631796645785,0.86084142394822,13
2024-02-05,0,2,0.9483480269362228,0.9107604700824261,0.8187702265372169,13
2024-02-06,0,2,1.0972617113073977,0.9401434178404217,0.7184466019417476,13
2024-02-07,0,2,1.0891759604105706,0.9498406641680814,0.6601941747572816,13
2024-02-08,0,2,1.096557459323093,0.8927543096301761,0.889967637540453,13
2024-02-09,0,2,1.1167044003098343,0.8933958875224401,0.8802588996763754,13
2024-02-10,0,2,1.0002853718765394,0.8479474225150513,0.9611650485436893,13
2024-02-11,0,2,1.0068662107279371,0.9213152537601745,0.7766990291262136,13
2024-02-12,0,2,1.068197683139049,0.965417559634547,0.6116504854368932,13
2024-02-13,0,2,0.9193871015786248,0.923316396031013,0.7734627831715211,13
2024-02-14,0,2,0.9666893508669268,0.9578891347962294,0.6407766990291263,13
2024-02-15,0,2,0.9701647067175788,0.9516278535758096,0.6504854368932039,13
2024-02-16,0,2,0.951505866659967,0.9036939511920067,0.8478964401294499,13
2024-02-17,0,2,0.9867051638475192,0.8987854161278501,0.86084142394822,13
2024-02-18,0,2,0.9427333113260588,0.9718994453659219,0.5922330097087378,13
2024-02-19,0,2,0.978784236975376,0.9877254816850509,0.5275080906148867,13
2024-02-20,0,2,1.2204788803729685,0.9921675559420892,0.5048543689320388,13
2024-02-21,0,2,1.2578634247818792,0.9871098549587114,0.5275080906148867,13
2024-02-22,0,2,1.4160461739581691,0.9657723361603248,0.6116504854368932,13
2024-02-23,0,2,1.4083895326125038,0.9550561828032497,0.6472491909385113,13
2024-02-24,0,2,1.2889078774480094,1.0417870963332034,0.2815533980582524,13
2024-02-25,0,2,1.408628586196815,1.125001588536683,0.10679611650485436,13
2024-02-26,0,2,1.5357853726649573,1.1013378706020456,0.15857605177993528,13
2024-02-27,0,2,1.4255036298830266,1.079144892536515,0.20388349514563106,13
2024-02-28,0,2,1.3472740673438566,1.0220828454068824,0.3786407766990291,13
2024-02-29,0,2,1.0804552257818711,1.0720556396017182,0.23624595469255663,13
2024-03-01,0,2,1.0254354181414247,1.0043932007663459,0.44983818770226536,13
2024-03-02,0,2,1.1320172826735235,1.0319697905565748,0.33980582524271846,13
2024-03-03,0,2,1.128319747911003,0.9240115698731038,0.7734627831715211,13
2024-03-04,0,2,0.9822802609177096,0.9056895033562993,0.8414239482200647,13
2024-03-05,0,2,0.9670810502033153,0.8630676806491486,0.9514563106796117,13
2024-03-06,0,2,0.946135861635669,0.9306602183772104,0.7475728155339806,13
2024-03-07,0,2,0.8708436819149774,0.9127940190458061,0.8187702265372169,13
2024-03-08,0,2,0.8762602644369504,0.9248600364565301,0.7669902912621359,13
2024-03-09,1,2,0.8487925178810976,0.9671814833566947,0.6019417475728155,13
2024-03-10,1,2,0.7728795364314732,0.8536186021365125,0.9579288025889967,13
2024-03-11,1,2,0.708461282966484,0.824373097034262,0.9805825242718447,13
2024-03-12,1,2,0.6426398373180695,0.8913781842682057,0.8932038834951457,13
2024-03-13,1,2,0.571377925482258,0.8588378790447304,0.9514563106796117,13
2024-03-14,1,2,0.6901720416567598,0.9046862593674887,0.8446601941747572,13
2024-03-15,1,2,0.7549641664287521,0.966201518245753,0.6051779935275081,13
2024-03-16,1,2,0.836506042031234,0.8948386728022845,0.8802588996763754,13
2024-03-17,0,2,0.9709646135075468,1.0007448980459874,0.46601941747572817,13
2024-03-18,0,2,0.9688339478220468,1.0398644275872442,0.2912621359223301,13
2024-03-19,0,2,0.9413149393033896,1.0043787750555468,0.44983818770226536,13
2024-03-20,0,2,1.0655612632569766,1.0260734707005816,0.36893203883495146,13
2024-03-21,0,2,1.133253625646406,1.0286452732383657,0.34627831715210355,13
2024-03-22,0,2,1.113040266895566,0.9950722203715069,0.4919093851132686,13
2024-03-23,0,2,1.036710651553232,1.0093938613359592,0.42718446601941745,13
2024-03-24,0,2,0.9228864380293004,1.1273137608053871,0.10355987055016182,13
2024-03-25,0,2,1.1500417141558186,1.2174485418226773,0.02912621359223301,13
2024-03-26,0,2,1.298740837351826,1.1721488188145333,0.061488673139158574,13
2024-03-27,0,2,1.2996211124527302,1.1939557496615416,0.05177993527508091,13
2024-03-28,0,2,1.323402650373225,1.1964272690723865,0.045307443365695796,13
2024-03-29,0,2,1.3339767416071382,1.1115176102807978,0.12297734627831715,13
2024-03-30,0,2,1.273455247833983,1.101921118838041,0.15210355987055016,13
2024-03-31,0,2,1.1543087116353845,1.0943436898539307,0.16181229773462782,13
2024-04-08,0,3,0.9013501692371486,0.8346713503612508,0.94,13
2024-04-09,0,3,0.9504673829573714,0.8414039878726348,0.9375,13
2024-04-10,1,3,0.8243382492106264,0.8176512276351747,0.955,13
2024-04-11,1,3,0.7834501466330951,0.7997643241699596,0.9725,13
2024-04-12,0,3,0.8698604395795992,0.8351560278662236,0.9375,13
2024-04-13,1,3,0.7597608507551356,0.8651775605226629,0.905,13
2024-04-14,1,3,0.677212775397524,0.895440699495117,0.8525,13
2024-04-15,1,3,0.6920359386686836,0.9155210215419995,0.7925,13
2024-04-16,1,3,0.6104944247335421,0.9463350228378897,0.7025,13
2024-04-17,1,3,0.5682484576390117,0.9289226603193975,0.745,13
2024-04-18,1,3,0.6743462566199577,0.9567550768906732,0.6775,13
2024-04-19,1,3,0.8021678182057587,1.0169241289675819,0.415,13
2024-04-20,1,3,0.8338345092652095,0.9951961300112989,0.515,13
2024-04-21,0,3,0.9500977307262902,1.1136326342970624,0.17,13
2024-04-22,0,3,0.894020763122248,1.0981959935461663,0.1925,13
2024-04-23,0,3,0.991399742819852,1.1279588180611264,0.1425,13
2024-04-24,0,3,1.0878447526166517,1.1961503926391812,0.0525,13
2024-04-25,0,3,1.1142222845209917,1.2122955611019228,0.05,13
2024-04-26,0,3,1.007146643273655,1.1690491115190729,0.0925,13
2024-04-27,0,3,1.1844212349409298,1.1620431180600275,0.1,13
2024-04-28,0,3,1.1006217153126756,1.1822762711504313,0.065,13
2024-04-29,0,3,1.2106187582063732,1.2183369116906215,0.0475,13
2024-04-30,0,3,1.176679988504357,1.1866239118939783,0.06,13
2024-05-01,0,3,1.169712985396964,1.173137537346819,0.09,13
2024-05-02,0,3,1.216461054387081,1.1304297873269098,0.14,13
2024-05-03,0,3,1.397113446052744,1.1323468423874685,0.13,13
2024-05-04,0,3,1.0699333394458723,1.077760279814477,0.2425,13
2024-05-05,0,3,1.0152024835913225,1.0163371075797356,0.4175,13
2024-05-06,0,3,0.9666563960052584,1.0195628955430616,0.3925,13
2024-05-07,0,3,1.0010999776265437,1.0229373091961658,0.3825,13
2024-05-08,0,3,1.045751819874061,1.0541501155007091,0.2925,13
2024-05-09,0,3,1.2333799656918272,0.9847752585925574,0.56,13
2024-05-10,0,3,1.0191571683896132,0.9967845692914706,0.5125,13
2024-05-11,0,3,0.9714474788616788,1.0356569657047525,0.345,13
2024-05-12,0,3,1.0535541973093132,0.9465843024799214,0.7025,13
2024-05-13,0,3,1.0240117177175188,0.9778253881184835,0.5825,13
2024-05-14,0,3,1.125954466739724,0.9673581719320553,0.6325,13
2024-05-15,0,3,1.2327625220716356,0.9558148657927985,0.6775,13
2024-05-16,0,3,0.8955376067268118,0.9282465363478928,0.7475,13
2024-05-17,1,3,0.7913953040488042,0.9200695008927221,0.7775,13
2024-05-18,0,3,0.9055523499200772,0.9468245948599868,0.7025,13
2024-05-19,0,3,1.0128479078315926,1.0534604362823377,0.3,13
2024-05-20,0,3,1.2727679133110166,1.0356865973100178,0.345,13
2024-05-21,0,3,1.1537031263145334,0.9810364050203568,0.5725,13
2024-05-22,0,3,1.046269531398886,0.9222501068192466,0.765,13
2024-05-23,0,3,1.0562146124420275,0.9596422103335052,0.6675,13
2024-05-24,0,3,1.2380722690129595,1.1026837897442274,0.19,13
2024-05-25,0,3,1.2213285629567612,1.09849258539991,0.1925,13
2024-05-26,0,3,1.228174786340416,1.2176317755117338,0.0475,13
2024-05-27,0,3,1.0487811469475452,1.145489117931837,0.115,13
2024-05-28,0,3,0.9800365302910446,1.1515879563552878,0.115,13
2024-05-29,0,3,0.9766676001211076,1.1010253717093552,0.19,13
2024-05-30,0,3,1.0512578208843095,1.1725721381082377,0.09,13
2024-05-31,0,3,0.9961927431314136,1.1831005779243733,0.065,13
2024-06-01,0,3,1.0782850177636043,1.1024248827295888,0.19,13
2024-06-02,0,3,0.9920610924462848,0.9838687330968868,0.565,13
2024-06-03,0,3,0.9346561396567484,0.9728865102578995,0.61,13
2024-06-04,0,3,0.9732410768918764,0.989105162364276,0.5325,13
2024-06-05,0,3,1.0072004413080666,0.9987687591278915,0.5,13
2024-06-06,0,3,0.9640593675152046,0.9756062751644323,0.5925,13
2024-06-07,0,3,1.1256372778569268,0.9661839644352492,0.6375,13
2024-06-08,0,3,1.1008109168047002,0.9470638162263288,0.7025,13
2024-06-09,0,3,0.989007483306001,1.0159773477677563,0.4175,13
2024-06-10,0,3,0.9274834755604218,1.0697483672757246,0.26,13
2024-06-11,0,3,1.0227093286635367,1.0564164422878384,0.2875,13
2024-06-12,0,3,0.8594831565656494,1.070197823303085,0.26,13
2024-06-13,0,3,0.917704853697102,1.0790639014496306,0.2425,13
2024-06-14,1,3,0.6795921971656652,1.0188477847821988,0.4025,13
2024-06-15,1,3,0.6145184425791482,1.02110248745446,0.385,13
2024-06-16,1,3,0.6919752734828566,0.8176945026866556,0.955,13
2024-06-17,1,3,0.7297780106527604,0.8324291071279056,0.9425,13
2024-06-18,1,3,0.6735497277838808,0.845981653274678,0.9325,13
2024-06-19,1,3,0.7804324729432032,0.8540353510522208,0.925,13
2024-06-20,1,3,0.8217039182820827,0.8626908060037742,0.915,13
2024-06-21,1,3,0.7884223086555656,0.822528125394875,0.9525,13
2024-06-22,0,3,0.9602602959616506,0.8326380036106121,0.9425,13
2024-06-23,0,3,1.024427310962878,1.1622673847593297,0.1,13
2024-06-24,0,3,1.195491628687297,1.175793895655676,0.08,13
2024-06-25,0,3,1.215906713930801,1.2105062209412891,0.05,13
2024-06-26,0,3,1.2258309674396182,1.1737537096714399,0.085,13
2024-06-27,0,3,1.073965935073988,1.1426430983521487,0.1175,13
2024-06-28,0,3,1.2305126825999335,1.2214325674809339,0.045,13
2024-06-29,0,3,1.097148681317217,1.2135012119812167,0.0475,13
2024-06-30,0,3,1.0619410379298095,1.1173605017411112,0.1625,13
2024-07-08,0,4,1.116457631384267,0.9685926437965848,0.5926680244399185,13
2024-07-09,0,4,1.0101891778297445,0.9036662954335126,0.8105906313645621,13
2024-07-10,0,4,1.0863941086454256,0.958219287828578,0.6374745417515275,13
2024-07-11,0,4,0.9965360490189162,0.9339836495225224,0.7006109979633401,13
2024-07-12,0,4,0.9539304823475042,0.9178691099998447,0.7617107942973523,13
2024-07-13,0,4,0.950638118953398,0.9312966312227096,0.7107942973523421,13
2024-07-14,1,4,0.8397214790590249,0.853662341939198,0.8940936863543788,13
2024-07-15,1,4,0.7334528107337351,0.8663553755243194,0.8757637474541752,13
2024-07-16,0,4,0.8883891721870719,0.9068246217534992,0.8024439918533605,13
2024-07-17,1,4,0.8437789187234767,0.9314108086044139,0.7107942973523421,13
2024-07-18,1,4,0.8472455707817422,0.9568356757004501,0.639511201629328,13
2024-07-19,0,4,0.910717151006186,0.9039834823841425,0.8085539714867617,13
2024-07-20,0,4,0.925370339191337,0.9017797042105158,0.8187372708757638,13
2024-07-21,0,4,0.9397654980095967,1.0691497459441264,0.26476578411405294,13
2024-07-22,0,4,1.104105804698513,1.0714366811042217,0.25865580448065173,13
2024-07-23,0,4,1.121178664383199,1.0743910644223942,0.2505091649694501,13
2024-07-24,0,4,1.2550419907953434,1.1585570471396487,0.09368635437881874,13
2024-07-25,0,4,1.3558074600098629,1.1748543782640717,0.06720977596741344,13
2024-07-26,0,4,1.2959917929379574,1.091035785580401,0.2219959266802444,13
2024-07-27,0,4,1.2389659237927133,1.1555410207258745,0.09775967413441955,13
2024-07-28,0,4,1.4091135047749308,1.176793406811875,0.06517311608961303,13
2024-07-29,0,4,1.3050678458824962,1.14646496755618,0.109979633401222,13
2024-07-30,0,4,1.3048241644198404,1.1644709231177144,0.0855397148676171,13
2024-07-31,0,4,1.2597264680283011,1.097102563556079,0.219959266802444,13
2024-08-01,0,4,1.121700455984094,1.0278774157017159,0.36863543788187375,13
2024-08-02,0,4,1.0415576174661785,1.0359518151247056,0.3360488798370672,13
2024-08-03,0,4,1.0714138034837262,1.0512933587980984,0.3014256619144603,13
2024-08-04,0,4,0.9254800342702844,0.9033785853715577,0.8126272912423625,13
2024-08-05,0,4,0.9988541841260816,0.9134551453030232,0.7820773930753564,13
2024-08-06,0,4,0.9756751014725488,0.9150293048721221,0.7780040733197556,13
2024-08-07,0,4,0.950823057621353,0.901453479689527,0.8228105906313645,13
2024-08-08,0,4,0.903694941501862,0.913236126941059,0.7820773930753564,13
2024-08-09,0,4,0.9996673408605188,0.9350072115879948,0.6945010183299389,13
2024-08-10,0,4,1.0858174208180866,0.9206867952336969,0.7576374745417516,13
2024-08-11,0,4,1.044348391022553,0.9835660881633693,0.5315682281059063,13
2024-08-12,0,4,0.932182289361824,0.9413207786525387,0.6822810590631364,13
2024-08-13,0,4,0.9069610610786007,0.918084020896462,0.7617107942973523,13
2024-08-14,1,4,0.8265701897589802,0.9342627760132716,0.6985743380855397,13
2024-08-15,0,4,0.9676451248182724,0.9739180066688209,0.5743380855397149,13
2024-08-16,0,4,0.9250031917066456,0.959734961820951,0.6313645621181263,13
2024-08-17,0,4,0.8864973567568095,0.9386797368392972,0.6904276985743381,13
2024-08-18,0,4,0.9752006344141928,0.843384089362716,0.9103869653767821,13
2024-08-19,0,4,0.9430349725449813,0.868380444268568,0.8757637474541752,13
2023-07-08,0,0,0.9241726794350844,0.89199367705344,0.888,14
2023-07-09,0,0,0.9743232874576132,1.0865553909974333,0.192,14
2023-07-10,0,0,0.9966145169869692,1.06920062732221,0.248,14
2023-07-11,0,0,0.9517191542034068,1.0122602560223573,0.4,14
2023-07-12,0,0,0.948542157152549,1.0015687468158134,0.448,14
2023-07-13,1,0,0.8136032158541315,1.0015547190656713,0.448,14
2023-07-14,1,0,0.8379735483359313,1.0357885076017095,0.336,14
2023-07-15,0,0,0.8701002940440485,1.0383656859529777,0.336,14
2023-07-16,0,0,0.9114132510669704,1.0791259244744718,0.224,14
2023-07-17,0,0,0.8908737944136609,1.0663015675614689,0.272,14
2023-07-18,0,0,0.9255322693960212,1.0444893696373223,0.336,14
2023-07-19,0,0,0.967263115722151,1.028113168628056,0.368,14
2023-07-20,0,0,1.0407271001586968,1.0555971152297574,0.28,14
2023-07-21,0,0,1.0879196255666288,1.047360228499829,0.304,14
2023-07-22,0,0,1.0747706880007073,1.0735495116490694,0.24,14
2023-07-23,0,0,1.082245562916266,1.10238853999451,0.176,14
2023-07-24,0,0,1.1801619598634046,1.1982864049200896,0.064,14
2023-07-25,0,0,1.1393366031481695,1.0798013835363451,0.224,14
2023-07-26,0,0,1.0470649557621556,1.0862423832756547,0.192,14
2023-07-27,0,0,1.0524089049987362,1.1051889538358832,0.176,14
2023-07-28,0,0,1.0961332324625743,1.1710943922505441,0.072,14
2023-07-29,0,0,1.1475046354373504,1.172317909454821,0.072,14
2023-07-30,0,0,1.1030104289707232,1.0635924306034246,0.272,14
2023-07-31,0,0,0.9802661574733532,1.0215833333729032,0.376,14
2023-08-01,0,0,0.9276591914865956,1.0606752756926003,0.28,14
2023-08-02,0,0,0.9856192869568604,1.0908175907476871,0.192,14
2023-08-03,0,0,0.9849464199753928,1.064484211936986,0.272,14
2023-08-04,0,0,1.0288017106784253,1.0863540401262977,0.192,14
2023-08-05,0,0,1.0494101563413691,1.021167461780154,0.376,14
2023-08-06,0,0,0.925332606177236,0.9656540778316572,0.616,14
2023-08-07,0,0,1.0600347894644628,1.0272936849756642,0.368,14
2023-08-08,0,0,1.2032070808322328,1.0817153700550255,0.216,14
2023-08-09,0,0,1.1361856872066751,1.0562017932750134,0.28,14
2023-08-10,0,0,1.2169384711338458,1.0350981889380848,0.336,14
2023-08-11,0,0,1.124374488467241,0.983203033176908,0.536,14
2023-08-12,0,0,1.0302234899243532,0.9917190325022025,0.504,14
2023-08-13,0,0,1.1364735275600777,1.0698931769116298,0.248,14
2023-08-14,0,0,1.0140690876726717,1.0900874067240265,0.192,14
2023-08-15,0,0,0.9598834391613684,0.9969514675322352,0.464,14
2023-08-16,0,0,0.96344523411635,1.0739098543977443,0.232,14
2023-08-17,0,0,0.8619772162480696,1.0289129551003522,0.352,14
2023-08-18,1,0,0.84340585697894,1.039419185953496,0.336,14
2023-08-19,0,0,0.9361598228925094,1.108659071425,0.176,14
2023-08-20,0,0,0.9812706645380184,1.003002299565194,0.448,14
2023-08-21,0,0,0.9880650175388538,0.9898968768414852,0.52,14
2023-08-22,0,0,0.9501391402718308,1.0257484003952118,0.368,14
2023-08-23,0,0,1.0115737235821658,1.0015713837716613,0.448,14
2023-08-24,0,0,0.9999262702998436,1.0153964438641654,0.392,14
2023-08-25,0,0,1.24194058981351,1.0353873930183064,0.336,14
2023-08-26,0,0,1.1524945548408054,1.0249353369438943,0.376,14
2023-08-27,0,0,1.0562711289247646,0.9574870756434243,0.624,14
2023-08-28,0,0,1.1258216617159271,0.9543751240108935,0.64,14
2023-08-29,0,0,1.127791985065815,0.9977960144284059,0.464,14
2023-08-30,0,0,1.0730811539867262,0.9581235480779655,0.624,14
2023-08-31,0,0,1.1374657637612942,0.9832426536435912,0.536,14
2023-09-01,0,0,0.9176351523297184,0.9517579070308728,0.648,14
2023-09-02,0,0,0.9210003824336146,0.9778242975525813,0.568,14
2023-09-03,0,0,0.9421400380007852,0.9083347637417704,0.848,14
2023-09-04,0,0,0.9211686908188832,0.8626759109194744,0.92,14
2023-09-05,1,0,0.8469144869908538,0.8894605982880516,0.888,14
2023-09-06,1,0,0.8378144001188419,0.9346880622001306,0.736,14
2023-09-07,1,0,0.8332308808794763,0.8967586067353652,0.872,14
2023-09-08,1,0,0.7903801903571291,0.9349868780600885,0.736,14
2023-09-09,0,0,0.9215862638123296,0.892959643924625,0.88,14
2023-09-10,0,0,0.9192039742345504,1.014732363304699,0.392,14
2023-09-11,0,0,0.8882584499143324,1.0049607466863943,0.44,14
2023-09-12,0,0,0.9893752333510308,1.055012709169275,0.28,14
2023-09-13,0,0,1.0276905021746976,1.0614957741897955,0.272,14
2023-09-14,0,0,1.05764422804859,1.0168136759972022,0.392,14
2023-09-15,0,0,1.037244258278199,1.028910131814099,0.352,14
2023-09-16,0,0,0.9111351623678404,0.9835484357116916,0.536,14
2023-09-17,0,0,0.9168705447222036,1.0543951723188516,0.28,14
2023-09-18,0,0,0.9480631642651184,1.0632427692336055,0.272,14
2023-09-19,0,0,1.049584705904487,1.0493036987612279,0.304,14
2023-09-20,0,0,1.0582598221905524,1.0402439432088704,0.336,14
2023-09-21,0,0,1.0114472018825855,1.0064691681988684,0.416,14
2023-09-22,0,0,1.110871812182302,1.039881667921744,0.336,14
2023-09-23,0,0,1.1541736168324266,1.1067492226379794,0.176,14
2023-09-24,0,0,1.1078020011333731,1.081557790080928,0.216,14
2023-09-25,0,0,1.074645609849099,1.0689058780770713,0.248,14
2023-09-26,0,0,0.9539644229731924,1.0619751838096667,0.272,14
2023-09-27,0,0,1.045324049908362,1.0339899238422723,0.344,14
2023-09-28,0,0,1.058283583828204,1.0886032795840448,0.192,14
2023-09-29,0,0,0.9529449023805296,1.0936053610406757,0.192,14
2023-09-30,0,0,1.0335157970037918,1.0516408580054966,0.296,14
2023-10-08,0,1,0.943214957935384,1.0289561999693875,0.3317972350230415,14
2023-10-09,0,1,0.8954605455623991,0.9670421833591125,0.6589861751152074,14
2023-10-10,0,1,0.8714609046846392,0.9900882812788161,0.5483870967741935,14
2023-10-11,0,1,0.8537394125385595,1.0023096073270759,0.47465437788018433,14
2023-10-12,0,1,0.9158302055623126,1.0516289291576295,0.2764976958525346,14
2023-10-13,1,1,0.8235183048240129,0.9688506797098131,0.6451612903225806,14
2023-10-14,1,1,0.8417997244121631,1.0307262218912325,0.3271889400921659,14
2023-10-15,0,1,0.8686185654387014,1.0313307094598692,0.3225806451612903,14
2023-10-16,1,1,0.837630457855076,1.079497685398952,0.1935483870967742,14
2023-10-17,1,1,0.7765728111191363,1.067703103416066,0.2119815668202765,14
2023-10-18,0,1,0.876315761424511,1.0543046061753614,0.2672811059907834,14
2023-10-19,0,1,0.8981339369635442,1.031660250661919,0.3225806451612903,14
2023-10-20,0,1,1.0052067391820876,1.0616711936818168,0.23963133640552994,14
2023-10-21,0,1,1.0475645261799866,1.0688458564187477,0.2073732718894009,14
2023-10-22,0,1,1.0349876751325695,1.0915922068469546,0.15668202764976957,14
2023-10-23,0,1,1.0648188658578015,1.117549092251259,0.09216589861751152,14
2023-10-24,0,1,1.2288539084267107,1.199708036293578,0.027649769585253458,14
2023-10-25,0,1,1.325022505621457,1.0879095915225785,0.17050691244239632,14
2023-10-26,0,1,1.3444469765965152,1.1325510904985747,0.07834101382488479,14
2023-10-27,0,1,1.24809949228092,1.0746678835151025,0.19815668202764977,14
2023-10-28,0,1,1.1197888843427084,1.0848359982294202,0.17050691244239632,14
2023-10-29,0,1,1.0278744636215793,1.0254543813920114,0.35023041474654376,14
2023-10-30,0,1,1.092155254370859,1.0774287513270995,0.1935483870967742,14
2023-10-31,0,1,1.1015162289550902,1.0423529577462654,0.3087557603686636,14
2023-11-01,0,1,0.9616024375172428,0.9810107714699766,0.6036866359447005,14
2023-11-02,0,1,1.0211534524417607,0.9912916859695886,0.5391705069124424,14
2023-11-03,0,1,1.0185200315853409,1.0153743727371485,0.41013824884792627,14
2023-11-04,0,1,0.9938521706160228,1.0180546352481052,0.39631336405529954,14
2023-11-05,0,1,1.0661778939631648,1.0008309253280672,0.48847926267281105,14
2023-11-06,0,1,1.1620310134405805,0.9680698545356147,0.6543778801843319,14
2023-11-07,0,1,0.980518173100777,0.9780091411947562,0.6036866359447005,14
2023-11-08,0,1,0.9051698390223948,0.9756030972979185,0.6129032258064516,14
2023-11-09,1,1,0.7489778501170876,0.9373210163364553,0.7557603686635944,14
2023-11-10,1,1,0.7527771910343829,0.9511060169491865,0.7188940092165899,14
2023-11-11,0,1,0.9667089341078078,1.0190986060838816,0.39631336405529954,14
2023-11-12,0,1,0.9442364852029852,1.0550505799921348,0.2626728110599078,14
2023-11-13,1,1,0.7318274766100183,1.001556786879164,0.4838709677419355,14
2023-11-14,1,1,0.8206581432559168,1.0775693194468055,0.1935483870967742,14
2023-11-15,0,1,1.051314083184571,1.1364383394548356,0.07373271889400922,14
2023-11-16,0,1,1.0761913404529675,1.110906143759517,0.11059907834101383,14
2023-11-17,0,1,0.9757244500222187,1.0852257805289969,0.17050691244239632,14
2023-11-18,0,1,0.940194569771074,1.0213575121230145,0.37327188940092165,14
2023-11-19,0,1,0.8987004950888953,1.0742183987839344,0.19815668202764977,14
2023-11-20,0,1,1.089296800690815,1.136278142359123,0.07373271889400922,14
2023-11-21,0,1,1.1345993778130965,1.0882748291681845,0.16589861751152074,14
2023-11-22,0,1,1.0464304602981034,1.0406807086669472,0.3087557603686636,14
2023-11-23,0,1,1.1378360455267436,1.1074512218366244,0.1152073732718894,14
2023-11-24,0,1,1.3841279965162,1.1815399230950998,0.04608294930875576,14
2023-11-25,0,1,1.2713157281439782,1.1002890562149898,0.1382488479262673,14
2023-11-26,0,1,1.4205242426211462,1.0838034656176936,0.17972350230414746,14
2023-11-27,0,1,1.3156964922071708,1.0512258274558088,0.2764976958525346,14
2023-11-28,0,1,1.3008009098853073,1.0351683515464238,0.31336405529953915,14
2023-11-29,0,1,1.2479916720289856,1.08815407663825,0.16589861751152074,14
2023-11-30,0,1,1.184579900085264,1.0529611759648312,0.2672811059907834,14
2023-12-01,0,1,0.9217983024910515,1.0059156335197381,0.45622119815668205,14
2023-12-02,0,1,0.9872117622337688,1.0235611364858805,0.3548387096774194,14
2023-12-03,0,1,0.9761410830534396,0.9333015781695788,0.7695852534562212,14
2023-12-04,0,1,0.9081520857619844,0.9312414769880508,0.783410138248848,14
2023-12-05,0,1,0.9381732402892374,0.9169415309471362,0.8341013824884793,14
2023-12-06,0,1,0.9296518465586814,0.9379732417373168,0.7511520737327189,14
2023-12-07,1,1,0.8413685597788102,0.9173996426117974,0.8341013824884793,14
2023-12-08,0,1,0.991352633325197,0.9507315251142164,0.7188940092165899,14
2023-12-09,0,1,0.9411554944408358,0.9158517412347261,0.8341013824884793,14
2023-12-10,1,1,0.8389522108078011,0.9779722364420753,0.6036866359447005,14
2023-12-11,1,1,0.8071649857265369,0.9729979874885054,0.6359447004608295,14
2023-12-12,1,1,0.7572970023336949,0.9481818305235545,0.7235023041474654,14
2023-12-13,1,1,0.6208795880453283,0.9624117684353233,0.663594470046083,14
2023-12-14,1,1,0.7592057772002324,1.031619266114856,0.3225806451612903,14
2023-12-15,1,1,0.8328269225748938,1.0367627841817442,0.3087557603686636,14
2023-12-16,0,1,0.8590655807455964,0.9929645397582234,0.5299539170506913,14
2023-12-17,0,1,0.9377129218982944,1.0524945234120948,0.271889400921659,14
2023-12-18,0,1,0.9642064200950122,1.0748974900447987,0.19815668202764977,14
2023-12-19,0,1,0.8985380992120569,1.0502584902709802,0.2764976958525346,14
2023-12-20,0,1,1.174221538340847,1.0686012498321824,0.2119815668202765,14
2023-12-21,0,1,1.219687141657661,1.032944356516031,0.3225806451612903,14
2023-12-22,0,1,1.109109822460017,1.016596594500724,0.41013824884792627,14
2023-12-23,0,1,1.1355025094767273,1.0552943057565787,0.2626728110599078,14
2023-12-24,0,1,1.067923542918951,1.1228318500508618,0.08755760368663594,14
2023-12-25,0,1,1.0641320258226272,1.161397835813044,0.05069124423963134,14
2023-12-26,0,1,1.1724151428996483,1.1722872654757255,0.04608294930875576,14
2023-12-27,0,1,1.10656776396788,1.1316587016455442,0.07834101382488479,14
2023-12-28,0,1,1.0122393038967503,1.121238867943655,0.09216589861751152,14
2023-12-29,0,1,1.1349625439131328,1.1540012935016981,0.055299539170506916,14
2023-12-30,0,1,1.107041700896765,1.0915371453909497,0.15668202764976957,14
2023-12-31,0,1,1.0540714431461404,1.0185477916568157,0.39631336405529954,14
2024-01-08,0,2,0.9380252547156612,0.9411696723338289,0.7216828478964401,14
2024-01-09,0,2,0.8604976941696318,0.9153692750772361,0.7993527508090615,14
2024-01-10,0,2,0.8967950138147822,0.9213880676292807,0.7896440129449838,14
2024-01-11,1,2,0.81515703606474,0.9080148439054478,0.8317152103559871,14
2024-01-12,1,2,0.7697963725749237,0.8893067230832181,0.8964401294498382,14
2024-01-13,1,2,0.841357639507363,0.9804897780638977,0.5728155339805825,14
2024-01-14,1,2,0.8237505800283649,0.9719990029050652,0.6051779935275081,14
2024-01-15,1,2,0.8143008517556474,0.9415818627146968,0.7216828478964401,14
2024-01-16,0,2,0.8574681818882544,0.9741465869766254,0.5954692556634305,14
2024-01-17,1,2,0.7587486496508539,0.9400133631223531,0.7216828478964401,14
2024-01-18,1,2,0.6693137152967722,0.9315628223594394,0.7540453074433657,14
2024-01-19,1,2,0.6699104276785826,0.9899192786998715,0.5275080906148867,14
2024-01-20,0,2,0.8772632858888515,1.0034613615062926,0.4627831715210356,14
2024-01-21,0,2,0.9892903383152972,1.1150286475389963,0.11974110032362459,14
2024-01-22,0,2,1.117405717166005,1.0587081190363772,0.2621359223300971,14
2024-01-23,0,2,1.1151266074232986,1.0279715456510101,0.34951456310679613,14
2024-01-24,0,2,1.075838623368072,1.1360294094362986,0.10355987055016182,14
2024-01-25,0,2,1.2754491983991014,1.1677869231425557,0.06472491909385113,14
2024-01-26,0,2,1.423986158079574,1.181292319280718,0.05501618122977346,14
2024-01-27,0,2,1.2093563799502314,1.1374396784051215,0.0970873786407767,14
2024-01-28,0,2,1.0654453237147563,1.099916522692981,0.16828478964401294,14
2024-01-29,0,2,0.947841005507312,1.0863863685264574,0.18770226537216828,14
2024-01-30,1,2,0.8351685356731198,1.102286232794494,0.1650485436893204,14
2024-01-31,0,2,0.9497929613869894,1.2062727829544255,0.045307443365695796,14
2024-02-01,0,2,0.917248696829258,1.0866972171516598,0.18770226537216828,14
2024-02-02,0,2,0.8851405980336539,1.0379797500370356,0.3300970873786408,14
2024-02-03,0,2,0.982826709401738,1.0632880868613552,0.24919093851132687,14
2024-02-04,0,2,1.0025264392902944,0.9039989040675773,0.8511326860841424,14
2024-02-05,0,2,0.9483480269362228,0.9188297055371685,0.7928802588996764,14
2024-02-06,0,2,1.0972617113073977,0.9265195898332482,0.7734627831715211,14
2024-02-07,0,2,1.0891759604105706,0.9463858492214651,0.7055016181229773,14
2024-02-08,0,2,1.096557459323093,0.8839474995254984,0.9158576051779935,14
2024-02-09,0,2,1.1167044003098343,0.8835878001027007,0.9158576051779935,14
2024-02-10,0,2,1.0002853718765394,0.8555311999081691,0.9579288025889967,14
2024-02-11,0,2,1.0068662107279371,0.8984676905258535,0.8705501618122977,14
2024-02-12,0,2,1.068197683139049,0.9524446806850946,0.6828478964401294,14
2024-02-13,0,2,0.9193871015786248,0.9100343764001223,0.8252427184466019,14
2024-02-14,0,2,0.9666893508669268,0.9529501750181304,0.6828478964401294,14
2024-02-15,0,2,0.9701647067175788,0.9524760135035464,0.6828478964401294,14
2024-02-16,0,2,0.951505866659967,0.8919310006302271,0.889967637540453,14
2024-02-17,0,2,0.9867051638475192,0.9136571002852301,0.8090614886731392,14
2024-02-18,0,2,0.9427333113260588,1.0016977334155484,0.4692556634304207,14
2024-02-19,0,2,0.978784236975376,0.9996207545789318,0.48220064724919093,14
2024-02-20,0,2,1.2204788803729685,0.9875545518900098,0.5339805825242718,14
2024-02-21,0,2,1.2578634247818792,0.9950313275034207,0.49838187702265374,14
2024-02-22,0,2,1.4160461739581691,0.9735542835220901,0.598705501618123,14
2024-02-23,0,2,1.4083895326125038,0.9569949585097894,0.6699029126213593,14
2024-02-24,0,2,1.2889078774480094,1.0292619027628802,0.34951456310679613,14
2024-02-25,0,2,1.408628586196815,1.1443853558831454,0.08737864077669903,14
2024-02-26,0,2,1.5357853726649573,1.1013343878863464,0.16828478964401294,14
2024-02-27,0,2,1.4255036298830266,1.0893349028857122,0.18122977346278318,14
2024-02-28,0,2,1.3472740673438566,1.0274092276951754,0.35275080906148865,14
2024-02-29,0,2,1.0804552257818711,1.090924273504138,0.18122977346278318,14
2024-03-01,0,2,1.0254354181414247,1.002757636912838,0.4627831715210356,14
2024-03-02,0,2,1.1320172826735235,1.0643445547004258,0.24919093851132687,14
2024-03-03,0,2,1.128319747911003,0.9220818521540164,0.7864077669902912,14
2024-03-04,0,2,0.9822802609177096,0.9152739326808235,0.7993527508090615,14
2024-03-05,0,2,0.9670810502033153,0.8736680936754573,0.9352750809061489,14
2024-03-06,0,2,0.946135861635669,0.9577716565290806,0.6699029126213593,14
2024-03-07,0,2,0.8708436819149774,0.9082414589732953,0.8317152103559871,14
2024-03-08,0,2,0.8762602644369504,0.9184423866202139,0.7928802588996764,14
2024-03-09,1,2,0.8487925178810976,0.9320282070597908,0.7475728155339806,14
2024-03-10,1,2,0.7728795364314732,0.8583891898068234,0.9514563106796117,14
2024-03-11,1,2,0.708461282966484,0.8546805734937921,0.9579288025889967,14
2024-03-12,1,2,0.6426398373180695,0.8950467020451125,0.8802588996763754,14
2024-03-13,1,2,0.571377925482258,0.8699668301363295,0.941747572815534,14
2024-03-14,1,2,0.6901720416567598,0.9185623137481511,0.7928802588996764,14
2024-03-15,1,2,0.7549641664287521,0.9879372217240517,0.5339805825242718,14
2024-03-16,1,2,0.836506042031234,0.9362940229339171,0.7346278317152104,14
2024-03-17,0,2,0.9709646135075468,1.0001368947801834,0.47896440129449835,14
2024-03-18,0,2,0.9688339478220468,1.0554752917350043,0.2783171521035599,14
2024-03-19,0,2,0.9413149393033896,1.0325974911330449,0.33980582524271846,14
2024-03-20,0,2,1.0655612632569766,1.0233297604153957,0.37216828478964403,14
2024-03-21,0,2,1.133253625646406,1.0291521164223951,0.34951456310679613,14
2024-03-22,0,2,1.113040266895566,0.979380127814808,0.5760517799352751,14
2024-03-23,0,2,1.036710651553232,1.0001625202628954,0.47896440129449835,14
2024-03-24,0,2,0.9228864380293004,1.1201545135072648,0.11326860841423948,14
2024-03-25,0,2,1.1500417141558186,1.213991756373071,0.032362459546925564,14
2024-03-26,0,2,1.298740837351826,1.193794074306266,0.05177993527508091,14
2024-03-27,0,2,1.2996211124527302,1.198057660151008,0.05177993527508091,14
2024-03-28,0,2,1.323402650373225,1.1969644699738056,0.05177993527508091,14
2024-03-29,0,2,1.3339767416071382,1.115566832376686,0.11974110032362459,14
2024-03-30,0,2,1.273455247833983,1.14100733447013,0.09061488673139159,14
2024-03-31,0,2,1.1543087116353845,1.1073320603979928,0.1488673139158576,14
2024-04-08,0,3,0.9013501692371486,0.8494529239702995,0.94,14
2024-04-09,0,3,0.9504673829573714,0.8533605489132071,0.9325,14
2024-04-10,1,3,0.8243382492106264,0.8352257341971849,0.9525,14
2024-04-11,1,3,0.7834501466330951,0.8058542238868192,0.9725,14
2024-04-12,0,3,0.8698604395795992,0.8416146873615188,0.945,14
2024-04-13,1,3,0.7597608507551356,0.8841224515682392,0.8925,14
2024-04-14,1,3,0.677212775397524,0.9080636668435172,0.82,14
2024-04-15,1,3,0.6920359386686836,0.9316709847387354,0.76,14
2024-04-16,1,3,0.6104944247335421,0.9482901225596742,0.7075,14
2024-04-17,1,3,0.5682484576390117,0.9524626863831318,0.7025,14
2024-04-18,1,3,0.6743462566199577,1.0005965702001158,0.5,14
2024-04-19,1,3,0.8021678182057587,1.043860493091647,0.3425,14
2024-04-20,1,3,0.8338345092652095,1.025724030881106,0.405,14
2024-04-21,0,3,0.9500977307262902,1.1552566265103212,0.1175,14
2024-04-22,0,3,0.894020763122248,1.107195434206614,0.185,14
2024-04-23,0,3,0.991399742819852,1.1388585567239975,0.125,14
2024-04-24,0,3,1.0878447526166517,1.2453197803687819,0.03,14
2024-04-25,0,3,1.1142222845209917,1.242441275631383,0.035,14
2024-04-26,0,3,1.007146643273655,1.1757859371305377,0.085,14
2024-04-27,0,3,1.1844212349409298,1.1607198354646395,0.1125,14
2024-04-28,0,3,1.1006217153126756,1.1795496568307553,0.0825,14
2024-04-29,0,3,1.2106187582063732,1.2008920790292956,0.06,14
2024-04-30,0,3,1.176679988504357,1.2069231065806556,0.055,14
2024-05-01,0,3,1.169712985396964,1.1578419222959735,0.115,14
2024-05-02,0,3,1.216461054387081,1.1371093213911085,0.13,14
2024-05-03,0,3,1.397113446052744,1.1204437980884845,0.1575,14
2024-05-04,0,3,1.0699333394458723,1.0873772956074015,0.2275,14
2024-05-05,0,3,1.0152024835913225,0.988570348408073,0.545,14
2024-05-06,0,3,0.9666563960052584,0.9984993552006434,0.505,14
2024-05-07,0,3,1.0010999776265437,1.0002353882523316,0.5,14
2024-05-08,0,3,1.045751819874061,1.046460442768805,0.335,14
2024-05-09,0,3,1.2333799656918272,0.9691880259728135,0.6375,14
2024-05-10,0,3,1.0191571683896132,0.9884247895309398,0.545,14
2024-05-11,0,3,0.9714474788616788,1.0091596128815419,0.4675,14
2024-05-12,0,3,1.0535541973093132,0.97046680041804,0.6325,14
2024-05-13,0,3,1.0240117177175188,1.0019786172071345,0.4975,14
2024-05-14,0,3,1.125954466739724,0.9665283313985801,0.645,14
2024-05-15,0,3,1.2327625220716356,0.9324967064708801,0.76,14
2024-05-16,0,3,0.8955376067268118,0.9348905148038861,0.75,14
2024-05-17,1,3,0.7913953040488042,0.9249252497913548,0.78,14
2024-05-18,0,3,0.9055523499200772,0.9686749326157987,0.6425,14
2024-05-19,0,3,1.0128479078315926,1.0821553112781626,0.235,14
2024-05-20,0,3,1.2727679133110166,1.0531723976391747,0.3125,14
2024-05-21,0,3,1.1537031263145334,1.0418270310342326,0.345,14
2024-05-22,0,3,1.046269531398886,0.9520445162989543,0.7025,14
2024-05-23,0,3,1.0562146124420275,1.0072419991809556,0.4725,14
2024-05-24,0,3,1.2380722690129595,1.1251667296206915,0.1475,14
2024-05-25,0,3,1.2213285629567612,1.1510147213637927,0.12,14
2024-05-26,0,3,1.228174786340416,1.1862807895506062,0.0825,14
2024-05-27,0,3,1.0487811469475452,1.1486855016780324,0.12,14
2024-05-28,0,3,0.9800365302910446,1.1420053156154824,0.125,14
2024-05-29,0,3,0.9766676001211076,1.1212717543999267,0.1525,14
2024-05-30,0,3,1.0512578208843095,1.1766979633451262,0.085,14
2024-05-31,0,3,0.9961927431314136,1.1849222192017457,0.0825,14
2024-06-01,0,3,1.0782850177636043,1.1177062502577508,0.165,14
2024-06-02,0,3,0.9920610924462848,0.9984855035597531,0.505,14
2024-06-03,0,3,0.9346561396567484,0.9817814432167413,0.5925,14
2024-06-04,0,3,0.9732410768918764,0.9937497893839676,0.5225,14
2024-06-05,0,3,1.0072004413080666,1.0289650690789014,0.385,14
2024-06-06,0,3,0.9640593675152046,0.9647616558514973,0.6475,14
2024-06-07,0,3,1.1256372778569268,0.9847670976920795,0.5625,14
2024-06-08,0,3,1.1008109168047002,0.9522194937346152,0.7025,14
2024-06-09,0,3,0.989007483306001,1.011760050551212,0.465,14
2024-06-10,0,3,0.9274834755604218,1.053704948179522,0.3125,14
2024-06-11,0,3,1.0227093286635367,1.0483000646832414,0.3275,14
2024-06-12,0,3,0.8594831565656494,1.0708258840969223,0.2625,14
2024-06-13,0,3,0.917704853697102,1.0543518663323652,0.31,14
2024-06-14,1,3,0.6795921971656652,1.0333593429803607,0.3675,14
2024-06-15,1,3,0.6145184425791482,1.0347136520159885,0.365,14
2024-06-16,1,3,0.6919752734828566,0.848616337771384,0.94,14
2024-06-17,1,3,0.7297780106527604,0.8589772806769743,0.925,14
2024-06-18,1,3,0.6735497277838808,0.8545863910612872,0.93,14
2024-06-19,1,3,0.7804324729432032,0.864440278945931,0.9125,14
2024-06-20,1,3,0.8217039182820827,0.8609875234958629,0.9225,14
2024-06-21,1,3,0.7884223086555656,0.8386292132691964,0.9475,14
2024-06-22,0,3,0.9602602959616506,0.8591891881637272,0.925,14
2024-06-23,0,3,1.024427310962878,1.1301496048321855,0.1475,14
2024-06-24,0,3,1.195491628687297,1.195784638958243,0.06,14
2024-06-25,0,3,1.215906713930801,1.2058037891725228,0.055,14
2024-06-26,0,3,1.2258309674396182,1.1734172106979013,0.09,14
2024-06-27,0,3,1.073965935073988,1.142682903335178,0.125,14
2024-06-28,0,3,1.2305126825999335,1.2348522253110252,0.04,14
2024-06-29,0,3,1.097148681317217,1.2255134997493866,0.0475,14
2024-06-30,0,3,1.0619410379298095,1.1074634796508869,0.185,14
2024-07-08,0,4,1.116457631384267,1.0073721770062996,0.46435845213849286,14
2024-07-09,0,4,1.0101891778297445,0.9045068654236332,0.8167006109979633,14
2024-07-10,0,4,1.0863941086454256,0.9837412370420937,0.5458248472505092,14
2024-07-11,0,4,0.9965360490189162,0.9688854476037982,0.5987780040733197,14
2024-07-12,0,4,0.9539304823475042,0.9551580506059735,0.6517311608961304,14
2024-07-13,0,4,0.950638118953398,0.9567272718704039,0.6476578411405295,14
2024-07-14,1,4,0.8397214790590249,0.8713007536917541,0.8859470468431772,14
2024-07-15,1,4,0.7334528107337351,0.8540576418449694,0.9022403258655805,14
2024-07-16,0,4,0.8883891721870719,0.9251115554411055,0.7576374745417516,14
2024-07-17,1,4,0.8437789187234767,0.9481799235241055,0.6741344195519349,14
2024-07-18,1,4,0.8472455707817422,0.9568329469434486,0.6456211812627292,14
2024-07-19,0,4,0.910717151006186,0.9027323348602022,0.8268839103869654,14
2024-07-20,0,4,0.925370339191337,0.9010802954931383,0.8370672097759674,14
2024-07-21,0,4,0.9397654980095967,1.0784033421205237,0.2606924643584521,14
2024-07-22,0,4,1.104105804698513,1.0862284950038552,0.24032586558044808,14
2024-07-23,0,4,1.121178664383199,1.0948043580008449,0.22810590631364563,14
2024-07-24,0,4,1.2550419907953434,1.1734431233146914,0.09368635437881874,14
2024-07-25,0,4,1.3558074600098629,1.1862173747602378,0.06517311608961303,14
2024-07-26,0,4,1.2959917929379574,1.1211677691574786,0.16089613034623218,14
2024-07-27,0,4,1.2389659237927133,1.1611008633582498,0.1079429735234216,14
2024-07-28,0,4,1.4091135047749308,1.18473077101781,0.06517311608961303,14
2024-07-29,0,4,1.3050678458824962,1.154375702838117,0.109979633401222,14
2024-07-30,0,4,1.3048241644198404,1.1819795853835426,0.07331975560081466,14
2024-07-31,0,4,1.2597264680283011,1.1316330788942042,0.14867617107942974,14
2024-08-01,0,4,1.121700455984094,1.0653856938981034,0.2769857433808554,14
2024-08-02,0,4,1.0415576174661785,1.0707255701007115,0.26883910386965376,14
2024-08-03,0,4,1.0714138034837262,1.0645500006992346,0.28105906313645623,14
2024-08-04,0,4,0.9254800342702844,0.9135018850621773,0.790224032586558,14
2024-08-05,0,4,0.9988541841260816,0.9187262225301072,0.7759674134419552,14
2024-08-06,0,4,0.9756751014725488,0.9251351757659805,0.7556008146639511,14
2024-08-07,0,4,0.950823057621353,0.9155448564081711,0.7820773930753564,14
2024-08-08,0,4,0.903694941501862,0.9287488822625357,0.7372708757637475,14
2024-08-09,0,4,0.9996673408605188,0.949888414088829,0.6680244399185336,14
2024-08-10,0,4,1.0858174208180866,0.9342332631600528,0.7209775967413442,14
2024-08-11,0,4,1.044348391022553,0.9889120784528723,0.5336048879837068,14
2024-08-12,0,4,0.932182289361824,0.9568873195903235,0.6456211812627292,14
2024-08-13,0,4,0.9069610610786007,0.9488329816082163,0.670061099796334,14
2024-08-14,1,4,0.8265701897589802,0.9481735370186195,0.6741344195519349,14
2024-08-15,0,4,0.9676451248182724,0.978950802585679,0.5539714867617108,14
2024-08-16,0,4,0.9250031917066456,0.9818866424044833,0.5458248472505092,14
2024-08-17,0,4,0.8864973567568095,0.950801655142876,0.6659877800407332,14
2024-08-18,0,4,0.9752006344141928,0.8521973731233179,0.9022403258655805,14
2024-08-19,0,4,0.9430349725449813,0.8749583603447068,0.8818737270875764,14
2023-07-08,0,0,0.9241726794350844,0.8935503048245943,0.888,15
2023-07-09,0,0,0.9743232874576132,1.0852131622796906,0.2,15
2023-07-10,0,0,0.9966145169869692,1.0654325808612983,0.264,15
2023-07-11,0,0,0.9517191542034068,1.013483678457453,0.4,15
2023-07-12,0,0,0.948542157152549,1.0109634775396088,0.4,15
2023-07-13,1,0,0.8136032158541315,0.9990175567234264,0.464,15
2023-07-14,1,0,0.8379735483359313,1.0417105517544614,0.328,15
2023-07-15,0,0,0.8701002940440485,1.042390465923456,0.328,15
2023-07-16,0,0,0.9114132510669704,1.0841314467146899,0.208,15
2023-07-17,0,0,0.8908737944136609,1.060418034340898,0.272,15
2023-07-18,0,0,0.9255322693960212,1.0330743068518655,0.328,15
2023-07-19,0,0,0.967263115722151,1.0067599925048196,0.408,15
2023-07-20,0,0,1.0407271001586968,1.0350181512059047,0.328,15
2023-07-21,0,0,1.0879196255666288,1.0543081644738082,0.304,15
2023-07-22,0,0,1.0747706880007073,1.0764184936058931,0.24,15
2023-07-23,0,0,1.082245562916266,1.0805002607913747,0.224,15
2023-07-24,0,0,1.1801619598634046,1.1866348400947595,0.064,15
2023-07-25,0,0,1.1393366031481695,1.0721041189082652,0.24,15
2023-07-26,0,0,1.0470649557621556,1.0813495475287829,0.216,15
2023-07-27,0,0,1.0524089049987362,1.1092550023921708,0.168,15
2023-07-28,0,0,1.0961332324625743,1.178896294410524,0.072,15
2023-07-29,0,0,1.1475046354373504,1.1590782190078588,0.08,15
2023-07-30,0,0,1.1030104289707232,1.0781884566856954,0.224,15
2023-07-31,0,0,0.9802661574733532,1.0269432168073636,0.344,15
2023-08-01,0,0,0.9276591914865956,1.0774851864936332,0.24,15
2023-08-02,0,0,0.9856192869568604,1.1058836397351601,0.168,15
2023-08-03,0,0,0.9849464199753928,1.0690380856032,0.256,15
2023-08-04,0,0,1.0288017106784253,1.0765156977045627,0.24,15
2023-08-05,0,0,1.0494101563413691,1.025886808006207,0.344,15
2023-08-06,0,0,0.925332606177236,0.9892693028990217,0.512,15
2023-08-07,0,0,1.0600347894644628,1.0144556608598352,0.4,15
2023-08-08,0,0,1.2032070808322328,1.095420981274969,0.192,15
2023-08-09,0,0,1.1361856872066751,1.0558605228826228,0.288,15
2023-08-10,0,0,1.2169384711338458,1.0269476710344403,0.344,15
2023-08-11,0,0,1.124374488467241,0.9768472064114461,0.552,15
2023-08-12,0,0,1.0302234899243532,0.9861248287996061,0.528,15
2023-08-13,0,0,1.1364735275600777,1.0630519027359302,0.264,15
2023-08-14,0,0,1.0140690876726717,1.0774287705782495,0.24,15
2023-08-15,0,0,0.9598834391613684,1.0034517069113367,0.424,15
2023-08-16,0,0,0.96344523411635,1.0696952594416922,0.248,15
2023-08-17,0,0,0.8619772162480696,1.018313911487842,0.392,15
2023-08-18,1,0,0.84340585697894,1.0318629793696479,0.328,15
2023-08-19,0,0,0.9361598228925094,1.1099645337745585,0.168,15
2023-08-20,0,0,0.9812706645380184,1.005459257701785,0.408,15
2023-08-21,0,0,0.9880650175388538,0.9749784245769602,0.56,15
2023-08-22,0,0,0.9501391402718308,1.0203603631856513,0.392,15
2023-08-23,0,0,1.0115737235821658,1.0072190175722793,0.408,15
2023-08-24,0,0,0.9999262702998436,1.0199009883003598,0.392,15
2023-08-25,0,0,1.24194058981351,1.0442933864104693,0.32,15
2023-08-26,0,0,1.1524945548408054,1.0153951797297263,0.4,15
2023-08-27,0,0,1.0562711289247646,0.95193115790663,0.632,15
2023-08-28,0,0,1.1258216617159271,0.9419617035816509,0.696,15
2023-08-29,0,0,1.127791985065815,0.994261799453833,0.48,15
2023-08-30,0,0,1.0730811539867262,0.9427208284370339,0.672,15
2023-08-31,0,0,1.1374657637612942,0.9852402171422879,0.536,15
2023-09-01,0,0,0.9176351523297184,0.9273602235899947,0.744,15
2023-09-02,0,0,0.9210003824336146,0.9633176004081275,0.608,15
2023-09-03,0,0,0.9421400380007852,0.8946956793738297,0.888,15
2023-09-04,0,0,0.9211686908188832,0.8657098478663644,0.912,15
2023-09-05,1,0,0.8469144869908538,0.8820509399975833,0.888,15
2023-09-06,1,0,0.8378144001188419,0.9277324001795139,0.736,15
2023-09-07,1,0,0.8332308808794763,0.8846433860735368,0.888,15
2023-09-08,1,0,0.7903801903571291,0.9009023067473256,0.848,15
2023-09-09,0,0,0.9215862638123296,0.8710183938215594,0.912,15
2023-09-10,0,0,0.9192039742345504,1.0094107653496025,0.4,15
2023-09-11,0,0,0.8882584499143324,1.005298302108964,0.416,15
2023-09-12,0,0,0.9893752333510308,1.052795477611456,0.312,15
2023-09-13,0,0,1.0276905021746976,1.0509465904339783,0.312,15
2023-09-14,0,0,1.05764422804859,1.0215475851526163,0.384,15
2023-09-15,0,0,1.037244258278199,1.0276798085227943,0.344,15
2023-09-16,0,0,0.9111351623678404,0.9943908886619157,0.48,15
2023-09-17,0,0,0.9168705447222036,1.0489876075045599,0.312,15
2023-09-18,0,0,0.9480631642651184,1.0466795065012888,0.32,15
2023-09-19,0,0,1.049584705904487,1.0426226605422309,0.328,15
2023-09-20,0,0,1.0582598221905524,1.0206714071793315,0.392,15
2023-09-21,0,0,1.0114472018825855,0.9928518573519595,0.488,15
2023-09-22,0,0,1.110871812182302,1.041588495199955,0.328,15
2023-09-23,0,0,1.1541736168324266,1.0745440350857338,0.24,15
2023-09-24,0,0,1.1078020011333731,1.0973801918188577,0.176,15
2023-09-25,0,0,1.074645609849099,1.065469330301859,0.264,15
2023-09-26,0,0,0.9539644229731924,1.0505801825504129,0.312,15
2023-09-27,0,0,1.045324049908362,1.0504774042439016,0.312,15
2023-09-28,0,0,1.058283583828204,1.0938899155490385,0.192,15
2023-09-29,0,0,0.9529449023805296,1.0824942561012951,0.216,15
2023-09-30,0,0,1.0335157970037918,1.0670075943027273,0.256,15
2023-10-08,0,1,0.943214957935384,1.0241116937328811,0.3317972350230415,15
2023-10-09,0,1,0.8954605455623991,0.9685421674093756,0.6405529953917051,15
2023-10-10,0,1,0.8714609046846392,0.9843993231427199,0.5668202764976958,15
2023-10-11,0,1,0.8537394125385595,1.0008433330927065,0.48847926267281105,15
2023-10-12,0,1,0.9158302055623126,1.0527222044637532,0.2626728110599078,15
2023-10-13,1,1,0.8235183048240129,0.9761128018113165,0.6129032258064516,15
2023-10-14,1,1,0.8417997244121631,1.0361655962755698,0.31797235023041476,15
2023-10-15,0,1,0.8686185654387014,1.0221859596743905,0.34101382488479265,15
2023-10-16,1,1,0.837630457855076,1.0692710306625597,0.21658986175115208,15
2023-10-17,1,1,0.7765728111191363,1.056361453758822,0.2488479262672811,15
2023-10-18,0,1,0.876315761424511,1.0535735415400411,0.2534562211981567,15
2023-10-19,0,1,0.8981339369635442,1.02108200700489,0.3456221198156682,15
2023-10-20,0,1,1.0052067391820876,1.0465125237962731,0.2857142857142857,15
2023-10-21,0,1,1.0475645261799866,1.0641919005173737,0.22119815668202766,15
2023-10-22,0,1,1.0349876751325695,1.093545161596117,0.14746543778801843,15
2023-10-23,0,1,1.0648188658578015,1.102358007964817,0.11981566820276497,15
2023-10-24,0,1,1.2288539084267107,1.1889090226205483,0.027649769585253458,15
2023-10-25,0,1,1.325022505621457,1.0960900254873953,0.14285714285714285,15
2023-10-26,0,1,1.3444469765965152,1.128875957115277,0.07373271889400922,15
2023-10-27,0,1,1.24809949228092,1.0712305144241907,0.2119815668202765,15
2023-10-28,0,1,1.1197888843427084,1.071926064461001,0.2119815668202765,15
2023-10-29,0,1,1.0278744636215793,1.015624829638325,0.39631336405529954,15
2023-10-30,0,1,1.092155254370859,1.0745499864320647,0.1935483870967742,15
2023-10-31,0,1,1.1015162289550902,1.035506233493441,0.31797235023041476,15
2023-11-01,0,1,0.9616024375172428,0.9791356901308687,0.6036866359447005,15
2023-11-02,0,1,1.0211534524417607,0.9920791743893572,0.5391705069124424,15
2023-11-03,0,1,1.0185200315853409,1.0190783165879933,0.37327188940092165,15
2023-11-04,0,1,0.9938521706160228,1.0110412492217349,0.423963133640553,15
2023-11-05,0,1,1.0661778939631648,0.9851271086228418,0.5622119815668203,15
2023-11-06,0,1,1.1620310134405805,0.9525848032801841,0.695852534562212,15
2023-11-07,0,1,0.980518173100777,0.9679355107102571,0.6405529953917051,15
2023-11-08,0,1,0.9051698390223948,0.9659506778698533,0.6451612903225806,15
2023-11-09,1,1,0.7489778501170876,0.9340072162279264,0.7649769585253456,15
2023-11-10,1,1,0.7527771910343829,0.9354553727793796,0.7557603686635944,15
2023-11-11,0,1,0.9667089341078078,1.0109511924807013,0.423963133640553,15
2023-11-12,0,1,0.9442364852029852,1.0405226354107693,0.30414746543778803,15
2023-11-13,1,1,0.7318274766100183,1.0052817264835445,0.4423963133640553,15
2023-11-14,1,1,0.8206581432559168,1.0728510597666168,0.2073732718894009,15
2023-11-15,0,1,1.051314083184571,1.109992746825661,0.10599078341013825,15
2023-11-16,0,1,1.0761913404529675,1.084264454665597,0.17050691244239632,15
2023-11-17,0,1,0.9757244500222187,1.0679554304726053,0.21658986175115208,15
2023-11-18,0,1,0.940194569771074,1.0173381489045674,0.391705069124424,15
2023-11-19,0,1,0.8987004950888953,1.0652631826432004,0.21658986175115208,15
2023-11-20,0,1,1.089296800690815,1.1254997250128704,0.07373271889400922,15
2023-11-21,0,1,1.1345993778130965,1.082100565797165,0.17050691244239632,15
2023-11-22,0,1,1.0464304602981034,1.0428277578259921,0.30414746543778803,15
2023-11-23,0,1,1.1378360455267436,1.0966039782736827,0.14285714285714285,15
2023-11-24,0,1,1.3841279965162,1.1682023997456676,0.04608294930875576,15
2023-11-25,0,1,1.2713157281439782,1.0993300407734004,0.1382488479262673,15
2023-11-26,0,1,1.4205242426211462,1.0709097842248714,0.21658986175115208,15
2023-11-27,0,1,1.3156964922071708,1.029157712604295,0.31797235023041476,15
2023-11-28,0,1,1.3008009098853073,1.018349373236543,0.3870967741935484,15
2023-11-29,0,1,1.2479916720289856,1.0667813852312384,0.21658986175115208,15
2023-11-30,0,1,1.184579900085264,1.0450015267906225,0.29493087557603687,15
2023-12-01,0,1,0.9217983024910515,0.9845430632078744,0.5622119815668203,15
2023-12-02,0,1,0.9872117622337688,1.0141911488298834,0.41935483870967744,15
2023-12-03,0,1,0.9761410830534396,0.9364218249290168,0.7557603686635944,15
2023-12-04,0,1,0.9081520857619844,0.9288367097852136,0.7741935483870968,15
2023-12-05,0,1,0.9381732402892374,0.9298382746992225,0.7741935483870968,15
2023-12-06,0,1,0.9296518465586814,0.9499123809977768,0.7004608294930875,15
2023-12-07,1,1,0.8413685597788102,0.924118554971595,0.8018433179723502,15
2023-12-08,0,1,0.991352633325197,0.9559157189676355,0.6820276497695853,15
2023-12-09,0,1,0.9411554944408358,0.9062391011549488,0.8571428571428571,15
2023-12-10,1,1,0.8389522108078011,0.9577038442379793,0.6774193548387096,15
2023-12-11,1,1,0.8071649857265369,0.9620757254832615,0.663594470046083,15
2023-12-12,1,1,0.7572970023336949,0.9368180137111836,0.7557603686635944,15
2023-12-13,1,1,0.6208795880453283,0.953729397872503,0.6866359447004609,15
2023-12-14,1,1,0.7592057772002324,1.0164046011012682,0.39631336405529954,15
2023-12-15,1,1,0.8328269225748938,1.0162196736562101,0.39631336405529954,15
2023-12-16,0,1,0.8590655807455964,0.9801300628489983,0.5944700460829493,15
2023-12-17,0,1,0.9377129218982944,1.0578921457554031,0.23963133640552994,15
2023-12-18,0,1,0.9642064200950122,1.06526389692244,0.21658986175115208,15
2023-12-19,0,1,0.8985380992120569,1.0474858061300434,0.2857142857142857,15
2023-12-20,0,1,1.174221538340847,1.0745109887902815,0.1935483870967742,15
2023-12-21,0,1,1.219687141657661,1.0406263783770298,0.30414746543778803,15
2023-12-22,0,1,1.109109822460017,1.0232832194868142,0.3317972350230415,15
2023-12-23,0,1,1.1355025094767273,1.063771230902873,0.2304147465437788,15
2023-12-24,0,1,1.067923542918951,1.1282191837824689,0.07373271889400922,15
2023-12-25,0,1,1.0641320258226272,1.1430688352272178,0.059907834101382486,15
2023-12-26,0,1,1.1724151428996483,1.1675257252470228,0.04608294930875576,15
2023-12-27,0,1,1.10656776396788,1.1136878282466751,0.10138248847926268,15
2023-12-28,0,1,1.0122393038967503,1.1005837819114268,0.12903225806451613,15
2023-12-29,0,1,1.1349625439131328,1.1452497741822674,0.059907834101382486,15
2023-12-30,0,1,1.107041700896765,1.081191217141424,0.17511520737327188,15
2023-12-31,0,1,1.0540714431461404,1.0017153642573875,0.4792626728110599,15
2024-01-08,0,2,0.9380252547156612,0.9356175757335102,0.7216828478964401,15
2024-01-09,0,2,0.8604976941696318,0.900969102799978,0.8576051779935275,15
2024-01-10,0,2,0.8967950138147822,0.9101707147001732,0.8122977346278317,15
2024-01-11,1,2,0.81515703606474,0.897036579574639,0.8640776699029126,15
2024-01-12,1,2,0.7697963725749237,0.8784075028859554,0.9158576051779935,15
2024-01-13,1,2,0.841357639507363,0.9718850448043692,0.5922330097087378,15
2024-01-14,1,2,0.8237505800283649,0.9634977498020424,0.627831715210356,15
2024-01-15,1,2,0.8143008517556474,0.9383768927170963,0.7184466019417476,15
2024-01-16,0,2,0.8574681818882544,0.9541534203276779,0.6634304207119741,15
2024-01-17,1,2,0.7587486496508539,0.9237383453062624,0.7766990291262136,15
2024-01-18,1,2,0.6693137152967722,0.9168679214168001,0.7928802588996764,15
2024-01-19,1,2,0.6699104276785826,0.9831606698857028,0.5436893203883495,15
2024-01-20,0,2,0.8772632858888515,0.9931491287298557,0.5080906148867314,15
2024-01-21,0,2,0.9892903383152972,1.1151829069084591,0.11650485436893204,15
2024-01-22,0,2,1.117405717166005,1.0590680367859204,0.24919093851132687,15
2024-01-23,0,2,1.1151266074232986,1.0338131035426628,0.3300970873786408,15
2024-01-24,0,2,1.075838623368072,1.1340802381132384,0.10032362459546926,15
2024-01-25,0,2,1.2754491983991014,1.1695525129335693,0.05501618122977346,15
2024-01-26,0,2,1.423986158079574,1.18573148158905,0.05501618122977346,15
2024-01-27,0,2,1.2093563799502314,1.130181495282241,0.10355987055016182,15
2024-01-28,0,2,1.0654453237147563,1.0903701512265922,0.1779935275080906,15
2024-01-29,0,2,0.947841005507312,1.0834087742628953,0.18446601941747573,15
2024-01-30,1,2,0.8351685356731198,1.0989966607458341,0.16181229773462782,15
2024-01-31,0,2,0.9497929613869894,1.1994099805349185,0.038834951456310676,15
2024-02-01,0,2,0.917248696829258,1.0895918576958734,0.18122977346278318,15
2024-02-02,0,2,0.8851405980336539,1.022765781659161,0.37216828478964403,15
2024-02-03,0,2,0.982826709401738,1.053166230908854,0.2750809061488673,15
2024-02-04,0,2,1.0025264392902944,0.8940139871454715,0.8802588996763754,15
2024-02-05,0,2,0.9483480269362228,0.9158552450817338,0.7928802588996764,15
2024-02-06,0,2,1.0972617113073977,0.9280165772348913,0.7540453074433657,15
2024-02-07,0,2,1.0891759604105706,0.9383370088463321,0.7184466019417476,15
2024-02-08,0,2,1.096557459323093,0.8782349152920567,0.9158576051779935,15
2024-02-09,0,2,1.1167044003098343,0.8808109864910799,0.9158576051779935,15
2024-02-10,0,2,1.0002853718765394,0.8426589088515967,0.9611650485436893,15
2024-02-11,0,2,1.0068662107279371,0.8945867247957643,0.8737864077669902,15
2024-02-12,0,2,1.068197683139049,0.9643323520408418,0.6245954692556634,15
2024-02-13,0,2,0.9193871015786248,0.9027201729418182,0.8478964401294499,15
2024-02-14,0,2,0.9666893508669268,0.947983628628051,0.686084142394822,15
2024-02-15,0,2,0.9701647067175788,0.9424942986271186,0.7152103559870551,15
2024-02-16,0,2,0.951505866659967,0.8962634496689474,0.8673139158576052,15
2024-02-17,0,2,0.9867051638475192,0.9093656165486428,0.8122977346278317,15
2024-02-18,0,2,0.9427333113260588,0.9881644545013926,0.5242718446601942,15
2024-02-19,0,2,0.978784236975376,0.982140007873188,0.5469255663430421,15
2024-02-20,0,2,1.2204788803729685,0.9785399745083548,0.5566343042071198,15
2024-02-21,0,2,1.2578634247818792,0.9864626532938167,0.5307443365695793,15
2024-02-22,0,2,1.4160461739581691,0.9511128451308511,0.6763754045307443,15
2024-02-23,0,2,1.4083895326125038,0.9425188270614833,0.7152103559870551,15
2024-02-24,0,2,1.2889078774480094,1.0111583222416047,0.42071197411003236,15
2024-02-25,0,2,1.408628586196815,1.1385387420409492,0.0970873786407767,15
2024-02-26,0,2,1.5357853726649573,1.1284070929623553,0.10679611650485436,15
2024-02-27,0,2,1.4255036298830266,1.0751234050619556,0.20064724919093851,15
2024-02-28,0,2,1.3472740673438566,1.0206370957734516,0.3818770226537217,15
2024-02-29,0,2,1.0804552257818711,1.0905771661732746,0.1779935275080906,15
2024-03-01,0,2,1.0254354181414247,1.007371185364247,0.4401294498381877,15
2024-03-02,0,2,1.1320172826735235,1.0559876462318751,0.2686084142394822,15
2024-03-03,0,2,1.128319747911003,0.9207842437386586,0.7896440129449838,15
2024-03-04,0,2,0.9822802609177096,0.9188335481612089,0.7896440129449838,15
2024-03-05,0,2,0.9670810502033153,0.8701159450540321,0.9320388349514563,15
2024-03-06,0,2,0.946135861635669,0.9663688576935241,0.6148867313915858,15
2024-03-07,0,2,0.8708436819149774,0.910064836518942,0.8122977346278317,15
2024-03-08,0,2,0.8762602644369504,0.9170856151500753,0.7928802588996764,15
2024-03-09,1,2,0.8487925178810976,0.9285116442460282,0.7475728155339806,15
2024-03-10,1,2,0.7728795364314732,0.848954671983328,0.9611650485436893,15
2024-03-11,1,2,0.708461282966484,0.83916383797103,0.9611650485436893,15
2024-03-12,1,2,0.6426398373180695,0.8754577354897075,0.9288025889967637,15
2024-03-13,1,2,0.571377925482258,0.8570701536722516,0.948220064724919,15
2024-03-14,1,2,0.6901720416567598,0.9119575555184317,0.8090614886731392,15
2024-03-15,1,2,0.7549641664287521,0.9850415952027026,0.5372168284789643,15
2024-03-16,1,2,0.836506042031234,0.9299358302546179,0.7411003236245954,15
2024-03-17,0,2,0.9709646135075468,0.9901552249598766,0.517799352750809,15
2024-03-18,0,2,0.9688339478220468,1.0445891388954314,0.2912621359223301,15
2024-03-19,0,2,0.9413149393033896,1.035347248372158,0.3268608414239482,15
2024-03-20,0,2,1.0655612632569766,1.0185153249446695,0.3851132686084142,15
2024-03-21,0,2,1.133253625646406,1.032021344734848,0.3333333333333333,15
2024-03-22,0,2,1.113040266895566,0.9807996416052754,0.5501618122977346,15
2024-03-23,0,2,1.036710651553232,0.9927904259863491,0.5080906148867314,15
2024-03-24,0,2,0.9228864380293004,1.0965876144980953,0.16828478964401294,15
2024-03-25,0,2,1.1500417141558186,1.2114609686360154,0.02912621359223301,15
2024-03-26,0,2,1.298740837351826,1.1949543514047853,0.05177993527508091,15
2024-03-27,0,2,1.2996211124527302,1.1966849193892835,0.04854368932038835,15
2024-03-28,0,2,1.323402650373225,1.1960345652640094,0.04854368932038835,15
2024-03-29,0,2,1.3339767416071382,1.1176535571606152,0.11650485436893204,15
2024-03-30,0,2,1.273455247833983,1.139409424626747,0.09385113268608414,15
2024-03-31,0,2,1.1543087116353845,1.0977922672261733,0.1650485436893204,15
2024-04-08,0,3,0.9013501692371486,0.8455768070656995,0.93,15
2024-04-09,0,3,0.9504673829573714,0.8398846976278429,0.9375,15
2024-04-10,1,3,0.8243382492106264,0.8207889618030991,0.955,15
2024-04-11,1,3,0.7834501466330951,0.7945009151418597,0.9725,15
2024-04-12,0,3,0.8698604395795992,0.8304746827708972,0.945,15
2024-04-13,1,3,0.7597608507551356,0.8869806817858723,0.88,15
2024-04-14,1,3,0.677212775397524,0.9107223650418166,0.8075,15
2024-04-15,1,3,0.6920359386686836,0.9194023870501881,0.79,15
2024-04-16,1,3,0.6104944247335421,0.9412258667332442,0.72,15
2024-04-17,1,3,0.5682484576390117,0.9278330061265587,0.765,15
2024-04-18,1,3,0.6743462566199577,0.9697432064067121,0.62,15
2024-04-19,1,3,0.8021678182057587,1.013842561242311,0.4475,15
2024-04-20,1,3,0.8338345092652095,0.9879142277497691,0.5375,15
2024-04-21,0,3,0.9500977307262902,1.127131811751256,0.1375,15
2024-04-22,0,3,0.894020763122248,1.0818634020185192,0.2325,15
2024-04-23,0,3,0.991399742819852,1.117847733308298,0.1475,15
2024-04-24,0,3,1.0878447526166517,1.2195458647104038,0.04,15
2024-04-25,0,3,1.1142222845209917,1.2199224636755457,0.04,15
2024-04-26,0,3,1.007146643273655,1.1678790429106911,0.0925,15
2024-04-27,0,3,1.1844212349409298,1.1448486857962312,0.12,15
2024-04-28,0,3,1.1006217153126756,1.1824890629970748,0.0725,15
2024-04-29,0,3,1.2106187582063732,1.1918350638769069,0.0575,15
2024-04-30,0,3,1.176679988504357,1.2061299636315137,0.0475,15
2024-05-01,0,3,1.169712985396964,1.15259902973372,0.1075,15
2024-05-02,0,3,1.216461054387081,1.1444797950473846,0.12,15
2024-05-03,0,3,1.397113446052744,1.1272399704600229,0.1375,15
2024-05-04,0,3,1.0699333394458723,1.0870807027615113,0.2225,15
2024-05-05,0,3,1.0152024835913225,1.0001983003905492,0.4975,15
2024-05-06,0,3,0.9666563960052584,1.0059626197781806,0.4775,15
2024-05-07,0,3,1.0010999776265437,1.0211152560369894,0.41,15
2024-05-08,0,3,1.045751819874061,1.041718430429716,0.325,15
2024-05-09,0,3,1.2333799656918272,0.9856504647101794,0.5425,15
2024-05-10,0,3,1.0191571683896132,0.9930701322550631,0.5225,15
2024-05-11,0,3,0.9714474788616788,1.0142172328127288,0.445,15
2024-05-12,0,3,1.0535541973093132,0.9546422869336536,0.665,15
2024-05-13,0,3,1.0240117177175188,1.0032096399859014,0.485,15
2024-05-14,0,3,1.125954466739724,0.9770468696421883,0.5975,15
2024-05-15,0,3,1.2327625220716356,0.9463455551931913,0.6925,15
2024-05-16,0,3,0.8955376067268118,0.9434145953975084,0.7075,15
2024-05-17,1,3,0.7913953040488042,0.9287691321544224,0.765,15
2024-05-18,0,3,0.9055523499200772,0.9770758183082489,0.5975,15
2024-05-19,0,3,1.0128479078315926,1.0593801080738967,0.275,15
2024-05-20,0,3,1.2727679133110166,1.0567029435080066,0.285,15
2024-05-21,0,3,1.1537031263145334,1.0168188431343494,0.43,15
2024-05-22,0,3,1.046269531398886,0.9436465780816387,0.705,15
2024-05-23,0,3,1.0562146124420275,0.9956735512592217,0.5125,15
2024-05-24,0,3,1.2380722690129595,1.1036126817999399,0.1925,15
2024-05-25,0,3,1.2213285629567612,1.1224939848698903,0.1425,15
2024-05-26,0,3,1.228174786340416,1.2234390597294658,0.035,15
2024-05-27,0,3,1.0487811469475452,1.1537951550903986,0.105,15
2024-05-28,0,3,0.9800365302910446,1.1552877993111672,0.1025,15
2024-05-29,0,3,0.9766676001211076,1.0954416560488462,0.205,15
2024-05-30,0,3,1.0512578208843095,1.1726829685854292,0.0825,15
2024-05-31,0,3,0.9961927431314136,1.1958797192619857,0.0525,15
2024-06-01,0,3,1.0782850177636043,1.1329728731455624,0.1325,15
2024-06-02,0,3,0.9920610924462848,0.994421609266682,0.515,15
2024-06-03,0,3,0.9346561396567484,0.9724238202112648,0.6075,15
2024-06-04,0,3,0.9732410768918764,0.9932245020742713,0.5175,15
2024-06-05,0,3,1.0072004413080666,1.0250043772279982,0.4025,15
2024-06-06,0,3,0.9640593675152046,0.9757828525372199,0.6025,15
2024-06-07,0,3,1.1256372778569268,0.974872265070182,0.6025,15
2024-06-08,0,3,1.1008109168047002,0.9349467879438547,0.735,15
2024-06-09,0,3,0.989007483306001,1.0191087791922198,0.4175,15
2024-06-10,0,3,0.9274834755604218,1.0506720248038615,0.295,15
2024-06-11,0,3,1.0227093286635367,1.0533081552324466,0.29,15
2024-06-12,0,3,0.8594831565656494,1.057723334292953,0.2825,15
2024-06-13,0,3,0.917704853697102,1.0642166301792269,0.26,15
2024-06-14,1,3,0.6795921971656652,1.0206695756764457,0.41,15
2024-06-15,1,3,0.6145184425791482,1.0297296240228644,0.38,15
2024-06-16,1,3,0.6919752734828566,0.8210627332764776,0.9525,15
2024-06-17,1,3,0.7297780106527604,0.8458201985489558,0.9275,15
2024-06-18,1,3,0.6735497277838808,0.862690374662286,0.9075,15
2024-06-19,1,3,0.7804324729432032,0.8518991769198975,0.92,15
2024-06-20,1,3,0.8217039182820827,0.8640100488012763,0.905,15
2024-06-21,1,3,0.7884223086555656,0.8185469549934428,0.96,15
2024-06-22,0,3,0.9602602959616506,0.8374614555497871,0.94,15
2024-06-23,0,3,1.024427310962878,1.1346911939523103,0.1325,15
2024-06-24,0,3,1.195491628687297,1.2031500462215983,0.0475,15
2024-06-25,0,3,1.215906713930801,1.2075313919139152,0.0475,15
2024-06-26,0,3,1.2258309674396182,1.1719820131615641,0.0825,15
2024-06-27,0,3,1.073965935073988,1.1311070127306713,0.135,15
2024-06-28,0,3,1.2305126825999335,1.2249859679316248,0.035,15
2024-06-29,0,3,1.097148681317217,1.226482170531624,0.03,15
2024-06-30,0,3,1.0619410379298095,1.1099586573809022,0.1775,15
2024-07-08,0,4,1.116457631384267,0.968347979077085,0.594704684317719,15
2024-07-09,0,4,1.0101891778297445,0.8683524079940869,0.8879837067209776,15
2024-07-10,0,4,1.0863941086454256,0.9544324225368926,0.6415478615071283,15
2024-07-11,0,4,0.9965360490189162,0.9444314400225531,0.670061099796334,15
2024-07-12,0,4,0.9539304823475042,0.9137431893959759,0.780040733197556,15
2024-07-13,0,4,0.950638118953398,0.9333051758293078,0.7067209775967414,15
2024-07-14,1,4,0.8397214790590249,0.8832134274731035,0.8655804480651731,15
2024-07-15,1,4,0.7334528107337351,0.8788804034089281,0.8716904276985743,15
2024-07-16,0,4,0.8883891721870719,0.9257425392146854,0.7393075356415478,15
2024-07-17,1,4,0.8437789187234767,0.9438425019906905,0.6741344195519349,15
2024-07-18,1,4,0.8472455707817422,0.9622550573755937,0.6109979633401222,15
2024-07-19,0,4,0.910717151006186,0.9083691229305091,0.790224032586558,15
2024-07-20,0,4,0.925370339191337,0.9184700240362488,0.7617107942973523,15
2024-07-21,0,4,0.9397654980095967,1.0631787386186997,0.2729124236252546,15
2024-07-22,0,4,1.104105804698513,1.083226351923277,0.24032586558044808,15
2024-07-23,0,4,1.121178664383199,1.089674179302915,0.22810590631364563,15
2024-07-24,0,4,1.2550419907953434,1.1718465634772643,0.07128309572301425,15
2024-07-25,0,4,1.3558074600098629,1.178608859924615,0.06720977596741344,15
2024-07-26,0,4,1.2959917929379574,1.116728131625623,0.15682281059063136,15
2024-07-27,0,4,1.2389659237927133,1.1596322948045137,0.09164969450101833,15
2024-07-28,0,4,1.4091135047749308,1.174850988518913,0.06924643584521385,15
2024-07-29,0,4,1.3050678458824962,1.1226700705368284,0.15274949083503056,15
2024-07-30,0,4,1.3048241644198404,1.162636940138287,0.08757637474541752,15
2024-07-31,0,4,1.2597264680283011,1.1054581650078064,0.18329938900203666,15
2024-08-01,0,4,1.121700455984094,1.0380729101860082,0.32790224032586557,15
2024-08-02,0,4,1.0415576174661785,1.0432252119163492,0.31568228105906315,15
2024-08-03,0,4,1.0714138034837262,1.0369411666106765,0.3360488798370672,15
2024-08-04,0,4,0.9254800342702844,0.9230034705616489,0.7494908350305499,15
2024-08-05,0,4,0.9988541841260816,0.9351382137429441,0.7006109979633401,15
2024-08-06,0,4,0.9756751014725488,0.926971922398737,0.7331975560081466,15
2024-08-07,0,4,0.950823057621353,0.9121835508887138,0.7841140529531568,15
2024-08-08,0,4,0.903694941501862,0.917626837382209,0.7657841140529531,15
2024-08-09,0,4,0.9996673408605188,0.9308866835115638,0.7128309572301426,15
2024-08-10,0,4,1.0858174208180866,0.9237698500570898,0.745417515274949,15
2024-08-11,0,4,1.044348391022553,0.9779597303638319,0.5417515274949084,15
2024-08-12,0,4,0.932182289361824,0.9330333576522607,0.7067209775967414,15
2024-08-13,0,4,0.9069610610786007,0.9219260874407124,0.7515274949083504,15
2024-08-14,1,4,0.8265701897589802,0.9310114252985349,0.7128309572301426,15
2024-08-15,0,4,0.9676451248182724,0.9802806948001541,0.5376782077393075,15
2024-08-16,0,4,0.9250031917066456,0.9741419970074826,0.5621181262729125,15
2024-08-17,0,4,0.8864973567568095,0.9548180010308138,0.639511201629328,15
2024-08-18,0,4,0.9752006344141928,0.8499664015129206,0.8940936863543788,15
2024-08-19,0,4,0.9430349725449813,0.845547562741565,0.8981670061099797,15
2023-07-08,0,0,0.9241726794350844,0.898053430247174,0.864,16
2023-07-09,0,0,0.9743232874576132,1.0726831045485474,0.24,16
2023-07-10,0,0,0.9966145169869692,1.0515399110733752,0.304,16
2023-07-11,0,0,0.9517191542034068,1.0436708322603085,0.328,16
2023-07-12,0,0,0.948542157152549,1.0089633714100408,0.416,16
2023-07-13,1,0,0.8136032158541315,1.0029736674504652,0.44,16
2023-07-14,1,0,0.8379735483359313,1.0457545920648277,0.312,16
2023-07-15,0,0,0.8701002940440485,1.0262091351504654,0.368,16
2023-07-16,0,0,0.9114132510669704,1.0548312558902653,0.296,16
2023-07-17,0,0,0.8908737944136609,1.0952817938181314,0.184,16
2023-07-18,0,0,0.9255322693960212,1.038141213612434,0.336,16
2023-07-19,0,0,0.967263115722151,1.0227300774367314,0.384,16
2023-07-20,0,0,1.0407271001586968,1.0346983811879447,0.336,16
2023-07-21,0,0,1.0879196255666288,1.0912705846493687,0.192,16
2023-07-22,0,0,1.0747706880007073,1.0757642717264186,0.232,16
2023-07-23,0,0,1.082245562916266,1.0948953119736087,0.192,16
2023-07-24,0,0,1.1801619598634046,1.2010687963722249,0.056,16
2023-07-25,0,0,1.1393366031481695,1.0711096003457006,0.248,16
2023-07-26,0,0,1.0470649557621556,1.0848162805564432,0.2,16
2023-07-27,0,0,1.0524089049987362,1.098211278608181,0.184,16
2023-07-28,0,0,1.0961332324625743,1.1707872515281101,0.072,16
2023-07-29,0,0,1.1475046354373504,1.1183938070331076,0.144,16
2023-07-30,0,0,1.1030104289707232,1.0925773383055162,0.192,16
2023-07-31,0,0,0.9802661574733532,1.0418818626117177,0.328,16
2023-08-01,0,0,0.9276591914865956,1.1129886981497197,0.16,16
2023-08-02,0,0,0.9856192869568604,1.1134668066826916,0.16,16
2023-08-03,0,0,0.9849464199753928,1.0798177114089964,0.216,16
2023-08-04,0,0,1.0288017106784253,1.0624575769280102,0.264,16
2023-08-05,0,0,1.0494101563413691,1.0377736598325389,0.336,16
2023-08-06,0,0,0.925332606177236,1.023345880979179,0.376,16
2023-08-07,0,0,1.0600347894644628,1.0364590137559102,0.336,16
2023-08-08,0,0,1.2032070808322328,1.1214346844360372,0.144,16
2023-08-09,0,0,1.1361856872066751,1.0535231772033669,0.296,16
2023-08-10,0,0,1.2169384711338458,1.0292767115334969,0.352,16
2023-08-11,0,0,1.124374488467241,1.008127833870082,0.416,16
2023-08-12,0,0,1.0302234899243532,0.9888201258385443,0.496,16
2023-08-13,0,0,1.1364735275600777,1.05902140709131,0.288,16
2023-08-14,0,0,1.0140690876726717,1.1002358188475796,0.176,16
2023-08-15,0,0,0.9598834391613684,1.0645114741525812,0.256,16
2023-08-16,0,0,0.96344523411635,1.0695786514902759,0.248,16
2023-08-17,0,0,0.8619772162480696,1.0589241652652464,0.288,16
2023-08-18,1,0,0.84340585697894,1.037880389028011,0.336,16
2023-08-19,0,0,0.9361598228925094,1.1002132588623104,0.176,16
2023-08-20,0,0,0.9812706645380184,1.0097291898332332,0.416,16
2023-08-21,0,0,0.9880650175388538,0.9874664517588889,0.504,16
2023-08-22,0,0,0.9501391402718308,1.0168627566714967,0.4,16
2023-08-23,0,0,1.0115737235821658,0.9956419187305182,0.464,16
2023-08-24,0,0,0.9999262702998436,1.0251629744426238,0.376,16
2023-08-25,0,0,1.24194058981351,1.0671790441741884,0.248,16
2023-08-26,0,0,1.1524945548408054,1.0298787845591084,0.352,16
2023-08-27,0,0,1.0562711289247646,0.953085777779334,0.632,16
2023-08-28,0,0,1.1258216617159271,0.9505150031209854,0.648,16
2023-08-29,0,0,1.127791985065815,1.0022013681266284,0.44,16
2023-08-30,0,0,1.0730811539867262,0.9462178440990188,0.68,16
2023-08-31,0,0,1.1374657637612942,0.9669336211132116,0.584,16
2023-09-01,0,0,0.9176351523297184,0.9532635082126975,0.632,16
2023-09-02,0,0,0.9210003824336146,0.9672778366538812,0.584,16
2023-09-03,0,0,0.9421400380007852,0.9177100658001203,0.808,16
2023-09-04,0,0,0.9211686908188832,0.888079056560458,0.888,16
2023-09-05,1,0,0.8469144869908538,0.897464339026522,0.864,16
2023-09-06,1,0,0.8378144001188419,0.9265314480689637,0.784,16
2023-09-07,1,0,0.8332308808794763,0.9220872170965874,0.792,16
2023-09-08,1,0,0.7903801903571291,0.9065127590283378,0.848,16
2023-09-09,0,0,0.9215862638123296,0.8876753144528456,0.896,16
2023-09-10,0,0,0.9192039742345504,1.0407995183863372,0.328,16
2023-09-11,0,0,0.8882584499143324,1.0099513298338678,0.416,16
2023-09-12,0,0,0.9893752333510308,1.0551048440780624,0.296,16
2023-09-13,0,0,1.0276905021746976,1.050638579814452,0.304,16
2023-09-14,0,0,1.05764422804859,1.0332201897034439,0.344,16
2023-09-15,0,0,1.037244258278199,1.039730200979496,0.336,16
2023-09-16,0,0,0.9111351623678404,1.000195316417008,0.448,16
2023-09-17,0,0,0.9168705447222036,1.0514564928177517,0.304,16
2023-09-18,0,0,0.9480631642651184,1.031553499364103,0.352,16
2023-09-19,0,0,1.049584705904487,1.0382783990969773,0.336,16
2023-09-20,0,0,1.0582598221905524,1.0652470638996054,0.256,16
2023-09-21,0,0,1.0114472018825855,1.0513728201706478,0.304,16
2023-09-22,0,0,1.110871812182302,1.0568608651738272,0.288,16
2023-09-23,0,0,1.1541736168324266,1.0629692182314778,0.264,16
2023-09-24,0,0,1.1078020011333731,1.1379363268600977,0.104,16
2023-09-25,0,0,1.074645609849099,1.063079359780771,0.264,16
2023-09-26,0,0,0.9539644229731924,1.0687149015386774,0.248,16
2023-09-27,0,0,1.045324049908362,1.0580936910702117,0.288,16
2023-09-28,0,0,1.058283583828204,1.0833638340153098,0.2,16
2023-09-29,0,0,0.9529449023805296,1.1059498054190042,0.168,16
2023-09-30,0,0,1.0335157970037918,1.0720618844806054,0.248,16
2023-10-08,0,1,0.943214957935384,0.986923187845004,0.5622119815668203,16
2023-10-09,0,1,0.8954605455623991,0.9678555767619766,0.6451612903225806,16
2023-10-10,0,1,0.8714609046846392,0.9648623544748463,0.663594470046083,16
2023-10-11,0,1,0.8537394125385595,0.9817137993188605,0.5852534562211982,16
2023-10-12,0,1,0.9158302055623126,1.02501607697436,0.3640552995391705,16
2023-10-13,1,1,0.8235183048240129,0.9771490248625301,0.6036866359447005,16
2023-10-14,1,1,0.8417997244121631,0.9937851277880823,0.5207373271889401,16
2023-10-15,0,1,0.8686185654387014,1.0132569015884831,0.41935483870967744,16
2023-10-16,1,1,0.837630457855076,1.0477250311886828,0.28110599078341014,16
2023-10-17,1,1,0.7765728111191363,1.039111725696043,0.3087557603686636,16
2023-10-18,0,1,0.876315761424511,1.0365655765182318,0.31797235023041476,16
2023-10-19,0,1,0.8981339369635442,1.045143934968275,0.2857142857142857,16
2023-10-20,0,1,1.0052067391820876,1.0580218446702552,0.24423963133640553,16
2023-10-21,0,1,1.0475645261799866,1.036881432299307,0.31797235023041476,16
2023-10-22,0,1,1.0349876751325695,1.0992218761413899,0.14285714285714285,16
2023-10-23,0,1,1.0648188658578015,1.11339857188036,0.10138248847926268,16
2023-10-24,0,1,1.2288539084267107,1.1764504398030746,0.04608294930875576,16
2023-10-25,0,1,1.325022505621457,1.127415600803407,0.07373271889400922,16
2023-10-26,0,1,1.3444469765965152,1.1295671979406374,0.06912442396313365,16
2023-10-27,0,1,1.24809949228092,1.1072976608988612,0.12903225806451613,16
2023-10-28,0,1,1.1197888843427084,1.081828880205325,0.17511520737327188,16
2023-10-29,0,1,1.0278744636215793,1.0121065483194904,0.423963133640553,16
2023-10-30,0,1,1.092155254370859,1.0650093972589947,0.2304147465437788,16
2023-10-31,0,1,1.1015162289550902,1.0524444355781573,0.2764976958525346,16
2023-11-01,0,1,0.9616024375172428,0.9906450054183733,0.5299539170506913,16
2023-11-02,0,1,1.0211534524417607,0.9783612379353344,0.6036866359447005,16
2023-11-03,0,1,1.0185200315853409,1.0148985699048179,0.41013824884792627,16
2023-11-04,0,1,0.9938521706160228,1.0112750606684822,0.42857142857142855,16
2023-11-05,0,1,1.0661778939631648,0.96975191150545,0.6405529953917051,16
2023-11-06,0,1,1.1620310134405805,0.9806462078745363,0.5852534562211982,16
2023-11-07,0,1,0.980518173100777,0.9571029297496944,0.6866359447004609,16
2023-11-08,0,1,0.9051698390223948,0.9543545687423959,0.7142857142857143,16
2023-11-09,1,1,0.7489778501170876,0.9630443758316564,0.663594470046083,16
2023-11-10,1,1,0.7527771910343829,0.9652292194446295,0.6589861751152074,16
2023-11-11,0,1,0.9667089341078078,1.0138874062869319,0.41013824884792627,16
2023-11-12,0,1,0.9442364852029852,1.0677897668175182,0.2119815668202765,16
2023-11-13,1,1,0.7318274766100183,1.006591020616083,0.4608294930875576,16
2023-11-14,1,1,0.8206581432559168,1.0747360543826967,0.18433179723502305,16
2023-11-15,0,1,1.051314083184571,1.1693257460158386,0.05069124423963134,16
2023-11-16,0,1,1.0761913404529675,1.0889987519269033,0.16129032258064516,16
2023-11-17,0,1,0.9757244500222187,1.099045618149086,0.14285714285714285,16
2023-11-18,0,1,0.940194569771074,1.0272500366861856,0.35023041474654376,16
2023-11-19,0,1,0.8987004950888953,1.0749564220952224,0.18433179723502305,16
2023-11-20,0,1,1.089296800690815,1.1138497873868538,0.10138248847926268,16
2023-11-21,0,1,1.1345993778130965,1.1483212188623448,0.055299539170506916,16
2023-11-22,0,1,1.0464304602981034,1.029944514017022,0.34101382488479265,16
2023-11-23,0,1,1.1378360455267436,1.0836892310809856,0.17511520737327188,16
2023-11-24,0,1,1.3841279965162,1.160544331085209,0.055299539170506916,16
2023-11-25,0,1,1.2713157281439782,1.115127609842588,0.10138248847926268,16
2023-11-26,0,1,1.4205242426211462,1.0880343981450986,0.16129032258064516,16
2023-11-27,0,1,1.3156964922071708,1.0653174102190979,0.22119815668202766,16
2023-11-28,0,1,1.3008009098853073,1.0530829475228785,0.271889400921659,16
2023-11-29,0,1,1.2479916720289856,1.1043049430283438,0.12903225806451613,16
2023-11-30,0,1,1.184579900085264,1.0590089280179675,0.24423963133640553,16
2023-12-01,0,1,0.9217983024910515,0.9961165669641772,0.4930875576036866,16
2023-12-02,0,1,0.9872117622337688,1.0268973263987737,0.35023041474654376,16
2023-12-03,0,1,0.9761410830534396,0.9512543507256073,0.7235023041474654,16
2023-12-04,0,1,0.9081520857619844,0.9343203875837711,0.7788018433179723,16
2023-12-05,0,1,0.9381732402892374,0.9315265077037969,0.7926267281105991,16
2023-12-06,0,1,0.9296518465586814,0.9710761842681893,0.6359447004608295,16
2023-12-07,1,1,0.8413685597788102,0.9191643253088381,0.8387096774193549,16
2023-12-08,0,1,0.991352633325197,0.9506342317021187,0.7235023041474654,16
2023-12-09,0,1,0.9411554944408358,0.9283981713578997,0.7972350230414746,16
2023-12-10,1,1,0.8389522108078011,0.9935139043860106,0.5207373271889401,16
2023-12-11,1,1,0.8071649857265369,0.9648491173800664,0.663594470046083,16
2023-12-12,1,1,0.7572970023336949,0.9345253194347821,0.7741935483870968,16
2023-12-13,1,1,0.6208795880453283,1.0004998463961137,0.47465437788018433,16
2023-12-14,1,1,0.7592057772002324,1.0284753383246161,0.35023041474654376,16
2023-12-15,1,1,0.8328269225748938,1.047661253334727,0.28110599078341014,16
2023-12-16,0,1,0.8590655807455964,0.976914385532351,0.6036866359447005,16
2023-12-17,0,1,0.9377129218982944,1.0416542698853735,0.2995391705069124,16
2023-12-18,0,1,0.9642064200950122,1.048115592162805,0.28110599078341014,16
2023-12-19,0,1,0.8985380992120569,1.0555810230155414,0.25806451612903225,16
2023-12-20,0,1,1.174221538340847,1.063552331139468,0.2304147465437788,16
2023-12-21,0,1,1.219687141657661,1.0568491745196589,0.2488479262672811,16
2023-12-22,0,1,1.109109822460017,0.9913584979162725,0.5299539170506913,16
2023-12-23,0,1,1.1355025094767273,1.0265615433317419,0.35023041474654376,16
2023-12-24,0,1,1.067923542918951,1.1471303784529872,0.059907834101382486,16
2023-12-25,0,1,1.0641320258226272,1.1529586433942411,0.055299539170506916,16
2023-12-26,0,1,1.1724151428996483,1.1791679585204422,0.04608294930875576,16
2023-12-27,0,1,1.10656776396788,1.1462366900121022,0.06451612903225806,16
2023-12-28,0,1,1.0122393038967503,1.1099175142865962,0.1152073732718894,16
2023-12-29,0,1,1.1349625439131328,1.1308501569444582,0.06912442396313365,16
2023-12-30,0,1,1.107041700896765,1.0713203740806223,0.20276497695852536,16
2023-12-31,0,1,1.0540714431461404,1.0037923727274185,0.46543778801843316,16
2024-01-08,0,2,0.9380252547156612,0.9533514623200451,0.6763754045307443,16
2024-01-09,0,2,0.8604976941696318,0.9081435651340796,0.8381877022653722,16
2024-01-10,0,2,0.8967950138147822,0.9269800286058836,0.7831715210355987,16
2024-01-11,1,2,0.81515703606474,0.9132805732620043,0.8155339805825242,16
2024-01-12,1,2,0.7697963725749237,0.8811178061517989,0.919093851132686,16
2024-01-13,1,2,0.841357639507363,0.9779772413549098,0.5760517799352751,16
2024-01-14,1,2,0.8237505800283649,0.9732436903471846,0.5954692556634305,16
2024-01-15,1,2,0.8143008517556474,0.9473691572473776,0.6957928802588996,16
2024-01-16,0,2,0.8574681818882544,0.9638289748424423,0.6407766990291263,16
2024-01-17,1,2,0.7587486496508539,0.9422244523132861,0.7119741100323624,16
2024-01-18,1,2,0.6693137152967722,0.9212189773100434,0.7993527508090615,16
2024-01-19,1,2,0.6699104276785826,1.006432732726246,0.4401294498381877,16
2024-01-20,0,2,0.8772632858888515,1.0042330909395423,0.4563106796116505,16
2024-01-21,0,2,0.9892903383152972,1.1032532719232961,0.1650485436893204,16
2024-01-22,0,2,1.117405717166005,1.0628259198030319,0.2459546925566343,16
2024-01-23,0,2,1.1151266074232986,1.015071862329177,0.4045307443365696,16
2024-01-24,0,2,1.075838623368072,1.1242825825170124,0.11326860841423948,16
2024-01-25,0,2,1.2754491983991014,1.1750312039261301,0.06472491909385113,16
2024-01-26,0,2,1.423986158079574,1.1904514466002531,0.05501618122977346,16
2024-01-27,0,2,1.2093563799502314,1.1217622408560137,0.11650485436893204,16
2024-01-28,0,2,1.0654453237147563,1.1109410943947018,0.13268608414239483,16
2024-01-29,0,2,0.947841005507312,1.1099646610747709,0.1423948220064725,16
2024-01-30,1,2,0.8351685356731198,1.1103711589756442,0.13268608414239483,16
2024-01-31,0,2,0.9497929613869894,1.1938417044780678,0.05177993527508091,16
2024-02-01,0,2,0.917248696829258,1.09256348121671,0.18446601941747573,16
2024-02-02,0,2,0.8851405980336539,1.035785724030724,0.3333333333333333,16
2024-02-03,0,2,0.982826709401738,1.068576044818474,0.22653721682847897,16
2024-02-04,0,2,1.0025264392902944,0.9236116696904492,0.7961165048543689,16
2024-02-05,0,2,0.9483480269362228,0.9320197970872046,0.7702265372168284,16
2024-02-06,0,2,1.0972617113073977,0.9438953009081741,0.7022653721682848,16
2024-02-07,0,2,1.0891759604105706,0.9399494736117759,0.7249190938511327,16
2024-02-08,0,2,1.096557459323093,0.8896773142719219,0.889967637540453,16
2024-02-09,0,2,1.1167044003098343,0.890720229027485,0.8867313915857605,16
2024-02-10,0,2,1.0002853718765394,0.8694653739069851,0.941747572815534,16
2024-02-11,0,2,1.0068662107279371,0.8813415065353003,0.919093851132686,16
2024-02-12,0,2,1.068197683139049,1.0017517086654275,0.47249190938511326,16
2024-02-13,0,2,0.9193871015786248,0.9301842648107137,0.7702265372168284,16
2024-02-14,0,2,0.9666893508669268,0.9715593924249174,0.6051779935275081,16
2024-02-15,0,2,0.9701647067175788,0.9581331867623567,0.6601941747572816,16
2024-02-16,0,2,0.951505866659967,0.910753068916718,0.8317152103559871,16
2024-02-17,0,2,0.9867051638475192,0.9259635299279576,0.7864077669902912,16
2024-02-18,0,2,0.9427333113260588,1.0006031683257008,0.47896440129449835,16
2024-02-19,0,2,0.978784236975376,0.9941922232046453,0.5145631067961165,16
2024-02-20,0,2,1.2204788803729685,0.9984219009365202,0.4919093851132686,16
2024-02-21,0,2,1.2578634247818792,0.9962087553758313,0.5080906148867314,16
2024-02-22,0,2,1.4160461739581691,0.971986767818694,0.6019417475728155,16
2024-02-23,0,2,1.4083895326125038,0.9771030714585593,0.5825242718446602,16
2024-02-24,0,2,1.2889078774480094,1.0249949196471102,0.3592233009708738,16
2024-02-25,0,2,1.408628586196815,1.148474857246571,0.0744336569579288,16
2024-02-26,0,2,1.5357853726649573,1.1240544152281833,0.11326860841423948,16
2024-02-27,0,2,1.4255036298830266,1.0955962874373308,0.1779935275080906,16
2024-02-28,0,2,1.3472740673438566,1.0391399272921724,0.3268608414239482,16
2024-02-29,0,2,1.0804552257818711,1.1027691097333814,0.1650485436893204,16
2024-03-01,0,2,1.0254354181414247,1.002853917948419,0.4563106796116505,16
2024-03-02,0,2,1.1320172826735235,1.0528197116021285,0.2815533980582524,16
2024-03-03,0,2,1.128319747911003,0.9264758437259853,0.7864077669902912,16
2024-03-04,0,2,0.9822802609177096,0.9155337842981028,0.8058252427184466,16
2024-03-05,0,2,0.9670810502033153,0.8875767832849502,0.8996763754045307,16
2024-03-06,0,2,0.946135861635669,0.9604385433402638,0.6537216828478964,16
2024-03-07,0,2,0.8708436819149774,0.9007628280444197,0.8640776699029126,16
2024-03-08,0,2,0.8762602644369504,0.9210371752999952,0.8025889967637541,16
2024-03-09,1,2,0.8487925178810976,0.9337385278125246,0.7605177993527508,16
2024-03-10,1,2,0.7728795364314732,0.8598705859624542,0.9546925566343042,16
2024-03-11,1,2,0.708461282966484,0.850313494830472,0.9579288025889967,16
2024-03-12,1,2,0.6426398373180695,0.8761154505535934,0.9288025889967637,16
2024-03-13,1,2,0.571377925482258,0.8640955738169558,0.948220064724919,16
2024-03-14,1,2,0.6901720416567598,0.9247736139626193,0.7896440129449838,16
2024-03-15,1,2,0.7549641664287521,0.9951157399951446,0.5080906148867314,16
2024-03-16,1,2,0.836506042031234,0.9381864086537068,0.7378640776699029,16
2024-03-17,0,2,0.9709646135075468,1.004374281522348,0.45307443365695793,16
2024-03-18,0,2,0.9688339478220468,1.0458400933795493,0.29449838187702265,16
2024-03-19,0,2,0.9413149393033896,1.0428085143070895,0.3106796116504854,16
2024-03-20,0,2,1.0655612632569766,1.046472882293906,0.29449838187702265,16
2024-03-21,0,2,1.133253625646406,1.0426476966117149,0.3106796116504854,16
2024-03-22,0,2,1.113040266895566,0.9844860372039643,0.5501618122977346,16
2024-03-23,0,2,1.036710651553232,1.003749629949649,0.4563106796116505,16
2024-03-24,0,2,0.9228864380293004,1.1123590667226184,0.1262135922330097,16
2024-03-25,0,2,1.1500417141558186,1.2134021421735746,0.038834951456310676,16
2024-03-26,0,2,1.298740837351826,1.175373158951104,0.06472491909385113,16
2024-03-27,0,2,1.2996211124527302,1.1830700674386263,0.05501618122977346,16
2024-03-28,0,2,1.323402650373225,1.196858308290267,0.05177993527508091,16
2024-03-29,0,2,1.3339767416071382,1.10839246431963,0.15210355987055016,16
2024-03-30,0,2,1.273455247833983,1.1332637555924565,0.10032362459546926,16
2024-03-31,0,2,1.1543087116353845,1.1101830269805666,0.1423948220064725,16
2024-04-08,0,3,0.9013501692371486,0.8603954896624556,0.92,16
2024-04-09,0,3,0.9504673829573714,0.8632551421306384,0.915,16
2024-04-10,1,3,0.8243382492106264,0.8352010532493465,0.95,16
2024-04-11,1,3,0.7834501466330951,0.8088003284353451,0.975,16
2024-04-12,0,3,0.8698604395795992,0.8562287551503481,0.9225,16
2024-04-13,1,3,0.7597608507551356,0.8868360655548164,0.8875,16
2024-04-14,1,3,0.677212775397524,0.9243586354515365,0.785,16
2024-04-15,1,3,0.6920359386686836,0.9327078435392168,0.7525,16
2024-04-16,1,3,0.6104944247335421,0.9558852822477981,0.6775,16
2024-04-17,1,3,0.5682484576390117,0.9495763413390373,0.7075,16
2024-04-18,1,3,0.6743462566199577,0.9894599878706847,0.5375,16
2024-04-19,1,3,0.8021678182057587,1.040004430294314,0.3575,16
2024-04-20,1,3,0.8338345092652095,1.0210894213566999,0.43,16
2024-04-21,0,3,0.9500977307262902,1.135773808795938,0.135,16
2024-04-22,0,3,0.894020763122248,1.0991483370255037,0.2075,16
2024-04-23,0,3,0.991399742819852,1.133791760792193,0.1375,16
2024-04-24,0,3,1.0878447526166517,1.2417557872048781,0.035,16
2024-04-25,0,3,1.1142222845209917,1.2369795214864168,0.035,16
2024-04-26,0,3,1.007146643273655,1.1861721358888495,0.08,16
2024-04-27,0,3,1.1844212349409298,1.1607358721643184,0.1075,16
2024-04-28,0,3,1.1006217153126756,1.1894372299820652,0.0725,16
2024-04-29,0,3,1.2106187582063732,1.1949324620000514,0.065,16
2024-04-30,0,3,1.176679988504357,1.2050386541742681,0.0525,16
2024-05-01,0,3,1.169712985396964,1.1643649462634496,0.1,16
2024-05-02,0,3,1.216461054387081,1.1539643044462657,0.1175,16
2024-05-03,0,3,1.397113446052744,1.1378277583578764,0.1325,16
2024-05-04,0,3,1.0699333394458723,1.092598685917997,0.2175,16
2024-05-05,0,3,1.0152024835913225,0.9815914301646517,0.595,16
2024-05-06,0,3,0.9666563960052584,1.0128069625899017,0.4575,16
2024-05-07,0,3,1.0010999776265437,1.0117425182830186,0.4675,16
2024-05-08,0,3,1.045751819874061,1.0339541957344154,0.365,16
2024-05-09,0,3,1.2333799656918272,0.9741748864885901,0.62,16
2024-05-10,0,3,1.0191571683896132,0.982777134692195,0.5875,16
2024-05-11,0,3,0.9714474788616788,1.006874582320594,0.485,16
2024-05-12,0,3,1.0535541973093132,0.9604343910341258,0.665,16
2024-05-13,0,3,1.0240117177175188,1.0134070168192546,0.455,16
2024-05-14,0,3,1.125954466739724,0.9671045681398164,0.635,16
2024-05-15,0,3,1.2327625220716356,0.9454120206105239,0.715,16
2024-05-16,0,3,0.8955376067268118,0.9407066614260998,0.73,16
2024-05-17,1,3,0.7913953040488042,0.9158544466958941,0.81,16
2024-05-18,0,3,0.9055523499200772,0.9731915978563053,0.6275,16
2024-05-19,0,3,1.0128479078315926,1.0743143760429563,0.2525,16
2024-05-20,0,3,1.2727679133110166,1.0677052722348765,0.2725,16
2024-05-21,0,3,1.1537031263145334,1.043346522188497,0.3475,16
2024-05-22,0,3,1.046269531398886,0.9685329865966306,0.635,16
2024-05-23,0,3,1.0562146124420275,1.00756137232759,0.4825,16
2024-05-24,0,3,1.2380722690129595,1.1277798634141536,0.1475,16
2024-05-25,0,3,1.2213285629567612,1.1399626366325786,0.1325,16
2024-05-26,0,3,1.228174786340416,1.2165383080022267,0.05,16
2024-05-27,0,3,1.0487811469475452,1.1570682754195105,0.1125,16
2024-05-28,0,3,0.9800365302910446,1.1513484618338827,0.12,16
2024-05-29,0,3,0.9766676001211076,1.1348898526268438,0.1375,16
2024-05-30,0,3,1.0512578208843095,1.180606622261259,0.085,16
2024-05-31,0,3,0.9961927431314136,1.1994278266639653,0.0575,16
2024-06-01,0,3,1.0782850177636043,1.1401999617220382,0.1325,16
2024-06-02,0,3,0.9920610924462848,0.9829688017517725,0.5875,16
2024-06-03,0,3,0.9346561396567484,0.969041848931427,0.635,16
2024-06-04,0,3,0.9732410768918764,0.9821228283688037,0.5925,16
2024-06-05,0,3,1.0072004413080666,1.0113508119176355,0.47,16
2024-06-06,0,3,0.9640593675152046,0.954626272970907,0.685,16
2024-06-07,0,3,1.1256372778569268,0.988658333881703,0.5425,16
2024-06-08,0,3,1.1008109168047002,0.9346001721478602,0.745,16
2024-06-09,0,3,0.989007483306001,1.02930814075137,0.385,16
2024-06-10,0,3,0.9274834755604218,1.0563809459939817,0.3025,16
2024-06-11,0,3,1.0227093286635367,1.0511412960613777,0.3175,16
2024-06-12,0,3,0.8594831565656494,1.0594011701365869,0.295,16
2024-06-13,0,3,0.917704853697102,1.051026828645564,0.3175,16
2024-06-14,1,3,0.6795921971656652,1.0156186012780413,0.4525,16
2024-06-15,1,3,0.6145184425791482,1.0260263260687135,0.3975,16
2024-06-16,1,3,0.6919752734828566,0.8392330834007138,0.9475,16
2024-06-17,1,3,0.7297780106527604,0.8690599299196129,0.9075,16
2024-06-18,1,3,0.6735497277838808,0.8736858390363273,0.905,16
2024-06-19,1,3,0.7804324729432032,0.8660189513215502,0.9125,16
2024-06-20,1,3,0.8217039182820827,0.8589290535151617,0.92,16
2024-06-21,1,3,0.7884223086555656,0.8365515465206925,0.95,16
2024-06-22,0,3,0.9602602959616506,0.8570028554482755,0.9225,16
2024-06-23,0,3,1.024427310962878,1.1249590140441188,0.155,16
2024-06-24,0,3,1.195491628687297,1.2086289312523812,0.05,16
2024-06-25,0,3,1.215906713930801,1.203336654527387,0.055,16
2024-06-26,0,3,1.2258309674396182,1.1619696014158987,0.1025,16
2024-06-27,0,3,1.073965935073988,1.1501511650898482,0.12,16
2024-06-28,0,3,1.2305126825999335,1.2278231542694764,0.045,16
2024-06-29,0,3,1.097148681317217,1.2194903222971512,0.05,16
2024-06-30,0,3,1.0619410379298095,1.1044312031612349,0.195,16
2024-07-08,0,4,1.116457631384267,0.9973707295590665,0.4908350305498982,16
2024-07-09,0,4,1.0101891778297445,0.9232370481586833,0.7596741344195519,16
2024-07-10,0,4,1.0863941086454256,0.9965248487956422,0.49287169042769857,16
2024-07-11,0,4,0.9965360490189162,0.9634032963226613,0.6171079429735234,16
2024-07-12,0,4,0.9539304823475042,0.9496908647220106,0.659877800407332,16
2024-07-13,0,4,0.950638118953398,0.9573541885522618,0.6354378818737271,16
2024-07-14,1,4,0.8397214790590249,0.869495831227428,0.8839103869653768,16
2024-07-15,1,4,0.7334528107337351,0.856730485825526,0.8961303462321792,16
2024-07-16,0,4,0.8883891721870719,0.9396001356989873,0.7107942973523421,16
2024-07-17,1,4,0.8437789187234767,0.9438624193737507,0.6802443991853361,16
2024-07-18,1,4,0.8472455707817422,0.9453580587645327,0.6741344195519349,16
2024-07-19,0,4,0.910717151006186,0.9053615865187495,0.8167006109979633,16
2024-07-20,0,4,0.925370339191337,0.9186769771778379,0.7718940936863544,16
2024-07-21,0,4,0.9397654980095967,1.078833299879345,0.2545824847250509,16
2024-07-22,0,4,1.104105804698513,1.091011755909654,0.23625254582484725,16
2024-07-23,0,4,1.121178664383199,1.0819646742835254,0.2484725050916497,16
2024-07-24,0,4,1.2550419907953434,1.1593262328336273,0.09979633401221996,16
2024-07-25,0,4,1.3558074600098629,1.1765786197136814,0.0814663951120163,16
2024-07-26,0,4,1.2959917929379574,1.1025190074049838,0.20366598778004075,16
2024-07-27,0,4,1.2389659237927133,1.1510633265523431,0.12016293279022404,16
2024-07-28,0,4,1.4091135047749308,1.1726455934799334,0.08757637474541752,16
2024-07-29,0,4,1.3050678458824962,1.1420517151666398,0.13238289205702647,16
2024-07-30,0,4,1.3048241644198404,1.1652435721576773,0.09368635437881874,16
2024-07-31,0,4,1.2597264680283011,1.1073889457275072,0.19144602851323828,16
2024-08-01,0,4,1.121700455984094,1.0414517530715217,0.34012219959266804,16
2024-08-02,0,4,1.0415576174661785,1.0397803862475432,0.35030549898167007,16
2024-08-03,0,4,1.0714138034837262,1.058089080164534,0.29327902240325865,16
2024-08-04,0,4,0.9254800342702844,0.9189970722365706,0.769857433808554,16
2024-08-05,0,4,0.9988541841260816,0.9258714682362493,0.7576374745417516,16
2024-08-06,0,4,0.9756751014725488,0.9355330123593064,0.7230142566191446,16
2024-08-07,0,4,0.950823057621353,0.9222438786505841,0.7617107942973523,16
2024-08-08,0,4,0.903694941501862,0.9162404991422191,0.7881873727087576,16
2024-08-09,0,4,0.9996673408605188,0.9535992470515751,0.6496945010183299,16
2024-08-10,0,4,1.0858174208180866,0.942587324696046,0.6924643584521385,16
2024-08-11,0,4,1.044348391022553,1.0105376637551888,0.46028513238289204,16
2024-08-12,0,4,0.932182289361824,0.9414475913117656,0.6965376782077393,16
2024-08-13,0,4,0.9069610610786007,0.9401322840938227,0.7046843177189409,16
2024-08-14,1,4,0.8265701897589802,0.9411365878292949,0.6985743380855397,16
2024-08-15,0,4,0.9676451248182724,0.9835187220429772,0.5478615071283096,16
2024-08-16,0,4,0.9250031917066456,0.981845875353906,0.5519348268839104,16
2024-08-17,0,4,0.8864973567568095,0.9445511819382708,0.6761710794297352,16
2024-08-18,0,4,0.9752006344141928,0.8537228716389249,0.8981670061099797,16
2024-08-19,0,4,0.9430349725449813,0.8596248158082264,0.8940936863543788,16
2023-07-08,0,0,0.9241726794350844,0.8945967575930489,0.872,17
2023-07-09,0,0,0.9743232874576132,1.0748022620948918,0.224,17
2023-07-10,0,0,0.9966145169869692,1.0643133503600588,0.256,17
2023-07-11,0,0,0.9517191542034068,1.0369984197894022,0.328,17
2023-07-12,0,0,0.948542157152549,1.0087103151698054,0.408,17
2023-07-13,1,0,0.8136032158541315,0.9971521851592211,0.44,17
2023-07-14,1,0,0.8379735483359313,1.0505910500495304,0.312,17
2023-07-15,0,0,0.8701002940440485,1.028225904474303,0.352,17
2023-07-16,0,0,0.9114132510669704,1.0656754624884213,0.256,17
2023-07-17,0,0,0.8908737944136609,1.084280643882012,0.2,17
2023-07-18,0,0,0.9255322693960212,1.0331319801833885,0.336,17
2023-07-19,0,0,0.967263115722151,1.0127056585716052,0.4,17
2023-07-20,0,0,1.0407271001586968,1.036459266283138,0.328,17
2023-07-21,0,0,1.0879196255666288,1.0877627537099288,0.192,17
2023-07-22,0,0,1.0747706880007073,1.0858285788124715,0.2,17
2023-07-23,0,0,1.082245562916266,1.0808489001692483,0.208,17
2023-07-24,0,0,1.1801619598634046,1.1716636701028798,0.072,17
2023-07-25,0,0,1.1393366031481695,1.065878719425583,0.256,17
2023-07-26,0,0,1.0470649557621556,1.0795475086302062,0.208,17
2023-07-27,0,0,1.0524089049987362,1.0991578043446966,0.176,17
2023-07-28,0,0,1.0961332324625743,1.1455689221716783,0.096,17
2023-07-29,0,0,1.1475046354373504,1.1053355274901084,0.168,17
2023-07-30,0,0,1.1030104289707232,1.0868196220115038,0.2,17
2023-07-31,0,0,0.9802661574733532,1.036504409444214,0.328,17
2023-08-01,0,0,0.9276591914865956,1.1053574747787538,0.168,17
2023-08-02,0,0,0.9856192869568604,1.1020974333544695,0.176,17
2023-08-03,0,0,0.9849464199753928,1.0778839167659773,0.216,17
2023-08-04,0,0,1.0288017106784253,1.0614291803229876,0.264,17
2023-08-05,0,0,1.0494101563413691,1.0329490225950009,0.344,17
2023-08-06,0,0,0.925332606177236,1.0083997223061185,0.408,17
2023-08-07,0,0,1.0600347894644628,1.0240868798325005,0.36,17
2023-08-08,0,0,1.2032070808322328,1.118858765465314,0.144,17
2023-08-09,0,0,1.1361856872066751,1.0575755526170232,0.28,17
2023-08-10,0,0,1.2169384711338458,1.0296787320171836,0.352,17
2023-08-11,0,0,1.124374488467241,1.0037509217028053,0.432,17
2023-08-12,0,0,1.0302234899243532,0.9705015287547719,0.568,17
2023-08-13,0,0,1.1364735275600777,1.0568795277178944,0.28,17
2023-08-14,0,0,1.0140690876726717,1.0778633941325972,0.216,17
2023-08-15,0,0,0.9598834391613684,1.0438734438216675,0.312,17
2023-08-16,0,0,0.96344523411635,1.0688827082512993,0.248,17
2023-08-17,0,0,0.8619772162480696,1.0297189371028335,0.352,17
2023-08-18,1,0,0.84340585697894,1.0348731051121305,0.328,17
2023-08-19,0,0,0.9361598228925094,1.1010114403679452,0.176,17
2023-08-20,0,0,0.9812706645380184,1.014252096590597,0.4,17
2023-08-21,0,0,0.9880650175388538,0.9895011561348808,0.496,17
2023-08-22,0,0,0.9501391402718308,1.0015034689532658,0.432,17
2023-08-23,0,0,1.0115737235821658,0.9939360302197119,0.48,17
2023-08-24,0,0,0.9999262702998436,1.0213217271809196,0.368,17
2023-08-25,0,0,1.24194058981351,1.0718005399989003,0.24,17
2023-08-26,0,0,1.1524945548408054,1.0186525607453087,0.4,17
2023-08-27,0,0,1.0562711289247646,0.9560014110807312,0.608,17
2023-08-28,0,0,1.1258216617159271,0.9435048529352807,0.688,17
2023-08-29,0,0,1.127791985065815,1.0035891862122797,0.432,17
2023-08-30,0,0,1.0730811539867262,0.9421123701561811,0.688,17
2023-08-31,0,0,1.1374657637612942,0.9722476860897743,0.56,17
2023-09-01,0,0,0.9176351523297184,0.9405919707993055,0.688,17
2023-09-02,0,0,0.9210003824336146,0.9623659220698032,0.584,17
2023-09-03,0,0,0.9421400380007852,0.9057959937170763,0.864,17
2023-09-04,0,0,0.9211686908188832,0.8780290331948806,0.896,17
2023-09-05,1,0,0.8469144869908538,0.8847092458320069,0.888,17
2023-09-06,1,0,0.8378144001188419,0.9280198815849166,0.744,17
2023-09-07,1,0,0.8332308808794763,0.9172138606615242,0.792,17
2023-09-08,1,0,0.7903801903571291,0.9104410008010198,0.832,17
2023-09-09,0,0,0.9215862638123296,0.8881282724492429,0.888,17
2023-09-10,0,0,0.9192039742345504,1.0340123223534576,0.336,17
2023-09-11,0,0,0.8882584499143324,1.0001594425839255,0.432,17
2023-09-12,0,0,0.9893752333510308,1.0426193947418871,0.312,17
2023-09-13,0,0,1.0276905021746976,1.0497507709333442,0.312,17
2023-09-14,0,0,1.05764422804859,1.0383058400818492,0.328,17
2023-09-15,0,0,1.037244258278199,1.0285919983924472,0.352,17
2023-09-16,0,0,0.9111351623678404,0.9910862952597084,0.488,17
2023-09-17,0,0,0.9168705447222036,1.0436697427180104,0.312,17
2023-09-18,0,0,0.9480631642651184,1.044814491469214,0.312,17
2023-09-19,0,0,1.049584705904487,1.0432235998730803,0.312,17
2023-09-20,0,0,1.0582598221905524,1.0462877793961167,0.312,17
2023-09-21,0,0,1.0114472018825855,1.0395341562034826,0.328,17
2023-09-22,0,0,1.110871812182302,1.045788499728662,0.312,17
2023-09-23,0,0,1.1541736168324266,1.0622542146044456,0.264,17
2023-09-24,0,0,1.1078020011333731,1.1255770980321471,0.136,17
2023-09-25,0,0,1.074645609849099,1.0601749527040558,0.272,17
2023-09-26,0,0,0.9539644229731924,1.0528978495426113,0.312,17
2023-09-27,0,0,1.045324049908362,1.03808305115235,0.328,17
2023-09-28,0,0,1.058283583828204,1.075688769835058,0.224,17
2023-09-29,0,0,0.9529449023805296,1.1092721349953054,0.16,17
2023-09-30,0,0,1.0335157970037918,1.0567947761316423,0.28,17
2023-10-08,0,1,0.943214957935384,0.9971287381247937,0.48847926267281105,17
2023-10-09,0,1,0.8954605455623991,0.9792465971696246,0.5714285714285714,17
2023-10-10,0,1,0.8714609046846392,0.9661851289258712,0.6405529953917051,17
2023-10-11,0,1,0.8537394125385595,0.9787484022281899,0.576036866359447,17
2023-10-12,0,1,0.9158302055623126,1.0267310488561852,0.35023041474654376,17
2023-10-13,1,1,0.8235183048240129,0.9865756511816579,0.5391705069124424,17
2023-10-14,1,1,0.8417997244121631,0.9929504833243327,0.5069124423963134,17
2023-10-15,0,1,0.8686185654387014,1.020094587913837,0.3824884792626728,17
2023-10-16,1,1,0.837630457855076,1.0536341125107889,0.2672811059907834,17
2023-10-17,1,1,0.7765728111191363,1.037171319767635,0.31336405529953915,17
2023-10-18,0,1,0.876315761424511,1.040664371262621,0.30414746543778803,17
2023-10-19,0,1,0.8981339369635442,1.0627769488956853,0.22119815668202766,17
2023-10-20,0,1,1.0052067391820876,1.0540914464081137,0.2672811059907834,17
2023-10-21,0,1,1.0475645261799866,1.039009975600627,0.30414746543778803,17
2023-10-22,0,1,1.0349876751325695,1.0897969109075716,0.15668202764976957,17
2023-10-23,0,1,1.0648188658578015,1.085411022480089,0.15668202764976957,17
2023-10-24,0,1,1.2288539084267107,1.153200511159676,0.055299539170506916,17
2023-10-25,0,1,1.325022505621457,1.1180145785891888,0.0967741935483871,17
2023-10-26,0,1,1.3444469765965152,1.1031612148470478,0.12442396313364056,17
2023-10-27,0,1,1.24809949228092,1.0965344802903383,0.14746543778801843,17
2023-10-28,0,1,1.1197888843427084,1.0550633018337614,0.2626728110599078,17
2023-10-29,0,1,1.0278744636215793,0.996768842053807,0.48847926267281105,17
2023-10-30,0,1,1.092155254370859,1.0598162378170604,0.24423963133640553,17
2023-10-31,0,1,1.1015162289550902,1.0537687301519103,0.2672811059907834,17
2023-11-01,0,1,0.9616024375172428,0.9920504111590798,0.511520737327189,17
2023-11-02,0,1,1.0211534524417607,0.9799248834160786,0.5714285714285714,17
2023-11-03,0,1,1.0185200315853409,1.0120360772095742,0.4147465437788018,17
2023-11-04,0,1,0.9938521706160228,1.0061928012496542,0.45622119815668205,17
2023-11-05,0,1,1.0661778939631648,0.9734814365003831,0.6221198156682027,17
2023-11-06,0,1,1.1620310134405805,0.9760842413905401,0.5990783410138248,17
2023-11-07,0,1,0.980518173100777,0.9420991464129655,0.7373271889400922,17
2023-11-08,0,1,0.9051698390223948,0.9526837213370923,0.7004608294930875,17
2023-11-09,1,1,0.7489778501170876,0.9520104955526986,0.7050691244239631,17
2023-11-10,1,1,0.7527771910343829,0.9595175202202866,0.663594470046083,17
2023-11-11,0,1,0.9667089341078078,1.0029425313146902,0.46543778801843316,17
2023-11-12,0,1,0.9442364852029852,1.0553388289589112,0.2626728110599078,17
2023-11-13,1,1,0.7318274766100183,0.9969675506304431,0.48847926267281105,17
2023-11-14,1,1,0.8206581432559168,1.0595699374721461,0.24423963133640553,17
2023-11-15,0,1,1.051314083184571,1.1383024172729923,0.059907834101382486,17
2023-11-16,0,1,1.0761913404529675,1.0703257172266434,0.1889400921658986,17
2023-11-17,0,1,0.9757244500222187,1.0872728437107864,0.15668202764976957,17
2023-11-18,0,1,0.940194569771074,1.0138750994350954,0.4009216589861751,17
2023-11-19,0,1,0.8987004950888953,1.0567098133356603,0.2534562211981567,17
2023-11-20,0,1,1.089296800690815,1.1033045759523625,0.12442396313364056,17
2023-11-21,0,1,1.1345993778130965,1.1388992151495194,0.059907834101382486,17
2023-11-22,0,1,1.0464304602981034,1.0287470883038472,0.34101382488479265,17
2023-11-23,0,1,1.1378360455267436,1.0815831825424993,0.17050691244239632,17
2023-11-24,0,1,1.3841279965162,1.1485092247493829,0.055299539170506916,17
2023-11-25,0,1,1.2713157281439782,1.1201521599323907,0.0967741935483871,17
2023-11-26,0,1,1.4205242426211462,1.0652354783725118,0.2119815668202765,17
2023-11-27,0,1,1.3156964922071708,1.064641948135014,0.2119815668202765,17
2023-11-28,0,1,1.3008009098853073,1.0368269724684247,0.31336405529953915,17
2023-11-29,0,1,1.2479916720289856,1.1007611463915568,0.12903225806451613,17
2023-11-30,0,1,1.184579900085264,1.0600681934328695,0.23963133640552994,17
2023-12-01,0,1,0.9217983024910515,0.9949556697219964,0.4930875576036866,17
2023-12-02,0,1,0.9872117622337688,1.0117433481241906,0.4147465437788018,17
2023-12-03,0,1,0.9761410830534396,0.9503937896209464,0.7050691244239631,17
2023-12-04,0,1,0.9081520857619844,0.9242169142391139,0.8110599078341014,17
2023-12-05,0,1,0.9381732402892374,0.9208650388224201,0.8248847926267281,17
2023-12-06,0,1,0.9296518465586814,0.9679122771577005,0.6359447004608295,17
2023-12-07,1,1,0.8413685597788102,0.9169012387501666,0.8341013824884793,17
2023-12-08,0,1,0.991352633325197,0.9514300316639619,0.7050691244239631,17
2023-12-09,0,1,0.9411554944408358,0.9311516885998666,0.7695852534562212,17
2023-12-10,1,1,0.8389522108078011,0.9781425873935573,0.576036866359447,17
2023-12-11,1,1,0.8071649857265369,0.9712912101101033,0.6221198156682027,17
2023-12-12,1,1,0.7572970023336949,0.927763049940406,0.7972350230414746,17
2023-12-13,1,1,0.6208795880453283,1.0082963948417027,0.4423963133640553,17
2023-12-14,1,1,0.7592057772002324,1.0117837054592302,0.4147465437788018,17
2023-12-15,1,1,0.8328269225748938,1.039149824686901,0.30414746543778803,17
2023-12-16,0,1,0.8590655807455964,0.9669212948248298,0.6405529953917051,17
2023-12-17,0,1,0.9377129218982944,1.0384184438582948,0.30414746543778803,17
2023-12-18,0,1,0.9642064200950122,1.0452522682208636,0.2857142857142857,17
2023-12-19,0,1,0.8985380992120569,1.0464486063172338,0.28110599078341014,17
2023-12-20,0,1,1.174221538340847,1.0440883361017848,0.2903225806451613,17
2023-12-21,0,1,1.219687141657661,1.0595141627547504,0.24423963133640553,17
2023-12-22,0,1,1.109109822460017,0.9928568949606494,0.5069124423963134,17
2023-12-23,0,1,1.1355025094767273,1.0273484057165545,0.3456221198156682,17
2023-12-24,0,1,1.067923542918951,1.1582227863154293,0.055299539170506916,17
2023-12-25,0,1,1.0641320258226272,1.1334556683198425,0.06451612903225806,17
2023-12-26,0,1,1.1724151428996483,1.153091352584908,0.055299539170506916,17
2023-12-27,0,1,1.10656776396788,1.1505719191873771,0.055299539170506916,17
2023-12-28,0,1,1.0122393038967503,1.1062375236012252,0.1152073732718894,17
2023-12-29,0,1,1.1349625439131328,1.1371233870517803,0.06451612903225806,17
2023-12-30,0,1,1.107041700896765,1.081325174140385,0.17050691244239632,17
2023-12-31,0,1,1.0540714431461404,0.9987504597639137,0.48847926267281105,17
2024-01-08,0,2,0.9380252547156612,0.939336765123338,0.7055016181229773,17
2024-01-09,0,2,0.8604976941696318,0.8912280164247551,0.883495145631068,17
2024-01-10,0,2,0.8967950138147822,0.913647568996884,0.8058252427184466,17
2024-01-11,1,2,0.81515703606474,0.8984582430547519,0.86084142394822,17
2024-01-12,1,2,0.7697963725749237,0.8718957714208041,0.9288025889967637,17
2024-01-13,1,2,0.841357639507363,0.9702501068768429,0.598705501618123,17
2024-01-14,1,2,0.8237505800283649,0.967345653345848,0.6051779935275081,17
2024-01-15,1,2,0.8143008517556474,0.935812075883735,0.7281553398058253,17
2024-01-16,0,2,0.8574681818882544,0.9571690671285844,0.6666666666666666,17
2024-01-17,1,2,0.7587486496508539,0.9295708070022517,0.7508090614886731,17
2024-01-18,1,2,0.6693137152967722,0.9157575994432602,0.7993527508090615,17
2024-01-19,1,2,0.6699104276785826,0.9951707896858047,0.5016181229773463,17
2024-01-20,0,2,0.8772632858888515,1.0055416689908947,0.44983818770226536,17
2024-01-21,0,2,0.9892903383152972,1.0983914676261703,0.16828478964401294,17
2024-01-22,0,2,1.117405717166005,1.0585228774050581,0.255663430420712,17
2024-01-23,0,2,1.1151266074232986,1.0229841920545901,0.35275080906148865,17
2024-01-24,0,2,1.075838623368072,1.117810070512401,0.11650485436893204,17
2024-01-25,0,2,1.2754491983991014,1.172469288443081,0.05501618122977346,17
2024-01-26,0,2,1.423986158079574,1.1826519848138424,0.05501618122977346,17
2024-01-27,0,2,1.2093563799502314,1.121656252058955,0.11003236245954692,17
2024-01-28,0,2,1.0654453237147563,1.0779276380106035,0.21035598705501618,17
2024-01-29,0,2,0.947841005507312,1.0915122711153935,0.18122977346278318,17
2024-01-30,1,2,0.8351685356731198,1.0983503350458783,0.16828478964401294,17
2024-01-31,0,2,0.9497929613869894,1.1969597520371489,0.04854368932038835,17
2024-02-01,0,2,0.917248696829258,1.0852257426951863,0.18770226537216828,17
2024-02-02,0,2,0.8851405980336539,1.0212968160747948,0.3592233009708738,17
2024-02-03,0,2,0.982826709401738,1.0519053045179487,0.2686084142394822,17
2024-02-04,0,2,1.0025264392902944,0.9043878553725323,0.8349514563106796,17
2024-02-05,0,2,0.9483480269362228,0.9204090237007743,0.7896440129449838,17
2024-02-06,0,2,1.0972617113073977,0.9214543076987071,0.7864077669902912,17
2024-02-07,0,2,1.0891759604105706,0.9299453296352911,0.7508090614886731,17
2024-02-08,0,2,1.096557459323093,0.8764380162475686,0.919093851132686,17
2024-02-09,0,2,1.1167044003098343,0.8849001867244158,0.8964401294498382,17
2024-02-10,0,2,1.0002853718765394,0.8473395052573475,0.9611650485436893,17
2024-02-11,0,2,1.0068662107279371,0.877831707712726,0.919093851132686,17
2024-02-12,0,2,1.068197683139049,0.9772287026115716,0.5598705501618123,17
2024-02-13,0,2,0.9193871015786248,0.9183686526376982,0.7961165048543689,17
2024-02-14,0,2,0.9666893508669268,0.9395522221207776,0.7055016181229773,17
2024-02-15,0,2,0.9701647067175788,0.9339698110743353,0.7346278317152104,17
2024-02-16,0,2,0.951505866659967,0.9047610004011466,0.8349514563106796,17
2024-02-17,0,2,0.9867051638475192,0.9046154119491157,0.8349514563106796,17
2024-02-18,0,2,0.9427333113260588,0.9923615773586179,0.5145631067961165,17
2024-02-19,0,2,0.978784236975376,0.9868739785998966,0.5339805825242718,17
2024-02-20,0,2,1.2204788803729685,0.9806679200150925,0.5469255663430421,17
2024-02-21,0,2,1.2578634247818792,0.982190955937989,0.540453074433657,17
2024-02-22,0,2,1.4160461739581691,0.9451352439128824,0.6925566343042071,17
2024-02-23,0,2,1.4083895326125038,0.9681039060150904,0.6051779935275081,17
2024-02-24,0,2,1.2889078774480094,1.0099454891071977,0.41423948220064727,17
2024-02-25,0,2,1.408628586196815,1.141039086620431,0.08414239482200647,17
2024-02-26,0,2,1.5357853726649573,1.1275716771513586,0.0970873786407767,17
2024-02-27,0,2,1.4255036298830266,1.0786685734678083,0.21035598705501618,17
2024-02-28,0,2,1.3472740673438566,1.02756299277027,0.33980582524271846,17
2024-02-29,0,2,1.0804552257818711,1.0970103887250628,0.16828478964401294,17
2024-03-01,0,2,1.0254354181414247,0.9983820564410739,0.4854368932038835,17
2024-03-02,0,2,1.1320172826735235,1.0573530463961767,0.255663430420712,17
2024-03-03,0,2,1.128319747911003,0.9316527621594022,0.7411003236245954,17
2024-03-04,0,2,0.9822802609177096,0.9130419717051201,0.8058252427184466,17
2024-03-05,0,2,0.9670810502033153,0.8766677731337671,0.919093851132686,17
2024-03-06,0,2,0.946135861635669,0.9558933765839511,0.6666666666666666,17
2024-03-07,0,2,0.8708436819149774,0.8986167303054752,0.86084142394822,17
2024-03-08,0,2,0.8762602644369504,0.9118645035616698,0.8155339805825242,17
2024-03-09,1,2,0.8487925178810976,0.9331432466672523,0.7346278317152104,17
2024-03-10,1,2,0.7728795364314732,0.8566608140379136,0.948220064724919,17
2024-03-11,1,2,0.708461282966484,0.8415995506908048,0.9611650485436893,17
2024-03-12,1,2,0.6426398373180695,0.8729405504870688,0.9255663430420712,17
2024-03-13,1,2,0.571377925482258,0.8600537802243133,0.9449838187702265,17
2024-03-14,1,2,0.6901720416567598,0.9125751420679942,0.8122977346278317,17
2024-03-15,1,2,0.7549641664287521,0.9839823329998563,0.5372168284789643,17
2024-03-16,1,2,0.836506042031234,0.9258203560992965,0.7799352750809061,17
2024-03-17,0,2,0.9709646135075468,1.0003842860733492,0.47249190938511326,17
2024-03-18,0,2,0.9688339478220468,1.0555058366225667,0.2588996763754045,17
2024-03-19,0,2,0.9413149393033896,1.032559749312126,0.3300970873786408,17
2024-03-20,0,2,1.0655612632569766,1.0493583026585191,0.2815533980582524,17
2024-03-21,0,2,1.133253625646406,1.037746813518785,0.3106796116504854,17
2024-03-22,0,2,1.113040266895566,0.9871391079587085,0.5339805825242718,17
2024-03-23,0,2,1.036710651553232,0.9968283348347062,0.49514563106796117,17
2024-03-24,0,2,0.9228864380293004,1.101676238376264,0.16181229773462782,17
2024-03-25,0,2,1.1500417141558186,1.20256956389997,0.042071197411003236,17
2024-03-26,0,2,1.298740837351826,1.1852278568490449,0.05501618122977346,17
2024-03-27,0,2,1.2996211124527302,1.1881618350352199,0.05501618122977346,17
2024-03-28,0,2,1.323402650373225,1.196445194507795,0.04854368932038835,17
2024-03-29,0,2,1.3339767416071382,1.0979749655450946,0.16828478964401294,17
2024-03-30,0,2,1.273455247833983,1.1152460344946615,0.12297734627831715,17
2024-03-31,0,2,1.1543087116353845,1.0933319900079073,0.1715210355987055,17
2024-04-08,0,3,0.9013501692371486,0.8559966411393743,0.9175,17
2024-04-09,0,3,0.9504673829573714,0.8472991587227978,0.9275,17
2024-04-10,1,3,0.8243382492106264,0.8406063256326126,0.935,17
2024-04-11,1,3,0.7834501466330951,0.8109473924795952,0.9625,17
2024-04-12,0,3,0.8698604395795992,0.8357194153840849,0.94,17
2024-04-13,1,3,0.7597608507551356,0.888565109691254,0.8725,17
2024-04-14,1,3,0.677212775397524,0.9053088791505556,0.83,17
2024-04-15,1,3,0.6920359386686836,0.927661516815422,0.76,17
2024-04-16,1,3,0.6104944247335421,0.9369574920382083,0.735,17
2024-04-17,1,3,0.5682484576390117,0.9359864667499219,0.74,17
2024-04-18,1,3,0.6743462566199577,0.9590982225683773,0.66,17
2024-04-19,1,3,0.8021678182057587,1.0155253867904732,0.4375,17
2024-04-20,1,3,0.8338345092652095,0.9982992419740749,0.5025,17
2024-04-21,0,3,0.9500977307262902,1.1064630145908512,0.1825,17
2024-04-22,0,3,0.894020763122248,1.0856278058205366,0.2225,17
2024-04-23,0,3,0.991399742819852,1.1143497840335532,0.1675,17
2024-04-24,0,3,1.0878447526166517,1.1964020916295124,0.055,17
2024-04-25,0,3,1.1142222845209917,1.2143685840356364,0.045,17
2024-04-26,0,3,1.007146643273655,1.1659605500493069,0.0875,17
2024-04-27,0,3,1.1844212349409298,1.1379921501055166,0.1225,17
2024-04-28,0,3,1.1006217153126756,1.1731436875096009,0.0775,17
2024-04-29,0,3,1.2106187582063732,1.1825519850661388,0.0725,17
2024-04-30,0,3,1.176679988504357,1.1726309264240014,0.0775,17
2024-05-01,0,3,1.169712985396964,1.1574752455476565,0.1,17
2024-05-02,0,3,1.216461054387081,1.1374601102718012,0.1225,17
2024-05-03,0,3,1.397113446052744,1.1182045337175666,0.1525,17
2024-05-04,0,3,1.0699333394458723,1.053238211720551,0.29,17
2024-05-05,0,3,1.0152024835913225,0.9703863820050737,0.63,17
2024-05-06,0,3,0.9666563960052584,1.0040362715772173,0.475,17
2024-05-07,0,3,1.0010999776265437,1.008051924522859,0.465,17
2024-05-08,0,3,1.045751819874061,1.0281870512088798,0.3775,17
2024-05-09,0,3,1.2333799656918272,0.9594175360414139,0.66,17
2024-05-10,0,3,1.0191571683896132,0.9707669656311985,0.6275,17
2024-05-11,0,3,0.9714474788616788,0.9961605675259155,0.51,17
2024-05-12,0,3,1.0535541973093132,0.9686116528033784,0.6375,17
2024-05-13,0,3,1.0240117177175188,0.9889125787961304,0.53,17
2024-05-14,0,3,1.125954466739724,0.9690990939995833,0.635,17
2024-05-15,0,3,1.2327625220716356,0.9497132772572814,0.695,17
2024-05-16,0,3,0.8955376067268118,0.9372272505882897,0.73,17
2024-05-17,1,3,0.7913953040488042,0.9177082797617918,0.7875,17
2024-05-18,0,3,0.9055523499200772,0.9841181685314646,0.5575,17
2024-05-19,0,3,1.0128479078315926,1.0484936148936017,0.305,17
2024-05-20,0,3,1.2727679133110166,1.0412274713554925,0.3275,17
2024-05-21,0,3,1.1537031263145334,1.0204919051740557,0.42,17
2024-05-22,0,3,1.046269531398886,0.9361032425411616,0.74,17
2024-05-23,0,3,1.0562146124420275,0.9810757114284184,0.575,17
2024-05-24,0,3,1.2380722690129595,1.1089142564252155,0.1825,17
2024-05-25,0,3,1.2213285629567612,1.114167044746908,0.17,17
2024-05-26,0,3,1.228174786340416,1.1843729708832251,0.07,17
2024-05-27,0,3,1.0487811469475452,1.1403569813872299,0.12,17
2024-05-28,0,3,0.9800365302910446,1.149950496491786,0.1075,17
2024-05-29,0,3,0.9766676001211076,1.1208669096048474,0.145,17
2024-05-30,0,3,1.0512578208843095,1.1842630959115388,0.07,17
2024-05-31,0,3,0.9961927431314136,1.1868502103204774,0.065,17
2024-06-01,0,3,1.0782850177636043,1.1216925252288843,0.1425,17
2024-06-02,0,3,0.9920610924462848,0.9816450077797128,0.5725,17
2024-06-03,0,3,0.9346561396567484,0.9524104752888048,0.6875,17
2024-06-04,0,3,0.9732410768918764,0.9734508864140821,0.615,17
2024-06-05,0,3,1.0072004413080666,1.0158674443294489,0.4325,17
2024-06-06,0,3,0.9640593675152046,0.950290292760766,0.695,17
2024-06-07,0,3,1.1256372778569268,0.9711301931725476,0.6275,17
2024-06-08,0,3,1.1008109168047002,0.9286770177904099,0.76,17
2024-06-09,0,3,0.989007483306001,1.0194733246211876,0.4225,17
2024-06-10,0,3,0.9274834755604218,1.0559659540764283,0.28,17
2024-06-11,0,3,1.0227093286635367,1.0480559480704565,0.3075,17
2024-06-12,0,3,0.8594831565656494,1.0676605871314038,0.255,17
2024-06-13,0,3,0.917704853697102,1.0374404846650105,0.3575,17
2024-06-14,1,3,0.6795921971656652,1.0230258246321293,0.415,17
2024-06-15,1,3,0.6145184425791482,1.0193346878731666,0.4225,17
2024-06-16,1,3,0.6919752734828566,0.8341409693496521,0.94,17
2024-06-17,1,3,0.7297780106527604,0.8574797908942223,0.915,17
2024-06-18,1,3,0.6735497277838808,0.8532625903669511,0.92,17
2024-06-19,1,3,0.7804324729432032,0.858382816809821,0.9125,17
2024-06-20,1,3,0.8217039182820827,0.8603727724125875,0.9125,17
2024-06-21,1,3,0.7884223086555656,0.8297533344337328,0.9475,17
2024-06-22,0,3,0.9602602959616506,0.8493872131813711,0.9275,17
2024-06-23,0,3,1.024427310962878,1.1316181843495785,0.13,17
2024-06-24,0,3,1.195491628687297,1.1894345713421992,0.06,17
2024-06-25,0,3,1.215906713930801,1.199854548873285,0.05,17
2024-06-26,0,3,1.2258309674396182,1.1687115932784493,0.0825,17
2024-06-27,0,3,1.073965935073988,1.1324331567071266,0.1275,17
2024-06-28,0,3,1.2305126825999335,1.2306154852875706,0.025,17
2024-06-29,0,3,1.097148681317217,1.2208710897346828,0.045,17
2024-06-30,0,3,1.0619410379298095,1.108581587621017,0.1825,17
2024-07-08,0,4,1.116457631384267,0.9756348478541751,0.5682281059063137,17
2024-07-09,0,4,1.0101891778297445,0.8905155614409855,0.8472505091649695,17
2024-07-10,0,4,1.0863941086454256,0.9623655445783731,0.6130346232179226,17
2024-07-11,0,4,0.9965360490189162,0.9503942154099636,0.6619144602851323,17
2024-07-12,0,4,0.9539304823475042,0.9251798983068162,0.7474541751527495,17
2024-07-13,0,4,0.950638118953398,0.9404041030397622,0.6843177189409368,17
2024-07-14,1,4,0.8397214790590249,0.8871826785911687,0.8574338085539714,17
2024-07-15,1,4,0.7334528107337351,0.8560285158178106,0.8920570264765784,17
2024-07-16,0,4,0.8883891721870719,0.9265565101245494,0.7433808553971487,17
2024-07-17,1,4,0.8437789187234767,0.9549672206199565,0.6517311608961304,17
2024-07-18,1,4,0.8472455707817422,0.9509886889983044,0.659877800407332,17
2024-07-19,0,4,0.910717151006186,0.9170581142224243,0.7739307535641547,17
2024-07-20,0,4,0.925370339191337,0.9259729075263236,0.745417515274949,17
2024-07-21,0,4,0.9397654980095967,1.0505648193294883,0.3014256619144603,17
2024-07-22,0,4,1.104105804698513,1.0819046118396496,0.24032586558044808,17
2024-07-23,0,4,1.121178664383199,1.076128391241184,0.25661914460285135,17
2024-07-24,0,4,1.2550419907953434,1.1684998112708218,0.07942973523421588,17
2024-07-25,0,4,1.3558074600098629,1.1860739701940324,0.048879837067209775,17
2024-07-26,0,4,1.2959917929379574,1.1069999209857246,0.18533604887983707,17
2024-07-27,0,4,1.2389659237927133,1.1476628783191765,0.11608961303462322,17
2024-07-28,0,4,1.4091135047749308,1.16154917361777,0.09368635437881874,17
2024-07-29,0,4,1.3050678458824962,1.1055959579013452,0.1934826883910387,17
2024-07-30,0,4,1.3048241644198404,1.1486129043363562,0.11405295315682282,17
2024-07-31,0,4,1.2597264680283011,1.1052222707657304,0.1934826883910387,17
2024-08-01,0,4,1.121700455984094,1.0152725348214893,0.4134419551934827,17
2024-08-02,0,4,1.0415576174661785,1.01954077762082,0.40325865580448067,17
2024-08-03,0,4,1.0714138034837262,1.039492701415956,0.329938900203666,17
2024-08-04,0,4,0.9254800342702844,0.9204299227651651,0.7596741344195519,17
2024-08-05,0,4,0.9988541841260816,0.9217402443776972,0.7596741344195519,17
2024-08-06,0,4,0.9756751014725488,0.9300167455784983,0.7230142566191446,17
2024-08-07,0,4,0.950823057621353,0.9323892471270587,0.7169042769857433,17
2024-08-08,0,4,0.903694941501862,0.9099477356086626,0.7963340122199593,17
2024-08-09,0,4,0.9996673408605188,0.954327515895356,0.6537678207739308,17
2024-08-10,0,4,1.0858174208180866,0.9310708032062808,0.7230142566191446,17
2024-08-11,0,4,1.044348391022553,1.0040805103565127,0.46435845213849286,17
2024-08-12,0,4,0.932182289361824,0.945715542135735,0.6741344195519349,17
2024-08-13,0,4,0.9069610610786007,0.9351671052211838,0.7006109979633401,17
2024-08-14,1,4,0.8265701897589802,0.9435590972838207,0.6822810590631364,17
2024-08-15,0,4,0.9676451248182724,0.9745305530795614,0.5723014256619144,17
2024-08-16,0,4,0.9250031917066456,0.9904952454581071,0.5071283095723014,17
2024-08-17,0,4,0.8864973567568095,0.9558605521037723,0.6517311608961304,17
2024-08-18,0,4,0.9752006344141928,0.8346012139134256,0.9124236252545825,17
2024-08-19,0,4,0.9430349725449813,0.8487577511830531,0.8981670061099797,17
2023-07-08,0,0,0.9241726794350844,0.908486267119167,0.8,18
2023-07-09,0,0,0.9743232874576132,1.0766467317595334,0.232,18
2023-07-10,0,0,0.9966145169869692,1.0381540979456727,0.296,18
2023-07-11,0,0,0.9517191542034068,1.0203225027365908,0.36,18
2023-07-12,0,0,0.948542157152549,1.0227567828987278,0.36,18
2023-07-13,1,0,0.8136032158541315,1.007355711770104,0.392,18
2023-07-14,1,0,0.8379735483359313,1.0411154654060029,0.288,18
2023-07-15,0,0,0.8701002940440485,1.0479039877229166,0.272,18
2023-07-16,0,0,0.9114132510669704,1.081117754622969,0.216,18
2023-07-17,0,0,0.8908737944136609,1.0194276076163693,0.36,18
2023-07-18,0,0,0.9255322693960212,1.0011983484753855,0.416,18
2023-07-19,0,0,0.967263115722151,0.9960753471568466,0.448,18
2023-07-20,0,0,1.0407271001586968,1.067886101318527,0.24,18
2023-07-21,0,0,1.0879196255666288,1.048213008510448,0.272,18
2023-07-22,0,0,1.0747706880007073,1.0203311813320803,0.36,18
2023-07-23,0,0,1.082245562916266,1.087652309463966,0.208,18
2023-07-24,0,0,1.1801619598634046,1.1327390766392202,0.104,18
2023-07-25,0,0,1.1393366031481695,1.0310217457422322,0.32,18
2023-07-26,0,0,1.0470649557621556,1.0513179913526738,0.264,18
2023-07-27,0,0,1.0524089049987362,1.0721675019696506,0.24,18
2023-07-28,0,0,1.0961332324625743,1.1266833920605142,0.104,18
2023-07-29,0,0,1.1475046354373504,1.1274718110336248,0.104,18
2023-07-30,0,0,1.1030104289707232,1.0830254642030286,0.216,18
2023-07-31,0,0,0.9802661574733532,1.0521240763866821,0.264,18
2023-08-01,0,0,0.9276591914865956,1.0478675491601432,0.272,18
2023-08-02,0,0,0.9856192869568604,1.0594383097607032,0.248,18
2023-08-03,0,0,0.9849464199753928,1.0521729174643117,0.264,18
2023-08-04,0,0,1.0288017106784253,1.0598486693181826,0.248,18
2023-08-05,0,0,1.0494101563413691,1.0276526381409459,0.328,18
2023-08-06,0,0,0.925332606177236,0.974651324477262,0.528,18
2023-08-07,0,0,1.0600347894644628,1.0341311327084366,0.312,18
2023-08-08,0,0,1.2032070808322328,1.1009827042295781,0.176,18
2023-08-09,0,0,1.1361856872066751,1.0435512745534918,0.272,18
2023-08-10,0,0,1.2169384711338458,1.0328725360441666,0.32,18
2023-08-11,0,0,1.124374488467241,0.9538175386794802,0.608,18
2023-08-12,0,0,1.0302234899243532,0.9613654732431515,0.552,18
2023-08-13,0,0,1.1364735275600777,1.0548238486821646,0.264,18
2023-08-14,0,0,1.0140690876726717,1.064042866989713,0.248,18
2023-08-15,0,0,0.9598834391613684,1.0091087450453236,0.392,18
2023-08-16,0,0,0.96344523411635,1.0540421590898812,0.264,18
2023-08-17,0,0,0.8619772162480696,0.9834863067697133,0.512,18
2023-08-18,1,0,0.84340585697894,1.0443937243124937,0.272,18
2023-08-19,0,0,0.9361598228925094,1.0747995223377849,0.24,18
2023-08-20,0,0,0.9812706645380184,0.9647855883888139,0.544,18
2023-08-21,0,0,0.9880650175388538,0.9605976478303727,0.552,18
2023-08-22,0,0,0.9501391402718308,0.9761229863043343,0.52,18
2023-08-23,0,0,1.0115737235821658,0.9962508517707988,0.448,18
2023-08-24,0,0,0.9999262702998436,1.0111757151081808,0.384,18
2023-08-25,0,0,1.24194058981351,1.0076545371159746,0.392,18
2023-08-26,0,0,1.1524945548408054,0.9891997001404851,0.496,18
2023-08-27,0,0,1.0562711289247646,0.9463476595711284,0.632,18
2023-08-28,0,0,1.1258216617159271,0.9491398286770641,0.616,18
2023-08-29,0,0,1.127791985065815,0.9700364068063445,0.528,18
2023-08-30,0,0,1.0730811539867262,0.9619340814632011,0.552,18
2023-08-31,0,0,1.1374657637612942,1.0037106948686627,0.408,18
2023-09-01,0,0,0.9176351523297184,0.9629645181849974,0.552,18
2023-09-02,0,0,0.9210003824336146,0.9781488548518725,0.52,18
2023-09-03,0,0,0.9421400380007852,0.9129791947913002,0.784,18
2023-09-04,0,0,0.9211686908188832,0.8464344550733424,0.904,18
2023-09-05,1,0,0.8469144869908538,0.8877077519796525,0.84,18
2023-09-06,1,0,0.8378144001188419,0.920903403349018,0.744,18
2023-09-07,1,0,0.8332308808794763,0.8860279363389575,0.84,18
2023-09-08,1,0,0.7903801903571291,0.8763081209758086,0.856,18
2023-09-09,0,0,0.9215862638123296,0.8742745224985665,0.872,18
2023-09-10,0,0,0.9192039742345504,0.9964751086902579,0.448,18
2023-09-11,0,0,0.8882584499143324,1.0010809897542432,0.416,18
2023-09-12,0,0,0.9893752333510308,1.0174060091370374,0.376,18
2023-09-13,0,0,1.0276905021746976,1.0363592294136574,0.296,18
2023-09-14,0,0,1.05764422804859,1.0075898879254317,0.392,18
2023-09-15,0,0,1.037244258278199,1.0041161542830592,0.408,18
2023-09-16,0,0,0.9111351623678404,0.9914240250556902,0.488,18
2023-09-17,0,0,0.9168705447222036,1.02036353763942,0.36,18
2023-09-18,0,0,0.9480631642651184,1.0215920872791915,0.36,18
2023-09-19,0,0,1.049584705904487,1.029488797756936,0.328,18
2023-09-20,0,0,1.0582598221905524,0.9952066599248963,0.456,18
2023-09-21,0,0,1.0114472018825855,0.9759485199645699,0.528,18
2023-09-22,0,0,1.110871812182302,0.9867401501540265,0.512,18
2023-09-23,0,0,1.1541736168324266,1.0377784034537803,0.296,18
2023-09-24,0,0,1.1078020011333731,1.0622096589041565,0.248,18
2023-09-25,0,0,1.074645609849099,1.060581437655661,0.248,18
2023-09-26,0,0,0.9539644229731924,1.046605093478405,0.272,18
2023-09-27,0,0,1.045324049908362,1.0279883580737121,0.328,18
2023-09-28,0,0,1.058283583828204,1.0629416639027587,0.248,18
2023-09-29,0,0,0.9529449023805296,1.0758996610773983,0.232,18
2023-09-30,0,0,1.0335157970037918,1.061967965426454,0.248,18
2023-10-08,0,1,0.943214957935384,0.9848268767934343,0.48847926267281105,18
2023-10-09,0,1,0.8954605455623991,0.9480761190469889,0.6497695852534562,18
2023-10-10,0,1,0.8714609046846392,0.9660550427789526,0.5576036866359447,18
2023-10-11,0,1,0.8537394125385595,0.9567035209055317,0.6129032258064516,18
2023-10-12,0,1,0.9158302055623126,1.0189486568256019,0.33640552995391704,18
2023-10-13,1,1,0.8235183048240129,0.9413752869149132,0.695852534562212,18
2023-10-14,1,1,0.8417997244121631,0.9957897381537851,0.45161290322580644,18
2023-10-15,0,1,0.8686185654387014,0.9699171286172905,0.5483870967741935,18
2023-10-16,1,1,0.837630457855076,0.9965176459858308,0.4423963133640553,18
2023-10-17,1,1,0.7765728111191363,1.0239888475396568,0.31336405529953915,18
2023-10-18,0,1,0.876315761424511,1.0223642481505437,0.3225806451612903,18
2023-10-19,0,1,0.8981339369635442,0.9847948858348334,0.48847926267281105,18
2023-10-20,0,1,1.0052067391820876,1.018484178897648,0.33640552995391704,18
2023-10-21,0,1,1.0475645261799866,1.0520140809901013,0.2119815668202765,18
2023-10-22,0,1,1.0349876751325695,1.0808809931725205,0.12903225806451613,18
2023-10-23,0,1,1.0648188658578015,1.0538609578471645,0.2119815668202765,18
2023-10-24,0,1,1.2288539084267107,1.1337335578831826,0.027649769585253458,18
2023-10-25,0,1,1.325022505621457,1.0556595653734087,0.2073732718894009,18
2023-10-26,0,1,1.3444469765965152,1.0832558207514302,0.11059907834101383,18
2023-10-27,0,1,1.24809949228092,1.0258609687584743,0.3087557603686636,18
2023-10-28,0,1,1.1197888843427084,1.0188502690208967,0.33640552995391704,18
2023-10-29,0,1,1.0278744636215793,1.0156944206686445,0.3456221198156682,18
2023-10-30,0,1,1.092155254370859,1.0627689455683385,0.17050691244239632,18
2023-10-31,0,1,1.1015162289550902,1.0194222740948455,0.33640552995391704,18
2023-11-01,0,1,0.9616024375172428,0.9734793670984235,0.5391705069124424,18
2023-11-02,0,1,1.0211534524417607,0.9958956306610385,0.4470046082949309,18
2023-11-03,0,1,1.0185200315853409,1.0009632300277964,0.423963133640553,18
2023-11-04,0,1,0.9938521706160228,1.01457538368683,0.35023041474654376,18
2023-11-05,0,1,1.0661778939631648,0.9921063496134411,0.45161290322580644,18
2023-11-06,0,1,1.1620310134405805,0.9312620072975757,0.7419354838709677,18
2023-11-07,0,1,0.980518173100777,0.9301135683254169,0.7419354838709677,18
2023-11-08,0,1,0.9051698390223948,0.9488413938463862,0.6405529953917051,18
2023-11-09,1,1,0.7489778501170876,0.9096855797796748,0.815668202764977,18
2023-11-10,1,1,0.7527771910343829,0.9269397321551119,0.7603686635944701,18
2023-11-11,0,1,0.9667089341078078,0.9807201367483724,0.5161290322580645,18
2023-11-12,0,1,0.9442364852029852,1.001683224898859,0.4147465437788018,18
2023-11-13,1,1,0.7318274766100183,0.9727385383062926,0.5391705069124424,18
2023-11-14,1,1,0.8206581432559168,1.044970274362445,0.22580645161290322,18
2023-11-15,0,1,1.051314083184571,1.0799754340410137,0.1336405529953917,18
2023-11-16,0,1,1.0761913404529675,1.090423730100843,0.0967741935483871,18
2023-11-17,0,1,0.9757244500222187,1.0526947591499174,0.2119815668202765,18
2023-11-18,0,1,0.940194569771074,0.9895710023414681,0.4608294930875576,18
2023-11-19,0,1,0.8987004950888953,1.0546682441489812,0.2119815668202765,18
2023-11-20,0,1,1.089296800690815,1.1003705861751596,0.06451612903225806,18
2023-11-21,0,1,1.1345993778130965,1.0801059300922242,0.1336405529953917,18
2023-11-22,0,1,1.0464304602981034,1.0238051370530623,0.31336405529953915,18
2023-11-23,0,1,1.1378360455267436,1.0550558547786586,0.2119815668202765,18
2023-11-24,0,1,1.3841279965162,1.1039667611470172,0.059907834101382486,18
2023-11-25,0,1,1.2713157281439782,1.0837528912541468,0.11059907834101383,18
2023-11-26,0,1,1.4205242426211462,1.0451884632975912,0.22580645161290322,18
2023-11-27,0,1,1.3156964922071708,1.041950421284019,0.24423963133640553,18
2023-11-28,0,1,1.3008009098853073,1.035692652403144,0.2534562211981567,18
2023-11-29,0,1,1.2479916720289856,1.0535215624775676,0.2119815668202765,18
2023-11-30,0,1,1.184579900085264,1.0319259675165726,0.2764976958525346,18
2023-12-01,0,1,0.9217983024910515,0.9917693450931528,0.45161290322580644,18
2023-12-02,0,1,0.9872117622337688,0.9993660592280491,0.4377880184331797,18
2023-12-03,0,1,0.9761410830534396,0.970539408709768,0.5483870967741935,18
2023-12-04,0,1,0.9081520857619844,0.9225504827653437,0.7741935483870968,18
2023-12-05,0,1,0.9381732402892374,0.9496590041479877,0.6405529953917051,18
2023-12-06,0,1,0.9296518465586814,0.9622789879352218,0.576036866359447,18
2023-12-07,1,1,0.8413685597788102,0.9501704273801839,0.6405529953917051,18
2023-12-08,0,1,0.991352633325197,0.9570778950106418,0.6082949308755761,18
2023-12-09,0,1,0.9411554944408358,0.9369829266719649,0.7188940092165899,18
2023-12-10,1,1,0.8389522108078011,0.9213906231707857,0.7788018433179723,18
2023-12-11,1,1,0.8071649857265369,0.9574680889037985,0.6036866359447005,18
2023-12-12,1,1,0.7572970023336949,0.9485668590386013,0.6451612903225806,18
2023-12-13,1,1,0.6208795880453283,0.9610938541337081,0.5806451612903226,18
2023-12-14,1,1,0.7592057772002324,1.0230992487896096,0.31336405529953915,18
2023-12-15,1,1,0.8328269225748938,1.0080915970774376,0.37327188940092165,18
2023-12-16,0,1,0.8590655807455964,0.988611696917289,0.4700460829493088,18
2023-12-17,0,1,0.9377129218982944,1.0523199773079022,0.2119815668202765,18
2023-12-18,0,1,0.9642064200950122,1.0497361088122037,0.2119815668202765,18
2023-12-19,0,1,0.8985380992120569,1.0399537678005206,0.2534562211981567,18
2023-12-20,0,1,1.174221538340847,1.0824763418869239,0.11981566820276497,18
2023-12-21,0,1,1.219687141657661,1.033897613310989,0.2626728110599078,18
2023-12-22,0,1,1.109109822460017,1.0308803867988166,0.2764976958525346,18
2023-12-23,0,1,1.1355025094767273,1.0199930850609906,0.3271889400921659,18
2023-12-24,0,1,1.067923542918951,1.0915986461263258,0.08755760368663594,18
2023-12-25,0,1,1.0641320258226272,1.1164218070993301,0.03686635944700461,18
2023-12-26,0,1,1.1724151428996483,1.1326923769242345,0.027649769585253458,18
2023-12-27,0,1,1.10656776396788,1.0958241148501948,0.07373271889400922,18
2023-12-28,0,1,1.0122393038967503,1.0779944140653683,0.14746543778801843,18
2023-12-29,0,1,1.1349625439131328,1.069923317918318,0.15668202764976957,18
2023-12-30,0,1,1.107041700896765,1.052804175476593,0.2119815668202765,18
2023-12-31,0,1,1.0540714431461404,0.9782825931517656,0.5253456221198156,18
2024-01-08,0,2,0.9380252547156612,0.9327139901858236,0.6957928802588996,18
2024-01-09,0,2,0.8604976941696318,0.9166885431816967,0.7734627831715211,18
2024-01-10,0,2,0.8967950138147822,0.947730304181979,0.6181229773462783,18
2024-01-11,1,2,0.81515703606474,0.8823247960213484,0.8640776699029126,18
2024-01-12,1,2,0.7697963725749237,0.9325972324862757,0.6957928802588996,18
2024-01-13,1,2,0.841357639507363,0.9420912547326065,0.6537216828478964,18
2024-01-14,1,2,0.8237505800283649,0.9289672905371474,0.7119741100323624,18
2024-01-15,1,2,0.8143008517556474,0.9244016254176589,0.7443365695792881,18
2024-01-16,0,2,0.8574681818882544,0.9402063322278231,0.6601941747572816,18
2024-01-17,1,2,0.7587486496508539,0.922143149634323,0.7475728155339806,18
2024-01-18,1,2,0.6693137152967722,0.9036247132383559,0.8090614886731392,18
2024-01-19,1,2,0.6699104276785826,0.9458722805113382,0.6213592233009708,18
2024-01-20,0,2,0.8772632858888515,0.9676618713184517,0.5242718446601942,18
2024-01-21,0,2,0.9892903383152972,1.063696265021821,0.18446601941747573,18
2024-01-22,0,2,1.117405717166005,1.0272913535973602,0.2686084142394822,18
2024-01-23,0,2,1.1151266074232986,1.028467285329493,0.2524271844660194,18
2024-01-24,0,2,1.075838623368072,1.0884077897789444,0.11974110032362459,18
2024-01-25,0,2,1.2754491983991014,1.1373294676302557,0.05501618122977346,18
2024-01-26,0,2,1.423986158079574,1.1298367529453937,0.07119741100323625,18
2024-01-27,0,2,1.2093563799502314,1.084983572476819,0.12297734627831715,18
2024-01-28,0,2,1.0654453237147563,1.0526156123588812,0.21035598705501618,18
2024-01-29,0,2,0.947841005507312,1.0567892579095093,0.19741100323624594,18
2024-01-30,1,2,0.8351685356731198,1.0663284511528452,0.18122977346278318,18
2024-01-31,0,2,0.9497929613869894,1.1716356502093142,0.032362459546925564,18
2024-02-01,0,2,0.917248696829258,1.0337452810171217,0.24919093851132687,18
2024-02-02,0,2,0.8851405980336539,1.012509724440784,0.32038834951456313,18
2024-02-03,0,2,0.982826709401738,1.0301642698136169,0.2524271844660194,18
2024-02-04,0,2,1.0025264392902944,0.901208694440381,0.8220064724919094,18
2024-02-05,0,2,0.9483480269362228,0.9099581508717565,0.7896440129449838,18
2024-02-06,0,2,1.0972617113073977,0.9641305041365187,0.5339805825242718,18
2024-02-07,0,2,1.0891759604105706,0.9415740981648746,0.6537216828478964,18
2024-02-08,0,2,1.096557459323093,0.8999555021094807,0.8252427184466019,18
2024-02-09,0,2,1.1167044003098343,0.8971625241988727,0.8381877022653722,18
2024-02-10,0,2,1.0002853718765394,0.8618883589817518,0.9029126213592233,18
2024-02-11,0,2,1.0068662107279371,0.9113003670170144,0.7864077669902912,18
2024-02-12,0,2,1.068197683139049,0.9558623198504126,0.5825242718446602,18
2024-02-13,0,2,0.9193871015786248,0.9211690235065347,0.7508090614886731,18
2024-02-14,0,2,0.9666893508669268,0.9491825458528295,0.6116504854368932,18
2024-02-15,0,2,0.9701647067175788,0.9409712967753199,0.6601941747572816,18
2024-02-16,0,2,0.951505866659967,0.889495511186392,0.8478964401294499,18
2024-02-17,0,2,0.9867051638475192,0.888596079528988,0.8478964401294499,18
2024-02-18,0,2,0.9427333113260588,0.9623403077042567,0.5469255663430421,18
2024-02-19,0,2,0.978784236975376,0.9724471264297447,0.5080906148867314,18
2024-02-20,0,2,1.2204788803729685,0.9717246737704073,0.511326860841424,18
2024-02-21,0,2,1.2578634247818792,0.9871455574675144,0.4336569579288026,18
2024-02-22,0,2,1.4160461739581691,0.9519032818672382,0.598705501618123,18
2024-02-23,0,2,1.4083895326125038,0.955386079018559,0.5857605177993528,18
2024-02-24,0,2,1.2889078774480094,1.0254067313094102,0.2750809061488673,18
2024-02-25,0,2,1.408628586196815,1.1096113160173704,0.08737864077669903,18
2024-02-26,0,2,1.5357853726649573,1.1106867343435929,0.08737864077669903,18
2024-02-27,0,2,1.4255036298830266,1.0863220664125914,0.12297734627831715,18
2024-02-28,0,2,1.3472740673438566,1.0230550261307254,0.2783171521035599,18
2024-02-29,0,2,1.0804552257818711,1.0323383997043287,0.2524271844660194,18
2024-03-01,0,2,1.0254354181414247,0.994185160236963,0.39805825242718446,18
2024-03-02,0,2,1.1320172826735235,1.021055373699082,0.284789644012945,18
2024-03-03,0,2,1.128319747911003,0.9277254985652162,0.7119741100323624,18
2024-03-04,0,2,0.9822802609177096,0.8865769590590589,0.8543689320388349,18
2024-03-05,0,2,0.9670810502033153,0.8730882584031567,0.8802588996763754,18
2024-03-06,0,2,0.946135861635669,0.9099089729388605,0.7896440129449838,18
2024-03-07,0,2,0.8708436819149774,0.9216758890826834,0.7508090614886731,18
2024-03-08,0,2,0.8762602644369504,0.9422753127246427,0.6504854368932039,18
2024-03-09,1,2,0.8487925178810976,0.9626685322525109,0.5469255663430421,18
2024-03-10,1,2,0.7728795364314732,0.8773298524676272,0.8770226537216829,18
2024-03-11,1,2,0.708461282966484,0.8799684270558199,0.8737864077669902,18
2024-03-12,1,2,0.6426398373180695,0.902447974342976,0.8155339805825242,18
2024-03-13,1,2,0.571377925482258,0.8738127820370497,0.8802588996763754,18
2024-03-14,1,2,0.6901720416567598,0.9088542809195715,0.7961165048543689,18
2024-03-15,1,2,0.7549641664287521,0.938291918941212,0.6699029126213593,18
2024-03-16,1,2,0.836506042031234,0.9275416621739019,0.7119741100323624,18
2024-03-17,0,2,0.9709646135075468,0.984450088732421,0.45307443365695793,18
2024-03-18,0,2,0.9688339478220468,1.014510611210931,0.3074433656957929,18
2024-03-19,0,2,0.9413149393033896,0.9781499513351879,0.47896440129449835,18
2024-03-20,0,2,1.0655612632569766,0.990582016597864,0.41423948220064727,18
2024-03-21,0,2,1.133253625646406,0.9879825602459802,0.42718446601941745,18
2024-03-22,0,2,1.113040266895566,0.9815568469149168,0.4627831715210356,18
2024-03-23,0,2,1.036710651553232,0.9679806018764816,0.5242718446601942,18
2024-03-24,0,2,0.9228864380293004,1.0901259354582027,0.11974110032362459,18
2024-03-25,0,2,1.1500417141558186,1.1991771554013873,0.016181229773462782,18
2024-03-26,0,2,1.298740837351826,1.1525025733919374,0.042071197411003236,18
2024-03-27,0,2,1.2996211124527302,1.1350925058762371,0.05825242718446602,18
2024-03-28,0,2,1.323402650373225,1.124957132703062,0.07119741100323625,18
2024-03-29,0,2,1.3339767416071382,1.0803346247615364,0.1423948220064725,18
2024-03-30,0,2,1.273455247833983,1.10767356728875,0.09061488673139159,18
2024-03-31,0,2,1.1543087116353845,1.0619596800249456,0.18446601941747573,18
2024-04-08,0,3,0.9013501692371486,0.8405361042183666,0.91,18
2024-04-09,0,3,0.9504673829573714,0.8454161752083801,0.8975,18
2024-04-10,1,3,0.8243382492106264,0.8082776192486263,0.9575,18
2024-04-11,1,3,0.7834501466330951,0.8099389090362031,0.9575,18
2024-04-12,0,3,0.8698604395795992,0.8326241847220078,0.9325,18
2024-04-13,1,3,0.7597608507551356,0.8600978937560045,0.8775,18
2024-04-14,1,3,0.677212775397524,0.8722503096794256,0.8525,18
2024-04-15,1,3,0.6920359386686836,0.8876105211828736,0.84,18
2024-04-16,1,3,0.6104944247335421,0.8987141167073438,0.81,18
2024-04-17,1,3,0.5682484576390117,0.9113100042217991,0.78,18
2024-04-18,1,3,0.6743462566199577,0.9440129791057084,0.6375,18
2024-04-19,1,3,0.8021678182057587,0.9863201854281055,0.43,18
2024-04-20,1,3,0.8338345092652095,0.9495363710206518,0.61,18
2024-04-21,0,3,0.9500977307262902,1.0836294254995877,0.15,18
2024-04-22,0,3,0.894020763122248,1.0656817639824434,0.1975,18
2024-04-23,0,3,0.991399742819852,1.111034550020929,0.115,18
2024-04-24,0,3,1.0878447526166517,1.1791386869037537,0.025,18
2024-04-25,0,3,1.1142222845209917,1.1737685437785683,0.03,18
2024-04-26,0,3,1.007146643273655,1.1353130800725082,0.065,18
2024-04-27,0,3,1.1844212349409298,1.134942356987823,0.065,18
2024-04-28,0,3,1.1006217153126756,1.1304900323475475,0.07,18
2024-04-29,0,3,1.2106187582063732,1.1494574092968666,0.0475,18
2024-04-30,0,3,1.176679988504357,1.1098723084107966,0.115,18
2024-05-01,0,3,1.169712985396964,1.1002304161495602,0.1275,18
2024-05-02,0,3,1.216461054387081,1.034788530369052,0.2625,18
2024-05-03,0,3,1.397113446052744,1.029448270761619,0.2675,18
2024-05-04,0,3,1.0699333394458723,0.9848826471269798,0.4375,18
2024-05-05,0,3,1.0152024835913225,0.9509887770603973,0.6,18
2024-05-06,0,3,0.9666563960052584,0.9435923398427121,0.64,18
2024-05-07,0,3,1.0010999776265437,0.9610163513997826,0.57,18
2024-05-08,0,3,1.045751819874061,0.9642959390139807,0.53,18
2024-05-09,0,3,1.2333799656918272,0.937074877046293,0.665,18
2024-05-10,0,3,1.0191571683896132,0.9352238114170945,0.6675,18
2024-05-11,0,3,0.9714474788616788,0.9479178931561726,0.6225,18
2024-05-12,0,3,1.0535541973093132,0.9422361762768551,0.6475,18
2024-05-13,0,3,1.0240117177175188,0.9688287515302102,0.5,18
2024-05-14,0,3,1.125954466739724,0.9421343399253559,0.6475,18
2024-05-15,0,3,1.2327625220716356,0.9453852235425484,0.63,18
2024-05-16,0,3,0.8955376067268118,0.9108690113926706,0.78,18
2024-05-17,1,3,0.7913953040488042,0.9325381834018539,0.675,18
2024-05-18,0,3,0.9055523499200772,0.9372916198962618,0.665,18
2024-05-19,0,3,1.0128479078315926,1.0018582313902062,0.3525,18
2024-05-20,0,3,1.2727679133110166,0.9899713007122446,0.395,18
2024-05-21,0,3,1.1537031263145334,0.9394889768493958,0.6575,18
2024-05-22,0,3,1.046269531398886,0.9065692791013976,0.795,18
2024-05-23,0,3,1.0562146124420275,0.9629872613805013,0.5475,18
2024-05-24,0,3,1.2380722690129595,1.0725894595549603,0.185,18
2024-05-25,0,3,1.2213285629567612,1.0727251675042244,0.185,18
2024-05-26,0,3,1.228174786340416,1.1385771782978633,0.06,18
2024-05-27,0,3,1.0487811469475452,1.0613825304501168,0.2075,18
2024-05-28,0,3,0.9800365302910446,1.0819399477877139,0.1525,18
2024-05-29,0,3,0.9766676001211076,1.0750446891233825,0.1725,18
2024-05-30,0,3,1.0512578208843095,1.1048378955847529,0.12,18
2024-05-31,0,3,0.9961927431314136,1.1092734560516306,0.115,18
2024-06-01,0,3,1.0782850177636043,1.0232745589927816,0.2925,18
2024-06-02,0,3,0.9920610924462848,0.9158469130101405,0.7575,18
2024-06-03,0,3,0.9346561396567484,0.9114606376071556,0.78,18
2024-06-04,0,3,0.9732410768918764,0.9088817325851547,0.7925,18
2024-06-05,0,3,1.0072004413080666,0.9260817514987879,0.71,18
2024-06-06,0,3,0.9640593675152046,0.9006291387073782,0.8075,18
2024-06-07,0,3,1.1256372778569268,0.9094059285560107,0.7875,18
2024-06-08,0,3,1.1008109168047002,0.9069499609579501,0.795,18
2024-06-09,0,3,0.989007483306001,0.9872314274002715,0.4175,18
2024-06-10,0,3,0.9274834755604218,1.0068059819796498,0.33,18
2024-06-11,0,3,1.0227093286635367,1.0006148695505483,0.3575,18
2024-06-12,0,3,0.8594831565656494,0.9888535042922326,0.41,18
2024-06-13,0,3,0.917704853697102,1.027204300286716,0.275,18
2024-06-14,1,3,0.6795921971656652,0.9598407358054474,0.575,18
2024-06-15,1,3,0.6145184425791482,0.9627127076022356,0.55,18
2024-06-16,1,3,0.6919752734828566,0.8329025039733836,0.9325,18
2024-06-17,1,3,0.7297780106527604,0.8446967159619172,0.8975,18
2024-06-18,1,3,0.6735497277838808,0.8849892535013525,0.84,18
2024-06-19,1,3,0.7804324729432032,0.8833056644559222,0.8425,18
2024-06-20,1,3,0.8217039182820827,0.9044055742782735,0.8,18
2024-06-21,1,3,0.7884223086555656,0.8517601896881503,0.8875,18
2024-06-22,0,3,0.9602602959616506,0.8900728919566279,0.83,18
2024-06-23,0,3,1.024427310962878,1.1182066020963397,0.0875,18
2024-06-24,0,3,1.195491628687297,1.1300849934164316,0.07,18
2024-06-25,0,3,1.215906713930801,1.1548225381100101,0.0425,18
2024-06-26,0,3,1.2258309674396182,1.140729226031653,0.06,18
2024-06-27,0,3,1.073965935073988,1.0947299847709422,0.135,18
2024-06-28,0,3,1.2305126825999335,1.1655826578319792,0.0375,18
2024-06-29,0,3,1.097148681317217,1.1600630955848334,0.0425,18
2024-06-30,0,3,1.0619410379298095,1.121435420370312,0.08,18
2024-07-08,0,4,1.116457631384267,0.9433217272281893,0.5967413441955194,18
2024-07-09,0,4,1.0101891778297445,0.8982578030654088,0.7780040733197556,18
2024-07-10,0,4,1.0863941086454256,0.9604519097216344,0.5254582484725051,18
2024-07-11,0,4,0.9965360490189162,0.9030170527585643,0.7637474541751528,18
2024-07-12,0,4,0.9539304823475042,0.8941639663456514,0.790224032586558,18
2024-07-13,0,4,0.950638118953398,0.9074594088766084,0.7494908350305499,18
2024-07-14,1,4,0.8397214790590249,0.8502029487270806,0.8716904276985743,18
2024-07-15,1,4,0.7334528107337351,0.8516884405519939,0.869653767820774,18
2024-07-16,0,4,0.8883891721870719,0.8926192836729467,0.7942973523421588,18
2024-07-17,1,4,0.8437789187234767,0.9135757133484551,0.7311608961303462,18
2024-07-18,1,4,0.8472455707817422,0.9116634736931363,0.7352342158859471,18
2024-07-19,0,4,0.910717151006186,0.8900405747750992,0.8004073319755601,18
2024-07-20,0,4,0.925370339191337,0.8923984408856477,0.7942973523421588,18
2024-07-21,0,4,0.9397654980095967,1.0068569059369192,0.3034623217922607,18
2024-07-22,0,4,1.104105804698513,1.065489132100537,0.18533604887983707,18
2024-07-23,0,4,1.121178664383199,1.0246850853677545,0.2668024439918534,18
2024-07-24,0,4,1.2550419907953434,1.1350265840778444,0.06109979633401222,18
2024-07-25,0,4,1.3558074600098629,1.1185622637262065,0.07739307535641547,18
2024-07-26,0,4,1.2959917929379574,1.0734201231164096,0.17311608961303462,18
2024-07-27,0,4,1.2389659237927133,1.106810880748593,0.09775967413441955,18
2024-07-28,0,4,1.4091135047749308,1.1341678564650357,0.06109979633401222,18
2024-07-29,0,4,1.3050678458824962,1.1160488005551763,0.0814663951120163,18
2024-07-30,0,4,1.3048241644198404,1.1343296279437722,0.06109979633401222,18
2024-07-31,0,4,1.2597264680283011,1.090927581462313,0.13238289205702647,18
2024-08-01,0,4,1.121700455984094,1.0315127417594154,0.24643584521384929,18
2024-08-02,0,4,1.0415576174661785,1.0006935043534204,0.32179226069246436,18
2024-08-03,0,4,1.0714138034837262,1.028545762389638,0.2525458248472505,18
2024-08-04,0,4,0.9254800342702844,0.8897170224363815,0.8004073319755601,18
2024-08-05,0,4,0.9988541841260816,0.9038094076528234,0.7596741344195519,18
2024-08-06,0,4,0.9756751014725488,0.9087811722978247,0.745417515274949,18
2024-08-07,0,4,0.950823057621353,0.902273737384632,0.7637474541751528,18
2024-08-08,0,4,0.903694941501862,0.8974167254303688,0.780040733197556,18
2024-08-09,0,4,0.9996673408605188,0.9308327514613997,0.6496945010183299,18
2024-08-10,0,4,1.0858174208180866,0.9003778923606258,0.7657841140529531,18
2024-08-11,0,4,1.044348391022553,0.9782663967841715,0.42362525458248473,18
2024-08-12,0,4,0.932182289361824,0.9337613561623896,0.6374745417515275,18
2024-08-13,0,4,0.9069610610786007,0.9163983673087102,0.7189409368635438,18
2024-08-14,1,4,0.8265701897589802,0.9259769129958701,0.6741344195519349,18
2024-08-15,0,4,0.9676451248182724,0.9651366894186305,0.4969450101832994,18
2024-08-16,0,4,0.9250031917066456,0.9485372953628963,0.5743380855397149,18
2024-08-17,0,4,0.8864973567568095,0.9349478195482299,0.6313645621181263,18
2024-08-18,0,4,0.9752006344141928,0.8689332582805147,0.8492871690427699,18
2024-08-19,0,4,0.9430349725449813,0.8641055926674395,0.8533604887983707,18
2023-07-08,0,0,0.9241726794350844,0.8990290788024385,0.808,19
2023-07-09,0,0,0.9743232874576132,1.0664229892977957,0.248,19
2023-07-10,0,0,0.9966145169869692,1.038269456416372,0.288,19
2023-07-11,0,0,0.9517191542034068,1.0050231508864687,0.4,19
2023-07-12,0,0,0.948542157152549,1.0057694233811671,0.392,19
2023-07-13,1,0,0.8136032158541315,0.986407683739028,0.512,19
2023-07-14,1,0,0.8379735483359313,1.0466639734997312,0.272,19
2023-07-15,0,0,0.8701002940440485,1.0369961681231794,0.312,19
2023-07-16,0,0,0.9114132510669704,1.048169642428393,0.272,19
2023-07-17,0,0,0.8908737944136609,1.0422972092990535,0.28,19
2023-07-18,0,0,0.9255322693960212,0.9918879267659514,0.472,19
2023-07-19,0,0,0.967263115722151,0.9969969467552058,0.44,19
2023-07-20,0,0,1.0407271001586968,1.051123166144635,0.264,19
2023-07-21,0,0,1.0879196255666288,1.0287362280185315,0.336,19
2023-07-22,0,0,1.0747706880007073,1.0323356181350205,0.328,19
2023-07-23,0,0,1.082245562916266,1.0800766509224489,0.216,19
2023-07-24,0,0,1.1801619598634046,1.1587612340849458,0.072,19
2023-07-25,0,0,1.1393366031481695,1.0503315999450906,0.264,19
2023-07-26,0,0,1.0470649557621556,1.0853893425471848,0.2,19
2023-07-27,0,0,1.0524089049987362,1.091849256691465,0.184,19
2023-07-28,0,0,1.0961332324625743,1.1149532672151419,0.128,19
2023-07-29,0,0,1.1475046354373504,1.1039061141053943,0.16,19
2023-07-30,0,0,1.1030104289707232,1.0885355443757554,0.2,19
2023-07-31,0,0,0.9802661574733532,1.0359899009627493,0.312,19
2023-08-01,0,0,0.9276591914865956,1.037393612415223,0.312,19
2023-08-02,0,0,0.9856192869568604,1.0801002415520211,0.216,19
2023-08-03,0,0,0.9849464199753928,1.046726071744976,0.272,19
2023-08-04,0,0,1.0288017106784253,1.0555506151101457,0.256,19
2023-08-05,0,0,1.0494101563413691,1.0391021392194453,0.288,19
2023-08-06,0,0,0.925332606177236,0.9754701132614291,0.52,19
2023-08-07,0,0,1.0600347894644628,1.0247976157422596,0.344,19
2023-08-08,0,0,1.2032070808322328,1.1235973223248394,0.096,19
2023-08-09,0,0,1.1361856872066751,1.041095096043101,0.28,19
2023-08-10,0,0,1.2169384711338458,1.0506758302919483,0.264,19
2023-08-11,0,0,1.124374488467241,0.9573604469714742,0.568,19
2023-08-12,0,0,1.0302234899243532,0.9694698459198015,0.528,19
2023-08-13,0,0,1.1364735275600777,1.0703925612452694,0.248,19
2023-08-14,0,0,1.0140690876726717,1.0698792733021505,0.248,19
2023-08-15,0,0,0.9598834391613684,1.016851072832289,0.376,19
2023-08-16,0,0,0.96344523411635,1.0701292772093844,0.248,19
2023-08-17,0,0,0.8619772162480696,0.9737155350825778,0.528,19
2023-08-18,1,0,0.84340585697894,1.0179257084009916,0.376,19
2023-08-19,0,0,0.9361598228925094,1.1072823225810624,0.16,19
2023-08-20,0,0,0.9812706645380184,0.9656712347153178,0.536,19
2023-08-21,0,0,0.9880650175388538,0.9736711233144768,0.528,19
2023-08-22,0,0,0.9501391402718308,0.9887778479533649,0.488,19
2023-08-23,0,0,1.0115737235821658,1.0039598817155826,0.4,19
2023-08-24,0,0,0.9999262702998436,1.032153285943955,0.328,19
2023-08-25,0,0,1.24194058981351,1.0141949393237288,0.376,19
2023-08-26,0,0,1.1524945548408054,0.9720812188430523,0.528,19
2023-08-27,0,0,1.0562711289247646,0.9516322257855345,0.608,19
2023-08-28,0,0,1.1258216617159271,0.9718138063591005,0.528,19
2023-08-29,0,0,1.127791985065815,0.9941262714968025,0.464,19
2023-08-30,0,0,1.0730811539867262,0.9719896745334958,0.528,19
2023-08-31,0,0,1.1374657637612942,1.0040020200218134,0.4,19
2023-09-01,0,0,0.9176351523297184,0.9714794652545491,0.528,19
2023-09-02,0,0,0.9210003824336146,0.9888813914753986,0.488,19
2023-09-03,0,0,0.9421400380007852,0.9199185376332123,0.736,19
2023-09-04,0,0,0.9211686908188832,0.8434454544963206,0.912,19
2023-09-05,1,0,0.8469144869908538,0.9043331217860942,0.808,19
2023-09-06,1,0,0.8378144001188419,0.9263004639779326,0.72,19
2023-09-07,1,0,0.8332308808794763,0.8831311617363928,0.848,19
2023-09-08,1,0,0.7903801903571291,0.8572421807930946,0.896,19
2023-09-09,0,0,0.9215862638123296,0.88649231728551,0.84,19
2023-09-10,0,0,0.9192039742345504,0.9828261876786653,0.512,19
2023-09-11,0,0,0.8882584499143324,0.9901063871562508,0.488,19
2023-09-12,0,0,0.9893752333510308,1.0319877134582487,0.328,19
2023-09-13,0,0,1.0276905021746976,0.9978257186366768,0.44,19
2023-09-14,0,0,1.05764422804859,1.002644647067005,0.4,19
2023-09-15,0,0,1.037244258278199,0.9963869986111605,0.456,19
2023-09-16,0,0,0.9111351623678404,0.979199646802909,0.52,19
2023-09-17,0,0,0.9168705447222036,1.017685143582438,0.376,19
2023-09-18,0,0,0.9480631642651184,1.0182899783174881,0.376,19
2023-09-19,0,0,1.049584705904487,1.0182042015289952,0.376,19
2023-09-20,0,0,1.0582598221905524,0.9822024561753268,0.512,19
2023-09-21,0,0,1.0114472018825855,0.9726069759386884,0.528,19
2023-09-22,0,0,1.110871812182302,1.0218506655375583,0.344,19
2023-09-23,0,0,1.1541736168324266,1.049586138063765,0.264,19
2023-09-24,0,0,1.1078020011333731,1.055748562220592,0.256,19
2023-09-25,0,0,1.074645609849099,1.052854531966309,0.264,19
2023-09-26,0,0,0.9539644229731924,1.0346877085458426,0.312,19
2023-09-27,0,0,1.045324049908362,1.0340532705274281,0.32,19
2023-09-28,0,0,1.058283583828204,1.0943769893493875,0.184,19
2023-09-29,0,0,0.9529449023805296,1.0639874969165062,0.248,19
2023-09-30,0,0,1.0335157970037918,1.0582249541394322,0.256,19
2023-10-08,0,1,0.943214957935384,0.9853339548877484,0.47465437788018433,19
2023-10-09,0,1,0.8954605455623991,0.9648885025263614,0.5622119815668203,19
2023-10-10,0,1,0.8714609046846392,0.9512234760606196,0.6221198156682027,19
2023-10-11,0,1,0.8537394125385595,0.9922691545919523,0.43317972350230416,19
2023-10-12,0,1,0.9158302055623126,1.0355751402342883,0.2626728110599078,19
2023-10-13,1,1,0.8235183048240129,0.9501317718783555,0.6359447004608295,19
2023-10-14,1,1,0.8417997244121631,0.9837044599487457,0.4976958525345622,19
2023-10-15,0,1,0.8686185654387014,0.9944134843014002,0.41935483870967744,19
2023-10-16,1,1,0.837630457855076,1.0225288034345985,0.31797235023041476,19
2023-10-17,1,1,0.7765728111191363,1.030322300558607,0.29493087557603687,19
2023-10-18,0,1,0.876315761424511,1.0399526728353656,0.2488479262672811,19
2023-10-19,0,1,0.8981339369635442,1.006880636241878,0.3686635944700461,19
2023-10-20,0,1,1.0052067391820876,0.9979528081225736,0.41013824884792627,19
2023-10-21,0,1,1.0475645261799866,1.0435300607210087,0.2488479262672811,19
2023-10-22,0,1,1.0349876751325695,1.0763497163599824,0.1336405529953917,19
2023-10-23,0,1,1.0648188658578015,1.0816566798774998,0.11981566820276497,19
2023-10-24,0,1,1.2288539084267107,1.1198644273013205,0.041474654377880185,19
2023-10-25,0,1,1.325022505621457,1.0640576154816568,0.16589861751152074,19
2023-10-26,0,1,1.3444469765965152,1.1148580141067532,0.04608294930875576,19
2023-10-27,0,1,1.24809949228092,1.0398872472841285,0.2488479262672811,19
2023-10-28,0,1,1.1197888843427084,1.0307418609019103,0.2903225806451613,19
2023-10-29,0,1,1.0278744636215793,1.02704383921792,0.3087557603686636,19
2023-10-30,0,1,1.092155254370859,1.0530626542087722,0.2119815668202765,19
2023-10-31,0,1,1.1015162289550902,1.0063117636967378,0.37327188940092165,19
2023-11-01,0,1,0.9616024375172428,0.9733280710451095,0.5345622119815668,19
2023-11-02,0,1,1.0211534524417607,0.9895015378084773,0.4470046082949309,19
2023-11-03,0,1,1.0185200315853409,0.9907280085895638,0.4423963133640553,19
2023-11-04,0,1,0.9938521706160228,1.017373584324991,0.33640552995391704,19
2023-11-05,0,1,1.0661778939631648,0.9830492683878566,0.5023041474654378,19
2023-11-06,0,1,1.1620310134405805,0.9243946557558098,0.7649769585253456,19
2023-11-07,0,1,0.980518173100777,0.9096906694410614,0.8202764976958525,19
2023-11-08,0,1,0.9051698390223948,0.9537396357671741,0.6129032258064516,19
2023-11-09,1,1,0.7489778501170876,0.9050752946950182,0.8433179723502304,19
2023-11-10,1,1,0.7527771910343829,0.9424168651779998,0.663594470046083,19
2023-11-11,0,1,0.9667089341078078,0.9964342582253147,0.41013824884792627,19
2023-11-12,0,1,0.9442364852029852,1.0108791000754784,0.3640552995391705,19
2023-11-13,1,1,0.7318274766100183,0.9944542710422518,0.41935483870967744,19
2023-11-14,1,1,0.8206581432559168,1.06424828908431,0.16589861751152074,19
2023-11-15,0,1,1.051314083184571,1.0623770091303466,0.16589861751152074,19
2023-11-16,0,1,1.0761913404529675,1.0624064277337182,0.16589861751152074,19
2023-11-17,0,1,0.9757244500222187,1.033363613109838,0.28110599078341014,19
2023-11-18,0,1,0.940194569771074,0.9884267420197144,0.4608294930875576,19
2023-11-19,0,1,0.8987004950888953,1.0577074291217672,0.1889400921658986,19
2023-11-20,0,1,1.089296800690815,1.075442551354296,0.1382488479262673,19
2023-11-21,0,1,1.1345993778130965,1.0699556637616403,0.15668202764976957,19
2023-11-22,0,1,1.0464304602981034,1.0240064275982546,0.31797235023041476,19
2023-11-23,0,1,1.1378360455267436,1.0415316649069322,0.2488479262672811,19
2023-11-24,0,1,1.3841279965162,1.130456363417758,0.027649769585253458,19
2023-11-25,0,1,1.2713157281439782,1.0678722396815465,0.15668202764976957,19
2023-11-26,0,1,1.4205242426211462,1.0341904703251505,0.2764976958525346,19
2023-11-27,0,1,1.3156964922071708,1.0252852432136563,0.31336405529953915,19
2023-11-28,0,1,1.3008009098853073,1.0134481934910848,0.35944700460829493,19
2023-11-29,0,1,1.2479916720289856,1.0141649553742493,0.35944700460829493,19
2023-11-30,0,1,1.184579900085264,1.0073695535206189,0.3686635944700461,19
2023-12-01,0,1,0.9217983024910515,0.9837099624604736,0.4976958525345622,19
2023-12-02,0,1,0.9872117622337688,0.9830993380475819,0.5023041474654378,19
2023-12-03,0,1,0.9761410830534396,0.9554588393948051,0.5990783410138248,19
2023-12-04,0,1,0.9081520857619844,0.9475161596979678,0.6405529953917051,19
2023-12-05,0,1,0.9381732402892374,0.9536219647511226,0.6129032258064516,19
2023-12-06,0,1,0.9296518465586814,0.9760709983210806,0.5299539170506913,19
2023-12-07,1,1,0.8413685597788102,0.961359098427151,0.576036866359447,19
2023-12-08,0,1,0.991352633325197,0.9646226183791405,0.5622119815668203,19
2023-12-09,0,1,0.9411554944408358,0.935032360144709,0.7373271889400922,19
2023-12-10,1,1,0.8389522108078011,0.9175078267904629,0.7972350230414746,19
2023-12-11,1,1,0.8071649857265369,0.9543516245982917,0.6129032258064516,19
2023-12-12,1,1,0.7572970023336949,0.9386604110689986,0.6912442396313364,19
2023-12-13,1,1,0.6208795880453283,0.9469069439493524,0.6405529953917051,19
2023-12-14,1,1,0.7592057772002324,1.021280314343521,0.3225806451612903,19
2023-12-15,1,1,0.8328269225748938,0.9670806409584888,0.543778801843318,19
2023-12-16,0,1,0.8590655807455964,0.9655766917592001,0.5622119815668203,19
2023-12-17,0,1,0.9377129218982944,1.0475001352039879,0.2304147465437788,19
2023-12-18,0,1,0.9642064200950122,1.0248542485270038,0.31336405529953915,19
2023-12-19,0,1,0.8985380992120569,1.0292088552406622,0.29493087557603687,19
2023-12-20,0,1,1.174221538340847,1.0680654766838855,0.15668202764976957,19
2023-12-21,0,1,1.219687141657661,1.0064231639447205,0.37327188940092165,19
2023-12-22,0,1,1.109109822460017,1.0131474277017012,0.35944700460829493,19
2023-12-23,0,1,1.1355025094767273,1.0194662987507959,0.3225806451612903,19
2023-12-24,0,1,1.067923542918951,1.0747562671291286,0.1382488479262673,19
2023-12-25,0,1,1.0641320258226272,1.1263934950294432,0.027649769585253458,19
2023-12-26,0,1,1.1724151428996483,1.1549139632967629,0.018433179723502304,19
2023-12-27,0,1,1.10656776396788,1.0800130690312424,0.12442396313364056,19
2023-12-28,0,1,1.0122393038967503,1.0728708681784482,0.14285714285714285,19
2023-12-29,0,1,1.1349625439131328,1.081521820575627,0.11981566820276497,19
2023-12-30,0,1,1.107041700896765,1.0491666109163302,0.22580645161290322,19
2023-12-31,0,1,1.0540714431461404,1.002145381515048,0.3870967741935484,19
2024-01-08,0,2,0.9380252547156612,0.9279821156131407,0.7152103559870551,19
2024-01-09,0,2,0.8604976941696318,0.9135275704103487,0.7864077669902912,19
2024-01-10,0,2,0.8967950138147822,0.9457346786499837,0.6116504854368932,19
2024-01-11,1,2,0.81515703606474,0.8782724505745682,0.8705501618122977,19
2024-01-12,1,2,0.7697963725749237,0.9183706138595801,0.7540453074433657,19
2024-01-13,1,2,0.841357639507363,0.9339630689166817,0.6828478964401294,19
2024-01-14,1,2,0.8237505800283649,0.9285567957470993,0.7087378640776699,19
2024-01-15,1,2,0.8143008517556474,0.9183947355841525,0.7540453074433657,19
2024-01-16,0,2,0.8574681818882544,0.9201580061887387,0.7475728155339806,19
2024-01-17,1,2,0.7587486496508539,0.9115556514705109,0.7864077669902912,19
2024-01-18,1,2,0.6693137152967722,0.9034490856134013,0.8090614886731392,19
2024-01-19,1,2,0.6699104276785826,0.9423334132975315,0.6310679611650486,19
2024-01-20,0,2,0.8772632858888515,0.9525389220234186,0.5857605177993528,19
2024-01-21,0,2,0.9892903383152972,1.0521106918902734,0.21035598705501618,19
2024-01-22,0,2,1.117405717166005,1.0228763287018088,0.2750809061488673,19
2024-01-23,0,2,1.1151266074232986,1.0105553944333274,0.313915857605178,19
2024-01-24,0,2,1.075838623368072,1.101389543535326,0.10355987055016182,19
2024-01-25,0,2,1.2754491983991014,1.1538702699536065,0.042071197411003236,19
2024-01-26,0,2,1.423986158079574,1.1389954483645466,0.061488673139158574,19
2024-01-27,0,2,1.2093563799502314,1.0740922170366154,0.1488673139158576,19
2024-01-28,0,2,1.0654453237147563,1.052085052152617,0.21035598705501618,19
2024-01-29,0,2,0.947841005507312,1.0446029154513214,0.22653721682847897,19
2024-01-30,1,2,0.8351685356731198,1.0744783347669609,0.1488673139158576,19
2024-01-31,0,2,0.9497929613869894,1.1510844811716112,0.042071197411003236,19
2024-02-01,0,2,0.917248696829258,1.040716329759582,0.23624595469255663,19
2024-02-02,0,2,0.8851405980336539,1.011811548134471,0.3106796116504854,19
2024-02-03,0,2,0.982826709401738,1.0372997452722743,0.2524271844660194,19
2024-02-04,0,2,1.0025264392902944,0.8821577638011016,0.8640776699029126,19
2024-02-05,0,2,0.9483480269362228,0.8975873835435227,0.8349514563106796,19
2024-02-06,0,2,1.0972617113073977,0.9600172987500877,0.5533980582524272,19
2024-02-07,0,2,1.0891759604105706,0.9382162739114767,0.6537216828478964,19
2024-02-08,0,2,1.096557459323093,0.8961752194600877,0.8349514563106796,19
2024-02-09,0,2,1.1167044003098343,0.8912955655791863,0.8414239482200647,19
2024-02-10,0,2,1.0002853718765394,0.845931967498864,0.9223300970873787,19
2024-02-11,0,2,1.0068662107279371,0.9160985866912729,0.7734627831715211,19
2024-02-12,0,2,1.068197683139049,0.9733655026979766,0.4919093851132686,19
2024-02-13,0,2,0.9193871015786248,0.9172347136849449,0.7637540453074434,19
2024-02-14,0,2,0.9666893508669268,0.9451776489875063,0.6116504854368932,19
2024-02-15,0,2,0.9701647067175788,0.9335660206094785,0.6828478964401294,19
2024-02-16,0,2,0.951505866659967,0.8874644340534993,0.8478964401294499,19
2024-02-17,0,2,0.9867051638475192,0.9036253536864142,0.8090614886731392,19
2024-02-18,0,2,0.9427333113260588,0.9518284244741726,0.5889967637540453,19
2024-02-19,0,2,0.978784236975376,0.975546733576107,0.47572815533980584,19
2024-02-20,0,2,1.2204788803729685,0.9460138633334406,0.6116504854368932,19
2024-02-21,0,2,1.2578634247818792,0.9849268622732652,0.4368932038834951,19
2024-02-22,0,2,1.4160461739581691,0.9509217046120809,0.5922330097087378,19
2024-02-23,0,2,1.4083895326125038,0.9498919398269898,0.6019417475728155,19
2024-02-24,0,2,1.2889078774480094,1.0130020361863534,0.3042071197411003,19
2024-02-25,0,2,1.408628586196815,1.095776957894738,0.11326860841423948,19
2024-02-26,0,2,1.5357853726649573,1.0867883347662521,0.12944983818770225,19
2024-02-27,0,2,1.4255036298830266,1.0707585530566353,0.1650485436893204,19
2024-02-28,0,2,1.3472740673438566,1.0243615746205463,0.2750809061488673,19
2024-02-29,0,2,1.0804552257818711,1.031857725686021,0.26537216828478966,19
2024-03-01,0,2,1.0254354181414247,0.992003842895893,0.40129449838187703,19
2024-03-02,0,2,1.1320172826735235,1.0303263571698476,0.2686084142394822,19
2024-03-03,0,2,1.128319747911003,0.9388281191023524,0.6504854368932039,19
2024-03-04,0,2,0.9822802609177096,0.9010493716103349,0.8252427184466019,19
2024-03-05,0,2,0.9670810502033153,0.8641460757048802,0.8932038834951457,19
2024-03-06,0,2,0.946135861635669,0.8995195027848172,0.8252427184466019,19
2024-03-07,0,2,0.8708436819149774,0.9148741166808229,0.7799352750809061,19
2024-03-08,0,2,0.8762602644369504,0.9180603482740857,0.7572815533980582,19
2024-03-09,1,2,0.8487925178810976,0.9533368121266226,0.5825242718446602,19
2024-03-10,1,2,0.7728795364314732,0.8749341820799896,0.8737864077669902,19
2024-03-11,1,2,0.708461282966484,0.8632025340314338,0.8932038834951457,19
2024-03-12,1,2,0.6426398373180695,0.9073013196773506,0.8058252427184466,19
2024-03-13,1,2,0.571377925482258,0.8813148822640506,0.8640776699029126,19
2024-03-14,1,2,0.6901720416567598,0.9097872248176533,0.7896440129449838,19
2024-03-15,1,2,0.7549641664287521,0.943525837589609,0.627831715210356,19
2024-03-16,1,2,0.836506042031234,0.9360526480970637,0.6731391585760518,19
2024-03-17,0,2,0.9709646135075468,0.9852219570273788,0.4368932038834951,19
2024-03-18,0,2,0.9688339478220468,1.0276146997147761,0.2686084142394822,19
2024-03-19,0,2,0.9413149393033896,0.9920303155424347,0.40129449838187703,19
2024-03-20,0,2,1.0655612632569766,1.0088657981782025,0.31715210355987056,19
2024-03-21,0,2,1.133253625646406,0.9959787442359539,0.3818770226537217,19
2024-03-22,0,2,1.113040266895566,0.9698687526995388,0.5016181229773463,19
2024-03-23,0,2,1.036710651553232,0.9743888716962267,0.4886731391585761,19
2024-03-24,0,2,0.9228864380293004,1.0938026990982814,0.11974110032362459,19
2024-03-25,0,2,1.1500417141558186,1.1795477706504787,0.025889967637540454,19
2024-03-26,0,2,1.298740837351826,1.141808740975882,0.05501618122977346,19
2024-03-27,0,2,1.2996211124527302,1.1544587481754687,0.042071197411003236,19
2024-03-28,0,2,1.323402650373225,1.1246463490695058,0.0744336569579288,19
2024-03-29,0,2,1.3339767416071382,1.09267589275225,0.11974110032362459,19
2024-03-30,0,2,1.273455247833983,1.0866413540468498,0.12944983818770225,19
2024-03-31,0,2,1.1543087116353845,1.0570540357937808,0.20064724919093851,19
2024-04-08,0,3,0.9013501692371486,0.8376510839992378,0.9225,19
2024-04-09,0,3,0.9504673829573714,0.8436441858562678,0.9075,19
2024-04-10,1,3,0.8243382492106264,0.8326804411277587,0.9325,19
2024-04-11,1,3,0.7834501466330951,0.8218564716256901,0.945,19
2024-04-12,0,3,0.8698604395795992,0.817797765592398,0.9475,19
2024-04-13,1,3,0.7597608507551356,0.8567619289454588,0.8825,19
2024-04-14,1,3,0.677212775397524,0.8993930284889143,0.81,19
2024-04-15,1,3,0.6920359386686836,0.888317842833987,0.8325,19
2024-04-16,1,3,0.6104944247335421,0.8946985579270358,0.82,19
2024-04-17,1,3,0.5682484576390117,0.9098119313667902,0.785,19
2024-04-18,1,3,0.6743462566199577,0.9095668428653547,0.785,19
2024-04-19,1,3,0.8021678182057587,0.954827963189313,0.5825,19
2024-04-20,1,3,0.8338345092652095,0.9368469889557824,0.6575,19
2024-04-21,0,3,0.9500977307262902,1.0535361394166876,0.22,19
2024-04-22,0,3,0.894020763122248,1.0182372844224334,0.29,19
2024-04-23,0,3,0.991399742819852,1.1013376699030368,0.13,19
2024-04-24,0,3,1.0878447526166517,1.155346633323007,0.05,19
2024-04-25,0,3,1.1142222845209917,1.1733940695975418,0.035,19
2024-04-26,0,3,1.007146643273655,1.1617121907301646,0.045,19
2024-04-27,0,3,1.1844212349409298,1.1066772148335962,0.125,19
2024-04-28,0,3,1.1006217153126756,1.113070622387942,0.1075,19
2024-04-29,0,3,1.2106187582063732,1.1392402557728747,0.0725,19
2024-04-30,0,3,1.176679988504357,1.0987465127645293,0.13,19
2024-05-01,0,3,1.169712985396964,1.0680606310230305,0.1875,19
2024-05-02,0,3,1.216461054387081,1.0314371130368416,0.26,19
2024-05-03,0,3,1.397113446052744,1.0230852563721995,0.28,19
2024-05-04,0,3,1.0699333394458723,0.9741858137336309,0.4875,19
2024-05-05,0,3,1.0152024835913225,0.9755769725910632,0.4775,19
2024-05-06,0,3,0.9666563960052584,0.9757679762554423,0.4775,19
2024-05-07,0,3,1.0010999776265437,0.9752328873638481,0.4775,19
2024-05-08,0,3,1.045751819874061,0.994214762209594,0.3825,19
2024-05-09,0,3,1.2333799656918272,0.9797377181000021,0.4625,19
2024-05-10,0,3,1.0191571683896132,0.9528538497324941,0.5875,19
2024-05-11,0,3,0.9714474788616788,0.9672815711718237,0.52,19
2024-05-12,0,3,1.0535541973093132,0.9430713767895309,0.625,19
2024-05-13,0,3,1.0240117177175188,0.9598643448102422,0.5625,19
2024-05-14,0,3,1.125954466739724,0.9380841256987797,0.6525,19
2024-05-15,0,3,1.2327625220716356,0.9579269079563343,0.5725,19
2024-05-16,0,3,0.8955376067268118,0.9111444343246651,0.78,19
2024-05-17,1,3,0.7913953040488042,0.9307273658664396,0.68,19
2024-05-18,0,3,0.9055523499200772,0.9433952535152227,0.625,19
2024-05-19,0,3,1.0128479078315926,1.0159643250678287,0.3,19
2024-05-20,0,3,1.2727679133110166,1.003580782493883,0.345,19
2024-05-21,0,3,1.1537031263145334,0.9518069338367469,0.59,19
2024-05-22,0,3,1.046269531398886,0.9156994460164053,0.755,19
2024-05-23,0,3,1.0562146124420275,0.9567876374417085,0.58,19
2024-05-24,0,3,1.2380722690129595,1.0621142402181236,0.2,19
2024-05-25,0,3,1.2213285629567612,1.0879552851361964,0.1425,19
2024-05-26,0,3,1.228174786340416,1.12282733828774,0.09,19
2024-05-27,0,3,1.0487811469475452,1.0742596869493424,0.175,19
2024-05-28,0,3,0.9800365302910446,1.0993644178612665,0.13,19
2024-05-29,0,3,0.9766676001211076,1.059692886219418,0.2025,19
2024-05-30,0,3,1.0512578208843095,1.1101809861833316,0.1125,19
2024-05-31,0,3,0.9961927431314136,1.108586308941027,0.12,19
2024-06-01,0,3,1.0782850177636043,1.0110551555212461,0.315,19
2024-06-02,0,3,0.9920610924462848,0.9228180984893942,0.7275,19
2024-06-03,0,3,0.9346561396567484,0.9137289908519395,0.7675,19
2024-06-04,0,3,0.9732410768918764,0.9324481692060304,0.6775,19
2024-06-05,0,3,1.0072004413080666,0.9295620339472404,0.685,19
2024-06-06,0,3,0.9640593675152046,0.9135563546723509,0.7675,19
2024-06-07,0,3,1.1256372778569268,0.913230915615839,0.77,19
2024-06-08,0,3,1.1008109168047002,0.9156379065994943,0.755,19
2024-06-09,0,3,0.989007483306001,0.9740038704703302,0.49,19
2024-06-10,0,3,0.9274834755604218,1.0162226347948322,0.3,19
2024-06-11,0,3,1.0227093286635367,0.9974161388782754,0.3775,19
2024-06-12,0,3,0.8594831565656494,0.9652682320519875,0.5375,19
2024-06-13,0,3,0.917704853697102,0.9899580530554273,0.4125,19
2024-06-14,1,3,0.6795921971656652,0.946199741959572,0.6075,19
2024-06-15,1,3,0.6145184425791482,0.9393592501621055,0.6425,19
2024-06-16,1,3,0.6919752734828566,0.8238412831266171,0.94,19
2024-06-17,1,3,0.7297780106527604,0.8119576850734447,0.96,19
2024-06-18,1,3,0.6735497277838808,0.8685760123756865,0.875,19
2024-06-19,1,3,0.7804324729432032,0.8427756744095375,0.9075,19
2024-06-20,1,3,0.8217039182820827,0.8631595407707874,0.8775,19
2024-06-21,1,3,0.7884223086555656,0.8135065216813236,0.9575,19
2024-06-22,0,3,0.9602602959616506,0.8371368124278801,0.9225,19
2024-06-23,0,3,1.024427310962878,1.0945187766657163,0.1325,19
2024-06-24,0,3,1.195491628687297,1.1360716846941084,0.075,19
2024-06-25,0,3,1.215906713930801,1.1618109876212024,0.045,19
2024-06-26,0,3,1.2258309674396182,1.1360110605980691,0.075,19
2024-06-27,0,3,1.073965935073988,1.1028846863825637,0.13,19
2024-06-28,0,3,1.2305126825999335,1.1373531701967488,0.075,19
2024-06-29,0,3,1.097148681317217,1.1407274023978884,0.07,19
2024-06-30,0,3,1.0619410379298095,1.1034467821016734,0.13,19
2024-07-08,0,4,1.116457631384267,0.9326026592119431,0.6374745417515275,19
2024-07-09,0,4,1.0101891778297445,0.8994741861012662,0.769857433808554,19
2024-07-10,0,4,1.0863941086454256,0.9605459715091726,0.5295315682281059,19
2024-07-11,0,4,0.9965360490189162,0.9215050700702438,0.6904276985743381,19
2024-07-12,0,4,0.9539304823475042,0.8961527108826177,0.7739307535641547,19
2024-07-13,0,4,0.950638118953398,0.9311671051690785,0.6435845213849287,19
2024-07-14,1,4,0.8397214790590249,0.8387628769041585,0.8920570264765784,19
2024-07-15,1,4,0.7334528107337351,0.8643454852325964,0.8513238289205702,19
2024-07-16,0,4,0.8883891721870719,0.87465751425185,0.835030549898167,19
2024-07-17,1,4,0.8437789187234767,0.9106258371028687,0.7372708757637475,19
2024-07-18,1,4,0.8472455707817422,0.9160511828617475,0.7230142566191446,19
2024-07-19,0,4,0.910717151006186,0.8910085020507073,0.790224032586558,19
2024-07-20,0,4,0.925370339191337,0.8973221811184617,0.7739307535641547,19
2024-07-21,0,4,0.9397654980095967,1.021705201345653,0.2790224032586558,19
2024-07-22,0,4,1.104105804698513,1.0768179556438402,0.15274949083503056,19
2024-07-23,0,4,1.121178664383199,1.0477130966493529,0.21384928716904278,19
2024-07-24,0,4,1.2550419907953434,1.1476699067703329,0.038696537678207736,19
2024-07-25,0,4,1.3558074600098629,1.1275066932064532,0.06517311608961303,19
2024-07-26,0,4,1.2959917929379574,1.0806027042211281,0.14663951120162932,19
2024-07-27,0,4,1.2389659237927133,1.1276642029734611,0.06517311608961303,19
2024-07-28,0,4,1.4091135047749308,1.1280571720200923,0.06517311608961303,19
2024-07-29,0,4,1.3050678458824962,1.1059598131416184,0.09979633401221996,19
2024-07-30,0,4,1.3048241644198404,1.1317042134990847,0.05702647657841141,19
2024-07-31,0,4,1.2597264680283011,1.0783527187420672,0.15071283095723015,19
2024-08-01,0,4,1.121700455984094,1.0226112296365273,0.27494908350305497,19
2024-08-02,0,4,1.0415576174661785,1.0037003949238235,0.32179226069246436,19
2024-08-03,0,4,1.0714138034837262,1.0278609312249005,0.26272912423625255,19
2024-08-04,0,4,0.9254800342702844,0.9229327964925879,0.6843177189409368,19
2024-08-05,0,4,0.9988541841260816,0.9083589238619182,0.7474541751527495,19
2024-08-06,0,4,0.9756751014725488,0.9006770949244775,0.7678207739307535,19
2024-08-07,0,4,0.950823057621353,0.9133065308984042,0.725050916496945,19
2024-08-08,0,4,0.903694941501862,0.9136084594692493,0.725050916496945,19
2024-08-09,0,4,0.9996673408605188,0.9372132399850148,0.615071283095723,19
2024-08-10,0,4,1.0858174208180866,0.9016479054223059,0.7678207739307535,19
2024-08-11,0,4,1.044348391022553,0.9632865009994488,0.5173116089613035,19
2024-08-12,0,4,0.932182289361824,0.9398634282595018,0.6109979633401222,19
2024-08-13,0,4,0.9069610610786007,0.9031684245058058,0.7576374745417516,19
2024-08-14,1,4,0.8265701897589802,0.9283414387053006,0.6537678207739308,19
2024-08-15,0,4,0.9676451248182724,0.9660006282525453,0.49287169042769857,19
2024-08-16,0,4,0.9250031917066456,0.9315340945075943,0.6435845213849287,19
2024-08-17,0,4,0.8864973567568095,0.9410322501111278,0.604887983706721,19
2024-08-18,0,4,0.9752006344141928,0.8489454336304448,0.8757637474541752,19
2024-08-19,0,4,0.9430349725449813,0.8451762871782033,0.8818737270875764,19
2023-07-08,0,0,0.9241726794350844,0.8889312198925013,0.84,20
2023-07-09,0,0,0.9743232874576132,1.04217143046945,0.28,20
2023-07-10,0,0,0.9966145169869692,1.0327266699127642,0.32,20
2023-07-11,0,0,0.9517191542034068,0.9883804106442307,0.504,20
2023-07-12,0,0,0.948542157152549,1.0087347774273001,0.408,20
2023-07-13,1,0,0.8136032158541315,0.9961007507469318,0.464,20
2023-07-14,1,0,0.8379735483359313,1.0185678078195748,0.368,20
2023-07-15,0,0,0.8701002940440485,1.0388659122438146,0.296,20
2023-07-16,0,0,0.9114132510669704,1.065943090698352,0.248,20
2023-07-17,0,0,0.8908737944136609,1.0422464205422348,0.28,20
2023-07-18,0,0,0.9255322693960212,1.008590763150687,0.408,20
2023-07-19,0,0,0.967263115722151,0.994377643373433,0.464,20
2023-07-20,0,0,1.0407271001586968,1.045957404517031,0.272,20
2023-07-21,0,0,1.0879196255666288,1.0241545889841563,0.368,20
2023-07-22,0,0,1.0747706880007073,1.0662599467099678,0.248,20
2023-07-23,0,0,1.082245562916266,1.0579996592430898,0.272,20
2023-07-24,0,0,1.1801619598634046,1.1410712567967294,0.072,20
2023-07-25,0,0,1.1393366031481695,1.0472573724080805,0.272,20
2023-07-26,0,0,1.0470649557621556,1.0583022988338096,0.272,20
2023-07-27,0,0,1.0524089049987362,1.0644411458313434,0.248,20
2023-07-28,0,0,1.0961332324625743,1.1102306970448863,0.16,20
2023-07-29,0,0,1.1475046354373504,1.1302894445078517,0.104,20
2023-07-30,0,0,1.1030104289707232,1.0898079087006594,0.2,20
2023-07-31,0,0,0.9802661574733532,1.0184288722765025,0.368,20
2023-08-01,0,0,0.9276591914865956,1.0393514762636527,0.296,20
2023-08-02,0,0,0.9856192869568604,1.053587804432195,0.272,20
2023-08-03,0,0,0.9849464199753928,1.059254886733813,0.264,20
2023-08-04,0,0,1.0288017106784253,1.0653602553227013,0.248,20
2023-08-05,0,0,1.0494101563413691,1.0076324260912644,0.408,20
2023-08-06,0,0,0.925332606177236,0.9756066309301478,0.52,20
2023-08-07,0,0,1.0600347894644628,1.039169105172105,0.296,20
2023-08-08,0,0,1.2032070808322328,1.0870870100249101,0.208,20
2023-08-09,0,0,1.1361856872066751,1.0412559221375723,0.296,20
2023-08-10,0,0,1.2169384711338458,1.0307121509898718,0.336,20
2023-08-11,0,0,1.124374488467241,0.9604470558012745,0.584,20
2023-08-12,0,0,1.0302234899243532,0.9827198764244143,0.512,20
2023-08-13,0,0,1.1364735275600777,1.0843991615440687,0.208,20
2023-08-14,0,0,1.0140690876726717,1.085907163866423,0.208,20
2023-08-15,0,0,0.9598834391613684,1.009408129924472,0.408,20
2023-08-16,0,0,0.96344523411635,1.0827349267953634,0.208,20
2023-08-17,0,0,0.8619772162480696,1.0099991365081709,0.4,20
2023-08-18,1,0,0.84340585697894,1.0324515493476103,0.32,20
2023-08-19,0,0,0.9361598228925094,1.0993570057861084,0.16,20
2023-08-20,0,0,0.9812706645380184,0.967866673545572,0.536,20
2023-08-21,0,0,0.9880650175388538,0.9502776854123552,0.616,20
2023-08-22,0,0,0.9501391402718308,0.991920312808883,0.488,20
2023-08-23,0,0,1.0115737235821658,0.9742129967286811,0.52,20
2023-08-24,0,0,0.9999262702998436,1.012530911878947,0.392,20
2023-08-25,0,0,1.24194058981351,1.005852418419427,0.416,20
2023-08-26,0,0,1.1524945548408054,0.9670177382187528,0.536,20
2023-08-27,0,0,1.0562711289247646,0.9359647725807432,0.68,20
2023-08-28,0,0,1.1258216617159271,0.9431909151209997,0.656,20
2023-08-29,0,0,1.127791985065815,0.9847450315610604,0.504,20
2023-08-30,0,0,1.0730811539867262,0.9704388324751876,0.536,20
2023-08-31,0,0,1.1374657637612942,0.9838143500088735,0.512,20
2023-09-01,0,0,0.9176351523297184,0.9376922787299672,0.68,20
2023-09-02,0,0,0.9210003824336146,0.9728442409733918,0.528,20
2023-09-03,0,0,0.9421400380007852,0.89120977566471,0.832,20
2023-09-04,0,0,0.9211686908188832,0.8583076711728262,0.896,20
2023-09-05,1,0,0.8469144869908538,0.8943889377842398,0.824,20
2023-09-06,1,0,0.8378144001188419,0.9097233168170478,0.784,20
2023-09-07,1,0,0.8332308808794763,0.9010311552019871,0.808,20
2023-09-08,1,0,0.7903801903571291,0.8928572270391616,0.824,20
2023-09-09,0,0,0.9215862638123296,0.8774934238591491,0.864,20
2023-09-10,0,0,0.9192039742345504,1.0103820913763175,0.4,20
2023-09-11,0,0,0.8882584499143324,0.9795349423948776,0.52,20
2023-09-12,0,0,0.9893752333510308,1.0625751853556624,0.248,20
2023-09-13,0,0,1.0276905021746976,1.0378202368727487,0.296,20
2023-09-14,0,0,1.05764422804859,0.9926123816855037,0.488,20
2023-09-15,0,0,1.037244258278199,1.0358281076512827,0.304,20
2023-09-16,0,0,0.9111351623678404,0.9825202476023737,0.512,20
2023-09-17,0,0,0.9168705447222036,1.0119473924456437,0.392,20
2023-09-18,0,0,0.9480631642651184,1.0277884199667868,0.336,20
2023-09-19,0,0,1.049584705904487,1.0332045935403378,0.32,20
2023-09-20,0,0,1.0582598221905524,0.9998247795429326,0.456,20
2023-09-21,0,0,1.0114472018825855,0.9892469757501547,0.496,20
2023-09-22,0,0,1.110871812182302,1.0071348075365294,0.408,20
2023-09-23,0,0,1.1541736168324266,1.0689508052816181,0.24,20
2023-09-24,0,0,1.1078020011333731,1.0662620855912286,0.248,20
2023-09-25,0,0,1.074645609849099,1.008017954915613,0.408,20
2023-09-26,0,0,0.9539644229731924,1.0575387756933998,0.272,20
2023-09-27,0,0,1.045324049908362,1.001056536831424,0.456,20
2023-09-28,0,0,1.058283583828204,1.0786100737121869,0.208,20
2023-09-29,0,0,0.9529449023805296,1.0787346259388277,0.208,20
2023-09-30,0,0,1.0335157970037918,1.0704513032301337,0.24,20
2023-10-08,0,1,0.943214957935384,0.9834480551889333,0.4976958525345622,20
2023-10-09,0,1,0.8954605455623991,0.9544207363022397,0.6082949308755761,20
2023-10-10,0,1,0.8714609046846392,0.9665091980526106,0.543778801843318,20
2023-10-11,0,1,0.8537394125385595,0.983774005993232,0.4976958525345622,20
2023-10-12,0,1,0.9158302055623126,1.0330785081241078,0.28110599078341014,20
2023-10-13,1,1,0.8235183048240129,0.9516015934891825,0.6221198156682027,20
2023-10-14,1,1,0.8417997244121631,0.9929317199851542,0.4470046082949309,20
2023-10-15,0,1,0.8686185654387014,0.9904897472591607,0.45622119815668205,20
2023-10-16,1,1,0.837630457855076,1.0175710385902672,0.33640552995391704,20
2023-10-17,1,1,0.7765728111191363,1.031396370483131,0.2903225806451613,20
2023-10-18,0,1,0.876315761424511,1.0322436289032353,0.28110599078341014,20
2023-10-19,0,1,0.8981339369635442,0.9912991316472561,0.45622119815668205,20
2023-10-20,0,1,1.0052067391820876,1.021369853494948,0.3271889400921659,20
2023-10-21,0,1,1.0475645261799866,1.0402879122388826,0.25806451612903225,20
2023-10-22,0,1,1.0349876751325695,1.0638600420389621,0.16589861751152074,20
2023-10-23,0,1,1.0648188658578015,1.0648501091666476,0.16129032258064516,20
2023-10-24,0,1,1.2288539084267107,1.1021028811579305,0.06451612903225806,20
2023-10-25,0,1,1.325022505621457,1.0436604639710818,0.23963133640552994,20
2023-10-26,0,1,1.3444469765965152,1.0851897963040538,0.10599078341013825,20
2023-10-27,0,1,1.24809949228092,1.0328896417805438,0.28110599078341014,20
2023-10-28,0,1,1.1197888843427084,1.0269812788382395,0.30414746543778803,20
2023-10-29,0,1,1.0278744636215793,1.0237663112946018,0.31336405529953915,20
2023-10-30,0,1,1.092155254370859,1.0492886798203558,0.2119815668202765,20
2023-10-31,0,1,1.1015162289550902,1.011317333856486,0.37327188940092165,20
2023-11-01,0,1,0.9616024375172428,0.9633584676974033,0.5529953917050692,20
2023-11-02,0,1,1.0211534524417607,0.9828666457896643,0.4976958525345622,20
2023-11-03,0,1,1.0185200315853409,0.9910443993076807,0.45622119815668205,20
2023-11-04,0,1,0.9938521706160228,1.0280353785246814,0.29493087557603687,20
2023-11-05,0,1,1.0661778939631648,0.9970849068884364,0.42857142857142855,20
2023-11-06,0,1,1.1620310134405805,0.9369384001336202,0.7188940092165899,20
2023-11-07,0,1,0.980518173100777,0.9450812519186385,0.6543778801843319,20
2023-11-08,0,1,0.9051698390223948,0.9335976438540748,0.728110599078341,20
2023-11-09,1,1,0.7489778501170876,0.9271183951874095,0.7511520737327189,20
2023-11-10,1,1,0.7527771910343829,0.9410981154699601,0.6866359447004609,20
2023-11-11,0,1,0.9667089341078078,0.9861539031179805,0.4792626728110599,20
2023-11-12,0,1,0.9442364852029852,0.99542854200146,0.4377880184331797,20
2023-11-13,1,1,0.7318274766100183,1.0026099759721334,0.4009216589861751,20
2023-11-14,1,1,0.8206581432559168,1.0584718109534834,0.17972350230414746,20
2023-11-15,0,1,1.051314083184571,1.0831873967097048,0.11059907834101383,20
2023-11-16,0,1,1.0761913404529675,1.0919817603818869,0.09216589861751152,20
2023-11-17,0,1,0.9757244500222187,1.0399507129453966,0.25806451612903225,20
2023-11-18,0,1,0.940194569771074,0.9914959108735926,0.45622119815668205,20
2023-11-19,0,1,0.8987004950888953,1.0459609213363437,0.22580645161290322,20
2023-11-20,0,1,1.089296800690815,1.1026965232349044,0.06451612903225806,20
2023-11-21,0,1,1.1345993778130965,1.0987794365420365,0.07373271889400922,20
2023-11-22,0,1,1.0464304602981034,1.0147405242921148,0.35023041474654376,20
2023-11-23,0,1,1.1378360455267436,1.056636184814192,0.1889400921658986,20
2023-11-24,0,1,1.3841279965162,1.1193853668402287,0.041474654377880185,20
2023-11-25,0,1,1.2713157281439782,1.070878576447958,0.15207373271889402,20
2023-11-26,0,1,1.4205242426211462,1.0303778906522811,0.2903225806451613,20
2023-11-27,0,1,1.3156964922071708,1.0425452793685572,0.2488479262672811,20
2023-11-28,0,1,1.3008009098853073,1.0293225368865762,0.2903225806451613,20
2023-11-29,0,1,1.2479916720289856,1.0257723714967442,0.31336405529953915,20
2023-11-30,0,1,1.184579900085264,1.02421538533383,0.31336405529953915,20
2023-12-01,0,1,0.9217983024910515,0.97812960071487,0.5345622119815668,20
2023-12-02,0,1,0.9872117622337688,0.9732671900539712,0.5391705069124424,20
2023-12-03,0,1,0.9761410830534396,0.9460106991044596,0.6497695852534562,20
2023-12-04,0,1,0.9081520857619844,0.9168628856542632,0.8018433179723502,20
2023-12-05,0,1,0.9381732402892374,0.9415767425773934,0.6866359447004609,20
2023-12-06,0,1,0.9296518465586814,0.9545687311207057,0.6082949308755761,20
2023-12-07,1,1,0.8413685597788102,0.946568656860157,0.6451612903225806,20
2023-12-08,0,1,0.991352633325197,0.9457681733931401,0.6543778801843319,20
2023-12-09,0,1,0.9411554944408358,0.9280024603898736,0.7511520737327189,20
2023-12-10,1,1,0.8389522108078011,0.9291685371309801,0.7465437788018433,20
2023-12-11,1,1,0.8071649857265369,0.9446407528030628,0.6543778801843319,20
2023-12-12,1,1,0.7572970023336949,0.9405700703814387,0.6866359447004609,20
2023-12-13,1,1,0.6208795880453283,0.9376897918631738,0.7188940092165899,20
2023-12-14,1,1,0.7592057772002324,0.9869280648273527,0.4792626728110599,20
2023-12-15,1,1,0.8328269225748938,0.9750000515410143,0.5345622119815668,20
2023-12-16,0,1,0.8590655807455964,0.9615761375505154,0.5622119815668203,20
2023-12-17,0,1,0.9377129218982944,1.022792254303273,0.31336405529953915,20
2023-12-18,0,1,0.9642064200950122,1.0499892197801257,0.2073732718894009,20
2023-12-19,0,1,0.8985380992120569,1.0337889209223055,0.2764976958525346,20
2023-12-20,0,1,1.174221538340847,1.0469255265994235,0.22119815668202766,20
2023-12-21,0,1,1.219687141657661,1.024544291526845,0.31336405529953915,20
2023-12-22,0,1,1.109109822460017,1.003308686042878,0.4009216589861751,20
2023-12-23,0,1,1.1355025094767273,1.0081677110448075,0.39631336405529954,20
2023-12-24,0,1,1.067923542918951,1.0770330819693503,0.12903225806451613,20
2023-12-25,0,1,1.0641320258226272,1.1093109601277906,0.055299539170506916,20
2023-12-26,0,1,1.1724151428996483,1.1237805553842688,0.03686635944700461,20
2023-12-27,0,1,1.10656776396788,1.0919927739795832,0.09216589861751152,20
2023-12-28,0,1,1.0122393038967503,1.0795130129762545,0.11981566820276497,20
2023-12-29,0,1,1.1349625439131328,1.103247566438241,0.06451612903225806,20
2023-12-30,0,1,1.107041700896765,1.0688880490275257,0.15668202764976957,20
2023-12-31,0,1,1.0540714431461404,0.993790076145611,0.4377880184331797,20
2024-01-08,0,2,0.9380252547156612,0.9343783486787508,0.6925566343042071,20
2024-01-09,0,2,0.8604976941696318,0.9045799709557645,0.8187702265372169,20
2024-01-10,0,2,0.8967950138147822,0.9324477980233122,0.6990291262135923,20
2024-01-11,1,2,0.81515703606474,0.8889227462248864,0.8576051779935275,20
2024-01-12,1,2,0.7697963725749237,0.9033508326853287,0.8187702265372169,20
2024-01-13,1,2,0.841357639507363,0.9494472012764241,0.6181229773462783,20
2024-01-14,1,2,0.8237505800283649,0.9382097888771838,0.6634304207119741,20
2024-01-15,1,2,0.8143008517556474,0.9132852325547042,0.7896440129449838,20
2024-01-16,0,2,0.8574681818882544,0.9402892587669338,0.6407766990291263,20
2024-01-17,1,2,0.7587486496508539,0.9247256548049079,0.7346278317152104,20
2024-01-18,1,2,0.6693137152967722,0.9001477184079332,0.8252427184466019,20
2024-01-19,1,2,0.6699104276785826,0.9392784221493378,0.656957928802589,20
2024-01-20,0,2,0.8772632858888515,0.9816370150826592,0.47572815533980584,20
2024-01-21,0,2,0.9892903383152972,1.0637160608142122,0.1779935275080906,20
2024-01-22,0,2,1.117405717166005,1.0209423951950276,0.28802588996763756,20
2024-01-23,0,2,1.1151266074232986,1.0217078263532906,0.2783171521035599,20
2024-01-24,0,2,1.075838623368072,1.079763471223116,0.1488673139158576,20
2024-01-25,0,2,1.2754491983991014,1.1240799033763964,0.07766990291262135,20
2024-01-26,0,2,1.423986158079574,1.1355498160386346,0.06796116504854369,20
2024-01-27,0,2,1.2093563799502314,1.0870870509014148,0.12944983818770225,20
2024-01-28,0,2,1.0654453237147563,1.0544416791352813,0.20064724919093851,20
2024-01-29,0,2,0.947841005507312,1.079145771131354,0.15210355987055016,20
2024-01-30,1,2,0.8351685356731198,1.0767173698066395,0.15857605177993528,20
2024-01-31,0,2,0.9497929613869894,1.168475925382909,0.032362459546925564,20
2024-02-01,0,2,0.917248696829258,1.0626905771870523,0.1779935275080906,20
2024-02-02,0,2,0.8851405980336539,1.009629091104696,0.313915857605178,20
2024-02-03,0,2,0.982826709401738,1.0334642954002344,0.2588996763754045,20
2024-02-04,0,2,1.0025264392902944,0.8964684021428526,0.8317152103559871,20
2024-02-05,0,2,0.9483480269362228,0.9100950792198642,0.7993527508090615,20
2024-02-06,0,2,1.0972617113073977,0.9488071977719174,0.6181229773462783,20
2024-02-07,0,2,1.0891759604105706,0.9363919493790256,0.6731391585760518,20
2024-02-08,0,2,1.096557459323093,0.8716257186759596,0.8770226537216829,20
2024-02-09,0,2,1.1167044003098343,0.8754162605981816,0.8737864077669902,20
2024-02-10,0,2,1.0002853718765394,0.8675715263224141,0.883495145631068,20
2024-02-11,0,2,1.0068662107279371,0.8970447644471566,0.8317152103559871,20
2024-02-12,0,2,1.068197683139049,0.950762081982514,0.6051779935275081,20
2024-02-13,0,2,0.9193871015786248,0.9085604598296927,0.8025889967637541,20
2024-02-14,0,2,0.9666893508669268,0.9387668031815352,0.6601941747572816,20
2024-02-15,0,2,0.9701647067175788,0.9397803990873049,0.6537216828478964,20
2024-02-16,0,2,0.951505866659967,0.8778583518441486,0.8673139158576052,20
2024-02-17,0,2,0.9867051638475192,0.904317869879074,0.8187702265372169,20
2024-02-18,0,2,0.9427333113260588,0.9667220029775004,0.5307443365695793,20
2024-02-19,0,2,0.978784236975376,0.9673718340126649,0.5275080906148867,20
2024-02-20,0,2,1.2204788803729685,0.9725732443880561,0.511326860841424,20
2024-02-21,0,2,1.2578634247818792,0.9633052661392627,0.5533980582524272,20
2024-02-22,0,2,1.4160461739581691,0.9703399482567483,0.5145631067961165,20
2024-02-23,0,2,1.4083895326125038,0.9432969756312809,0.6375404530744336,20
2024-02-24,0,2,1.2889078774480094,1.0448351656214605,0.23624595469255663,20
2024-02-25,0,2,1.408628586196815,1.1056142391685642,0.10032362459546926,20
2024-02-26,0,2,1.5357853726649573,1.091998594508369,0.1262135922330097,20
2024-02-27,0,2,1.4255036298830266,1.0806892755161372,0.1488673139158576,20
2024-02-28,0,2,1.3472740673438566,1.0347723181971558,0.2588996763754045,20
2024-02-29,0,2,1.0804552257818711,1.0482727275160317,0.21359223300970873,20
2024-03-01,0,2,1.0254354181414247,0.9895316967735079,0.42718446601941745,20
2024-03-02,0,2,1.1320172826735235,1.036942287961081,0.2524271844660194,20
2024-03-03,0,2,1.128319747911003,0.9189709850570341,0.7637540453074434,20
2024-03-04,0,2,0.9822802609177096,0.8790470002616338,0.8673139158576052,20
2024-03-05,0,2,0.9670810502033153,0.8840266340961445,0.8640776699029126,20
2024-03-06,0,2,0.946135861635669,0.9144489501232459,0.7864077669902912,20
2024-03-07,0,2,0.8708436819149774,0.9155055361164346,0.7799352750809061,20
2024-03-08,0,2,0.8762602644369504,0.9250041061705744,0.7346278317152104,20
2024-03-09,1,2,0.8487925178810976,0.9423576262360794,0.6407766990291263,20
2024-03-10,1,2,0.7728795364314732,0.8631777298218709,0.8964401294498382,20
2024-03-11,1,2,0.708461282966484,0.8657835397085927,0.889967637540453,20
2024-03-12,1,2,0.6426398373180695,0.8932099337473494,0.8446601941747572,20
2024-03-13,1,2,0.571377925482258,0.8768939978055634,0.8705501618122977,20
2024-03-14,1,2,0.6901720416567598,0.9163018568574347,0.7799352750809061,20
2024-03-15,1,2,0.7549641664287521,0.954416537552769,0.598705501618123,20
2024-03-16,1,2,0.836506042031234,0.9480624794286014,0.6181229773462783,20
2024-03-17,0,2,0.9709646135075468,0.9795305915792756,0.4854368932038835,20
2024-03-18,0,2,0.9688339478220468,1.0244568551473971,0.2750809061488673,20
2024-03-19,0,2,0.9413149393033896,1.007497753986003,0.32038834951456313,20
2024-03-20,0,2,1.0655612632569766,1.0002461387153974,0.36893203883495146,20
2024-03-21,0,2,1.133253625646406,0.9908397295178736,0.4174757281553398,20
2024-03-22,0,2,1.113040266895566,0.957985731452653,0.5760517799352751,20
2024-03-23,0,2,1.036710651553232,0.9542824165124676,0.598705501618123,20
2024-03-24,0,2,0.9228864380293004,1.0786967040980564,0.1553398058252427,20
2024-03-25,0,2,1.1500417141558186,1.1419813729448924,0.05177993527508091,20
2024-03-26,0,2,1.298740837351826,1.1729955922335145,0.032362459546925564,20
2024-03-27,0,2,1.2996211124527302,1.135568901381967,0.06796116504854369,20
2024-03-28,0,2,1.323402650373225,1.1417155766342943,0.05177993527508091,20
2024-03-29,0,2,1.3339767416071382,1.080206935551227,0.1488673139158576,20
2024-03-30,0,2,1.273455247833983,1.0942054546099529,0.12297734627831715,20
2024-03-31,0,2,1.1543087116353845,1.0705172925827955,0.16828478964401294,20
2024-04-08,0,3,0.9013501692371486,0.8227211619684895,0.94,20
2024-04-09,0,3,0.9504673829573714,0.8200880609131908,0.9425,20
2024-04-10,1,3,0.8243382492106264,0.8106718026135867,0.9525,20
2024-04-11,1,3,0.7834501466330951,0.7879047181876355,0.97,20
2024-04-12,0,3,0.8698604395795992,0.7998664023121136,0.96,20
2024-04-13,1,3,0.7597608507551356,0.8754723303275351,0.855,20
2024-04-14,1,3,0.677212775397524,0.8915973040248127,0.83,20
2024-04-15,1,3,0.6920359386686836,0.8893882470154232,0.835,20
2024-04-16,1,3,0.6104944247335421,0.9000822371637727,0.8125,20
2024-04-17,1,3,0.5682484576390117,0.8978356858615445,0.825,20
2024-04-18,1,3,0.6743462566199577,0.9407571667776675,0.65,20
2024-04-19,1,3,0.8021678182057587,0.954171205259009,0.6,20
2024-04-20,1,3,0.8338345092652095,0.9111029150305522,0.785,20
2024-04-21,0,3,0.9500977307262902,1.0570503529872997,0.2025,20
2024-04-22,0,3,0.894020763122248,1.0553055701179053,0.2075,20
2024-04-23,0,3,0.991399742819852,1.0787169101533007,0.1575,20
2024-04-24,0,3,1.0878447526166517,1.1761762122251525,0.025,20
2024-04-25,0,3,1.1142222845209917,1.1547374027603499,0.04,20
2024-04-26,0,3,1.007146643273655,1.1288802698362184,0.075,20
2024-04-27,0,3,1.1844212349409298,1.1022444086063525,0.1225,20
2024-04-28,0,3,1.1006217153126756,1.0941381452998544,0.135,20
2024-04-29,0,3,1.2106187582063732,1.130637039058935,0.075,20
2024-04-30,0,3,1.176679988504357,1.1145186656114552,0.095,20
2024-05-01,0,3,1.169712985396964,1.0484697720538005,0.2225,20
2024-05-02,0,3,1.216461054387081,1.03305724840642,0.2575,20
2024-05-03,0,3,1.397113446052744,1.0183144633761654,0.2925,20
2024-05-04,0,3,1.0699333394458723,0.9941329140323877,0.3925,20
2024-05-05,0,3,1.0152024835913225,0.9404561631843208,0.6525,20
2024-05-06,0,3,0.9666563960052584,0.9640134004451071,0.5325,20
2024-05-07,0,3,1.0010999776265437,0.9672265731039935,0.525,20
2024-05-08,0,3,1.045751819874061,0.9692279016315787,0.52,20
2024-05-09,0,3,1.2333799656918272,0.9427452637493592,0.6425,20
2024-05-10,0,3,1.0191571683896132,0.9610117135389399,0.55,20
2024-05-11,0,3,0.9714474788616788,0.953804777030195,0.6,20
2024-05-12,0,3,1.0535541973093132,0.9733115715620151,0.4975,20
2024-05-13,0,3,1.0240117177175188,0.9928441072038495,0.405,20
2024-05-14,0,3,1.125954466739724,0.9644648134417542,0.5325,20
2024-05-15,0,3,1.2327625220716356,0.9537138324699826,0.6,20
2024-05-16,0,3,0.8955376067268118,0.9135427203029797,0.7775,20
2024-05-17,1,3,0.7913953040488042,0.9430775894828466,0.6425,20
2024-05-18,0,3,0.9055523499200772,0.9772835907413034,0.4725,20
2024-05-19,0,3,1.0128479078315926,0.994899077024868,0.3875,20
2024-05-20,0,3,1.2727679133110166,0.9956775475102785,0.38,20
2024-05-21,0,3,1.1537031263145334,0.9579285691526385,0.5675,20
2024-05-22,0,3,1.046269531398886,0.934245522319629,0.6675,20
2024-05-23,0,3,1.0562146124420275,0.96015635088256,0.5525,20
2024-05-24,0,3,1.2380722690129595,1.0885965999136555,0.14,20
2024-05-25,0,3,1.2213285629567612,1.0969522191994576,0.13,20
2024-05-26,0,3,1.228174786340416,1.1131100878638496,0.095,20
2024-05-27,0,3,1.0487811469475452,1.0842093566907098,0.15,20
2024-05-28,0,3,0.9800365302910446,1.0974301251735994,0.1275,20
2024-05-29,0,3,0.9766676001211076,1.089090869535563,0.14,20
2024-05-30,0,3,1.0512578208843095,1.105201746788736,0.1175,20
2024-05-31,0,3,0.9961927431314136,1.1234438537339242,0.08,20
2024-06-01,0,3,1.0782850177636043,1.024046201556212,0.2875,20
2024-06-02,0,3,0.9920610924462848,0.9375199982417493,0.6625,20
2024-06-03,0,3,0.9346561396567484,0.9243991685689713,0.72,20
2024-06-04,0,3,0.9732410768918764,0.9327619584106049,0.675,20
2024-06-05,0,3,1.0072004413080666,0.9569212961770152,0.57,20
2024-06-06,0,3,0.9640593675152046,0.9162586397821552,0.7675,20
2024-06-07,0,3,1.1256372778569268,0.9267103099718121,0.7125,20
2024-06-08,0,3,1.1008109168047002,0.9249038111841912,0.72,20
2024-06-09,0,3,0.989007483306001,0.9826353234386777,0.46,20
2024-06-10,0,3,0.9274834755604218,0.9905109571807195,0.415,20
2024-06-11,0,3,1.0227093286635367,0.984718252505127,0.44,20
2024-06-12,0,3,0.8594831565656494,0.988529298795486,0.4225,20
2024-06-13,0,3,0.917704853697102,0.9943056058423136,0.39,20
2024-06-14,1,3,0.6795921971656652,0.9547914482695129,0.59,20
2024-06-15,1,3,0.6145184425791482,0.9485226225474062,0.6275,20
2024-06-16,1,3,0.6919752734828566,0.8459612097757362,0.9025,20
2024-06-17,1,3,0.7297780106527604,0.8609938125453634,0.8675,20
2024-06-18,1,3,0.6735497277838808,0.8718842083785617,0.855,20
2024-06-19,1,3,0.7804324729432032,0.8752665037793379,0.855,20
2024-06-20,1,3,0.8217039182820827,0.8826790671707113,0.845,20
2024-06-21,1,3,0.7884223086555656,0.8179940853890866,0.9425,20
2024-06-22,0,3,0.9602602959616506,0.8404792052994228,0.91,20
2024-06-23,0,3,1.024427310962878,1.0896630479472558,0.1375,20
2024-06-24,0,3,1.195491628687297,1.1555451566221733,0.04,20
2024-06-25,0,3,1.215906713930801,1.1519085955195496,0.04,20
2024-06-26,0,3,1.2258309674396182,1.1150569019083654,0.0925,20
2024-06-27,0,3,1.073965935073988,1.0832272310602429,0.1525,20
2024-06-28,0,3,1.2305126825999335,1.1718217572981122,0.025,20
2024-06-29,0,3,1.097148681317217,1.1539462003053105,0.04,20
2024-06-30,0,3,1.0619410379298095,1.0892766495932298,0.14,20
2024-07-08,0,4,1.116457631384267,0.9463819095622479,0.5845213849287169,20
2024-07-09,0,4,1.0101891778297445,0.8995327022464611,0.7718940936863544,20
2024-07-10,0,4,1.0863941086454256,1.0006567928653036,0.34012219959266804,20
2024-07-11,0,4,0.9965360490189162,0.9386156843866601,0.6130346232179226,20
2024-07-12,0,4,0.9539304823475042,0.9281545805707175,0.6537678207739308,20
2024-07-13,0,4,0.950638118953398,0.9374912298172322,0.6171079429735234,20
2024-07-14,1,4,0.8397214790590249,0.8523487120317123,0.8655804480651731,20
2024-07-15,1,4,0.7334528107337351,0.835135061364268,0.9022403258655805,20
2024-07-16,0,4,0.8883891721870719,0.8903830334906383,0.8044806517311609,20
2024-07-17,1,4,0.8437789187234767,0.8999443629636669,0.769857433808554,20
2024-07-18,1,4,0.8472455707817422,0.9008492032967409,0.7678207739307535,20
2024-07-19,0,4,0.910717151006186,0.8751405342146787,0.8309572301425662,20
2024-07-20,0,4,0.925370339191337,0.8718596709698977,0.835030549898167,20
2024-07-21,0,4,0.9397654980095967,1.019694114632815,0.2729124236252546,20
2024-07-22,0,4,1.104105804698513,1.0631511533271423,0.18533604887983707,20
2024-07-23,0,4,1.121178664383199,1.0381892942903068,0.23217922606924643,20
2024-07-24,0,4,1.2550419907953434,1.1326984019715445,0.05702647657841141,20
2024-07-25,0,4,1.3558074600098629,1.127808463613802,0.06109979633401222,20
2024-07-26,0,4,1.2959917929379574,1.0938366624482225,0.12219959266802444,20
2024-07-27,0,4,1.2389659237927133,1.112556599463472,0.08757637474541752,20
2024-07-28,0,4,1.4091135047749308,1.1210977360497045,0.07128309572301425,20
2024-07-29,0,4,1.3050678458824962,1.097188775898279,0.11812627291242363,20
2024-07-30,0,4,1.3048241644198404,1.140937206872549,0.048879837067209775,20
2024-07-31,0,4,1.2597264680283011,1.0787740340941017,0.15885947046843177,20
2024-08-01,0,4,1.121700455984094,1.023249660433239,0.2668024439918534,20
2024-08-02,0,4,1.0415576174661785,1.003973951190582,0.3258655804480652,20
2024-08-03,0,4,1.0714138034837262,1.0188876611311672,0.27494908350305497,20
2024-08-04,0,4,0.9254800342702844,0.9029711267013776,0.7637474541751528,20
2024-08-05,0,4,0.9988541841260816,0.9053764169508861,0.7576374745417516,20
2024-08-06,0,4,0.9756751014725488,0.908540033417374,0.7515274949083504,20
2024-08-07,0,4,0.950823057621353,0.9002404933557423,0.7678207739307535,20
2024-08-08,0,4,0.903694941501862,0.9018884492804429,0.7637474541751528,20
2024-08-09,0,4,0.9996673408605188,0.9277099061952152,0.6558044806517311,20
2024-08-10,0,4,1.0858174208180866,0.9065874569902133,0.7576374745417516,20
2024-08-11,0,4,1.044348391022553,0.9386918584162653,0.6130346232179226,20
2024-08-12,0,4,0.932182289361824,0.9279428410853235,0.6537678207739308,20
2024-08-13,0,4,0.9069610610786007,0.8986671936386248,0.7718940936863544,20
2024-08-14,1,4,0.8265701897589802,0.9067209186389417,0.7556008146639511,20
2024-08-15,0,4,0.9676451248182724,0.9556808820075616,0.5519348268839104,20
2024-08-16,0,4,0.9250031917066456,0.9350550668866576,0.6252545824847251,20
2024-08-17,0,4,0.8864973567568095,0.93231116829749,0.6415478615071283,20
2024-08-18,0,4,0.9752006344141928,0.8455979466187649,0.8778004073319755,20
2024-08-19,0,4,0.9430349725449813,0.8446577692722863,0.879837067209776,20
2023-07-08,0,0,0.9241726794350844,0.8750852660096227,0.864,21
2023-07-09,0,0,0.9743232874576132,1.0596161322082627,0.256,21
2023-07-10,0,0,0.9966145169869692,1.039311923556502,0.28,21
2023-07-11,0,0,0.9517191542034068,0.9962538226015544,0.464,21
2023-07-12,0,0,0.948542157152549,0.989355923333935,0.488,21
2023-07-13,1,0,0.8136032158541315,1.003729912335435,0.432,21
2023-07-14,1,0,0.8379735483359313,1.0200361763748007,0.36,21
2023-07-15,0,0,0.8701002940440485,1.0185869813518924,0.368,21
2023-07-16,0,0,0.9114132510669704,1.083874795813457,0.208,21
2023-07-17,0,0,0.8908737944136609,1.0373187380154714,0.288,21
2023-07-18,0,0,0.9255322693960212,1.0168970918017146,0.376,21
2023-07-19,0,0,0.967263115722151,0.990879960671196,0.488,21
2023-07-20,0,0,1.0407271001586968,1.0448665556661496,0.272,21
2023-07-21,0,0,1.0879196255666288,1.0571714531276724,0.264,21
2023-07-22,0,0,1.0747706880007073,1.0556055127100827,0.264,21
2023-07-23,0,0,1.082245562916266,1.0500116527773196,0.264,21
2023-07-24,0,0,1.1801619598634046,1.1159050397635353,0.136,21
2023-07-25,0,0,1.1393366031481695,1.042992109636636,0.272,21
2023-07-26,0,0,1.0470649557621556,1.0470668398839287,0.264,21
2023-07-27,0,0,1.0524089049987362,1.0510992228923137,0.264,21
2023-07-28,0,0,1.0961332324625743,1.0831314494247326,0.208,21
2023-07-29,0,0,1.1475046354373504,1.131169360878373,0.064,21
2023-07-30,0,0,1.1030104289707232,1.044441379138916,0.272,21
2023-07-31,0,0,0.9802661574733532,1.0115387134664435,0.408,21
2023-08-01,0,0,0.9276591914865956,1.0356646627732236,0.304,21
2023-08-02,0,0,0.9856192869568604,1.0512172718067319,0.264,21
2023-08-03,0,0,0.9849464199753928,1.0474961328668746,0.264,21
2023-08-04,0,0,1.0288017106784253,1.0548644416724946,0.264,21
2023-08-05,0,0,1.0494101563413691,1.007109144080141,0.416,21
2023-08-06,0,0,0.925332606177236,0.9846283646661441,0.512,21
2023-08-07,0,0,1.0600347894644628,1.0234746221017974,0.352,21
2023-08-08,0,0,1.2032070808322328,1.0855894306141272,0.208,21
2023-08-09,0,0,1.1361856872066751,1.0352459769289528,0.304,21
2023-08-10,0,0,1.2169384711338458,1.038853509812049,0.28,21
2023-08-11,0,0,1.124374488467241,0.9695916767135135,0.536,21
2023-08-12,0,0,1.0302234899243532,0.9717131213458533,0.528,21
2023-08-13,0,0,1.1364735275600777,1.0498736454392383,0.264,21
2023-08-14,0,0,1.0140690876726717,1.0566067210270231,0.264,21
2023-08-15,0,0,0.9598834391613684,0.9991045057228319,0.456,21
2023-08-16,0,0,0.96344523411635,1.062135341255598,0.256,21
2023-08-17,0,0,0.8619772162480696,1.0079527523740093,0.408,21
2023-08-18,1,0,0.84340585697894,1.0250441096938787,0.352,21
2023-08-19,0,0,0.9361598228925094,1.1023699619058662,0.176,21
2023-08-20,0,0,0.9812706645380184,0.9787472074086544,0.52,21
2023-08-21,0,0,0.9880650175388538,0.9241595239855319,0.744,21
2023-08-22,0,0,0.9501391402718308,0.9958779169869174,0.464,21
2023-08-23,0,0,1.0115737235821658,0.9797755302726278,0.52,21
2023-08-24,0,0,0.9999262702998436,1.0206257933729863,0.352,21
2023-08-25,0,0,1.24194058981351,1.0052753269302344,0.416,21
2023-08-26,0,0,1.1524945548408054,0.9687097792464473,0.536,21
2023-08-27,0,0,1.0562711289247646,0.9353312650162484,0.688,21
2023-08-28,0,0,1.1258216617159271,0.9385132469181348,0.672,21
2023-08-29,0,0,1.127791985065815,0.9902702011763976,0.488,21
2023-08-30,0,0,1.0730811539867262,0.9544319134586684,0.608,21
2023-08-31,0,0,1.1374657637612942,0.9750068139286685,0.52,21
2023-09-01,0,0,0.9176351523297184,0.9216322486001834,0.744,21
2023-09-02,0,0,0.9210003824336146,0.9656809957415176,0.536,21
2023-09-03,0,0,0.9421400380007852,0.908795354122256,0.784,21
2023-09-04,0,0,0.9211686908188832,0.845260430931676,0.904,21
2023-09-05,1,0,0.8469144869908538,0.8734338451835915,0.88,21
2023-09-06,1,0,0.8378144001188419,0.9300479159473969,0.704,21
2023-09-07,1,0,0.8332308808794763,0.8932913994431622,0.832,21
2023-09-08,1,0,0.7903801903571291,0.8984873103168934,0.832,21
2023-09-09,0,0,0.9215862638123296,0.8811061738315993,0.856,21
2023-09-10,0,0,0.9192039742345504,0.9867025141579475,0.504,21
2023-09-11,0,0,0.8882584499143324,0.9939181978888836,0.472,21
2023-09-12,0,0,0.9893752333510308,1.0361992866240277,0.304,21
2023-09-13,0,0,1.0276905021746976,1.0182649809516562,0.368,21
2023-09-14,0,0,1.05764422804859,0.9842289697296391,0.512,21
2023-09-15,0,0,1.037244258278199,0.9999990276226822,0.44,21
2023-09-16,0,0,0.9111351623678404,0.986171236267697,0.512,21
2023-09-17,0,0,0.9168705447222036,1.000339796248018,0.44,21
2023-09-18,0,0,0.9480631642651184,1.0072518633566065,0.408,21
2023-09-19,0,0,1.049584705904487,1.0106749920502693,0.408,21
2023-09-20,0,0,1.0582598221905524,0.9800909396431241,0.52,21
2023-09-21,0,0,1.0114472018825855,0.9725473048195596,0.528,21
2023-09-22,0,0,1.110871812182302,0.9982189578580418,0.464,21
2023-09-23,0,0,1.1541736168324266,1.040034492573213,0.28,21
2023-09-24,0,0,1.1078020011333731,1.04665523969956,0.264,21
2023-09-25,0,0,1.074645609849099,1.0232926749898354,0.352,21
2023-09-26,0,0,0.9539644229731924,1.0293834264910338,0.32,21
2023-09-27,0,0,1.045324049908362,1.0251036191064122,0.352,21
2023-09-28,0,0,1.058283583828204,1.0685917004746943,0.256,21
2023-09-29,0,0,0.9529449023805296,1.0694457786162486,0.256,21
2023-09-30,0,0,1.0335157970037918,1.070773153758355,0.248,21
2023-10-08,0,1,0.943214957935384,0.9937581865274967,0.4423963133640553,21
2023-10-09,0,1,0.8954605455623991,0.9715615694211159,0.5391705069124424,21
2023-10-10,0,1,0.8714609046846392,0.9586818824916499,0.5852534562211982,21
2023-10-11,0,1,0.8537394125385595,0.9961990214421456,0.4377880184331797,21
2023-10-12,0,1,0.9158302055623126,1.0170495664109918,0.33640552995391704,21
2023-10-13,1,1,0.8235183048240129,0.9525581644354956,0.6221198156682027,21
2023-10-14,1,1,0.8417997244121631,1.0031862479985534,0.39631336405529954,21
2023-10-15,0,1,0.8686185654387014,0.9861939575594513,0.47465437788018433,21
2023-10-16,1,1,0.837630457855076,1.0234103689967122,0.31797235023041476,21
2023-10-17,1,1,0.7765728111191363,1.0197395537111025,0.3271889400921659,21
2023-10-18,0,1,0.876315761424511,1.0332333679945036,0.28110599078341014,21
2023-10-19,0,1,0.8981339369635442,1.002635454352424,0.4009216589861751,21
2023-10-20,0,1,1.0052067391820876,1.0156166777554747,0.33640552995391704,21
2023-10-21,0,1,1.0475645261799866,1.0349612327303928,0.2672811059907834,21
2023-10-22,0,1,1.0349876751325695,1.0534788950711933,0.2119815668202765,21
2023-10-23,0,1,1.0648188658578015,1.0534909015106613,0.2119815668202765,21
2023-10-24,0,1,1.2288539084267107,1.1206422661260382,0.03686635944700461,21
2023-10-25,0,1,1.325022505621457,1.0498178834759988,0.22119815668202766,21
2023-10-26,0,1,1.3444469765965152,1.0797475471175697,0.11981566820276497,21
2023-10-27,0,1,1.24809949228092,1.0325670679405208,0.28110599078341014,21
2023-10-28,0,1,1.1197888843427084,1.0364336914151493,0.2672811059907834,21
2023-10-29,0,1,1.0278744636215793,1.011303836570789,0.3548387096774194,21
2023-10-30,0,1,1.092155254370859,1.051081611581455,0.22119815668202766,21
2023-10-31,0,1,1.1015162289550902,1.0153586819528175,0.33640552995391704,21
2023-11-01,0,1,0.9616024375172428,0.9680834068223577,0.5391705069124424,21
2023-11-02,0,1,1.0211534524417607,0.9839285480804365,0.4930875576036866,21
2023-11-03,0,1,1.0185200315853409,1.0007446630617394,0.423963133640553,21
2023-11-04,0,1,0.9938521706160228,1.0148171411013236,0.33640552995391704,21
2023-11-05,0,1,1.0661778939631648,0.9961785741270242,0.4377880184331797,21
2023-11-06,0,1,1.1620310134405805,0.9452203583688211,0.6682027649769585,21
2023-11-07,0,1,0.980518173100777,0.9403362874446344,0.695852534562212,21
2023-11-08,0,1,0.9051698390223948,0.9627362019961734,0.5668202764976958,21
2023-11-09,1,1,0.7489778501170876,0.9064297779873444,0.8341013824884793,21
2023-11-10,1,1,0.7527771910343829,0.9552538472071719,0.6129032258064516,21
2023-11-11,0,1,0.9667089341078078,1.0065158550656315,0.3824884792626728,21
2023-11-12,0,1,0.9442364852029852,1.0144250215567436,0.33640552995391704,21
2023-11-13,1,1,0.7318274766100183,0.9785631402136292,0.5161290322580645,21
2023-11-14,1,1,0.8206581432559168,1.0750687070222131,0.1336405529953917,21
2023-11-15,0,1,1.051314083184571,1.0903886296339254,0.09216589861751152,21
2023-11-16,0,1,1.0761913404529675,1.0694565766378865,0.16129032258064516,21
2023-11-17,0,1,0.9757244500222187,1.0266749334622065,0.3087557603686636,21
2023-11-18,0,1,0.940194569771074,1.0040042700819234,0.39631336405529954,21
2023-11-19,0,1,0.8987004950888953,1.0525009649141892,0.22119815668202766,21
2023-11-20,0,1,1.089296800690815,1.1068001219646042,0.05069124423963134,21
2023-11-21,0,1,1.1345993778130965,1.0815551084926924,0.11059907834101383,21
2023-11-22,0,1,1.0464304602981034,1.0221441330467027,0.31797235023041476,21
2023-11-23,0,1,1.1378360455267436,1.0642812162931363,0.17511520737327188,21
2023-11-24,0,1,1.3841279965162,1.1242605401026835,0.03225806451612903,21
2023-11-25,0,1,1.2713157281439782,1.082638308950384,0.11059907834101383,21
2023-11-26,0,1,1.4205242426211462,1.0396091549469193,0.25806451612903225,21
2023-11-27,0,1,1.3156964922071708,1.0288867054070068,0.2857142857142857,21
2023-11-28,0,1,1.3008009098853073,1.0279100670866501,0.2995391705069124,21
2023-11-29,0,1,1.2479916720289856,1.0169277978943811,0.33640552995391704,21
2023-11-30,0,1,1.184579900085264,1.0241202421833786,0.31797235023041476,21
2023-12-01,0,1,0.9217983024910515,0.993482559240986,0.4423963133640553,21
2023-12-02,0,1,0.9872117622337688,0.975317641002041,0.5299539170506913,21
2023-12-03,0,1,0.9761410830534396,0.9398687805737039,0.695852534562212,21
2023-12-04,0,1,0.9081520857619844,0.9157208651003429,0.7880184331797235,21
2023-12-05,0,1,0.9381732402892374,0.9326598033340806,0.7188940092165899,21
2023-12-06,0,1,0.9296518465586814,0.9402517439626029,0.695852534562212,21
2023-12-07,1,1,0.8413685597788102,0.9265624378428086,0.7511520737327189,21
2023-12-08,0,1,0.991352633325197,0.9437530770056208,0.6774193548387096,21
2023-12-09,0,1,0.9411554944408358,0.8930472202888472,0.8617511520737328,21
2023-12-10,1,1,0.8389522108078011,0.9241285688134392,0.7603686635944701,21
2023-12-11,1,1,0.8071649857265369,0.9531790674001277,0.6221198156682027,21
2023-12-12,1,1,0.7572970023336949,0.9342688110808209,0.7096774193548387,21
2023-12-13,1,1,0.6208795880453283,0.9470667698264982,0.6589861751152074,21
2023-12-14,1,1,0.7592057772002324,1.0251186381754507,0.31797235023041476,21
2023-12-15,1,1,0.8328269225748938,0.9813837065348852,0.5069124423963134,21
2023-12-16,0,1,0.8590655807455964,0.975421008859481,0.5299539170506913,21
2023-12-17,0,1,0.9377129218982944,1.0357224071407798,0.2672811059907834,21
2023-12-18,0,1,0.9642064200950122,1.0443675686408629,0.23963133640552994,21
2023-12-19,0,1,0.8985380992120569,1.022671493910223,0.31797235023041476,21
2023-12-20,0,1,1.174221538340847,1.060848882525146,0.18433179723502305,21
2023-12-21,0,1,1.219687141657661,1.0219588640714043,0.31797235023041476,21
2023-12-22,0,1,1.109109822460017,1.003690491124418,0.39631336405529954,21
2023-12-23,0,1,1.1355025094767273,1.0239260718336975,0.31797235023041476,21
2023-12-24,0,1,1.067923542918951,1.0931918230530973,0.08755760368663594,21
2023-12-25,0,1,1.0641320258226272,1.1012327304374359,0.06451612903225806,21
2023-12-26,0,1,1.1724151428996483,1.1316813784072703,0.027649769585253458,21
2023-12-27,0,1,1.10656776396788,1.0884399048546776,0.09216589861751152,21
2023-12-28,0,1,1.0122393038967503,1.0644507192855435,0.17511520737327188,21
2023-12-29,0,1,1.1349625439131328,1.077968014926398,0.11981566820276497,21
2023-12-30,0,1,1.107041700896765,1.0598394755741962,0.18433179723502305,21
2023-12-31,0,1,1.0540714431461404,0.9944180472323187,0.4377880184331797,21
2024-01-08,0,2,0.9380252547156612,0.9360791336142988,0.6731391585760518,21
2024-01-09,0,2,0.8604976941696318,0.8674687132486193,0.8867313915857605,21
2024-01-10,0,2,0.8967950138147822,0.921197630413782,0.7669902912621359,21
2024-01-11,1,2,0.81515703606474,0.8724727303253149,0.8737864077669902,21
2024-01-12,1,2,0.7697963725749237,0.8731086443823989,0.8705501618122977,21
2024-01-13,1,2,0.841357639507363,0.9438990760443898,0.627831715210356,21
2024-01-14,1,2,0.8237505800283649,0.9240983980623194,0.7411003236245954,21
2024-01-15,1,2,0.8143008517556474,0.9188277490954783,0.7766990291262136,21
2024-01-16,0,2,0.8574681818882544,0.9354042631345318,0.6828478964401294,21
2024-01-17,1,2,0.7587486496508539,0.9074377998586105,0.8090614886731392,21
2024-01-18,1,2,0.6693137152967722,0.893877980138667,0.8478964401294499,21
2024-01-19,1,2,0.6699104276785826,0.934706871449583,0.6828478964401294,21
2024-01-20,0,2,0.8772632858888515,0.965202831847342,0.540453074433657,21
2024-01-21,0,2,0.9892903383152972,1.0664211210731092,0.17475728155339806,21
2024-01-22,0,2,1.117405717166005,1.0195160104608496,0.28802588996763756,21
2024-01-23,0,2,1.1151266074232986,1.0119973538995224,0.3042071197411003,21
2024-01-24,0,2,1.075838623368072,1.094725456906961,0.12297734627831715,21
2024-01-25,0,2,1.2754491983991014,1.1520666295422464,0.038834951456310676,21
2024-01-26,0,2,1.423986158079574,1.149250627159681,0.042071197411003236,21
2024-01-27,0,2,1.2093563799502314,1.086915456516085,0.12944983818770225,21
2024-01-28,0,2,1.0654453237147563,1.0410559731779725,0.2297734627831715,21
2024-01-29,0,2,0.947841005507312,1.064675658058857,0.1779935275080906,21
2024-01-30,1,2,0.8351685356731198,1.0644264079301233,0.1779935275080906,21
2024-01-31,0,2,0.9497929613869894,1.1568274431946182,0.038834951456310676,21
2024-02-01,0,2,0.917248696829258,1.0454000826337462,0.22006472491909385,21
2024-02-02,0,2,0.8851405980336539,0.9894333847778414,0.4174757281553398,21
2024-02-03,0,2,0.982826709401738,1.0355599569730172,0.2459546925566343,21
2024-02-04,0,2,1.0025264392902944,0.8663760454049594,0.889967637540453,21
2024-02-05,0,2,0.9483480269362228,0.9063329288820683,0.8122977346278317,21
2024-02-06,0,2,1.0972617113073977,0.9365916353440799,0.6666666666666666,21
2024-02-07,0,2,1.0891759604105706,0.9272389180631272,0.7249190938511327,21
2024-02-08,0,2,1.096557459323093,0.8631307129170503,0.8932038834951457,21
2024-02-09,0,2,1.1167044003098343,0.868443821494589,0.883495145631068,21
2024-02-10,0,2,1.0002853718765394,0.8610059250971,0.8996763754045307,21
2024-02-11,0,2,1.0068662107279371,0.8743580941115171,0.8705501618122977,21
2024-02-12,0,2,1.068197683139049,0.9541033028683499,0.5857605177993528,21
2024-02-13,0,2,0.9193871015786248,0.9148311877229219,0.7928802588996764,21
2024-02-14,0,2,0.9666893508669268,0.9194949560005599,0.7669902912621359,21
2024-02-15,0,2,0.9701647067175788,0.9236112470405214,0.7508090614886731,21
2024-02-16,0,2,0.951505866659967,0.8931734805786155,0.8478964401294499,21
2024-02-17,0,2,0.9867051638475192,0.8812915943889101,0.86084142394822,21
2024-02-18,0,2,0.9427333113260588,0.9555600286438226,0.5792880258899676,21
2024-02-19,0,2,0.978784236975376,0.9605664273433279,0.5533980582524272,21
2024-02-20,0,2,1.2204788803729685,0.9542631804590361,0.5857605177993528,21
2024-02-21,0,2,1.2578634247818792,0.9679201466645182,0.5339805825242718,21
2024-02-22,0,2,1.4160461739581691,0.945488808386855,0.627831715210356,21
2024-02-23,0,2,1.4083895326125038,0.9313513864581081,0.7055016181229773,21
2024-02-24,0,2,1.2889078774480094,0.9983375476753668,0.36245954692556637,21
2024-02-25,0,2,1.408628586196815,1.0875773902035715,0.12944983818770225,21
2024-02-26,0,2,1.5357853726649573,1.098746945450572,0.11650485436893204,21
2024-02-27,0,2,1.4255036298830266,1.0714267117637841,0.16181229773462782,21
2024-02-28,0,2,1.3472740673438566,1.04133099638841,0.22653721682847897,21
2024-02-29,0,2,1.0804552257818711,1.080325936310456,0.13915857605177995,21
2024-03-01,0,2,1.0254354181414247,0.9804086757693204,0.47572815533980584,21
2024-03-02,0,2,1.1320172826735235,1.0187717099835627,0.28802588996763756,21
2024-03-03,0,2,1.128319747911003,0.9185378948672088,0.7766990291262136,21
2024-03-04,0,2,0.9822802609177096,0.8959620615024908,0.8478964401294499,21
2024-03-05,0,2,0.9670810502033153,0.8738609289416001,0.8705501618122977,21
2024-03-06,0,2,0.946135861635669,0.9158248902534465,0.7864077669902912,21
2024-03-07,0,2,0.8708436819149774,0.9062636294570819,0.8122977346278317,21
2024-03-08,0,2,0.8762602644369504,0.9185508906657011,0.7766990291262136,21
2024-03-09,1,2,0.8487925178810976,0.9184302914793507,0.7766990291262136,21
2024-03-10,1,2,0.7728795364314732,0.8622802046448781,0.8932038834951457,21
2024-03-11,1,2,0.708461282966484,0.8607224203680354,0.8996763754045307,21
2024-03-12,1,2,0.6426398373180695,0.8915745270466088,0.8478964401294499,21
2024-03-13,1,2,0.571377925482258,0.8767721494060239,0.8673139158576052,21
2024-03-14,1,2,0.6901720416567598,0.9066676058514189,0.8090614886731392,21
2024-03-15,1,2,0.7549641664287521,0.9558100626260494,0.5760517799352751,21
2024-03-16,1,2,0.836506042031234,0.946307179543641,0.627831715210356,21
2024-03-17,0,2,0.9709646135075468,0.9679244061629634,0.5339805825242718,21
2024-03-18,0,2,0.9688339478220468,1.0135412489732454,0.30097087378640774,21
2024-03-19,0,2,0.9413149393033896,0.9995121218934689,0.3592233009708738,21
2024-03-20,0,2,1.0655612632569766,0.9946592125947419,0.3818770226537217,21
2024-03-21,0,2,1.133253625646406,0.9918638903447492,0.4045307443365696,21
2024-03-22,0,2,1.113040266895566,0.9465071699135995,0.627831715210356,21
2024-03-23,0,2,1.036710651553232,0.9567469242547222,0.5728155339805825,21
2024-03-24,0,2,0.9228864380293004,1.0754273286330494,0.1553398058252427,21
2024-03-25,0,2,1.1500417141558186,1.1743036851447517,0.02912621359223301,21
2024-03-26,0,2,1.298740837351826,1.1511741743553623,0.038834951456310676,21
2024-03-27,0,2,1.2996211124527302,1.153294910948457,0.038834951456310676,21
2024-03-28,0,2,1.323402650373225,1.137369645578657,0.05501618122977346,21
2024-03-29,0,2,1.3339767416071382,1.0620003022560538,0.18122977346278318,21
2024-03-30,0,2,1.273455247833983,1.0746834861545218,0.15857605177993528,21
2024-03-31,0,2,1.1543087116353845,1.0934338280308231,0.12297734627831715,21
2024-04-08,0,3,0.9013501692371486,0.8428130383296387,0.8975,21
2024-04-09,0,3,0.9504673829573714,0.8334161927963427,0.9175,21
2024-04-10,1,3,0.8243382492106264,0.814226499656301,0.9425,21
2024-04-11,1,3,0.7834501466330951,0.7858114837949268,0.97,21
2024-04-12,0,3,0.8698604395795992,0.8000559881590501,0.96,21
2024-04-13,1,3,0.7597608507551356,0.8878096523049034,0.8425,21
2024-04-14,1,3,0.677212775397524,0.8945620982460829,0.8325,21
2024-04-15,1,3,0.6920359386686836,0.8889389293073716,0.8425,21
2024-04-16,1,3,0.6104944247335421,0.8953789809224135,0.8275,21
2024-04-17,1,3,0.5682484576390117,0.8879412819233242,0.8425,21
2024-04-18,1,3,0.6743462566199577,0.9261438971240601,0.705,21
2024-04-19,1,3,0.8021678182057587,0.9537661174536138,0.5975,21
2024-04-20,1,3,0.8338345092652095,0.9145683742525235,0.7625,21
2024-04-21,0,3,0.9500977307262902,1.0654274622824849,0.1825,21
2024-04-22,0,3,0.894020763122248,1.050597662964285,0.22,21
2024-04-23,0,3,0.991399742819852,1.1050690651225739,0.11,21
2024-04-24,0,3,1.0878447526166517,1.1552579146868762,0.04,21
2024-04-25,0,3,1.1142222845209917,1.1721059444031778,0.02,21
2024-04-26,0,3,1.007146643273655,1.156174839429052,0.04,21
2024-04-27,0,3,1.1844212349409298,1.0948911648642734,0.135,21
2024-04-28,0,3,1.1006217153126756,1.0727884700975454,0.165,21
2024-04-29,0,3,1.2106187582063732,1.1127800365159044,0.09,21
2024-04-30,0,3,1.176679988504357,1.1047859200004897,0.11,21
2024-05-01,0,3,1.169712985396964,1.0474338514576076,0.2225,21
2024-05-02,0,3,1.216461054387081,1.0070786692671565,0.335,21
2024-05-03,0,3,1.397113446052744,0.9939879953272077,0.38,21
2024-05-04,0,3,1.0699333394458723,0.9606766011508059,0.5525,21
2024-05-05,0,3,1.0152024835913225,0.9375317965890455,0.6575,21
2024-05-06,0,3,0.9666563960052584,0.9596596843636473,0.555,21
2024-05-07,0,3,1.0010999776265437,0.9696911633442076,0.51,21
2024-05-08,0,3,1.045751819874061,0.9550681679545766,0.58,21
2024-05-09,0,3,1.2333799656918272,0.9476527221953235,0.62,21
2024-05-10,0,3,1.0191571683896132,0.9547604879040307,0.5825,21
2024-05-11,0,3,0.9714474788616788,0.9371356318971428,0.6575,21
2024-05-12,0,3,1.0535541973093132,0.9503287235620338,0.61,21
2024-05-13,0,3,1.0240117177175188,0.9974867427603291,0.365,21
2024-05-14,0,3,1.125954466739724,0.9790615252739603,0.4575,21
2024-05-15,0,3,1.2327625220716356,0.9716260392019096,0.5,21
2024-05-16,0,3,0.8955376067268118,0.9373740278352095,0.6575,21
2024-05-17,1,3,0.7913953040488042,0.9586785585351426,0.56,21
2024-05-18,0,3,0.9055523499200772,0.9757825006091544,0.4675,21
2024-05-19,0,3,1.0128479078315926,0.9846847992427985,0.4275,21
2024-05-20,0,3,1.2727679133110166,0.9910299358443062,0.3875,21
2024-05-21,0,3,1.1537031263145334,0.9678855411877381,0.5125,21
2024-05-22,0,3,1.046269531398886,0.9418747604938241,0.635,21
2024-05-23,0,3,1.0562146124420275,0.9858486111557023,0.42,21
2024-05-24,0,3,1.2380722690129595,1.0681424135050055,0.18,21
2024-05-25,0,3,1.2213285629567612,1.0476467842352026,0.22,21
2024-05-26,0,3,1.228174786340416,1.1268343174735225,0.07,21
2024-05-27,0,3,1.0487811469475452,1.082284299921289,0.1525,21
2024-05-28,0,3,0.9800365302910446,1.0866765376256844,0.1475,21
2024-05-29,0,3,0.9766676001211076,1.0644722217239697,0.1875,21
2024-05-30,0,3,1.0512578208843095,1.1044175645320375,0.1125,21
2024-05-31,0,3,0.9961927431314136,1.121307610652693,0.0775,21
2024-06-01,0,3,1.0782850177636043,1.0346286676854426,0.2475,21
2024-06-02,0,3,0.9920610924462848,0.9298839285128534,0.6875,21
2024-06-03,0,3,0.9346561396567484,0.8951833666898562,0.83,21
2024-06-04,0,3,0.9732410768918764,0.920068423298273,0.7375,21
2024-06-05,0,3,1.0072004413080666,0.9512605041466934,0.6075,21
2024-06-06,0,3,0.9640593675152046,0.9141034372300884,0.7625,21
2024-06-07,0,3,1.1256372778569268,0.9159794840930578,0.755,21
2024-06-08,0,3,1.1008109168047002,0.9071192426159584,0.79,21
2024-06-09,0,3,0.989007483306001,0.9612027509864529,0.55,21
2024-06-10,0,3,0.9274834755604218,0.985350952183797,0.425,21
2024-06-11,0,3,1.0227093286635367,0.9671970272653532,0.5175,21
2024-06-12,0,3,0.8594831565656494,0.9548832377944118,0.58,21
2024-06-13,0,3,0.917704853697102,0.9839924755759005,0.4275,21
2024-06-14,1,3,0.6795921971656652,0.9401419680724162,0.6425,21
2024-06-15,1,3,0.6145184425791482,0.9431103782707776,0.6275,21
2024-06-16,1,3,0.6919752734828566,0.8402815077805754,0.9075,21
2024-06-17,1,3,0.7297780106527604,0.8488385724693287,0.8925,21
2024-06-18,1,3,0.6735497277838808,0.8664671755964616,0.8625,21
2024-06-19,1,3,0.7804324729432032,0.8804395574976636,0.845,21
2024-06-20,1,3,0.8217039182820827,0.8675606259604357,0.8625,21
2024-06-21,1,3,0.7884223086555656,0.8299122663367591,0.9225,21
2024-06-22,0,3,0.9602602959616506,0.8335789628322341,0.9175,21
2024-06-23,0,3,1.024427310962878,1.074963270727302,0.16,21
2024-06-24,0,3,1.195491628687297,1.1360925506048247,0.06,21
2024-06-25,0,3,1.215906713930801,1.1408103897219282,0.055,21
2024-06-26,0,3,1.2258309674396182,1.0924610138321442,0.1375,21
2024-06-27,0,3,1.073965935073988,1.077472318174327,0.1575,21
2024-06-28,0,3,1.2305126825999335,1.1404324040715141,0.055,21
2024-06-29,0,3,1.097148681317217,1.1562041250054682,0.04,21
2024-06-30,0,3,1.0619410379298095,1.0833928847902636,0.1525,21
2024-07-08,0,4,1.116457631384267,0.9407470030430729,0.6008146639511202,21
2024-07-09,0,4,1.0101891778297445,0.8760199081605362,0.8370672097759674,21
2024-07-10,0,4,1.0863941086454256,0.9573425390316571,0.5417515274949084,21
2024-07-11,0,4,0.9965360490189162,0.9029508964295007,0.7678207739307535,21
2024-07-12,0,4,0.9539304823475042,0.9036271240313445,0.7657841140529531,21
2024-07-13,0,4,0.950638118953398,0.9132991872724925,0.725050916496945,21
2024-07-14,1,4,0.8397214790590249,0.8446602974327136,0.8778004073319755,21
2024-07-15,1,4,0.7334528107337351,0.845608692174037,0.8778004073319755,21
2024-07-16,0,4,0.8883891721870719,0.87167816790075,0.8391038696537678,21
2024-07-17,1,4,0.8437789187234767,0.9066491023910943,0.7535641547861507,21
2024-07-18,1,4,0.8472455707817422,0.8941518535369419,0.7922606924643585,21
2024-07-19,0,4,0.910717151006186,0.8879005899593799,0.8105906313645621,21
2024-07-20,0,4,0.925370339191337,0.875591326127845,0.8370672097759674,21
2024-07-21,0,4,0.9397654980095967,1.0147114976583889,0.2973523421588595,21
2024-07-22,0,4,1.104105804698513,1.0710721196496729,0.17311608961303462,21
2024-07-23,0,4,1.121178664383199,1.0264719706743521,0.25865580448065173,21
2024-07-24,0,4,1.2550419907953434,1.12508938501742,0.06313645621181263,21
2024-07-25,0,4,1.3558074600098629,1.1282698482878641,0.06109979633401222,21
2024-07-26,0,4,1.2959917929379574,1.0719178524258692,0.1710794297352342,21
2024-07-27,0,4,1.2389659237927133,1.120485196542873,0.06924643584521385,21
2024-07-28,0,4,1.4091135047749308,1.1274162995898782,0.06109979633401222,21
2024-07-29,0,4,1.3050678458824962,1.0913712834062836,0.13441955193482688,21
2024-07-30,0,4,1.3048241644198404,1.1477570742338108,0.04684317718940937,21
2024-07-31,0,4,1.2597264680283011,1.0795568051698174,0.15682281059063136,21
2024-08-01,0,4,1.121700455984094,1.0286908540145516,0.2505091649694501,21
2024-08-02,0,4,1.0415576174661785,1.0068948789037864,0.32179226069246436,21
2024-08-03,0,4,1.0714138034837262,1.0283289528173585,0.2505091649694501,21
2024-08-04,0,4,0.9254800342702844,0.90086504942944,0.7780040733197556,21
2024-08-05,0,4,0.9988541841260816,0.914930167122553,0.714867617107943,21
2024-08-06,0,4,0.9756751014725488,0.9087262382580453,0.7413441955193483,21
2024-08-07,0,4,0.950823057621353,0.9046412373417464,0.7596741344195519,21
2024-08-08,0,4,0.903694941501862,0.9106839968507144,0.7331975560081466,21
2024-08-09,0,4,0.9996673408605188,0.9348914244950025,0.6191446028513238,21
2024-08-10,0,4,1.0858174208180866,0.9027621064039751,0.769857433808554,21
2024-08-11,0,4,1.044348391022553,0.9614117295987948,0.5091649694501018,21
2024-08-12,0,4,0.932182289361824,0.9353127282244666,0.615071283095723,21
2024-08-13,0,4,0.9069610610786007,0.9222053506211745,0.6802443991853361,21
2024-08-14,1,4,0.8265701897589802,0.9316047316552655,0.6313645621181263,21
2024-08-15,0,4,0.9676451248182724,0.9623426294351556,0.505091649694501,21
2024-08-16,0,4,0.9250031917066456,0.9588943031949716,0.5315682281059063,21
2024-08-17,0,4,0.8864973567568095,0.9500898572122605,0.570264765784114,21
2024-08-18,0,4,0.9752006344141928,0.832563676333609,0.9022403258655805,21
2024-08-19,0,4,0.9430349725449813,0.843155465710357,0.8778004073319755,21
2023-07-08,0,0,0.9241726794350844,0.902734540577411,0.8,22
2023-07-09,0,0,0.9743232874576132,1.0529497090815432,0.272,22
2023-07-10,0,0,0.9966145169869692,1.0310568395099402,0.336,22
2023-07-11,0,0,0.9517191542034068,1.0025850975994186,0.416,22
2023-07-12,0,0,0.948542157152549,0.9912747906806012,0.488,22
2023-07-13,1,0,0.8136032158541315,0.9843141251583148,0.512,22
2023-07-14,1,0,0.8379735483359313,1.0419559726022622,0.296,22
2023-07-15,0,0,0.8701002940440485,1.047593897329525,0.288,22
2023-07-16,0,0,0.9114132510669704,1.0494522156836017,0.28,22
2023-07-17,0,0,0.8908737944136609,1.047791398147376,0.288,22
2023-07-18,0,0,0.9255322693960212,0.9993129389245914,0.44,22
2023-07-19,0,0,0.967263115722151,0.9730400202394502,0.528,22
2023-07-20,0,0,1.0407271001586968,1.050026555401688,0.272,22
2023-07-21,0,0,1.0879196255666288,1.0674836171145192,0.24,22
2023-07-22,0,0,1.0747706880007073,1.0464820073387566,0.288,22
2023-07-23,0,0,1.082245562916266,1.0328307126818188,0.328,22
2023-07-24,0,0,1.1801619598634046,1.1052881187510795,0.16,22
2023-07-25,0,0,1.1393366031481695,1.046344419813144,0.288,22
2023-07-26,0,0,1.0470649557621556,1.036158124347428,0.312,22
2023-07-27,0,0,1.0524089049987362,1.0648862320791301,0.248,22
2023-07-28,0,0,1.0961332324625743,1.1098980899273827,0.16,22
2023-07-29,0,0,1.1475046354373504,1.094693518306915,0.176,22
2023-07-30,0,0,1.1030104289707232,1.0571279511557494,0.272,22
2023-07-31,0,0,0.9802661574733532,1.014984706057396,0.392,22
2023-08-01,0,0,0.9276591914865956,1.0493595429464915,0.28,22
2023-08-02,0,0,0.9856192869568604,1.0508210324630294,0.272,22
2023-08-03,0,0,0.9849464199753928,1.0462154615008032,0.288,22
2023-08-04,0,0,1.0288017106784253,1.0543501916804683,0.272,22
2023-08-05,0,0,1.0494101563413691,1.0151865236785977,0.392,22
2023-08-06,0,0,0.925332606177236,0.9761334342600123,0.52,22
2023-08-07,0,0,1.0600347894644628,1.0324347946944414,0.328,22
2023-08-08,0,0,1.2032070808322328,1.075340084621526,0.24,22
2023-08-09,0,0,1.1361856872066751,1.031992870167055,0.328,22
2023-08-10,0,0,1.2169384711338458,1.0203144300224938,0.368,22
2023-08-11,0,0,1.124374488467241,0.9681547140657033,0.544,22
2023-08-12,0,0,1.0302234899243532,0.956831711485407,0.6,22
2023-08-13,0,0,1.1364735275600777,1.0724920736272576,0.24,22
2023-08-14,0,0,1.0140690876726717,1.0685506929048454,0.24,22
2023-08-15,0,0,0.9598834391613684,1.0141894768257613,0.4,22
2023-08-16,0,0,0.96344523411635,1.0620809123981116,0.256,22
2023-08-17,0,0,0.8619772162480696,1.0206059282587043,0.368,22
2023-08-18,1,0,0.84340585697894,1.0009667877111836,0.424,22
2023-08-19,0,0,0.9361598228925094,1.080468412055504,0.224,22
2023-08-20,0,0,0.9812706645380184,0.9950932534625678,0.448,22
2023-08-21,0,0,0.9880650175388538,0.9326990223463624,0.688,22
2023-08-22,0,0,0.9501391402718308,0.9893856345922377,0.504,22
2023-08-23,0,0,1.0115737235821658,0.9800792531262458,0.52,22
2023-08-24,0,0,0.9999262702998436,1.0135981677527266,0.4,22
2023-08-25,0,0,1.24194058981351,1.0298085912618078,0.344,22
2023-08-26,0,0,1.1524945548408054,0.9874116671554984,0.512,22
2023-08-27,0,0,1.0562711289247646,0.9439266681269551,0.656,22
2023-08-28,0,0,1.1258216617159271,0.9455318699862069,0.648,22
2023-08-29,0,0,1.127791985065815,1.004594286623746,0.416,22
2023-08-30,0,0,1.0730811539867262,0.9623767441762633,0.56,22
2023-08-31,0,0,1.1374657637612942,0.9654587085729226,0.544,22
2023-09-01,0,0,0.9176351523297184,0.9342675454548717,0.68,22
2023-09-02,0,0,0.9210003824336146,0.9915195338927775,0.488,22
2023-09-03,0,0,0.9421400380007852,0.9290853926143345,0.712,22
2023-09-04,0,0,0.9211686908188832,0.8664565398997753,0.888,22
2023-09-05,1,0,0.8469144869908538,0.9078173860392019,0.792,22
2023-09-06,1,0,0.8378144001188419,0.9464603022643648,0.648,22
2023-09-07,1,0,0.8332308808794763,0.9187254228696391,0.752,22
2023-09-08,1,0,0.7903801903571291,0.9098521872706127,0.784,22
2023-09-09,0,0,0.9215862638123296,0.8810083594136423,0.864,22
2023-09-10,0,0,0.9192039742345504,1.0120797694718018,0.4,22
2023-09-11,0,0,0.8882584499143324,0.9878427932840645,0.512,22
2023-09-12,0,0,0.9893752333510308,1.0375569471699007,0.296,22
2023-09-13,0,0,1.0276905021746976,1.0294104549806202,0.344,22
2023-09-14,0,0,1.05764422804859,1.000282315601515,0.44,22
2023-09-15,0,0,1.037244258278199,1.0173893241655214,0.384,22
2023-09-16,0,0,0.9111351623678404,0.97797338095878,0.52,22
2023-09-17,0,0,0.9168705447222036,1.0090486963900778,0.4,22
2023-09-18,0,0,0.9480631642651184,1.0063796302225623,0.4,22
2023-09-19,0,0,1.049584705904487,1.033216601736279,0.32,22
2023-09-20,0,0,1.0582598221905524,1.0086644041881734,0.4,22
2023-09-21,0,0,1.0114472018825855,0.9989020577895357,0.448,22
2023-09-22,0,0,1.110871812182302,1.0250544954620158,0.36,22
2023-09-23,0,0,1.1541736168324266,1.031450000786045,0.328,22
2023-09-24,0,0,1.1078020011333731,1.0607454717002023,0.264,22
2023-09-25,0,0,1.074645609849099,1.0055405738435443,0.416,22
2023-09-26,0,0,0.9539644229731924,1.0326354196690677,0.328,22
2023-09-27,0,0,1.045324049908362,1.0174907077826243,0.384,22
2023-09-28,0,0,1.058283583828204,1.0504700189540221,0.272,22
2023-09-29,0,0,0.9529449023805296,1.0651116355347068,0.248,22
2023-09-30,0,0,1.0335157970037918,1.0607552984000346,0.264,22
2023-10-08,0,1,0.943214957935384,0.9963892804413766,0.423963133640553,22
2023-10-09,0,1,0.8954605455623991,0.9606926993863245,0.5852534562211982,22
2023-10-10,0,1,0.8714609046846392,0.9496843980687255,0.6405529953917051,22
2023-10-11,0,1,0.8537394125385595,0.9730353261508677,0.5391705069124424,22
2023-10-12,0,1,0.9158302055623126,1.0074943433315888,0.3824884792626728,22
2023-10-13,1,1,0.8235183048240129,0.9634189355369088,0.5622119815668203,22
2023-10-14,1,1,0.8417997244121631,0.9829172754281279,0.5023041474654378,22
2023-10-15,0,1,0.8686185654387014,0.9735326413168351,0.5345622119815668,22
2023-10-16,1,1,0.837630457855076,1.0207327600088096,0.31797235023041476,22
2023-10-17,1,1,0.7765728111191363,1.0158387557335375,0.34101382488479265,22
2023-10-18,0,1,0.876315761424511,1.0151087455970247,0.3456221198156682,22
2023-10-19,0,1,0.8981339369635442,1.0154463696690725,0.34101382488479265,22
2023-10-20,0,1,1.0052067391820876,1.0134919394767674,0.3548387096774194,22
2023-10-21,0,1,1.0475645261799866,1.0254407244143888,0.29493087557603687,22
2023-10-22,0,1,1.0349876751325695,1.0550657134044843,0.2119815668202765,22
2023-10-23,0,1,1.0648188658578015,1.0495311351296854,0.22119815668202766,22
2023-10-24,0,1,1.2288539084267107,1.104015487173399,0.07373271889400922,22
2023-10-25,0,1,1.325022505621457,1.0638132071324362,0.18433179723502305,22
2023-10-26,0,1,1.3444469765965152,1.0949289649287146,0.09216589861751152,22
2023-10-27,0,1,1.24809949228092,1.0576114865864001,0.2119815668202765,22
2023-10-28,0,1,1.1197888843427084,1.0285936375958298,0.29493087557603687,22
2023-10-29,0,1,1.0278744636215793,1.002389670403953,0.41013824884792627,22
2023-10-30,0,1,1.092155254370859,1.041502259450523,0.24423963133640553,22
2023-10-31,0,1,1.1015162289550902,1.041718355162028,0.24423963133640553,22
2023-11-01,0,1,0.9616024375172428,0.9701519552096473,0.5483870967741935,22
2023-11-02,0,1,1.0211534524417607,0.9683055392069618,0.5483870967741935,22
2023-11-03,0,1,1.0185200315853409,0.9980432859264153,0.41935483870967744,22
2023-11-04,0,1,0.9938521706160228,0.9984356850967936,0.41935483870967744,22
2023-11-05,0,1,1.0661778939631648,0.9774225609290522,0.5207373271889401,22
2023-11-06,0,1,1.1620310134405805,0.9682933844792077,0.5483870967741935,22
2023-11-07,0,1,0.980518173100777,0.9178712739600917,0.7788018433179723,22
2023-11-08,0,1,0.9051698390223948,0.950223057365877,0.6359447004608295,22
2023-11-09,1,1,0.7489778501170876,0.9281535784169876,0.7327188940092166,22
2023-11-10,1,1,0.7527771910343829,0.9547016160104684,0.6129032258064516,22
2023-11-11,0,1,0.9667089341078078,0.9840415875206826,0.4976958525345622,22
2023-11-12,0,1,0.9442364852029852,1.043116278791013,0.24423963133640553,22
2023-11-13,1,1,0.7318274766100183,0.9760854599148118,0.5207373271889401,22
2023-11-14,1,1,0.8206581432559168,1.013404821262858,0.3548387096774194,22
2023-11-15,0,1,1.051314083184571,1.1063074691683779,0.06451612903225806,22
2023-11-16,0,1,1.0761913404529675,1.06458562569117,0.17972350230414746,22
2023-11-17,0,1,0.9757244500222187,1.0424065401034601,0.24423963133640553,22
2023-11-18,0,1,0.940194569771074,0.9861163152110367,0.4792626728110599,22
2023-11-19,0,1,0.8987004950888953,1.0351182195821556,0.25806451612903225,22
2023-11-20,0,1,1.089296800690815,1.0890888071082048,0.11059907834101383,22
2023-11-21,0,1,1.1345993778130965,1.0945648705907884,0.09216589861751152,22
2023-11-22,0,1,1.0464304602981034,1.0195536458578,0.3225806451612903,22
2023-11-23,0,1,1.1378360455267436,1.0433808129056419,0.24423963133640553,22
2023-11-24,0,1,1.3841279965162,1.104256718746239,0.07373271889400922,22
2023-11-25,0,1,1.2713157281439782,1.0979203522979673,0.08755760368663594,22
2023-11-26,0,1,1.4205242426211462,1.0330890271578983,0.271889400921659,22
2023-11-27,0,1,1.3156964922071708,1.0489316233573382,0.22119815668202766,22
2023-11-28,0,1,1.3008009098853073,1.0225534972579386,0.3087557603686636,22
2023-11-29,0,1,1.2479916720289856,1.030725921113348,0.2857142857142857,22
2023-11-30,0,1,1.184579900085264,1.0353755923318768,0.25806451612903225,22
2023-12-01,0,1,0.9217983024910515,0.9888225534045666,0.46543778801843316,22
2023-12-02,0,1,0.9872117622337688,0.973929231371363,0.5253456221198156,22
2023-12-03,0,1,0.9761410830534396,0.9650722724582596,0.5576036866359447,22
2023-12-04,0,1,0.9081520857619844,0.9081743596962506,0.8294930875576036,22
2023-12-05,0,1,0.9381732402892374,0.9246843038415842,0.7557603686635944,22
2023-12-06,0,1,0.9296518465586814,0.9716605016920383,0.543778801843318,22
2023-12-07,1,1,0.8413685597788102,0.9254496428207365,0.7557603686635944,22
2023-12-08,0,1,0.991352633325197,0.9423477578174195,0.6728110599078341,22
2023-12-09,0,1,0.9411554944408358,0.9399563272853171,0.6912442396313364,22
2023-12-10,1,1,0.8389522108078011,0.9456798424287618,0.6589861751152074,22
2023-12-11,1,1,0.8071649857265369,0.964761219696849,0.5576036866359447,22
2023-12-12,1,1,0.7572970023336949,0.9365087725035979,0.7142857142857143,22
2023-12-13,1,1,0.6208795880453283,0.9692552255412751,0.5483870967741935,22
2023-12-14,1,1,0.7592057772002324,1.0043653422745091,0.4055299539170507,22
2023-12-15,1,1,0.8328269225748938,1.0010081142247262,0.4147465437788018,22
2023-12-16,0,1,0.8590655807455964,0.9534415099253376,0.6129032258064516,22
2023-12-17,0,1,0.9377129218982944,1.0331142956996948,0.271889400921659,22
2023-12-18,0,1,0.9642064200950122,1.0428517674238025,0.24423963133640553,22
2023-12-19,0,1,0.8985380992120569,1.029086774458628,0.29493087557603687,22
2023-12-20,0,1,1.174221538340847,1.0484757331796404,0.22119815668202766,22
2023-12-21,0,1,1.219687141657661,1.0406104109093872,0.2488479262672811,22
2023-12-22,0,1,1.109109822460017,0.9812888999584264,0.5069124423963134,22
2023-12-23,0,1,1.1355025094767273,1.0010943350943178,0.4147465437788018,22
2023-12-24,0,1,1.067923542918951,1.0702582477898837,0.15668202764976957,22
2023-12-25,0,1,1.0641320258226272,1.0951607932993355,0.09216589861751152,22
2023-12-26,0,1,1.1724151428996483,1.122669772818793,0.03225806451612903,22
2023-12-27,0,1,1.10656776396788,1.1072489109135546,0.059907834101382486,22
2023-12-28,0,1,1.0122393038967503,1.071702907457784,0.14285714285714285,22
2023-12-29,0,1,1.1349625439131328,1.0704423349683032,0.15668202764976957,22
2023-12-30,0,1,1.107041700896765,1.057916906175158,0.2119815668202765,22
2023-12-31,0,1,1.0540714431461404,0.9862533491353771,0.4792626728110599,22
2024-01-08,0,2,0.9380252547156612,0.9230150371848285,0.7475728155339806,22
2024-01-09,0,2,0.8604976941696318,0.878304577614466,0.8737864077669902,22
2024-01-10,0,2,0.8967950138147822,0.9277316844836876,0.7249190938511327,22
2024-01-11,1,2,0.81515703606474,0.8726963563085076,0.8802588996763754,22
2024-01-12,1,2,0.7697963725749237,0.8908776990268663,0.8446601941747572,22
2024-01-13,1,2,0.841357639507363,0.9550327039508649,0.5825242718446602,22
2024-01-14,1,2,0.8237505800283649,0.9405041903342354,0.6601941747572816,22
2024-01-15,1,2,0.8143008517556474,0.922261900890301,0.7508090614886731,22
2024-01-16,0,2,0.8574681818882544,0.9375644622254409,0.6796116504854369,22
2024-01-17,1,2,0.7587486496508539,0.9169250916248953,0.7702265372168284,22
2024-01-18,1,2,0.6693137152967722,0.891029608500968,0.8446601941747572,22
2024-01-19,1,2,0.6699104276785826,0.9430712643605084,0.6472491909385113,22
2024-01-20,0,2,0.8772632858888515,0.9818477894722623,0.4692556634304207,22
2024-01-21,0,2,0.9892903383152972,1.0687825412071195,0.1715210355987055,22
2024-01-22,0,2,1.117405717166005,1.024302034197635,0.2750809061488673,22
2024-01-23,0,2,1.1151266074232986,1.0135856421254985,0.3074433656957929,22
2024-01-24,0,2,1.075838623368072,1.0799270014851374,0.15210355987055016,22
2024-01-25,0,2,1.2754491983991014,1.1478247471501815,0.045307443365695796,22
2024-01-26,0,2,1.423986158079574,1.1642615398111538,0.038834951456310676,22
2024-01-27,0,2,1.2093563799502314,1.0876969790724391,0.1262135922330097,22
2024-01-28,0,2,1.0654453237147563,1.0576806876198863,0.20064724919093851,22
2024-01-29,0,2,0.947841005507312,1.0615601963236632,0.18446601941747573,22
2024-01-30,1,2,0.8351685356731198,1.0721011035670402,0.16828478964401294,22
2024-01-31,0,2,0.9497929613869894,1.1647506029944592,0.038834951456310676,22
2024-02-01,0,2,0.917248696829258,1.04577616619057,0.22653721682847897,22
2024-02-02,0,2,0.8851405980336539,1.0026154414747386,0.3559870550161812,22
2024-02-03,0,2,0.982826709401738,1.0235545163819852,0.2783171521035599,22
2024-02-04,0,2,1.0025264392902944,0.8931164088279296,0.8446601941747572,22
2024-02-05,0,2,0.9483480269362228,0.9044860160285634,0.8090614886731392,22
2024-02-06,0,2,1.0972617113073977,0.9483878328145033,0.6181229773462783,22
2024-02-07,0,2,1.0891759604105706,0.941976573417404,0.6504854368932039,22
2024-02-08,0,2,1.096557459323093,0.8684777586147981,0.889967637540453,22
2024-02-09,0,2,1.1167044003098343,0.8710279753676482,0.8802588996763754,22
2024-02-10,0,2,1.0002853718765394,0.8782472762586075,0.8737864077669902,22
2024-02-11,0,2,1.0068662107279371,0.889955279970986,0.8478964401294499,22
2024-02-12,0,2,1.068197683139049,0.9674688135040345,0.5307443365695793,22
2024-02-13,0,2,0.9193871015786248,0.9184776396733342,0.7605177993527508,22
2024-02-14,0,2,0.9666893508669268,0.9450551246104629,0.6310679611650486,22
2024-02-15,0,2,0.9701647067175788,0.9309392347031404,0.7087378640776699,22
2024-02-16,0,2,0.951505866659967,0.9075562007601918,0.7961165048543689,22
2024-02-17,0,2,0.9867051638475192,0.9028641804310223,0.8155339805825242,22
2024-02-18,0,2,0.9427333113260588,0.9603836776580195,0.56957928802589,22
2024-02-19,0,2,0.978784236975376,0.9506748922864247,0.6019417475728155,22
2024-02-20,0,2,1.2204788803729685,0.9552876800618549,0.5825242718446602,22
2024-02-21,0,2,1.2578634247818792,0.973182000275026,0.5016181229773463,22
2024-02-22,0,2,1.4160461739581691,0.9595103433158768,0.5728155339805825,22
2024-02-23,0,2,1.4083895326125038,0.9578747499083925,0.5728155339805825,22
2024-02-24,0,2,1.2889078774480094,0.9832891537396627,0.459546925566343,22
2024-02-25,0,2,1.408628586196815,1.0966566370808342,0.11003236245954692,22
2024-02-26,0,2,1.5357853726649573,1.09562357905956,0.11003236245954692,22
2024-02-27,0,2,1.4255036298830266,1.0772507762118297,0.1650485436893204,22
2024-02-28,0,2,1.3472740673438566,1.0464637762979807,0.22330097087378642,22
2024-02-29,0,2,1.0804552257818711,1.0633452989988907,0.18446601941747573,22
2024-03-01,0,2,1.0254354181414247,0.9908805885212927,0.4110032362459547,22
2024-03-02,0,2,1.1320172826735235,1.0123063733211224,0.3074433656957929,22
2024-03-03,0,2,1.128319747911003,0.9268072494844707,0.7313915857605178,22
2024-03-04,0,2,0.9822802609177096,0.9036544961242131,0.8122977346278317,22
2024-03-05,0,2,0.9670810502033153,0.8994116449625863,0.8252427184466019,22
2024-03-06,0,2,0.946135861635669,0.939931504125746,0.6634304207119741,22
2024-03-07,0,2,0.8708436819149774,0.9056156688039773,0.8025889967637541,22
2024-03-08,0,2,0.8762602644369504,0.9118228218261293,0.7864077669902912,22
2024-03-09,1,2,0.8487925178810976,0.9254869647620215,0.7411003236245954,22
2024-03-10,1,2,0.7728795364314732,0.8592334780943816,0.8964401294498382,22
2024-03-11,1,2,0.708461282966484,0.8499297067073666,0.9223300970873787,22
2024-03-12,1,2,0.6426398373180695,0.8784975976642795,0.8705501618122977,22
2024-03-13,1,2,0.571377925482258,0.8777206653975823,0.8737864077669902,22
2024-03-14,1,2,0.6901720416567598,0.9041881393136453,0.8122977346278317,22
2024-03-15,1,2,0.7549641664287521,0.9582195751796615,0.5728155339805825,22
2024-03-16,1,2,0.836506042031234,0.9262319588362751,0.7346278317152104,22
2024-03-17,0,2,0.9709646135075468,0.9620820499504124,0.5566343042071198,22
2024-03-18,0,2,0.9688339478220468,0.9968306623636649,0.36893203883495146,22
2024-03-19,0,2,0.9413149393033896,0.9886239012280449,0.42071197411003236,22
2024-03-20,0,2,1.0655612632569766,0.9967994700727908,0.36893203883495146,22
2024-03-21,0,2,1.133253625646406,1.0164062449397064,0.2977346278317152,22
2024-03-22,0,2,1.113040266895566,0.9556478573288691,0.5825242718446602,22
2024-03-23,0,2,1.036710651553232,0.9426249740146797,0.6504854368932039,22
2024-03-24,0,2,0.9228864380293004,1.0582116986747334,0.1941747572815534,22
2024-03-25,0,2,1.1500417141558186,1.161615669040709,0.038834951456310676,22
2024-03-26,0,2,1.298740837351826,1.1489063388706222,0.045307443365695796,22
2024-03-27,0,2,1.2996211124527302,1.1189871029098857,0.07119741100323625,22
2024-03-28,0,2,1.323402650373225,1.11511009700619,0.0744336569579288,22
2024-03-29,0,2,1.3339767416071382,1.0704182657467312,0.1715210355987055,22
2024-03-30,0,2,1.273455247833983,1.0826214200967421,0.1423948220064725,22
2024-03-31,0,2,1.1543087116353845,1.0724830055949288,0.16828478964401294,22
2024-04-08,0,3,0.9013501692371486,0.852823220308582,0.8825,22
2024-04-09,0,3,0.9504673829573714,0.8359937314156493,0.9225,22
2024-04-10,1,3,0.8243382492106264,0.8130915428841811,0.95,22
2024-04-11,1,3,0.7834501466330951,0.8039683109702151,0.9575,22
2024-04-12,0,3,0.8698604395795992,0.8235304232503977,0.9375,22
2024-04-13,1,3,0.7597608507551356,0.9120066988167388,0.775,22
2024-04-14,1,3,0.677212775397524,0.8891884478539113,0.835,22
2024-04-15,1,3,0.6920359386686836,0.8888327776399476,0.8375,22
2024-04-16,1,3,0.6104944247335421,0.9083440855361465,0.7875,22
2024-04-17,1,3,0.5682484576390117,0.8970684284258209,0.8175,22
2024-04-18,1,3,0.6743462566199577,0.9254245869138344,0.7225,22
2024-04-19,1,3,0.8021678182057587,0.9656880301004043,0.54,22
2024-04-20,1,3,0.8338345092652095,0.9187202109923843,0.7525,22
2024-04-21,0,3,0.9500977307262902,1.06540953918098,0.1775,22
2024-04-22,0,3,0.894020763122248,1.0387480538978102,0.2525,22
2024-04-23,0,3,0.991399742819852,1.0626911475862617,0.1875,22
2024-04-24,0,3,1.0878447526166517,1.1515555367724608,0.04,22
2024-04-25,0,3,1.1142222845209917,1.1671089156577419,0.03,22
2024-04-26,0,3,1.007146643273655,1.1364999383916172,0.0675,22
2024-04-27,0,3,1.1844212349409298,1.1065889703471308,0.1025,22
2024-04-28,0,3,1.1006217153126756,1.1046145019911568,0.1125,22
2024-04-29,0,3,1.2106187582063732,1.12026886154449,0.08,22
2024-04-30,0,3,1.176679988504357,1.1113060731874653,0.09,22
2024-05-01,0,3,1.169712985396964,1.039218779432155,0.2525,22
2024-05-02,0,3,1.216461054387081,1.035833734476837,0.2575,22
2024-05-03,0,3,1.397113446052744,1.018898483646589,0.3025,22
2024-05-04,0,3,1.0699333394458723,0.9722086328931223,0.5025,22
2024-05-05,0,3,1.0152024835913225,0.9544612195626259,0.605,22
2024-05-06,0,3,0.9666563960052584,0.9903796195704601,0.415,22
2024-05-07,0,3,1.0010999776265437,0.9793363787848638,0.465,22
2024-05-08,0,3,1.045751819874061,0.9941026859466454,0.405,22
2024-05-09,0,3,1.2333799656918272,0.961402322855709,0.555,22
2024-05-10,0,3,1.0191571683896132,0.9645961941599791,0.55,22
2024-05-11,0,3,0.9714474788616788,0.9537853672440835,0.605,22
2024-05-12,0,3,1.0535541973093132,0.9685041106728477,0.5225,22
2024-05-13,0,3,1.0240117177175188,0.9790215781356386,0.4675,22
2024-05-14,0,3,1.125954466739724,0.9620601050839686,0.5525,22
2024-05-15,0,3,1.2327625220716356,0.9498298945568066,0.62,22
2024-05-16,0,3,0.8955376067268118,0.9214611617730902,0.74,22
2024-05-17,1,3,0.7913953040488042,0.942705882758178,0.6475,22
2024-05-18,0,3,0.9055523499200772,0.9752242005577407,0.4775,22
2024-05-19,0,3,1.0128479078315926,0.9739594626794851,0.49,22
2024-05-20,0,3,1.2727679133110166,0.9940388203743558,0.405,22
2024-05-21,0,3,1.1537031263145334,0.9628293377024337,0.55,22
2024-05-22,0,3,1.046269531398886,0.9195312552568635,0.75,22
2024-05-23,0,3,1.0562146124420275,0.9554791787625962,0.5925,22
2024-05-24,0,3,1.2380722690129595,1.087226359181074,0.1375,22
2024-05-25,0,3,1.2213285629567612,1.0536626542411442,0.2075,22
2024-05-26,0,3,1.228174786340416,1.1230550930671985,0.08,22
2024-05-27,0,3,1.0487811469475452,1.1007892287889343,0.1225,22
2024-05-28,0,3,0.9800365302910446,1.0985826439205126,0.125,22
2024-05-29,0,3,0.9766676001211076,1.080139828857511,0.155,22
2024-05-30,0,3,1.0512578208843095,1.1069154969243935,0.1,22
2024-05-31,0,3,0.9961927431314136,1.1287282965203451,0.08,22
2024-06-01,0,3,1.0782850177636043,1.0464713860564796,0.2325,22
2024-06-02,0,3,0.9920610924462848,0.9321923076272662,0.6875,22
2024-06-03,0,3,0.9346561396567484,0.9006089654930187,0.8075,22
2024-06-04,0,3,0.9732410768918764,0.9145197972120284,0.775,22
2024-06-05,0,3,1.0072004413080666,0.9581828992754876,0.575,22
2024-06-06,0,3,0.9640593675152046,0.9184939784064735,0.7525,22
2024-06-07,0,3,1.1256372778569268,0.9367230841301903,0.68,22
2024-06-08,0,3,1.1008109168047002,0.9001135425353756,0.81,22
2024-06-09,0,3,0.989007483306001,0.9707167040369458,0.51,22
2024-06-10,0,3,0.9274834755604218,0.9830407398004628,0.4475,22
2024-06-11,0,3,1.0227093286635367,0.9956664030467698,0.4,22
2024-06-12,0,3,0.8594831565656494,0.9712713720370854,0.5075,22
2024-06-13,0,3,0.917704853697102,0.9970126017132344,0.395,22
2024-06-14,1,3,0.6795921971656652,0.9423899872800562,0.6475,22
2024-06-15,1,3,0.6145184425791482,0.954471314317737,0.605,22
2024-06-16,1,3,0.6919752734828566,0.8419558387604662,0.9025,22
2024-06-17,1,3,0.7297780106527604,0.8326809515855499,0.925,22
2024-06-18,1,3,0.6735497277838808,0.8829341835406403,0.8425,22
2024-06-19,1,3,0.7804324729432032,0.8704397338026758,0.8575,22
2024-06-20,1,3,0.8217039182820827,0.8655878443827569,0.8675,22
2024-06-21,1,3,0.7884223086555656,0.8383162950789703,0.91,22
2024-06-22,0,3,0.9602602959616506,0.8586943616411886,0.8775,22
2024-06-23,0,3,1.024427310962878,1.06229219541625,0.1875,22
2024-06-24,0,3,1.195491628687297,1.1506801071864876,0.0425,22
2024-06-25,0,3,1.215906713930801,1.1291922307059665,0.08,22
2024-06-26,0,3,1.2258309674396182,1.116599315920457,0.0825,22
2024-06-27,0,3,1.073965935073988,1.0782826985117884,0.1575,22
2024-06-28,0,3,1.2305126825999335,1.1555104461523855,0.04,22
2024-06-29,0,3,1.097148681317217,1.1473120301797735,0.05,22
2024-06-30,0,3,1.0619410379298095,1.1001540422163194,0.1225,22
2024-07-08,0,4,1.116457631384267,0.9339028842308285,0.6313645621181263,22
2024-07-09,0,4,1.0101891778297445,0.8763064581254788,0.8370672097759674,22
2024-07-10,0,4,1.0863941086454256,0.953855999453939,0.5437881873727087,22
2024-07-11,0,4,0.9965360490189162,0.9142780531585762,0.7311608961303462,22
2024-07-12,0,4,0.9539304823475042,0.8991766245505496,0.7759674134419552,22
2024-07-13,0,4,0.950638118953398,0.9176508610253725,0.7189409368635438,22
2024-07-14,1,4,0.8397214790590249,0.8592293284489695,0.8615071283095723,22
2024-07-15,1,4,0.7334528107337351,0.8369000406984513,0.8961303462321792,22
2024-07-16,0,4,0.8883891721870719,0.8966312475963044,0.7841140529531568,22
2024-07-17,1,4,0.8437789187234767,0.912547486384687,0.7393075356415478,22
2024-07-18,1,4,0.8472455707817422,0.8981792567921113,0.7820773930753564,22
2024-07-19,0,4,0.910717151006186,0.8652942184946704,0.8492871690427699,22
2024-07-20,0,4,0.925370339191337,0.8759271943475083,0.8370672097759674,22
2024-07-21,0,4,0.9397654980095967,1.0004524941365058,0.3319755600814664,22
2024-07-22,0,4,1.104105804698513,1.0483441386120078,0.20773930753564154,22
2024-07-23,0,4,1.121178664383199,1.044689522826902,0.2158859470468432,22
2024-07-24,0,4,1.2550419907953434,1.1139962888878678,0.07128309572301425,22
2024-07-25,0,4,1.3558074600098629,1.1226885598025445,0.06313645621181263,22
2024-07-26,0,4,1.2959917929379574,1.065694133055647,0.18126272912423624,22
2024-07-27,0,4,1.2389659237927133,1.1019198464262336,0.09775967413441955,22
2024-07-28,0,4,1.4091135047749308,1.1310806039895553,0.05295315682281059,22
2024-07-29,0,4,1.3050678458824962,1.107330360334263,0.0835030549898167,22
2024-07-30,0,4,1.3048241644198404,1.1435215683642643,0.038696537678207736,22
2024-07-31,0,4,1.2597264680283011,1.0955129856882404,0.11812627291242363,22
2024-08-01,0,4,1.121700455984094,1.0170424932879347,0.285132382892057,22
2024-08-02,0,4,1.0415576174661785,1.0160373236611124,0.285132382892057,22
2024-08-03,0,4,1.0714138034837262,1.0258041034799135,0.25865580448065173,22
2024-08-04,0,4,0.9254800342702844,0.9108304491909243,0.7474541751527495,22
2024-08-05,0,4,0.9988541841260816,0.915739672250695,0.7230142566191446,22
2024-08-06,0,4,0.9756751014725488,0.9153232623096688,0.7230142566191446,22
2024-08-07,0,4,0.950823057621353,0.9135347890585299,0.7331975560081466,22
2024-08-08,0,4,0.903694941501862,0.9024268810335139,0.7739307535641547,22
2024-08-09,0,4,0.9996673408605188,0.9396465491960996,0.6109979633401222,22
2024-08-10,0,4,1.0858174208180866,0.9095565331023409,0.7515274949083504,22
2024-08-11,0,4,1.044348391022553,0.9634707390109264,0.5071283095723014,22
2024-08-12,0,4,0.932182289361824,0.93536520742302,0.6272912423625254,22
2024-08-13,0,4,0.9069610610786007,0.9330713256434666,0.6415478615071283,22
2024-08-14,1,4,0.8265701897589802,0.9368577808939771,0.6252545824847251,22
2024-08-15,0,4,0.9676451248182724,0.994502420355506,0.34826883910386963,22
2024-08-16,0,4,0.9250031917066456,0.9617865029211359,0.5132382892057027,22
2024-08-17,0,4,0.8864973567568095,0.9492193301812786,0.5641547861507128,22
2024-08-18,0,4,0.9752006344141928,0.8391943089857375,0.890020366598778,22
2024-08-19,0,4,0.9430349725449813,0.841091070308375,0.8859470468431772,22
2023-07-08,0,0,0.9241726794350844,0.9058259306176205,0.784,23
2023-07-09,0,0,0.9743232874576132,1.0456346771758458,0.272,23
2023-07-10,0,0,0.9966145169869692,1.0446232224962502,0.272,23
2023-07-11,0,0,0.9517191542034068,1.003457739892538,0.424,23
2023-07-12,0,0,0.948542157152549,0.9885169976406608,0.496,23
2023-07-13,1,0,0.8136032158541315,0.9870249960578092,0.496,23
2023-07-14,1,0,0.8379735483359313,1.0136758085634838,0.392,23
2023-07-15,0,0,0.8701002940440485,1.0112910885661102,0.392,23
2023-07-16,0,0,0.9114132510669704,1.0346464116009813,0.32,23
2023-07-17,0,0,0.8908737944136609,1.0375173100549695,0.312,23
2023-07-18,0,0,0.9255322693960212,1.0189191179974888,0.368,23
2023-07-19,0,0,0.967263115722151,0.9837717156874825,0.512,23
2023-07-20,0,0,1.0407271001586968,1.0327097795947422,0.328,23
2023-07-21,0,0,1.0879196255666288,1.0636898828785148,0.248,23
2023-07-22,0,0,1.0747706880007073,1.0460226098950396,0.272,23
2023-07-23,0,0,1.082245562916266,1.0468707355386342,0.272,23
2023-07-24,0,0,1.1801619598634046,1.1232745922993304,0.12,23
2023-07-25,0,0,1.1393366031481695,1.0392452625502864,0.296,23
2023-07-26,0,0,1.0470649557621556,1.0349303769946494,0.312,23
2023-07-27,0,0,1.0524089049987362,1.0513438399787587,0.264,23
2023-07-28,0,0,1.0961332324625743,1.1052463753352724,0.152,23
2023-07-29,0,0,1.1475046354373504,1.0998637068457815,0.16,23
2023-07-30,0,0,1.1030104289707232,1.0599097566010214,0.256,23
2023-07-31,0,0,0.9802661574733532,1.0046197856388108,0.424,23
2023-08-01,0,0,0.9276591914865956,1.0482304500303392,0.264,23
2023-08-02,0,0,0.9856192869568604,1.039847493719108,0.288,23
2023-08-03,0,0,0.9849464199753928,1.05809152682856,0.264,23
2023-08-04,0,0,1.0288017106784253,1.0484030050754631,0.264,23
2023-08-05,0,0,1.0494101563413691,0.9954180139616409,0.456,23
2023-08-06,0,0,0.925332606177236,0.9698695434304212,0.544,23
2023-08-07,0,0,1.0600347894644628,1.0071642648074728,0.392,23
2023-08-08,0,0,1.2032070808322328,1.0937196999057102,0.184,23
2023-08-09,0,0,1.1361856872066751,1.0309686264771087,0.328,23
2023-08-10,0,0,1.2169384711338458,1.0218188869624296,0.368,23
2023-08-11,0,0,1.124374488467241,0.9534087022815518,0.608,23
2023-08-12,0,0,1.0302234899243532,0.971180223304276,0.544,23
2023-08-13,0,0,1.1364735275600777,1.0494156515283044,0.264,23
2023-08-14,0,0,1.0140690876726717,1.0604477610850336,0.256,23
2023-08-15,0,0,0.9598834391613684,1.014868283900161,0.392,23
2023-08-16,0,0,0.96344523411635,1.0358266812164847,0.312,23
2023-08-17,0,0,0.8619772162480696,0.9979077921299072,0.456,23
2023-08-18,1,0,0.84340585697894,1.0024162324493069,0.424,23
2023-08-19,0,0,0.9361598228925094,1.0879661872841186,0.192,23
2023-08-20,0,0,0.9812706645380184,0.9689480169645002,0.544,23
2023-08-21,0,0,0.9880650175388538,0.9570094016440699,0.592,23
2023-08-22,0,0,0.9501391402718308,0.9889125379210941,0.496,23
2023-08-23,0,0,1.0115737235821658,0.9756599860165178,0.528,23
2023-08-24,0,0,0.9999262702998436,1.0168994169715484,0.384,23
2023-08-25,0,0,1.24194058981351,1.0171438491327989,0.384,23
2023-08-26,0,0,1.1524945548408054,0.9772813955682311,0.52,23
2023-08-27,0,0,1.0562711289247646,0.939871629667771,0.664,23
2023-08-28,0,0,1.1258216617159271,0.9510774097016449,0.608,23
2023-08-29,0,0,1.127791985065815,1.0043766782613228,0.424,23
2023-08-30,0,0,1.0730811539867262,0.9480171771040121,0.616,23
2023-08-31,0,0,1.1374657637612942,0.9855973306084547,0.496,23
2023-09-01,0,0,0.9176351523297184,0.944041630992671,0.632,23
2023-09-02,0,0,0.9210003824336146,0.9725942263678669,0.536,23
2023-09-03,0,0,0.9421400380007852,0.9073335995935065,0.784,23
2023-09-04,0,0,0.9211686908188832,0.8535853510852267,0.904,23
2023-09-05,1,0,0.8469144869908538,0.8913479776819889,0.832,23
2023-09-06,1,0,0.8378144001188419,0.925088762673152,0.736,23
2023-09-07,1,0,0.8332308808794763,0.9089568201271058,0.776,23
2023-09-08,1,0,0.7903801903571291,0.8995016459485017,0.808,23
2023-09-09,0,0,0.9215862638123296,0.8762380374871547,0.872,23
2023-09-10,0,0,0.9192039742345504,1.0078709482804113,0.392,23
2023-09-11,0,0,0.8882584499143324,0.986923013485609,0.496,23
2023-09-12,0,0,0.9893752333510308,1.0378597701914112,0.312,23
2023-09-13,0,0,1.0276905021746976,1.0610065178995132,0.256,23
2023-09-14,0,0,1.05764422804859,1.0217662965432093,0.368,23
2023-09-15,0,0,1.037244258278199,1.0302658785783954,0.328,23
2023-09-16,0,0,0.9111351623678404,0.9922442502729839,0.48,23
2023-09-17,0,0,0.9168705447222036,1.007977736283742,0.392,23
2023-09-18,0,0,0.9480631642651184,1.02995952357305,0.328,23
2023-09-19,0,0,1.049584705904487,1.0303462003857637,0.328,23
2023-09-20,0,0,1.0582598221905524,0.9877966707876984,0.496,23
2023-09-21,0,0,1.0114472018825855,0.989600177247335,0.496,23
2023-09-22,0,0,1.110871812182302,1.0146080348044446,0.392,23
2023-09-23,0,0,1.1541736168324266,1.0658060511058578,0.24,23
2023-09-24,0,0,1.1078020011333731,1.0789826935319462,0.232,23
2023-09-25,0,0,1.074645609849099,1.0261630494866287,0.344,23
2023-09-26,0,0,0.9539644229731924,1.0523135214296484,0.264,23
2023-09-27,0,0,1.045324049908362,0.9888607618216726,0.496,23
2023-09-28,0,0,1.058283583828204,1.0847300887456708,0.2,23
2023-09-29,0,0,0.9529449023805296,1.0774769780070284,0.232,23
2023-09-30,0,0,1.0335157970037918,1.0476120475715216,0.264,23
2023-10-08,0,1,0.943214957935384,0.9770580588823554,0.5253456221198156,23
2023-10-09,0,1,0.8954605455623991,0.9659003691162557,0.5622119815668203,23
2023-10-10,0,1,0.8714609046846392,0.960993958827406,0.576036866359447,23
2023-10-11,0,1,0.8537394125385595,0.9780536492424925,0.5253456221198156,23
2023-10-12,0,1,0.9158302055623126,1.0181742133748584,0.3225806451612903,23
2023-10-13,1,1,0.8235183048240129,0.9593210648482422,0.5852534562211982,23
2023-10-14,1,1,0.8417997244121631,0.9806693020749694,0.511520737327189,23
2023-10-15,0,1,0.8686185654387014,0.985796548017481,0.4930875576036866,23
2023-10-16,1,1,0.837630457855076,1.0082712164016856,0.3870967741935484,23
2023-10-17,1,1,0.7765728111191363,1.00332320267772,0.4009216589861751,23
2023-10-18,0,1,0.876315761424511,1.0222934539987047,0.3225806451612903,23
2023-10-19,0,1,0.8981339369635442,1.0114288144705843,0.35944700460829493,23
2023-10-20,0,1,1.0052067391820876,1.0265026556176182,0.2903225806451613,23
2023-10-21,0,1,1.0475645261799866,1.019551478117592,0.3225806451612903,23
2023-10-22,0,1,1.0349876751325695,1.0574194545625506,0.2073732718894009,23
2023-10-23,0,1,1.0648188658578015,1.0431547750719319,0.24423963133640553,23
2023-10-24,0,1,1.2288539084267107,1.113476543188117,0.04608294930875576,23
2023-10-25,0,1,1.325022505621457,1.0646451079498263,0.17972350230414746,23
2023-10-26,0,1,1.3444469765965152,1.0597300264881202,0.1935483870967742,23
2023-10-27,0,1,1.24809949228092,1.0464081514294483,0.2304147465437788,23
2023-10-28,0,1,1.1197888843427084,1.0261796025926415,0.2903225806451613,23
2023-10-29,0,1,1.0278744636215793,1.01726853370581,0.3317972350230415,23
2023-10-30,0,1,1.092155254370859,1.0417675468693315,0.2488479262672811,23
2023-10-31,0,1,1.1015162289550902,1.0283694019410656,0.271889400921659,23
2023-11-01,0,1,0.9616024375172428,0.9767429357933937,0.5253456221198156,23
2023-11-02,0,1,1.0211534524417607,0.9736549720316633,0.5299539170506913,23
2023-11-03,0,1,1.0185200315853409,1.0001563495550003,0.4055299539170507,23
2023-11-04,0,1,0.9938521706160228,1.0067291948100108,0.391705069124424,23
2023-11-05,0,1,1.0661778939631648,0.9775569964939272,0.5253456221198156,23
2023-11-06,0,1,1.1620310134405805,0.9655257677913721,0.5622119815668203,23
2023-11-07,0,1,0.980518173100777,0.9253694916541899,0.7465437788018433,23
2023-11-08,0,1,0.9051698390223948,0.9479626666504002,0.6543778801843319,23
2023-11-09,1,1,0.7489778501170876,0.9330333016401913,0.7142857142857143,23
2023-11-10,1,1,0.7527771910343829,0.963496494775411,0.5622119815668203,23
2023-11-11,0,1,0.9667089341078078,0.990766203374036,0.46543778801843316,23
2023-11-12,0,1,0.9442364852029852,1.028655060551808,0.271889400921659,23
2023-11-13,1,1,0.7318274766100183,0.9654209205449642,0.5622119815668203,23
2023-11-14,1,1,0.8206581432559168,1.0418638979975972,0.2488479262672811,23
2023-11-15,0,1,1.051314083184571,1.1285612448342734,0.03225806451612903,23
2023-11-16,0,1,1.0761913404529675,1.0915779986017662,0.10599078341013825,23
2023-11-17,0,1,0.9757244500222187,1.0548049717562171,0.2073732718894009,23
2023-11-18,0,1,0.940194569771074,1.0000608555643886,0.4055299539170507,23
2023-11-19,0,1,0.8987004950888953,1.0213267064527045,0.3225806451612903,23
2023-11-20,0,1,1.089296800690815,1.0934414757093578,0.10138248847926268,23
2023-11-21,0,1,1.1345993778130965,1.0929946760602172,0.10599078341013825,23
2023-11-22,0,1,1.0464304602981034,1.018151666444235,0.3225806451612903,23
2023-11-23,0,1,1.1378360455267436,1.0319789752468251,0.2672811059907834,23
2023-11-24,0,1,1.3841279965162,1.1007466749570445,0.08755760368663594,23
2023-11-25,0,1,1.2713157281439782,1.0636273273990908,0.17972350230414746,23
2023-11-26,0,1,1.4205242426211462,1.0217320709464917,0.3225806451612903,23
2023-11-27,0,1,1.3156964922071708,1.0406060689663783,0.2488479262672811,23
2023-11-28,0,1,1.3008009098853073,1.0102568785218624,0.3640552995391705,23
2023-11-29,0,1,1.2479916720289856,1.0282350228914876,0.271889400921659,23
2023-11-30,0,1,1.184579900085264,1.0275785444187409,0.2857142857142857,23
2023-12-01,0,1,0.9217983024910515,0.9896447639929692,0.4700460829493088,23
2023-12-02,0,1,0.9872117622337688,0.9821619318780576,0.5069124423963134,23
2023-12-03,0,1,0.9761410830534396,0.9597300793283962,0.5806451612903226,23
2023-12-04,0,1,0.9081520857619844,0.9277987684710185,0.7419354838709677,23
2023-12-05,0,1,0.9381732402892374,0.9412286821369531,0.6820276497695853,23
2023-12-06,0,1,0.9296518465586814,0.9660956243048255,0.5576036866359447,23
2023-12-07,1,1,0.8413685597788102,0.9468342852451345,0.6589861751152074,23
2023-12-08,0,1,0.991352633325197,0.9569547179510857,0.5990783410138248,23
2023-12-09,0,1,0.9411554944408358,0.9380261502148413,0.6866359447004609,23
2023-12-10,1,1,0.8389522108078011,0.9536834517098016,0.6082949308755761,23
2023-12-11,1,1,0.8071649857265369,0.9581012187277591,0.5852534562211982,23
2023-12-12,1,1,0.7572970023336949,0.9428893539432605,0.6728110599078341,23
2023-12-13,1,1,0.6208795880453283,0.9807155820414482,0.511520737327189,23
2023-12-14,1,1,0.7592057772002324,1.0122052289363823,0.35944700460829493,23
2023-12-15,1,1,0.8328269225748938,1.0078472702588384,0.391705069124424,23
2023-12-16,0,1,0.8590655807455964,0.9530116366582297,0.6082949308755761,23
2023-12-17,0,1,0.9377129218982944,1.0205296470984757,0.3225806451612903,23
2023-12-18,0,1,0.9642064200950122,1.0467725350436998,0.2304147465437788,23
2023-12-19,0,1,0.8985380992120569,1.042738763594453,0.24423963133640553,23
2023-12-20,0,1,1.174221538340847,1.0518928416516027,0.22119815668202766,23
2023-12-21,0,1,1.219687141657661,1.0527138440298511,0.21658986175115208,23
2023-12-22,0,1,1.109109822460017,0.9870684223773204,0.48847926267281105,23
2023-12-23,0,1,1.1355025094767273,0.9942340935082639,0.4470046082949309,23
2023-12-24,0,1,1.067923542918951,1.0633441105899766,0.18433179723502305,23
2023-12-25,0,1,1.0641320258226272,1.0720068160512977,0.15207373271889402,23
2023-12-26,0,1,1.1724151428996483,1.0968027053494989,0.08755760368663594,23
2023-12-27,0,1,1.10656776396788,1.0962529667081322,0.09216589861751152,23
2023-12-28,0,1,1.0122393038967503,1.0496379495280268,0.22580645161290322,23
2023-12-29,0,1,1.1349625439131328,1.0762831944703992,0.1336405529953917,23
2023-12-30,0,1,1.107041700896765,1.0368542051044436,0.25806451612903225,23
2023-12-31,0,1,1.0540714431461404,0.9767848405940285,0.5253456221198156,23
2024-01-08,0,2,0.9380252547156612,0.9111456440414744,0.7896440129449838,23
2024-01-09,0,2,0.8604976941696318,0.8967490618602707,0.8317152103559871,23
2024-01-10,0,2,0.8967950138147822,0.918999138411719,0.7637540453074434,23
2024-01-11,1,2,0.81515703606474,0.8969554811957642,0.8284789644012945,23
2024-01-12,1,2,0.7697963725749237,0.8963457698801616,0.8349514563106796,23
2024-01-13,1,2,0.841357639507363,0.9553144094496725,0.5760517799352751,23
2024-01-14,1,2,0.8237505800283649,0.9266513318163533,0.7281553398058253,23
2024-01-15,1,2,0.8143008517556474,0.9323347764667623,0.7022653721682848,23
2024-01-16,0,2,0.8574681818882544,0.9243428620364088,0.7443365695792881,23
2024-01-17,1,2,0.7587486496508539,0.8931814128641159,0.8446601941747572,23
2024-01-18,1,2,0.6693137152967722,0.889548079278654,0.8511326860841424,23
2024-01-19,1,2,0.6699104276785826,0.9302874801055638,0.7152103559870551,23
2024-01-20,0,2,0.8772632858888515,0.9883782122889562,0.4174757281553398,23
2024-01-21,0,2,0.9892903383152972,1.05627221955904,0.1941747572815534,23
2024-01-22,0,2,1.117405717166005,1.0115564994191109,0.3074433656957929,23
2024-01-23,0,2,1.1151266074232986,1.020141463917098,0.28802588996763756,23
2024-01-24,0,2,1.075838623368072,1.054608611840225,0.1941747572815534,23
2024-01-25,0,2,1.2754491983991014,1.1239764328033235,0.06796116504854369,23
2024-01-26,0,2,1.423986158079574,1.1443720539530091,0.05177993527508091,23
2024-01-27,0,2,1.2093563799502314,1.0958020087937181,0.10355987055016182,23
2024-01-28,0,2,1.0654453237147563,1.0469422253016758,0.22006472491909385,23
2024-01-29,0,2,0.947841005507312,1.06083367621534,0.18446601941747573,23
2024-01-30,1,2,0.8351685356731198,1.0573501989269651,0.1941747572815534,23
2024-01-31,0,2,0.9497929613869894,1.1364865418972592,0.05825242718446602,23
2024-02-01,0,2,0.917248696829258,1.0411483839524562,0.23300970873786409,23
2024-02-02,0,2,0.8851405980336539,1.0132557755172877,0.3042071197411003,23
2024-02-03,0,2,0.982826709401738,1.0290795980498102,0.2621359223300971,23
2024-02-04,0,2,1.0025264392902944,0.8991293190847023,0.8187702265372169,23
2024-02-05,0,2,0.9483480269362228,0.9093137144937955,0.7928802588996764,23
2024-02-06,0,2,1.0972617113073977,0.9455228361368173,0.6245954692556634,23
2024-02-07,0,2,1.0891759604105706,0.9342265575430991,0.686084142394822,23
2024-02-08,0,2,1.096557459323093,0.8700951941566856,0.8802588996763754,23
2024-02-09,0,2,1.1167044003098343,0.8666829208003691,0.8932038834951457,23
2024-02-10,0,2,1.0002853718765394,0.8645046717666494,0.8964401294498382,23
2024-02-11,0,2,1.0068662107279371,0.8929334470909669,0.8446601941747572,23
2024-02-12,0,2,1.068197683139049,0.9646850995140237,0.5339805825242718,23
2024-02-13,0,2,0.9193871015786248,0.9113445129047635,0.7896440129449838,23
2024-02-14,0,2,0.9666893508669268,0.9368317885360903,0.6699029126213593,23
2024-02-15,0,2,0.9701647067175788,0.928562368284113,0.7184466019417476,23
2024-02-16,0,2,0.951505866659967,0.8906254700832286,0.8478964401294499,23
2024-02-17,0,2,0.9867051638475192,0.8940967216134289,0.8414239482200647,23
2024-02-18,0,2,0.9427333113260588,0.9628249603281751,0.540453074433657,23
2024-02-19,0,2,0.978784236975376,0.9610924482390514,0.5501618122977346,23
2024-02-20,0,2,1.2204788803729685,0.9543181283372729,0.5857605177993528,23
2024-02-21,0,2,1.2578634247818792,0.96512123875159,0.5307443365695793,23
2024-02-22,0,2,1.4160461739581691,0.9452103799379477,0.6245954692556634,23
2024-02-23,0,2,1.4083895326125038,0.9250381003974801,0.7443365695792881,23
2024-02-24,0,2,1.2889078774480094,0.98823222010737,0.4174757281553398,23
2024-02-25,0,2,1.408628586196815,1.0831565968967891,0.13592233009708737,23
2024-02-26,0,2,1.5357853726649573,1.0855458855400146,0.13592233009708737,23
2024-02-27,0,2,1.4255036298830266,1.0738452192379917,0.1650485436893204,23
2024-02-28,0,2,1.3472740673438566,1.0265798469899827,0.2686084142394822,23
2024-02-29,0,2,1.0804552257818711,1.0647099958971276,0.1779935275080906,23
2024-03-01,0,2,1.0254354181414247,0.9847323675638894,0.4368932038834951,23
2024-03-02,0,2,1.1320172826735235,1.0273932439532074,0.26537216828478966,23
2024-03-03,0,2,1.128319747911003,0.9175961067175675,0.7637540453074434,23
2024-03-04,0,2,0.9822802609177096,0.8806745962013683,0.86084142394822,23
2024-03-05,0,2,0.9670810502033153,0.8784070047219773,0.86084142394822,23
2024-03-06,0,2,0.946135861635669,0.921682519461662,0.7540453074433657,23
2024-03-07,0,2,0.8708436819149774,0.905315643096521,0.7993527508090615,23
2024-03-08,0,2,0.8762602644369504,0.9266041553132751,0.7281553398058253,23
2024-03-09,1,2,0.8487925178810976,0.9279488670381827,0.7184466019417476,23
2024-03-10,1,2,0.7728795364314732,0.8649714228154982,0.8964401294498382,23
2024-03-11,1,2,0.708461282966484,0.8514803733563272,0.9061488673139159,23
2024-03-12,1,2,0.6426398373180695,0.8802153860760771,0.86084142394822,23
2024-03-13,1,2,0.571377925482258,0.8594323433947059,0.8964401294498382,23
2024-03-14,1,2,0.6901720416567598,0.9175237158571751,0.7637540453074434,23
2024-03-15,1,2,0.7549641664287521,0.9472133241900742,0.6213592233009708,23
2024-03-16,1,2,0.836506042031234,0.9218950507774119,0.7540453074433657,23
2024-03-17,0,2,0.9709646135075468,0.9523735997255709,0.5954692556634305,23
2024-03-18,0,2,0.9688339478220468,0.9997889462556641,0.3592233009708738,23
2024-03-19,0,2,0.9413149393033896,0.9914696693468471,0.40129449838187703,23
2024-03-20,0,2,1.0655612632569766,1.0010206948523095,0.34951456310679613,23
2024-03-21,0,2,1.133253625646406,1.001665817218412,0.33980582524271846,23
2024-03-22,0,2,1.113040266895566,0.9520545362800549,0.5954692556634305,23
2024-03-23,0,2,1.036710651553232,0.9557823329604942,0.5728155339805825,23
2024-03-24,0,2,0.9228864380293004,1.0922762662643482,0.11326860841423948,23
2024-03-25,0,2,1.1500417141558186,1.1497393825213689,0.04854368932038835,23
2024-03-26,0,2,1.298740837351826,1.1324970128156377,0.061488673139158574,23
2024-03-27,0,2,1.2996211124527302,1.1197806271121058,0.0744336569579288,23
2024-03-28,0,2,1.323402650373225,1.1359212252345685,0.05825242718446602,23
2024-03-29,0,2,1.3339767416071382,1.0830572492274386,0.13592233009708737,23
2024-03-30,0,2,1.273455247833983,1.0789701541847083,0.1553398058252427,23
2024-03-31,0,2,1.1543087116353845,1.0661355437219204,0.1779935275080906,23
2024-04-08,0,3,0.9013501692371486,0.8340735551075288,0.92,23
2024-04-09,0,3,0.9504673829573714,0.8422703278090007,0.9025,23
2024-04-10,1,3,0.8243382492106264,0.8029767865923216,0.965,23
2024-04-11,1,3,0.7834501466330951,0.814011288090227,0.955,23
2024-04-12,0,3,0.8698604395795992,0.7878698411342245,0.97,23
2024-04-13,1,3,0.7597608507551356,0.8703437792019145,0.86,23
2024-04-14,1,3,0.677212775397524,0.8905180776887553,0.8275,23
2024-04-15,1,3,0.6920359386686836,0.8951170790975819,0.825,23
2024-04-16,1,3,0.6104944247335421,0.8991970360144347,0.81,23
2024-04-17,1,3,0.5682484576390117,0.8972641542214124,0.8225,23
2024-04-18,1,3,0.6743462566199577,0.9158564301415532,0.755,23
2024-04-19,1,3,0.8021678182057587,0.9464684826920092,0.6125,23
2024-04-20,1,3,0.8338345092652095,0.9166042760973635,0.7525,23
2024-04-21,0,3,0.9500977307262902,1.0620767923997831,0.1925,23
2024-04-22,0,3,0.894020763122248,1.056005387908083,0.2,23
2024-04-23,0,3,0.991399742819852,1.0920839033344725,0.135,23
2024-04-24,0,3,1.0878447526166517,1.1529053827765927,0.0475,23
2024-04-25,0,3,1.1142222845209917,1.1462689643212365,0.0525,23
2024-04-26,0,3,1.007146643273655,1.1344506115631872,0.0725,23
2024-04-27,0,3,1.1844212349409298,1.0927387157709236,0.1325,23
2024-04-28,0,3,1.1006217153126756,1.0915453870730638,0.135,23
2024-04-29,0,3,1.2106187582063732,1.1281834981013832,0.08,23
2024-04-30,0,3,1.176679988504357,1.1004668356738427,0.1175,23
2024-05-01,0,3,1.169712985396964,1.0436358329667978,0.24,23
2024-05-02,0,3,1.216461054387081,1.0122635775466435,0.3075,23
2024-05-03,0,3,1.397113446052744,0.9971374688225694,0.375,23
2024-05-04,0,3,1.0699333394458723,0.9727913254612902,0.4825,23
2024-05-05,0,3,1.0152024835913225,0.9309684752839026,0.685,23
2024-05-06,0,3,0.9666563960052584,0.971730263773165,0.495,23
2024-05-07,0,3,1.0010999776265437,0.9677997988201759,0.5225,23
2024-05-08,0,3,1.045751819874061,0.9733051202252956,0.4775,23
2024-05-09,0,3,1.2333799656918272,0.9460934697364566,0.615,23
2024-05-10,0,3,1.0191571683896132,0.92184974689063,0.72,23
2024-05-11,0,3,0.9714474788616788,0.9426422244752299,0.6275,23
2024-05-12,0,3,1.0535541973093132,0.9503588194490105,0.6025,23
2024-05-13,0,3,1.0240117177175188,0.9818939511908417,0.4375,23
2024-05-14,0,3,1.125954466739724,0.9555979457114898,0.5725,23
2024-05-15,0,3,1.2327625220716356,0.9358420819202237,0.6625,23
2024-05-16,0,3,0.8955376067268118,0.9055219636697321,0.7925,23
2024-05-17,1,3,0.7913953040488042,0.93435625104086,0.67,23
2024-05-18,0,3,0.9055523499200772,0.9785114077432427,0.4575,23
2024-05-19,0,3,1.0128479078315926,0.9659672448435913,0.5275,23
2024-05-20,0,3,1.2727679133110166,0.9885432328115077,0.4,23
2024-05-21,0,3,1.1537031263145334,0.9610442223537272,0.545,23
2024-05-22,0,3,1.046269531398886,0.9248675227699762,0.7125,23
2024-05-23,0,3,1.0562146124420275,0.969739024470871,0.5075,23
2024-05-24,0,3,1.2380722690129595,1.0803560140245982,0.1575,23
2024-05-25,0,3,1.2213285629567612,1.0542352290325139,0.2025,23
2024-05-26,0,3,1.228174786340416,1.1057024500711503,0.1075,23
2024-05-27,0,3,1.0487811469475452,1.093583970244931,0.13,23
2024-05-28,0,3,0.9800365302910446,1.0953803210457869,0.13,23
2024-05-29,0,3,0.9766676001211076,1.0706609496294577,0.1775,23
2024-05-30,0,3,1.0512578208843095,1.1135656404761036,0.0925,23
2024-05-31,0,3,0.9961927431314136,1.1456126112289278,0.055,23
2024-06-01,0,3,1.0782850177636043,1.051032026948424,0.21,23
2024-06-02,0,3,0.9920610924462848,0.9233431562368678,0.7175,23
2024-06-03,0,3,0.9346561396567484,0.8872868262924195,0.84,23
2024-06-04,0,3,0.9732410768918764,0.9095016782648706,0.7775,23
2024-06-05,0,3,1.0072004413080666,0.9329007340335835,0.6775,23
2024-06-06,0,3,0.9640593675152046,0.921327843219779,0.72,23
2024-06-07,0,3,1.1256372778569268,0.9248648501324608,0.7125,23
2024-06-08,0,3,1.1008109168047002,0.8880115937813623,0.835,23
2024-06-09,0,3,0.989007483306001,0.9594775769688749,0.5525,23
2024-06-10,0,3,0.9274834755604218,0.9776461187401042,0.4575,23
2024-06-11,0,3,1.0227093286635367,0.9765222040245791,0.46,23
2024-06-12,0,3,0.8594831565656494,0.962819856505371,0.54,23
2024-06-13,0,3,0.917704853697102,0.9941560939443294,0.3825,23
2024-06-14,1,3,0.6795921971656652,0.9346154000603871,0.6675,23
2024-06-15,1,3,0.6145184425791482,0.9560976869247435,0.57,23
2024-06-16,1,3,0.6919752734828566,0.859025869200734,0.875,23
2024-06-17,1,3,0.7297780106527604,0.8074447457302143,0.96,23
2024-06-18,1,3,0.6735497277838808,0.8590067282902577,0.875,23
2024-06-19,1,3,0.7804324729432032,0.8675316285434849,0.8625,23
2024-06-20,1,3,0.8217039182820827,0.8461348298674534,0.89,23
2024-06-21,1,3,0.7884223086555656,0.8164923624227293,0.95,23
2024-06-22,0,3,0.9602602959616506,0.8344199456094717,0.92,23
2024-06-23,0,3,1.024427310962878,1.076575576131021,0.16,23
2024-06-24,0,3,1.195491628687297,1.1412210577648174,0.0575,23
2024-06-25,0,3,1.215906713930801,1.143025614327677,0.0575,23
2024-06-26,0,3,1.2258309674396182,1.1100713635844779,0.0975,23
2024-06-27,0,3,1.073965935073988,1.0973641727947463,0.125,23
2024-06-28,0,3,1.2305126825999335,1.139582718219576,0.0625,23
2024-06-29,0,3,1.097148681317217,1.1454955052759859,0.055,23
2024-06-30,0,3,1.0619410379298095,1.0973741099653767,0.125,23
2024-07-08,0,4,1.116457631384267,0.9326780483066255,0.6415478615071283,23
2024-07-09,0,4,1.0101891778297445,0.8772653090426379,0.8391038696537678,23
2024-07-10,0,4,1.0863941086454256,0.9500511339718529,0.5723014256619144,23
2024-07-11,0,4,0.9965360490189162,0.9222119423499959,0.6863543788187373,23
2024-07-12,0,4,0.9539304823475042,0.9034793494895126,0.7678207739307535,23
2024-07-13,0,4,0.950638118953398,0.9415943725720745,0.6028513238289206,23
2024-07-14,1,4,0.8397214790590249,0.8517080693364454,0.8676171079429735,23
2024-07-15,1,4,0.7334528107337351,0.8308479595224115,0.90020366598778,23
2024-07-16,0,4,0.8883891721870719,0.8794732126518635,0.8329938900203666,23
2024-07-17,1,4,0.8437789187234767,0.922812498902287,0.6802443991853361,23
2024-07-18,1,4,0.8472455707817422,0.891014044799797,0.8085539714867617,23
2024-07-19,0,4,0.910717151006186,0.878289882953461,0.835030549898167,23
2024-07-20,0,4,0.925370339191337,0.876113488017973,0.8391038696537678,23
2024-07-21,0,4,0.9397654980095967,1.001913033855091,0.31771894093686354,23
2024-07-22,0,4,1.104105804698513,1.0430118762969012,0.21792260692464357,23
2024-07-23,0,4,1.121178664383199,1.025545040270271,0.2545824847250509,23
2024-07-24,0,4,1.2550419907953434,1.143403946266622,0.03665987780040733,23
2024-07-25,0,4,1.3558074600098629,1.1347137436352543,0.04276985743380855,23
2024-07-26,0,4,1.2959917929379574,1.0737080529880474,0.15885947046843177,23
2024-07-27,0,4,1.2389659237927133,1.092205333996717,0.12627291242362526,23
2024-07-28,0,4,1.4091135047749308,1.119405747649034,0.06517311608961303,23
2024-07-29,0,4,1.3050678458824962,1.0753018034025372,0.15682281059063136,23
2024-07-30,0,4,1.3048241644198404,1.1144496317638704,0.07128309572301425,23
2024-07-31,0,4,1.2597264680283011,1.0813155280462259,0.14867617107942974,23
2024-08-01,0,4,1.121700455984094,1.0043807694875366,0.3136456211812627,23
2024-08-02,0,4,1.0415576174661785,0.9989606740781204,0.34012219959266804,23
2024-08-03,0,4,1.0714138034837262,1.0203636675442505,0.26272912423625255,23
2024-08-04,0,4,0.9254800342702844,0.8908706012613963,0.8085539714867617,23
2024-08-05,0,4,0.9988541841260816,0.9252755787377174,0.6659877800407332,23
2024-08-06,0,4,0.9756751014725488,0.9207352522933159,0.6945010183299389,23
2024-08-07,0,4,0.950823057621353,0.9302154102361608,0.6517311608961304,23
2024-08-08,0,4,0.903694941501862,0.8993455980430061,0.7820773930753564,23
2024-08-09,0,4,0.9996673408605188,0.9351791386173278,0.6313645621181263,23
2024-08-10,0,4,1.0858174208180866,0.9165550520186893,0.7128309572301426,23
2024-08-11,0,4,1.044348391022553,0.9510976861407043,0.5682281059063137,23
2024-08-12,0,4,0.932182289361824,0.9358333981557866,0.6293279022403259,23
2024-08-13,0,4,0.9069610610786007,0.9286968435800532,0.6558044806517311,23
2024-08-14,1,4,0.8265701897589802,0.9282148155847703,0.6578411405295316,23
2024-08-15,0,4,0.9676451248182724,0.983405957909927,0.4093686354378819,23
2024-08-16,0,4,0.9250031917066456,0.9598685921882812,0.5173116089613035,23
2024-08-17,0,4,0.8864973567568095,0.9447457623230194,0.5865580448065173,23
2024-08-18,0,4,0.9752006344141928,0.8392547750550192,0.8818737270875764,23
2024-08-19,0,4,0.9430349725449813,0.8312778286441352,0.90020366598778,23
2023-07-08,0,0,0.9241726794350844,0.921218706429394,0.752,24
2023-07-09,0,0,0.9743232874576132,1.0915613948932892,0.216,24
2023-07-10,0,0,0.9966145169869692,1.0443451197055713,0.304,24
2023-07-11,0,0,0.9517191542034068,1.005024865666685,0.44,24
2023-07-12,0,0,0.948542157152549,1.0078272752708766,0.432,24
2023-07-13,1,0,0.8136032158541315,0.9971713213057284,0.48,24
2023-07-14,1,0,0.8379735483359313,1.041481665437346,0.312,24
2023-07-15,0,0,0.8701002940440485,1.0385698132182426,0.32,24
2023-07-16,0,0,0.9114132510669704,1.0953002609755462,0.216,24
2023-07-17,0,0,0.8908737944136609,1.0174101169677412,0.416,24
2023-07-18,0,0,0.9255322693960212,1.0345493612205687,0.328,24
2023-07-19,0,0,0.967263115722151,0.9974741589866508,0.48,24
2023-07-20,0,0,1.0407271001586968,1.072609446356227,0.264,24
2023-07-21,0,0,1.0879196255666288,1.0464269034881435,0.304,24
2023-07-22,0,0,1.0747706880007073,1.0159121855612552,0.416,24
2023-07-23,0,0,1.082245562916266,1.095689904352802,0.208,24
2023-07-24,0,0,1.1801619598634046,1.1920241591355851,0.056,24
2023-07-25,0,0,1.1393366031481695,1.0622900756872038,0.264,24
2023-07-26,0,0,1.0470649557621556,1.0826957319778001,0.232,24
2023-07-27,0,0,1.0524089049987362,1.099754043733761,0.2,24
2023-07-28,0,0,1.0961332324625743,1.1680384598858504,0.08,24
2023-07-29,0,0,1.1475046354373504,1.1387807990070207,0.112,24
2023-07-30,0,0,1.1030104289707232,1.0631850764394122,0.264,24
2023-07-31,0,0,0.9802661574733532,1.0311205613658203,0.336,24
2023-08-01,0,0,0.9276591914865956,1.041190452006364,0.312,24
2023-08-02,0,0,0.9856192869568604,1.0654911293570046,0.264,24
2023-08-03,0,0,0.9849464199753928,1.0455168006878013,0.304,24
2023-08-04,0,0,1.0288017106784253,1.0452636974666043,0.304,24
2023-08-05,0,0,1.0494101563413691,1.01373056753721,0.416,24
2023-08-06,0,0,0.925332606177236,0.9815073355280668,0.512,24
2023-08-07,0,0,1.0600347894644628,1.0528582065852403,0.296,24
2023-08-08,0,0,1.2032070808322328,1.1082377591367734,0.192,24
2023-08-09,0,0,1.1361856872066751,1.0417962881320215,0.304,24
2023-08-10,0,0,1.2169384711338458,1.0474521323445933,0.296,24
2023-08-11,0,0,1.124374488467241,0.9673793006861784,0.56,24
2023-08-12,0,0,1.0302234899243532,0.9756359828779096,0.552,24
2023-08-13,0,0,1.1364735275600777,1.072476781742107,0.264,24
2023-08-14,0,0,1.0140690876726717,1.10414179869991,0.192,24
2023-08-15,0,0,0.9598834391613684,1.0175041202490827,0.416,24
2023-08-16,0,0,0.96344523411635,1.0762183511659946,0.256,24
2023-08-17,0,0,0.8619772162480696,1.0032957844073362,0.44,24
2023-08-18,1,0,0.84340585697894,1.061325482050045,0.272,24
2023-08-19,0,0,0.9361598228925094,1.1229183384488324,0.144,24
2023-08-20,0,0,0.9812706645380184,0.9866325808269619,0.512,24
2023-08-21,0,0,0.9880650175388538,0.9651381151764507,0.576,24
2023-08-22,0,0,0.9501391402718308,0.9926028228989425,0.496,24
2023-08-23,0,0,1.0115737235821658,1.0168340760600703,0.416,24
2023-08-24,0,0,0.9999262702998436,1.0240806572439747,0.368,24
2023-08-25,0,0,1.24194058981351,1.0095313420952385,0.416,24
2023-08-26,0,0,1.1524945548408054,1.010438365644335,0.416,24
2023-08-27,0,0,1.0562711289247646,0.9530539553181897,0.632,24
2023-08-28,0,0,1.1258216617159271,0.9729245753494894,0.552,24
2023-08-29,0,0,1.127791985065815,0.9773248761132987,0.536,24
2023-08-30,0,0,1.0730811539867262,0.9763640497577583,0.536,24
2023-08-31,0,0,1.1374657637612942,0.9958721187425459,0.488,24
2023-09-01,0,0,0.9176351523297184,0.9516182509064188,0.64,24
2023-09-02,0,0,0.9210003824336146,0.9672129137104447,0.56,24
2023-09-03,0,0,0.9421400380007852,0.93872792652847,0.696,24
2023-09-04,0,0,0.9211686908188832,0.8515409059515036,0.904,24
2023-09-05,1,0,0.8469144869908538,0.9167650699597927,0.768,24
2023-09-06,1,0,0.8378144001188419,0.9523218957129249,0.64,24
2023-09-07,1,0,0.8332308808794763,0.9151264045930796,0.776,24
2023-09-08,1,0,0.7903801903571291,0.8658573159967067,0.888,24
2023-09-09,0,0,0.9215862638123296,0.8849335362158076,0.856,24
2023-09-10,0,0,0.9192039742345504,1.011288961388276,0.416,24
2023-09-11,0,0,0.8882584499143324,1.0005267340217092,0.456,24
2023-09-12,0,0,0.9893752333510308,1.0389075615819738,0.32,24
2023-09-13,0,0,1.0276905021746976,1.0388823597368086,0.32,24
2023-09-14,0,0,1.05764422804859,0.9937706568595077,0.496,24
2023-09-15,0,0,1.037244258278199,1.0140420253961335,0.416,24
2023-09-16,0,0,0.9111351623678404,1.0063280726753652,0.44,24
2023-09-17,0,0,0.9168705447222036,1.0336299739500439,0.336,24
2023-09-18,0,0,0.9480631642651184,1.0216887628250875,0.376,24
2023-09-19,0,0,1.049584705904487,1.0528498620259112,0.296,24
2023-09-20,0,0,1.0582598221905524,0.9906098521519542,0.496,24
2023-09-21,0,0,1.0114472018825855,1.002871485162621,0.44,24
2023-09-22,0,0,1.110871812182302,1.0165862018302039,0.416,24
2023-09-23,0,0,1.1541736168324266,1.0689226958242632,0.264,24
2023-09-24,0,0,1.1078020011333731,1.0907140367172956,0.224,24
2023-09-25,0,0,1.074645609849099,1.0829988228265153,0.232,24
2023-09-26,0,0,0.9539644229731924,1.0623672397170976,0.264,24
2023-09-27,0,0,1.045324049908362,1.0653178897821696,0.264,24
2023-09-28,0,0,1.058283583828204,1.1111962543072595,0.192,24
2023-09-29,0,0,0.9529449023805296,1.092598721214878,0.216,24
2023-09-30,0,0,1.0335157970037918,1.071176524204081,0.264,24
2023-10-08,0,1,0.943214957935384,0.9854624987244925,0.543778801843318,24
2023-10-09,0,1,0.8954605455623991,0.9675130508545349,0.6129032258064516,24
2023-10-10,0,1,0.8714609046846392,0.9650305055136678,0.631336405529954,24
2023-10-11,0,1,0.8537394125385595,0.983132003996504,0.5622119815668203,24
2023-10-12,0,1,0.9158302055623126,1.0307950616761306,0.3456221198156682,24
2023-10-13,1,1,0.8235183048240129,0.9708411071944728,0.6036866359447005,24
2023-10-14,1,1,0.8417997244121631,1.0177460081580254,0.39631336405529954,24
2023-10-15,0,1,0.8686185654387014,0.9829087428294243,0.5622119815668203,24
2023-10-16,1,1,0.837630457855076,1.0260034036023626,0.37327188940092165,24
2023-10-17,1,1,0.7765728111191363,1.013482846329162,0.41935483870967744,24
2023-10-18,0,1,0.876315761424511,1.0271392750982085,0.3686635944700461,24
2023-10-19,0,1,0.8981339369635442,1.0089811145972787,0.4377880184331797,24
2023-10-20,0,1,1.0052067391820876,1.0389195373000397,0.3225806451612903,24
2023-10-21,0,1,1.0475645261799866,1.0553758099164685,0.2672811059907834,24
2023-10-22,0,1,1.0349876751325695,1.0718668622974226,0.22580645161290322,24
2023-10-23,0,1,1.0648188658578015,1.0899079783266827,0.17050691244239632,24
2023-10-24,0,1,1.2288539084267107,1.1216920345905794,0.10138248847926268,24
2023-10-25,0,1,1.325022505621457,1.0953294585506355,0.16589861751152074,24
2023-10-26,0,1,1.3444469765965152,1.1222931634979734,0.10138248847926268,24
2023-10-27,0,1,1.24809949228092,1.0798841680147402,0.1935483870967742,24
2023-10-28,0,1,1.1197888843427084,1.0650111872139034,0.2350230414746544,24
2023-10-29,0,1,1.0278744636215793,1.0357215868037082,0.3317972350230415,24
2023-10-30,0,1,1.092155254370859,1.0939575322169115,0.16589861751152074,24
2023-10-31,0,1,1.1015162289550902,1.0330305571387741,0.34101382488479265,24
2023-11-01,0,1,0.9616024375172428,0.969388145431886,0.6036866359447005,24
2023-11-02,0,1,1.0211534524417607,0.991693738482142,0.5161290322580645,24
2023-11-03,0,1,1.0185200315853409,1.005694695618068,0.45622119815668205,24
2023-11-04,0,1,0.9938521706160228,1.0165592251433826,0.4009216589861751,24
2023-11-05,0,1,1.0661778939631648,0.9896666570385587,0.5161290322580645,24
2023-11-06,0,1,1.1620310134405805,0.9498863560482486,0.695852534562212,24
2023-11-07,0,1,0.980518173100777,0.9252129546693026,0.7741935483870968,24
2023-11-08,0,1,0.9051698390223948,0.9697864581699148,0.6036866359447005,24
2023-11-09,1,1,0.7489778501170876,0.9244076003435494,0.783410138248848,24
2023-11-10,1,1,0.7527771910343829,0.9364864641344877,0.7511520737327189,24
2023-11-11,0,1,0.9667089341078078,1.0000635490444079,0.47465437788018433,24
2023-11-12,0,1,0.9442364852029852,1.0391093949300714,0.31797235023041476,24
2023-11-13,1,1,0.7318274766100183,0.985849433888431,0.5391705069124424,24
2023-11-14,1,1,0.8206581432559168,1.0641812550248801,0.23963133640552994,24
2023-11-15,0,1,1.051314083184571,1.1101549839080451,0.12903225806451613,24
2023-11-16,0,1,1.0761913404529675,1.1165234842872362,0.11059907834101383,24
2023-11-17,0,1,0.9757244500222187,1.0674586978438767,0.2350230414746544,24
2023-11-18,0,1,0.940194569771074,1.0275984312653483,0.3640552995391705,24
2023-11-19,0,1,0.8987004950888953,1.0801448475236177,0.1889400921658986,24
2023-11-20,0,1,1.089296800690815,1.122347615491977,0.10138248847926268,24
2023-11-21,0,1,1.1345993778130965,1.075419587658388,0.20276497695852536,24
2023-11-22,0,1,1.0464304602981034,1.0501519873215246,0.2672811059907834,24
2023-11-23,0,1,1.1378360455267436,1.0604136496817387,0.2534562211981567,24
2023-11-24,0,1,1.3841279965162,1.1656050893034944,0.041474654377880185,24
2023-11-25,0,1,1.2713157281439782,1.1066593225766557,0.1336405529953917,24
2023-11-26,0,1,1.4205242426211462,1.0538157258321628,0.2672811059907834,24
2023-11-27,0,1,1.3156964922071708,1.0580614381913926,0.25806451612903225,24
2023-11-28,0,1,1.3008009098853073,1.0167248792249157,0.4009216589861751,24
2023-11-29,0,1,1.2479916720289856,1.0607779490106313,0.2488479262672811,24
2023-11-30,0,1,1.184579900085264,1.0559841403742538,0.2626728110599078,24
2023-12-01,0,1,0.9217983024910515,0.9919337117931837,0.5161290322580645,24
2023-12-02,0,1,0.9872117622337688,1.0017902796456803,0.4700460829493088,24
2023-12-03,0,1,0.9761410830534396,0.9466432260527647,0.7096774193548387,24
2023-12-04,0,1,0.9081520857619844,0.916629465241623,0.7972350230414746,24
2023-12-05,0,1,0.9381732402892374,0.9331544338199781,0.7603686635944701,24
2023-12-06,0,1,0.9296518465586814,0.9762859816493292,0.5806451612903226,24
2023-12-07,1,1,0.8413685597788102,0.9365610429340974,0.7511520737327189,24
2023-12-08,0,1,0.991352633325197,0.9585971877293411,0.6682027649769585,24
2023-12-09,0,1,0.9411554944408358,0.9324863076574945,0.7649769585253456,24
2023-12-10,1,1,0.8389522108078011,0.9374835557024405,0.7511520737327189,24
2023-12-11,1,1,0.8071649857265369,0.9691666138446466,0.6036866359447005,24
2023-12-12,1,1,0.7572970023336949,0.9372908052106065,0.7511520737327189,24
2023-12-13,1,1,0.6208795880453283,0.9463079598159385,0.7096774193548387,24
2023-12-14,1,1,0.7592057772002324,1.0077223384194374,0.4470046082949309,24
2023-12-15,1,1,0.8328269225748938,0.9999228187335654,0.47465437788018433,24
2023-12-16,0,1,0.8590655807455964,1.0031354111429516,0.45622119815668205,24
2023-12-17,0,1,0.9377129218982944,1.0541148899208528,0.2672811059907834,24
2023-12-18,0,1,0.9642064200950122,1.0630745130804515,0.2488479262672811,24
2023-12-19,0,1,0.8985380992120569,1.0485512041555427,0.2857142857142857,24
2023-12-20,0,1,1.174221538340847,1.083292312172784,0.17511520737327188,24
2023-12-21,0,1,1.219687141657661,1.0614150376976739,0.2488479262672811,24
2023-12-22,0,1,1.109109822460017,1.0280467524356713,0.3548387096774194,24
2023-12-23,0,1,1.1355025094767273,1.0410431752343294,0.31336405529953915,24
2023-12-24,0,1,1.067923542918951,1.0911473807629335,0.16589861751152074,24
2023-12-25,0,1,1.0641320258226272,1.155653936335597,0.041474654377880185,24
2023-12-26,0,1,1.1724151428996483,1.1638445275817193,0.041474654377880185,24
2023-12-27,0,1,1.10656776396788,1.1491040074628451,0.05069124423963134,24
2023-12-28,0,1,1.0122393038967503,1.0980086794343071,0.15668202764976957,24
2023-12-29,0,1,1.1349625439131328,1.1292672493778118,0.09216589861751152,24
2023-12-30,0,1,1.107041700896765,1.0743397459327795,0.2073732718894009,24
2023-12-31,0,1,1.0540714431461404,0.9896789785686488,0.5161290322580645,24
2024-01-08,0,2,0.9380252547156612,0.9260852746651815,0.7896440129449838,24
2024-01-09,0,2,0.8604976941696318,0.9275300715349283,0.7864077669902912,24
2024-01-10,0,2,0.8967950138147822,0.9531019074570604,0.6731391585760518,24
2024-01-11,1,2,0.81515703606474,0.9026545858863673,0.8478964401294499,24
2024-01-12,1,2,0.7697963725749237,0.9339735152062877,0.7540453074433657,24
2024-01-13,1,2,0.841357639507363,0.96737146145195,0.5954692556634305,24
2024-01-14,1,2,0.8237505800283649,0.9664873781407645,0.6019417475728155,24
2024-01-15,1,2,0.8143008517556474,0.9588221229457439,0.6407766990291263,24
2024-01-16,0,2,0.8574681818882544,0.9738849071363368,0.5760517799352751,24
2024-01-17,1,2,0.7587486496508539,0.9306140691120717,0.7702265372168284,24
2024-01-18,1,2,0.6693137152967722,0.9348892229149862,0.7508090614886731,24
2024-01-19,1,2,0.6699104276785826,1.003221172112673,0.4627831715210356,24
2024-01-20,0,2,0.8772632858888515,0.9946144538141225,0.511326860841424,24
2024-01-21,0,2,0.9892903383152972,1.0948779048365498,0.16181229773462782,24
2024-01-22,0,2,1.117405717166005,1.0504484765197417,0.28802588996763756,24
2024-01-23,0,2,1.1151266074232986,1.034090160910718,0.34951456310679613,24
2024-01-24,0,2,1.075838623368072,1.1235118141416183,0.11326860841423948,24
2024-01-25,0,2,1.2754491983991014,1.1807208607204709,0.05825242718446602,24
2024-01-26,0,2,1.423986158079574,1.1699853871112498,0.06472491909385113,24
2024-01-27,0,2,1.2093563799502314,1.100601656694877,0.1488673139158576,24
2024-01-28,0,2,1.0654453237147563,1.0951622781935921,0.16181229773462782,24
2024-01-29,0,2,0.947841005507312,1.0689558872808043,0.23624595469255663,24
2024-01-30,1,2,0.8351685356731198,1.089901234162929,0.1650485436893204,24
2024-01-31,0,2,0.9497929613869894,1.2015713308451346,0.032362459546925564,24
2024-02-01,0,2,0.917248696829258,1.081071665593983,0.18770226537216828,24
2024-02-02,0,2,0.8851405980336539,1.0601368234806454,0.2588996763754045,24
2024-02-03,0,2,0.982826709401738,1.0431536460543231,0.3106796116504854,24
2024-02-04,0,2,1.0025264392902944,0.9067383554188033,0.8349514563106796,24
2024-02-05,0,2,0.9483480269362228,0.9109626063315948,0.8284789644012945,24
2024-02-06,0,2,1.0972617113073977,0.9826203744615737,0.5469255663430421,24
2024-02-07,0,2,1.0891759604105706,0.9555366273942031,0.656957928802589,24
2024-02-08,0,2,1.096557459323093,0.9092748865305236,0.8317152103559871,24
2024-02-09,0,2,1.1167044003098343,0.897458286578103,0.8511326860841424,24
2024-02-10,0,2,1.0002853718765394,0.8360732163840137,0.970873786407767,24
2024-02-11,0,2,1.0068662107279371,0.9262424267734244,0.7896440129449838,24
2024-02-12,0,2,1.068197683139049,0.9891234599130639,0.5242718446601942,24
2024-02-13,0,2,0.9193871015786248,0.9206960913118486,0.7961165048543689,24
2024-02-14,0,2,0.9666893508669268,0.9456731282859319,0.7055016181229773,24
2024-02-15,0,2,0.9701647067175788,0.9624066668929376,0.627831715210356,24
2024-02-16,0,2,0.951505866659967,0.9101667761719555,0.8284789644012945,24
2024-02-17,0,2,0.9867051638475192,0.9019517555570291,0.8478964401294499,24
2024-02-18,0,2,0.9427333113260588,0.9770861870626945,0.5566343042071198,24
2024-02-19,0,2,0.978784236975376,1.0004828332953026,0.46601941747572817,24
2024-02-20,0,2,1.2204788803729685,1.0454439847576562,0.3042071197411003,24
2024-02-21,0,2,1.2578634247818792,1.0089733229273672,0.44336569579288027,24
2024-02-22,0,2,1.4160461739581691,0.9791104246028934,0.5566343042071198,24
2024-02-23,0,2,1.4083895326125038,0.9668176676765976,0.598705501618123,24
2024-02-24,0,2,1.2889078774480094,1.0356784428771608,0.3365695792880259,24
2024-02-25,0,2,1.408628586196815,1.1245085611458907,0.11003236245954692,24
2024-02-26,0,2,1.5357853726649573,1.0995992337624039,0.1488673139158576,24
2024-02-27,0,2,1.4255036298830266,1.0999722550629207,0.1488673139158576,24
2024-02-28,0,2,1.3472740673438566,1.026732323214785,0.37540453074433655,24
2024-02-29,0,2,1.0804552257818711,1.0739958663277704,0.2168284789644013,24
2024-03-01,0,2,1.0254354181414247,1.008128162153072,0.44336569579288027,24
2024-03-02,0,2,1.1320172826735235,1.0491565111182752,0.2977346278317152,24
2024-03-03,0,2,1.128319747911003,0.9563520815952292,0.6504854368932039,24
2024-03-04,0,2,0.9822802609177096,0.9047327836424711,0.8446601941747572,24
2024-03-05,0,2,0.9670810502033153,0.8898280921264575,0.8770226537216829,24
2024-03-06,0,2,0.946135861635669,0.9208066029415398,0.7961165048543689,24
2024-03-07,0,2,0.8708436819149774,0.9140004619901432,0.8187702265372169,24
2024-03-08,0,2,0.8762602644369504,0.9420196502385484,0.7216828478964401,24
2024-03-09,1,2,0.8487925178810976,0.9604265350362846,0.6375404530744336,24
2024-03-10,1,2,0.7728795364314732,0.8695095368255377,0.9223300970873787,24
2024-03-11,1,2,0.708461282966484,0.876794711724936,0.9061488673139159,24
2024-03-12,1,2,0.6426398373180695,0.9026781667155634,0.8478964401294499,24
2024-03-13,1,2,0.571377925482258,0.8884678129709018,0.8770226537216829,24
2024-03-14,1,2,0.6901720416567598,0.928101975383921,0.7831715210355987,24
2024-03-15,1,2,0.7549641664287521,0.9484524455884007,0.6925566343042071,24
2024-03-16,1,2,0.836506042031234,0.9177934060225789,0.8058252427184466,24
2024-03-17,0,2,0.9709646135075468,0.995894234678453,0.5048543689320388,24
2024-03-18,0,2,0.9688339478220468,1.0421196988686823,0.3106796116504854,24
2024-03-19,0,2,0.9413149393033896,0.9708417514429566,0.5889967637540453,24
2024-03-20,0,2,1.0655612632569766,1.0147239259557477,0.4174757281553398,24
2024-03-21,0,2,1.133253625646406,1.0131646294928254,0.4174757281553398,24
2024-03-22,0,2,1.113040266895566,0.9887295680415681,0.5275080906148867,24
2024-03-23,0,2,1.036710651553232,0.9874571518686144,0.5372168284789643,24
2024-03-24,0,2,0.9228864380293004,1.1094746361540817,0.12944983818770225,24
2024-03-25,0,2,1.1500417141558186,1.210095139819472,0.025889967637540454,24
2024-03-26,0,2,1.298740837351826,1.181550961881466,0.05825242718446602,24
2024-03-27,0,2,1.2996211124527302,1.1796173482295413,0.05825242718446602,24
2024-03-28,0,2,1.323402650373225,1.185494298856864,0.05501618122977346,24
2024-03-29,0,2,1.3339767416071382,1.111029212843957,0.1262135922330097,24
2024-03-30,0,2,1.273455247833983,1.1286090209580093,0.10355987055016182,24
2024-03-31,0,2,1.1543087116353845,1.0778734630698652,0.20388349514563106,24
2024-04-08,0,3,0.9013501692371486,0.8425672600090743,0.94,24
2024-04-09,0,3,0.9504673829573714,0.8383901539909515,0.9525,24
2024-04-10,1,3,0.8243382492106264,0.8254004315353488,0.9625,24
2024-04-11,1,3,0.7834501466330951,0.8124846985743924,0.97,24
2024-04-12,0,3,0.8698604395795992,0.8630072050237743,0.91,24
2024-04-13,1,3,0.7597608507551356,0.8675381116575568,0.8975,24
2024-04-14,1,3,0.677212775397524,0.9043264159337083,0.8225,24
2024-04-15,1,3,0.6920359386686836,0.9029736647135265,0.83,24
2024-04-16,1,3,0.6104944247335421,0.9485337855515863,0.69,24
2024-04-17,1,3,0.5682484576390117,0.9213444012021663,0.7975,24
2024-04-18,1,3,0.6743462566199577,0.9626182959235494,0.6375,24
2024-04-19,1,3,0.8021678182057587,0.9969145393961248,0.5025,24
2024-04-20,1,3,0.8338345092652095,0.957642781310149,0.6625,24
2024-04-21,0,3,0.9500977307262902,1.1102162308584056,0.16,24
2024-04-22,0,3,0.894020763122248,1.1237858116687527,0.135,24
2024-04-23,0,3,0.991399742819852,1.1370550616784016,0.11,24
2024-04-24,0,3,1.0878447526166517,1.2307214526177641,0.045,24
2024-04-25,0,3,1.1142222845209917,1.2211341689948445,0.0475,24
2024-04-26,0,3,1.007146643273655,1.226550453610761,0.0475,24
2024-04-27,0,3,1.1844212349409298,1.1772514271232974,0.0775,24
2024-04-28,0,3,1.1006217153126756,1.136076170786915,0.1125,24
2024-04-29,0,3,1.2106187582063732,1.1758502632963719,0.08,24
2024-04-30,0,3,1.176679988504357,1.1274140503356245,0.1275,24
2024-05-01,0,3,1.169712985396964,1.1040139807153566,0.1775,24
2024-05-02,0,3,1.216461054387081,1.0963699942540779,0.1975,24
2024-05-03,0,3,1.397113446052744,1.0460619760843837,0.3225,24
2024-05-04,0,3,1.0699333394458723,1.033144341636003,0.37,24
2024-05-05,0,3,1.0152024835913225,0.9923341839807175,0.515,24
2024-05-06,0,3,0.9666563960052584,0.9953545980189961,0.51,24
2024-05-07,0,3,1.0010999776265437,1.0160504444583351,0.4475,24
2024-05-08,0,3,1.045751819874061,1.033483606133213,0.3675,24
2024-05-09,0,3,1.2333799656918272,1.0040597024906823,0.4875,24
2024-05-10,0,3,1.0191571683896132,0.9835844129419317,0.5575,24
2024-05-11,0,3,0.9714474788616788,1.0137362953862923,0.4575,24
2024-05-12,0,3,1.0535541973093132,1.0056464459310848,0.48,24
2024-05-13,0,3,1.0240117177175188,1.0128429969409438,0.4575,24
2024-05-14,0,3,1.125954466739724,1.0033616251835804,0.4875,24
2024-05-15,0,3,1.2327625220716356,0.991342060392046,0.52,24
2024-05-16,0,3,0.8955376067268118,0.9437332014548584,0.7125,24
2024-05-17,1,3,0.7913953040488042,0.9719620652955923,0.605,24
2024-05-18,0,3,0.9055523499200772,0.9964368581243811,0.5025,24
2024-05-19,0,3,1.0128479078315926,1.0309712893007692,0.38,24
2024-05-20,0,3,1.2727679133110166,1.0412159142666468,0.34,24
2024-05-21,0,3,1.1537031263145334,0.9953272007231696,0.51,24
2024-05-22,0,3,1.046269531398886,0.946484553753165,0.7025,24
2024-05-23,0,3,1.0562146124420275,0.9722628814984213,0.6025,24
2024-05-24,0,3,1.2380722690129595,1.1020683098463926,0.1825,24
2024-05-25,0,3,1.2213285629567612,1.1241279405835387,0.135,24
2024-05-26,0,3,1.228174786340416,1.2159000535792102,0.0475,24
2024-05-27,0,3,1.0487811469475452,1.1404213287188,0.1075,24
2024-05-28,0,3,0.9800365302910446,1.1331151563176174,0.12,24
2024-05-29,0,3,0.9766676001211076,1.1107678139029808,0.1575,24
2024-05-30,0,3,1.0512578208843095,1.157608202242437,0.0925,24
2024-05-31,0,3,0.9961927431314136,1.1711243868463095,0.0825,24
2024-06-01,0,3,1.0782850177636043,1.1091510439483772,0.16,24
2024-06-02,0,3,0.9920610924462848,0.9586831000370712,0.6575,24
2024-06-03,0,3,0.9346561396567484,0.9524527008408074,0.6825,24
2024-06-04,0,3,0.9732410768918764,0.9569407030467418,0.665,24
2024-06-05,0,3,1.0072004413080666,0.9623155056338584,0.6375,24
2024-06-06,0,3,0.9640593675152046,0.941648665388941,0.72,24
2024-06-07,0,3,1.1256372778569268,0.9463230574619849,0.705,24
2024-06-08,0,3,1.1008109168047002,0.9157436690370475,0.81,24
2024-06-09,0,3,0.989007483306001,0.9831417086901697,0.5625,24
2024-06-10,0,3,0.9274834755604218,1.0164558556168832,0.445,24
2024-06-11,0,3,1.0227093286635367,1.011436892825511,0.4675,24
2024-06-12,0,3,0.8594831565656494,0.9997665663817699,0.4975,24
2024-06-13,0,3,0.917704853697102,1.0211141466460347,0.4275,24
2024-06-14,1,3,0.6795921971656652,0.9762583489860737,0.5875,24
2024-06-15,1,3,0.6145184425791482,0.9838649650720942,0.5575,24
2024-06-16,1,3,0.6919752734828566,0.8564589607818685,0.925,24
2024-06-17,1,3,0.7297780106527604,0.853502082357913,0.93,24
2024-06-18,1,3,0.6735497277838808,0.8681794313132613,0.895,24
2024-06-19,1,3,0.7804324729432032,0.8715777623116314,0.8875,24
2024-06-20,1,3,0.8217039182820827,0.8852944153849376,0.855,24
2024-06-21,1,3,0.7884223086555656,0.8379408310048898,0.9525,24
2024-06-22,0,3,0.9602602959616506,0.872936814936252,0.8875,24
2024-06-23,0,3,1.024427310962878,1.1162563519118018,0.15,24
2024-06-24,0,3,1.195491628687297,1.1760567156136217,0.08,24
2024-06-25,0,3,1.215906713930801,1.2012654062904973,0.0525,24
2024-06-26,0,3,1.2258309674396182,1.1713414021535022,0.0825,24
2024-06-27,0,3,1.073965935073988,1.1355069404420475,0.1125,24
2024-06-28,0,3,1.2305126825999335,1.1830539918561054,0.0725,24
2024-06-29,0,3,1.097148681317217,1.2210663381915512,0.0475,24
2024-06-30,0,3,1.0619410379298095,1.1353500843073856,0.1125,24
2024-07-08,0,4,1.116457631384267,0.9623282278983164,0.6334012219959266,24
2024-07-09,0,4,1.0101891778297445,0.9346109576314447,0.7331975560081466,24
2024-07-10,0,4,1.0863941086454256,0.97317410096339,0.5824847250509165,24
2024-07-11,0,4,0.9965360490189162,0.9376869929397766,0.725050916496945,24
2024-07-12,0,4,0.9539304823475042,0.9742572728346295,0.5784114052953157,24
2024-07-13,0,4,0.950638118953398,0.9352491348915346,0.7331975560081466,24
2024-07-14,1,4,0.8397214790590249,0.8831361818995085,0.8655804480651731,24
2024-07-15,1,4,0.7334528107337351,0.8809612117417864,0.8716904276985743,24
2024-07-16,0,4,0.8883891721870719,0.9089082895536114,0.8044806517311609,24
2024-07-17,1,4,0.8437789187234767,0.9443637436716465,0.6985743380855397,24
2024-07-18,1,4,0.8472455707817422,0.9158303620569921,0.790224032586558,24
2024-07-19,0,4,0.910717151006186,0.906004924869193,0.8105906313645621,24
2024-07-20,0,4,0.925370339191337,0.8993867422748654,0.8289205702647657,24
2024-07-21,0,4,0.9397654980095967,1.0382900752501345,0.3360488798370672,24
2024-07-22,0,4,1.104105804698513,1.085288991438043,0.21384928716904278,24
2024-07-23,0,4,1.121178664383199,1.066669122996875,0.24643584521384929,24
2024-07-24,0,4,1.2550419907953434,1.1807209998598505,0.06720977596741344,24
2024-07-25,0,4,1.3558074600098629,1.1753349413659142,0.07128309572301425,24
2024-07-26,0,4,1.2959917929379574,1.112587580279942,0.1629327902240326,24
2024-07-27,0,4,1.2389659237927133,1.1522725154769893,0.09368635437881874,24
2024-07-28,0,4,1.4091135047749308,1.155004183425346,0.09164969450101833,24
2024-07-29,0,4,1.3050678458824962,1.1385806518721104,0.1079429735234216,24
2024-07-30,0,4,1.3048241644198404,1.184722979027448,0.059063136456211814,24
2024-07-31,0,4,1.2597264680283011,1.1160164629331226,0.16089613034623218,24
2024-08-01,0,4,1.121700455984094,1.0403372824325754,0.3340122199592668,24
2024-08-02,0,4,1.0415576174661785,1.0290895192556322,0.3645621181262729,24
2024-08-03,0,4,1.0714138034837262,1.0530342446250947,0.2830957230142566,24
2024-08-04,0,4,0.9254800342702844,0.9423879406636181,0.7046843177189409,24
2024-08-05,0,4,0.9988541841260816,0.9240294408058275,0.7718940936863544,24
2024-08-06,0,4,0.9756751014725488,0.9379878415919473,0.7230142566191446,24
2024-08-07,0,4,0.950823057621353,0.9350337271212742,0.7331975560081466,24
2024-08-08,0,4,0.903694941501862,0.9538982940531305,0.6619144602851323,24
2024-08-09,0,4,0.9996673408605188,0.9783717061096481,0.570264765784114,24
2024-08-10,0,4,1.0858174208180866,0.9446165704953307,0.6965376782077393,24
2024-08-11,0,4,1.044348391022553,0.9873892648561318,0.5437881873727087,24
2024-08-12,0,4,0.932182289361824,0.9636847445920423,0.6313645621181263,24
2024-08-13,0,4,0.9069610610786007,0.9447610435623724,0.6945010183299389,24
2024-08-14,1,4,0.8265701897589802,0.96645535198138,0.6171079429735234,24
2024-08-15,0,4,0.9676451248182724,1.0049970497966256,0.48065173116089616,24
2024-08-16,0,4,0.9250031917066456,0.9926960730636765,0.5193482688391039,24
2024-08-17,0,4,0.8864973567568095,0.9701094080184957,0.6008146639511202,24
2024-08-18,0,4,0.9752006344141928,0.8802295061434304,0.8757637474541752,24
2024-08-19,0,4,0.9430349725449813,0.8645187140609997,0.8940936863543788,24
2023-07-08,0,0,0.9241726794350844,0.8975212847498373,0.832,25
2023-07-09,0,0,0.9743232874576132,1.0577871269703552,0.28,25
2023-07-10,0,0,0.9966145169869692,1.0495667800470556,0.304,25
2023-07-11,0,0,0.9517191542034068,0.9965820079630652,0.48,25
2023-07-12,0,0,0.948542157152549,1.0100054572825818,0.424,25
2023-07-13,1,0,0.8136032158541315,0.9867809106753418,0.512,25
2023-07-14,1,0,0.8379735483359313,1.0528878437226772,0.304,25
2023-07-15,0,0,0.8701002940440485,1.034131460988962,0.32,25
2023-07-16,0,0,0.9114132510669704,1.0744100253057958,0.256,25
2023-07-17,0,0,0.8908737944136609,1.0245130521534254,0.36,25
2023-07-18,0,0,0.9255322693960212,1.0205717738921907,0.384,25
2023-07-19,0,0,0.967263115722151,1.0063237403477414,0.432,25
2023-07-20,0,0,1.0407271001586968,1.0654536382163062,0.264,25
2023-07-21,0,0,1.0879196255666288,1.0545211150962035,0.304,25
2023-07-22,0,0,1.0747706880007073,1.0426212118194755,0.304,25
2023-07-23,0,0,1.082245562916266,1.075673968273335,0.256,25
2023-07-24,0,0,1.1801619598634046,1.1624561927171049,0.088,25
2023-07-25,0,0,1.1393366031481695,1.0406076006043223,0.304,25
2023-07-26,0,0,1.0470649557621556,1.0591492953077508,0.272,25
2023-07-27,0,0,1.0524089049987362,1.1098562595469215,0.192,25
2023-07-28,0,0,1.0961332324625743,1.158923332904317,0.088,25
2023-07-29,0,0,1.1475046354373504,1.1316435328000332,0.128,25
2023-07-30,0,0,1.1030104289707232,1.0693989002014632,0.264,25
2023-07-31,0,0,0.9802661574733532,1.0527024148811435,0.304,25
2023-08-01,0,0,0.9276591914865956,1.0708671119126907,0.256,25
2023-08-02,0,0,0.9856192869568604,1.0920621590641573,0.2,25
2023-08-03,0,0,0.9849464199753928,1.0510426247224554,0.304,25
2023-08-04,0,0,1.0288017106784253,1.0561691996276446,0.296,25
2023-08-05,0,0,1.0494101563413691,1.0233976941919742,0.36,25
2023-08-06,0,0,0.925332606177236,0.9686422993374728,0.536,25
2023-08-07,0,0,1.0600347894644628,1.0376578815398771,0.32,25
2023-08-08,0,0,1.2032070808322328,1.1065127838831021,0.192,25
2023-08-09,0,0,1.1361856872066751,1.0417359028634,0.304,25
2023-08-10,0,0,1.2169384711338458,1.0418409608205828,0.304,25
2023-08-11,0,0,1.124374488467241,0.9693168795239102,0.536,25
2023-08-12,0,0,1.0302234899243532,0.9856877068676528,0.512,25
2023-08-13,0,0,1.1364735275600777,1.0728232851799697,0.256,25
2023-08-14,0,0,1.0140690876726717,1.0782135655757366,0.24,25
2023-08-15,0,0,0.9598834391613684,1.0259789965673347,0.36,25
2023-08-16,0,0,0.96344523411635,1.084198998988945,0.232,25
2023-08-17,0,0,0.8619772162480696,0.9933036915889883,0.496,25
2023-08-18,1,0,0.84340585697894,1.0446825000318032,0.304,25
2023-08-19,0,0,0.9361598228925094,1.1103049480416294,0.192,25
2023-08-20,0,0,0.9812706645380184,0.9823825249236211,0.512,25
2023-08-21,0,0,0.9880650175388538,0.9835166161140183,0.512,25
2023-08-22,0,0,0.9501391402718308,0.976575007664943,0.528,25
2023-08-23,0,0,1.0115737235821658,1.0070013838934535,0.424,25
2023-08-24,0,0,0.9999262702998436,1.0410105263117337,0.304,25
2023-08-25,0,0,1.24194058981351,1.0248684570129225,0.36,25
2023-08-26,0,0,1.1524945548408054,0.9954903832264602,0.48,25
2023-08-27,0,0,1.0562711289247646,0.9477214205661728,0.656,25
2023-08-28,0,0,1.1258216617159271,0.9615335700804712,0.584,25
2023-08-29,0,0,1.127791985065815,0.9949922374465153,0.488,25
2023-08-30,0,0,1.0730811539867262,0.9982027997959826,0.48,25
2023-08-31,0,0,1.1374657637612942,1.0114194817454107,0.416,25
2023-09-01,0,0,0.9176351523297184,0.9648076199231372,0.56,25
2023-09-02,0,0,0.9210003824336146,0.9671048490600173,0.544,25
2023-09-03,0,0,0.9421400380007852,0.9452211359965036,0.664,25
2023-09-04,0,0,0.9211686908188832,0.8625402098886114,0.888,25
2023-09-05,1,0,0.8469144869908538,0.9230548199267616,0.752,25
2023-09-06,1,0,0.8378144001188419,0.9582646326188636,0.6,25
2023-09-07,1,0,0.8332308808794763,0.9019236245958018,0.816,25
2023-09-08,1,0,0.7903801903571291,0.8756247488732521,0.888,25
2023-09-09,0,0,0.9215862638123296,0.9004364180764864,0.824,25
2023-09-10,0,0,0.9192039742345504,0.9905141823898017,0.496,25
2023-09-11,0,0,0.8882584499143324,0.9706375712093814,0.536,25
2023-09-12,0,0,0.9893752333510308,1.033420393517341,0.328,25
2023-09-13,0,0,1.0276905021746976,1.0157249421600327,0.416,25
2023-09-14,0,0,1.05764422804859,0.9968398654577617,0.48,25
2023-09-15,0,0,1.037244258278199,0.9933464826041447,0.496,25
2023-09-16,0,0,0.9111351623678404,0.9904443646407951,0.496,25
2023-09-17,0,0,0.9168705447222036,1.0364901464149396,0.32,25
2023-09-18,0,0,0.9480631642651184,1.0372646531800924,0.32,25
2023-09-19,0,0,1.049584705904487,1.0289317262280702,0.344,25
2023-09-20,0,0,1.0582598221905524,0.9893981571350671,0.504,25
2023-09-21,0,0,1.0114472018825855,1.0079705864176387,0.424,25
2023-09-22,0,0,1.110871812182302,1.0196025565120483,0.4,25
2023-09-23,0,0,1.1541736168324266,1.0675985284275942,0.264,25
2023-09-24,0,0,1.1078020011333731,1.0656347460421107,0.264,25
2023-09-25,0,0,1.074645609849099,1.0749252498394033,0.256,25
2023-09-26,0,0,0.9539644229731924,1.0376085933322883,0.32,25
2023-09-27,0,0,1.045324049908362,1.0460856869178075,0.304,25
2023-09-28,0,0,1.058283583828204,1.1112829216721953,0.192,25
2023-09-29,0,0,0.9529449023805296,1.0794653604014428,0.24,25
2023-09-30,0,0,1.0335157970037918,1.077250528584407,0.24,25
2023-10-08,0,1,0.943214957935384,0.9901122197485333,0.511520737327189,25
2023-10-09,0,1,0.8954605455623991,0.9708043696532801,0.5944700460829493,25
2023-10-10,0,1,0.8714609046846392,0.9792763090216862,0.5576036866359447,25
2023-10-11,0,1,0.8537394125385595,1.0111448092396973,0.423963133640553,25
2023-10-12,0,1,0.9158302055623126,1.0412909815168885,0.3087557603686636,25
2023-10-13,1,1,0.8235183048240129,0.9657948740707359,0.6221198156682027,25
2023-10-14,1,1,0.8417997244121631,1.0276687552086403,0.3548387096774194,25
2023-10-15,0,1,0.8686185654387014,0.996951901421771,0.46543778801843316,25
2023-10-16,1,1,0.837630457855076,1.0153106455550995,0.41013824884792627,25
2023-10-17,1,1,0.7765728111191363,1.0156014232511343,0.41013824884792627,25
2023-10-18,0,1,0.876315761424511,1.021423436237476,0.3824884792626728,25
2023-10-19,0,1,0.8981339369635442,1.0010798671002805,0.4470046082949309,25
2023-10-20,0,1,1.0052067391820876,1.0158217469909963,0.41013824884792627,25
2023-10-21,0,1,1.0475645261799866,1.013330145085313,0.4147465437788018,25
2023-10-22,0,1,1.0349876751325695,1.0530571278771552,0.2764976958525346,25
2023-10-23,0,1,1.0648188658578015,1.1101003342157798,0.11981566820276497,25
2023-10-24,0,1,1.2288539084267107,1.1487815564106676,0.05069124423963134,25
2023-10-25,0,1,1.325022505621457,1.0928055656674533,0.15207373271889402,25
2023-10-26,0,1,1.3444469765965152,1.1145637190840254,0.11059907834101383,25
2023-10-27,0,1,1.24809949228092,1.0844507228545759,0.17050691244239632,25
2023-10-28,0,1,1.1197888843427084,1.062954532988917,0.2488479262672811,25
2023-10-29,0,1,1.0278744636215793,1.0472284579843671,0.2995391705069124,25
2023-10-30,0,1,1.092155254370859,1.0651701999481291,0.23963133640552994,25
2023-10-31,0,1,1.1015162289550902,1.0206234722692804,0.3870967741935484,25
2023-11-01,0,1,0.9616024375172428,0.9732144028631463,0.5714285714285714,25
2023-11-02,0,1,1.0211534524417607,0.9855814091298226,0.5345622119815668,25
2023-11-03,0,1,1.0185200315853409,0.9969802621452118,0.4608294930875576,25
2023-11-04,0,1,0.9938521706160228,1.0294518114553448,0.3456221198156682,25
2023-11-05,0,1,1.0661778939631648,1.0080109555084193,0.4377880184331797,25
2023-11-06,0,1,1.1620310134405805,0.9288679203184961,0.7926267281105991,25
2023-11-07,0,1,0.980518173100777,0.9102102370686158,0.8525345622119815,25
2023-11-08,0,1,0.9051698390223948,0.9544605470272377,0.6728110599078341,25
2023-11-09,1,1,0.7489778501170876,0.9102154881957553,0.8525345622119815,25
2023-11-10,1,1,0.7527771910343829,0.960212542982212,0.6405529953917051,25
2023-11-11,0,1,0.9667089341078078,1.0101473871044975,0.42857142857142855,25
2023-11-12,0,1,0.9442364852029852,1.0246296959754906,0.37327188940092165,25
2023-11-13,1,1,0.7318274766100183,1.0099851142247713,0.42857142857142855,25
2023-11-14,1,1,0.8206581432559168,1.09564139930249,0.15207373271889402,25
2023-11-15,0,1,1.051314083184571,1.08728093857252,0.16589861751152074,25
2023-11-16,0,1,1.0761913404529675,1.1020798326815715,0.14285714285714285,25
2023-11-17,0,1,0.9757244500222187,1.0761398233149595,0.2073732718894009,25
2023-11-18,0,1,0.940194569771074,0.9968284163284314,0.46543778801843316,25
2023-11-19,0,1,0.8987004950888953,1.080952900514115,0.18433179723502305,25
2023-11-20,0,1,1.089296800690815,1.0998867225729532,0.14746543778801843,25
2023-11-21,0,1,1.1345993778130965,1.078096835435461,0.19815668202764977,25
2023-11-22,0,1,1.0464304602981034,1.0160806948604353,0.4055299539170507,25
2023-11-23,0,1,1.1378360455267436,1.070798718829343,0.2304147465437788,25
2023-11-24,0,1,1.3841279965162,1.1504210043200624,0.05069124423963134,25
2023-11-25,0,1,1.2713157281439782,1.1040108325486135,0.12903225806451613,25
2023-11-26,0,1,1.4205242426211462,1.0752529918657387,0.21658986175115208,25
2023-11-27,0,1,1.3156964922071708,1.0467206892831953,0.2995391705069124,25
2023-11-28,0,1,1.3008009098853073,1.0471038702419857,0.2995391705069124,25
2023-11-29,0,1,1.2479916720289856,1.0678873479488205,0.2350230414746544,25
2023-11-30,0,1,1.184579900085264,1.0358935131883926,0.3271889400921659,25
2023-12-01,0,1,0.9217983024910515,0.9968871045686158,0.46543778801843316,25
2023-12-02,0,1,0.9872117622337688,1.0171509693754202,0.4055299539170507,25
2023-12-03,0,1,0.9761410830534396,0.9323521048403937,0.7695852534562212,25
2023-12-04,0,1,0.9081520857619844,0.904591862394558,0.8617511520737328,25
2023-12-05,0,1,0.9381732402892374,0.9169967690786395,0.8202764976958525,25
2023-12-06,0,1,0.9296518465586814,0.9542017626596921,0.6728110599078341,25
2023-12-07,1,1,0.8413685597788102,0.9755234116999846,0.5714285714285714,25
2023-12-08,0,1,0.991352633325197,0.9604521344866254,0.6405529953917051,25
2023-12-09,0,1,0.9411554944408358,0.9153758110009766,0.8202764976958525,25
2023-12-10,1,1,0.8389522108078011,0.9348012958177216,0.7557603686635944,25
2023-12-11,1,1,0.8071649857265369,0.9852581557877369,0.5391705069124424,25
2023-12-12,1,1,0.7572970023336949,0.964756326012226,0.6221198156682027,25
2023-12-13,1,1,0.6208795880453283,0.9747424223130843,0.5714285714285714,25
2023-12-14,1,1,0.7592057772002324,1.0576567029393051,0.271889400921659,25
2023-12-15,1,1,0.8328269225748938,1.010727758482714,0.423963133640553,25
2023-12-16,0,1,0.8590655807455964,0.9948768580362715,0.4930875576036866,25
2023-12-17,0,1,0.9377129218982944,1.0446231331684726,0.30414746543778803,25
2023-12-18,0,1,0.9642064200950122,1.0292985436135955,0.3456221198156682,25
2023-12-19,0,1,0.8985380992120569,1.0299758331587299,0.34101382488479265,25
2023-12-20,0,1,1.174221538340847,1.0738757661950813,0.22119815668202766,25
2023-12-21,0,1,1.219687141657661,1.0278138563321366,0.35023041474654376,25
2023-12-22,0,1,1.109109822460017,1.0098325525985503,0.42857142857142855,25
2023-12-23,0,1,1.1355025094767273,1.0267680883829875,0.3640552995391705,25
2023-12-24,0,1,1.067923542918951,1.1064112473330368,0.11981566820276497,25
2023-12-25,0,1,1.0641320258226272,1.1618154427213032,0.041474654377880185,25
2023-12-26,0,1,1.1724151428996483,1.1885466899861676,0.027649769585253458,25
2023-12-27,0,1,1.10656776396788,1.1185316459651662,0.10599078341013825,25
2023-12-28,0,1,1.0122393038967503,1.0931604056354947,0.15207373271889402,25
2023-12-29,0,1,1.1349625439131328,1.1264336430417967,0.09216589861751152,25
2023-12-30,0,1,1.107041700896765,1.081467616182992,0.17972350230414746,25
2023-12-31,0,1,1.0540714431461404,0.9992503444005344,0.45622119815668205,25
2024-01-08,0,2,0.9380252547156612,0.9195357358465972,0.7993527508090615,25
2024-01-09,0,2,0.8604976941696318,0.9153283154583415,0.8155339805825242,25
2024-01-10,0,2,0.8967950138147822,0.9531842521812205,0.6699029126213593,25
2024-01-11,1,2,0.81515703606474,0.901380089921907,0.86084142394822,25
2024-01-12,1,2,0.7697963725749237,0.9107337728835335,0.8220064724919094,25
2024-01-13,1,2,0.841357639507363,0.9645707762071274,0.627831715210356,25
2024-01-14,1,2,0.8237505800283649,0.9692800953483585,0.6051779935275081,25
2024-01-15,1,2,0.8143008517556474,0.9366847693425302,0.7411003236245954,25
2024-01-16,0,2,0.8574681818882544,0.9441571825709748,0.7119741100323624,25
2024-01-17,1,2,0.7587486496508539,0.9429341264364125,0.7184466019417476,25
2024-01-18,1,2,0.6693137152967722,0.9421260905414773,0.7184466019417476,25
2024-01-19,1,2,0.6699104276785826,1.0089518583457229,0.42394822006472493,25
2024-01-20,0,2,0.8772632858888515,1.0092588015459443,0.42394822006472493,25
2024-01-21,0,2,0.9892903383152972,1.1049734243238118,0.1423948220064725,25
2024-01-22,0,2,1.117405717166005,1.0558907544190295,0.2686084142394822,25
2024-01-23,0,2,1.1151266074232986,1.0265561741601226,0.36893203883495146,25
2024-01-24,0,2,1.075838623368072,1.130586245898415,0.10032362459546926,25
2024-01-25,0,2,1.2754491983991014,1.1742256081970281,0.05825242718446602,25
2024-01-26,0,2,1.423986158079574,1.16623058478445,0.06472491909385113,25
2024-01-27,0,2,1.2093563799502314,1.1027665528972082,0.1423948220064725,25
2024-01-28,0,2,1.0654453237147563,1.085030159457248,0.1779935275080906,25
2024-01-29,0,2,0.947841005507312,1.0731413463572004,0.22330097087378642,25
2024-01-30,1,2,0.8351685356731198,1.0957441468032907,0.15857605177993528,25
2024-01-31,0,2,0.9497929613869894,1.1740298445861794,0.05825242718446602,25
2024-02-01,0,2,0.917248696829258,1.0625521057500524,0.24919093851132687,25
2024-02-02,0,2,0.8851405980336539,1.0355895545919147,0.343042071197411,25
2024-02-03,0,2,0.982826709401738,1.0464205513450342,0.3042071197411003,25
2024-02-04,0,2,1.0025264392902944,0.9104611614578345,0.8220064724919094,25
2024-02-05,0,2,0.9483480269362228,0.9195024456097828,0.8025889967637541,25
2024-02-06,0,2,1.0972617113073977,0.9830704747439045,0.5307443365695793,25
2024-02-07,0,2,1.0891759604105706,0.9483650762607169,0.686084142394822,25
2024-02-08,0,2,1.096557459323093,0.9019089209013946,0.8543689320388349,25
2024-02-09,0,2,1.1167044003098343,0.8983888075380989,0.86084142394822,25
2024-02-10,0,2,1.0002853718765394,0.8497092523664911,0.9546925566343042,25
2024-02-11,0,2,1.0068662107279371,0.9080358799225746,0.8317152103559871,25
2024-02-12,0,2,1.068197683139049,0.9894279255923123,0.5210355987055016,25
2024-02-13,0,2,0.9193871015786248,0.9079947164855975,0.8317152103559871,25
2024-02-14,0,2,0.9666893508669268,0.9390220858459354,0.7216828478964401,25
2024-02-15,0,2,0.9701647067175788,0.9337239992135092,0.7475728155339806,25
2024-02-16,0,2,0.951505866659967,0.8908575792258305,0.8770226537216829,25
2024-02-17,0,2,0.9867051638475192,0.8975929697262811,0.86084142394822,25
2024-02-18,0,2,0.9427333113260588,0.9644112712403405,0.627831715210356,25
2024-02-19,0,2,0.978784236975376,0.998260965515006,0.48220064724919093,25
2024-02-20,0,2,1.2204788803729685,1.0253338105538523,0.37216828478964403,25
2024-02-21,0,2,1.2578634247818792,0.9993332099194302,0.47896440129449835,25
2024-02-22,0,2,1.4160461739581691,0.9661501966933551,0.6181229773462783,25
2024-02-23,0,2,1.4083895326125038,0.9409558614241,0.7216828478964401,25
2024-02-24,0,2,1.2889078774480094,1.055662772796417,0.27184466019417475,25
2024-02-25,0,2,1.408628586196815,1.120844020315301,0.11974110032362459,25
2024-02-26,0,2,1.5357853726649573,1.0988422055061617,0.15210355987055016,25
2024-02-27,0,2,1.4255036298830266,1.0692080715265966,0.23624595469255663,25
2024-02-28,0,2,1.3472740673438566,1.0239324167963204,0.37216828478964403,25
2024-02-29,0,2,1.0804552257818711,1.0636338919567594,0.2459546925566343,25
2024-03-01,0,2,1.0254354181414247,1.0069488743816566,0.44336569579288027,25
2024-03-02,0,2,1.1320172826735235,1.020762488416903,0.39158576051779936,25
2024-03-03,0,2,1.128319747911003,0.9420411103247818,0.7184466019417476,25
2024-03-04,0,2,0.9822802609177096,0.9016507093651452,0.8543689320388349,25
2024-03-05,0,2,0.9670810502033153,0.8833417825168733,0.8996763754045307,25
2024-03-06,0,2,0.946135861635669,0.9073417438023983,0.8349514563106796,25
2024-03-07,0,2,0.8708436819149774,0.918492242237191,0.8058252427184466,25
2024-03-08,0,2,0.8762602644369504,0.9422600547154796,0.7184466019417476,25
2024-03-09,1,2,0.8487925178810976,0.9423276220660095,0.7184466019417476,25
2024-03-10,1,2,0.7728795364314732,0.8763827491862711,0.912621359223301,25
2024-03-11,1,2,0.708461282966484,0.8828147088147167,0.8996763754045307,25
2024-03-12,1,2,0.6426398373180695,0.9105212509244404,0.8220064724919094,25
2024-03-13,1,2,0.571377925482258,0.8912262921984961,0.8737864077669902,25
2024-03-14,1,2,0.6901720416567598,0.92835653388645,0.7734627831715211,25
2024-03-15,1,2,0.7549641664287521,0.9602545324807832,0.6343042071197411,25
2024-03-16,1,2,0.836506042031234,0.943689136733717,0.7119741100323624,25
2024-03-17,0,2,0.9709646135075468,0.9972676396638018,0.4919093851132686,25
2024-03-18,0,2,0.9688339478220468,1.0378183282839317,0.3300970873786408,25
2024-03-19,0,2,0.9413149393033896,0.9851576148171909,0.5275080906148867,25
2024-03-20,0,2,1.0655612632569766,1.0279188582275232,0.36245954692556637,25
2024-03-21,0,2,1.133253625646406,1.0273577458529952,0.3656957928802589,25
2024-03-22,0,2,1.113040266895566,1.0016197659305355,0.4692556634304207,25
2024-03-23,0,2,1.036710651553232,0.9993603653494174,0.47896440129449835,25
2024-03-24,0,2,0.9228864380293004,1.1219383783861654,0.11650485436893204,25
2024-03-25,0,2,1.1500417141558186,1.1887313256180303,0.042071197411003236,25
2024-03-26,0,2,1.298740837351826,1.1685298529019172,0.06472491909385113,25
2024-03-27,0,2,1.2996211124527302,1.1717179142472132,0.05825242718446602,25
2024-03-28,0,2,1.323402650373225,1.1797858279766638,0.05501618122977346,25
2024-03-29,0,2,1.3339767416071382,1.104472111550058,0.1423948220064725,25
2024-03-30,0,2,1.273455247833983,1.1166150492956994,0.12944983818770225,25
2024-03-31,0,2,1.1543087116353845,1.0888380432963622,0.17475728155339806,25
2024-04-08,0,3,0.9013501692371486,0.8252466458974034,0.9625,25
2024-04-09,0,3,0.9504673829573714,0.823349308172552,0.9625,25
2024-04-10,1,3,0.8243382492106264,0.8149165641080595,0.97,25
2024-04-11,1,3,0.7834501466330951,0.8080263605043497,0.9725,25
2024-04-12,0,3,0.8698604395795992,0.8421163975409299,0.9425,25
2024-04-13,1,3,0.7597608507551356,0.8688983712607145,0.8975,25
2024-04-14,1,3,0.677212775397524,0.9013493953133904,0.8325,25
2024-04-15,1,3,0.6920359386686836,0.9072357969531183,0.825,25
2024-04-16,1,3,0.6104944247335421,0.9295590762919116,0.7675,25
2024-04-17,1,3,0.5682484576390117,0.9114646135741639,0.8125,25
2024-04-18,1,3,0.6743462566199577,0.9512758099842171,0.6775,25
2024-04-19,1,3,0.8021678182057587,0.9595233455938296,0.6575,25
2024-04-20,1,3,0.8338345092652095,0.9305211690785532,0.76,25
2024-04-21,0,3,0.9500977307262902,1.078438861967024,0.2375,25
2024-04-22,0,3,0.894020763122248,1.0770106610597938,0.2425,25
2024-04-23,0,3,0.991399742819852,1.1134323818040612,0.1575,25
2024-04-24,0,3,1.0878447526166517,1.1995142771536778,0.06,25
2024-04-25,0,3,1.1142222845209917,1.2180598393828532,0.0475,25
2024-04-26,0,3,1.007146643273655,1.2241105074139809,0.0475,25
2024-04-27,0,3,1.1844212349409298,1.1346635972070054,0.1225,25
2024-04-28,0,3,1.1006217153126756,1.1522804696605886,0.095,25
2024-04-29,0,3,1.2106187582063732,1.1901251575686647,0.0625,25
2024-04-30,0,3,1.176679988504357,1.1368898093350062,0.1175,25
2024-05-01,0,3,1.169712985396964,1.1163060830032918,0.15,25
2024-05-02,0,3,1.216461054387081,1.0826278967308094,0.225,25
2024-05-03,0,3,1.397113446052744,1.0407464332793264,0.345,25
2024-05-04,0,3,1.0699333394458723,1.0239044772121557,0.4125,25
2024-05-05,0,3,1.0152024835913225,0.9791882033704703,0.5675,25
2024-05-06,0,3,0.9666563960052584,0.9786611340163631,0.57,25
2024-05-07,0,3,1.0010999776265437,0.9829509688109415,0.555,25
2024-05-08,0,3,1.045751819874061,1.0081895319226946,0.465,25
2024-05-09,0,3,1.2333799656918272,0.9635122260353554,0.64,25
2024-05-10,0,3,1.0191571683896132,0.9625013368294418,0.65,25
2024-05-11,0,3,0.9714474788616788,1.0004440121932556,0.4975,25
2024-05-12,0,3,1.0535541973093132,0.9974095442144463,0.5125,25
2024-05-13,0,3,1.0240117177175188,0.989278431513813,0.5425,25
2024-05-14,0,3,1.125954466739724,0.9845042218568872,0.5475,25
2024-05-15,0,3,1.2327625220716356,0.9928278931099241,0.5225,25
2024-05-16,0,3,0.8955376067268118,0.930710637269314,0.76,25
2024-05-17,1,3,0.7913953040488042,0.9579399607545842,0.6575,25
2024-05-18,0,3,0.9055523499200772,0.9908121938477297,0.53,25
2024-05-19,0,3,1.0128479078315926,1.026324922520182,0.4,25
2024-05-20,0,3,1.2727679133110166,1.0122986085089436,0.4475,25
2024-05-21,0,3,1.1537031263145334,0.9758265261681887,0.5825,25
2024-05-22,0,3,1.046269531398886,0.9261942519213024,0.7775,25
2024-05-23,0,3,1.0562146124420275,0.9757938275504957,0.5825,25
2024-05-24,0,3,1.2380722690129595,1.094435535613589,0.195,25
2024-05-25,0,3,1.2213285629567612,1.1246805553547075,0.1325,25
2024-05-26,0,3,1.228174786340416,1.2466158673368308,0.0375,25
2024-05-27,0,3,1.0487811469475452,1.1458406719987584,0.0975,25
2024-05-28,0,3,0.9800365302910446,1.1477849107556615,0.095,25
2024-05-29,0,3,0.9766676001211076,1.1024940888170822,0.18,25
2024-05-30,0,3,1.0512578208843095,1.1881359560307514,0.0675,25
2024-05-31,0,3,0.9961927431314136,1.1998313173454007,0.06,25
2024-06-01,0,3,1.0782850177636043,1.1053117341672056,0.165,25
2024-06-02,0,3,0.9920610924462848,0.9462366679729565,0.695,25
2024-06-03,0,3,0.9346561396567484,0.9392007685163044,0.7175,25
2024-06-04,0,3,0.9732410768918764,0.9466068307387768,0.6925,25
2024-06-05,0,3,1.0072004413080666,0.944998370078985,0.6975,25
2024-06-06,0,3,0.9640593675152046,0.9230880933002742,0.7925,25
2024-06-07,0,3,1.1256372778569268,0.9399737848498549,0.7125,25
2024-06-08,0,3,1.1008109168047002,0.9163353063877053,0.8025,25
2024-06-09,0,3,0.989007483306001,0.9608474233201604,0.655,25
2024-06-10,0,3,0.9274834755604218,1.0092796158358244,0.46,25
2024-06-11,0,3,1.0227093286635367,1.0164910374013632,0.44,25
2024-06-12,0,3,0.8594831565656494,1.0096965496293147,0.46,25
2024-06-13,0,3,0.917704853697102,1.024571577331565,0.41,25
2024-06-14,1,3,0.6795921971656652,0.9706104538380045,0.6125,25
2024-06-15,1,3,0.6145184425791482,0.9724140539540241,0.6,25
2024-06-16,1,3,0.6919752734828566,0.8818725133314824,0.8625,25
2024-06-17,1,3,0.7297780106527604,0.8606414832606104,0.915,25
2024-06-18,1,3,0.6735497277838808,0.865301791295569,0.905,25
2024-06-19,1,3,0.7804324729432032,0.8898781615064453,0.855,25
2024-06-20,1,3,0.8217039182820827,0.883938459838674,0.86,25
2024-06-21,1,3,0.7884223086555656,0.8490916930600577,0.93,25
2024-06-22,0,3,0.9602602959616506,0.8553903601774842,0.925,25
2024-06-23,0,3,1.024427310962878,1.110851935133813,0.16,25
2024-06-24,0,3,1.195491628687297,1.152412491655874,0.095,25
2024-06-25,0,3,1.215906713930801,1.195275664897824,0.06,25
2024-06-26,0,3,1.2258309674396182,1.1416864190569924,0.105,25
2024-06-27,0,3,1.073965935073988,1.1294527526554161,0.1225,25
2024-06-28,0,3,1.2305126825999335,1.1775733183789716,0.075,25
2024-06-29,0,3,1.097148681317217,1.1987229812970486,0.06,25
2024-06-30,0,3,1.0619410379298095,1.1484526567653255,0.095,25
2024-07-08,0,4,1.116457631384267,0.9647199195933063,0.615071283095723,25
2024-07-09,0,4,1.0101891778297445,0.9516638166574177,0.6639511201629328,25
2024-07-10,0,4,1.0863941086454256,1.0075506632653086,0.45621181262729127,25
2024-07-11,0,4,0.9965360490189162,0.9449185015309092,0.6883910386965377,25
2024-07-12,0,4,0.9539304823475042,0.9711781905315587,0.5865580448065173,25
2024-07-13,0,4,0.950638118953398,0.9427924079245904,0.6883910386965377,25
2024-07-14,1,4,0.8397214790590249,0.8452184717946246,0.9185336048879837,25
2024-07-15,1,4,0.7334528107337351,0.8810159247729628,0.8716904276985743,25
2024-07-16,0,4,0.8883891721870719,0.8999796920395604,0.8187372708757638,25
2024-07-17,1,4,0.8437789187234767,0.9180154168656616,0.780040733197556,25
2024-07-18,1,4,0.8472455707817422,0.9310847670968655,0.7352342158859471,25
2024-07-19,0,4,0.910717151006186,0.9005437512911023,0.814663951120163,25
2024-07-20,0,4,0.925370339191337,0.9082621535535874,0.7983706720977597,25
2024-07-21,0,4,0.9397654980095967,1.0233962600296347,0.38085539714867617,25
2024-07-22,0,4,1.104105804698513,1.0618911684230186,0.25865580448065173,25
2024-07-23,0,4,1.121178664383199,1.071447389777295,0.23421588594704684,25
2024-07-24,0,4,1.2550419907953434,1.1660283753185328,0.0835030549898167,25
2024-07-25,0,4,1.3558074600098629,1.1692906465335564,0.0835030549898167,25
2024-07-26,0,4,1.2959917929379574,1.1015683524324087,0.17311608961303462,25
2024-07-27,0,4,1.2389659237927133,1.1553164442443857,0.09572301425661914,25
2024-07-28,0,4,1.4091135047749308,1.174218701976448,0.07535641547861507,25
2024-07-29,0,4,1.3050678458824962,1.1466741811762926,0.10183299389002037,25
2024-07-30,0,4,1.3048241644198404,1.1962530966266793,0.05091649694501019,25
2024-07-31,0,4,1.2597264680283011,1.1020258841273194,0.1710794297352342,25
2024-08-01,0,4,1.121700455984094,1.0533595799446618,0.2769857433808554,25
2024-08-02,0,4,1.0415576174661785,1.0295462760958685,0.35030549898167007,25
2024-08-03,0,4,1.0714138034837262,1.0550872340099378,0.2729124236252546,25
2024-08-04,0,4,0.9254800342702844,0.922191658254149,0.7657841140529531,25
2024-08-05,0,4,0.9988541841260816,0.9380929398891326,0.7107942973523421,25
2024-08-06,0,4,0.9756751014725488,0.925543609718747,0.7556008146639511,25
2024-08-07,0,4,0.950823057621353,0.9366269288689836,0.7169042769857433,25
2024-08-08,0,4,0.903694941501862,0.9281710875649446,0.7494908350305499,25
2024-08-09,0,4,0.9996673408605188,0.9725987288402203,0.5763747454175153,25
2024-08-10,0,4,1.0858174208180866,0.9332463294669674,0.7270875763747454,25
2024-08-11,0,4,1.044348391022553,0.977326972870806,0.5580448065173116,25
2024-08-12,0,4,0.932182289361824,0.9640106658307596,0.615071283095723,25
2024-08-13,0,4,0.9069610610786007,0.9448472202283084,0.6883910386965377,25
2024-08-14,1,4,0.8265701897589802,0.9566023727658839,0.6476578411405295,25
2024-08-15,0,4,0.9676451248182724,0.9970295864048302,0.5010183299389002,25
2024-08-16,0,4,0.9250031917066456,0.955579531180182,0.6496945010183299,25
2024-08-17,0,4,0.8864973567568095,0.9522156964091166,0.6639511201629328,25
2024-08-18,0,4,0.9752006344141928,0.8762217823909698,0.8818737270875764,25
2024-08-19,0,4,0.9430349725449813,0.8689554782856713,0.8839103869653768,25
2023-07-08,0,0,0.9241726794350844,0.8960575786142526,0.84,26
2023-07-09,0,0,0.9743232874576132,1.076722709289372,0.248,26
2023-07-10,0,0,0.9966145169869692,1.055288644494956,0.296,26
2023-07-11,0,0,0.9517191542034068,0.9989773746943368,0.464,26
2023-07-12,0,0,0.948542157152549,1.0121205093323526,0.424,26
2023-07-13,1,0,0.8136032158541315,1.000920239351381,0.456,26
2023-07-14,1,0,0.8379735483359313,1.0421264312653882,0.312,26
2023-07-15,0,0,0.8701002940440485,1.0414861955485823,0.312,26
2023-07-16,0,0,0.9114132510669704,1.0744474590587605,0.256,26
2023-07-17,0,0,0.8908737944136609,1.0575766648037142,0.296,26
2023-07-18,0,0,0.9255322693960212,1.042248058328051,0.312,26
2023-07-19,0,0,0.967263115722151,1.0021127892989843,0.456,26
2023-07-20,0,0,1.0407271001586968,1.0831077597509247,0.232,26
2023-07-21,0,0,1.0879196255666288,1.066491153201202,0.28,26
2023-07-22,0,0,1.0747706880007073,1.077805450509158,0.248,26
2023-07-23,0,0,1.082245562916266,1.054535173946419,0.296,26
2023-07-24,0,0,1.1801619598634046,1.1450219149866516,0.096,26
2023-07-25,0,0,1.1393366031481695,1.0608259814049483,0.28,26
2023-07-26,0,0,1.0470649557621556,1.0675041454434069,0.272,26
2023-07-27,0,0,1.0524089049987362,1.0705444690889674,0.264,26
2023-07-28,0,0,1.0961332324625743,1.1462694462537273,0.096,26
2023-07-29,0,0,1.1475046354373504,1.141352764040487,0.112,26
2023-07-30,0,0,1.1030104289707232,1.0661164833584464,0.28,26
2023-07-31,0,0,0.9802661574733532,1.0340776570068815,0.336,26
2023-08-01,0,0,0.9276591914865956,1.059170015206777,0.28,26
2023-08-02,0,0,0.9856192869568604,1.0783087257261346,0.248,26
2023-08-03,0,0,0.9849464199753928,1.0645536685647972,0.28,26
2023-08-04,0,0,1.0288017106784253,1.061634829173695,0.28,26
2023-08-05,0,0,1.0494101563413691,1.038705170169916,0.32,26
2023-08-06,0,0,0.925332606177236,0.9800808415469988,0.528,26
2023-08-07,0,0,1.0600347894644628,1.0622882020481832,0.28,26
2023-08-08,0,0,1.2032070808322328,1.10696675519609,0.208,26
2023-08-09,0,0,1.1361856872066751,1.0574794169183794,0.296,26
2023-08-10,0,0,1.2169384711338458,1.0387630173603033,0.32,26
2023-08-11,0,0,1.124374488467241,0.9895115322122406,0.504,26
2023-08-12,0,0,1.0302234899243532,0.984630351273046,0.52,26
2023-08-13,0,0,1.1364735275600777,1.1045968182447772,0.208,26
2023-08-14,0,0,1.0140690876726717,1.081801227998801,0.232,26
2023-08-15,0,0,0.9598834391613684,1.0090324947088876,0.432,26
2023-08-16,0,0,0.96344523411635,1.0845212170856617,0.232,26
2023-08-17,0,0,0.8619772162480696,1.0279004588092875,0.352,26
2023-08-18,1,0,0.84340585697894,1.0682616974694366,0.272,26
2023-08-19,0,0,0.9361598228925094,1.1218898045559598,0.168,26
2023-08-20,0,0,0.9812706645380184,0.9828001970562766,0.52,26
2023-08-21,0,0,0.9880650175388538,0.9839824320299374,0.52,26
2023-08-22,0,0,0.9501391402718308,0.9966466726867129,0.472,26
2023-08-23,0,0,1.0115737235821658,1.0101182055800404,0.424,26
2023-08-24,0,0,0.9999262702998436,1.0171754852210746,0.4,26
2023-08-25,0,0,1.24194058981351,1.041642746239814,0.312,26
2023-08-26,0,0,1.1524945548408054,1.0155742350237988,0.408,26
2023-08-27,0,0,1.0562711289247646,0.9361455933822539,0.696,26
2023-08-28,0,0,1.1258216617159271,0.9616946130686931,0.584,26
2023-08-29,0,0,1.127791985065815,1.0097190127220514,0.432,26
2023-08-30,0,0,1.0730811539867262,0.9681391232958692,0.552,26
2023-08-31,0,0,1.1374657637612942,0.9792022365809938,0.528,26
2023-09-01,0,0,0.9176351523297184,0.945453981088134,0.648,26
2023-09-02,0,0,0.9210003824336146,0.9614749389244548,0.584,26
2023-09-03,0,0,0.9421400380007852,0.9093238181958153,0.792,26
2023-09-04,0,0,0.9211686908188832,0.8587215530977883,0.896,26
2023-09-05,1,0,0.8469144869908538,0.9005774840723864,0.816,26
2023-09-06,1,0,0.8378144001188419,0.929691612665775,0.736,26
2023-09-07,1,0,0.8332308808794763,0.9162466958360121,0.768,26
2023-09-08,1,0,0.7903801903571291,0.8984794903567033,0.832,26
2023-09-09,0,0,0.9215862638123296,0.8809457894031283,0.872,26
2023-09-10,0,0,0.9192039742345504,1.0161112517739879,0.408,26
2023-09-11,0,0,0.8882584499143324,0.9865281681464506,0.52,26
2023-09-12,0,0,0.9893752333510308,1.0393974137142679,0.312,26
2023-09-13,0,0,1.0276905021746976,1.0627793487364994,0.28,26
2023-09-14,0,0,1.05764422804859,1.0172298049846065,0.4,26
2023-09-15,0,0,1.037244258278199,1.0235567103629355,0.376,26
2023-09-16,0,0,0.9111351623678404,0.9897713965917458,0.504,26
2023-09-17,0,0,0.9168705447222036,1.0275175686806859,0.352,26
2023-09-18,0,0,0.9480631642651184,1.018678301712653,0.4,26
2023-09-19,0,0,1.049584705904487,1.0312808909026057,0.336,26
2023-09-20,0,0,1.0582598221905524,0.9869182833940079,0.52,26
2023-09-21,0,0,1.0114472018825855,0.9965646800812281,0.472,26
2023-09-22,0,0,1.110871812182302,0.9940562654156044,0.488,26
2023-09-23,0,0,1.1541736168324266,1.0566844379438274,0.296,26
2023-09-24,0,0,1.1078020011333731,1.0624078542977808,0.28,26
2023-09-25,0,0,1.074645609849099,1.0312375592769163,0.336,26
2023-09-26,0,0,0.9539644229731924,1.0571717515143193,0.296,26
2023-09-27,0,0,1.045324049908362,1.0145870293754147,0.408,26
2023-09-28,0,0,1.058283583828204,1.0877390334614472,0.224,26
2023-09-29,0,0,0.9529449023805296,1.0690496483237628,0.272,26
2023-09-30,0,0,1.0335157970037918,1.074463248142571,0.256,26
2023-10-08,0,1,0.943214957935384,1.0081186885923317,0.45622119815668205,26
2023-10-09,0,1,0.8954605455623991,0.9694815728572502,0.5990783410138248,26
2023-10-10,0,1,0.8714609046846392,0.9646336853650374,0.6175115207373272,26
2023-10-11,0,1,0.8537394125385595,0.9984889618308206,0.4792626728110599,26
2023-10-12,0,1,0.9158302055623126,1.0334756244985026,0.34101382488479265,26
2023-10-13,1,1,0.8235183048240129,0.9860173105137335,0.543778801843318,26
2023-10-14,1,1,0.8417997244121631,1.0057930618038138,0.45622119815668205,26
2023-10-15,0,1,0.8686185654387014,0.9842005690408163,0.5529953917050692,26
2023-10-16,1,1,0.837630457855076,1.0243426767837616,0.3824884792626728,26
2023-10-17,1,1,0.7765728111191363,1.026647749831906,0.3778801843317972,26
2023-10-18,0,1,0.876315761424511,1.0358996348119132,0.3317972350230415,26
2023-10-19,0,1,0.8981339369635442,1.0179644834672226,0.41013824884792627,26
2023-10-20,0,1,1.0052067391820876,1.0174196244869438,0.4147465437788018,26
2023-10-21,0,1,1.0475645261799866,1.022311382784226,0.3870967741935484,26
2023-10-22,0,1,1.0349876751325695,1.0500734350378709,0.2764976958525346,26
2023-10-23,0,1,1.0648188658578015,1.0699839865140628,0.22580645161290322,26
2023-10-24,0,1,1.2288539084267107,1.1543294913749855,0.041474654377880185,26
2023-10-25,0,1,1.325022505621457,1.0917417888362966,0.15668202764976957,26
2023-10-26,0,1,1.3444469765965152,1.1087044862075548,0.1152073732718894,26
2023-10-27,0,1,1.24809949228092,1.0701041167363436,0.22580645161290322,26
2023-10-28,0,1,1.1197888843427084,1.0589350245122497,0.24423963133640553,26
2023-10-29,0,1,1.0278744636215793,1.043230403522591,0.30414746543778803,26
2023-10-30,0,1,1.092155254370859,1.0802301066865678,0.1889400921658986,26
2023-10-31,0,1,1.1015162289550902,1.0574547004104355,0.25806451612903225,26
2023-11-01,0,1,0.9616024375172428,0.9687210508113692,0.5990783410138248,26
2023-11-02,0,1,1.0211534524417607,0.9905456774560178,0.5207373271889401,26
2023-11-03,0,1,1.0185200315853409,1.004821613275703,0.45622119815668205,26
2023-11-04,0,1,0.9938521706160228,1.0261947168565004,0.3778801843317972,26
2023-11-05,0,1,1.0661778939631648,0.9916012201204631,0.5207373271889401,26
2023-11-06,0,1,1.1620310134405805,0.9581782707981823,0.6451612903225806,26
2023-11-07,0,1,0.980518173100777,0.9371465947282471,0.7373271889400922,26
2023-11-08,0,1,0.9051698390223948,0.9595546404890243,0.6359447004608295,26
2023-11-09,1,1,0.7489778501170876,0.9225229903250721,0.8018433179723502,26
2023-11-10,1,1,0.7527771910343829,0.9326693603444915,0.7695852534562212,26
2023-11-11,0,1,0.9667089341078078,0.9898697670594467,0.5253456221198156,26
2023-11-12,0,1,0.9442364852029852,1.0218736021333579,0.3870967741935484,26
2023-11-13,1,1,0.7318274766100183,0.9906770545212076,0.5207373271889401,26
2023-11-14,1,1,0.8206581432559168,1.0632604103305168,0.2304147465437788,26
2023-11-15,0,1,1.051314083184571,1.1028541814031618,0.1336405529953917,26
2023-11-16,0,1,1.0761913404529675,1.0947233251733464,0.15668202764976957,26
2023-11-17,0,1,0.9757244500222187,1.0460433286130892,0.29493087557603687,26
2023-11-18,0,1,0.940194569771074,1.016871968422568,0.4147465437788018,26
2023-11-19,0,1,0.8987004950888953,1.0583972600509233,0.2488479262672811,26
2023-11-20,0,1,1.089296800690815,1.1037410747904244,0.12903225806451613,26
2023-11-21,0,1,1.1345993778130965,1.088121325330297,0.16589861751152074,26
2023-11-22,0,1,1.0464304602981034,1.0424548036536525,0.30414746543778803,26
2023-11-23,0,1,1.1378360455267436,1.070470431810996,0.22580645161290322,26
2023-11-24,0,1,1.3841279965162,1.155509874908395,0.041474654377880185,26
2023-11-25,0,1,1.2713157281439782,1.0770423659674964,0.20276497695852536,26
2023-11-26,0,1,1.4205242426211462,1.04959261313044,0.28110599078341014,26
2023-11-27,0,1,1.3156964922071708,1.0511045347830932,0.2764976958525346,26
2023-11-28,0,1,1.3008009098853073,1.0172734684507858,0.4147465437788018,26
2023-11-29,0,1,1.2479916720289856,1.0471763160993839,0.2903225806451613,26
2023-11-30,0,1,1.184579900085264,1.0170747638218378,0.4147465437788018,26
2023-12-01,0,1,0.9217983024910515,0.9955916012014819,0.4976958525345622,26
2023-12-02,0,1,0.9872117622337688,0.9837562628835159,0.5529953917050692,26
2023-12-03,0,1,0.9761410830534396,0.940109945308366,0.728110599078341,26
2023-12-04,0,1,0.9081520857619844,0.9104559360563436,0.8387096774193549,26
2023-12-05,0,1,0.9381732402892374,0.9332286419698443,0.7649769585253456,26
2023-12-06,0,1,0.9296518465586814,0.926021277435377,0.7926267281105991,26
2023-12-07,1,1,0.8413685597788102,0.946701001253559,0.7050691244239631,26
2023-12-08,0,1,0.991352633325197,0.9414751542617552,0.728110599078341,26
2023-12-09,0,1,0.9411554944408358,0.9168792102425118,0.815668202764977,26
2023-12-10,1,1,0.8389522108078011,0.9122147376278904,0.8341013824884793,26
2023-12-11,1,1,0.8071649857265369,0.9528813661970752,0.663594470046083,26
2023-12-12,1,1,0.7572970023336949,0.9397800605702753,0.728110599078341,26
2023-12-13,1,1,0.6208795880453283,0.9453635227397493,0.7188940092165899,26
2023-12-14,1,1,0.7592057772002324,0.9909374306165526,0.5207373271889401,26
2023-12-15,1,1,0.8328269225748938,1.0177840723856102,0.4147465437788018,26
2023-12-16,0,1,0.8590655807455964,1.004634401784677,0.45622119815668205,26
2023-12-17,0,1,0.9377129218982944,1.0488273877442666,0.28110599078341014,26
2023-12-18,0,1,0.9642064200950122,1.0669087994492654,0.22580645161290322,26
2023-12-19,0,1,0.8985380992120569,1.0426379439281144,0.30414746543778803,26
2023-12-20,0,1,1.174221538340847,1.0874429099445395,0.16589861751152074,26
2023-12-21,0,1,1.219687141657661,1.0509870840868645,0.2764976958525346,26
2023-12-22,0,1,1.109109822460017,1.0117862351328935,0.42857142857142855,26
2023-12-23,0,1,1.1355025094767273,1.0421527902251815,0.30414746543778803,26
2023-12-24,0,1,1.067923542918951,1.1071868212632001,0.11981566820276497,26
2023-12-25,0,1,1.0641320258226272,1.1335937447204023,0.06451612903225806,26
2023-12-26,0,1,1.1724151428996483,1.1620827070330448,0.041474654377880185,26
2023-12-27,0,1,1.10656776396788,1.1442269503434916,0.05069124423963134,26
2023-12-28,0,1,1.0122393038967503,1.084180421677814,0.17050691244239632,26
2023-12-29,0,1,1.1349625439131328,1.1000725732082253,0.1382488479262673,26
2023-12-30,0,1,1.107041700896765,1.0846908687645362,0.17050691244239632,26
2023-12-31,0,1,1.0540714431461404,1.0028652729909129,0.45622119815668205,26
2024-01-08,0,2,0.9380252547156612,0.9389599061014282,0.7346278317152104,26
2024-01-09,0,2,0.8604976941696318,0.9115752379187411,0.8220064724919094,26
2024-01-10,0,2,0.8967950138147822,0.9504736491476716,0.6796116504854369,26
2024-01-11,1,2,0.81515703606474,0.9135035525375961,0.8220064724919094,26
2024-01-12,1,2,0.7697963725749237,0.8986884367169229,0.8640776699029126,26
2024-01-13,1,2,0.841357639507363,0.966273588906279,0.6084142394822006,26
2024-01-14,1,2,0.8237505800283649,0.9595248556164273,0.6375404530744336,26
2024-01-15,1,2,0.8143008517556474,0.9484763696175809,0.6893203883495146,26
2024-01-16,0,2,0.8574681818882544,0.9715133461617865,0.5889967637540453,26
2024-01-17,1,2,0.7587486496508539,0.95246790464506,0.6699029126213593,26
2024-01-18,1,2,0.6693137152967722,0.9391529343739723,0.7346278317152104,26
2024-01-19,1,2,0.6699104276785826,0.9726400508624127,0.5825242718446602,26
2024-01-20,0,2,0.8772632858888515,1.0037076161462024,0.4627831715210356,26
2024-01-21,0,2,0.9892903383152972,1.085028692260402,0.18122977346278318,26
2024-01-22,0,2,1.117405717166005,1.0464277147220133,0.2912621359223301,26
2024-01-23,0,2,1.1151266074232986,1.0235187003952733,0.37540453074433655,26
2024-01-24,0,2,1.075838623368072,1.1075748366106237,0.12944983818770225,26
2024-01-25,0,2,1.2754491983991014,1.165074907035893,0.06472491909385113,26
2024-01-26,0,2,1.423986158079574,1.1650154208331274,0.06472491909385113,26
2024-01-27,0,2,1.2093563799502314,1.1097678125402748,0.12944983818770225,26
2024-01-28,0,2,1.0654453237147563,1.0914631175463594,0.16181229773462782,26
2024-01-29,0,2,0.947841005507312,1.0923459424184636,0.16181229773462782,26
2024-01-30,1,2,0.8351685356731198,1.0954857588491924,0.16181229773462782,26
2024-01-31,0,2,0.9497929613869894,1.1899112286510323,0.038834951456310676,26
2024-02-01,0,2,0.917248696829258,1.0708906635034487,0.2168284789644013,26
2024-02-02,0,2,0.8851405980336539,1.0375938885401432,0.3268608414239482,26
2024-02-03,0,2,0.982826709401738,1.0487783741534342,0.284789644012945,26
2024-02-04,0,2,1.0025264392902944,0.8944652946528318,0.8737864077669902,26
2024-02-05,0,2,0.9483480269362228,0.9168580496475331,0.8122977346278317,26
2024-02-06,0,2,1.0972617113073977,0.9663078966274292,0.6084142394822006,26
2024-02-07,0,2,1.0891759604105706,0.9307363469443037,0.7702265372168284,26
2024-02-08,0,2,1.096557459323093,0.876902577577482,0.9061488673139159,26
2024-02-09,0,2,1.1167044003098343,0.8910673626220669,0.883495145631068,26
2024-02-10,0,2,1.0002853718765394,0.8671112007178832,0.912621359223301,26
2024-02-11,0,2,1.0068662107279371,0.9152496519409502,0.8155339805825242,26
2024-02-12,0,2,1.068197683139049,0.9834608656046718,0.5436893203883495,26
2024-02-13,0,2,0.9193871015786248,0.9121308869652054,0.8220064724919094,26
2024-02-14,0,2,0.9666893508669268,0.9520323291134485,0.6763754045307443,26
2024-02-15,0,2,0.9701647067175788,0.9455048055194335,0.7087378640776699,26
2024-02-16,0,2,0.951505866659967,0.9073170987895417,0.8446601941747572,26
2024-02-17,0,2,0.9867051638475192,0.9163305152139126,0.8155339805825242,26
2024-02-18,0,2,0.9427333113260588,0.9828645799194481,0.5469255663430421,26
2024-02-19,0,2,0.978784236975376,0.9787494725460367,0.5566343042071198,26
2024-02-20,0,2,1.2204788803729685,1.0225316222878418,0.3786407766990291,26
2024-02-21,0,2,1.2578634247818792,0.9974973753414541,0.48220064724919093,26
2024-02-22,0,2,1.4160461739581691,0.9758927132550553,0.5663430420711975,26
2024-02-23,0,2,1.4083895326125038,0.9684467657203699,0.598705501618123,26
2024-02-24,0,2,1.2889078774480094,1.036453908658715,0.3300970873786408,26
2024-02-25,0,2,1.408628586196815,1.1240507710061234,0.11003236245954692,26
2024-02-26,0,2,1.5357853726649573,1.1226445521665798,0.11003236245954692,26
2024-02-27,0,2,1.4255036298830266,1.0733421650868065,0.21035598705501618,26
2024-02-28,0,2,1.3472740673438566,1.0270237141405754,0.3592233009708738,26
2024-02-29,0,2,1.0804552257818711,1.090561455296288,0.1650485436893204,26
2024-03-01,0,2,1.0254354181414247,1.0056499332162945,0.45307443365695793,26
2024-03-02,0,2,1.1320172826735235,1.056474681057085,0.255663430420712,26
2024-03-03,0,2,1.128319747911003,0.9433673934463433,0.7087378640776699,26
2024-03-04,0,2,0.9822802609177096,0.9228403588138887,0.7896440129449838,26
2024-03-05,0,2,0.9670810502033153,0.8975285072691525,0.8640776699029126,26
2024-03-06,0,2,0.946135861635669,0.9268128361053651,0.7766990291262136,26
2024-03-07,0,2,0.8708436819149774,0.9226748096543774,0.7896440129449838,26
2024-03-08,0,2,0.8762602644369504,0.9278711561287548,0.7734627831715211,26
2024-03-09,1,2,0.8487925178810976,0.9198150057626422,0.7993527508090615,26
2024-03-10,1,2,0.7728795364314732,0.8722397534919027,0.9093851132686084,26
2024-03-11,1,2,0.708461282966484,0.8691412858855282,0.912621359223301,26
2024-03-12,1,2,0.6426398373180695,0.899182417416986,0.8640776699029126,26
2024-03-13,1,2,0.571377925482258,0.8925034642973384,0.8802588996763754,26
2024-03-14,1,2,0.6901720416567598,0.9418767894662049,0.7184466019417476,26
2024-03-15,1,2,0.7549641664287521,0.9546416459839968,0.656957928802589,26
2024-03-16,1,2,0.836506042031234,0.9582840893480868,0.6440129449838188,26
2024-03-17,0,2,0.9709646135075468,1.0040227058173967,0.459546925566343,26
2024-03-18,0,2,0.9688339478220468,1.0493631463975472,0.2815533980582524,26
2024-03-19,0,2,0.9413149393033896,1.019360398504883,0.39158576051779936,26
2024-03-20,0,2,1.0655612632569766,1.0343213453263225,0.3365695792880259,26
2024-03-21,0,2,1.133253625646406,1.034748919973825,0.3365695792880259,26
2024-03-22,0,2,1.113040266895566,0.982016132990807,0.5469255663430421,26
2024-03-23,0,2,1.036710651553232,0.9762199981879814,0.5663430420711975,26
2024-03-24,0,2,0.9228864380293004,1.1167040487432787,0.12297734627831715,26
2024-03-25,0,2,1.1500417141558186,1.1853150128330148,0.04854368932038835,26
2024-03-26,0,2,1.298740837351826,1.1893350019838986,0.038834951456310676,26
2024-03-27,0,2,1.2996211124527302,1.1853445864507346,0.04854368932038835,26
2024-03-28,0,2,1.323402650373225,1.1855088116782955,0.04854368932038835,26
2024-03-29,0,2,1.3339767416071382,1.1096768730622784,0.12944983818770225,26
2024-03-30,0,2,1.273455247833983,1.1229950211619524,0.11003236245954692,26
2024-03-31,0,2,1.1543087116353845,1.0992297881038686,0.15857605177993528,26
2024-04-08,0,3,0.9013501692371486,0.8478383273350691,0.93,26
2024-04-09,0,3,0.9504673829573714,0.8515429795612646,0.92,26
2024-04-10,1,3,0.8243382492106264,0.8411106642322599,0.945,26
2024-04-11,1,3,0.7834501466330951,0.8380205598712883,0.95,26
2024-04-12,0,3,0.8698604395795992,0.8641509523326302,0.9125,26
2024-04-13,1,3,0.7597608507551356,0.8896773002207248,0.8525,26
2024-04-14,1,3,0.677212775397524,0.9086499536347271,0.8225,26
2024-04-15,1,3,0.6920359386686836,0.9036225883353982,0.84,26
2024-04-16,1,3,0.6104944247335421,0.9406631489044743,0.725,26
2024-04-17,1,3,0.5682484576390117,0.9032351920232407,0.84,26
2024-04-18,1,3,0.6743462566199577,0.9758394960014706,0.5825,26
2024-04-19,1,3,0.8021678182057587,0.9840586500502994,0.555,26
2024-04-20,1,3,0.8338345092652095,0.9365971188804334,0.7425,26
2024-04-21,0,3,0.9500977307262902,1.1203193292418825,0.13,26
2024-04-22,0,3,0.894020763122248,1.0910129434307279,0.2025,26
2024-04-23,0,3,0.991399742819852,1.1174819892647234,0.145,26
2024-04-24,0,3,1.0878447526166517,1.2322569389156797,0.0375,26
2024-04-25,0,3,1.1142222845209917,1.2159800693453724,0.0475,26
2024-04-26,0,3,1.007146643273655,1.2139756767901462,0.0475,26
2024-04-27,0,3,1.1844212349409298,1.1452675084895199,0.1,26
2024-04-28,0,3,1.1006217153126756,1.1394594280361066,0.11,26
2024-04-29,0,3,1.2106187582063732,1.2018723827668463,0.055,26
2024-04-30,0,3,1.176679988504357,1.164726055044317,0.0875,26
2024-05-01,0,3,1.169712985396964,1.0969691781646358,0.1925,26
2024-05-02,0,3,1.216461054387081,1.0911977345737525,0.2025,26
2024-05-03,0,3,1.397113446052744,1.0459236167310737,0.3125,26
2024-05-04,0,3,1.0699333394458723,1.0727634289999017,0.24,26
2024-05-05,0,3,1.0152024835913225,0.9740459634993893,0.5925,26
2024-05-06,0,3,0.9666563960052584,0.9806425087209162,0.5675,26
2024-05-07,0,3,1.0010999776265437,0.9932112450826502,0.525,26
2024-05-08,0,3,1.045751819874061,1.0092965926399344,0.465,26
2024-05-09,0,3,1.2333799656918272,0.984098647509897,0.555,26
2024-05-10,0,3,1.0191571683896132,0.9703855647907232,0.6,26
2024-05-11,0,3,0.9714474788616788,0.9940033044954563,0.52,26
2024-05-12,0,3,1.0535541973093132,1.0160512650209343,0.445,26
2024-05-13,0,3,1.0240117177175188,1.0232176414805652,0.4025,26
2024-05-14,0,3,1.125954466739724,0.9878570145679637,0.54,26
2024-05-15,0,3,1.2327625220716356,0.9778804434168371,0.575,26
2024-05-16,0,3,0.8955376067268118,0.944632321094645,0.71,26
2024-05-17,1,3,0.7913953040488042,0.9658352070940446,0.625,26
2024-05-18,0,3,0.9055523499200772,1.0148632509880446,0.445,26
2024-05-19,0,3,1.0128479078315926,1.0427889561046404,0.3225,26
2024-05-20,0,3,1.2727679133110166,1.0377318100530846,0.34,26
2024-05-21,0,3,1.1537031263145334,0.9842502721318542,0.5525,26
2024-05-22,0,3,1.046269531398886,0.9690586700294618,0.6,26
2024-05-23,0,3,1.0562146124420275,0.9786993145884906,0.5725,26
2024-05-24,0,3,1.2380722690129595,1.1290766852949015,0.125,26
2024-05-25,0,3,1.2213285629567612,1.1482506118056441,0.0975,26
2024-05-26,0,3,1.228174786340416,1.183973420331628,0.0675,26
2024-05-27,0,3,1.0487811469475452,1.1559639721380477,0.0925,26
2024-05-28,0,3,0.9800365302910446,1.1264577730914884,0.125,26
2024-05-29,0,3,0.9766676001211076,1.117655193162387,0.145,26
2024-05-30,0,3,1.0512578208843095,1.1677330161269799,0.085,26
2024-05-31,0,3,0.9961927431314136,1.2165483503947263,0.0475,26
2024-06-01,0,3,1.0782850177636043,1.1156317698366849,0.155,26
2024-06-02,0,3,0.9920610924462848,0.9586356529006951,0.6575,26
2024-06-03,0,3,0.9346561396567484,0.9387328874211598,0.73,26
2024-06-04,0,3,0.9732410768918764,0.9524688257158285,0.68,26
2024-06-05,0,3,1.0072004413080666,0.9765166826395806,0.5825,26
2024-06-06,0,3,0.9640593675152046,0.9426977560967167,0.715,26
2024-06-07,0,3,1.1256372778569268,0.9327984410608728,0.755,26
2024-06-08,0,3,1.1008109168047002,0.9275106223237092,0.775,26
2024-06-09,0,3,0.989007483306001,0.9699668690995331,0.6,26
2024-06-10,0,3,0.9274834755604218,1.0097288412228043,0.4625,26
2024-06-11,0,3,1.0227093286635367,1.0169680962313932,0.435,26
2024-06-12,0,3,0.8594831565656494,1.0102689820324549,0.46,26
2024-06-13,0,3,0.917704853697102,1.0256639092756727,0.395,26
2024-06-14,1,3,0.6795921971656652,0.9716202387616378,0.5975,26
2024-06-15,1,3,0.6145184425791482,0.9598925761737954,0.655,26
2024-06-16,1,3,0.6919752734828566,0.868997970467717,0.8975,26
2024-06-17,1,3,0.7297780106527604,0.8679985897086737,0.9025,26
2024-06-18,1,3,0.6735497277838808,0.8729813891987969,0.8875,26
2024-06-19,1,3,0.7804324729432032,0.8569567839148331,0.9175,26
2024-06-20,1,3,0.8217039182820827,0.8660697841803335,0.905,26
2024-06-21,1,3,0.7884223086555656,0.8459778036988603,0.935,26
2024-06-22,0,3,0.9602602959616506,0.861393008322239,0.9125,26
2024-06-23,0,3,1.024427310962878,1.126629742417275,0.125,26
2024-06-24,0,3,1.195491628687297,1.209372151062172,0.05,26
2024-06-25,0,3,1.215906713930801,1.1841237915218803,0.0675,26
2024-06-26,0,3,1.2258309674396182,1.1610354570461912,0.09,26
2024-06-27,0,3,1.073965935073988,1.120173956175328,0.13,26
2024-06-28,0,3,1.2305126825999335,1.207590694899919,0.05,26
2024-06-29,0,3,1.097148681317217,1.2319714704327862,0.0375,26
2024-06-30,0,3,1.0619410379298095,1.1263960996916018,0.125,26
2024-07-08,0,4,1.116457631384267,0.9717055837962963,0.5926680244399185,26
2024-07-09,0,4,1.0101891778297445,0.9324820897082029,0.745417515274949,26
2024-07-10,0,4,1.0863941086454256,1.0090663110033402,0.45213849287169044,26
2024-07-11,0,4,0.9965360490189162,0.965740087581558,0.604887983706721,26
2024-07-12,0,4,0.9539304823475042,0.9983863571181402,0.4969450101832994,26
2024-07-13,0,4,0.950638118953398,0.9405667395091252,0.7006109979633401,26
2024-07-14,1,4,0.8397214790590249,0.8877422545237071,0.8492871690427699,26
2024-07-15,1,4,0.7334528107337351,0.8869002614122236,0.8533604887983707,26
2024-07-16,0,4,0.8883891721870719,0.9187292078519949,0.7820773930753564,26
2024-07-17,1,4,0.8437789187234767,0.9422494023562534,0.6965376782077393,26
2024-07-18,1,4,0.8472455707817422,0.9275005363006013,0.7596741344195519,26
2024-07-19,0,4,0.910717151006186,0.8907275896318889,0.8370672097759674,26
2024-07-20,0,4,0.925370339191337,0.9113879223554124,0.8024439918533605,26
2024-07-21,0,4,0.9397654980095967,1.0440715393777764,0.3319755600814664,26
2024-07-22,0,4,1.104105804698513,1.0841475800556781,0.21181262729124237,26
2024-07-23,0,4,1.121178664383199,1.0813372887809873,0.2158859470468432,26
2024-07-24,0,4,1.2550419907953434,1.1852681203252011,0.06517311608961303,26
2024-07-25,0,4,1.3558074600098629,1.170546389928417,0.07942973523421588,26
2024-07-26,0,4,1.2959917929379574,1.1103961522673182,0.16089613034623218,26
2024-07-27,0,4,1.2389659237927133,1.146199313975964,0.10386965376782077,26
2024-07-28,0,4,1.4091135047749308,1.145281405684906,0.10386965376782077,26
2024-07-29,0,4,1.3050678458824962,1.1288539795054318,0.12423625254582485,26
2024-07-30,0,4,1.3048241644198404,1.1771488689079344,0.06924643584521385,26
2024-07-31,0,4,1.2597264680283011,1.1144219630783871,0.15274949083503056,26
2024-08-01,0,4,1.121700455984094,1.036151779202391,0.35030549898167007,26
2024-08-02,0,4,1.0415576174661785,1.0278526477392345,0.37067209775967414,26
2024-08-03,0,4,1.0714138034837262,1.0360454997516033,0.35234215885947046,26
2024-08-04,0,4,0.9254800342702844,0.9415766536901959,0.6985743380855397,26
2024-08-05,0,4,0.9988541841260816,0.933122294522212,0.7433808553971487,26
2024-08-06,0,4,0.9756751014725488,0.949267814388046,0.6782077393075356,26
2024-08-07,0,4,0.950823057621353,0.9387940614228838,0.7128309572301426,26
2024-08-08,0,4,0.903694941501862,0.9443720416156626,0.6945010183299389,26
2024-08-09,0,4,0.9996673408605188,0.9585769612325071,0.639511201629328,26
2024-08-10,0,4,1.0858174208180866,0.9334524003149343,0.7393075356415478,26
2024-08-11,0,4,1.044348391022553,0.9918848478162422,0.5132382892057027,26
2024-08-12,0,4,0.932182289361824,0.9818227597541438,0.5498981670061099,26
2024-08-13,0,4,0.9069610610786007,0.9681237231675973,0.5987780040733197,26
2024-08-14,1,4,0.8265701897589802,0.9822317642983389,0.5478615071283096,26
2024-08-15,0,4,0.9676451248182724,1.0162105179371352,0.4175152749490835,26
2024-08-16,0,4,0.9250031917066456,0.9842343986988523,0.539714867617108,26
2024-08-17,0,4,0.8864973567568095,0.981783139431324,0.5498981670061099,26
2024-08-18,0,4,0.9752006344141928,0.848312771796144,0.9103869653767821,26
2024-08-19,0,4,0.9430349725449813,0.864347843390036,0.8859470468431772,26
2023-07-08,0,0,0.9241726794350844,0.8898541816799921,0.848,27
2023-07-09,0,0,0.9743232874576132,1.0512830235117965,0.304,27
2023-07-10,0,0,0.9966145169869692,1.0441668589328013,0.304,27
2023-07-11,0,0,0.9517191542034068,0.9977939988574357,0.472,27
2023-07-12,0,0,0.948542157152549,0.9886440264586732,0.504,27
2023-07-13,1,0,0.8136032158541315,1.013028244493474,0.408,27
2023-07-14,1,0,0.8379735483359313,1.0282389464614428,0.344,27
2023-07-15,0,0,0.8701002940440485,1.0223117114300742,0.376,27
2023-07-16,0,0,0.9114132510669704,1.0939965515578403,0.216,27
2023-07-17,0,0,0.8908737944136609,1.0443212158486854,0.304,27
2023-07-18,0,0,0.9255322693960212,1.0111843368597944,0.408,27
2023-07-19,0,0,0.967263115722151,0.9969005725079203,0.472,27
2023-07-20,0,0,1.0407271001586968,1.062106825498071,0.28,27
2023-07-21,0,0,1.0879196255666288,1.0481475042785735,0.304,27
2023-07-22,0,0,1.0747706880007073,1.056863192938756,0.296,27
2023-07-23,0,0,1.082245562916266,1.0344804197572086,0.328,27
2023-07-24,0,0,1.1801619598634046,1.1462229403005246,0.096,27
2023-07-25,0,0,1.1393366031481695,1.070847531959015,0.256,27
2023-07-26,0,0,1.0470649557621556,1.0560803545040334,0.296,27
2023-07-27,0,0,1.0524089049987362,1.089144848253877,0.224,27
2023-07-28,0,0,1.0961332324625743,1.1254480906725135,0.152,27
2023-07-29,0,0,1.1475046354373504,1.1244598135052768,0.152,27
2023-07-30,0,0,1.1030104289707232,1.0610956415392614,0.28,27
2023-07-31,0,0,0.9802661574733532,1.0281635752661373,0.344,27
2023-08-01,0,0,0.9276591914865956,1.0476508826458597,0.304,27
2023-08-02,0,0,0.9856192869568604,1.0798761392060536,0.24,27
2023-08-03,0,0,0.9849464199753928,1.0451595697661233,0.304,27
2023-08-04,0,0,1.0288017106784253,1.0580672882275173,0.296,27
2023-08-05,0,0,1.0494101563413691,1.0296656655676328,0.336,27
2023-08-06,0,0,0.925332606177236,0.9849994620161544,0.512,27
2023-08-07,0,0,1.0600347894644628,1.0295078026075402,0.344,27
2023-08-08,0,0,1.2032070808322328,1.0809648492833623,0.232,27
2023-08-09,0,0,1.1361856872066751,1.051302744000843,0.304,27
2023-08-10,0,0,1.2169384711338458,1.0314787555771523,0.336,27
2023-08-11,0,0,1.124374488467241,0.9856531386936019,0.512,27
2023-08-12,0,0,1.0302234899243532,0.9887973652064066,0.504,27
2023-08-13,0,0,1.1364735275600777,1.0934157587548186,0.216,27
2023-08-14,0,0,1.0140690876726717,1.0686714659798335,0.264,27
2023-08-15,0,0,0.9598834391613684,1.0161987635041165,0.4,27
2023-08-16,0,0,0.96344523411635,1.0737276673722462,0.256,27
2023-08-17,0,0,0.8619772162480696,1.0294066244713675,0.344,27
2023-08-18,1,0,0.84340585697894,1.0416479855550098,0.312,27
2023-08-19,0,0,0.9361598228925094,1.1107643178744524,0.184,27
2023-08-20,0,0,0.9812706645380184,0.9825593303790142,0.512,27
2023-08-21,0,0,0.9880650175388538,0.9476350156715689,0.64,27
2023-08-22,0,0,0.9501391402718308,0.9938916681425526,0.48,27
2023-08-23,0,0,1.0115737235821658,0.9978247505993595,0.472,27
2023-08-24,0,0,0.9999262702998436,1.0245423914766463,0.368,27
2023-08-25,0,0,1.24194058981351,1.0100959511774068,0.416,27
2023-08-26,0,0,1.1524945548408054,0.9970014716820811,0.472,27
2023-08-27,0,0,1.0562711289247646,0.9391362567970003,0.68,27
2023-08-28,0,0,1.1258216617159271,0.9571153148466045,0.592,27
2023-08-29,0,0,1.127791985065815,0.9859810650951736,0.512,27
2023-08-30,0,0,1.0730811539867262,0.9630757889324629,0.568,27
2023-08-31,0,0,1.1374657637612942,0.9811870329683127,0.512,27
2023-09-01,0,0,0.9176351523297184,0.930960149856983,0.72,27
2023-09-02,0,0,0.9210003824336146,0.9791071176715744,0.52,27
2023-09-03,0,0,0.9421400380007852,0.9007485003482435,0.816,27
2023-09-04,0,0,0.9211686908188832,0.8570797895317649,0.896,27
2023-09-05,1,0,0.8469144869908538,0.909376162507856,0.792,27
2023-09-06,1,0,0.8378144001188419,0.9266280163371011,0.728,27
2023-09-07,1,0,0.8332308808794763,0.8964635828271849,0.824,27
2023-09-08,1,0,0.7903801903571291,0.8835680933159361,0.848,27
2023-09-09,0,0,0.9215862638123296,0.8706231908844184,0.888,27
2023-09-10,0,0,0.9192039742345504,0.9958380025677209,0.472,27
2023-09-11,0,0,0.8882584499143324,0.9956098958006997,0.472,27
2023-09-12,0,0,0.9893752333510308,1.0476209957528735,0.304,27
2023-09-13,0,0,1.0276905021746976,1.0303924776775901,0.336,27
2023-09-14,0,0,1.05764422804859,1.0096188495726395,0.416,27
2023-09-15,0,0,1.037244258278199,0.9966120370258809,0.472,27
2023-09-16,0,0,0.9111351623678404,0.992038443499779,0.488,27
2023-09-17,0,0,0.9168705447222036,1.031729764377574,0.336,27
2023-09-18,0,0,0.9480631642651184,1.0261341524902232,0.368,27
2023-09-19,0,0,1.049584705904487,1.0322094933064456,0.336,27
2023-09-20,0,0,1.0582598221905524,0.9952505618616557,0.48,27
2023-09-21,0,0,1.0114472018825855,0.9951782461372239,0.48,27
2023-09-22,0,0,1.110871812182302,1.0096342943447225,0.416,27
2023-09-23,0,0,1.1541736168324266,1.062485314952567,0.28,27
2023-09-24,0,0,1.1078020011333731,1.0531857733381536,0.304,27
2023-09-25,0,0,1.074645609849099,1.0542281268298948,0.296,27
2023-09-26,0,0,0.9539644229731924,1.0554179139613216,0.296,27
2023-09-27,0,0,1.045324049908362,1.0317100085699655,0.336,27
2023-09-28,0,0,1.058283583828204,1.088759275544542,0.224,27
2023-09-29,0,0,0.9529449023805296,1.075306277162747,0.248,27
2023-09-30,0,0,1.0335157970037918,1.0852626848280718,0.224,27
2023-10-08,0,1,0.943214957935384,1.0039642670451863,0.4423963133640553,27
2023-10-09,0,1,0.8954605455623991,0.9705045919281218,0.5990783410138248,27
2023-10-10,0,1,0.8714609046846392,0.9723934051800739,0.5898617511520737,27
2023-10-11,0,1,0.8537394125385595,0.9933495458634058,0.5023041474654378,27
2023-10-12,0,1,0.9158302055623126,1.0294869574474137,0.3456221198156682,27
2023-10-13,1,1,0.8235183048240129,0.9709730206699365,0.5990783410138248,27
2023-10-14,1,1,0.8417997244121631,1.0224928851608124,0.3870967741935484,27
2023-10-15,0,1,0.8686185654387014,1.0081818516305132,0.4377880184331797,27
2023-10-16,1,1,0.837630457855076,1.041559361552229,0.3087557603686636,27
2023-10-17,1,1,0.7765728111191363,1.047203951218977,0.2903225806451613,27
2023-10-18,0,1,0.876315761424511,1.0415674152826986,0.3087557603686636,27
2023-10-19,0,1,0.8981339369635442,1.021749137684846,0.3870967741935484,27
2023-10-20,0,1,1.0052067391820876,1.0460472559405731,0.2995391705069124,27
2023-10-21,0,1,1.0475645261799866,1.0648031436845826,0.2488479262672811,27
2023-10-22,0,1,1.0349876751325695,1.0625020432565224,0.25806451612903225,27
2023-10-23,0,1,1.0648188658578015,1.0679429649101349,0.2350230414746544,27
2023-10-24,0,1,1.2288539084267107,1.1248637983415526,0.08755760368663594,27
2023-10-25,0,1,1.325022505621457,1.0722970700634182,0.2119815668202765,27
2023-10-26,0,1,1.3444469765965152,1.1209744900233063,0.0967741935483871,27
2023-10-27,0,1,1.24809949228092,1.0593596576390332,0.2626728110599078,27
2023-10-28,0,1,1.1197888843427084,1.0365850568094892,0.31336405529953915,27
2023-10-29,0,1,1.0278744636215793,1.0088053400649803,0.4377880184331797,27
2023-10-30,0,1,1.092155254370859,1.0626483601591836,0.25806451612903225,27
2023-10-31,0,1,1.1015162289550902,1.0286267270856289,0.3548387096774194,27
2023-11-01,0,1,0.9616024375172428,0.9581966183099634,0.6497695852534562,27
2023-11-02,0,1,1.0211534524417607,0.9843310276639061,0.5391705069124424,27
2023-11-03,0,1,1.0185200315853409,0.9881504357321735,0.5253456221198156,27
2023-11-04,0,1,0.9938521706160228,1.003570067537505,0.45161290322580644,27
2023-11-05,0,1,1.0661778939631648,1.011170091987667,0.43317972350230416,27
2023-11-06,0,1,1.1620310134405805,0.950844903993445,0.6820276497695853,27
2023-11-07,0,1,0.980518173100777,0.9209795606901618,0.815668202764977,27
2023-11-08,0,1,0.9051698390223948,0.944814630626029,0.7096774193548387,27
2023-11-09,1,1,0.7489778501170876,0.9084723452758815,0.8525345622119815,27
2023-11-10,1,1,0.7527771910343829,0.9447227489204998,0.7096774193548387,27
2023-11-11,0,1,0.9667089341078078,1.0073528186776806,0.4423963133640553,27
2023-11-12,0,1,0.9442364852029852,1.0245982504710942,0.3824884792626728,27
2023-11-13,1,1,0.7318274766100183,0.9903446096916337,0.511520737327189,27
2023-11-14,1,1,0.8206581432559168,1.056901782438848,0.2764976958525346,27
2023-11-15,0,1,1.051314083184571,1.0883303774243422,0.16589861751152074,27
2023-11-16,0,1,1.0761913404529675,1.0850185775818886,0.17050691244239632,27
2023-11-17,0,1,0.9757244500222187,1.0437543053778802,0.3087557603686636,27
2023-11-18,0,1,0.940194569771074,1.0007193487940405,0.4700460829493088,27
2023-11-19,0,1,0.8987004950888953,1.0592947497819285,0.2626728110599078,27
2023-11-20,0,1,1.089296800690815,1.1046908038790064,0.1336405529953917,27
2023-11-21,0,1,1.1345993778130965,1.072036969280177,0.2119815668202765,27
2023-11-22,0,1,1.0464304602981034,1.0312699249082022,0.34101382488479265,27
2023-11-23,0,1,1.1378360455267436,1.0635889908898437,0.2488479262672811,27
2023-11-24,0,1,1.3841279965162,1.1501577897970554,0.04608294930875576,27
2023-11-25,0,1,1.2713157281439782,1.0897785790217258,0.16589861751152074,27
2023-11-26,0,1,1.4205242426211462,1.044335087516259,0.3087557603686636,27
2023-11-27,0,1,1.3156964922071708,1.0412872266087334,0.3087557603686636,27
2023-11-28,0,1,1.3008009098853073,1.0000622976214155,0.4700460829493088,27
2023-11-29,0,1,1.2479916720289856,1.0560185375737952,0.2764976958525346,27
2023-11-30,0,1,1.184579900085264,1.0465593896645895,0.2903225806451613,27
2023-12-01,0,1,0.9217983024910515,0.9912744225984994,0.511520737327189,27
2023-12-02,0,1,0.9872117622337688,0.9745493039428061,0.5806451612903226,27
2023-12-03,0,1,0.9761410830534396,0.9486194227313185,0.6820276497695853,27
2023-12-04,0,1,0.9081520857619844,0.9063986566945752,0.8525345622119815,27
2023-12-05,0,1,0.9381732402892374,0.9301489215412766,0.783410138248848,27
2023-12-06,0,1,0.9296518465586814,0.9357875127555174,0.7511520737327189,27
2023-12-07,1,1,0.8413685597788102,0.9483023085652128,0.6820276497695853,27
2023-12-08,0,1,0.991352633325197,0.953200901397814,0.6682027649769585,27
2023-12-09,0,1,0.9411554944408358,0.9158034454369505,0.8248847926267281,27
2023-12-10,1,1,0.8389522108078011,0.9502263836959273,0.6820276497695853,27
2023-12-11,1,1,0.8071649857265369,0.9508091425897073,0.6820276497695853,27
2023-12-12,1,1,0.7572970023336949,0.9426932143896607,0.7142857142857143,27
2023-12-13,1,1,0.6208795880453283,0.9349335331373025,0.7557603686635944,27
2023-12-14,1,1,0.7592057772002324,1.0196422696390475,0.4009216589861751,27
2023-12-15,1,1,0.8328269225748938,0.9999928020232833,0.4700460829493088,27
2023-12-16,0,1,0.8590655807455964,1.002617901963964,0.45161290322580644,27
2023-12-17,0,1,0.9377129218982944,1.0510787896166172,0.28110599078341014,27
2023-12-18,0,1,0.9642064200950122,1.063123488835267,0.2488479262672811,27
2023-12-19,0,1,0.8985380992120569,1.057293937515352,0.2764976958525346,27
2023-12-20,0,1,1.174221538340847,1.0713887909509061,0.21658986175115208,27
2023-12-21,0,1,1.219687141657661,1.058547159219152,0.2672811059907834,27
2023-12-22,0,1,1.109109822460017,1.0348562892376396,0.3271889400921659,27
2023-12-23,0,1,1.1355025094767273,1.060410046789991,0.25806451612903225,27
2023-12-24,0,1,1.067923542918951,1.0907288912508777,0.16589861751152074,27
2023-12-25,0,1,1.0641320258226272,1.146162677215254,0.05069124423963134,27
2023-12-26,0,1,1.1724151428996483,1.1393537237374138,0.059907834101382486,27
2023-12-27,0,1,1.10656776396788,1.110848027398288,0.1152073732718894,27
2023-12-28,0,1,1.0122393038967503,1.0761175500682236,0.20276497695852536,27
2023-12-29,0,1,1.1349625439131328,1.0720549787764697,0.2119815668202765,27
2023-12-30,0,1,1.107041700896765,1.0648228511561586,0.2488479262672811,27
2023-12-31,0,1,1.0540714431461404,1.0160029504452663,0.41935483870967744,27
2024-01-08,0,2,0.9380252547156612,0.9265991835823987,0.7864077669902912,27
2024-01-09,0,2,0.8604976941696318,0.899188321187424,0.8576051779935275,27
2024-01-10,0,2,0.8967950138147822,0.9291818274350206,0.7766990291262136,27
2024-01-11,1,2,0.81515703606474,0.8885975292905957,0.889967637540453,27
2024-01-12,1,2,0.7697963725749237,0.8864688770781965,0.8964401294498382,27
2024-01-13,1,2,0.841357639507363,0.9626857827971231,0.627831715210356,27
2024-01-14,1,2,0.8237505800283649,0.9756114502431629,0.5663430420711975,27
2024-01-15,1,2,0.8143008517556474,0.9487205612333418,0.6828478964401294,27
2024-01-16,0,2,0.8574681818882544,0.9533390872645957,0.6634304207119741,27
2024-01-17,1,2,0.7587486496508539,0.9361578976153644,0.7411003236245954,27
2024-01-18,1,2,0.6693137152967722,0.9334841965436157,0.7540453074433657,27
2024-01-19,1,2,0.6699104276785826,0.9824308441152749,0.5307443365695793,27
2024-01-20,0,2,0.8772632858888515,1.0041378393806162,0.44660194174757284,27
2024-01-21,0,2,0.9892903383152972,1.0884516045078985,0.18122977346278318,27
2024-01-22,0,2,1.117405717166005,1.0278874618679488,0.3559870550161812,27
2024-01-23,0,2,1.1151266074232986,1.0225677566562428,0.37540453074433655,27
2024-01-24,0,2,1.075838623368072,1.1164051789501328,0.11326860841423948,27
2024-01-25,0,2,1.2754491983991014,1.1665614733558851,0.06472491909385113,27
2024-01-26,0,2,1.423986158079574,1.177823722494997,0.061488673139158574,27
2024-01-27,0,2,1.2093563799502314,1.1148975628454492,0.11650485436893204,27
2024-01-28,0,2,1.0654453237147563,1.0553372296328811,0.26537216828478966,27
2024-01-29,0,2,0.947841005507312,1.0768396125050126,0.19741100323624594,27
2024-01-30,1,2,0.8351685356731198,1.089384239887159,0.1779935275080906,27
2024-01-31,0,2,0.9497929613869894,1.195809063334093,0.03559870550161812,27
2024-02-01,0,2,0.917248696829258,1.071654472987451,0.2168284789644013,27
2024-02-02,0,2,0.8851405980336539,1.0177814922421617,0.40129449838187703,27
2024-02-03,0,2,0.982826709401738,1.05486918625432,0.26537216828478966,27
2024-02-04,0,2,1.0025264392902944,0.9144363102019398,0.8187702265372169,27
2024-02-05,0,2,0.9483480269362228,0.9204617662545479,0.8090614886731392,27
2024-02-06,0,2,1.0972617113073977,0.9827882611226638,0.5307443365695793,27
2024-02-07,0,2,1.0891759604105706,0.9399432467250664,0.7313915857605178,27
2024-02-08,0,2,1.096557459323093,0.8954075474349347,0.86084142394822,27
2024-02-09,0,2,1.1167044003098343,0.9079864957666762,0.8446601941747572,27
2024-02-10,0,2,1.0002853718765394,0.8481901361502401,0.9546925566343042,27
2024-02-11,0,2,1.0068662107279371,0.9132680196031485,0.8252427184466019,27
2024-02-12,0,2,1.068197683139049,1.005683246805933,0.4401294498381877,27
2024-02-13,0,2,0.9193871015786248,0.9197656571709727,0.8090614886731392,27
2024-02-14,0,2,0.9666893508669268,0.940486169514975,0.7249190938511327,27
2024-02-15,0,2,0.9701647067175788,0.9386775906866411,0.7346278317152104,27
2024-02-16,0,2,0.951505866659967,0.9027343425007991,0.8478964401294499,27
2024-02-17,0,2,0.9867051638475192,0.9185735169080995,0.8122977346278317,27
2024-02-18,0,2,0.9427333113260588,0.9812129855786873,0.5372168284789643,27
2024-02-19,0,2,0.978784236975376,0.9788979355133797,0.5501618122977346,27
2024-02-20,0,2,1.2204788803729685,0.971602407069012,0.5825242718446602,27
2024-02-21,0,2,1.2578634247818792,0.9812035975868348,0.5372168284789643,27
2024-02-22,0,2,1.4160461739581691,0.9581271638798134,0.6375404530744336,27
2024-02-23,0,2,1.4083895326125038,0.9415325335327334,0.7152103559870551,27
2024-02-24,0,2,1.2889078774480094,1.0068534957775122,0.4368932038834951,27
2024-02-25,0,2,1.408628586196815,1.1234964439570572,0.10679611650485436,27
2024-02-26,0,2,1.5357853726649573,1.1177871938702824,0.11003236245954692,27
2024-02-27,0,2,1.4255036298830266,1.0710994944764465,0.22006472491909385,27
2024-02-28,0,2,1.3472740673438566,1.0339223301709817,0.33980582524271846,27
2024-02-29,0,2,1.0804552257818711,1.0807562893437639,0.19093851132686085,27
2024-03-01,0,2,1.0254354181414247,1.0025802310773826,0.4563106796116505,27
2024-03-02,0,2,1.1320172826735235,1.0447692193979636,0.2912621359223301,27
2024-03-03,0,2,1.128319747911003,0.9417663637196012,0.7152103559870551,27
2024-03-04,0,2,0.9822802609177096,0.9284077289456243,0.7799352750809061,27
2024-03-05,0,2,0.9670810502033153,0.89198680877929,0.8770226537216829,27
2024-03-06,0,2,0.946135861635669,0.9100229203144963,0.8414239482200647,27
2024-03-07,0,2,0.8708436819149774,0.9083930049650266,0.8414239482200647,27
2024-03-08,0,2,0.8762602644369504,0.9367934291374762,0.7346278317152104,27
2024-03-09,1,2,0.8487925178810976,0.9250058574161716,0.7961165048543689,27
2024-03-10,1,2,0.7728795364314732,0.8701759056659188,0.919093851132686,27
2024-03-11,1,2,0.708461282966484,0.8709187350202683,0.9158576051779935,27
2024-03-12,1,2,0.6426398373180695,0.8905439177452537,0.883495145631068,27
2024-03-13,1,2,0.571377925482258,0.8771503639071887,0.912621359223301,27
2024-03-14,1,2,0.6901720416567598,0.9334044592508937,0.7540453074433657,27
2024-03-15,1,2,0.7549641664287521,0.9467862883334807,0.6925566343042071,27
2024-03-16,1,2,0.836506042031234,0.9595353403160573,0.6375404530744336,27
2024-03-17,0,2,0.9709646135075468,0.9833291127746975,0.5307443365695793,27
2024-03-18,0,2,0.9688339478220468,1.0440246383141933,0.29449838187702265,27
2024-03-19,0,2,0.9413149393033896,1.0227300796332344,0.37540453074433655,27
2024-03-20,0,2,1.0655612632569766,1.031731344535382,0.34627831715210355,27
2024-03-21,0,2,1.133253625646406,1.0137177066849716,0.4110032362459547,27
2024-03-22,0,2,1.113040266895566,0.9696917758977367,0.5954692556634305,27
2024-03-23,0,2,1.036710651553232,0.9854691035004328,0.5275080906148867,27
2024-03-24,0,2,0.9228864380293004,1.1040880157171344,0.1423948220064725,27
2024-03-25,0,2,1.1500417141558186,1.1980272092994417,0.03559870550161812,27
2024-03-26,0,2,1.298740837351826,1.1801836072178467,0.05825242718446602,27
2024-03-27,0,2,1.2996211124527302,1.161103450437507,0.06472491909385113,27
2024-03-28,0,2,1.323402650373225,1.1716090977122484,0.06472491909385113,27
2024-03-29,0,2,1.3339767416071382,1.0802409757173204,0.19093851132686085,27
2024-03-30,0,2,1.273455247833983,1.1185171833042535,0.11003236245954692,27
2024-03-31,0,2,1.1543087116353845,1.0985345479048108,0.1553398058252427,27
2024-04-08,0,3,0.9013501692371486,0.8686206415446768,0.9,27
2024-04-09,0,3,0.9504673829573714,0.8597164970382954,0.9075,27
2024-04-10,1,3,0.8243382492106264,0.8494212263881668,0.9225,27
2024-04-11,1,3,0.7834501466330951,0.8254113694111636,0.97,27
2024-04-12,0,3,0.8698604395795992,0.8617879398844136,0.9075,27
2024-04-13,1,3,0.7597608507551356,0.8995375798808429,0.835,27
2024-04-14,1,3,0.677212775397524,0.9117948035004886,0.815,27
2024-04-15,1,3,0.6920359386686836,0.9105713033790247,0.82,27
2024-04-16,1,3,0.6104944247335421,0.9354359449368247,0.7425,27
2024-04-17,1,3,0.5682484576390117,0.9067271349954762,0.825,27
2024-04-18,1,3,0.6743462566199577,0.9589743151395569,0.66,27
2024-04-19,1,3,0.8021678182057587,0.9641251959004818,0.63,27
2024-04-20,1,3,0.8338345092652095,0.9298135648912108,0.7575,27
2024-04-21,0,3,0.9500977307262902,1.1081678702072442,0.1625,27
2024-04-22,0,3,0.894020763122248,1.0878087972506112,0.2075,27
2024-04-23,0,3,0.991399742819852,1.138223686413837,0.1075,27
2024-04-24,0,3,1.0878447526166517,1.2167261214678944,0.0475,27
2024-04-25,0,3,1.1142222845209917,1.2190499243886528,0.0475,27
2024-04-26,0,3,1.007146643273655,1.1934684483139726,0.06,27
2024-04-27,0,3,1.1844212349409298,1.138393692032019,0.1075,27
2024-04-28,0,3,1.1006217153126756,1.153099227678684,0.0975,27
2024-04-29,0,3,1.2106187582063732,1.1511713253618634,0.0975,27
2024-04-30,0,3,1.176679988504357,1.1644213732990294,0.09,27
2024-05-01,0,3,1.169712985396964,1.0906149080340968,0.1925,27
2024-05-02,0,3,1.216461054387081,1.0701703422480455,0.2425,27
2024-05-03,0,3,1.397113446052744,1.0306370022614,0.37,27
2024-05-04,0,3,1.0699333394458723,1.032399298275924,0.36,27
2024-05-05,0,3,1.0152024835913225,0.9698271390022443,0.6075,27
2024-05-06,0,3,0.9666563960052584,0.9909997391591912,0.5225,27
2024-05-07,0,3,1.0010999776265437,0.9915494421063609,0.5225,27
2024-05-08,0,3,1.045751819874061,1.0103742244489577,0.455,27
2024-05-09,0,3,1.2333799656918272,0.975512772284067,0.585,27
2024-05-10,0,3,1.0191571683896132,0.9691656887729356,0.6075,27
2024-05-11,0,3,0.9714474788616788,0.9922036187558199,0.5175,27
2024-05-12,0,3,1.0535541973093132,1.008837283853853,0.455,27
2024-05-13,0,3,1.0240117177175188,1.018802351343701,0.4125,27
2024-05-14,0,3,1.125954466739724,0.9872127855197479,0.5425,27
2024-05-15,0,3,1.2327625220716356,0.9873283092814069,0.5425,27
2024-05-16,0,3,0.8955376067268118,0.9397445515163528,0.72,27
2024-05-17,1,3,0.7913953040488042,0.9733240960754785,0.585,27
2024-05-18,0,3,0.9055523499200772,1.0029661908349525,0.475,27
2024-05-19,0,3,1.0128479078315926,1.009378232182839,0.455,27
2024-05-20,0,3,1.2727679133110166,1.0332362819240397,0.3575,27
2024-05-21,0,3,1.1537031263145334,0.9927907082826769,0.5175,27
2024-05-22,0,3,1.046269531398886,0.9544047921829851,0.67,27
2024-05-23,0,3,1.0562146124420275,0.9833852707847031,0.5575,27
2024-05-24,0,3,1.2380722690129595,1.124320141017737,0.1275,27
2024-05-25,0,3,1.2213285629567612,1.1255737449701966,0.1275,27
2024-05-26,0,3,1.228174786340416,1.1937986696553953,0.06,27
2024-05-27,0,3,1.0487811469475452,1.1585602837224986,0.095,27
2024-05-28,0,3,0.9800365302910446,1.1380551500659377,0.1075,27
2024-05-29,0,3,0.9766676001211076,1.0943180318987737,0.19,27
2024-05-30,0,3,1.0512578208843095,1.1848943594413472,0.065,27
2024-05-31,0,3,0.9961927431314136,1.1967632612559929,0.0525,27
2024-06-01,0,3,1.0782850177636043,1.100789981073242,0.1825,27
2024-06-02,0,3,0.9920610924462848,0.9776432382089608,0.57,27
2024-06-03,0,3,0.9346561396567484,0.9299333616039501,0.755,27
2024-06-04,0,3,0.9732410768918764,0.9418361269467048,0.7175,27
2024-06-05,0,3,1.0072004413080666,0.9803950478747503,0.5625,27
2024-06-06,0,3,0.9640593675152046,0.9338550214249255,0.7475,27
2024-06-07,0,3,1.1256372778569268,0.9200021146402896,0.7925,27
2024-06-08,0,3,1.1008109168047002,0.905210316490648,0.8275,27
2024-06-09,0,3,0.989007483306001,0.9707162267370464,0.6025,27
2024-06-10,0,3,0.9274834755604218,1.0070144817437687,0.46,27
2024-06-11,0,3,1.0227093286635367,1.016988062523861,0.4175,27
2024-06-12,0,3,0.8594831565656494,1.002324679805808,0.475,27
2024-06-13,0,3,0.917704853697102,1.0130270109730302,0.44,27
2024-06-14,1,3,0.6795921971656652,0.973326173337894,0.585,27
2024-06-15,1,3,0.6145184425791482,0.97457585326584,0.585,27
2024-06-16,1,3,0.6919752734828566,0.8432246277843679,0.935,27
2024-06-17,1,3,0.7297780106527604,0.8390358482683087,0.9475,27
2024-06-18,1,3,0.6735497277838808,0.8739764777638842,0.89,27
2024-06-19,1,3,0.7804324729432032,0.8504114608375438,0.92,27
2024-06-20,1,3,0.8217039182820827,0.8684746598411007,0.9,27
2024-06-21,1,3,0.7884223086555656,0.8380210746200706,0.9525,27
2024-06-22,0,3,0.9602602959616506,0.8426253467585308,0.9375,27
2024-06-23,0,3,1.024427310962878,1.1228332547529005,0.1325,27
2024-06-24,0,3,1.195491628687297,1.2073384338441635,0.05,27
2024-06-25,0,3,1.215906713930801,1.1744098636224167,0.0775,27
2024-06-26,0,3,1.2258309674396182,1.1710230606149477,0.08,27
2024-06-27,0,3,1.073965935073988,1.1268963345244745,0.125,27
2024-06-28,0,3,1.2305126825999335,1.1880630281658935,0.0625,27
2024-06-29,0,3,1.097148681317217,1.2347558434269852,0.04,27
2024-06-30,0,3,1.0619410379298095,1.1172479832354494,0.145,27
2024-07-08,0,4,1.116457631384267,0.9765440062490736,0.5519348268839104,27
2024-07-09,0,4,1.0101891778297445,0.921247629782907,0.7718940936863544,27
2024-07-10,0,4,1.0863941086454256,0.9923169798696626,0.505091649694501,27
2024-07-11,0,4,0.9965360490189162,0.9690223646312772,0.5987780040733197,27
2024-07-12,0,4,0.9539304823475042,0.9801319004511637,0.539714867617108,27
2024-07-13,0,4,0.950638118953398,0.9420767129133686,0.6924643584521385,27
2024-07-14,1,4,0.8397214790590249,0.8856098208031572,0.8553971486761711,27
2024-07-15,1,4,0.7334528107337351,0.8704884604610104,0.8879837067209776,27
2024-07-16,0,4,0.8883891721870719,0.9135729528243216,0.790224032586558,27
2024-07-17,1,4,0.8437789187234767,0.9319494229342045,0.7311608961303462,27
2024-07-18,1,4,0.8472455707817422,0.9318059323658079,0.7311608961303462,27
2024-07-19,0,4,0.910717151006186,0.8984786288878065,0.8268839103869654,27
2024-07-20,0,4,0.925370339191337,0.9055522085702491,0.8126272912423625,27
2024-07-21,0,4,0.9397654980095967,1.0490650642709172,0.29327902240325865,27
2024-07-22,0,4,1.104105804698513,1.0751717007273458,0.22606924643584522,27
2024-07-23,0,4,1.121178664383199,1.0747587417951951,0.22606924643584522,27
2024-07-24,0,4,1.2550419907953434,1.1602397485182459,0.08757637474541752,27
2024-07-25,0,4,1.3558074600098629,1.1671798973341048,0.07942973523421588,27
2024-07-26,0,4,1.2959917929379574,1.1050833495479013,0.16089613034623218,27
2024-07-27,0,4,1.2389659237927133,1.148315208092473,0.09775967413441955,27
2024-07-28,0,4,1.4091135047749308,1.1461920819206903,0.09979633401221996,27
2024-07-29,0,4,1.3050678458824962,1.120240545865028,0.1425661914460285,27
2024-07-30,0,4,1.3048241644198404,1.1807539740157975,0.06517311608961303,27
2024-07-31,0,4,1.2597264680283011,1.1073132624025614,0.15885947046843177,27
2024-08-01,0,4,1.121700455984094,1.0398171498240576,0.3319755600814664,27
2024-08-02,0,4,1.0415576174661785,1.0232878659558424,0.38085539714867617,27
2024-08-03,0,4,1.0714138034837262,1.0343411753034901,0.34623217922606925,27
2024-08-04,0,4,0.9254800342702844,0.9363567004254288,0.7209775967413442,27
2024-08-05,0,4,0.9988541841260816,0.934140849778771,0.7291242362525459,27
2024-08-06,0,4,0.9756751014725488,0.9324794500380742,0.7311608961303462,27
2024-08-07,0,4,0.950823057621353,0.9511017639343446,0.6659877800407332,27
2024-08-08,0,4,0.903694941501862,0.953579811279469,0.6578411405295316,27
2024-08-09,0,4,0.9996673408605188,0.9632885171961453,0.6211812627291242,27
2024-08-10,0,4,1.0858174208180866,0.9376833466686427,0.7087576374745418,27
2024-08-11,0,4,1.044348391022553,0.998081423691893,0.48268839103869654,27
2024-08-12,0,4,0.932182289361824,0.9534169954548903,0.6578411405295316,27
2024-08-13,0,4,0.9069610610786007,0.9616053479806596,0.6232179226069247,27
2024-08-14,1,4,0.8265701897589802,0.9483691506095259,0.6720977596741344,27
2024-08-15,0,4,0.9676451248182724,0.9999078779264391,0.47657841140529533,27
2024-08-16,0,4,0.9250031917066456,0.9871909461872839,0.5234215885947047,27
2024-08-17,0,4,0.8864973567568095,0.980314724127301,0.539714867617108,27
2024-08-18,0,4,0.9752006344141928,0.8478428964318291,0.9103869653767821,27
2024-08-19,0,4,0.9430349725449813,0.861534941224043,0.8940936863543788,27
2023-07-08,0,0,0.9241726794350844,0.8964196236812547,0.832,28
2023-07-09,0,0,0.9743232874576132,1.0802854651882439,0.24,28
2023-07-10,0,0,0.9966145169869692,1.0499164097939764,0.304,28
2023-07-11,0,0,0.9517191542034068,1.011518042091745,0.416,28
2023-07-12,0,0,0.948542157152549,1.0278752492724055,0.352,28
2023-07-13,1,0,0.8136032158541315,1.0089518409487046,0.432,28
2023-07-14,1,0,0.8379735483359313,1.0396086626639514,0.32,28
2023-07-15,0,0,0.8701002940440485,1.0467980574389393,0.304,28
2023-07-16,0,0,0.9114132510669704,1.07767032509744,0.248,28
2023-07-17,0,0,0.8908737944136609,1.035813349008974,0.328,28
2023-07-18,0,0,0.9255322693960212,1.0230820961837352,0.384,28
2023-07-19,0,0,0.967263115722151,1.010966276150996,0.416,28
2023-07-20,0,0,1.0407271001586968,1.0461909246697272,0.304,28
2023-07-21,0,0,1.0879196255666288,1.0766230952538334,0.248,28
2023-07-22,0,0,1.0747706880007073,1.0657642897765467,0.256,28
2023-07-23,0,0,1.082245562916266,1.0371443852127973,0.328,28
2023-07-24,0,0,1.1801619598634046,1.1609583785901512,0.08,28
2023-07-25,0,0,1.1393366031481695,1.0715218228724412,0.256,28
2023-07-26,0,0,1.0470649557621556,1.059721067048108,0.256,28
2023-07-27,0,0,1.0524089049987362,1.0723941795506073,0.256,28
2023-07-28,0,0,1.0961332324625743,1.1329089364330964,0.128,28
2023-07-29,0,0,1.1475046354373504,1.1134404214876337,0.184,28
2023-07-30,0,0,1.1030104289707232,1.0755170242007712,0.256,28
2023-07-31,0,0,0.9802661574733532,1.040992839465843,0.32,28
2023-08-01,0,0,0.9276591914865956,1.077014883456743,0.248,28
2023-08-02,0,0,0.9856192869568604,1.0761640261713101,0.256,28
2023-08-03,0,0,0.9849464199753928,1.0734491507987212,0.256,28
2023-08-04,0,0,1.0288017106784253,1.0714626907472733,0.256,28
2023-08-05,0,0,1.0494101563413691,1.049222218574894,0.304,28
2023-08-06,0,0,0.925332606177236,0.9792926588335337,0.528,28
2023-08-07,0,0,1.0600347894644628,1.0379402590981006,0.328,28
2023-08-08,0,0,1.2032070808322328,1.108497810351431,0.192,28
2023-08-09,0,0,1.1361856872066751,1.0287293924405232,0.352,28
2023-08-10,0,0,1.2169384711338458,1.0358441486406593,0.328,28
2023-08-11,0,0,1.124374488467241,0.9830662470996405,0.52,28
2023-08-12,0,0,1.0302234899243532,0.972008353662001,0.544,28
2023-08-13,0,0,1.1364735275600777,1.0627907733007484,0.256,28
2023-08-14,0,0,1.0140690876726717,1.0670047432668586,0.256,28
2023-08-15,0,0,0.9598834391613684,1.0183674154920501,0.4,28
2023-08-16,0,0,0.96344523411635,1.0675831063637788,0.256,28
2023-08-17,0,0,0.8619772162480696,0.9959031529027316,0.472,28
2023-08-18,1,0,0.84340585697894,1.0285697454377647,0.352,28
2023-08-19,0,0,0.9361598228925094,1.0930050470940005,0.224,28
2023-08-20,0,0,0.9812706645380184,0.9728010689873398,0.544,28
2023-08-21,0,0,0.9880650175388538,0.958026886423776,0.584,28
2023-08-22,0,0,0.9501391402718308,0.9998209636828892,0.464,28
2023-08-23,0,0,1.0115737235821658,1.003447040103757,0.44,28
2023-08-24,0,0,0.9999262702998436,1.0321478599641183,0.336,28
2023-08-25,0,0,1.24194058981351,1.0233591836972207,0.384,28
2023-08-26,0,0,1.1524945548408054,1.016344436809031,0.4,28
2023-08-27,0,0,1.0562711289247646,0.9502746114511625,0.632,28
2023-08-28,0,0,1.1258216617159271,0.9486991467070606,0.64,28
2023-08-29,0,0,1.127791985065815,0.9895306961373483,0.512,28
2023-08-30,0,0,1.0730811539867262,0.9531089925086748,0.616,28
2023-08-31,0,0,1.1374657637612942,0.9790278121744219,0.528,28
2023-09-01,0,0,0.9176351523297184,0.9425525748376566,0.672,28
2023-09-02,0,0,0.9210003824336146,0.9715392198866224,0.552,28
2023-09-03,0,0,0.9421400380007852,0.9259741169243311,0.736,28
2023-09-04,0,0,0.9211686908188832,0.8848573251832743,0.856,28
2023-09-05,1,0,0.8469144869908538,0.9008412334748548,0.816,28
2023-09-06,1,0,0.8378144001188419,0.9450735484726831,0.664,28
2023-09-07,1,0,0.8332308808794763,0.9175790964170218,0.752,28
2023-09-08,1,0,0.7903801903571291,0.9076344471750601,0.8,28
2023-09-09,0,0,0.9215862638123296,0.901586263706568,0.808,28
2023-09-10,0,0,0.9192039742345504,1.009038356312682,0.432,28
2023-09-11,0,0,0.8882584499143324,0.9983400679365811,0.472,28
2023-09-12,0,0,0.9893752333510308,1.041490636015664,0.32,28
2023-09-13,0,0,1.0276905021746976,1.0377588478331834,0.328,28
2023-09-14,0,0,1.05764422804859,1.0190626905697053,0.392,28
2023-09-15,0,0,1.037244258278199,1.0339813171380243,0.328,28
2023-09-16,0,0,0.9111351623678404,0.9911254824066921,0.504,28
2023-09-17,0,0,0.9168705447222036,1.020101722995551,0.392,28
2023-09-18,0,0,0.9480631642651184,1.0187931450819907,0.4,28
2023-09-19,0,0,1.049584705904487,1.0360346277400276,0.328,28
2023-09-20,0,0,1.0582598221905524,0.9978081965008134,0.472,28
2023-09-21,0,0,1.0114472018825855,1.0007900547177224,0.448,28
2023-09-22,0,0,1.110871812182302,1.0147439732919132,0.408,28
2023-09-23,0,0,1.1541736168324266,1.0479910161278856,0.304,28
2023-09-24,0,0,1.1078020011333731,1.0972466018935854,0.224,28
2023-09-25,0,0,1.074645609849099,1.054778758773753,0.288,28
2023-09-26,0,0,0.9539644229731924,1.074114275015192,0.256,28
2023-09-27,0,0,1.045324049908362,1.0317349331626895,0.336,28
2023-09-28,0,0,1.058283583828204,1.075044063765165,0.256,28
2023-09-29,0,0,0.9529449023805296,1.0793875329576201,0.248,28
2023-09-30,0,0,1.0335157970037918,1.0745135495662506,0.256,28
2023-10-08,0,1,0.943214957935384,1.0055147199271222,0.4423963133640553,28
2023-10-09,0,1,0.8954605455623991,0.9951089368725107,0.4976958525345622,28
2023-10-10,0,1,0.8714609046846392,0.9735107541393193,0.5714285714285714,28
2023-10-11,0,1,0.8537394125385595,0.9869048444819186,0.543778801843318,28
2023-10-12,0,1,0.9158302055623126,1.0384707048890465,0.31336405529953915,28
2023-10-13,1,1,0.8235183048240129,0.9904832318975064,0.511520737327189,28
2023-10-14,1,1,0.8417997244121631,1.0203884031279395,0.391705069124424,28
2023-10-15,0,1,0.8686185654387014,0.9958749925347664,0.4930875576036866,28
2023-10-16,1,1,0.837630457855076,1.0252228501956986,0.3778801843317972,28
2023-10-17,1,1,0.7765728111191363,1.0207737810591027,0.391705069124424,28
2023-10-18,0,1,0.876315761424511,1.0292626268880674,0.35023041474654376,28
2023-10-19,0,1,0.8981339369635442,1.0408555206527927,0.2995391705069124,28
2023-10-20,0,1,1.0052067391820876,1.0532365224308302,0.2672811059907834,28
2023-10-21,0,1,1.0475645261799866,1.0296783252567776,0.35023041474654376,28
2023-10-22,0,1,1.0349876751325695,1.0569285609476244,0.2626728110599078,28
2023-10-23,0,1,1.0648188658578015,1.0637961481508253,0.2350230414746544,28
2023-10-24,0,1,1.2288539084267107,1.123350828059273,0.08755760368663594,28
2023-10-25,0,1,1.325022505621457,1.1085275623778488,0.12903225806451613,28
2023-10-26,0,1,1.3444469765965152,1.123283335982371,0.08755760368663594,28
2023-10-27,0,1,1.24809949228092,1.070998220541877,0.22580645161290322,28
2023-10-28,0,1,1.1197888843427084,1.0577525189238164,0.2626728110599078,28
2023-10-29,0,1,1.0278744636215793,1.0273114924123776,0.3640552995391705,28
2023-10-30,0,1,1.092155254370859,1.0732479395067918,0.22119815668202766,28
2023-10-31,0,1,1.1015162289550902,1.0633120416547166,0.23963133640552994,28
2023-11-01,0,1,0.9616024375172428,0.9798036054314305,0.5529953917050692,28
2023-11-02,0,1,1.0211534524417607,1.0046727142663132,0.4423963133640553,28
2023-11-03,0,1,1.0185200315853409,1.0227069265218132,0.3870967741935484,28
2023-11-04,0,1,0.9938521706160228,1.0235829471151323,0.3870967741935484,28
2023-11-05,0,1,1.0661778939631648,0.9863695732817611,0.543778801843318,28
2023-11-06,0,1,1.1620310134405805,0.9762119216596673,0.5714285714285714,28
2023-11-07,0,1,0.980518173100777,0.9291954641593511,0.7788018433179723,28
2023-11-08,0,1,0.9051698390223948,0.9501402186831303,0.6820276497695853,28
2023-11-09,1,1,0.7489778501170876,0.937922172185625,0.7557603686635944,28
2023-11-10,1,1,0.7527771910343829,0.9604131426289788,0.6359447004608295,28
2023-11-11,0,1,0.9667089341078078,1.0112613147819982,0.42857142857142855,28
2023-11-12,0,1,0.9442364852029852,1.0475326908458158,0.28110599078341014,28
2023-11-13,1,1,0.7318274766100183,0.9816821000690122,0.543778801843318,28
2023-11-14,1,1,0.8206581432559168,1.0713240135124757,0.22580645161290322,28
2023-11-15,0,1,1.051314083184571,1.1462536016050409,0.06451612903225806,28
2023-11-16,0,1,1.0761913404529675,1.0819641803749487,0.17050691244239632,28
2023-11-17,0,1,0.9757244500222187,1.071072159986422,0.22580645161290322,28
2023-11-18,0,1,0.940194569771074,1.0026764488384148,0.45161290322580644,28
2023-11-19,0,1,0.8987004950888953,1.0516820747298978,0.271889400921659,28
2023-11-20,0,1,1.089296800690815,1.0901054679278932,0.15668202764976957,28
2023-11-21,0,1,1.1345993778130965,1.1106524516797442,0.11981566820276497,28
2023-11-22,0,1,1.0464304602981034,1.0115693067129048,0.41935483870967744,28
2023-11-23,0,1,1.1378360455267436,1.0506971009241162,0.271889400921659,28
2023-11-24,0,1,1.3841279965162,1.1278504863047105,0.08755760368663594,28
2023-11-25,0,1,1.2713157281439782,1.0993889238798586,0.1382488479262673,28
2023-11-26,0,1,1.4205242426211462,1.060014913818108,0.24423963133640553,28
2023-11-27,0,1,1.3156964922071708,1.091141212524721,0.15207373271889402,28
2023-11-28,0,1,1.3008009098853073,1.039125502614739,0.3087557603686636,28
2023-11-29,0,1,1.2479916720289856,1.0710153284051602,0.22580645161290322,28
2023-11-30,0,1,1.184579900085264,1.0604331899182053,0.24423963133640553,28
2023-12-01,0,1,0.9217983024910515,1.01121549101997,0.42857142857142855,28
2023-12-02,0,1,0.9872117622337688,1.0146665068138259,0.41935483870967744,28
2023-12-03,0,1,0.9761410830534396,0.9681248427014151,0.5898617511520737,28
2023-12-04,0,1,0.9081520857619844,0.9083209147723046,0.8617511520737328,28
2023-12-05,0,1,0.9381732402892374,0.9244375279596712,0.7926267281105991,28
2023-12-06,0,1,0.9296518465586814,0.976135487305162,0.5714285714285714,28
2023-12-07,1,1,0.8413685597788102,0.9284474680887024,0.7880184331797235,28
2023-12-08,0,1,0.991352633325197,0.9578567141326343,0.6497695852534562,28
2023-12-09,0,1,0.9411554944408358,0.9413483452800849,0.7327188940092166,28
2023-12-10,1,1,0.8389522108078011,0.9552070257253179,0.663594470046083,28
2023-12-11,1,1,0.8071649857265369,0.9593848156295786,0.6405529953917051,28
2023-12-12,1,1,0.7572970023336949,0.9436316006993158,0.728110599078341,28
2023-12-13,1,1,0.6208795880453283,0.9920744090462046,0.5023041474654378,28
2023-12-14,1,1,0.7592057772002324,1.0209314501204236,0.391705069124424,28
2023-12-15,1,1,0.8328269225748938,1.0247217648784448,0.3824884792626728,28
2023-12-16,0,1,0.8590655807455964,0.9866160203324313,0.543778801843318,28
2023-12-17,0,1,0.9377129218982944,1.0448612280240308,0.2903225806451613,28
2023-12-18,0,1,0.9642064200950122,1.0518654844467072,0.271889400921659,28
2023-12-19,0,1,0.8985380992120569,1.042277974094548,0.29493087557603687,28
2023-12-20,0,1,1.174221538340847,1.0542669613510975,0.2626728110599078,28
2023-12-21,0,1,1.219687141657661,1.0597008726314032,0.24423963133640553,28
2023-12-22,0,1,1.109109822460017,0.9899264785910569,0.5161290322580645,28
2023-12-23,0,1,1.1355025094767273,1.0150046028486794,0.41935483870967744,28
2023-12-24,0,1,1.067923542918951,1.0914185749071703,0.15207373271889402,28
2023-12-25,0,1,1.0641320258226272,1.1171244206000908,0.09216589861751152,28
2023-12-26,0,1,1.1724151428996483,1.1441229050193549,0.06451612903225806,28
2023-12-27,0,1,1.10656776396788,1.1433796997114767,0.06451612903225806,28
2023-12-28,0,1,1.0122393038967503,1.0895071207113938,0.15668202764976957,28
2023-12-29,0,1,1.1349625439131328,1.1206774267056732,0.09216589861751152,28
2023-12-30,0,1,1.107041700896765,1.0670106505699395,0.2350230414746544,28
2023-12-31,0,1,1.0540714431461404,0.9867919804568093,0.543778801843318,28
2024-01-08,0,2,0.9380252547156612,0.9370747544491941,0.7443365695792881,28
2024-01-09,0,2,0.8604976941696318,0.8941526825211851,0.8770226537216829,28
2024-01-10,0,2,0.8967950138147822,0.9342288895744676,0.7475728155339806,28
2024-01-11,1,2,0.81515703606474,0.8990625221403904,0.8576051779935275,28
2024-01-12,1,2,0.7697963725749237,0.8994194256635525,0.8576051779935275,28
2024-01-13,1,2,0.841357639507363,0.9764497785202013,0.5728155339805825,28
2024-01-14,1,2,0.8237505800283649,0.9685362554057335,0.598705501618123,28
2024-01-15,1,2,0.8143008517556474,0.9625668486791393,0.6213592233009708,28
2024-01-16,0,2,0.8574681818882544,0.969242014769822,0.5954692556634305,28
2024-01-17,1,2,0.7587486496508539,0.92584213908584,0.7896440129449838,28
2024-01-18,1,2,0.6693137152967722,0.9199818275152952,0.8058252427184466,28
2024-01-19,1,2,0.6699104276785826,0.9787998574365715,0.5501618122977346,28
2024-01-20,0,2,0.8772632858888515,0.9909234629858723,0.5242718446601942,28
2024-01-21,0,2,0.9892903383152972,1.0715683584849025,0.21035598705501618,28
2024-01-22,0,2,1.117405717166005,1.044520843114019,0.29449838187702265,28
2024-01-23,0,2,1.1151266074232986,1.0296722526415412,0.3365695792880259,28
2024-01-24,0,2,1.075838623368072,1.1070197647468327,0.13592233009708737,28
2024-01-25,0,2,1.2754491983991014,1.149708337663518,0.07119741100323625,28
2024-01-26,0,2,1.423986158079574,1.1667631294106506,0.06472491909385113,28
2024-01-27,0,2,1.2093563799502314,1.1223068165624615,0.10679611650485436,28
2024-01-28,0,2,1.0654453237147563,1.070421202341562,0.21359223300970873,28
2024-01-29,0,2,0.947841005507312,1.092245523636651,0.16181229773462782,28
2024-01-30,1,2,0.8351685356731198,1.106357222990209,0.13592233009708737,28
2024-01-31,0,2,0.9497929613869894,1.1836926455430774,0.042071197411003236,28
2024-02-01,0,2,0.917248696829258,1.0707470156337768,0.21359223300970873,28
2024-02-02,0,2,0.8851405980336539,1.0199205456419143,0.3883495145631068,28
2024-02-03,0,2,0.982826709401738,1.054788329057167,0.26537216828478966,28
2024-02-04,0,2,1.0025264392902944,0.9194699531920745,0.8058252427184466,28
2024-02-05,0,2,0.9483480269362228,0.9186349980814956,0.8122977346278317,28
2024-02-06,0,2,1.0972617113073977,0.9625567410242634,0.6213592233009708,28
2024-02-07,0,2,1.0891759604105706,0.9391211003149537,0.7281553398058253,28
2024-02-08,0,2,1.096557459323093,0.885894087448168,0.8867313915857605,28
2024-02-09,0,2,1.1167044003098343,0.902537456194449,0.8543689320388349,28
2024-02-10,0,2,1.0002853718765394,0.8441340817880021,0.9579288025889967,28
2024-02-11,0,2,1.0068662107279371,0.9062459112884709,0.8381877022653722,28
2024-02-12,0,2,1.068197683139049,0.99402849453391,0.5080906148867314,28
2024-02-13,0,2,0.9193871015786248,0.9236891412085633,0.7928802588996764,28
2024-02-14,0,2,0.9666893508669268,0.9457030637077762,0.7119741100323624,28
2024-02-15,0,2,0.9701647067175788,0.9512477980340994,0.6828478964401294,28
2024-02-16,0,2,0.951505866659967,0.8974121962286398,0.8576051779935275,28
2024-02-17,0,2,0.9867051638475192,0.9225353302549677,0.7961165048543689,28
2024-02-18,0,2,0.9427333113260588,0.9694253147396941,0.5954692556634305,28
2024-02-19,0,2,0.978784236975376,0.966755000359029,0.6019417475728155,28
2024-02-20,0,2,1.2204788803729685,0.9899654502260143,0.5307443365695793,28
2024-02-21,0,2,1.2578634247818792,0.9872683125087405,0.5372168284789643,28
2024-02-22,0,2,1.4160461739581691,0.9671939703694445,0.6019417475728155,28
2024-02-23,0,2,1.4083895326125038,0.9577695032082701,0.6537216828478964,28
2024-02-24,0,2,1.2889078774480094,1.002020379302687,0.47572815533980584,28
2024-02-25,0,2,1.408628586196815,1.0972733102997294,0.1553398058252427,28
2024-02-26,0,2,1.5357853726649573,1.123770400592888,0.10679611650485436,28
2024-02-27,0,2,1.4255036298830266,1.0824761412066426,0.1779935275080906,28
2024-02-28,0,2,1.3472740673438566,1.031637256815335,0.3333333333333333,28
2024-02-29,0,2,1.0804552257818711,1.1063939047121283,0.13592233009708737,28
2024-03-01,0,2,1.0254354181414247,1.0003080240643587,0.47896440129449835,28
2024-03-02,0,2,1.1320172826735235,1.0466492361355217,0.28802588996763756,28
2024-03-03,0,2,1.128319747911003,0.9349723135185916,0.7475728155339806,28
2024-03-04,0,2,0.9822802609177096,0.9262118272158859,0.7864077669902912,28
2024-03-05,0,2,0.9670810502033153,0.8964892156241243,0.8640776699029126,28
2024-03-06,0,2,0.946135861635669,0.939314054931232,0.7281553398058253,28
2024-03-07,0,2,0.8708436819149774,0.8991203902625634,0.8576051779935275,28
2024-03-08,0,2,0.8762602644369504,0.9156281436021707,0.8122977346278317,28
2024-03-09,1,2,0.8487925178810976,0.9279443278162544,0.7831715210355987,28
2024-03-10,1,2,0.7728795364314732,0.8755939622912869,0.9093851132686084,28
2024-03-11,1,2,0.708461282966484,0.8762542203080087,0.9061488673139159,28
2024-03-12,1,2,0.6426398373180695,0.8918593055368358,0.8867313915857605,28
2024-03-13,1,2,0.571377925482258,0.8855076272041197,0.8867313915857605,28
2024-03-14,1,2,0.6901720416567598,0.9379568840224611,0.7313915857605178,28
2024-03-15,1,2,0.7549641664287521,0.9717868277158602,0.5954692556634305,28
2024-03-16,1,2,0.836506042031234,0.9426505260299849,0.7152103559870551,28
2024-03-17,0,2,0.9709646135075468,1.004999067532162,0.4563106796116505,28
2024-03-18,0,2,0.9688339478220468,1.0389350071686734,0.3106796116504854,28
2024-03-19,0,2,0.9413149393033896,1.0222537981481308,0.36893203883495146,28
2024-03-20,0,2,1.0655612632569766,1.03493202522168,0.32362459546925565,28
2024-03-21,0,2,1.133253625646406,1.0211466352830811,0.3851132686084142,28
2024-03-22,0,2,1.113040266895566,0.9750364214537968,0.5792880258899676,28
2024-03-23,0,2,1.036710651553232,0.976968462260727,0.56957928802589,28
2024-03-24,0,2,0.9228864380293004,1.1073090927277403,0.13592233009708737,28
2024-03-25,0,2,1.1500417141558186,1.167916585313602,0.06472491909385113,28
2024-03-26,0,2,1.298740837351826,1.1807295633551087,0.04854368932038835,28
2024-03-27,0,2,1.2996211124527302,1.1342265010162564,0.0970873786407767,28
2024-03-28,0,2,1.323402650373225,1.1663203791193066,0.06472491909385113,28
2024-03-29,0,2,1.3339767416071382,1.103851186170546,0.13592233009708737,28
2024-03-30,0,2,1.273455247833983,1.1251780853606164,0.10679611650485436,28
2024-03-31,0,2,1.1543087116353845,1.098013958779116,0.1553398058252427,28
2024-04-08,0,3,0.9013501692371486,0.8630574651653792,0.9,28
2024-04-09,0,3,0.9504673829573714,0.8533443684782116,0.9175,28
2024-04-10,1,3,0.8243382492106264,0.8519844322533937,0.92,28
2024-04-11,1,3,0.7834501466330951,0.8365031647552519,0.955,28
2024-04-12,0,3,0.8698604395795992,0.8633882657701623,0.9,28
2024-04-13,1,3,0.7597608507551356,0.9117935289681179,0.8175,28
2024-04-14,1,3,0.677212775397524,0.9017210394644618,0.835,28
2024-04-15,1,3,0.6920359386686836,0.9092838208837681,0.8225,28
2024-04-16,1,3,0.6104944247335421,0.934902614032147,0.7325,28
2024-04-17,1,3,0.5682484576390117,0.9150275430939279,0.81,28
2024-04-18,1,3,0.6743462566199577,0.9666258029627466,0.63,28
2024-04-19,1,3,0.8021678182057587,0.9927403926059818,0.52,28
2024-04-20,1,3,0.8338345092652095,0.9368847383244415,0.7275,28
2024-04-21,0,3,0.9500977307262902,1.1097349732752497,0.1525,28
2024-04-22,0,3,0.894020763122248,1.0841338880330202,0.2075,28
2024-04-23,0,3,0.991399742819852,1.1424189462426468,0.1025,28
2024-04-24,0,3,1.0878447526166517,1.2171230098897228,0.0425,28
2024-04-25,0,3,1.1142222845209917,1.1985384045892462,0.05,28
2024-04-26,0,3,1.007146643273655,1.1737752394430256,0.075,28
2024-04-27,0,3,1.1844212349409298,1.1466684691564148,0.1,28
2024-04-28,0,3,1.1006217153126756,1.1431729368978958,0.1,28
2024-04-29,0,3,1.2106187582063732,1.1682878767417602,0.085,28
2024-04-30,0,3,1.176679988504357,1.126420237574477,0.1225,28
2024-05-01,0,3,1.169712985396964,1.091780679768917,0.1875,28
2024-05-02,0,3,1.216461054387081,1.079679032388608,0.22,28
2024-05-03,0,3,1.397113446052744,1.033817165356866,0.355,28
2024-05-04,0,3,1.0699333394458723,1.0071128115366694,0.4575,28
2024-05-05,0,3,1.0152024835913225,0.9640202759045371,0.6475,28
2024-05-06,0,3,0.9666563960052584,0.983024743694534,0.5525,28
2024-05-07,0,3,1.0010999776265437,0.9882468757128741,0.54,28
2024-05-08,0,3,1.045751819874061,1.0019762006497324,0.4775,28
2024-05-09,0,3,1.2333799656918272,0.9643609508865298,0.645,28
2024-05-10,0,3,1.0191571683896132,0.9590627449852768,0.66,28
2024-05-11,0,3,0.9714474788616788,0.9680579363909813,0.62,28
2024-05-12,0,3,1.0535541973093132,1.016807726570222,0.4325,28
2024-05-13,0,3,1.0240117177175188,1.0108209007754076,0.45,28
2024-05-14,0,3,1.125954466739724,0.9932773744713851,0.52,28
2024-05-15,0,3,1.2327625220716356,0.9796912884155907,0.58,28
2024-05-16,0,3,0.8955376067268118,0.9372967109089265,0.7275,28
2024-05-17,1,3,0.7913953040488042,0.9534565238031146,0.675,28
2024-05-18,0,3,0.9055523499200772,1.0047924559788792,0.4625,28
2024-05-19,0,3,1.0128479078315926,1.0218964553649235,0.42,28
2024-05-20,0,3,1.2727679133110166,1.0243589875029226,0.405,28
2024-05-21,0,3,1.1537031263145334,1.0062154381045827,0.4575,28
2024-05-22,0,3,1.046269531398886,0.9550524073541187,0.67,28
2024-05-23,0,3,1.0562146124420275,0.9971379743443401,0.5025,28
2024-05-24,0,3,1.2380722690129595,1.1204753836359624,0.125,28
2024-05-25,0,3,1.2213285629567612,1.1089087884723752,0.1575,28
2024-05-26,0,3,1.228174786340416,1.2075085362711446,0.045,28
2024-05-27,0,3,1.0487811469475452,1.139879547663562,0.1075,28
2024-05-28,0,3,0.9800365302910446,1.1301542409167629,0.12,28
2024-05-29,0,3,0.9766676001211076,1.1176090411276434,0.135,28
2024-05-30,0,3,1.0512578208843095,1.178077495222475,0.07,28
2024-05-31,0,3,0.9961927431314136,1.1724053240989825,0.0825,28
2024-06-01,0,3,1.0782850177636043,1.105236708902095,0.165,28
2024-06-02,0,3,0.9920610924462848,0.941138345045421,0.715,28
2024-06-03,0,3,0.9346561396567484,0.9138412509551996,0.815,28
2024-06-04,0,3,0.9732410768918764,0.929543272110793,0.76,28
2024-06-05,0,3,1.0072004413080666,0.9714079250187625,0.6075,28
2024-06-06,0,3,0.9640593675152046,0.9121505295959946,0.8175,28
2024-06-07,0,3,1.1256372778569268,0.9280269373923814,0.7725,28
2024-06-08,0,3,1.1008109168047002,0.9021984084348521,0.835,28
2024-06-09,0,3,0.989007483306001,0.9908965955774901,0.52,28
2024-06-10,0,3,0.9274834755604218,1.0145379466597286,0.4325,28
2024-06-11,0,3,1.0227093286635367,1.0350163001818242,0.3475,28
2024-06-12,0,3,0.8594831565656494,1.012379078469183,0.445,28
2024-06-13,0,3,0.917704853697102,1.017664426305033,0.43,28
2024-06-14,1,3,0.6795921971656652,0.9818836902634548,0.555,28
2024-06-15,1,3,0.6145184425791482,0.9729936422956296,0.5975,28
2024-06-16,1,3,0.6919752734828566,0.887094501540775,0.8575,28
2024-06-17,1,3,0.7297780106527604,0.85489192784092,0.9175,28
2024-06-18,1,3,0.6735497277838808,0.8799264172691442,0.87,28
2024-06-19,1,3,0.7804324729432032,0.8619227255764883,0.9,28
2024-06-20,1,3,0.8217039182820827,0.8590415860614538,0.905,28
2024-06-21,1,3,0.7884223086555656,0.842473523681869,0.9375,28
2024-06-22,0,3,0.9602602959616506,0.8639339893441458,0.9,28
2024-06-23,0,3,1.024427310962878,1.0991617927632504,0.175,28
2024-06-24,0,3,1.195491628687297,1.1750336109544457,0.0725,28
2024-06-25,0,3,1.215906713930801,1.1854224644638744,0.065,28
2024-06-26,0,3,1.2258309674396182,1.149184949295337,0.095,28
2024-06-27,0,3,1.073965935073988,1.0999172804095527,0.175,28
2024-06-28,0,3,1.2305126825999335,1.2117035429969176,0.0425,28
2024-06-29,0,3,1.097148681317217,1.200240479842477,0.0475,28
2024-06-30,0,3,1.0619410379298095,1.1143272057968163,0.145,28
2024-07-08,0,4,1.116457631384267,0.959035916355415,0.6313645621181263,28
2024-07-09,0,4,1.0101891778297445,0.9060329201306659,0.8044806517311609,28
2024-07-10,0,4,1.0863941086454256,0.9980214015293294,0.4847250509164969,28
2024-07-11,0,4,0.9965360490189162,0.9600988953584612,0.6272912423625254,28
2024-07-12,0,4,0.9539304823475042,0.9468108433935071,0.6883910386965377,28
2024-07-13,0,4,0.950638118953398,0.9520571127162464,0.6659877800407332,28
2024-07-14,1,4,0.8397214790590249,0.8924480996124317,0.835030549898167,28
2024-07-15,1,4,0.7334528107337351,0.8594081203023055,0.8920570264765784,28
2024-07-16,0,4,0.8883891721870719,0.9148762417404982,0.7922606924643585,28
2024-07-17,1,4,0.8437789187234767,0.9171901196629864,0.7881873727087576,28
2024-07-18,1,4,0.8472455707817422,0.9034240123534993,0.8085539714867617,28
2024-07-19,0,4,0.910717151006186,0.9044331093432885,0.8044806517311609,28
2024-07-20,0,4,0.925370339191337,0.911073496878964,0.7983706720977597,28
2024-07-21,0,4,0.9397654980095967,1.0335996591960237,0.35234215885947046,28
2024-07-22,0,4,1.104105804698513,1.0785035582201878,0.219959266802444,28
2024-07-23,0,4,1.121178664383199,1.0634066762519778,0.2545824847250509,28
2024-07-24,0,4,1.2550419907953434,1.1568198454747323,0.08961303462321792,28
2024-07-25,0,4,1.3558074600098629,1.1681505242074608,0.07128309572301425,28
2024-07-26,0,4,1.2959917929379574,1.1058647195086875,0.1629327902240326,28
2024-07-27,0,4,1.2389659237927133,1.144325899751589,0.09572301425661914,28
2024-07-28,0,4,1.4091135047749308,1.1517030103547543,0.09368635437881874,28
2024-07-29,0,4,1.3050678458824962,1.1201919101039133,0.1384928716904277,28
2024-07-30,0,4,1.3048241644198404,1.174187627365746,0.06720977596741344,28
2024-07-31,0,4,1.2597264680283011,1.114498826988302,0.14663951120162932,28
2024-08-01,0,4,1.121700455984094,1.0236982182697771,0.384928716904277,28
2024-08-02,0,4,1.0415576174661785,1.0414269815247004,0.34012219959266804,28
2024-08-03,0,4,1.0714138034837262,1.0471224013236238,0.31771894093686354,28
2024-08-04,0,4,0.9254800342702844,0.9468423223410822,0.6883910386965377,28
2024-08-05,0,4,0.9988541841260816,0.9369364410047339,0.7311608961303462,28
2024-08-06,0,4,0.9756751014725488,0.954416877541033,0.6537678207739308,28
2024-08-07,0,4,0.950823057621353,0.9474384301148691,0.6822810590631364,28
2024-08-08,0,4,0.903694941501862,0.9374381820246117,0.7291242362525459,28
2024-08-09,0,4,0.9996673408605188,0.9697038869939233,0.5926680244399185,28
2024-08-10,0,4,1.0858174208180866,0.9554832110842255,0.6456211812627292,28
2024-08-11,0,4,1.044348391022553,1.024132318355263,0.38289205702647655,28
2024-08-12,0,4,0.932182289361824,0.9760703413994849,0.5621181262729125,28
2024-08-13,0,4,0.9069610610786007,0.9737814132559376,0.5723014256619144,28
2024-08-14,1,4,0.8265701897589802,0.9775577758564551,0.5539714867617108,28
2024-08-15,0,4,0.9676451248182724,1.0194224589632048,0.39918533604887985,28
2024-08-16,0,4,0.9250031917066456,1.0060020355908363,0.45213849287169044,28
2024-08-17,0,4,0.8864973567568095,0.9889285950672184,0.5193482688391039,28
2024-08-18,0,4,0.9752006344141928,0.8594754930313434,0.8920570264765784,28
2024-08-19,0,4,0.9430349725449813,0.8677429276848324,0.8859470468431772,28
2023-07-08,0,0,0.9241726794350844,0.8925845079468888,0.832,29
2023-07-09,0,0,0.9743232874576132,1.0677757094730755,0.256,29
2023-07-10,0,0,0.9966145169869692,1.0687064139919369,0.256,29
2023-07-11,0,0,0.9517191542034068,0.9879186994579161,0.52,29
2023-07-12,0,0,0.948542157152549,1.0151430090304827,0.416,29
2023-07-13,1,0,0.8136032158541315,1.002806876272116,0.44,29
2023-07-14,1,0,0.8379735483359313,1.044658100203015,0.296,29
2023-07-15,0,0,0.8701002940440485,1.0263361394070154,0.36,29
2023-07-16,0,0,0.9114132510669704,1.0728597203429453,0.256,29
2023-07-17,0,0,0.8908737944136609,1.0513066299143206,0.296,29
2023-07-18,0,0,0.9255322693960212,1.0298751100944592,0.344,29
2023-07-19,0,0,0.967263115722151,1.0019505642740119,0.44,29
2023-07-20,0,0,1.0407271001586968,1.072299747735642,0.256,29
2023-07-21,0,0,1.0879196255666288,1.0633395810427433,0.264,29
2023-07-22,0,0,1.0747706880007073,1.0639485927722385,0.264,29
2023-07-23,0,0,1.082245562916266,1.0248488476805107,0.36,29
2023-07-24,0,0,1.1801619598634046,1.1383938997269405,0.104,29
2023-07-25,0,0,1.1393366031481695,1.0718435881341102,0.256,29
2023-07-26,0,0,1.0470649557621556,1.0381879965583063,0.32,29
2023-07-27,0,0,1.0524089049987362,1.0643818441189967,0.264,29
2023-07-28,0,0,1.0961332324625743,1.1383821299537624,0.104,29
2023-07-29,0,0,1.1475046354373504,1.117265268813386,0.16,29
2023-07-30,0,0,1.1030104289707232,1.0775143293121106,0.248,29
2023-07-31,0,0,0.9802661574733532,1.0118307104540143,0.416,29
2023-08-01,0,0,0.9276591914865956,1.0555911161102638,0.288,29
2023-08-02,0,0,0.9856192869568604,1.0538814692163359,0.296,29
2023-08-03,0,0,0.9849464199753928,1.072076864631129,0.256,29
2023-08-04,0,0,1.0288017106784253,1.0566457723835534,0.28,29
2023-08-05,0,0,1.0494101563413691,1.016969468951082,0.4,29
2023-08-06,0,0,0.925332606177236,0.9716384677635759,0.544,29
2023-08-07,0,0,1.0600347894644628,1.0276461174208598,0.352,29
2023-08-08,0,0,1.2032070808322328,1.0946879251353567,0.224,29
2023-08-09,0,0,1.1361856872066751,1.016721024133702,0.4,29
2023-08-10,0,0,1.2169384711338458,1.007418367997697,0.432,29
2023-08-11,0,0,1.124374488467241,0.9607546679371943,0.568,29
2023-08-12,0,0,1.0302234899243532,0.9528485517981503,0.616,29
2023-08-13,0,0,1.1364735275600777,1.0917788952633007,0.224,29
2023-08-14,0,0,1.0140690876726717,1.0734069057824642,0.256,29
2023-08-15,0,0,0.9598834391613684,1.0369397766141073,0.328,29
2023-08-16,0,0,0.96344523411635,1.0847370014287663,0.224,29
2023-08-17,0,0,0.8619772162480696,1.0101358991134577,0.432,29
2023-08-18,1,0,0.84340585697894,1.0346538598792052,0.328,29
2023-08-19,0,0,0.9361598228925094,1.1010339089644587,0.216,29
2023-08-20,0,0,0.9812706645380184,0.9854452349152174,0.52,29
2023-08-21,0,0,0.9880650175388538,0.9528446204916551,0.616,29
2023-08-22,0,0,0.9501391402718308,0.9809826705047966,0.52,29
2023-08-23,0,0,1.0115737235821658,0.988734269819228,0.512,29
2023-08-24,0,0,0.9999262702998436,1.0172815094862329,0.384,29
2023-08-25,0,0,1.24194058981351,1.0303449204615347,0.344,29
2023-08-26,0,0,1.1524945548408054,0.981029268437434,0.52,29
2023-08-27,0,0,1.0562711289247646,0.9347599846705182,0.704,29
2023-08-28,0,0,1.1258216617159271,0.9395108649740721,0.696,29
2023-08-29,0,0,1.127791985065815,1.0004096404547216,0.456,29
2023-08-30,0,0,1.0730811539867262,0.9441709799689763,0.664,29
2023-08-31,0,0,1.1374657637612942,0.9623466112670912,0.552,29
2023-09-01,0,0,0.9176351523297184,0.9336462367082596,0.704,29
2023-09-02,0,0,0.9210003824336146,0.9582620479671644,0.584,29
2023-09-03,0,0,0.9421400380007852,0.9121638352069994,0.784,29
2023-09-04,0,0,0.9211686908188832,0.8797343813218265,0.872,29
2023-09-05,1,0,0.8469144869908538,0.9107820011573883,0.784,29
2023-09-06,1,0,0.8378144001188419,0.9399749257399175,0.696,29
2023-09-07,1,0,0.8332308808794763,0.92523197012971,0.744,29
2023-09-08,1,0,0.7903801903571291,0.8983093543804066,0.816,29
2023-09-09,0,0,0.9215862638123296,0.8855372864241875,0.864,29
2023-09-10,0,0,0.9192039742345504,1.0386071719026087,0.32,29
2023-09-11,0,0,0.8882584499143324,1.0092142894665717,0.432,29
2023-09-12,0,0,0.9893752333510308,1.04521969470794,0.296,29
2023-09-13,0,0,1.0276905021746976,1.0659317844794263,0.256,29
2023-09-14,0,0,1.05764422804859,1.0315567478610943,0.336,29
2023-09-15,0,0,1.037244258278199,1.0333466550905117,0.336,29
2023-09-16,0,0,0.9111351623678404,0.9856898062385945,0.52,29
2023-09-17,0,0,0.9168705447222036,1.0207207306369561,0.376,29
2023-09-18,0,0,0.9480631642651184,1.0328133025370727,0.336,29
2023-09-19,0,0,1.049584705904487,1.04786291880075,0.296,29
2023-09-20,0,0,1.0582598221905524,1.0020030674256128,0.44,29
2023-09-21,0,0,1.0114472018825855,1.0213193386624089,0.376,29
2023-09-22,0,0,1.110871812182302,1.0302909309792554,0.344,29
2023-09-23,0,0,1.1541736168324266,1.082181468060574,0.232,29
2023-09-24,0,0,1.1078020011333731,1.0742618148722947,0.256,29
2023-09-25,0,0,1.074645609849099,1.0323230077566037,0.336,29
2023-09-26,0,0,0.9539644229731924,1.0522919010989609,0.296,29
2023-09-27,0,0,1.045324049908362,1.0195118912197676,0.384,29
2023-09-28,0,0,1.058283583828204,1.067624478065513,0.256,29
2023-09-29,0,0,0.9529449023805296,1.0632964271430048,0.264,29
2023-09-30,0,0,1.0335157970037918,1.0571186044544052,0.28,29
2023-10-08,0,1,0.943214957935384,0.9796039709252786,0.5529953917050692,29
2023-10-09,0,1,0.8954605455623991,0.9667606984742666,0.5990783410138248,29
2023-10-10,0,1,0.8714609046846392,0.968997492821987,0.5898617511520737,29
2023-10-11,0,1,0.8537394125385595,0.9826647153887044,0.543778801843318,29
2023-10-12,0,1,0.9158302055623126,1.0148107564438595,0.39631336405529954,29
2023-10-13,1,1,0.8235183048240129,0.9900658965856224,0.511520737327189,29
2023-10-14,1,1,0.8417997244121631,0.9858281446945197,0.5391705069124424,29
2023-10-15,0,1,0.8686185654387014,0.9875018129278689,0.5299539170506913,29
2023-10-16,1,1,0.837630457855076,1.004142507475273,0.4377880184331797,29
2023-10-17,1,1,0.7765728111191363,1.0223953566477315,0.3686635944700461,29
2023-10-18,0,1,0.876315761424511,1.0272216922776658,0.34101382488479265,29
2023-10-19,0,1,0.8981339369635442,1.0379969826940316,0.3225806451612903,29
2023-10-20,0,1,1.0052067391820876,1.0167478204612583,0.3870967741935484,29
2023-10-21,0,1,1.0475645261799866,1.0065957258556566,0.43317972350230416,29
2023-10-22,0,1,1.0349876751325695,1.0568345496938523,0.2534562211981567,29
2023-10-23,0,1,1.0648188658578015,1.0636968230949568,0.2350230414746544,29
2023-10-24,0,1,1.2288539084267107,1.1086767516464018,0.1152073732718894,29
2023-10-25,0,1,1.325022505621457,1.0819573313861366,0.17050691244239632,29
2023-10-26,0,1,1.3444469765965152,1.0725126689537865,0.22119815668202766,29
2023-10-27,0,1,1.24809949228092,1.0693026898788571,0.22580645161290322,29
2023-10-28,0,1,1.1197888843427084,1.0448177218079417,0.2903225806451613,29
2023-10-29,0,1,1.0278744636215793,1.021816481184046,0.3686635944700461,29
2023-10-30,0,1,1.092155254370859,1.0729002823737184,0.22119815668202766,29
2023-10-31,0,1,1.1015162289550902,1.0627999788923752,0.2350230414746544,29
2023-11-01,0,1,0.9616024375172428,0.9908015967846951,0.511520737327189,29
2023-11-02,0,1,1.0211534524417607,0.9806188290460354,0.5529953917050692,29
2023-11-03,0,1,1.0185200315853409,0.9995200567618395,0.4700460829493088,29
2023-11-04,0,1,0.9938521706160228,1.0206835161507193,0.37327188940092165,29
2023-11-05,0,1,1.0661778939631648,0.9906700350370833,0.511520737327189,29
2023-11-06,0,1,1.1620310134405805,0.981878916284577,0.543778801843318,29
2023-11-07,0,1,0.980518173100777,0.9214692944473244,0.8064516129032258,29
2023-11-08,0,1,0.9051698390223948,0.946869440652825,0.695852534562212,29
2023-11-09,1,1,0.7489778501170876,0.9451282420169386,0.7050691244239631,29
2023-11-10,1,1,0.7527771910343829,0.9618554325416842,0.6267281105990783,29
2023-11-11,0,1,0.9667089341078078,0.9959373985390111,0.48847926267281105,29
2023-11-12,0,1,0.9442364852029852,1.0521854795894898,0.2672811059907834,29
2023-11-13,1,1,0.7318274766100183,0.9868978063191681,0.5299539170506913,29
2023-11-14,1,1,0.8206581432559168,1.0543245917871158,0.25806451612903225,29
2023-11-15,0,1,1.051314083184571,1.1446983433763191,0.059907834101382486,29
2023-11-16,0,1,1.0761913404529675,1.0752611741958786,0.21658986175115208,29
2023-11-17,0,1,0.9757244500222187,1.0710986651849077,0.22119815668202766,29
2023-11-18,0,1,0.940194569771074,0.9836915290992682,0.543778801843318,29
2023-11-19,0,1,0.8987004950888953,1.0350348500471735,0.3225806451612903,29
2023-11-20,0,1,1.089296800690815,1.0848814161711235,0.16589861751152074,29
2023-11-21,0,1,1.1345993778130965,1.1374967760089156,0.07373271889400922,29
2023-11-22,0,1,1.0464304602981034,1.0091944930744767,0.423963133640553,29
2023-11-23,0,1,1.1378360455267436,1.0458917066737115,0.2857142857142857,29
2023-11-24,0,1,1.3841279965162,1.1296769203746602,0.08755760368663594,29
2023-11-25,0,1,1.2713157281439782,1.092040929934738,0.15207373271889402,29
2023-11-26,0,1,1.4205242426211462,1.0391457313291723,0.31797235023041476,29
2023-11-27,0,1,1.3156964922071708,1.0455164485322137,0.2857142857142857,29
2023-11-28,0,1,1.3008009098853073,1.0024057323803663,0.4423963133640553,29
2023-11-29,0,1,1.2479916720289856,1.057037773831162,0.2534562211981567,29
2023-11-30,0,1,1.184579900085264,1.0250361610990009,0.3548387096774194,29
2023-12-01,0,1,0.9217983024910515,0.9929306035297173,0.5023041474654378,29
2023-12-02,0,1,0.9872117622337688,1.0020079595197833,0.4470046082949309,29
2023-12-03,0,1,0.9761410830534396,0.9497690654910335,0.6774193548387096,29
2023-12-04,0,1,0.9081520857619844,0.8832081832190365,0.9124423963133641,29
2023-12-05,0,1,0.9381732402892374,0.9170133231735922,0.815668202764977,29
2023-12-06,0,1,0.9296518465586814,0.9495643151895715,0.6774193548387096,29
2023-12-07,1,1,0.8413685597788102,0.9310722407014241,0.7788018433179723,29
2023-12-08,0,1,0.991352633325197,0.9427813124175728,0.7142857142857143,29
2023-12-09,0,1,0.9411554944408358,0.9427704452936216,0.7142857142857143,29
2023-12-10,1,1,0.8389522108078011,0.9225361578994651,0.8064516129032258,29
2023-12-11,1,1,0.8071649857265369,0.9548600966435953,0.6543778801843319,29
2023-12-12,1,1,0.7572970023336949,0.9401095225164904,0.728110599078341,29
2023-12-13,1,1,0.6208795880453283,0.964623616056438,0.6082949308755761,29
2023-12-14,1,1,0.7592057772002324,1.0138015506404399,0.39631336405529954,29
2023-12-15,1,1,0.8328269225748938,1.0388441988010104,0.3225806451612903,29
2023-12-16,0,1,0.8590655807455964,0.9751916730370097,0.5576036866359447,29
2023-12-17,0,1,0.9377129218982944,1.0432300936155174,0.29493087557603687,29
2023-12-18,0,1,0.9642064200950122,1.0359194306697221,0.3225806451612903,29
2023-12-19,0,1,0.8985380992120569,1.0293745210574319,0.33640552995391704,29
2023-12-20,0,1,1.174221538340847,1.0603392348444338,0.23963133640552994,29
2023-12-21,0,1,1.219687141657661,1.0698949810619776,0.22119815668202766,29
2023-12-22,0,1,1.109109822460017,0.980274862668759,0.5529953917050692,29
2023-12-23,0,1,1.1355025094767273,1.0044662682350132,0.4377880184331797,29
2023-12-24,0,1,1.067923542918951,1.0782155819445878,0.19815668202764977,29
2023-12-25,0,1,1.0641320258226272,1.1064073297738473,0.12903225806451613,29
2023-12-26,0,1,1.1724151428996483,1.1420595555485697,0.06451612903225806,29
2023-12-27,0,1,1.10656776396788,1.1214501584173084,0.09216589861751152,29
2023-12-28,0,1,1.0122393038967503,1.0599952006462594,0.24423963133640553,29
2023-12-29,0,1,1.1349625439131328,1.0841829410059851,0.16589861751152074,29
2023-12-30,0,1,1.107041700896765,1.0731452509036072,0.22119815668202766,29
2023-12-31,0,1,1.0540714431461404,0.9844956217267556,0.543778801843318,29
2024-01-08,0,2,0.9380252547156612,0.9296350305115664,0.7669902912621359,29
2024-01-09,0,2,0.8604976941696318,0.8956184756904333,0.8640776699029126,29
2024-01-10,0,2,0.8967950138147822,0.9332683162602292,0.7475728155339806,29
2024-01-11,1,2,0.81515703606474,0.9010450177485442,0.8511326860841424,29
2024-01-12,1,2,0.7697963725749237,0.8944961848461033,0.8737864077669902,29
2024-01-13,1,2,0.841357639507363,0.9720935709052361,0.56957928802589,29
2024-01-14,1,2,0.8237505800283649,0.9767002066379372,0.5533980582524272,29
2024-01-15,1,2,0.8143008517556474,0.9621093460859637,0.6148867313915858,29
2024-01-16,0,2,0.8574681818882544,0.961337941596855,0.6213592233009708,29
2024-01-17,1,2,0.7587486496508539,0.9467918574818481,0.6796116504854369,29
2024-01-18,1,2,0.6693137152967722,0.929322742439277,0.7669902912621359,29
2024-01-19,1,2,0.6699104276785826,0.9740093498119168,0.5598705501618123,29
2024-01-20,0,2,0.8772632858888515,1.015133129628725,0.3883495145631068,29
2024-01-21,0,2,0.9892903383152972,1.0840952140246687,0.1779935275080906,29
2024-01-22,0,2,1.117405717166005,1.0461090004397908,0.284789644012945,29
2024-01-23,0,2,1.1151266074232986,1.0218952480295334,0.36245954692556637,29
2024-01-24,0,2,1.075838623368072,1.0857683689139461,0.1779935275080906,29
2024-01-25,0,2,1.2754491983991014,1.1641553480540088,0.06472491909385113,29
2024-01-26,0,2,1.423986158079574,1.178081460327607,0.05501618122977346,29
2024-01-27,0,2,1.2093563799502314,1.1146441176883597,0.11974110032362459,29
2024-01-28,0,2,1.0654453237147563,1.0705448592238314,0.21035598705501618,29
2024-01-29,0,2,0.947841005507312,1.0926221280662853,0.16181229773462782,29
2024-01-30,1,2,0.8351685356731198,1.0883068729959209,0.17475728155339806,29
2024-01-31,0,2,0.9497929613869894,1.1735430607452855,0.05501618122977346,29
2024-02-01,0,2,0.917248696829258,1.0651798064813645,0.23300970873786409,29
2024-02-02,0,2,0.8851405980336539,1.0325142970579901,0.3106796116504854,29
2024-02-03,0,2,0.982826709401738,1.0384237163658436,0.3042071197411003,29
2024-02-04,0,2,1.0025264392902944,0.9228842948727612,0.7896440129449838,29
2024-02-05,0,2,0.9483480269362228,0.9165885863751473,0.8122977346278317,29
2024-02-06,0,2,1.0972617113073977,0.9535782379002727,0.6634304207119741,29
2024-02-07,0,2,1.0891759604105706,0.948832468483066,0.6731391585760518,29
2024-02-08,0,2,1.096557459323093,0.8944233671300024,0.8737864077669902,29
2024-02-09,0,2,1.1167044003098343,0.9069828834201966,0.8414239482200647,29
2024-02-10,0,2,1.0002853718765394,0.8704091203374776,0.9158576051779935,29
2024-02-11,0,2,1.0068662107279371,0.9059765535182309,0.8414239482200647,29
2024-02-12,0,2,1.068197683139049,1.0129339970676017,0.40129449838187703,29
2024-02-13,0,2,0.9193871015786248,0.9173137364764414,0.8090614886731392,29
2024-02-14,0,2,0.9666893508669268,0.9631722311142119,0.6019417475728155,29
2024-02-15,0,2,0.9701647067175788,0.9617884022175591,0.6148867313915858,29
2024-02-16,0,2,0.951505866659967,0.8972725312798233,0.8576051779935275,29
2024-02-17,0,2,0.9867051638475192,0.9109386742205101,0.8252427184466019,29
2024-02-18,0,2,0.9427333113260588,0.9892388775464767,0.5242718446601942,29
2024-02-19,0,2,0.978784236975376,0.9825473017075964,0.5372168284789643,29
2024-02-20,0,2,1.2204788803729685,0.9853024716333316,0.5339805825242718,29
2024-02-21,0,2,1.2578634247818792,0.9990357463073247,0.4854368932038835,29
2024-02-22,0,2,1.4160461739581691,0.9743876306911873,0.5566343042071198,29
2024-02-23,0,2,1.4083895326125038,0.9633339911311373,0.598705501618123,29
2024-02-24,0,2,1.2889078774480094,1.0111473952310295,0.41423948220064727,29
2024-02-25,0,2,1.408628586196815,1.0888054279575374,0.17475728155339806,29
2024-02-26,0,2,1.5357853726649573,1.1161048975619947,0.11650485436893204,29
2024-02-27,0,2,1.4255036298830266,1.0826791850929696,0.18446601941747573,29
2024-02-28,0,2,1.3472740673438566,1.037494898042012,0.3042071197411003,29
2024-02-29,0,2,1.0804552257818711,1.0901086774930293,0.1715210355987055,29
2024-03-01,0,2,1.0254354181414247,0.9902985244730583,0.517799352750809,29
2024-03-02,0,2,1.1320172826735235,1.0147282790704797,0.3948220064724919,29
2024-03-03,0,2,1.128319747911003,0.9343067651462579,0.7378640776699029,29
2024-03-04,0,2,0.9822802609177096,0.9300941677067752,0.7637540453074434,29
2024-03-05,0,2,0.9670810502033153,0.8964634891912597,0.86084142394822,29
2024-03-06,0,2,0.946135861635669,0.9288130903591927,0.7734627831715211,29
2024-03-07,0,2,0.8708436819149774,0.8996261010670553,0.8511326860841424,29
2024-03-08,0,2,0.8762602644369504,0.9274608448778837,0.7766990291262136,29
2024-03-09,1,2,0.8487925178810976,0.9277877994133744,0.7734627831715211,29
2024-03-10,1,2,0.7728795364314732,0.8901969286096818,0.8770226537216829,29
2024-03-11,1,2,0.708461282966484,0.8821544599705697,0.8932038834951457,29
2024-03-12,1,2,0.6426398373180695,0.894149081421238,0.8737864077669902,29
2024-03-13,1,2,0.571377925482258,0.8894088969293557,0.8770226537216829,29
2024-03-14,1,2,0.6901720416567598,0.9436010570421509,0.7087378640776699,29
2024-03-15,1,2,0.7549641664287521,0.979698584044686,0.540453074433657,29
2024-03-16,1,2,0.836506042031234,0.9633026296331367,0.598705501618123,29
2024-03-17,0,2,0.9709646135075468,0.991059690496379,0.5145631067961165,29
2024-03-18,0,2,0.9688339478220468,1.032182242826382,0.313915857605178,29
2024-03-19,0,2,0.9413149393033896,1.0182939184344406,0.3786407766990291,29
2024-03-20,0,2,1.0655612632569766,1.0282352056247515,0.343042071197411,29
2024-03-21,0,2,1.133253625646406,1.0042056703975402,0.44983818770226536,29
2024-03-22,0,2,1.113040266895566,0.9658637734585872,0.5954692556634305,29
2024-03-23,0,2,1.036710651553232,0.9654208776791957,0.5954692556634305,29
2024-03-24,0,2,0.9228864380293004,1.0913825104690942,0.16181229773462782,29
2024-03-25,0,2,1.1500417141558186,1.1882160338321002,0.042071197411003236,29
2024-03-26,0,2,1.298740837351826,1.1843694029961314,0.04854368932038835,29
2024-03-27,0,2,1.2996211124527302,1.157653293371585,0.06796116504854369,29
2024-03-28,0,2,1.323402650373225,1.1858989424954431,0.045307443365695796,29
2024-03-29,0,2,1.3339767416071382,1.0998400708450735,0.1553398058252427,29
2024-03-30,0,2,1.273455247833983,1.0974702577691342,0.1553398058252427,29
2024-03-31,0,2,1.1543087116353845,1.0995368281870201,0.1553398058252427,29
2024-04-08,0,3,0.9013501692371486,0.8388784964669503,0.94,29
2024-04-09,0,3,0.9504673829573714,0.850104773490746,0.9175,29
2024-04-10,1,3,0.8243382492106264,0.8385948237284544,0.9425,29
2024-04-11,1,3,0.7834501466330951,0.8198805847795019,0.97,29
2024-04-12,0,3,0.8698604395795992,0.8442961445508301,0.93,29
2024-04-13,1,3,0.7597608507551356,0.8837946954082262,0.865,29
2024-04-14,1,3,0.677212775397524,0.9001374647755789,0.835,29
2024-04-15,1,3,0.6920359386686836,0.8996445720977844,0.835,29
2024-04-16,1,3,0.6104944247335421,0.9361162254631336,0.7325,29
2024-04-17,1,3,0.5682484576390117,0.9138083201680732,0.8075,29
2024-04-18,1,3,0.6743462566199577,0.9438209901632117,0.7025,29
2024-04-19,1,3,0.8021678182057587,0.9769278852433168,0.5725,29
2024-04-20,1,3,0.8338345092652095,0.9471446702166841,0.6875,29
2024-04-21,0,3,0.9500977307262902,1.082645823794133,0.205,29
2024-04-22,0,3,0.894020763122248,1.0793829929411929,0.2075,29
2024-04-23,0,3,0.991399742819852,1.1092502830046211,0.15,29
2024-04-24,0,3,1.0878447526166517,1.2150405109936435,0.0475,29
2024-04-25,0,3,1.1142222845209917,1.222121414825887,0.0475,29
2024-04-26,0,3,1.007146643273655,1.1929282921232522,0.0575,29
2024-04-27,0,3,1.1844212349409298,1.141628268241213,0.11,29
2024-04-28,0,3,1.1006217153126756,1.1491295675949889,0.0975,29
2024-04-29,0,3,1.2106187582063732,1.1904887415518026,0.0575,29
2024-04-30,0,3,1.176679988504357,1.142555790360108,0.11,29
2024-05-01,0,3,1.169712985396964,1.0933216263599477,0.1775,29
2024-05-02,0,3,1.216461054387081,1.0646183163373908,0.2625,29
2024-05-03,0,3,1.397113446052744,1.0741675795239567,0.2275,29
2024-05-04,0,3,1.0699333394458723,1.0403614950655,0.335,29
2024-05-05,0,3,1.0152024835913225,0.9531956143486233,0.6725,29
2024-05-06,0,3,0.9666563960052584,0.9957382873052485,0.5025,29
2024-05-07,0,3,1.0010999776265437,0.9817644733182329,0.5475,29
2024-05-08,0,3,1.045751819874061,1.0002487265646622,0.49,29
2024-05-09,0,3,1.2333799656918272,0.967429460977752,0.6125,29
2024-05-10,0,3,1.0191571683896132,0.9686870429525206,0.6075,29
2024-05-11,0,3,0.9714474788616788,0.9726973403295851,0.59,29
2024-05-12,0,3,1.0535541973093132,0.9981038389097551,0.4975,29
2024-05-13,0,3,1.0240117177175188,1.0035801131144395,0.47,29
2024-05-14,0,3,1.125954466739724,0.9802796584501389,0.56,29
2024-05-15,0,3,1.2327625220716356,0.9692009491974353,0.6075,29
2024-05-16,0,3,0.8955376067268118,0.9570374980975213,0.6625,29
2024-05-17,1,3,0.7913953040488042,0.9550339366144771,0.67,29
2024-05-18,0,3,0.9055523499200772,0.9991622145240718,0.495,29
2024-05-19,0,3,1.0128479078315926,1.0015719930416545,0.4825,29
2024-05-20,0,3,1.2727679133110166,1.0220303782745526,0.395,29
2024-05-21,0,3,1.1537031263145334,0.9794506235325331,0.5675,29
2024-05-22,0,3,1.046269531398886,0.9402815849020382,0.7125,29
2024-05-23,0,3,1.0562146124420275,0.9746117864816869,0.5825,29
2024-05-24,0,3,1.2380722690129595,1.0979764732883315,0.175,29
2024-05-25,0,3,1.2213285629567612,1.1044192275505949,0.1625,29
2024-05-26,0,3,1.228174786340416,1.171236621120703,0.08,29
2024-05-27,0,3,1.0487811469475452,1.13116239936037,0.12,29
2024-05-28,0,3,0.9800365302910446,1.125684608717549,0.1275,29
2024-05-29,0,3,0.9766676001211076,1.1058974209001087,0.16,29
2024-05-30,0,3,1.0512578208843095,1.1723265328714836,0.08,29
2024-05-31,0,3,0.9961927431314136,1.199970083399574,0.0575,29
2024-06-01,0,3,1.0782850177636043,1.0840300452824483,0.205,29
2024-06-02,0,3,0.9920610924462848,0.9573653811171309,0.655,29
2024-06-03,0,3,0.9346561396567484,0.9227026683583275,0.7875,29
2024-06-04,0,3,0.9732410768918764,0.9449263862160551,0.6975,29
2024-06-05,0,3,1.0072004413080666,0.9656648257613148,0.615,29
2024-06-06,0,3,0.9640593675152046,0.9182796674980295,0.795,29
2024-06-07,0,3,1.1256372778569268,0.9237973619558585,0.7825,29
2024-06-08,0,3,1.1008109168047002,0.9134994203676869,0.8075,29
2024-06-09,0,3,0.989007483306001,0.9980110916757479,0.4975,29
2024-06-10,0,3,0.9274834755604218,1.0255538548606336,0.39,29
2024-06-11,0,3,1.0227093286635367,1.0332257138487562,0.365,29
2024-06-12,0,3,0.8594831565656494,1.012277281211841,0.4275,29
2024-06-13,0,3,0.917704853697102,1.0085803038292827,0.445,29
2024-06-14,1,3,0.6795921971656652,1.002271959899222,0.48,29
2024-06-15,1,3,0.6145184425791482,0.9994608010016793,0.4925,29
2024-06-16,1,3,0.6919752734828566,0.8782377036699636,0.8675,29
2024-06-17,1,3,0.7297780106527604,0.8389806205594259,0.94,29
2024-06-18,1,3,0.6735497277838808,0.8735853706687047,0.875,29
2024-06-19,1,3,0.7804324729432032,0.881067304253431,0.865,29
2024-06-20,1,3,0.8217039182820827,0.8653412447949259,0.895,29
2024-06-21,1,3,0.7884223086555656,0.8349931794278888,0.9625,29
2024-06-22,0,3,0.9602602959616506,0.8490168779575348,0.925,29
2024-06-23,0,3,1.024427310962878,1.1010995218463442,0.17,29
2024-06-24,0,3,1.195491628687297,1.2122712156710327,0.0475,29
2024-06-25,0,3,1.215906713930801,1.1969934509759048,0.0575,29
2024-06-26,0,3,1.2258309674396182,1.150172837756569,0.095,29
2024-06-27,0,3,1.073965935073988,1.134663507225653,0.1175,29
2024-06-28,0,3,1.2305126825999335,1.219279393535922,0.0475,29
2024-06-29,0,3,1.097148681317217,1.2431120029326428,0.035,29
2024-06-30,0,3,1.0619410379298095,1.1283521807549193,0.125,29
2024-07-08,0,4,1.116457631384267,0.9734171065829875,0.570264765784114,29
2024-07-09,0,4,1.0101891778297445,0.9254393383918452,0.7657841140529531,29
2024-07-10,0,4,1.0863941086454256,0.9862857561927353,0.5234215885947047,29
2024-07-11,0,4,0.9965360490189162,0.9712887955239882,0.5824847250509165,29
2024-07-12,0,4,0.9539304823475042,0.9404027739574268,0.7026476578411406,29
2024-07-13,0,4,0.950638118953398,0.9642150967767403,0.6089613034623218,29
2024-07-14,1,4,0.8397214790590249,0.8837883112620994,0.8513238289205702,29
2024-07-15,1,4,0.7334528107337351,0.8449196017696962,0.9124236252545825,29
2024-07-16,0,4,0.8883891721870719,0.9270041347966435,0.7576374745417516,29
2024-07-17,1,4,0.8437789187234767,0.9222383200474514,0.7780040733197556,29
2024-07-18,1,4,0.8472455707817422,0.9045794505701774,0.8085539714867617,29
2024-07-19,0,4,0.910717151006186,0.891697415558749,0.8391038696537678,29
2024-07-20,0,4,0.925370339191337,0.8974936119561989,0.8268839103869654,29
2024-07-21,0,4,0.9397654980095967,1.0409521968126307,0.3258655804480652,29
2024-07-22,0,4,1.104105804698513,1.0767390453151782,0.219959266802444,29
2024-07-23,0,4,1.121178664383199,1.0609158866979886,0.25661914460285135,29
2024-07-24,0,4,1.2550419907953434,1.1684769630093628,0.07535641547861507,29
2024-07-25,0,4,1.3558074600098629,1.1760534797848337,0.06720977596741344,29
2024-07-26,0,4,1.2959917929379574,1.1005894443871325,0.1710794297352342,29
2024-07-27,0,4,1.2389659237927133,1.140991953595117,0.09775967413441955,29
2024-07-28,0,4,1.4091135047749308,1.1441431334063399,0.09572301425661914,29
2024-07-29,0,4,1.3050678458824962,1.132554720516672,0.1120162932790224,29
2024-07-30,0,4,1.3048241644198404,1.1762804387901262,0.06720977596741344,29
2024-07-31,0,4,1.2597264680283011,1.1276541359240668,0.11812627291242363,29
2024-08-01,0,4,1.121700455984094,1.024825218405379,0.3788187372708758,29
2024-08-02,0,4,1.0415576174661785,1.0285664950812483,0.3604887983706721,29
2024-08-03,0,4,1.0714138034837262,1.0517418577803672,0.2769857433808554,29
2024-08-04,0,4,0.9254800342702844,0.9495586310111834,0.6741344195519349,29
2024-08-05,0,4,0.9988541841260816,0.931875764256303,0.7393075356415478,29
2024-08-06,0,4,0.9756751014725488,0.9580269766834295,0.6354378818737271,29
2024-08-07,0,4,0.950823057621353,0.9559417738577946,0.6496945010183299,29
2024-08-08,0,4,0.903694941501862,0.940655307424735,0.7026476578411406,29
2024-08-09,0,4,0.9996673408605188,0.9674316782857405,0.594704684317719,29
2024-08-10,0,4,1.0858174208180866,0.9642902968541697,0.6089613034623218,29
2024-08-11,0,4,1.044348391022553,1.0097461356534652,0.42769857433808556,29
2024-08-12,0,4,0.932182289361824,0.973603888185176,0.570264765784114,29
2024-08-13,0,4,0.9069610610786007,0.9755101949756612,0.560081466395112,29
2024-08-14,1,4,0.8265701897589802,0.9713037464229475,0.5824847250509165,29
2024-08-15,0,4,0.9676451248182724,1.015955347495261,0.4093686354378819,29
2024-08-16,0,4,0.9250031917066456,1.010686959556665,0.42362525458248473,29
2024-08-17,0,4,0.8864973567568095,0.9767896952679516,0.5560081466395111,29
2024-08-18,0,4,0.9752006344141928,0.8530821469240517,0.8981670061099797,29
2024-08-19,0,4,0.9430349725449813,0.8511851987265856,0.9022403258655805,29
