date,target,score,threshold,fold_id,scope,model
2023-07-08,0,0.046731090050004774,0.18823054713220375,0,merchant_only,logistic
2023-07-09,0,0.09004827459079187,0.18823054713220375,0,merchant_only,logistic
2023-07-10,0,0.03696350433134237,0.18823054713220375,0,merchant_only,logistic
2023-07-11,0,0.9446084658029046,0.18823054713220375,0,merchant_only,logistic
2023-07-12,0,0.4723170066659948,0.18823054713220375,0,merchant_only,logistic
2023-07-13,1,0.27274232824578504,0.18823054713220375,0,merchant_only,logistic
2023-07-14,1,0.49847908697925947,0.18823054713220375,0,merchant_only,logistic
2023-07-15,0,0.007338211383888241,0.18823054713220375,0,merchant_only,logistic
2023-07-16,0,0.30094515751063666,0.18823054713220375,0,merchant_only,logistic
2023-07-17,0,0.08879017845365822,0.18823054713220375,0,merchant_only,logistic
2023-07-18,0,0.03652520816775212,0.18823054713220375,0,merchant_only,logistic
2023-07-19,0,0.04979501072651666,0.18823054713220375,0,merchant_only,logistic
2023-07-20,0,0.4596165594621744,0.18823054713220375,0,merchant_only,logistic
2023-07-21,0,0.016766039408921702,0.18823054713220375,0,merchant_only,logistic
2023-07-22,0,0.008845407020163249,0.18823054713220375,0,merchant_only,logistic
2023-07-23,0,0.0005123014476221934,0.18823054713220375,0,merchant_only,logistic
2023-07-24,0,0.07473053303204986,0.18823054713220375,0,merchant_only,logistic
2023-07-25,0,0.0016909752207556637,0.18823054713220375,0,merchant_only,logistic
2023-07-26,0,0.004131847044342415,0.18823054713220375,0,merchant_only,logistic
2023-07-27,0,0.02483148874173888,0.18823054713220375,0,merchant_only,logistic
2023-07-28,0,0.004873082870669093,0.18823054713220375,0,merchant_only,logistic
2023-07-29,0,0.052360486036401734,0.18823054713220375,0,merchant_only,logistic
2023-07-30,0,0.001472833711000071,0.18823054713220375,0,merchant_only,logistic
2023-07-31,0,0.12814480515392468,0.18823054713220375,0,merchant_only,logistic
2023-08-01,0,0.2740680120900267,0.18823054713220375,0,merchant_only,logistic
2023-08-02,0,0.031002512924637998,0.18823054713220375,0,merchant_only,logistic
2023-08-03,0,0.04669049260906786,0.18823054713220375,0,merchant_only,logistic
2023-08-04,0,0.14927112659687553,0.18823054713220375,0,merchant_only,logistic
2023-08-05,0,0.10537820937432872,0.18823054713220375,0,merchant_only,logistic
2023-08-06,0,0.5521587087172266,0.18823054713220375,0,merchant_only,logistic
2023-08-07,0,0.08471535256085218,0.18823054713220375,0,merchant_only,logistic
2023-08-08,0,0.21567792122904664,0.18823054713220375,0,merchant_only,logistic
2023-08-09,0,0.010501823792179956,0.18823054713220375,0,merchant_only,logistic
2023-08-10,0,0.25131586824108304,0.18823054713220375,0,merchant_only,logistic
2023-08-11,0,0.12413597850607108,0.18823054713220375,0,merchant_only,logistic
2023-08-12,0,0.5597067892334402,0.18823054713220375,0,merchant_only,logistic
2023-08-13,0,0.16613131344394855,0.18823054713220375,0,merchant_only,logistic
2023-08-14,0,0.007126387892986877,0.18823054713220375,0,merchant_only,logistic
2023-08-15,0,0.2912665541919737,0.18823054713220375,0,merchant_only,logistic
2023-08-16,0,0.10568651187584387,0.18823054713220375,0,merchant_only,logistic
2023-08-17,0,0.16277481711984254,0.18823054713220375,0,merchant_only,logistic
2023-08-18,1,0.05323031880067071,0.18823054713220375,0,merchant_only,logistic
2023-08-19,0,0.012975657750575785,0.18823054713220375,0,merchant_only,logistic
2023-08-20,0,0.033146159403303295,0.18823054713220375,0,merchant_only,logistic
2023-08-21,0,0.36424163180986285,0.18823054713220375,0,merchant_only,logistic
2023-08-22,0,0.46455429748945265,0.18823054713220375,0,merchant_only,logistic
2023-08-23,0,0.17077038858000967,0.18823054713220375,0,merchant_only,logistic
2023-08-24,0,0.16305311740929102,0.18823054713220375,0,merchant_only,logistic
2023-08-25,0,0.001541361358635174,0.18823054713220375,0,merchant_only,logistic
2023-08-26,0,0.028001317937521402,0.18823054713220375,0,merchant_only,logistic
2023-08-27,0,0.0618399160323384,0.18823054713220375,0,merchant_only,logistic
2023-08-28,0,0.22093194576975114,0.18823054713220375,0,merchant_only,logistic
2023-08-29,0,0.011233120077664492,0.18823054713220375,0,merchant_only,logistic
2023-08-30,0,0.034778938732127805,0.18823054713220375,0,merchant_only,logistic
2023-08-31,0,0.01731557840652539,0.18823054713220375,0,merchant_only,logistic
2023-09-01,0,0.005191290832545158,0.18823054713220375,0,merchant_only,logistic
2023-09-02,0,0.02382939128674849,0.18823054713220375,0,merchant_only,logistic
2023-09-03,0,0.8282848851746955,0.18823054713220375,0,merchant_only,logistic
2023-09-04,0,0.7659025895633464,0.18823054713220375,0,merchant_only,logistic
2023-09-05,1,0.4992428310664007,0.18823054713220375,0,merchant_only,logistic
2023-09-06,1,0.42271306352952587,0.18823054713220375,0,merchant_only,logistic
2023-09-07,1,0.5375969526796132,0.18823054713220375,0,merchant_only,logistic
2023-09-08,1,0.6795429377824048,0.18823054713220375,0,merchant_only,logistic
2023-09-09,0,0.7376206506886683,0.18823054713220375,0,merchant_only,logistic
2023-09-10,0,0.010210491527349017,0.18823054713220375,0,merchant_only,logistic
2023-09-11,0,0.5160605733776964,0.18823054713220375,0,merchant_only,logistic
2023-09-12,0,0.202620356676116,0.18823054713220375,0,merchant_only,logistic
2023-09-13,0,0.11376875613676331,0.18823054713220375,0,merchant_only,logistic
2023-09-14,0,0.511472994948726,0.18823054713220375,0,merchant_only,logistic
2023-09-15,0,0.13687160982230723,0.18823054713220375,0,merchant_only,logistic
2023-09-16,0,0.572952421411987,0.18823054713220375,0,merchant_only,logistic
2023-09-17,0,0.4919146787545958,0.18823054713220375,0,merchant_only,logistic
2023-09-18,0,0.028438123048687175,0.18823054713220375,0,merchant_only,logistic
2023-09-19,0,0.22344874565308875,0.18823054713220375,0,merchant_only,logistic
2023-09-20,0,0.11169227537129565,0.18823054713220375,0,merchant_only,logistic
2023-09-21,0,0.4113403094871772,0.18823054713220375,0,merchant_only,logistic
2023-09-22,0,0.19032198885878354,0.18823054713220375,0,merchant_only,logistic
2023-09-23,0,0.2544770315178535,0.18823054713220375,0,merchant_only,logistic
2023-09-24,0,0.0051355207633602094,0.18823054713220375,0,merchant_only,logistic
2023-09-25,0,0.0969852097758742,0.18823054713220375,0,merchant_only,logistic
2023-09-26,0,0.4624233911729902,0.18823054713220375,0,merchant_only,logistic
2023-09-27,0,0.0865975119900268,0.18823054713220375,0,merchant_only,logistic
2023-09-28,0,0.05331468931104163,0.18823054713220375,0,merchant_only,logistic
2023-09-29,0,0.07076356926468944,0.18823054713220375,0,merchant_only,logistic
2023-09-30,0,0.01179510430134658,0.18823054713220375,0,merchant_only,logistic
2023-10-08,0,0.7653706834156638,0.41,1,merchant_only,logistic
2023-10-09,0,0.18587911732828113,0.41,1,merchant_only,logistic
2023-10-10,0,0.4002696807011113,0.41,1,merchant_only,logistic
2023-10-11,0,0.22396439857528247,0.41,1,merchant_only,logistic
2023-10-12,0,0.2359625207898511,0.41,1,merchant_only,logistic
2023-10-13,1,0.062459879918548976,0.41,1,merchant_only,logistic
2023-10-14,1,0.17045445310166912,0.41,1,merchant_only,logistic
2023-10-15,0,0.8392937026639089,0.41,1,merchant_only,logistic
2023-10-16,1,0.4048928269811049,0.41,1,merchant_only,logistic
2023-10-17,1,0.6327938722074636,0.41,1,merchant_only,logistic
2023-10-18,0,0.15636969274201035,0.41,1,merchant_only,logistic
2023-10-19,0,0.09216200492960916,0.41,1,merchant_only,logistic
2023-10-20,0,0.31518082324212177,0.41,1,merchant_only,logistic
2023-10-21,0,0.45397156793998744,0.41,1,merchant_only,logistic
2023-10-22,0,0.006172658293236024,0.41,1,merchant_only,logistic
2023-10-23,0,0.010505788230385546,0.41,1,merchant_only,logistic
2023-10-24,0,0.0018605263862978717,0.41,1,merchant_only,logistic
2023-10-25,0,0.00041455120327106023,0.41,1,merchant_only,logistic
2023-10-26,0,0.25352808044506053,0.41,1,merchant_only,logistic
2023-10-27,0,0.012025322991530602,0.41,1,merchant_only,logistic
2023-10-28,0,0.09903629175963855,0.41,1,merchant_only,logistic
2023-10-29,0,0.024282230170168916,0.41,1,merchant_only,logistic
2023-10-30,0,0.015899017859391296,0.41,1,merchant_only,logistic
2023-10-31,0,0.015601594212487675,0.41,1,merchant_only,logistic
2023-11-01,0,0.46421317566144815,0.41,1,merchant_only,logistic
2023-11-02,0,0.17381777990267067,0.41,1,merchant_only,logistic
2023-11-03,0,0.27953176047950334,0.41,1,merchant_only,logistic
2023-11-04,0,0.03688092968093786,0.41,1,merchant_only,logistic
2023-11-05,0,0.05632284418989129,0.41,1,merchant_only,logistic
2023-11-06,0,0.07740426882090265,0.41,1,merchant_only,logistic
2023-11-07,0,0.9616674764573332,0.41,1,merchant_only,logistic
2023-11-08,0,0.707306850893232,0.41,1,merchant_only,logistic
2023-11-09,1,0.7612460801862727,0.41,1,merchant_only,logistic
2023-11-10,1,0.029465589131372222,0.41,1,merchant_only,logistic
2023-11-11,0,0.26402450134727734,0.41,1,merchant_only,logistic
2023-11-12,0,0.004707692114570391,0.41,1,merchant_only,logistic
2023-11-13,1,0.2622524440022465,0.41,1,merchant_only,logistic
2023-11-14,1,0.2591980431104317,0.41,1,merchant_only,logistic
2023-11-15,0,0.0004174413214558527,0.41,1,merchant_only,logistic
2023-11-16,0,0.0024417695345710865,0.41,1,merchant_only,logistic
2023-11-17,0,0.00010557011112234992,0.41,1,merchant_only,logistic
2023-11-18,0,0.00317058708915676,0.41,1,merchant_only,logistic
2023-11-19,0,0.0025769234059026267,0.41,1,merchant_only,logistic
2023-11-20,0,0.012276944164743625,0.41,1,merchant_only,logistic
2023-11-21,0,0.00013878042394647864,0.41,1,merchant_only,logistic
2023-11-22,0,0.002040260334628083,0.41,1,merchant_only,logistic
2023-11-23,0,0.0031811974987888034,0.41,1,merchant_only,logistic
2023-11-24,0,0.0010929607702895403,0.41,1,merchant_only,logistic
2023-11-25,0,0.002929244285664241,0.41,1,merchant_only,logistic
2023-11-26,0,0.0006323209524864552,0.41,1,merchant_only,logistic
2023-11-27,0,2.2774100285235303e-06,0.41,1,merchant_only,logistic
2023-11-28,0,0.00045163901751054894,0.41,1,merchant_only,logistic
2023-11-29,0,0.00411212317812122,0.41,1,merchant_only,logistic
2023-11-30,0,0.005209829781579665,0.41,1,merchant_only,logistic
2023-12-01,0,0.009227617393751454,0.41,1,merchant_only,logistic
2023-12-02,0,0.014928800025845788,0.41,1,merchant_only,logistic
2023-12-03,0,0.11181742049068975,0.41,1,merchant_only,logistic
2023-12-04,0,0.18322542223987806,0.41,1,merchant_only,logistic
2023-12-05,0,0.056328556893574584,0.41,1,merchant_only,logistic
2023-12-06,0,0.07177678276482821,0.41,1,merchant_only,logistic
2023-12-07,1,0.6167069399206655,0.41,1,merchant_only,logistic
2023-12-08,0,0.4925360187778887,0.41,1,merchant_only,logistic
2023-12-09,0,0.003139139632142225,0.41,1,merchant_only,logistic
2023-12-10,1,0.057396050681805255,0.41,1,merchant_only,logistic
2023-12-11,1,0.07117986203782652,0.41,1,merchant_only,logistic
2023-12-12,1,0.050111529693942745,0.41,1,merchant_only,logistic
2023-12-13,1,0.08588108364602597,0.41,1,merchant_only,logistic
2023-12-14,1,0.23445141173315215,0.41,1,merchant_only,logistic
2023-12-15,1,0.00033824971512886606,0.41,1,merchant_only,logistic
2023-12-16,0,0.010720901909313968,0.41,1,merchant_only,logistic
2023-12-17,0,0.051551938207804855,0.41,1,merchant_only,logistic
2023-12-18,0,0.00581928279844414,0.41,1,merchant_only,logistic
2023-12-19,0,0.008240749261068887,0.41,1,merchant_only,logistic
2023-12-20,0,0.05064648554804501,0.41,1,merchant_only,logistic
2023-12-21,0,0.0001330573097005522,0.41,1,merchant_only,logistic
2023-12-22,0,0.009689104968750589,0.41,1,merchant_only,logistic
2023-12-23,0,0.048007240374522205,0.41,1,merchant_only,logistic
2023-12-24,0,1.209394495794437e-05,0.41,1,merchant_only,logistic
2023-12-25,0,0.002680772150968124,0.41,1,merchant_only,logistic
2023-12-26,0,0.0018099801298729578,0.41,1,merchant_only,logistic
2023-12-27,0,9.019405471034487e-05,0.41,1,merchant_only,logistic
2023-12-28,0,0.00116714818887032,0.41,1,merchant_only,logistic
2023-12-29,0,0.009882250130355326,0.41,1,merchant_only,logistic
2023-12-30,0,0.006147196643657427,0.41,1,merchant_only,logistic
2023-12-31,0,0.2121401266773809,0.41,1,merchant_only,logistic
2024-01-08,0,0.10375345941419133,0.07500000000000001,2,merchant_only,logistic
2024-01-09,0,0.5315787835565752,0.07500000000000001,2,merchant_only,logistic
2024-01-10,0,0.697258287429713,0.07500000000000001,2,merchant_only,logistic
2024-01-11,1,0.5823141563440875,0.07500000000000001,2,merchant_only,logistic
2024-01-12,1,0.9475549765658489,0.07500000000000001,2,merchant_only,logistic
2024-01-13,1,0.5505647258503918,0.07500000000000001,2,merchant_only,logistic
2024-01-14,1,0.16962704290333833,0.07500000000000001,2,merchant_only,logistic
2024-01-15,1,0.41998645822604225,0.07500000000000001,2,merchant_only,logistic
2024-01-16,0,0.4630643519194382,0.07500000000000001,2,merchant_only,logistic
2024-01-17,1,0.16083493555326794,0.07500000000000001,2,merchant_only,logistic
2024-01-18,1,0.9084571805576545,0.07500000000000001,2,merchant_only,logistic
2024-01-19,1,0.45462790373518674,0.07500000000000001,2,merchant_only,logistic
2024-01-20,0,0.48313062108402316,0.07500000000000001,2,merchant_only,logistic
2024-01-21,0,0.009701099065883404,0.07500000000000001,2,merchant_only,logistic
2024-01-22,0,0.144808854493942,0.07500000000000001,2,merchant_only,logistic
2024-01-23,0,0.20752509988231735,0.07500000000000001,2,merchant_only,logistic
2024-01-24,0,0.132785506517811,0.07500000000000001,2,merchant_only,logistic
2024-01-25,0,0.13025768830878423,0.07500000000000001,2,merchant_only,logistic
2024-01-26,0,0.0044984447314476705,0.07500000000000001,2,merchant_only,logistic
2024-01-27,0,0.05756418939888711,0.07500000000000001,2,merchant_only,logistic
2024-01-28,0,0.016674346096865814,0.07500000000000001,2,merchant_only,logistic
2024-01-29,0,0.09524623333035052,0.07500000000000001,2,merchant_only,logistic
2024-01-30,1,0.09623975429899323,0.07500000000000001,2,merchant_only,logistic
2024-01-31,0,0.01702637176068018,0.07500000000000001,2,merchant_only,logistic
2024-02-01,0,0.07032849092845435,0.07500000000000001,2,merchant_only,logistic
2024-02-02,0,0.3482557395350637,0.07500000000000001,2,merchant_only,logistic
2024-02-03,0,0.03753078719205487,0.07500000000000001,2,merchant_only,logistic
2024-02-04,0,0.2566100937491478,0.07500000000000001,2,merchant_only,logistic
2024-02-05,0,0.15242287219644773,0.07500000000000001,2,merchant_only,logistic
2024-02-06,0,0.630662932643452,0.07500000000000001,2,merchant_only,logistic
2024-02-07,0,0.4952859927090317,0.07500000000000001,2,merchant_only,logistic
2024-02-08,0,0.7852545835301712,0.07500000000000001,2,merchant_only,logistic
2024-02-09,0,0.8957790224464834,0.07500000000000001,2,merchant_only,logistic
2024-02-10,0,0.8109515666122515,0.07500000000000001,2,merchant_only,logistic
2024-02-11,0,0.5028808329806135,0.07500000000000001,2,merchant_only,logistic
2024-02-12,0,0.09149594760297738,0.07500000000000001,2,merchant_only,logistic
2024-02-13,0,0.12124280846493549,0.07500000000000001,2,merchant_only,logistic
2024-02-14,0,0.09010187784008833,0.07500000000000001,2,merchant_only,logistic
2024-02-15,0,0.6089406136669318,0.07500000000000001,2,merchant_only,logistic
2024-02-16,0,0.19444731315419767,0.07500000000000001,2,merchant_only,logistic
2024-02-17,0,0.20071671966354654,0.07500000000000001,2,merchant_only,logistic
2024-02-18,0,0.09007070193955422,0.07500000000000001,2,merchant_only,logistic
2024-02-19,0,0.1484368194811243,0.07500000000000001,2,merchant_only,logistic
2024-02-20,0,0.3280036603713559,0.07500000000000001,2,merchant_only,logistic
2024-02-21,0,0.2502885723979907,0.07500000000000001,2,merchant_only,logistic
2024-02-22,0,0.4309175409416534,0.07500000000000001,2,merchant_only,logistic
2024-02-23,0,0.31747583175783234,0.07500000000000001,2,merchant_only,logistic
2024-02-24,0,0.14831467967719175,0.07500000000000001,2,merchant_only,logistic
2024-02-25,0,0.004840691379964664,0.07500000000000001,2,merchant_only,logistic
2024-02-26,0,0.0052190422682039505,0.07500000000000001,2,merchant_only,logistic
2024-02-27,0,0.051217675646598605,0.07500000000000001,2,merchant_only,logistic
2024-02-28,0,0.1462359497587737,0.07500000000000001,2,merchant_only,logistic
2024-02-29,0,0.2728519808270375,0.07500000000000001,2,merchant_only,logistic
2024-03-01,0,0.3228759729988137,0.07500000000000001,2,merchant_only,logistic
2024-03-02,0,0.042574554935503474,0.07500000000000001,2,merchant_only,logistic
2024-03-03,0,0.3587780143189232,0.07500000000000001,2,merchant_only,logistic
2024-03-04,0,0.1641073284267094,0.07500000000000001,2,merchant_only,logistic
2024-03-05,0,0.30751212712204307,0.07500000000000001,2,merchant_only,logistic
2024-03-06,0,0.3228850052213651,0.07500000000000001,2,merchant_only,logistic
2024-03-07,0,0.6934562478306991,0.07500000000000001,2,merchant_only,logistic
2024-03-08,0,0.22903501372989543,0.07500000000000001,2,merchant_only,logistic
2024-03-09,1,0.36036835426021363,0.07500000000000001,2,merchant_only,logistic
2024-03-10,1,0.7705359478851198,0.07500000000000001,2,merchant_only,logistic
2024-03-11,1,0.9433799495314463,0.07500000000000001,2,merchant_only,logistic
2024-03-12,1,0.9961487010445903,0.07500000000000001,2,merchant_only,logistic
2024-03-13,1,0.9432073817529764,0.07500000000000001,2,merchant_only,logistic
2024-03-14,1,0.6847120458235689,0.07500000000000001,2,merchant_only,logistic
2024-03-15,1,0.21145339369796493,0.07500000000000001,2,merchant_only,logistic
2024-03-16,1,0.28190081464547234,0.07500000000000001,2,merchant_only,logistic
2024-03-17,0,0.18686949979662604,0.07500000000000001,2,merchant_only,logistic
2024-03-18,0,0.2605571935385188,0.07500000000000001,2,merchant_only,logistic
2024-03-19,0,0.032556350515336126,0.07500000000000001,2,merchant_only,logistic
2024-03-20,0,0.07422191275530053,0.07500000000000001,2,merchant_only,logistic
2024-03-21,0,0.018452294149967356,0.07500000000000001,2,merchant_only,logistic
2024-03-22,0,0.0750578539140645,0.07500000000000001,2,merchant_only,logistic
2024-03-23,0,0.06675686738593414,0.07500000000000001,2,merchant_only,logistic
2024-03-24,0,0.44578663061046386,0.07500000000000001,2,merchant_only,logistic
2024-03-25,0,0.002564298907700772,0.07500000000000001,2,merchant_only,logistic
2024-03-26,0,0.001213274801622172,0.07500000000000001,2,merchant_only,logistic
2024-03-27,0,0.004254299385534754,0.07500000000000001,2,merchant_only,logistic
2024-03-28,0,0.00804313580970005,0.07500000000000001,2,merchant_only,logistic
2024-03-29,0,0.06181777169824696,0.07500000000000001,2,merchant_only,logistic
2024-03-30,0,0.01377730097664483,0.07500000000000001,2,merchant_only,logistic
2024-03-31,0,0.01210066334695811,0.07500000000000001,2,merchant_only,logistic
2024-04-08,0,0.6618174322308994,0.5827234679882144,3,merchant_only,logistic
2024-04-09,0,0.17822815673412035,0.5827234679882144,3,merchant_only,logistic
2024-04-10,1,0.6749362190653098,0.5827234679882144,3,merchant_only,logistic
2024-04-11,1,0.8900395823465578,0.5827234679882144,3,merchant_only,logistic
2024-04-12,0,0.8213801009723091,0.5827234679882144,3,merchant_only,logistic
2024-04-13,1,0.25191529879142727,0.5827234679882144,3,merchant_only,logistic
2024-04-14,1,0.08142555796188829,0.5827234679882144,3,merchant_only,logistic
2024-04-15,1,0.022061427511271554,0.5827234679882144,3,merchant_only,logistic
2024-04-16,1,0.017199049248861342,0.5827234679882144,3,merchant_only,logistic
2024-04-17,1,0.20631340998998565,0.5827234679882144,3,merchant_only,logistic
2024-04-18,1,0.7287173269035472,0.5827234679882144,3,merchant_only,logistic
2024-04-19,1,0.27398502023158505,0.5827234679882144,3,merchant_only,logistic
2024-04-20,1,0.21815584344189376,0.5827234679882144,3,merchant_only,logistic
2024-04-21,0,0.021921621126784894,0.5827234679882144,3,merchant_only,logistic
2024-04-22,0,0.23869810211241138,0.5827234679882144,3,merchant_only,logistic
2024-04-23,0,0.1037124895411495,0.5827234679882144,3,merchant_only,logistic
2024-04-24,0,0.03694600043369713,0.5827234679882144,3,merchant_only,logistic
2024-04-25,0,0.01578387231178213,0.5827234679882144,3,merchant_only,logistic
2024-04-26,0,0.21163372993544463,0.5827234679882144,3,merchant_only,logistic
2024-04-27,0,0.25075211102774303,0.5827234679882144,3,merchant_only,logistic
2024-04-28,0,0.0019073676495019903,0.5827234679882144,3,merchant_only,logistic
2024-04-29,0,0.002972716995309279,0.5827234679882144,3,merchant_only,logistic
2024-04-30,0,0.0076170454585848995,0.5827234679882144,3,merchant_only,logistic
2024-05-01,0,0.0023683214035130585,0.5827234679882144,3,merchant_only,logistic
2024-05-02,0,0.012689074414221615,0.5827234679882144,3,merchant_only,logistic
2024-05-03,0,0.010553497734278267,0.5827234679882144,3,merchant_only,logistic
2024-05-04,0,0.05796626320858526,0.5827234679882144,3,merchant_only,logistic
2024-05-05,0,0.8650058623035188,0.5827234679882144,3,merchant_only,logistic
2024-05-06,0,0.051049160602182446,0.5827234679882144,3,merchant_only,logistic
2024-05-07,0,0.28664626171135626,0.5827234679882144,3,merchant_only,logistic
2024-05-08,0,0.45943380702890035,0.5827234679882144,3,merchant_only,logistic
2024-05-09,0,0.5692569119802913,0.5827234679882144,3,merchant_only,logistic
2024-05-10,0,0.2640522194224802,0.5827234679882144,3,merchant_only,logistic
2024-05-11,0,0.6925669616618697,0.5827234679882144,3,merchant_only,logistic
2024-05-12,0,0.7763203310855712,0.5827234679882144,3,merchant_only,logistic
2024-05-13,0,0.02633688539056143,0.5827234679882144,3,merchant_only,logistic
2024-05-14,0,0.2645891700950928,0.5827234679882144,3,merchant_only,logistic
2024-05-15,0,0.17372243077633528,0.5827234679882144,3,merchant_only,logistic
2024-05-16,0,0.13225391135613773,0.5827234679882144,3,merchant_only,logistic
2024-05-17,1,0.7882947625397302,0.5827234679882144,3,merchant_only,logistic
2024-05-18,0,0.6103666257605631,0.5827234679882144,3,merchant_only,logistic
2024-05-19,0,0.06710802201016222,0.5827234679882144,3,merchant_only,logistic
2024-05-20,0,0.3464130691635047,0.5827234679882144,3,merchant_only,logistic
2024-05-21,0,0.12404948845773615,0.5827234679882144,3,merchant_only,logistic
2024-05-22,0,0.5941546197653187,0.5827234679882144,3,merchant_only,logistic
2024-05-23,0,0.7344447214070833,0.5827234679882144,3,merchant_only,logistic
2024-05-24,0,0.1743683559640059,0.5827234679882144,3,merchant_only,logistic
2024-05-25,0,0.3492454215194292,0.5827234679882144,3,merchant_only,logistic
2024-05-26,0,0.0009257912786617245,0.5827234679882144,3,merchant_only,logistic
2024-05-27,0,0.015486555230218494,0.5827234679882144,3,merchant_only,logistic
2024-05-28,0,0.05893301581277806,0.5827234679882144,3,merchant_only,logistic
2024-05-29,0,0.11913212961820793,0.5827234679882144,3,merchant_only,logistic
2024-05-30,0,0.00598254908544544,0.5827234679882144,3,merchant_only,logistic
2024-05-31,0,0.0043677698197969045,0.5827234679882144,3,merchant_only,logistic
2024-06-01,0,0.13061565836237093,0.5827234679882144,3,merchant_only,logistic
2024-06-02,0,0.0772629829641418,0.5827234679882144,3,merchant_only,logistic
2024-06-03,0,0.5509718300350916,0.5827234679882144,3,merchant_only,logistic
2024-06-04,0,0.5316664051643375,0.5827234679882144,3,merchant_only,logistic
2024-06-05,0,0.14909382643797658,0.5827234679882144,3,merchant_only,logistic
2024-06-06,0,0.42834083504159565,0.5827234679882144,3,merchant_only,logistic
2024-06-07,0,0.14864010152299836,0.5827234679882144,3,merchant_only,logistic
2024-06-08,0,0.24919596275136607,0.5827234679882144,3,merchant_only,logistic
2024-06-09,0,0.040021757075088975,0.5827234679882144,3,merchant_only,logistic
2024-06-10,0,0.08619431568603887,0.5827234679882144,3,merchant_only,logistic
2024-06-11,0,0.026921327437314763,0.5827234679882144,3,merchant_only,logistic
2024-06-12,0,0.07688352894757375,0.5827234679882144,3,merchant_only,logistic
2024-06-13,0,0.4374652446162393,0.5827234679882144,3,merchant_only,logistic
2024-06-14,1,0.854637291953065,0.5827234679882144,3,merchant_only,logistic
2024-06-15,1,0.3268203449562134,0.5827234679882144,3,merchant_only,logistic
2024-06-16,1,0.6203566153536929,0.5827234679882144,3,merchant_only,logistic
2024-06-17,1,0.6091699688369964,0.5827234679882144,3,merchant_only,logistic
2024-06-18,1,0.49416082606777806,0.5827234679882144,3,merchant_only,logistic
2024-06-19,1,0.0889426370962978,0.5827234679882144,3,merchant_only,logistic
2024-06-20,1,0.5183576893428201,0.5827234679882144,3,merchant_only,logistic
2024-06-21,1,0.5604030511539284,0.5827234679882144,3,merchant_only,logistic
2024-06-22,0,0.7305921089648,0.5827234679882144,3,merchant_only,logistic
2024-06-23,0,0.032117494778154794,0.5827234679882144,3,merchant_only,logistic
2024-06-24,0,0.015905774769004052,0.5827234679882144,3,merchant_only,logistic
2024-06-25,0,0.0022417911843291617,0.5827234679882144,3,merchant_only,logistic
2024-06-26,0,0.2228687049154959,0.5827234679882144,3,merchant_only,logistic
2024-06-27,0,0.06876947082257562,0.5827234679882144,3,merchant_only,logistic
2024-06-28,0,0.012061248032713483,0.5827234679882144,3,merchant_only,logistic
2024-06-29,0,0.025173792785560554,0.5827234679882144,3,merchant_only,logistic
2024-06-30,0,0.020664671960093604,0.5827234679882144,3,merchant_only,logistic
2024-07-08,0,0.506207849978213,0.633520587967905,4,merchant_only,logistic
2024-07-09,0,0.6330714845254352,0.633520587967905,4,merchant_only,logistic
2024-07-10,0,0.7944997614528302,0.633520587967905,4,merchant_only,logistic
2024-07-11,0,0.5628959188854387,0.633520587967905,4,merchant_only,logistic
2024-07-12,0,0.30369108186645954,0.633520587967905,4,merchant_only,logistic
2024-07-13,0,0.38485435504947224,0.633520587967905,4,merchant_only,logistic
2024-07-14,1,0.3540130754261675,0.633520587967905,4,merchant_only,logistic
2024-07-15,1,0.5419570832262758,0.633520587967905,4,merchant_only,logistic
2024-07-16,0,0.08286888971032882,0.633520587967905,4,merchant_only,logistic
2024-07-17,1,0.16878471997561648,0.633520587967905,4,merchant_only,logistic
2024-07-18,1,0.2174399836209672,0.633520587967905,4,merchant_only,logistic
2024-07-19,0,0.3864698960400961,0.633520587967905,4,merchant_only,logistic
2024-07-20,0,0.2915946854252631,0.633520587967905,4,merchant_only,logistic
2024-07-21,0,0.22272880912347545,0.633520587967905,4,merchant_only,logistic
2024-07-22,0,0.09369942982460606,0.633520587967905,4,merchant_only,logistic
2024-07-23,0,0.19936661420283375,0.633520587967905,4,merchant_only,logistic
2024-07-24,0,0.09346814073100794,0.633520587967905,4,merchant_only,logistic
2024-07-25,0,0.03836244660243334,0.633520587967905,4,merchant_only,logistic
2024-07-26,0,0.20679803367074828,0.633520587967905,4,merchant_only,logistic
2024-07-27,0,0.052911264975881146,0.633520587967905,4,merchant_only,logistic
2024-07-28,0,0.0027092272808609836,0.633520587967905,4,merchant_only,logistic
2024-07-29,0,0.017033012792867473,0.633520587967905,4,merchant_only,logistic
2024-07-30,0,0.001002794076395572,0.633520587967905,4,merchant_only,logistic
2024-07-31,0,0.027181879424067915,0.633520587967905,4,merchant_only,logistic
2024-08-01,0,0.08810543381006072,0.633520587967905,4,merchant_only,logistic
2024-08-02,0,0.05778328836888214,0.633520587967905,4,merchant_only,logistic
2024-08-03,0,0.07788049687601524,0.633520587967905,4,merchant_only,logistic
2024-08-04,0,0.6162076009588645,0.633520587967905,4,merchant_only,logistic
2024-08-05,0,0.34370050488082515,0.633520587967905,4,merchant_only,logistic
2024-08-06,0,0.5973610286829403,0.633520587967905,4,merchant_only,logistic
2024-08-07,0,0.428262822841535,0.633520587967905,4,merchant_only,logistic
2024-08-08,0,0.790868181052054,0.633520587967905,4,merchant_only,logistic
2024-08-09,0,0.7365684780334182,0.633520587967905,4,merchant_only,logistic
2024-08-10,0,0.8068572523159839,0.633520587967905,4,merchant_only,logistic
2024-08-11,0,0.5406894731521729,0.633520587967905,4,merchant_only,logistic
2024-08-12,0,0.6774904393666107,0.633520587967905,4,merchant_only,logistic
2024-08-13,0,0.6701020978885457,0.633520587967905,4,merchant_only,logistic
2024-08-14,1,0.5640534211630065,0.633520587967905,4,merchant_only,logistic
2024-08-15,0,0.33750840066257987,0.633520587967905,4,merchant_only,logistic
2024-08-16,0,0.40618344687283164,0.633520587967905,4,merchant_only,logistic
2024-08-17,0,0.33956617936794403,0.633520587967905,4,merchant_only,logistic
2024-08-18,0,0.46002377322446025,0.633520587967905,4,merchant_only,logistic
2024-08-19,0,0.2571167971512217,0.633520587967905,4,merchant_only,logistic
2023-07-08,0,0.14132240946196134,0.11174208732666159,0,merchant_only,extra_trees
2023-07-09,0,0.09382401596593279,0.11174208732666159,0,merchant_only,extra_trees
2023-07-10,0,0.12393694768622103,0.11174208732666159,0,merchant_only,extra_trees
2023-07-11,0,0.5222096473203014,0.11174208732666159,0,merchant_only,extra_trees
2023-07-12,0,0.3525299980310826,0.11174208732666159,0,merchant_only,extra_trees
2023-07-13,1,0.36631899912113625,0.11174208732666159,0,merchant_only,extra_trees
2023-07-14,1,0.3193413367587123,0.11174208732666159,0,merchant_only,extra_trees
2023-07-15,0,0.09403061883835878,0.11174208732666159,0,merchant_only,extra_trees
2023-07-16,0,0.07650503585257618,0.11174208732666159,0,merchant_only,extra_trees
2023-07-17,0,0.25523864566871807,0.11174208732666159,0,merchant_only,extra_trees
2023-07-18,0,0.17918087105348524,0.11174208732666159,0,merchant_only,extra_trees
2023-07-19,0,0.27361223902007337,0.11174208732666159,0,merchant_only,extra_trees
2023-07-20,0,0.3953926330961418,0.11174208732666159,0,merchant_only,extra_trees
2023-07-21,0,0.18727964381066312,0.11174208732666159,0,merchant_only,extra_trees
2023-07-22,0,0.29281047980606756,0.11174208732666159,0,merchant_only,extra_trees
2023-07-23,0,0.14837398168331176,0.11174208732666159,0,merchant_only,extra_trees
2023-07-24,0,0.025149510014118692,0.11174208732666159,0,merchant_only,extra_trees
2023-07-25,0,0.02647898584080108,0.11174208732666159,0,merchant_only,extra_trees
2023-07-26,0,0.009041788165155579,0.11174208732666159,0,merchant_only,extra_trees
2023-07-27,0,0.02325695708122162,0.11174208732666159,0,merchant_only,extra_trees
2023-07-28,0,0.03347795146645134,0.11174208732666159,0,merchant_only,extra_trees
2023-07-29,0,0.05167167820711915,0.11174208732666159,0,merchant_only,extra_trees
2023-07-30,0,0.03109759075155295,0.11174208732666159,0,merchant_only,extra_trees
2023-07-31,0,0.03853444203143348,0.11174208732666159,0,merchant_only,extra_trees
2023-08-01,0,0.15161164695378232,0.11174208732666159,0,merchant_only,extra_trees
2023-08-02,0,0.12226507775172077,0.11174208732666159,0,merchant_only,extra_trees
2023-08-03,0,0.16111931871815063,0.11174208732666159,0,merchant_only,extra_trees
2023-08-04,0,0.28779250363316583,0.11174208732666159,0,merchant_only,extra_trees
2023-08-05,0,0.18505849376518027,0.11174208732666159,0,merchant_only,extra_trees
2023-08-06,0,0.46714659287712634,0.11174208732666159,0,merchant_only,extra_trees
2023-08-07,0,0.2204543404747224,0.11174208732666159,0,merchant_only,extra_trees
2023-08-08,0,0.16688807080327012,0.11174208732666159,0,merchant_only,extra_trees
2023-08-09,0,0.2272681736068057,0.11174208732666159,0,merchant_only,extra_trees
2023-08-10,0,0.3770219505904422,0.11174208732666159,0,merchant_only,extra_trees
2023-08-11,0,0.43607936078193277,0.11174208732666159,0,merchant_only,extra_trees
2023-08-12,0,0.46196882728024663,0.11174208732666159,0,merchant_only,extra_trees
2023-08-13,0,0.18568885822099968,0.11174208732666159,0,merchant_only,extra_trees
2023-08-14,0,0.08275163964681458,0.11174208732666159,0,merchant_only,extra_trees
2023-08-15,0,0.2501495971925885,0.11174208732666159,0,merchant_only,extra_trees
2023-08-16,0,0.14361591379510458,0.11174208732666159,0,merchant_only,extra_trees
2023-08-17,0,0.3047051198606572,0.11174208732666159,0,merchant_only,extra_trees
2023-08-18,1,0.14354774946984708,0.11174208732666159,0,merchant_only,extra_trees
2023-08-19,0,0.04905391865605559,0.11174208732666159,0,merchant_only,extra_trees
2023-08-20,0,0.27969725290118014,0.11174208732666159,0,merchant_only,extra_trees
2023-08-21,0,0.3482906200627392,0.11174208732666159,0,merchant_only,extra_trees
2023-08-22,0,0.4997104179367327,0.11174208732666159,0,merchant_only,extra_trees
2023-08-23,0,0.31837009379700054,0.11174208732666159,0,merchant_only,extra_trees
2023-08-24,0,0.09250566018089819,0.11174208732666159,0,merchant_only,extra_trees
2023-08-25,0,0.011777701746169066,0.11174208732666159,0,merchant_only,extra_trees
2023-08-26,0,0.08691209758117055,0.11174208732666159,0,merchant_only,extra_trees
2023-08-27,0,0.1263226983292272,0.11174208732666159,0,merchant_only,extra_trees
2023-08-28,0,0.062046870406004075,0.11174208732666159,0,merchant_only,extra_trees
2023-08-29,0,0.035208564273304585,0.11174208732666159,0,merchant_only,extra_trees
2023-08-30,0,0.04299288773995043,0.11174208732666159,0,merchant_only,extra_trees
2023-08-31,0,0.056148356384804275,0.11174208732666159,0,merchant_only,extra_trees
2023-09-01,0,0.37675734935595195,0.11174208732666159,0,merchant_only,extra_trees
2023-09-02,0,0.20181544086702824,0.11174208732666159,0,merchant_only,extra_trees
2023-09-03,0,0.39313883816147616,0.11174208732666159,0,merchant_only,extra_trees
2023-09-04,0,0.441881740534182,0.11174208732666159,0,merchant_only,extra_trees
2023-09-05,1,0.4286548563185524,0.11174208732666159,0,merchant_only,extra_trees
2023-09-06,1,0.2729467677608992,0.11174208732666159,0,merchant_only,extra_trees
2023-09-07,1,0.3884036091010071,0.11174208732666159,0,merchant_only,extra_trees
2023-09-08,1,0.5085531670058528,0.11174208732666159,0,merchant_only,extra_trees
2023-09-09,0,0.4270926170912572,0.11174208732666159,0,merchant_only,extra_trees
2023-09-10,0,0.20623910001223028,0.11174208732666159,0,merchant_only,extra_trees
2023-09-11,0,0.30989092511482313,0.11174208732666159,0,merchant_only,extra_trees
2023-09-12,0,0.3517932022779821,0.11174208732666159,0,merchant_only,extra_trees
2023-09-13,0,0.30600339899931606,0.11174208732666159,0,merchant_only,extra_trees
2023-09-14,0,0.33894817718622333,0.11174208732666159,0,merchant_only,extra_trees
2023-09-15,0,0.2366346070587635,0.11174208732666159,0,merchant_only,extra_trees
2023-09-16,0,0.24736869752698148,0.11174208732666159,0,merchant_only,extra_trees
2023-09-17,0,0.22123655768793501,0.11174208732666159,0,merchant_only,extra_trees
2023-09-18,0,0.09976456414889544,0.11174208732666159,0,merchant_only,extra_trees
2023-09-19,0,0.2897412717619682,0.11174208732666159,0,merchant_only,extra_trees
2023-09-20,0,0.28467798616816437,0.11174208732666159,0,merchant_only,extra_trees
2023-09-21,0,0.38252812275865467,0.11174208732666159,0,merchant_only,extra_trees
2023-09-22,0,0.1532706933104672,0.11174208732666159,0,merchant_only,extra_trees
2023-09-23,0,0.2772895496921743,0.11174208732666159,0,merchant_only,extra_trees
2023-09-24,0,0.020904611839787764,0.11174208732666159,0,merchant_only,extra_trees
2023-09-25,0,0.03512292246826931,0.11174208732666159,0,merchant_only,extra_trees
2023-09-26,0,0.12013070581798459,0.11174208732666159,0,merchant_only,extra_trees
2023-09-27,0,0.04467482295073141,0.11174208732666159,0,merchant_only,extra_trees
2023-09-28,0,0.045673726460949034,0.11174208732666159,0,merchant_only,extra_trees
2023-09-29,0,0.03481266351251229,0.11174208732666159,0,merchant_only,extra_trees
2023-09-30,0,0.02363690659177115,0.11174208732666159,0,merchant_only,extra_trees
2023-10-08,0,0.2695581817292964,0.21500000000000002,1,merchant_only,extra_trees
2023-10-09,0,0.36168065843916086,0.21500000000000002,1,merchant_only,extra_trees
2023-10-10,0,0.33028807266836285,0.21500000000000002,1,merchant_only,extra_trees
2023-10-11,0,0.3231121343255647,0.21500000000000002,1,merchant_only,extra_trees
2023-10-12,0,0.32183595128897385,0.21500000000000002,1,merchant_only,extra_trees
2023-10-13,1,0.20490216456342736,0.21500000000000002,1,merchant_only,extra_trees
2023-10-14,1,0.27761061795411723,0.21500000000000002,1,merchant_only,extra_trees
2023-10-15,0,0.3563502079382751,0.21500000000000002,1,merchant_only,extra_trees
2023-10-16,1,0.3569990411532181,0.21500000000000002,1,merchant_only,extra_trees
2023-10-17,1,0.4514104853010391,0.21500000000000002,1,merchant_only,extra_trees
2023-10-18,0,0.223108225524897,0.21500000000000002,1,merchant_only,extra_trees
2023-10-19,0,0.1745221337324892,0.21500000000000002,1,merchant_only,extra_trees
2023-10-20,0,0.3066254808450434,0.21500000000000002,1,merchant_only,extra_trees
2023-10-21,0,0.26654358049845933,0.21500000000000002,1,merchant_only,extra_trees
2023-10-22,0,0.14687766244957493,0.21500000000000002,1,merchant_only,extra_trees
2023-10-23,0,0.18552038821931316,0.21500000000000002,1,merchant_only,extra_trees
2023-10-24,0,0.0529686659522565,0.21500000000000002,1,merchant_only,extra_trees
2023-10-25,0,0.008387225394929892,0.21500000000000002,1,merchant_only,extra_trees
2023-10-26,0,0.04665350299858501,0.21500000000000002,1,merchant_only,extra_trees
2023-10-27,0,0.018513030171645715,0.21500000000000002,1,merchant_only,extra_trees
2023-10-28,0,0.022318586246353828,0.21500000000000002,1,merchant_only,extra_trees
2023-10-29,0,0.022394985235156678,0.21500000000000002,1,merchant_only,extra_trees
2023-10-30,0,0.013709151158771415,0.21500000000000002,1,merchant_only,extra_trees
2023-10-31,0,0.027416518609290775,0.21500000000000002,1,merchant_only,extra_trees
2023-11-01,0,0.27492115705583015,0.21500000000000002,1,merchant_only,extra_trees
2023-11-02,0,0.22265246394672766,0.21500000000000002,1,merchant_only,extra_trees
2023-11-03,0,0.24222645218246872,0.21500000000000002,1,merchant_only,extra_trees
2023-11-04,0,0.2674465132623508,0.21500000000000002,1,merchant_only,extra_trees
2023-11-05,0,0.2212729256750886,0.21500000000000002,1,merchant_only,extra_trees
2023-11-06,0,0.3024866066696482,0.21500000000000002,1,merchant_only,extra_trees
2023-11-07,0,0.49002180642435406,0.21500000000000002,1,merchant_only,extra_trees
2023-11-08,0,0.5098912935395071,0.21500000000000002,1,merchant_only,extra_trees
2023-11-09,1,0.5034085327191616,0.21500000000000002,1,merchant_only,extra_trees
2023-11-10,1,0.19951294539024078,0.21500000000000002,1,merchant_only,extra_trees
2023-11-11,0,0.2039352804625267,0.21500000000000002,1,merchant_only,extra_trees
2023-11-12,0,0.17066994180163206,0.21500000000000002,1,merchant_only,extra_trees
2023-11-13,1,0.20050328798442751,0.21500000000000002,1,merchant_only,extra_trees
2023-11-14,1,0.23996423569222292,0.21500000000000002,1,merchant_only,extra_trees
2023-11-15,0,0.11402992242390288,0.21500000000000002,1,merchant_only,extra_trees
2023-11-16,0,0.11994452763142552,0.21500000000000002,1,merchant_only,extra_trees
2023-11-17,0,0.08671996010165982,0.21500000000000002,1,merchant_only,extra_trees
2023-11-18,0,0.16932379016216006,0.21500000000000002,1,merchant_only,extra_trees
2023-11-19,0,0.10480426070344787,0.21500000000000002,1,merchant_only,extra_trees
2023-11-20,0,0.265812010689587,0.21500000000000002,1,merchant_only,extra_trees
2023-11-21,0,0.050509420892595774,0.21500000000000002,1,merchant_only,extra_trees
2023-11-22,0,0.13935080463992863,0.21500000000000002,1,merchant_only,extra_trees
2023-11-23,0,0.10542350855175302,0.21500000000000002,1,merchant_only,extra_trees
2023-11-24,0,0.024515288538790432,0.21500000000000002,1,merchant_only,extra_trees
2023-11-25,0,0.04620912669780614,0.21500000000000002,1,merchant_only,extra_trees
2023-11-26,0,0.05571843868185991,0.21500000000000002,1,merchant_only,extra_trees
2023-11-27,0,0.020045239213900865,0.21500000000000002,1,merchant_only,extra_trees
2023-11-28,0,0.046544525978528636,0.21500000000000002,1,merchant_only,extra_trees
2023-11-29,0,0.022625545657209006,0.21500000000000002,1,merchant_only,extra_trees
2023-11-30,0,0.020429278174094713,0.21500000000000002,1,merchant_only,extra_trees
2023-12-01,0,0.12480804726283645,0.21500000000000002,1,merchant_only,extra_trees
2023-12-02,0,0.18426598742783612,0.21500000000000002,1,merchant_only,extra_trees
2023-12-03,0,0.2981359451098179,0.21500000000000002,1,merchant_only,extra_trees
2023-12-04,0,0.5239485862191788,0.21500000000000002,1,merchant_only,extra_trees
2023-12-05,0,0.4660909389829115,0.21500000000000002,1,merchant_only,extra_trees
2023-12-06,0,0.4634760992308975,0.21500000000000002,1,merchant_only,extra_trees
2023-12-07,1,0.542060560163459,0.21500000000000002,1,merchant_only,extra_trees
2023-12-08,0,0.32788382734910027,0.21500000000000002,1,merchant_only,extra_trees
2023-12-09,0,0.3681414301157987,0.21500000000000002,1,merchant_only,extra_trees
2023-12-10,1,0.297834913474643,0.21500000000000002,1,merchant_only,extra_trees
2023-12-11,1,0.23734794575659765,0.21500000000000002,1,merchant_only,extra_trees
2023-12-12,1,0.3650702676761569,0.21500000000000002,1,merchant_only,extra_trees
2023-12-13,1,0.27696103315348414,0.21500000000000002,1,merchant_only,extra_trees
2023-12-14,1,0.2229460991273218,0.21500000000000002,1,merchant_only,extra_trees
2023-12-15,1,0.06257909924336374,0.21500000000000002,1,merchant_only,extra_trees
2023-12-16,0,0.11662741665017942,0.21500000000000002,1,merchant_only,extra_trees
2023-12-17,0,0.08693841366462692,0.21500000000000002,1,merchant_only,extra_trees
2023-12-18,0,0.2967206185303363,0.21500000000000002,1,merchant_only,extra_trees
2023-12-19,0,0.18183927969705185,0.21500000000000002,1,merchant_only,extra_trees
2023-12-20,0,0.22101605916845887,0.21500000000000002,1,merchant_only,extra_trees
2023-12-21,0,0.06118594059356731,0.21500000000000002,1,merchant_only,extra_trees
2023-12-22,0,0.18674530047082957,0.21500000000000002,1,merchant_only,extra_trees
2023-12-23,0,0.1437995117934171,0.21500000000000002,1,merchant_only,extra_trees
2023-12-24,0,0.01541708114072684,0.21500000000000002,1,merchant_only,extra_trees
2023-12-25,0,0.036834668902390275,0.21500000000000002,1,merchant_only,extra_trees
2023-12-26,0,0.034882620853988806,0.21500000000000002,1,merchant_only,extra_trees
2023-12-27,0,0.01893496599979423,0.21500000000000002,1,merchant_only,extra_trees
2023-12-28,0,0.03746516789790891,0.21500000000000002,1,merchant_only,extra_trees
2023-12-29,0,0.021049403792290297,0.21500000000000002,1,merchant_only,extra_trees
2023-12-30,0,0.016418804805289497,0.21500000000000002,1,merchant_only,extra_trees
2023-12-31,0,0.06337845808357304,0.21500000000000002,1,merchant_only,extra_trees
2024-01-08,0,0.41186047563317024,0.17835040215216244,2,merchant_only,extra_trees
2024-01-09,0,0.5124830395044366,0.17835040215216244,2,merchant_only,extra_trees
2024-01-10,0,0.40904767402538966,0.17835040215216244,2,merchant_only,extra_trees
2024-01-11,1,0.4508455690403835,0.17835040215216244,2,merchant_only,extra_trees
2024-01-12,1,0.5926419597835046,0.17835040215216244,2,merchant_only,extra_trees
2024-01-13,1,0.47122906374895307,0.17835040215216244,2,merchant_only,extra_trees
2024-01-14,1,0.29363413750546385,0.17835040215216244,2,merchant_only,extra_trees
2024-01-15,1,0.4691250284123685,0.17835040215216244,2,merchant_only,extra_trees
2024-01-16,0,0.5317255277956355,0.17835040215216244,2,merchant_only,extra_trees
2024-01-17,1,0.5440955632950751,0.17835040215216244,2,merchant_only,extra_trees
2024-01-18,1,0.6073869507936265,0.17835040215216244,2,merchant_only,extra_trees
2024-01-19,1,0.36331281428269824,0.17835040215216244,2,merchant_only,extra_trees
2024-01-20,0,0.2988307519893455,0.17835040215216244,2,merchant_only,extra_trees
2024-01-21,0,0.16683501165007739,0.17835040215216244,2,merchant_only,extra_trees
2024-01-22,0,0.14291862743626843,0.17835040215216244,2,merchant_only,extra_trees
2024-01-23,0,0.15446290680912536,0.17835040215216244,2,merchant_only,extra_trees
2024-01-24,0,0.007866777046519462,0.17835040215216244,2,merchant_only,extra_trees
2024-01-25,0,0.0699236363487042,0.17835040215216244,2,merchant_only,extra_trees
2024-01-26,0,0.01072836759626336,0.17835040215216244,2,merchant_only,extra_trees
2024-01-27,0,0.03780408388886657,0.17835040215216244,2,merchant_only,extra_trees
2024-01-28,0,0.009578779388455659,0.17835040215216244,2,merchant_only,extra_trees
2024-01-29,0,0.01039438234173821,0.17835040215216244,2,merchant_only,extra_trees
2024-01-30,1,0.005174502425917373,0.17835040215216244,2,merchant_only,extra_trees
2024-01-31,0,0.04347153578840521,0.17835040215216244,2,merchant_only,extra_trees
2024-02-01,0,0.15142234373962107,0.17835040215216244,2,merchant_only,extra_trees
2024-02-02,0,0.18910302916811178,0.17835040215216244,2,merchant_only,extra_trees
2024-02-03,0,0.11386980084359805,0.17835040215216244,2,merchant_only,extra_trees
2024-02-04,0,0.2867949278956579,0.17835040215216244,2,merchant_only,extra_trees
2024-02-05,0,0.528836339521244,0.17835040215216244,2,merchant_only,extra_trees
2024-02-06,0,0.5556019420890586,0.17835040215216244,2,merchant_only,extra_trees
2024-02-07,0,0.46898962534810196,0.17835040215216244,2,merchant_only,extra_trees
2024-02-08,0,0.6696485031214501,0.17835040215216244,2,merchant_only,extra_trees
2024-02-09,0,0.674180150811176,0.17835040215216244,2,merchant_only,extra_trees
2024-02-10,0,0.5302716799127914,0.17835040215216244,2,merchant_only,extra_trees
2024-02-11,0,0.2614677491369836,0.17835040215216244,2,merchant_only,extra_trees
2024-02-12,0,0.34960543887750367,0.17835040215216244,2,merchant_only,extra_trees
2024-02-13,0,0.24055150895228178,0.17835040215216244,2,merchant_only,extra_trees
2024-02-14,0,0.2584734192242658,0.17835040215216244,2,merchant_only,extra_trees
2024-02-15,0,0.3884768598984826,0.17835040215216244,2,merchant_only,extra_trees
2024-02-16,0,0.3240019955365653,0.17835040215216244,2,merchant_only,extra_trees
2024-02-17,0,0.20765613311867837,0.17835040215216244,2,merchant_only,extra_trees
2024-02-18,0,0.20331526774205355,0.17835040215216244,2,merchant_only,extra_trees
2024-02-19,0,0.24982454891569725,0.17835040215216244,2,merchant_only,extra_trees
2024-02-20,0,0.5101628045639912,0.17835040215216244,2,merchant_only,extra_trees
2024-02-21,0,0.2796499314396948,0.17835040215216244,2,merchant_only,extra_trees
2024-02-22,0,0.37821911874737285,0.17835040215216244,2,merchant_only,extra_trees
2024-02-23,0,0.3810462008990765,0.17835040215216244,2,merchant_only,extra_trees
2024-02-24,0,0.03136823169625636,0.17835040215216244,2,merchant_only,extra_trees
2024-02-25,0,0.0023972523978128273,0.17835040215216244,2,merchant_only,extra_trees
2024-02-26,0,0.0013818664169787764,0.17835040215216244,2,merchant_only,extra_trees
2024-02-27,0,0.018908376420383576,0.17835040215216244,2,merchant_only,extra_trees
2024-02-28,0,0.00761141443179455,0.17835040215216244,2,merchant_only,extra_trees
2024-02-29,0,0.03001739281015206,0.17835040215216244,2,merchant_only,extra_trees
2024-03-01,0,0.14895094035244602,0.17835040215216244,2,merchant_only,extra_trees
2024-03-02,0,0.19309101481843272,0.17835040215216244,2,merchant_only,extra_trees
2024-03-03,0,0.18784285224467642,0.17835040215216244,2,merchant_only,extra_trees
2024-03-04,0,0.3108422300868174,0.17835040215216244,2,merchant_only,extra_trees
2024-03-05,0,0.37390401265096496,0.17835040215216244,2,merchant_only,extra_trees
2024-03-06,0,0.23558130163803384,0.17835040215216244,2,merchant_only,extra_trees
2024-03-07,0,0.476608696525739,0.17835040215216244,2,merchant_only,extra_trees
2024-03-08,0,0.2611445393695342,0.17835040215216244,2,merchant_only,extra_trees
2024-03-09,1,0.1815112108763099,0.17835040215216244,2,merchant_only,extra_trees
2024-03-10,1,0.43967775445483204,0.17835040215216244,2,merchant_only,extra_trees
2024-03-11,1,0.7074316079890269,0.17835040215216244,2,merchant_only,extra_trees
2024-03-12,1,0.7461722921385655,0.17835040215216244,2,merchant_only,extra_trees
2024-03-13,1,0.6384973052283628,0.17835040215216244,2,merchant_only,extra_trees
2024-03-14,1,0.6056158300689201,0.17835040215216244,2,merchant_only,extra_trees
2024-03-15,1,0.3667784082914688,0.17835040215216244,2,merchant_only,extra_trees
2024-03-16,1,0.34023208544938954,0.17835040215216244,2,merchant_only,extra_trees
2024-03-17,0,0.28646666820187056,0.17835040215216244,2,merchant_only,extra_trees
2024-03-18,0,0.30053327857182854,0.17835040215216244,2,merchant_only,extra_trees
2024-03-19,0,0.13147082128648316,0.17835040215216244,2,merchant_only,extra_trees
2024-03-20,0,0.14985585168964805,0.17835040215216244,2,merchant_only,extra_trees
2024-03-21,0,0.1908497725500081,0.17835040215216244,2,merchant_only,extra_trees
2024-03-22,0,0.2426863458642196,0.17835040215216244,2,merchant_only,extra_trees
2024-03-23,0,0.20215241313910615,0.17835040215216244,2,merchant_only,extra_trees
2024-03-24,0,0.018024912708351937,0.17835040215216244,2,merchant_only,extra_trees
2024-03-25,0,0.020601009362665068,0.17835040215216244,2,merchant_only,extra_trees
2024-03-26,0,0.013869612324580623,0.17835040215216244,2,merchant_only,extra_trees
2024-03-27,0,0.00758725682449206,0.17835040215216244,2,merchant_only,extra_trees
2024-03-28,0,0.009827766175054839,0.17835040215216244,2,merchant_only,extra_trees
2024-03-29,0,0.006165987759103182,0.17835040215216244,2,merchant_only,extra_trees
2024-03-30,0,0.02681293648499276,0.17835040215216244,2,merchant_only,extra_trees
2024-03-31,0,0.0074577944716366674,0.17835040215216244,2,merchant_only,extra_trees
2024-04-08,0,0.7943070710269238,0.415,3,merchant_only,extra_trees
2024-04-09,0,0.7548354008119655,0.415,3,merchant_only,extra_trees
2024-04-10,1,0.7007095522274938,0.415,3,merchant_only,extra_trees
2024-04-11,1,0.7538191769436892,0.415,3,merchant_only,extra_trees
2024-04-12,0,0.641636036922883,0.415,3,merchant_only,extra_trees
2024-04-13,1,0.6354170480909398,0.415,3,merchant_only,extra_trees
2024-04-14,1,0.5003435114869041,0.415,3,merchant_only,extra_trees
2024-04-15,1,0.3303711881820785,0.415,3,merchant_only,extra_trees
2024-04-16,1,0.2743287949549647,0.415,3,merchant_only,extra_trees
2024-04-17,1,0.2668686290660652,0.415,3,merchant_only,extra_trees
2024-04-18,1,0.39068818357296653,0.415,3,merchant_only,extra_trees
2024-04-19,1,0.3314733121483438,0.415,3,merchant_only,extra_trees
2024-04-20,1,0.2746629677996072,0.415,3,merchant_only,extra_trees
2024-04-21,0,0.08823430292448016,0.415,3,merchant_only,extra_trees
2024-04-22,0,0.13723505152522147,0.415,3,merchant_only,extra_trees
2024-04-23,0,0.13517789033813357,0.415,3,merchant_only,extra_trees
2024-04-24,0,0.013224659567548668,0.415,3,merchant_only,extra_trees
2024-04-25,0,0.017810533331902353,0.415,3,merchant_only,extra_trees
2024-04-26,0,0.042292860419742714,0.415,3,merchant_only,extra_trees
2024-04-27,0,0.05341493853595308,0.415,3,merchant_only,extra_trees
2024-04-28,0,0.0675135564874075,0.415,3,merchant_only,extra_trees
2024-04-29,0,0.011291863545583782,0.415,3,merchant_only,extra_trees
2024-04-30,0,0.01970535010843539,0.415,3,merchant_only,extra_trees
2024-05-01,0,0.046451348282571844,0.415,3,merchant_only,extra_trees
2024-05-02,0,0.07908021195187415,0.415,3,merchant_only,extra_trees
2024-05-03,0,0.09206336563453693,0.415,3,merchant_only,extra_trees
2024-05-04,0,0.1936185573059474,0.415,3,merchant_only,extra_trees
2024-05-05,0,0.49593762861660534,0.415,3,merchant_only,extra_trees
2024-05-06,0,0.3874187447324103,0.415,3,merchant_only,extra_trees
2024-05-07,0,0.4126865948693762,0.415,3,merchant_only,extra_trees
2024-05-08,0,0.46388996898484053,0.415,3,merchant_only,extra_trees
2024-05-09,0,0.4065651331019313,0.415,3,merchant_only,extra_trees
2024-05-10,0,0.3629991928661443,0.415,3,merchant_only,extra_trees
2024-05-11,0,0.48291228111345896,0.415,3,merchant_only,extra_trees
2024-05-12,0,0.5107361981386259,0.415,3,merchant_only,extra_trees
2024-05-13,0,0.3331853268599584,0.415,3,merchant_only,extra_trees
2024-05-14,0,0.35933672677656947,0.415,3,merchant_only,extra_trees
2024-05-15,0,0.29733133335413436,0.415,3,merchant_only,extra_trees
2024-05-16,0,0.40000572299320486,0.415,3,merchant_only,extra_trees
2024-05-17,1,0.5180467768874965,0.415,3,merchant_only,extra_trees
2024-05-18,0,0.442535771642264,0.415,3,merchant_only,extra_trees
2024-05-19,0,0.30350446524875363,0.415,3,merchant_only,extra_trees
2024-05-20,0,0.27820042671531336,0.415,3,merchant_only,extra_trees
2024-05-21,0,0.3139791306288085,0.415,3,merchant_only,extra_trees
2024-05-22,0,0.4384508207536631,0.415,3,merchant_only,extra_trees
2024-05-23,0,0.5548235483606456,0.415,3,merchant_only,extra_trees
2024-05-24,0,0.047905191417522384,0.415,3,merchant_only,extra_trees
2024-05-25,0,0.08398641826057558,0.415,3,merchant_only,extra_trees
2024-05-26,0,0.023265976078218283,0.415,3,merchant_only,extra_trees
2024-05-27,0,0.09149238291535026,0.415,3,merchant_only,extra_trees
2024-05-28,0,0.13477494324254566,0.415,3,merchant_only,extra_trees
2024-05-29,0,0.04193313512853422,0.415,3,merchant_only,extra_trees
2024-05-30,0,0.014711599317629463,0.415,3,merchant_only,extra_trees
2024-05-31,0,0.0492034324390889,0.415,3,merchant_only,extra_trees
2024-06-01,0,0.16357058535411997,0.415,3,merchant_only,extra_trees
2024-06-02,0,0.40037552852952757,0.415,3,merchant_only,extra_trees
2024-06-03,0,0.458310902901054,0.415,3,merchant_only,extra_trees
2024-06-04,0,0.3583429148401191,0.415,3,merchant_only,extra_trees
2024-06-05,0,0.3942145431202286,0.415,3,merchant_only,extra_trees
2024-06-06,0,0.4142676950750933,0.415,3,merchant_only,extra_trees
2024-06-07,0,0.38580059778122366,0.415,3,merchant_only,extra_trees
2024-06-08,0,0.4032776513283915,0.415,3,merchant_only,extra_trees
2024-06-09,0,0.25935782889629083,0.415,3,merchant_only,extra_trees
2024-06-10,0,0.24224240199668118,0.415,3,merchant_only,extra_trees
2024-06-11,0,0.21551371324325408,0.415,3,merchant_only,extra_trees
2024-06-12,0,0.23895197737701201,0.415,3,merchant_only,extra_trees
2024-06-13,0,0.27081043223351836,0.415,3,merchant_only,extra_trees
2024-06-14,1,0.32009784451496254,0.415,3,merchant_only,extra_trees
2024-06-15,1,0.24822129173978755,0.415,3,merchant_only,extra_trees
2024-06-16,1,0.570638448000231,0.415,3,merchant_only,extra_trees
2024-06-17,1,0.5684670797741705,0.415,3,merchant_only,extra_trees
2024-06-18,1,0.6582563789326299,0.415,3,merchant_only,extra_trees
2024-06-19,1,0.5692823389914888,0.415,3,merchant_only,extra_trees
2024-06-20,1,0.5418887304324663,0.415,3,merchant_only,extra_trees
2024-06-21,1,0.5783074788313861,0.415,3,merchant_only,extra_trees
2024-06-22,0,0.5802143212462968,0.415,3,merchant_only,extra_trees
2024-06-23,0,0.07352135779881493,0.415,3,merchant_only,extra_trees
2024-06-24,0,0.04791235633136112,0.415,3,merchant_only,extra_trees
2024-06-25,0,0.07627064157712811,0.415,3,merchant_only,extra_trees
2024-06-26,0,0.1888667495510001,0.415,3,merchant_only,extra_trees
2024-06-27,0,0.012824597658829453,0.415,3,merchant_only,extra_trees
2024-06-28,0,0.036124926855246244,0.415,3,merchant_only,extra_trees
2024-06-29,0,0.021313016359188055,0.415,3,merchant_only,extra_trees
2024-06-30,0,0.02999363801294799,0.415,3,merchant_only,extra_trees
2024-07-08,0,0.4055335338035827,0.47,4,merchant_only,extra_trees
2024-07-09,0,0.4201201478652036,0.47,4,merchant_only,extra_trees
2024-07-10,0,0.32333946395676166,0.47,4,merchant_only,extra_trees
2024-07-11,0,0.4673419313809339,0.47,4,merchant_only,extra_trees
2024-07-12,0,0.4766005997025845,0.47,4,merchant_only,extra_trees
2024-07-13,0,0.44344124192115975,0.47,4,merchant_only,extra_trees
2024-07-14,1,0.49517697174550707,0.47,4,merchant_only,extra_trees
2024-07-15,1,0.4487433402228955,0.47,4,merchant_only,extra_trees
2024-07-16,0,0.3806656789146728,0.47,4,merchant_only,extra_trees
2024-07-17,1,0.45413295421058475,0.47,4,merchant_only,extra_trees
2024-07-18,1,0.40629387805479267,0.47,4,merchant_only,extra_trees
2024-07-19,0,0.43161814958881856,0.47,4,merchant_only,extra_trees
2024-07-20,0,0.4482317119284619,0.47,4,merchant_only,extra_trees
2024-07-21,0,0.2701865042483776,0.47,4,merchant_only,extra_trees
2024-07-22,0,0.20877792886651506,0.47,4,merchant_only,extra_trees
2024-07-23,0,0.2270721717112937,0.47,4,merchant_only,extra_trees
2024-07-24,0,0.020224038099632694,0.47,4,merchant_only,extra_trees
2024-07-25,0,0.012924495970418264,0.47,4,merchant_only,extra_trees
2024-07-26,0,0.028610995988823437,0.47,4,merchant_only,extra_trees
2024-07-27,0,0.043602969817893876,0.47,4,merchant_only,extra_trees
2024-07-28,0,0.008740777052374808,0.47,4,merchant_only,extra_trees
2024-07-29,0,0.036294255654078775,0.47,4,merchant_only,extra_trees
2024-07-30,0,0.045367326974131705,0.47,4,merchant_only,extra_trees
2024-07-31,0,0.12044749388984688,0.47,4,merchant_only,extra_trees
2024-08-01,0,0.2994892739026429,0.47,4,merchant_only,extra_trees
2024-08-02,0,0.20847705991861656,0.47,4,merchant_only,extra_trees
2024-08-03,0,0.17614061003560996,0.47,4,merchant_only,extra_trees
2024-08-04,0,0.3783065958303462,0.47,4,merchant_only,extra_trees
2024-08-05,0,0.33232153427288996,0.47,4,merchant_only,extra_trees
2024-08-06,0,0.34465164254810265,0.47,4,merchant_only,extra_trees
2024-08-07,0,0.3156306548113011,0.47,4,merchant_only,extra_trees
2024-08-08,0,0.34476903662238323,0.47,4,merchant_only,extra_trees
2024-08-09,0,0.3025554625214774,0.47,4,merchant_only,extra_trees
2024-08-10,0,0.3421470332105622,0.47,4,merchant_only,extra_trees
2024-08-11,0,0.37092373059250544,0.47,4,merchant_only,extra_trees
2024-08-12,0,0.3600240633580231,0.47,4,merchant_only,extra_trees
2024-08-13,0,0.308990328743208,0.47,4,merchant_only,extra_trees
2024-08-14,1,0.35577475306760403,0.47,4,merchant_only,extra_trees
2024-08-15,0,0.361996751882935,0.47,4,merchant_only,extra_trees
2024-08-16,0,0.3031897107037709,0.47,4,merchant_only,extra_trees
2024-08-17,0,0.38588218946824876,0.47,4,merchant_only,extra_trees
2024-08-18,0,0.5177792022249661,0.47,4,merchant_only,extra_trees
2024-08-19,0,0.5202466430784451,0.47,4,merchant_only,extra_trees
2023-07-08,0,0.08866542929434248,0.19854611245927944,0,merchant_only,random_forest
2023-07-09,0,0.06484095608251024,0.19854611245927944,0,merchant_only,random_forest
2023-07-10,0,0.12795867889527196,0.19854611245927944,0,merchant_only,random_forest
2023-07-11,0,0.34843391722564787,0.19854611245927944,0,merchant_only,random_forest
2023-07-12,0,0.2310531626255317,0.19854611245927944,0,merchant_only,random_forest
2023-07-13,1,0.1815811700920967,0.19854611245927944,0,merchant_only,random_forest
2023-07-14,1,0.24432939313323587,0.19854611245927944,0,merchant_only,random_forest
2023-07-15,0,0.07322807161244659,0.19854611245927944,0,merchant_only,random_forest
2023-07-16,0,0.09549554062712284,0.19854611245927944,0,merchant_only,random_forest
2023-07-17,0,0.23527496289586797,0.19854611245927944,0,merchant_only,random_forest
2023-07-18,0,0.11895318967242229,0.19854611245927944,0,merchant_only,random_forest
2023-07-19,0,0.17262807101157202,0.19854611245927944,0,merchant_only,random_forest
2023-07-20,0,0.24214569321678348,0.19854611245927944,0,merchant_only,random_forest
2023-07-21,0,0.08678170657040833,0.19854611245927944,0,merchant_only,random_forest
2023-07-22,0,0.20032411593773483,0.19854611245927944,0,merchant_only,random_forest
2023-07-23,0,0.06495595112748946,0.19854611245927944,0,merchant_only,random_forest
2023-07-24,0,0.09344661701464446,0.19854611245927944,0,merchant_only,random_forest
2023-07-25,0,0.11165206524567617,0.19854611245927944,0,merchant_only,random_forest
2023-07-26,0,0.05287626972265701,0.19854611245927944,0,merchant_only,random_forest
2023-07-27,0,0.12322493456697707,0.19854611245927944,0,merchant_only,random_forest
2023-07-28,0,0.04510699004100811,0.19854611245927944,0,merchant_only,random_forest
2023-07-29,0,0.16229657347054072,0.19854611245927944,0,merchant_only,random_forest
2023-07-30,0,0.06748498591420667,0.19854611245927944,0,merchant_only,random_forest
2023-07-31,0,0.09699999116251533,0.19854611245927944,0,merchant_only,random_forest
2023-08-01,0,0.0927744778377762,0.19854611245927944,0,merchant_only,random_forest
2023-08-02,0,0.08285540811369417,0.19854611245927944,0,merchant_only,random_forest
2023-08-03,0,0.08018608108230495,0.19854611245927944,0,merchant_only,random_forest
2023-08-04,0,0.1761656105911157,0.19854611245927944,0,merchant_only,random_forest
2023-08-05,0,0.1021321819828717,0.19854611245927944,0,merchant_only,random_forest
2023-08-06,0,0.32481869141668607,0.19854611245927944,0,merchant_only,random_forest
2023-08-07,0,0.19337059815511495,0.19854611245927944,0,merchant_only,random_forest
2023-08-08,0,0.14195388041911186,0.19854611245927944,0,merchant_only,random_forest
2023-08-09,0,0.17746498394525584,0.19854611245927944,0,merchant_only,random_forest
2023-08-10,0,0.28788159885551523,0.19854611245927944,0,merchant_only,random_forest
2023-08-11,0,0.26619799976215625,0.19854611245927944,0,merchant_only,random_forest
2023-08-12,0,0.3203996850769012,0.19854611245927944,0,merchant_only,random_forest
2023-08-13,0,0.16184424588234836,0.19854611245927944,0,merchant_only,random_forest
2023-08-14,0,0.09009154349720719,0.19854611245927944,0,merchant_only,random_forest
2023-08-15,0,0.16251712398011922,0.19854611245927944,0,merchant_only,random_forest
2023-08-16,0,0.10637797928935071,0.19854611245927944,0,merchant_only,random_forest
2023-08-17,0,0.2239146040672302,0.19854611245927944,0,merchant_only,random_forest
2023-08-18,1,0.10712608753513364,0.19854611245927944,0,merchant_only,random_forest
2023-08-19,0,0.06168204171455223,0.19854611245927944,0,merchant_only,random_forest
2023-08-20,0,0.2846829530696259,0.19854611245927944,0,merchant_only,random_forest
2023-08-21,0,0.4392051539408122,0.19854611245927944,0,merchant_only,random_forest
2023-08-22,0,0.336614898993887,0.19854611245927944,0,merchant_only,random_forest
2023-08-23,0,0.24713297854586,0.19854611245927944,0,merchant_only,random_forest
2023-08-24,0,0.2132261894398014,0.19854611245927944,0,merchant_only,random_forest
2023-08-25,0,0.0496813505329207,0.19854611245927944,0,merchant_only,random_forest
2023-08-26,0,0.15968901055998014,0.19854611245927944,0,merchant_only,random_forest
2023-08-27,0,0.28224968594709865,0.19854611245927944,0,merchant_only,random_forest
2023-08-28,0,0.2211396704895723,0.19854611245927944,0,merchant_only,random_forest
2023-08-29,0,0.12665446507502928,0.19854611245927944,0,merchant_only,random_forest
2023-08-30,0,0.1214343239488734,0.19854611245927944,0,merchant_only,random_forest
2023-08-31,0,0.1570775131684965,0.19854611245927944,0,merchant_only,random_forest
2023-09-01,0,0.27004824245392817,0.19854611245927944,0,merchant_only,random_forest
2023-09-02,0,0.21804762922472254,0.19854611245927944,0,merchant_only,random_forest
2023-09-03,0,0.3805558275535675,0.19854611245927944,0,merchant_only,random_forest
2023-09-04,0,0.34413852832698866,0.19854611245927944,0,merchant_only,random_forest
2023-09-05,1,0.38228904834916694,0.19854611245927944,0,merchant_only,random_forest
2023-09-06,1,0.23182669889861515,0.19854611245927944,0,merchant_only,random_forest
2023-09-07,1,0.3676789130962688,0.19854611245927944,0,merchant_only,random_forest
2023-09-08,1,0.3777981391012488,0.19854611245927944,0,merchant_only,random_forest
2023-09-09,0,0.26623639787932396,0.19854611245927944,0,merchant_only,random_forest
2023-09-10,0,0.15045055420808537,0.19854611245927944,0,merchant_only,random_forest
2023-09-11,0,0.27551240088973666,0.19854611245927944,0,merchant_only,random_forest
2023-09-12,0,0.23101427128317167,0.19854611245927944,0,merchant_only,random_forest
2023-09-13,0,0.2398286867910107,0.19854611245927944,0,merchant_only,random_forest
2023-09-14,0,0.268051199563611,0.19854611245927944,0,merchant_only,random_forest
2023-09-15,0,0.2155377405554776,0.19854611245927944,0,merchant_only,random_forest
2023-09-16,0,0.14228852007642637,0.19854611245927944,0,merchant_only,random_forest
2023-09-17,0,0.1437244308985304,0.19854611245927944,0,merchant_only,random_forest
2023-09-18,0,0.05413799489589623,0.19854611245927944,0,merchant_only,random_forest
2023-09-19,0,0.19148497696234487,0.19854611245927944,0,merchant_only,random_forest
2023-09-20,0,0.2323061035744018,0.19854611245927944,0,merchant_only,random_forest
2023-09-21,0,0.3054989045888512,0.19854611245927944,0,merchant_only,random_forest
2023-09-22,0,0.12401595874088343,0.19854611245927944,0,merchant_only,random_forest
2023-09-23,0,0.18532642979580063,0.19854611245927944,0,merchant_only,random_forest
2023-09-24,0,0.05254133657106074,0.19854611245927944,0,merchant_only,random_forest
2023-09-25,0,0.09373525942114977,0.19854611245927944,0,merchant_only,random_forest
2023-09-26,0,0.2773716416119677,0.19854611245927944,0,merchant_only,random_forest
2023-09-27,0,0.10450309508347091,0.19854611245927944,0,merchant_only,random_forest
2023-09-28,0,0.10817512299599107,0.19854611245927944,0,merchant_only,random_forest
2023-09-29,0,0.12158882566974213,0.19854611245927944,0,merchant_only,random_forest
2023-09-30,0,0.12707691453401557,0.19854611245927944,0,merchant_only,random_forest
2023-10-08,0,0.2837440093301169,0.295,1,merchant_only,random_forest
2023-10-09,0,0.3168665491756648,0.295,1,merchant_only,random_forest
2023-10-10,0,0.2966336420466654,0.295,1,merchant_only,random_forest
2023-10-11,0,0.2484747639160652,0.295,1,merchant_only,random_forest
2023-10-12,0,0.2745440373112347,0.295,1,merchant_only,random_forest
2023-10-13,1,0.16355597587070275,0.295,1,merchant_only,random_forest
2023-10-14,1,0.24314050226482373,0.295,1,merchant_only,random_forest
2023-10-15,0,0.37435135853270574,0.295,1,merchant_only,random_forest
2023-10-16,1,0.2620995928830194,0.295,1,merchant_only,random_forest
2023-10-17,1,0.3314348361811556,0.295,1,merchant_only,random_forest
2023-10-18,0,0.17579833489634833,0.295,1,merchant_only,random_forest
2023-10-19,0,0.16847763986103537,0.295,1,merchant_only,random_forest
2023-10-20,0,0.22755052966991365,0.295,1,merchant_only,random_forest
2023-10-21,0,0.22746203292497183,0.295,1,merchant_only,random_forest
2023-10-22,0,0.06747246689870819,0.295,1,merchant_only,random_forest
2023-10-23,0,0.07076440760181762,0.295,1,merchant_only,random_forest
2023-10-24,0,0.11326445577876523,0.295,1,merchant_only,random_forest
2023-10-25,0,0.04383212602281966,0.295,1,merchant_only,random_forest
2023-10-26,0,0.17036895222600804,0.295,1,merchant_only,random_forest
2023-10-27,0,0.08645601129786505,0.295,1,merchant_only,random_forest
2023-10-28,0,0.14147219351598567,0.295,1,merchant_only,random_forest
2023-10-29,0,0.07562786945577642,0.295,1,merchant_only,random_forest
2023-10-30,0,0.08402442937965617,0.295,1,merchant_only,random_forest
2023-10-31,0,0.09242958754428901,0.295,1,merchant_only,random_forest
2023-11-01,0,0.16013127802070884,0.295,1,merchant_only,random_forest
2023-11-02,0,0.2056072519592259,0.295,1,merchant_only,random_forest
2023-11-03,0,0.19888421703013523,0.295,1,merchant_only,random_forest
2023-11-04,0,0.18108858747543846,0.295,1,merchant_only,random_forest
2023-11-05,0,0.18694528318572237,0.295,1,merchant_only,random_forest
2023-11-06,0,0.23134870898526985,0.295,1,merchant_only,random_forest
2023-11-07,0,0.3851929272204372,0.295,1,merchant_only,random_forest
2023-11-08,0,0.39649692950901333,0.295,1,merchant_only,random_forest
2023-11-09,1,0.3944816052473422,0.295,1,merchant_only,random_forest
2023-11-10,1,0.13619145991160456,0.295,1,merchant_only,random_forest
2023-11-11,0,0.24693391310278512,0.295,1,merchant_only,random_forest
2023-11-12,0,0.12203726368579255,0.295,1,merchant_only,random_forest
2023-11-13,1,0.18697458620834756,0.295,1,merchant_only,random_forest
2023-11-14,1,0.3024092102655005,0.295,1,merchant_only,random_forest
2023-11-15,0,0.10747582194418712,0.295,1,merchant_only,random_forest
2023-11-16,0,0.09395308851607435,0.295,1,merchant_only,random_forest
2023-11-17,0,0.06482224588902322,0.295,1,merchant_only,random_forest
2023-11-18,0,0.1460227140724666,0.295,1,merchant_only,random_forest
2023-11-19,0,0.05585743037481874,0.295,1,merchant_only,random_forest
2023-11-20,0,0.17720010478253978,0.295,1,merchant_only,random_forest
2023-11-21,0,0.042881009977631245,0.295,1,merchant_only,random_forest
2023-11-22,0,0.1051028944666035,0.295,1,merchant_only,random_forest
2023-11-23,0,0.09310182944051221,0.295,1,merchant_only,random_forest
2023-11-24,0,0.09319088746889072,0.295,1,merchant_only,random_forest
2023-11-25,0,0.13125525881789588,0.295,1,merchant_only,random_forest
2023-11-26,0,0.2388315091687853,0.295,1,merchant_only,random_forest
2023-11-27,0,0.08300779631856503,0.295,1,merchant_only,random_forest
2023-11-28,0,0.1725034816035611,0.295,1,merchant_only,random_forest
2023-11-29,0,0.0994696875953363,0.295,1,merchant_only,random_forest
2023-11-30,0,0.1125687681314834,0.295,1,merchant_only,random_forest
2023-12-01,0,0.12125205231421754,0.295,1,merchant_only,random_forest
2023-12-02,0,0.24019856832888603,0.295,1,merchant_only,random_forest
2023-12-03,0,0.26749804723416193,0.295,1,merchant_only,random_forest
2023-12-04,0,0.37293506576668733,0.295,1,merchant_only,random_forest
2023-12-05,0,0.38556275525291783,0.295,1,merchant_only,random_forest
2023-12-06,0,0.2825978920993454,0.295,1,merchant_only,random_forest
2023-12-07,1,0.34002715773574016,0.295,1,merchant_only,random_forest
2023-12-08,0,0.2930961005788978,0.295,1,merchant_only,random_forest
2023-12-09,0,0.33042609677287454,0.295,1,merchant_only,random_forest
2023-12-10,1,0.19828227876886087,0.295,1,merchant_only,random_forest
2023-12-11,1,0.20301392598550477,0.295,1,merchant_only,random_forest
2023-12-12,1,0.2850235166345409,0.295,1,merchant_only,random_forest
2023-12-13,1,0.2321438581596799,0.295,1,merchant_only,random_forest
2023-12-14,1,0.26283841519709256,0.295,1,merchant_only,random_forest
2023-12-15,1,0.027160534949668032,0.295,1,merchant_only,random_forest
2023-12-16,0,0.09959453626164555,0.295,1,merchant_only,random_forest
2023-12-17,0,0.08519915271322395,0.295,1,merchant_only,random_forest
2023-12-18,0,0.20570596093147323,0.295,1,merchant_only,random_forest
2023-12-19,0,0.1300378366448304,0.295,1,merchant_only,random_forest
2023-12-20,0,0.261762944501217,0.295,1,merchant_only,random_forest
2023-12-21,0,0.06721474877768571,0.295,1,merchant_only,random_forest
2023-12-22,0,0.13439727774305085,0.295,1,merchant_only,random_forest
2023-12-23,0,0.0632655475777618,0.295,1,merchant_only,random_forest
2023-12-24,0,0.059352306584278015,0.295,1,merchant_only,random_forest
2023-12-25,0,0.1444338859128336,0.295,1,merchant_only,random_forest
2023-12-26,0,0.08605530822572748,0.295,1,merchant_only,random_forest
2023-12-27,0,0.05774522386571171,0.295,1,merchant_only,random_forest
2023-12-28,0,0.12843661172306242,0.295,1,merchant_only,random_forest
2023-12-29,0,0.06383659926598968,0.295,1,merchant_only,random_forest
2023-12-30,0,0.06894626140613455,0.295,1,merchant_only,random_forest
2023-12-31,0,0.25330025657564725,0.295,1,merchant_only,random_forest
2024-01-08,0,0.2627864952613311,0.16081983846190556,2,merchant_only,random_forest
2024-01-09,0,0.3401089420111239,0.16081983846190556,2,merchant_only,random_forest
2024-01-10,0,0.32370718858125663,0.16081983846190556,2,merchant_only,random_forest
2024-01-11,1,0.28282752387151117,0.16081983846190556,2,merchant_only,random_forest
2024-01-12,1,0.3886882488673081,0.16081983846190556,2,merchant_only,random_forest
2024-01-13,1,0.2674576339077767,0.16081983846190556,2,merchant_only,random_forest
2024-01-14,1,0.2587080478553755,0.16081983846190556,2,merchant_only,random_forest
2024-01-15,1,0.3972243042456409,0.16081983846190556,2,merchant_only,random_forest
2024-01-16,0,0.41099897646065353,0.16081983846190556,2,merchant_only,random_forest
2024-01-17,1,0.378481268613542,0.16081983846190556,2,merchant_only,random_forest
2024-01-18,1,0.48986269752078326,0.16081983846190556,2,merchant_only,random_forest
2024-01-19,1,0.21601888638917918,0.16081983846190556,2,merchant_only,random_forest
2024-01-20,0,0.16107681450624609,0.16081983846190556,2,merchant_only,random_forest
2024-01-21,0,0.03286795715114038,0.16081983846190556,2,merchant_only,random_forest
2024-01-22,0,0.04358138231298156,0.16081983846190556,2,merchant_only,random_forest
2024-01-23,0,0.02570293779357531,0.16081983846190556,2,merchant_only,random_forest
2024-01-24,0,0.01725195768079943,0.16081983846190556,2,merchant_only,random_forest
2024-01-25,0,0.17984947557856162,0.16081983846190556,2,merchant_only,random_forest
2024-01-26,0,0.01944521133275203,0.16081983846190556,2,merchant_only,random_forest
2024-01-27,0,0.0911593633176606,0.16081983846190556,2,merchant_only,random_forest
2024-01-28,0,0.03244530195642027,0.16081983846190556,2,merchant_only,random_forest
2024-01-29,0,0.06664389259231492,0.16081983846190556,2,merchant_only,random_forest
2024-01-30,1,0.031589035255213206,0.16081983846190556,2,merchant_only,random_forest
2024-01-31,0,0.15719657508850743,0.16081983846190556,2,merchant_only,random_forest
2024-02-01,0,0.07483011504637634,0.16081983846190556,2,merchant_only,random_forest
2024-02-02,0,0.03593003112255417,0.16081983846190556,2,merchant_only,random_forest
2024-02-03,0,0.04631274988660678,0.16081983846190556,2,merchant_only,random_forest
2024-02-04,0,0.21976537507819524,0.16081983846190556,2,merchant_only,random_forest
2024-02-05,0,0.41283646286338743,0.16081983846190556,2,merchant_only,random_forest
2024-02-06,0,0.45636646671001385,0.16081983846190556,2,merchant_only,random_forest
2024-02-07,0,0.3683211139812618,0.16081983846190556,2,merchant_only,random_forest
2024-02-08,0,0.6315263984567476,0.16081983846190556,2,merchant_only,random_forest
2024-02-09,0,0.596983789820408,0.16081983846190556,2,merchant_only,random_forest
2024-02-10,0,0.4783602569637079,0.16081983846190556,2,merchant_only,random_forest
2024-02-11,0,0.1976024177328372,0.16081983846190556,2,merchant_only,random_forest
2024-02-12,0,0.1306925420762249,0.16081983846190556,2,merchant_only,random_forest
2024-02-13,0,0.14494884845731482,0.16081983846190556,2,merchant_only,random_forest
2024-02-14,0,0.1073348560688319,0.16081983846190556,2,merchant_only,random_forest
2024-02-15,0,0.12373500554576719,0.16081983846190556,2,merchant_only,random_forest
2024-02-16,0,0.08063785238684022,0.16081983846190556,2,merchant_only,random_forest
2024-02-17,0,0.08595293704119127,0.16081983846190556,2,merchant_only,random_forest
2024-02-18,0,0.08866919062113186,0.16081983846190556,2,merchant_only,random_forest
2024-02-19,0,0.07480329677989295,0.16081983846190556,2,merchant_only,random_forest
2024-02-20,0,0.2465305629567707,0.16081983846190556,2,merchant_only,random_forest
2024-02-21,0,0.09577728401405812,0.16081983846190556,2,merchant_only,random_forest
2024-02-22,0,0.11207208948542255,0.16081983846190556,2,merchant_only,random_forest
2024-02-23,0,0.11619997123601962,0.16081983846190556,2,merchant_only,random_forest
2024-02-24,0,0.0690674275315644,0.16081983846190556,2,merchant_only,random_forest
2024-02-25,0,0.0141027898270694,0.16081983846190556,2,merchant_only,random_forest
2024-02-26,0,0.01216149669730237,0.16081983846190556,2,merchant_only,random_forest
2024-02-27,0,0.09456316354374004,0.16081983846190556,2,merchant_only,random_forest
2024-02-28,0,0.044251911425003544,0.16081983846190556,2,merchant_only,random_forest
2024-02-29,0,0.10717683414157742,0.16081983846190556,2,merchant_only,random_forest
2024-03-01,0,0.05134983902697558,0.16081983846190556,2,merchant_only,random_forest
2024-03-02,0,0.15883603505412697,0.16081983846190556,2,merchant_only,random_forest
2024-03-03,0,0.1767925810206501,0.16081983846190556,2,merchant_only,random_forest
2024-03-04,0,0.19515757169825926,0.16081983846190556,2,merchant_only,random_forest
2024-03-05,0,0.2740509163599583,0.16081983846190556,2,merchant_only,random_forest
2024-03-06,0,0.1811992398593384,0.16081983846190556,2,merchant_only,random_forest
2024-03-07,0,0.2534042594037209,0.16081983846190556,2,merchant_only,random_forest
2024-03-08,0,0.21341045339887366,0.16081983846190556,2,merchant_only,random_forest
2024-03-09,1,0.1477390878122279,0.16081983846190556,2,merchant_only,random_forest
2024-03-10,1,0.3332610978865309,0.16081983846190556,2,merchant_only,random_forest
2024-03-11,1,0.6922759537230315,0.16081983846190556,2,merchant_only,random_forest
2024-03-12,1,0.7136616562664926,0.16081983846190556,2,merchant_only,random_forest
2024-03-13,1,0.49360290859533595,0.16081983846190556,2,merchant_only,random_forest
2024-03-14,1,0.46180382144495286,0.16081983846190556,2,merchant_only,random_forest
2024-03-15,1,0.23331016434531582,0.16081983846190556,2,merchant_only,random_forest
2024-03-16,1,0.3374455549143894,0.16081983846190556,2,merchant_only,random_forest
2024-03-17,0,0.25842769489692274,0.16081983846190556,2,merchant_only,random_forest
2024-03-18,0,0.19042214879522568,0.16081983846190556,2,merchant_only,random_forest
2024-03-19,0,0.070164279726044,0.16081983846190556,2,merchant_only,random_forest
2024-03-20,0,0.09887511656252614,0.16081983846190556,2,merchant_only,random_forest
2024-03-21,0,0.07995084349758588,0.16081983846190556,2,merchant_only,random_forest
2024-03-22,0,0.09819860313529163,0.16081983846190556,2,merchant_only,random_forest
2024-03-23,0,0.07152700446538765,0.16081983846190556,2,merchant_only,random_forest
2024-03-24,0,0.0952950377279964,0.16081983846190556,2,merchant_only,random_forest
2024-03-25,0,0.052880944778524744,0.16081983846190556,2,merchant_only,random_forest
2024-03-26,0,0.06831168854527059,0.16081983846190556,2,merchant_only,random_forest
2024-03-27,0,0.044965539522895365,0.16081983846190556,2,merchant_only,random_forest
2024-03-28,0,0.06019428292863772,0.16081983846190556,2,merchant_only,random_forest
2024-03-29,0,0.033448254424988055,0.16081983846190556,2,merchant_only,random_forest
2024-03-30,0,0.13133833264639544,0.16081983846190556,2,merchant_only,random_forest
2024-03-31,0,0.03612001827348257,0.16081983846190556,2,merchant_only,random_forest
2024-04-08,0,0.6268635133200472,0.315,3,merchant_only,random_forest
2024-04-09,0,0.5735430534548036,0.315,3,merchant_only,random_forest
2024-04-10,1,0.542061650434498,0.315,3,merchant_only,random_forest
2024-04-11,1,0.5939439098225724,0.315,3,merchant_only,random_forest
2024-04-12,0,0.4588018512723499,0.315,3,merchant_only,random_forest
2024-04-13,1,0.39292611419000223,0.315,3,merchant_only,random_forest
2024-04-14,1,0.45255380707079645,0.315,3,merchant_only,random_forest
2024-04-15,1,0.27872211376871786,0.315,3,merchant_only,random_forest
2024-04-16,1,0.1138543197966927,0.315,3,merchant_only,random_forest
2024-04-17,1,0.14049037632404138,0.315,3,merchant_only,random_forest
2024-04-18,1,0.2549658891096284,0.315,3,merchant_only,random_forest
2024-04-19,1,0.18285141269106633,0.315,3,merchant_only,random_forest
2024-04-20,1,0.14978350989990868,0.315,3,merchant_only,random_forest
2024-04-21,0,0.024759278260162474,0.315,3,merchant_only,random_forest
2024-04-22,0,0.031777555617314164,0.315,3,merchant_only,random_forest
2024-04-23,0,0.05891462654383573,0.315,3,merchant_only,random_forest
2024-04-24,0,0.039634158018517156,0.315,3,merchant_only,random_forest
2024-04-25,0,0.028307087830002377,0.315,3,merchant_only,random_forest
2024-04-26,0,0.030656846006181748,0.315,3,merchant_only,random_forest
2024-04-27,0,0.06137778745723996,0.315,3,merchant_only,random_forest
2024-04-28,0,0.027068193532814557,0.315,3,merchant_only,random_forest
2024-04-29,0,0.011168450404316592,0.315,3,merchant_only,random_forest
2024-04-30,0,0.0275860199052057,0.315,3,merchant_only,random_forest
2024-05-01,0,0.0059372133864695805,0.315,3,merchant_only,random_forest
2024-05-02,0,0.05241488172411664,0.315,3,merchant_only,random_forest
2024-05-03,0,0.024614991977638574,0.315,3,merchant_only,random_forest
2024-05-04,0,0.13424318279608916,0.315,3,merchant_only,random_forest
2024-05-05,0,0.2911098874923339,0.315,3,merchant_only,random_forest
2024-05-06,0,0.22985628958269175,0.315,3,merchant_only,random_forest
2024-05-07,0,0.24394118177255156,0.315,3,merchant_only,random_forest
2024-05-08,0,0.280576906819222,0.315,3,merchant_only,random_forest
2024-05-09,0,0.2949931958214639,0.315,3,merchant_only,random_forest
2024-05-10,0,0.2211905343627712,0.315,3,merchant_only,random_forest
2024-05-11,0,0.3257048018819736,0.315,3,merchant_only,random_forest
2024-05-12,0,0.4475947817310732,0.315,3,merchant_only,random_forest
2024-05-13,0,0.30917107822180745,0.315,3,merchant_only,random_forest
2024-05-14,0,0.2980703728678726,0.315,3,merchant_only,random_forest
2024-05-15,0,0.25753338470108866,0.315,3,merchant_only,random_forest
2024-05-16,0,0.3633892669356796,0.315,3,merchant_only,random_forest
2024-05-17,1,0.4310595371250099,0.315,3,merchant_only,random_forest
2024-05-18,0,0.43617262243308985,0.315,3,merchant_only,random_forest
2024-05-19,0,0.18056996974907893,0.315,3,merchant_only,random_forest
2024-05-20,0,0.12734486228964692,0.315,3,merchant_only,random_forest
2024-05-21,0,0.21260083354277998,0.315,3,merchant_only,random_forest
2024-05-22,0,0.3723128096215898,0.315,3,merchant_only,random_forest
2024-05-23,0,0.49671642667910787,0.315,3,merchant_only,random_forest
2024-05-24,0,0.15021025250272285,0.315,3,merchant_only,random_forest
2024-05-25,0,0.06710206783296335,0.315,3,merchant_only,random_forest
2024-05-26,0,0.020896957561511033,0.315,3,merchant_only,random_forest
2024-05-27,0,0.10576235080623539,0.315,3,merchant_only,random_forest
2024-05-28,0,0.08599077732373114,0.315,3,merchant_only,random_forest
2024-05-29,0,0.11965796640054585,0.315,3,merchant_only,random_forest
2024-05-30,0,0.04956866484832928,0.315,3,merchant_only,random_forest
2024-05-31,0,0.08697846338782586,0.315,3,merchant_only,random_forest
2024-06-01,0,0.19423882931866165,0.315,3,merchant_only,random_forest
2024-06-02,0,0.2390073911836738,0.315,3,merchant_only,random_forest
2024-06-03,0,0.3268403389148811,0.315,3,merchant_only,random_forest
2024-06-04,0,0.3407870243123585,0.315,3,merchant_only,random_forest
2024-06-05,0,0.2710805241995659,0.315,3,merchant_only,random_forest
2024-06-06,0,0.3381047066351674,0.315,3,merchant_only,random_forest
2024-06-07,0,0.2466373924542694,0.315,3,merchant_only,random_forest
2024-06-08,0,0.3054205179049413,0.315,3,merchant_only,random_forest
2024-06-09,0,0.06785629981962797,0.315,3,merchant_only,random_forest
2024-06-10,0,0.05082921148993191,0.315,3,merchant_only,random_forest
2024-06-11,0,0.09072340098809753,0.315,3,merchant_only,random_forest
2024-06-12,0,0.041821939801567,0.315,3,merchant_only,random_forest
2024-06-13,0,0.0948918640571779,0.315,3,merchant_only,random_forest
2024-06-14,1,0.12558033832959165,0.315,3,merchant_only,random_forest
2024-06-15,1,0.09324992626536172,0.315,3,merchant_only,random_forest
2024-06-16,1,0.3939613614279488,0.315,3,merchant_only,random_forest
2024-06-17,1,0.41188795124996985,0.315,3,merchant_only,random_forest
2024-06-18,1,0.4019742006024473,0.315,3,merchant_only,random_forest
2024-06-19,1,0.3762815329874092,0.315,3,merchant_only,random_forest
2024-06-20,1,0.3052824018223201,0.315,3,merchant_only,random_forest
2024-06-21,1,0.2471782312316846,0.315,3,merchant_only,random_forest
2024-06-22,0,0.2903959091163387,0.315,3,merchant_only,random_forest
2024-06-23,0,0.03142686138110596,0.315,3,merchant_only,random_forest
2024-06-24,0,0.04809242950882599,0.315,3,merchant_only,random_forest
2024-06-25,0,0.053965444739948354,0.315,3,merchant_only,random_forest
2024-06-26,0,0.12358570090229301,0.315,3,merchant_only,random_forest
2024-06-27,0,0.007476590773852894,0.315,3,merchant_only,random_forest
2024-06-28,0,0.10910172943793407,0.315,3,merchant_only,random_forest
2024-06-29,0,0.04067972750261936,0.315,3,merchant_only,random_forest
2024-06-30,0,0.0262299675351533,0.315,3,merchant_only,random_forest
2024-07-08,0,0.21449502891652464,0.35288864425144373,4,merchant_only,random_forest
2024-07-09,0,0.2984335058268826,0.35288864425144373,4,merchant_only,random_forest
2024-07-10,0,0.25880791147869786,0.35288864425144373,4,merchant_only,random_forest
2024-07-11,0,0.3263695515233453,0.35288864425144373,4,merchant_only,random_forest
2024-07-12,0,0.2736802622874936,0.35288864425144373,4,merchant_only,random_forest
2024-07-13,0,0.3167295489574637,0.35288864425144373,4,merchant_only,random_forest
2024-07-14,1,0.444482389864947,0.35288864425144373,4,merchant_only,random_forest
2024-07-15,1,0.42293704244204305,0.35288864425144373,4,merchant_only,random_forest
2024-07-16,0,0.29941785734506077,0.35288864425144373,4,merchant_only,random_forest
2024-07-17,1,0.37875372825441816,0.35288864425144373,4,merchant_only,random_forest
2024-07-18,1,0.30137240470309606,0.35288864425144373,4,merchant_only,random_forest
2024-07-19,0,0.33811641087885785,0.35288864425144373,4,merchant_only,random_forest
2024-07-20,0,0.3387293524097401,0.35288864425144373,4,merchant_only,random_forest
2024-07-21,0,0.06320729795193177,0.35288864425144373,4,merchant_only,random_forest
2024-07-22,0,0.032478657428993384,0.35288864425144373,4,merchant_only,random_forest
2024-07-23,0,0.04031485669694975,0.35288864425144373,4,merchant_only,random_forest
2024-07-24,0,0.05874367279426061,0.35288864425144373,4,merchant_only,random_forest
2024-07-25,0,0.028427679415735187,0.35288864425144373,4,merchant_only,random_forest
2024-07-26,0,0.04185982667371942,0.35288864425144373,4,merchant_only,random_forest
2024-07-27,0,0.04390465209427427,0.35288864425144373,4,merchant_only,random_forest
2024-07-28,0,0.015565127395325933,0.35288864425144373,4,merchant_only,random_forest
2024-07-29,0,0.05503349983260582,0.35288864425144373,4,merchant_only,random_forest
2024-07-30,0,0.09687913268180072,0.35288864425144373,4,merchant_only,random_forest
2024-07-31,0,0.08048024463803068,0.35288864425144373,4,merchant_only,random_forest
2024-08-01,0,0.19589366621216373,0.35288864425144373,4,merchant_only,random_forest
2024-08-02,0,0.119147683737816,0.35288864425144373,4,merchant_only,random_forest
2024-08-03,0,0.08333559538577273,0.35288864425144373,4,merchant_only,random_forest
2024-08-04,0,0.18204833202212228,0.35288864425144373,4,merchant_only,random_forest
2024-08-05,0,0.0969789921101008,0.35288864425144373,4,merchant_only,random_forest
2024-08-06,0,0.15803957127295512,0.35288864425144373,4,merchant_only,random_forest
2024-08-07,0,0.17114114148915172,0.35288864425144373,4,merchant_only,random_forest
2024-08-08,0,0.19338254931942667,0.35288864425144373,4,merchant_only,random_forest
2024-08-09,0,0.14833485511477743,0.35288864425144373,4,merchant_only,random_forest
2024-08-10,0,0.1576628970117439,0.35288864425144373,4,merchant_only,random_forest
2024-08-11,0,0.20675921046778772,0.35288864425144373,4,merchant_only,random_forest
2024-08-12,0,0.1857541794777894,0.35288864425144373,4,merchant_only,random_forest
2024-08-13,0,0.20968793374455705,0.35288864425144373,4,merchant_only,random_forest
2024-08-14,1,0.1826386601721137,0.35288864425144373,4,merchant_only,random_forest
2024-08-15,0,0.1628083788853686,0.35288864425144373,4,merchant_only,random_forest
2024-08-16,0,0.06663215292776009,0.35288864425144373,4,merchant_only,random_forest
2024-08-17,0,0.11938441833532669,0.35288864425144373,4,merchant_only,random_forest
2024-08-18,0,0.6796434856186309,0.35288864425144373,4,merchant_only,random_forest
2024-08-19,0,0.6910508855199394,0.35288864425144373,4,merchant_only,random_forest
2023-07-08,0,0.04292853481073524,0.435,0,merchant_only,hist_gb
2023-07-09,0,0.02952873498971035,0.435,0,merchant_only,hist_gb
2023-07-10,0,0.10451415660505368,0.435,0,merchant_only,hist_gb
2023-07-11,0,0.39460137339763135,0.435,0,merchant_only,hist_gb
2023-07-12,0,0.3947882054300548,0.435,0,merchant_only,hist_gb
2023-07-13,1,0.28849911022193575,0.435,0,merchant_only,hist_gb
2023-07-14,1,0.25018514514202295,0.435,0,merchant_only,hist_gb
2023-07-15,0,0.1703257289050442,0.435,0,merchant_only,hist_gb
2023-07-16,0,0.0488141441240899,0.435,0,merchant_only,hist_gb
2023-07-17,0,0.1448948780471593,0.435,0,merchant_only,hist_gb
2023-07-18,0,0.05834253875208063,0.435,0,merchant_only,hist_gb
2023-07-19,0,0.07451434314144338,0.435,0,merchant_only,hist_gb
2023-07-20,0,0.3743610318432874,0.435,0,merchant_only,hist_gb
2023-07-21,0,0.18067270331836296,0.435,0,merchant_only,hist_gb
2023-07-22,0,0.1816230029910702,0.435,0,merchant_only,hist_gb
2023-07-23,0,0.04992969675445249,0.435,0,merchant_only,hist_gb
2023-07-24,0,0.036340279422490816,0.435,0,merchant_only,hist_gb
2023-07-25,0,0.057150132523259484,0.435,0,merchant_only,hist_gb
2023-07-26,0,0.03984390808999084,0.435,0,merchant_only,hist_gb
2023-07-27,0,0.08641436201025555,0.435,0,merchant_only,hist_gb
2023-07-28,0,0.01271509101732555,0.435,0,merchant_only,hist_gb
2023-07-29,0,0.09920980508349962,0.435,0,merchant_only,hist_gb
2023-07-30,0,0.032661684081642335,0.435,0,merchant_only,hist_gb
2023-07-31,0,0.0389110854255088,0.435,0,merchant_only,hist_gb
2023-08-01,0,0.020375138233895657,0.435,0,merchant_only,hist_gb
2023-08-02,0,0.030915250868055372,0.435,0,merchant_only,hist_gb
2023-08-03,0,0.011067060663743638,0.435,0,merchant_only,hist_gb
2023-08-04,0,0.08331178622316791,0.435,0,merchant_only,hist_gb
2023-08-05,0,0.05595390384093678,0.435,0,merchant_only,hist_gb
2023-08-06,0,0.6038826138459501,0.435,0,merchant_only,hist_gb
2023-08-07,0,0.18113300871489071,0.435,0,merchant_only,hist_gb
2023-08-08,0,0.15256647420500213,0.435,0,merchant_only,hist_gb
2023-08-09,0,0.16426740933526285,0.435,0,merchant_only,hist_gb
2023-08-10,0,0.27321940164134556,0.435,0,merchant_only,hist_gb
2023-08-11,0,0.35833140609608183,0.435,0,merchant_only,hist_gb
2023-08-12,0,0.2961389259213534,0.435,0,merchant_only,hist_gb
2023-08-13,0,0.2059904222267562,0.435,0,merchant_only,hist_gb
2023-08-14,0,0.08280854846926237,0.435,0,merchant_only,hist_gb
2023-08-15,0,0.12425485160683271,0.435,0,merchant_only,hist_gb
2023-08-16,0,0.03718041038196258,0.435,0,merchant_only,hist_gb
2023-08-17,0,0.3941505467328318,0.435,0,merchant_only,hist_gb
2023-08-18,1,0.13027688564239265,0.435,0,merchant_only,hist_gb
2023-08-19,0,0.0408470290234532,0.435,0,merchant_only,hist_gb
2023-08-20,0,0.3440715724723454,0.435,0,merchant_only,hist_gb
2023-08-21,0,0.6101550901076618,0.435,0,merchant_only,hist_gb
2023-08-22,0,0.3383668646179263,0.435,0,merchant_only,hist_gb
2023-08-23,0,0.2745390326433293,0.435,0,merchant_only,hist_gb
2023-08-24,0,0.1533700899003006,0.435,0,merchant_only,hist_gb
2023-08-25,0,0.04521031969559206,0.435,0,merchant_only,hist_gb
2023-08-26,0,0.17309403889463945,0.435,0,merchant_only,hist_gb
2023-08-27,0,0.21524124926132135,0.435,0,merchant_only,hist_gb
2023-08-28,0,0.1731864341926705,0.435,0,merchant_only,hist_gb
2023-08-29,0,0.09765095404765063,0.435,0,merchant_only,hist_gb
2023-08-30,0,0.019854323227391762,0.435,0,merchant_only,hist_gb
2023-08-31,0,0.06540291430527612,0.435,0,merchant_only,hist_gb
2023-09-01,0,0.2244269279580381,0.435,0,merchant_only,hist_gb
2023-09-02,0,0.09325792620308553,0.435,0,merchant_only,hist_gb
2023-09-03,0,0.4996039312872123,0.435,0,merchant_only,hist_gb
2023-09-04,0,0.4803356552493131,0.435,0,merchant_only,hist_gb
2023-09-05,1,0.4404251343931557,0.435,0,merchant_only,hist_gb
2023-09-06,1,0.13698391763429735,0.435,0,merchant_only,hist_gb
2023-09-07,1,0.32666518848647147,0.435,0,merchant_only,hist_gb
2023-09-08,1,0.4932555978983791,0.435,0,merchant_only,hist_gb
2023-09-09,0,0.15888456890098612,0.435,0,merchant_only,hist_gb
2023-09-10,0,0.09756299827292797,0.435,0,merchant_only,hist_gb
2023-09-11,0,0.21844285858181828,0.435,0,merchant_only,hist_gb
2023-09-12,0,0.12264540585858089,0.435,0,merchant_only,hist_gb
2023-09-13,0,0.3593123197277684,0.435,0,merchant_only,hist_gb
2023-09-14,0,0.19480060040578553,0.435,0,merchant_only,hist_gb
2023-09-15,0,0.2868363718056246,0.435,0,merchant_only,hist_gb
2023-09-16,0,0.1913911629866573,0.435,0,merchant_only,hist_gb
2023-09-17,0,0.08669434585536612,0.435,0,merchant_only,hist_gb
2023-09-18,0,0.019703634606560896,0.435,0,merchant_only,hist_gb
2023-09-19,0,0.2358818120030363,0.435,0,merchant_only,hist_gb
2023-09-20,0,0.436431982957191,0.435,0,merchant_only,hist_gb
2023-09-21,0,0.4961400917473768,0.435,0,merchant_only,hist_gb
2023-09-22,0,0.25182914240275533,0.435,0,merchant_only,hist_gb
2023-09-23,0,0.1630621296429608,0.435,0,merchant_only,hist_gb
2023-09-24,0,0.034966123040134356,0.435,0,merchant_only,hist_gb
2023-09-25,0,0.022270461458516404,0.435,0,merchant_only,hist_gb
2023-09-26,0,0.24806712849365203,0.435,0,merchant_only,hist_gb
2023-09-27,0,0.028536309544430382,0.435,0,merchant_only,hist_gb
2023-09-28,0,0.041386769719046666,0.435,0,merchant_only,hist_gb
2023-09-29,0,0.09147744134513446,0.435,0,merchant_only,hist_gb
2023-09-30,0,0.052190518459155164,0.435,0,merchant_only,hist_gb
2023-10-08,0,0.04721337054245738,0.09328891812464316,1,merchant_only,hist_gb
2023-10-09,0,0.10122935971522723,0.09328891812464316,1,merchant_only,hist_gb
2023-10-10,0,0.2917536838927668,0.09328891812464316,1,merchant_only,hist_gb
2023-10-11,0,0.11465329327353488,0.09328891812464316,1,merchant_only,hist_gb
2023-10-12,0,0.23389437843139027,0.09328891812464316,1,merchant_only,hist_gb
2023-10-13,1,0.2793892294037484,0.09328891812464316,1,merchant_only,hist_gb
2023-10-14,1,0.2334311197111135,0.09328891812464316,1,merchant_only,hist_gb
2023-10-15,0,0.07605588110210776,0.09328891812464316,1,merchant_only,hist_gb
2023-10-16,1,0.06439660613166674,0.09328891812464316,1,merchant_only,hist_gb
2023-10-17,1,0.22514443144401564,0.09328891812464316,1,merchant_only,hist_gb
2023-10-18,0,0.13558473474133512,0.09328891812464316,1,merchant_only,hist_gb
2023-10-19,0,0.08359201288408656,0.09328891812464316,1,merchant_only,hist_gb
2023-10-20,0,0.17974788073082418,0.09328891812464316,1,merchant_only,hist_gb
2023-10-21,0,0.07925844772002377,0.09328891812464316,1,merchant_only,hist_gb
2023-10-22,0,0.014083452419999407,0.09328891812464316,1,merchant_only,hist_gb
2023-10-23,0,0.015953141939923733,0.09328891812464316,1,merchant_only,hist_gb
2023-10-24,0,0.07303925400131027,0.09328891812464316,1,merchant_only,hist_gb
2023-10-25,0,0.0747430650775174,0.09328891812464316,1,merchant_only,hist_gb
2023-10-26,0,0.16975981373033536,0.09328891812464316,1,merchant_only,hist_gb
2023-10-27,0,0.08997246949187346,0.09328891812464316,1,merchant_only,hist_gb
2023-10-28,0,0.10684166111196682,0.09328891812464316,1,merchant_only,hist_gb
2023-10-29,0,0.04164501281625767,0.09328891812464316,1,merchant_only,hist_gb
2023-10-30,0,0.0237135013978415,0.09328891812464316,1,merchant_only,hist_gb
2023-10-31,0,0.02151805881090434,0.09328891812464316,1,merchant_only,hist_gb
2023-11-01,0,0.08061553948182912,0.09328891812464316,1,merchant_only,hist_gb
2023-11-02,0,0.021972657638301422,0.09328891812464316,1,merchant_only,hist_gb
2023-11-03,0,0.041659655443206094,0.09328891812464316,1,merchant_only,hist_gb
2023-11-04,0,0.0402316229929354,0.09328891812464316,1,merchant_only,hist_gb
2023-11-05,0,0.09805209278031729,0.09328891812464316,1,merchant_only,hist_gb
2023-11-06,0,0.10120142316580442,0.09328891812464316,1,merchant_only,hist_gb
2023-11-07,0,0.6495452865610597,0.09328891812464316,1,merchant_only,hist_gb
2023-11-08,0,0.7335448748926927,0.09328891812464316,1,merchant_only,hist_gb
2023-11-09,1,0.6778090447934965,0.09328891812464316,1,merchant_only,hist_gb
2023-11-10,1,0.03115388437974304,0.09328891812464316,1,merchant_only,hist_gb
2023-11-11,0,0.2152379034096936,0.09328891812464316,1,merchant_only,hist_gb
2023-11-12,0,0.03146786994076612,0.09328891812464316,1,merchant_only,hist_gb
2023-11-13,1,0.1941633921505246,0.09328891812464316,1,merchant_only,hist_gb
2023-11-14,1,0.23675857013175378,0.09328891812464316,1,merchant_only,hist_gb
2023-11-15,0,0.024705383318901968,0.09328891812464316,1,merchant_only,hist_gb
2023-11-16,0,0.04200041754579492,0.09328891812464316,1,merchant_only,hist_gb
2023-11-17,0,0.02272853144085577,0.09328891812464316,1,merchant_only,hist_gb
2023-11-18,0,0.09318136853948994,0.09328891812464316,1,merchant_only,hist_gb
2023-11-19,0,0.011848894444173532,0.09328891812464316,1,merchant_only,hist_gb
2023-11-20,0,0.24599542614777603,0.09328891812464316,1,merchant_only,hist_gb
2023-11-21,0,0.03402536348864996,0.09328891812464316,1,merchant_only,hist_gb
2023-11-22,0,0.05188768517301156,0.09328891812464316,1,merchant_only,hist_gb
2023-11-23,0,0.030766256203316175,0.09328891812464316,1,merchant_only,hist_gb
2023-11-24,0,0.01893668411660123,0.09328891812464316,1,merchant_only,hist_gb
2023-11-25,0,0.1016033729779476,0.09328891812464316,1,merchant_only,hist_gb
2023-11-26,0,0.05745633286702889,0.09328891812464316,1,merchant_only,hist_gb
2023-11-27,0,0.0411191022100139,0.09328891812464316,1,merchant_only,hist_gb
2023-11-28,0,0.11361642000949605,0.09328891812464316,1,merchant_only,hist_gb
2023-11-29,0,0.02763981803725594,0.09328891812464316,1,merchant_only,hist_gb
2023-11-30,0,0.016950649724219658,0.09328891812464316,1,merchant_only,hist_gb
2023-12-01,0,0.033894747718207066,0.09328891812464316,1,merchant_only,hist_gb
2023-12-02,0,0.11764470979016033,0.09328891812464316,1,merchant_only,hist_gb
2023-12-03,0,0.1968466463140201,0.09328891812464316,1,merchant_only,hist_gb
2023-12-04,0,0.4580669417093496,0.09328891812464316,1,merchant_only,hist_gb
2023-12-05,0,0.4800443710393855,0.09328891812464316,1,merchant_only,hist_gb
2023-12-06,0,0.222475417801348,0.09328891812464316,1,merchant_only,hist_gb
2023-12-07,1,0.3864712781964166,0.09328891812464316,1,merchant_only,hist_gb
2023-12-08,0,0.6755535916737596,0.09328891812464316,1,merchant_only,hist_gb
2023-12-09,0,0.34755838540339945,0.09328891812464316,1,merchant_only,hist_gb
2023-12-10,1,0.20907512267930153,0.09328891812464316,1,merchant_only,hist_gb
2023-12-11,1,0.022434349922962265,0.09328891812464316,1,merchant_only,hist_gb
2023-12-12,1,0.5873321505410221,0.09328891812464316,1,merchant_only,hist_gb
2023-12-13,1,0.05237836313718759,0.09328891812464316,1,merchant_only,hist_gb
2023-12-14,1,0.15278518722510806,0.09328891812464316,1,merchant_only,hist_gb
2023-12-15,1,0.016208755143074453,0.09328891812464316,1,merchant_only,hist_gb
2023-12-16,0,0.017485614631356443,0.09328891812464316,1,merchant_only,hist_gb
2023-12-17,0,0.04288365518813115,0.09328891812464316,1,merchant_only,hist_gb
2023-12-18,0,0.17459927087869606,0.09328891812464316,1,merchant_only,hist_gb
2023-12-19,0,0.12523413080614162,0.09328891812464316,1,merchant_only,hist_gb
2023-12-20,0,0.4701804898195566,0.09328891812464316,1,merchant_only,hist_gb
2023-12-21,0,0.06542235709258283,0.09328891812464316,1,merchant_only,hist_gb
2023-12-22,0,0.1309167455806166,0.09328891812464316,1,merchant_only,hist_gb
2023-12-23,0,0.014364626107525461,0.09328891812464316,1,merchant_only,hist_gb
2023-12-24,0,0.04445458704817741,0.09328891812464316,1,merchant_only,hist_gb
2023-12-25,0,0.09309170380171994,0.09328891812464316,1,merchant_only,hist_gb
2023-12-26,0,0.03508962969758534,0.09328891812464316,1,merchant_only,hist_gb
2023-12-27,0,0.05363804500725185,0.09328891812464316,1,merchant_only,hist_gb
2023-12-28,0,0.11221693223750204,0.09328891812464316,1,merchant_only,hist_gb
2023-12-29,0,0.019312280702284936,0.09328891812464316,1,merchant_only,hist_gb
2023-12-30,0,0.01836746324185192,0.09328891812464316,1,merchant_only,hist_gb
2023-12-31,0,0.35497120659427717,0.09328891812464316,1,merchant_only,hist_gb
2024-01-08,0,0.18005239285562746,0.07868777313159979,2,merchant_only,hist_gb
2024-01-09,0,0.5180188644155882,0.07868777313159979,2,merchant_only,hist_gb
2024-01-10,0,0.09570716359616391,0.07868777313159979,2,merchant_only,hist_gb
2024-01-11,1,0.18275502966766902,0.07868777313159979,2,merchant_only,hist_gb
2024-01-12,1,0.46462765400116135,0.07868777313159979,2,merchant_only,hist_gb
2024-01-13,1,0.29759410391689567,0.07868777313159979,2,merchant_only,hist_gb
2024-01-14,1,0.18168752053939224,0.07868777313159979,2,merchant_only,hist_gb
2024-01-15,1,0.22613040016082464,0.07868777313159979,2,merchant_only,hist_gb
2024-01-16,0,0.35572654846353663,0.07868777313159979,2,merchant_only,hist_gb
2024-01-17,1,0.4472207536835739,0.07868777313159979,2,merchant_only,hist_gb
2024-01-18,1,0.4788020414342298,0.07868777313159979,2,merchant_only,hist_gb
2024-01-19,1,0.3649101272450565,0.07868777313159979,2,merchant_only,hist_gb
2024-01-20,0,0.1840189542278473,0.07868777313159979,2,merchant_only,hist_gb
2024-01-21,0,0.00839322234529986,0.07868777313159979,2,merchant_only,hist_gb
2024-01-22,0,0.021353438379044125,0.07868777313159979,2,merchant_only,hist_gb
2024-01-23,0,0.010189914868711368,0.07868777313159979,2,merchant_only,hist_gb
2024-01-24,0,0.012169782106524623,0.07868777313159979,2,merchant_only,hist_gb
2024-01-25,0,0.113194645432303,0.07868777313159979,2,merchant_only,hist_gb
2024-01-26,0,0.010254809771355474,0.07868777313159979,2,merchant_only,hist_gb
2024-01-27,0,0.06906592040112124,0.07868777313159979,2,merchant_only,hist_gb
2024-01-28,0,0.02395819543337721,0.07868777313159979,2,merchant_only,hist_gb
2024-01-29,0,0.04715493656822347,0.07868777313159979,2,merchant_only,hist_gb
2024-01-30,1,0.016489446160648142,0.07868777313159979,2,merchant_only,hist_gb
2024-01-31,0,0.08060693089877895,0.07868777313159979,2,merchant_only,hist_gb
2024-02-01,0,0.03984520327950746,0.07868777313159979,2,merchant_only,hist_gb
2024-02-02,0,0.030294869075474053,0.07868777313159979,2,merchant_only,hist_gb
2024-02-03,0,0.008349706468015227,0.07868777313159979,2,merchant_only,hist_gb
2024-02-04,0,0.1767720348030053,0.07868777313159979,2,merchant_only,hist_gb
2024-02-05,0,0.28129090760201153,0.07868777313159979,2,merchant_only,hist_gb
2024-02-06,0,0.5586913854769535,0.07868777313159979,2,merchant_only,hist_gb
2024-02-07,0,0.25686282016625134,0.07868777313159979,2,merchant_only,hist_gb
2024-02-08,0,0.5532073654903769,0.07868777313159979,2,merchant_only,hist_gb
2024-02-09,0,0.7038348373761902,0.07868777313159979,2,merchant_only,hist_gb
2024-02-10,0,0.8372072944032309,0.07868777313159979,2,merchant_only,hist_gb
2024-02-11,0,0.07193205362013363,0.07868777313159979,2,merchant_only,hist_gb
2024-02-12,0,0.09551097143336575,0.07868777313159979,2,merchant_only,hist_gb
2024-02-13,0,0.0840823040411893,0.07868777313159979,2,merchant_only,hist_gb
2024-02-14,0,0.034378407096849195,0.07868777313159979,2,merchant_only,hist_gb
2024-02-15,0,0.10331139332332287,0.07868777313159979,2,merchant_only,hist_gb
2024-02-16,0,0.05589135040638889,0.07868777313159979,2,merchant_only,hist_gb
2024-02-17,0,0.027700397076502785,0.07868777313159979,2,merchant_only,hist_gb
2024-02-18,0,0.00951009193496047,0.07868777313159979,2,merchant_only,hist_gb
2024-02-19,0,0.02311173531300184,0.07868777313159979,2,merchant_only,hist_gb
2024-02-20,0,0.1378676456786815,0.07868777313159979,2,merchant_only,hist_gb
2024-02-21,0,0.011811039204949123,0.07868777313159979,2,merchant_only,hist_gb
2024-02-22,0,0.02431614504342582,0.07868777313159979,2,merchant_only,hist_gb
2024-02-23,0,0.04535614246247583,0.07868777313159979,2,merchant_only,hist_gb
2024-02-24,0,0.03025900191047613,0.07868777313159979,2,merchant_only,hist_gb
2024-02-25,0,0.010215248595125601,0.07868777313159979,2,merchant_only,hist_gb
2024-02-26,0,0.011331804486181256,0.07868777313159979,2,merchant_only,hist_gb
2024-02-27,0,0.06262002277764718,0.07868777313159979,2,merchant_only,hist_gb
2024-02-28,0,0.05781903167374764,0.07868777313159979,2,merchant_only,hist_gb
2024-02-29,0,0.07791094231984329,0.07868777313159979,2,merchant_only,hist_gb
2024-03-01,0,0.05147443646430168,0.07868777313159979,2,merchant_only,hist_gb
2024-03-02,0,0.059683561045609124,0.07868777313159979,2,merchant_only,hist_gb
2024-03-03,0,0.09814232764223559,0.07868777313159979,2,merchant_only,hist_gb
2024-03-04,0,0.24214107858223727,0.07868777313159979,2,merchant_only,hist_gb
2024-03-05,0,0.16556589469809918,0.07868777313159979,2,merchant_only,hist_gb
2024-03-06,0,0.0852288952306281,0.07868777313159979,2,merchant_only,hist_gb
2024-03-07,0,0.13828007021971805,0.07868777313159979,2,merchant_only,hist_gb
2024-03-08,0,0.2717501908036257,0.07868777313159979,2,merchant_only,hist_gb
2024-03-09,1,0.0646445433074743,0.07868777313159979,2,merchant_only,hist_gb
2024-03-10,1,0.7352446653681871,0.07868777313159979,2,merchant_only,hist_gb
2024-03-11,1,0.9158315437370278,0.07868777313159979,2,merchant_only,hist_gb
2024-03-12,1,0.8660106141176647,0.07868777313159979,2,merchant_only,hist_gb
2024-03-13,1,0.7022785623010231,0.07868777313159979,2,merchant_only,hist_gb
2024-03-14,1,0.5442433681917193,0.07868777313159979,2,merchant_only,hist_gb
2024-03-15,1,0.14609320853039087,0.07868777313159979,2,merchant_only,hist_gb
2024-03-16,1,0.13034494424191934,0.07868777313159979,2,merchant_only,hist_gb
2024-03-17,0,0.013940358094411045,0.07868777313159979,2,merchant_only,hist_gb
2024-03-18,0,0.1669588087150204,0.07868777313159979,2,merchant_only,hist_gb
2024-03-19,0,0.01621600231765724,0.07868777313159979,2,merchant_only,hist_gb
2024-03-20,0,0.031139175272543385,0.07868777313159979,2,merchant_only,hist_gb
2024-03-21,0,0.013135562508316904,0.07868777313159979,2,merchant_only,hist_gb
2024-03-22,0,0.06103204346298492,0.07868777313159979,2,merchant_only,hist_gb
2024-03-23,0,0.011279812974632247,0.07868777313159979,2,merchant_only,hist_gb
2024-03-24,0,0.12886027436961844,0.07868777313159979,2,merchant_only,hist_gb
2024-03-25,0,0.09250101087695223,0.07868777313159979,2,merchant_only,hist_gb
2024-03-26,0,0.03664364545564662,0.07868777313159979,2,merchant_only,hist_gb
2024-03-27,0,0.02171629065853529,0.07868777313159979,2,merchant_only,hist_gb
2024-03-28,0,0.1476292790339695,0.07868777313159979,2,merchant_only,hist_gb
2024-03-29,0,0.03506995794859227,0.07868777313159979,2,merchant_only,hist_gb
2024-03-30,0,0.20554652897179276,0.07868777313159979,2,merchant_only,hist_gb
2024-03-31,0,0.06261684106220679,0.07868777313159979,2,merchant_only,hist_gb
2024-04-08,0,0.8998582109372554,0.15000000000000002,3,merchant_only,hist_gb
2024-04-09,0,0.805858713442096,0.15000000000000002,3,merchant_only,hist_gb
2024-04-10,1,0.44579502958836426,0.15000000000000002,3,merchant_only,hist_gb
2024-04-11,1,0.8900517023107373,0.15000000000000002,3,merchant_only,hist_gb
2024-04-12,0,0.6508357645179714,0.15000000000000002,3,merchant_only,hist_gb
2024-04-13,1,0.794608491619773,0.15000000000000002,3,merchant_only,hist_gb
2024-04-14,1,0.7375894860555219,0.15000000000000002,3,merchant_only,hist_gb
2024-04-15,1,0.16834031622561133,0.15000000000000002,3,merchant_only,hist_gb
2024-04-16,1,0.07823892754353834,0.15000000000000002,3,merchant_only,hist_gb
2024-04-17,1,0.08273959924249104,0.15000000000000002,3,merchant_only,hist_gb
2024-04-18,1,0.2357924016779475,0.15000000000000002,3,merchant_only,hist_gb
2024-04-19,1,0.20785400110970204,0.15000000000000002,3,merchant_only,hist_gb
2024-04-20,1,0.06627393699038701,0.15000000000000002,3,merchant_only,hist_gb
2024-04-21,0,0.0160589265282578,0.15000000000000002,3,merchant_only,hist_gb
2024-04-22,0,0.03519373398837276,0.15000000000000002,3,merchant_only,hist_gb
2024-04-23,0,0.013975381902567136,0.15000000000000002,3,merchant_only,hist_gb
2024-04-24,0,0.01310027034415336,0.15000000000000002,3,merchant_only,hist_gb
2024-04-25,0,0.038956594177287855,0.15000000000000002,3,merchant_only,hist_gb
2024-04-26,0,0.065684838735753,0.15000000000000002,3,merchant_only,hist_gb
2024-04-27,0,0.00821193017138575,0.15000000000000002,3,merchant_only,hist_gb
2024-04-28,0,0.03530290880760707,0.15000000000000002,3,merchant_only,hist_gb
2024-04-29,0,0.006212645732813779,0.15000000000000002,3,merchant_only,hist_gb
2024-04-30,0,0.046123725759048266,0.15000000000000002,3,merchant_only,hist_gb
2024-05-01,0,0.008794681785151614,0.15000000000000002,3,merchant_only,hist_gb
2024-05-02,0,0.012955029241930191,0.15000000000000002,3,merchant_only,hist_gb
2024-05-03,0,0.03527926488728306,0.15000000000000002,3,merchant_only,hist_gb
2024-05-04,0,0.052780644893870805,0.15000000000000002,3,merchant_only,hist_gb
2024-05-05,0,0.21144589318844123,0.15000000000000002,3,merchant_only,hist_gb
2024-05-06,0,0.048723893890933435,0.15000000000000002,3,merchant_only,hist_gb
2024-05-07,0,0.04374243223817707,0.15000000000000002,3,merchant_only,hist_gb
2024-05-08,0,0.10146620248852944,0.15000000000000002,3,merchant_only,hist_gb
2024-05-09,0,0.02604379371578901,0.15000000000000002,3,merchant_only,hist_gb
2024-05-10,0,0.08594003522930475,0.15000000000000002,3,merchant_only,hist_gb
2024-05-11,0,0.0760999330774435,0.15000000000000002,3,merchant_only,hist_gb
2024-05-12,0,0.48938220793338627,0.15000000000000002,3,merchant_only,hist_gb
2024-05-13,0,0.02721584197526394,0.15000000000000002,3,merchant_only,hist_gb
2024-05-14,0,0.04948365430769602,0.15000000000000002,3,merchant_only,hist_gb
2024-05-15,0,0.02095877901303817,0.15000000000000002,3,merchant_only,hist_gb
2024-05-16,0,0.2672492886712841,0.15000000000000002,3,merchant_only,hist_gb
2024-05-17,1,0.20295781063438353,0.15000000000000002,3,merchant_only,hist_gb
2024-05-18,0,0.2561601086528614,0.15000000000000002,3,merchant_only,hist_gb
2024-05-19,0,0.11637548914392239,0.15000000000000002,3,merchant_only,hist_gb
2024-05-20,0,0.032613426496990075,0.15000000000000002,3,merchant_only,hist_gb
2024-05-21,0,0.09362598302271116,0.15000000000000002,3,merchant_only,hist_gb
2024-05-22,0,0.4134900268353407,0.15000000000000002,3,merchant_only,hist_gb
2024-05-23,0,0.7697968848116024,0.15000000000000002,3,merchant_only,hist_gb
2024-05-24,0,0.13219832088595393,0.15000000000000002,3,merchant_only,hist_gb
2024-05-25,0,0.03089482137795438,0.15000000000000002,3,merchant_only,hist_gb
2024-05-26,0,0.03441506711094992,0.15000000000000002,3,merchant_only,hist_gb
2024-05-27,0,0.04166509412614167,0.15000000000000002,3,merchant_only,hist_gb
2024-05-28,0,0.043304138563434284,0.15000000000000002,3,merchant_only,hist_gb
2024-05-29,0,0.08785931347232702,0.15000000000000002,3,merchant_only,hist_gb
2024-05-30,0,0.019967723523427617,0.15000000000000002,3,merchant_only,hist_gb
2024-05-31,0,0.11028397438429478,0.15000000000000002,3,merchant_only,hist_gb
2024-06-01,0,0.030225257419691003,0.15000000000000002,3,merchant_only,hist_gb
2024-06-02,0,0.290558574341699,0.15000000000000002,3,merchant_only,hist_gb
2024-06-03,0,0.38962912994665183,0.15000000000000002,3,merchant_only,hist_gb
2024-06-04,0,0.22906332569992038,0.15000000000000002,3,merchant_only,hist_gb
2024-06-05,0,0.06449589877332511,0.15000000000000002,3,merchant_only,hist_gb
2024-06-06,0,0.2544855382925276,0.15000000000000002,3,merchant_only,hist_gb
2024-06-07,0,0.36784205123486874,0.15000000000000002,3,merchant_only,hist_gb
2024-06-08,0,0.13266634814543082,0.15000000000000002,3,merchant_only,hist_gb
2024-06-09,0,0.018438343572702524,0.15000000000000002,3,merchant_only,hist_gb
2024-06-10,0,0.015303083395163213,0.15000000000000002,3,merchant_only,hist_gb
2024-06-11,0,0.023494400788546272,0.15000000000000002,3,merchant_only,hist_gb
2024-06-12,0,0.022284742938242123,0.15000000000000002,3,merchant_only,hist_gb
2024-06-13,0,0.04425956709828065,0.15000000000000002,3,merchant_only,hist_gb
2024-06-14,1,0.13486576109265064,0.15000000000000002,3,merchant_only,hist_gb
2024-06-15,1,0.05513429482953213,0.15000000000000002,3,merchant_only,hist_gb
2024-06-16,1,0.5853263907267405,0.15000000000000002,3,merchant_only,hist_gb
2024-06-17,1,0.3664015223681498,0.15000000000000002,3,merchant_only,hist_gb
2024-06-18,1,0.5815383799745348,0.15000000000000002,3,merchant_only,hist_gb
2024-06-19,1,0.4013946938214819,0.15000000000000002,3,merchant_only,hist_gb
2024-06-20,1,0.2746270474751804,0.15000000000000002,3,merchant_only,hist_gb
2024-06-21,1,0.22338553289296917,0.15000000000000002,3,merchant_only,hist_gb
2024-06-22,0,0.3247138145058093,0.15000000000000002,3,merchant_only,hist_gb
2024-06-23,0,0.024820912823844396,0.15000000000000002,3,merchant_only,hist_gb
2024-06-24,0,0.018244232126951705,0.15000000000000002,3,merchant_only,hist_gb
2024-06-25,0,0.032859798318413874,0.15000000000000002,3,merchant_only,hist_gb
2024-06-26,0,0.07203868950663674,0.15000000000000002,3,merchant_only,hist_gb
2024-06-27,0,0.016287031926258685,0.15000000000000002,3,merchant_only,hist_gb
2024-06-28,0,0.03577154920395916,0.15000000000000002,3,merchant_only,hist_gb
2024-06-29,0,0.020566672468502894,0.15000000000000002,3,merchant_only,hist_gb
2024-06-30,0,0.00795057891459176,0.15000000000000002,3,merchant_only,hist_gb
2024-07-08,0,0.014908690086487748,0.12000000000000001,4,merchant_only,hist_gb
2024-07-09,0,0.06297645246993745,0.12000000000000001,4,merchant_only,hist_gb
2024-07-10,0,0.09767156296051674,0.12000000000000001,4,merchant_only,hist_gb
2024-07-11,0,0.3526899668666545,0.12000000000000001,4,merchant_only,hist_gb
2024-07-12,0,0.10807844712958974,0.12000000000000001,4,merchant_only,hist_gb
2024-07-13,0,0.11409355390190373,0.12000000000000001,4,merchant_only,hist_gb
2024-07-14,1,0.2710010002275013,0.12000000000000001,4,merchant_only,hist_gb
2024-07-15,1,0.36491870883893746,0.12000000000000001,4,merchant_only,hist_gb
2024-07-16,0,0.17415362777392018,0.12000000000000001,4,merchant_only,hist_gb
2024-07-17,1,0.15082296605534168,0.12000000000000001,4,merchant_only,hist_gb
2024-07-18,1,0.07780058981286149,0.12000000000000001,4,merchant_only,hist_gb
2024-07-19,0,0.1173125757089676,0.12000000000000001,4,merchant_only,hist_gb
2024-07-20,0,0.09814707632897962,0.12000000000000001,4,merchant_only,hist_gb
2024-07-21,0,0.03442208886183997,0.12000000000000001,4,merchant_only,hist_gb
2024-07-22,0,0.025699182757121738,0.12000000000000001,4,merchant_only,hist_gb
2024-07-23,0,0.019570023672706244,0.12000000000000001,4,merchant_only,hist_gb
2024-07-24,0,0.01627502232654271,0.12000000000000001,4,merchant_only,hist_gb
2024-07-25,0,0.017729769598523723,0.12000000000000001,4,merchant_only,hist_gb
2024-07-26,0,0.024811188573625992,0.12000000000000001,4,merchant_only,hist_gb
2024-07-27,0,0.019007077712222032,0.12000000000000001,4,merchant_only,hist_gb
2024-07-28,0,0.010252221200693532,0.12000000000000001,4,merchant_only,hist_gb
2024-07-29,0,0.01497864535145349,0.12000000000000001,4,merchant_only,hist_gb
2024-07-30,0,0.03156273536681017,0.12000000000000001,4,merchant_only,hist_gb
2024-07-31,0,0.013977324537567712,0.12000000000000001,4,merchant_only,hist_gb
2024-08-01,0,0.1523501836365771,0.12000000000000001,4,merchant_only,hist_gb
2024-08-02,0,0.10021642867031179,0.12000000000000001,4,merchant_only,hist_gb
2024-08-03,0,0.02782200643203937,0.12000000000000001,4,merchant_only,hist_gb
2024-08-04,0,0.0984818039180199,0.12000000000000001,4,merchant_only,hist_gb
2024-08-05,0,0.09677385216511128,0.12000000000000001,4,merchant_only,hist_gb
2024-08-06,0,0.11945920528373057,0.12000000000000001,4,merchant_only,hist_gb
2024-08-07,0,0.09311875730275057,0.12000000000000001,4,merchant_only,hist_gb
2024-08-08,0,0.09478180023761364,0.12000000000000001,4,merchant_only,hist_gb
2024-08-09,0,0.04286087938724237,0.12000000000000001,4,merchant_only,hist_gb
2024-08-10,0,0.0690744193870065,0.12000000000000001,4,merchant_only,hist_gb
2024-08-11,0,0.12053250226973593,0.12000000000000001,4,merchant_only,hist_gb
2024-08-12,0,0.2585929441552219,0.12000000000000001,4,merchant_only,hist_gb
2024-08-13,0,0.31112876229063113,0.12000000000000001,4,merchant_only,hist_gb
2024-08-14,1,0.12215787008166314,0.12000000000000001,4,merchant_only,hist_gb
2024-08-15,0,0.05202250341579926,0.12000000000000001,4,merchant_only,hist_gb
2024-08-16,0,0.06905894364091224,0.12000000000000001,4,merchant_only,hist_gb
2024-08-17,0,0.0706923882754871,0.12000000000000001,4,merchant_only,hist_gb
2024-08-18,0,0.6184324532372865,0.12000000000000001,4,merchant_only,hist_gb
2024-08-19,0,0.7979790787055614,0.12000000000000001,4,merchant_only,hist_gb
2023-07-08,0,0.07991186590426096,0.24935224083007757,0,merchant_only,mean_ensemble
2023-07-09,0,0.06956049540723631,0.24935224083007757,0,merchant_only,mean_ensemble
2023-07-10,0,0.09834332187947226,0.24935224083007757,0,merchant_only,mean_ensemble
2023-07-11,0,0.5524633509366212,0.24935224083007757,0,merchant_only,mean_ensemble
2023-07-12,0,0.36267209318816596,0.24935224083007757,0,merchant_only,mean_ensemble
2023-07-13,1,0.27728540192023843,0.24935224083007757,0,merchant_only,mean_ensemble
2023-07-14,1,0.3280837405033077,0.24935224083007757,0,merchant_only,mean_ensemble
2023-07-15,0,0.08623065768493446,0.24935224083007757,0,merchant_only,mean_ensemble
2023-07-16,0,0.1304399695286064,0.24935224083007757,0,merchant_only,mean_ensemble
2023-07-17,0,0.18104966626635088,0.24935224083007757,0,merchant_only,mean_ensemble
2023-07-18,0,0.09825045191143507,0.24935224083007757,0,merchant_only,mean_ensemble
2023-07-19,0,0.14263741597490134,0.24935224083007757,0,merchant_only,mean_ensemble
2023-07-20,0,0.3678789794045968,0.24935224083007757,0,merchant_only,mean_ensemble
2023-07-21,0,0.11787502327708904,0.24935224083007757,0,merchant_only,mean_ensemble
2023-07-22,0,0.17090075143875894,0.24935224083007757,0,merchant_only,mean_ensemble
2023-07-23,0,0.06594298275321897,0.24935224083007757,0,merchant_only,mean_ensemble
2023-07-24,0,0.05741673487082596,0.24935224083007757,0,merchant_only,mean_ensemble
2023-07-25,0,0.0492430397076231,0.24935224083007757,0,merchant_only,mean_ensemble
2023-07-26,0,0.02647345325553646,0.24935224083007757,0,merchant_only,mean_ensemble
2023-07-27,0,0.06443193560004828,0.24935224083007757,0,merchant_only,mean_ensemble
2023-07-28,0,0.024043278848863526,0.24935224083007757,0,merchant_only,mean_ensemble
2023-07-29,0,0.09138463569939032,0.24935224083007757,0,merchant_only,mean_ensemble
2023-07-30,0,0.033179273614600505,0.24935224083007757,0,merchant_only,mean_ensemble
2023-07-31,0,0.07564758094334557,0.24935224083007757,0,merchant_only,mean_ensemble
2023-08-01,0,0.1347073187788702,0.24935224083007757,0,merchant_only,mean_ensemble
2023-08-02,0,0.06675956241452707,0.24935224083007757,0,merchant_only,mean_ensemble
2023-08-03,0,0.07476573826831677,0.24935224083007757,0,merchant_only,mean_ensemble
2023-08-04,0,0.17413525676108124,0.24935224083007757,0,merchant_only,mean_ensemble
2023-08-05,0,0.11213069724082937,0.24935224083007757,0,merchant_only,mean_ensemble
2023-08-06,0,0.48700165171424725,0.24935224083007757,0,merchant_only,mean_ensemble
2023-08-07,0,0.16991832497639506,0.24935224083007757,0,merchant_only,mean_ensemble
2023-08-08,0,0.1692715866641077,0.24935224083007757,0,merchant_only,mean_ensemble
2023-08-09,0,0.1448755976698761,0.24935224083007757,0,merchant_only,mean_ensemble
2023-08-10,0,0.2973597048320965,0.24935224083007757,0,merchant_only,mean_ensemble
2023-08-11,0,0.29618618628656046,0.24935224083007757,0,merchant_only,mean_ensemble
2023-08-12,0,0.40955355687798534,0.24935224083007757,0,merchant_only,mean_ensemble
2023-08-13,0,0.17991370994351322,0.24935224083007757,0,merchant_only,mean_ensemble
2023-08-14,0,0.06569452987656775,0.24935224083007757,0,merchant_only,mean_ensemble
2023-08-15,0,0.20704703174287853,0.24935224083007757,0,merchant_only,mean_ensemble
2023-08-16,0,0.09821520383556544,0.24935224083007757,0,merchant_only,mean_ensemble
2023-08-17,0,0.2713862719451404,0.24935224083007757,0,merchant_only,mean_ensemble
2023-08-18,1,0.10854526036201102,0.24935224083007757,0,merchant_only,mean_ensemble
2023-08-19,0,0.0411396617861592,0.24935224083007757,0,merchant_only,mean_ensemble
2023-08-20,0,0.23539948446161368,0.24935224083007757,0,merchant_only,mean_ensemble
2023-08-21,0,0.440473123980269,0.24935224083007757,0,merchant_only,mean_ensemble
2023-08-22,0,0.4098116197594997,0.24935224083007757,0,merchant_only,mean_ensemble
2023-08-23,0,0.2527031233915499,0.24935224083007757,0,merchant_only,mean_ensemble
2023-08-24,0,0.1555387642325728,0.24935224083007757,0,merchant_only,mean_ensemble
2023-08-25,0,0.027052683333329247,0.24935224083007757,0,merchant_only,mean_ensemble
2023-08-26,0,0.11192411624332788,0.24935224083007757,0,merchant_only,mean_ensemble
2023-08-27,0,0.1714133873924964,0.24935224083007757,0,merchant_only,mean_ensemble
2023-08-28,0,0.1693262302144995,0.24935224083007757,0,merchant_only,mean_ensemble
2023-08-29,0,0.06768677586841225,0.24935224083007757,0,merchant_only,mean_ensemble
2023-08-30,0,0.054765118412085846,0.24935224083007757,0,merchant_only,mean_ensemble
2023-08-31,0,0.07398609056627557,0.24935224083007757,0,merchant_only,mean_ensemble
2023-09-01,0,0.21910595265011584,0.24935224083007757,0,merchant_only,mean_ensemble
2023-09-02,0,0.1342375968953962,0.24935224083007757,0,merchant_only,mean_ensemble
2023-09-03,0,0.5253958705442379,0.24935224083007757,0,merchant_only,mean_ensemble
2023-09-04,0,0.5080646284184576,0.24935224083007757,0,merchant_only,mean_ensemble
2023-09-05,1,0.437652967531819,0.24935224083007757,0,merchant_only,mean_ensemble
2023-09-06,1,0.2661176119558344,0.24935224083007757,0,merchant_only,mean_ensemble
2023-09-07,1,0.4050861658408401,0.24935224083007757,0,merchant_only,mean_ensemble
2023-09-08,1,0.5147874604469714,0.24935224083007757,0,merchant_only,mean_ensemble
2023-09-09,0,0.3974585586400589,0.24935224083007757,0,merchant_only,mean_ensemble
2023-09-10,0,0.11611578600514816,0.24935224083007757,0,merchant_only,mean_ensemble
2023-09-11,0,0.32997668949101866,0.24935224083007757,0,merchant_only,mean_ensemble
2023-09-12,0,0.22701830902396267,0.24935224083007757,0,merchant_only,mean_ensemble
2023-09-13,0,0.2547282904137146,0.24935224083007757,0,merchant_only,mean_ensemble
2023-09-14,0,0.3283182430260865,0.24935224083007757,0,merchant_only,mean_ensemble
2023-09-15,0,0.21897008231054324,0.24935224083007757,0,merchant_only,mean_ensemble
2023-09-16,0,0.28850020050051306,0.24935224083007757,0,merchant_only,mean_ensemble
2023-09-17,0,0.23589250329910683,0.24935224083007757,0,merchant_only,mean_ensemble
2023-09-18,0,0.050511079175009924,0.24935224083007757,0,merchant_only,mean_ensemble
2023-09-19,0,0.23513920159510954,0.24935224083007757,0,merchant_only,mean_ensemble
2023-09-20,0,0.2662770870177632,0.24935224083007757,0,merchant_only,mean_ensemble
2023-09-21,0,0.39887685714551496,0.24935224083007757,0,merchant_only,mean_ensemble
2023-09-22,0,0.1798594458282224,0.24935224083007757,0,merchant_only,mean_ensemble
2023-09-23,0,0.22003878516219733,0.24935224083007757,0,merchant_only,mean_ensemble
2023-09-24,0,0.02838689805358577,0.24935224083007757,0,merchant_only,mean_ensemble
2023-09-25,0,0.06202846328095243,0.24935224083007757,0,merchant_only,mean_ensemble
2023-09-26,0,0.27699821677414865,0.24935224083007757,0,merchant_only,mean_ensemble
2023-09-27,0,0.06607793489216487,0.24935224083007757,0,merchant_only,mean_ensemble
2023-09-28,0,0.0621375771217571,0.24935224083007757,0,merchant_only,mean_ensemble
2023-09-29,0,0.07966062494801958,0.24935224083007757,0,merchant_only,mean_ensemble
2023-09-30,0,0.05367486097157212,0.24935224083007757,0,merchant_only,mean_ensemble
2023-10-08,0,0.3414715612543836,0.25,1,merchant_only,mean_ensemble
2023-10-09,0,0.2414139211645835,0.25,1,merchant_only,mean_ensemble
2023-10-10,0,0.3297362698272266,0.25,1,merchant_only,mean_ensemble
2023-10-11,0,0.2275511475226118,0.25,1,merchant_only,mean_ensemble
2023-10-12,0,0.26655922195536247,0.25,1,merchant_only,mean_ensemble
2023-10-13,1,0.17757681243910686,0.25,1,merchant_only,mean_ensemble
2023-10-14,1,0.2311591732579309,0.25,1,merchant_only,mean_ensemble
2023-10-15,0,0.4115127875592493,0.25,1,merchant_only,mean_ensemble
2023-10-16,1,0.2720970167872523,0.25,1,merchant_only,mean_ensemble
2023-10-17,1,0.4101959062834185,0.25,1,merchant_only,mean_ensemble
2023-10-18,0,0.1727152469761477,0.25,1,merchant_only,mean_ensemble
2023-10-19,0,0.12968844785180508,0.25,1,merchant_only,mean_ensemble
2023-10-20,0,0.2572761786219757,0.25,1,merchant_only,mean_ensemble
2023-10-21,0,0.2568089072708606,0.25,1,merchant_only,mean_ensemble
2023-10-22,0,0.058651560015379633,0.25,1,merchant_only,mean_ensemble
2023-10-23,0,0.07068593149786002,0.25,1,merchant_only,mean_ensemble
2023-10-24,0,0.060283225529657467,0.25,1,merchant_only,mean_ensemble
2023-10-25,0,0.0318442419246345,0.25,1,merchant_only,mean_ensemble
2023-10-26,0,0.16007758734999722,0.25,1,merchant_only,mean_ensemble
2023-10-27,0,0.051741708488228705,0.25,1,merchant_only,mean_ensemble
2023-10-28,0,0.09241718315848621,0.25,1,merchant_only,mean_ensemble
2023-10-29,0,0.04098752441933992,0.25,1,merchant_only,mean_ensemble
2023-10-30,0,0.03433652494891509,0.25,1,merchant_only,mean_ensemble
2023-10-31,0,0.03924143979424295,0.25,1,merchant_only,mean_ensemble
2023-11-01,0,0.24497028755495406,0.25,1,merchant_only,mean_ensemble
2023-11-02,0,0.15601253836173143,0.25,1,merchant_only,mean_ensemble
2023-11-03,0,0.19057552128382835,0.25,1,merchant_only,mean_ensemble
2023-11-04,0,0.13141191335291563,0.25,1,merchant_only,mean_ensemble
2023-11-05,0,0.1406482864577549,0.25,1,merchant_only,mean_ensemble
2023-11-06,0,0.17811025191040628,0.25,1,merchant_only,mean_ensemble
2023-11-07,0,0.621606874165796,0.25,1,merchant_only,mean_ensemble
2023-11-08,0,0.5868099872086112,0.25,1,merchant_only,mean_ensemble
2023-11-09,1,0.5842363157365682,0.25,1,merchant_only,mean_ensemble
2023-11-10,1,0.09908096970324015,0.25,1,merchant_only,mean_ensemble
2023-11-11,0,0.2325328995805707,0.25,1,merchant_only,mean_ensemble
2023-11-12,0,0.08222069188569028,0.25,1,merchant_only,mean_ensemble
2023-11-13,1,0.21097342758638654,0.25,1,merchant_only,mean_ensemble
2023-11-14,1,0.25958251479997724,0.25,1,merchant_only,mean_ensemble
2023-11-15,0,0.06165714225211195,0.25,1,merchant_only,mean_ensemble
2023-11-16,0,0.06458495080696647,0.25,1,merchant_only,mean_ensemble
2023-11-17,0,0.04359407688566529,0.25,1,merchant_only,mean_ensemble
2023-11-18,0,0.10292461496581834,0.25,1,merchant_only,mean_ensemble
2023-11-19,0,0.04377187723208569,0.25,1,merchant_only,mean_ensemble
2023-11-20,0,0.1753211214461616,0.25,1,merchant_only,mean_ensemble
2023-11-21,0,0.03188864369570586,0.25,1,merchant_only,mean_ensemble
2023-11-22,0,0.07459541115354294,0.25,1,merchant_only,mean_ensemble
2023-11-23,0,0.058118197923592546,0.25,1,merchant_only,mean_ensemble
2023-11-24,0,0.03443395522364298,0.25,1,merchant_only,mean_ensemble
2023-11-25,0,0.07049925069482846,0.25,1,merchant_only,mean_ensemble
2023-11-26,0,0.08815965041754013,0.25,1,merchant_only,mean_ensemble
2023-11-27,0,0.036043603788127085,0.25,1,merchant_only,mean_ensemble
2023-11-28,0,0.0832790166522741,0.25,1,merchant_only,mean_ensemble
2023-11-29,0,0.038461793616980613,0.25,1,merchant_only,mean_ensemble
2023-11-30,0,0.03878963145284436,0.25,1,merchant_only,mean_ensemble
2023-12-01,0,0.07229561617225312,0.25,1,merchant_only,mean_ensemble
2023-12-02,0,0.13925951639318207,0.25,1,merchant_only,mean_ensemble
2023-12-03,0,0.21857451478717244,0.25,1,merchant_only,mean_ensemble
2023-12-04,0,0.3845440039837734,0.25,1,merchant_only,mean_ensemble
2023-12-05,0,0.34700665554219734,0.25,1,merchant_only,mean_ensemble
2023-12-06,0,0.26008154797410477,0.25,1,merchant_only,mean_ensemble
2023-12-07,1,0.4713164840040703,0.25,1,merchant_only,mean_ensemble
2023-12-08,0,0.44726738459491155,0.25,1,merchant_only,mean_ensemble
2023-12-09,0,0.2623162629810537,0.25,1,merchant_only,mean_ensemble
2023-12-10,1,0.19064709140115266,0.25,1,merchant_only,mean_ensemble
2023-12-11,1,0.1334940209257228,0.25,1,merchant_only,mean_ensemble
2023-12-12,1,0.32188436613641563,0.25,1,merchant_only,mean_ensemble
2023-12-13,1,0.1618410845240944,0.25,1,merchant_only,mean_ensemble
2023-12-14,1,0.21825527832066866,0.25,1,merchant_only,mean_ensemble
2023-12-15,1,0.02657165976280878,0.25,1,merchant_only,mean_ensemble
2023-12-16,0,0.061107117363123846,0.25,1,merchant_only,mean_ensemble
2023-12-17,0,0.06664328994344672,0.25,1,merchant_only,mean_ensemble
2023-12-18,0,0.17071128328473745,0.25,1,merchant_only,mean_ensemble
2023-12-19,0,0.11133799910227318,0.25,1,merchant_only,mean_ensemble
2023-12-20,0,0.25090149475931933,0.25,1,merchant_only,mean_ensemble
2023-12-21,0,0.0484890259433841,0.25,1,merchant_only,mean_ensemble
2023-12-22,0,0.1154371071908119,0.25,1,merchant_only,mean_ensemble
2023-12-23,0,0.06735923146330665,0.25,1,merchant_only,mean_ensemble
2023-12-24,0,0.029809017179535054,0.25,1,merchant_only,mean_ensemble
2023-12-25,0,0.06926025769197798,0.25,1,merchant_only,mean_ensemble
2023-12-26,0,0.039459384726793646,0.25,1,merchant_only,mean_ensemble
2023-12-27,0,0.03260210723186703,0.25,1,merchant_only,mean_ensemble
2023-12-28,0,0.06982146501183592,0.25,1,merchant_only,mean_ensemble
2023-12-29,0,0.02852013347273006,0.25,1,merchant_only,mean_ensemble
2023-12-30,0,0.027469931524233347,0.25,1,merchant_only,mean_ensemble
2023-12-31,0,0.22094751198271959,0.25,1,merchant_only,mean_ensemble
2024-01-08,0,0.23961320579108003,0.13693023952908454,2,merchant_only,mean_ensemble
2024-01-09,0,0.475547407371931,0.13693023952908454,2,merchant_only,mean_ensemble
2024-01-10,0,0.38143007840813076,0.13693023952908454,2,merchant_only,mean_ensemble
2024-01-11,1,0.37468556973091277,0.13693023952908454,2,merchant_only,mean_ensemble
2024-01-12,1,0.5983782098044557,0.13693023952908454,2,merchant_only,mean_ensemble
2024-01-13,1,0.39671138185600435,0.13693023952908454,2,merchant_only,mean_ensemble
2024-01-14,1,0.22591418720089246,0.13693023952908454,2,merchant_only,mean_ensemble
2024-01-15,1,0.3781165477612191,0.13693023952908454,2,merchant_only,mean_ensemble
2024-01-16,0,0.44037885115981595,0.13693023952908454,2,merchant_only,mean_ensemble
2024-01-17,1,0.38265813028636475,0.13693023952908454,2,merchant_only,mean_ensemble
2024-01-18,1,0.6211272175765735,0.13693023952908454,2,merchant_only,mean_ensemble
2024-01-19,1,0.3497174329130302,0.13693023952908454,2,merchant_only,mean_ensemble
2024-01-20,0,0.2817642854518655,0.13693023952908454,2,merchant_only,mean_ensemble
2024-01-21,0,0.054449322553100254,0.13693023952908454,2,merchant_only,mean_ensemble
2024-01-22,0,0.08816557565555905,0.13693023952908454,2,merchant_only,mean_ensemble
2024-01-23,0,0.09947021483843234,0.13693023952908454,2,merchant_only,mean_ensemble
2024-01-24,0,0.042518505837913625,0.13693023952908454,2,merchant_only,mean_ensemble
2024-01-25,0,0.12330636141708827,0.13693023952908454,2,merchant_only,mean_ensemble
2024-01-26,0,0.011231708357954635,0.13693023952908454,2,merchant_only,mean_ensemble
2024-01-27,0,0.06389838925163388,0.13693023952908454,2,merchant_only,mean_ensemble
2024-01-28,0,0.02066415571877974,0.13693023952908454,2,merchant_only,mean_ensemble
2024-01-29,0,0.054859861208156786,0.13693023952908454,2,merchant_only,mean_ensemble
2024-01-30,1,0.03737318453519299,0.13693023952908454,2,merchant_only,mean_ensemble
2024-01-31,0,0.07457535338409295,0.13693023952908454,2,merchant_only,mean_ensemble
2024-02-01,0,0.0841065382484898,0.13693023952908454,2,merchant_only,mean_ensemble
2024-02-02,0,0.15089591722530096,0.13693023952908454,2,merchant_only,mean_ensemble
2024-02-03,0,0.05151576109756873,0.13693023952908454,2,merchant_only,mean_ensemble
2024-02-04,0,0.23498560788150155,0.13693023952908454,2,merchant_only,mean_ensemble
2024-02-05,0,0.34384664554577266,0.13693023952908454,2,merchant_only,mean_ensemble
2024-02-06,0,0.5503306817298694,0.13693023952908454,2,merchant_only,mean_ensemble
2024-02-07,0,0.3973648880511617,0.13693023952908454,2,merchant_only,mean_ensemble
2024-02-08,0,0.6599092126496864,0.13693023952908454,2,merchant_only,mean_ensemble
2024-02-09,0,0.7176944501135645,0.13693023952908454,2,merchant_only,mean_ensemble
2024-02-10,0,0.6641976994729955,0.13693023952908454,2,merchant_only,mean_ensemble
2024-02-11,0,0.25847076336764196,0.13693023952908454,2,merchant_only,mean_ensemble
2024-02-12,0,0.16682622499751792,0.13693023952908454,2,merchant_only,mean_ensemble
2024-02-13,0,0.14770636747893034,0.13693023952908454,2,merchant_only,mean_ensemble
2024-02-14,0,0.12257214005750881,0.13693023952908454,2,merchant_only,mean_ensemble
2024-02-15,0,0.3061159681086261,0.13693023952908454,2,merchant_only,mean_ensemble
2024-02-16,0,0.163744627870998,0.13693023952908454,2,merchant_only,mean_ensemble
2024-02-17,0,0.13050654672497974,0.13693023952908454,2,merchant_only,mean_ensemble
2024-02-18,0,0.09789131305942504,0.13693023952908454,2,merchant_only,mean_ensemble
2024-02-19,0,0.12404410012242909,0.13693023952908454,2,merchant_only,mean_ensemble
2024-02-20,0,0.30564116839269984,0.13693023952908454,2,merchant_only,mean_ensemble
2024-02-21,0,0.15938170676417318,0.13693023952908454,2,merchant_only,mean_ensemble
2024-02-22,0,0.23638122355446867,0.13693023952908454,2,merchant_only,mean_ensemble
2024-02-23,0,0.2150195365888511,0.13693023952908454,2,merchant_only,mean_ensemble
2024-02-24,0,0.06975233520387217,0.13693023952908454,2,merchant_only,mean_ensemble
2024-02-25,0,0.007888995549993123,0.13693023952908454,2,merchant_only,mean_ensemble
2024-02-26,0,0.007523552467166588,0.13693023952908454,2,merchant_only,mean_ensemble
2024-02-27,0,0.056827309597092354,0.13693023952908454,2,merchant_only,mean_ensemble
2024-02-28,0,0.06397957682232985,0.13693023952908454,2,merchant_only,mean_ensemble
2024-02-29,0,0.12198928752465257,0.13693023952908454,2,merchant_only,mean_ensemble
2024-03-01,0,0.14366279721063424,0.13693023952908454,2,merchant_only,mean_ensemble
2024-03-02,0,0.11354629146341808,0.13693023952908454,2,merchant_only,mean_ensemble
2024-03-03,0,0.20538894380662134,0.13693023952908454,2,merchant_only,mean_ensemble
2024-03-04,0,0.22806205219850584,0.13693023952908454,2,merchant_only,mean_ensemble
2024-03-05,0,0.28025823770776637,0.13693023952908454,2,merchant_only,mean_ensemble
2024-03-06,0,0.20622361048734134,0.13693023952908454,2,merchant_only,mean_ensemble
2024-03-07,0,0.39043731849496927,0.13693023952908454,2,merchant_only,mean_ensemble
2024-03-08,0,0.24383504932548225,0.13693023952908454,2,merchant_only,mean_ensemble
2024-03-09,1,0.18856579906405643,0.13693023952908454,2,merchant_only,mean_ensemble
2024-03-10,1,0.5696798663986675,0.13693023952908454,2,merchant_only,mean_ensemble
2024-03-11,1,0.8147297637451332,0.13693023952908454,2,merchant_only,mean_ensemble
2024-03-12,1,0.8304983158918282,0.13693023952908454,2,merchant_only,mean_ensemble
2024-03-13,1,0.6943965394694246,0.13693023952908454,2,merchant_only,mean_ensemble
2024-03-14,1,0.5740937663822903,0.13693023952908454,2,merchant_only,mean_ensemble
2024-03-15,1,0.2394087937162851,0.13693023952908454,2,merchant_only,mean_ensemble
2024-03-16,1,0.27248084981279264,0.13693023952908454,2,merchant_only,mean_ensemble
2024-03-17,0,0.1864260552474576,0.13693023952908454,2,merchant_only,mean_ensemble
2024-03-18,0,0.22961785740514834,0.13693023952908454,2,merchant_only,mean_ensemble
2024-03-19,0,0.06260186346138014,0.13693023952908454,2,merchant_only,mean_ensemble
2024-03-20,0,0.08852301407000453,0.13693023952908454,2,merchant_only,mean_ensemble
2024-03-21,0,0.07559711817646955,0.13693023952908454,2,merchant_only,mean_ensemble
2024-03-22,0,0.11924371159414017,0.13693023952908454,2,merchant_only,mean_ensemble
2024-03-23,0,0.08792902449126504,0.13693023952908454,2,merchant_only,mean_ensemble
2024-03-24,0,0.17199171385410766,0.13693023952908454,2,merchant_only,mean_ensemble
2024-03-25,0,0.0421368159814607,0.13693023952908454,2,merchant_only,mean_ensemble
2024-03-26,0,0.03000955528178,0.13693023952908454,2,merchant_only,mean_ensemble
2024-03-27,0,0.01963084659786437,0.13693023952908454,2,merchant_only,mean_ensemble
2024-03-28,0,0.05642361598684052,0.13693023952908454,2,merchant_only,mean_ensemble
2024-03-29,0,0.03412549295773262,0.13693023952908454,2,merchant_only,mean_ensemble
2024-03-30,0,0.09436877476995645,0.13693023952908454,2,merchant_only,mean_ensemble
2024-03-31,0,0.02957382928857103,0.13693023952908454,2,merchant_only,mean_ensemble
2024-04-08,0,0.7457115568787814,0.32,3,merchant_only,mean_ensemble
2024-04-09,0,0.5781163311107465,0.32,3,merchant_only,mean_ensemble
2024-04-10,1,0.5908756128289164,0.32,3,merchant_only,mean_ensemble
2024-04-11,1,0.7819635928558891,0.32,3,merchant_only,mean_ensemble
2024-04-12,0,0.6431634384213784,0.32,3,merchant_only,mean_ensemble
2024-04-13,1,0.5187167381730355,0.32,3,merchant_only,mean_ensemble
2024-04-14,1,0.4429780906437777,0.32,3,merchant_only,mean_ensemble
2024-04-15,1,0.1998737614219198,0.32,3,merchant_only,mean_ensemble
2024-04-16,1,0.12090527288601427,0.32,3,merchant_only,mean_ensemble
2024-04-17,1,0.17410300365564582,0.32,3,merchant_only,mean_ensemble
2024-04-18,1,0.40254095031602244,0.32,3,merchant_only,mean_ensemble
2024-04-19,1,0.24904093654517429,0.32,3,merchant_only,mean_ensemble
2024-04-20,1,0.17721906453294914,0.32,3,merchant_only,mean_ensemble
2024-04-21,0,0.037743532209921334,0.32,3,merchant_only,mean_ensemble
2024-04-22,0,0.11072611081082995,0.32,3,merchant_only,mean_ensemble
2024-04-23,0,0.07794509708142149,0.32,3,merchant_only,mean_ensemble
2024-04-24,0,0.025726272090979076,0.32,3,merchant_only,mean_ensemble
2024-04-25,0,0.025214521912743676,0.32,3,merchant_only,mean_ensemble
2024-04-26,0,0.08756706877428051,0.32,3,merchant_only,mean_ensemble
2024-04-27,0,0.09343919179808047,0.32,3,merchant_only,mean_ensemble
2024-04-28,0,0.03294800661933278,0.32,3,merchant_only,mean_ensemble
2024-04-29,0,0.007911419169505858,0.32,3,merchant_only,mean_ensemble
2024-04-30,0,0.02525803530781856,0.32,3,merchant_only,mean_ensemble
2024-05-01,0,0.015887891214426523,0.32,3,merchant_only,mean_ensemble
2024-05-02,0,0.03928479933303565,0.32,3,merchant_only,mean_ensemble
2024-05-03,0,0.04062778005843421,0.32,3,merchant_only,mean_ensemble
2024-05-04,0,0.10965216205112316,0.32,3,merchant_only,mean_ensemble
2024-05-05,0,0.46587481790022484,0.32,3,merchant_only,mean_ensemble
2024-05-06,0,0.17926202220205448,0.32,3,merchant_only,mean_ensemble
2024-05-07,0,0.24675411764786526,0.32,3,merchant_only,mean_ensemble
2024-05-08,0,0.3263417213303731,0.32,3,merchant_only,mean_ensemble
2024-05-09,0,0.3242147586548689,0.32,3,merchant_only,mean_ensemble
2024-05-10,0,0.2335454954701751,0.32,3,merchant_only,mean_ensemble
2024-05-11,0,0.3943209944336864,0.32,3,merchant_only,mean_ensemble
2024-05-12,0,0.5560083797221642,0.32,3,merchant_only,mean_ensemble
2024-05-13,0,0.1739772831118978,0.32,3,merchant_only,mean_ensemble
2024-05-14,0,0.24286998101180773,0.32,3,merchant_only,mean_ensemble
2024-05-15,0,0.18738648196114913,0.32,3,merchant_only,mean_ensemble
2024-05-16,0,0.29072454748907656,0.32,3,merchant_only,mean_ensemble
2024-05-17,1,0.485089721796655,0.32,3,merchant_only,mean_ensemble
2024-05-18,0,0.4363087821221946,0.32,3,merchant_only,mean_ensemble
2024-05-19,0,0.16688948653797928,0.32,3,merchant_only,mean_ensemble
2024-05-20,0,0.19614294616636377,0.32,3,merchant_only,mean_ensemble
2024-05-21,0,0.18606385891300894,0.32,3,merchant_only,mean_ensemble
2024-05-22,0,0.45460206924397806,0.32,3,merchant_only,mean_ensemble
2024-05-23,0,0.6389453953146098,0.32,3,merchant_only,mean_ensemble
2024-05-24,0,0.12617053019255128,0.32,3,merchant_only,mean_ensemble
2024-05-25,0,0.13280718224773064,0.32,3,merchant_only,mean_ensemble
2024-05-26,0,0.01987594800733524,0.32,3,merchant_only,mean_ensemble
2024-05-27,0,0.06360159576948646,0.32,3,merchant_only,mean_ensemble
2024-05-28,0,0.08075071873562228,0.32,3,merchant_only,mean_ensemble
2024-05-29,0,0.09214563615490376,0.32,3,merchant_only,mean_ensemble
2024-05-30,0,0.02255763419370795,0.32,3,merchant_only,mean_ensemble
2024-05-31,0,0.06270841000775161,0.32,3,merchant_only,mean_ensemble
2024-06-01,0,0.12966258261371089,0.32,3,merchant_only,mean_ensemble
2024-06-02,0,0.25180111925476056,0.32,3,merchant_only,mean_ensemble
2024-06-03,0,0.43143805044941963,0.32,3,merchant_only,mean_ensemble
2024-06-04,0,0.36496491750418386,0.32,3,merchant_only,mean_ensemble
2024-06-05,0,0.21972119813277402,0.32,3,merchant_only,mean_ensemble
2024-06-06,0,0.358799693761096,0.32,3,merchant_only,mean_ensemble
2024-06-07,0,0.28723003574834005,0.32,3,merchant_only,mean_ensemble
2024-06-08,0,0.2726401200325324,0.32,3,merchant_only,mean_ensemble
2024-06-09,0,0.09641855734092758,0.32,3,merchant_only,mean_ensemble
2024-06-10,0,0.0986422531419538,0.32,3,merchant_only,mean_ensemble
2024-06-11,0,0.08916321061430316,0.32,3,merchant_only,mean_ensemble
2024-06-12,0,0.09498554726609873,0.32,3,merchant_only,mean_ensemble
2024-06-13,0,0.21185677700130404,0.32,3,merchant_only,mean_ensemble
2024-06-14,1,0.3587953089725675,0.32,3,merchant_only,mean_ensemble
2024-06-15,1,0.18085646444772369,0.32,3,merchant_only,mean_ensemble
2024-06-16,1,0.5425707038771533,0.32,3,merchant_only,mean_ensemble
2024-06-17,1,0.48898163055732163,0.32,3,merchant_only,mean_ensemble
2024-06-18,1,0.5339824463943476,0.32,3,merchant_only,mean_ensemble
2024-06-19,1,0.3589753007241694,0.32,3,merchant_only,mean_ensemble
2024-06-20,1,0.4100389672681967,0.32,3,merchant_only,mean_ensemble
2024-06-21,1,0.40231857352749206,0.32,3,merchant_only,mean_ensemble
2024-06-22,0,0.48147903845831125,0.32,3,merchant_only,mean_ensemble
2024-06-23,0,0.040471656695480016,0.32,3,merchant_only,mean_ensemble
2024-06-24,0,0.032538698184035715,0.32,3,merchant_only,mean_ensemble
2024-06-25,0,0.04133441895495487,0.32,3,merchant_only,mean_ensemble
2024-06-26,0,0.15183996121885643,0.32,3,merchant_only,mean_ensemble
2024-06-27,0,0.026339422795379163,0.32,3,merchant_only,mean_ensemble
2024-06-28,0,0.04826486338246324,0.32,3,merchant_only,mean_ensemble
2024-06-29,0,0.026933302278967716,0.32,3,merchant_only,mean_ensemble
2024-06-30,0,0.021209714105696664,0.32,3,merchant_only,mean_ensemble
2024-07-08,0,0.285286275696202,0.455,4,merchant_only,mean_ensemble
2024-07-09,0,0.3536503976718647,0.455,4,merchant_only,mean_ensemble
2024-07-10,0,0.3685796749622016,0.455,4,merchant_only,mean_ensemble
2024-07-11,0,0.4273243421640931,0.455,4,merchant_only,mean_ensemble
2024-07-12,0,0.2905125977465318,0.455,4,merchant_only,mean_ensemble
2024-07-13,0,0.31477967495749987,0.455,4,merchant_only,mean_ensemble
2024-07-14,1,0.39116835931603067,0.455,4,merchant_only,mean_ensemble
2024-07-15,1,0.4446390436825379,0.455,4,merchant_only,mean_ensemble
2024-07-16,0,0.23427651343599565,0.455,4,merchant_only,mean_ensemble
2024-07-17,1,0.2881235921239903,0.455,4,merchant_only,mean_ensemble
2024-07-18,1,0.25072671404792934,0.455,4,merchant_only,mean_ensemble
2024-07-19,0,0.31837925805418504,0.455,4,merchant_only,mean_ensemble
2024-07-20,0,0.2941757065231112,0.455,4,merchant_only,mean_ensemble
2024-07-21,0,0.1476361750464062,0.455,4,merchant_only,mean_ensemble
2024-07-22,0,0.09016379971930906,0.455,4,merchant_only,mean_ensemble
2024-07-23,0,0.12158091657094586,0.455,4,merchant_only,mean_ensemble
2024-07-24,0,0.04717771848786099,0.455,4,merchant_only,mean_ensemble
2024-07-25,0,0.024361097896777626,0.455,4,merchant_only,mean_ensemble
2024-07-26,0,0.07552001122672927,0.455,4,merchant_only,mean_ensemble
2024-07-27,0,0.039856491150067834,0.455,4,merchant_only,mean_ensemble
2024-07-28,0,0.009316838232313813,0.455,4,merchant_only,mean_ensemble
2024-07-29,0,0.03083485340775139,0.455,4,merchant_only,mean_ensemble
2024-07-30,0,0.04370299727478454,0.455,4,merchant_only,mean_ensemble
2024-07-31,0,0.060521735622378295,0.455,4,merchant_only,mean_ensemble
2024-08-01,0,0.18395963939036114,0.455,4,merchant_only,mean_ensemble
2024-08-02,0,0.12140611517390662,0.455,4,merchant_only,mean_ensemble
2024-08-03,0,0.09129467718235933,0.455,4,merchant_only,mean_ensemble
2024-08-04,0,0.31876108318233826,0.455,4,merchant_only,mean_ensemble
2024-08-05,0,0.21744372085723176,0.455,4,merchant_only,mean_ensemble
2024-08-06,0,0.30487786194693217,0.455,4,merchant_only,mean_ensemble
2024-08-07,0,0.2520383441111846,0.455,4,merchant_only,mean_ensemble
2024-08-08,0,0.35595039180786936,0.455,4,merchant_only,mean_ensemble
2024-08-09,0,0.30757991876422885,0.455,4,merchant_only,mean_ensemble
2024-08-10,0,0.34393540048132415,0.455,4,merchant_only,mean_ensemble
2024-08-11,0,0.3097262291205505,0.455,4,merchant_only,mean_ensemble
2024-08-12,0,0.3704654065894113,0.455,4,merchant_only,mean_ensemble
2024-08-13,0,0.37497728066673547,0.455,4,merchant_only,mean_ensemble
2024-08-14,1,0.30615617612109686,0.455,4,merchant_only,mean_ensemble
2024-08-15,0,0.2285840087116707,0.455,4,merchant_only,mean_ensemble
2024-08-16,0,0.2112660635363187,0.455,4,merchant_only,mean_ensemble
2024-08-17,0,0.22888129386175163,0.455,4,merchant_only,mean_ensemble
2024-08-18,0,0.568969728576336,0.455,4,merchant_only,mean_ensemble
2024-08-19,0,0.566598351113792,0.455,4,merchant_only,mean_ensemble
2023-07-08,0,0.06730308922126019,0.01139322548716639,0,merchant_plus_category_signals,logistic
2023-07-09,0,0.03609369654944753,0.01139322548716639,0,merchant_plus_category_signals,logistic
2023-07-10,0,0.009602905569895638,0.01139322548716639,0,merchant_plus_category_signals,logistic
2023-07-11,0,0.1784477009138323,0.01139322548716639,0,merchant_plus_category_signals,logistic
2023-07-12,0,0.10710393351617203,0.01139322548716639,0,merchant_plus_category_signals,logistic
2023-07-13,1,0.05032412720964276,0.01139322548716639,0,merchant_plus_category_signals,logistic
2023-07-14,1,0.2646152202230337,0.01139322548716639,0,merchant_plus_category_signals,logistic
2023-07-15,0,0.0016946922594783655,0.01139322548716639,0,merchant_plus_category_signals,logistic
2023-07-16,0,0.06216805622009052,0.01139322548716639,0,merchant_plus_category_signals,logistic
2023-07-17,0,0.024118111730114595,0.01139322548716639,0,merchant_plus_category_signals,logistic
2023-07-18,0,0.0002891152793808151,0.01139322548716639,0,merchant_plus_category_signals,logistic
2023-07-19,0,0.03273596802017673,0.01139322548716639,0,merchant_plus_category_signals,logistic
2023-07-20,0,0.19586522933106643,0.01139322548716639,0,merchant_plus_category_signals,logistic
2023-07-21,0,0.001964558224021046,0.01139322548716639,0,merchant_plus_category_signals,logistic
2023-07-22,0,0.009284546817766432,0.01139322548716639,0,merchant_plus_category_signals,logistic
2023-07-23,0,0.00019652480772613655,0.01139322548716639,0,merchant_plus_category_signals,logistic
2023-07-24,0,0.02860062283689474,0.01139322548716639,0,merchant_plus_category_signals,logistic
2023-07-25,0,0.0005605104082186634,0.01139322548716639,0,merchant_plus_category_signals,logistic
2023-07-26,0,0.0008445912665576027,0.01139322548716639,0,merchant_plus_category_signals,logistic
2023-07-27,0,0.01453518671094924,0.01139322548716639,0,merchant_plus_category_signals,logistic
2023-07-28,0,0.007872286322898691,0.01139322548716639,0,merchant_plus_category_signals,logistic
2023-07-29,0,0.029909213261586166,0.01139322548716639,0,merchant_plus_category_signals,logistic
2023-07-30,0,0.0013103574915758252,0.01139322548716639,0,merchant_plus_category_signals,logistic
2023-07-31,0,0.039878174391289864,0.01139322548716639,0,merchant_plus_category_signals,logistic
2023-08-01,0,0.5401081789906977,0.01139322548716639,0,merchant_plus_category_signals,logistic
2023-08-02,0,0.004387555121307188,0.01139322548716639,0,merchant_plus_category_signals,logistic
2023-08-03,0,0.0021081912050657735,0.01139322548716639,0,merchant_plus_category_signals,logistic
2023-08-04,0,0.08855028738891764,0.01139322548716639,0,merchant_plus_category_signals,logistic
2023-08-05,0,0.015050251824305659,0.01139322548716639,0,merchant_plus_category_signals,logistic
2023-08-06,0,0.1107903778223824,0.01139322548716639,0,merchant_plus_category_signals,logistic
2023-08-07,0,0.03303444738033642,0.01139322548716639,0,merchant_plus_category_signals,logistic
2023-08-08,0,0.07009645713236656,0.01139322548716639,0,merchant_plus_category_signals,logistic
2023-08-09,0,0.0018280263809384548,0.01139322548716639,0,merchant_plus_category_signals,logistic
2023-08-10,0,0.17283322297194165,0.01139322548716639,0,merchant_plus_category_signals,logistic
2023-08-11,0,0.025794853317785343,0.01139322548716639,0,merchant_plus_category_signals,logistic
2023-08-12,0,0.5320342337212208,0.01139322548716639,0,merchant_plus_category_signals,logistic
2023-08-13,0,0.06221416235658543,0.01139322548716639,0,merchant_plus_category_signals,logistic
2023-08-14,0,0.0005871954076134402,0.01139322548716639,0,merchant_plus_category_signals,logistic
2023-08-15,0,0.02345398182547671,0.01139322548716639,0,merchant_plus_category_signals,logistic
2023-08-16,0,0.0963220852356736,0.01139322548716639,0,merchant_plus_category_signals,logistic
2023-08-17,0,0.021172500976862994,0.01139322548716639,0,merchant_plus_category_signals,logistic
2023-08-18,1,0.035764290347307694,0.01139322548716639,0,merchant_plus_category_signals,logistic
2023-08-19,0,0.002332256104175077,0.01139322548716639,0,merchant_plus_category_signals,logistic
2023-08-20,0,0.0030297158879128037,0.01139322548716639,0,merchant_plus_category_signals,logistic
2023-08-21,0,0.19204726199604527,0.01139322548716639,0,merchant_plus_category_signals,logistic
2023-08-22,0,0.12553387417222422,0.01139322548716639,0,merchant_plus_category_signals,logistic
2023-08-23,0,0.017242105775168676,0.01139322548716639,0,merchant_plus_category_signals,logistic
2023-08-24,0,0.15682214167237093,0.01139322548716639,0,merchant_plus_category_signals,logistic
2023-08-25,0,0.00014959101106170068,0.01139322548716639,0,merchant_plus_category_signals,logistic
2023-08-26,0,0.005510135928131184,0.01139322548716639,0,merchant_plus_category_signals,logistic
2023-08-27,0,0.821663970014343,0.01139322548716639,0,merchant_plus_category_signals,logistic
2023-08-28,0,0.11521461675128651,0.01139322548716639,0,merchant_plus_category_signals,logistic
2023-08-29,0,0.0022666358662907283,0.01139322548716639,0,merchant_plus_category_signals,logistic
2023-08-30,0,0.039520399246971996,0.01139322548716639,0,merchant_plus_category_signals,logistic
2023-08-31,0,0.0413953725381283,0.01139322548716639,0,merchant_plus_category_signals,logistic
2023-09-01,0,0.09798199122244877,0.01139322548716639,0,merchant_plus_category_signals,logistic
2023-09-02,0,0.39135407671234634,0.01139322548716639,0,merchant_plus_category_signals,logistic
2023-09-03,0,0.794979531156365,0.01139322548716639,0,merchant_plus_category_signals,logistic
2023-09-04,0,0.7448313123965531,0.01139322548716639,0,merchant_plus_category_signals,logistic
2023-09-05,1,0.5858294522903967,0.01139322548716639,0,merchant_plus_category_signals,logistic
2023-09-06,1,0.4830272630970538,0.01139322548716639,0,merchant_plus_category_signals,logistic
2023-09-07,1,0.5229619295858557,0.01139322548716639,0,merchant_plus_category_signals,logistic
2023-09-08,1,0.5243398698823953,0.01139322548716639,0,merchant_plus_category_signals,logistic
2023-09-09,0,0.9175418486017556,0.01139322548716639,0,merchant_plus_category_signals,logistic
2023-09-10,0,0.0007836808991761532,0.01139322548716639,0,merchant_plus_category_signals,logistic
2023-09-11,0,0.19122368534626888,0.01139322548716639,0,merchant_plus_category_signals,logistic
2023-09-12,0,0.020601990943701534,0.01139322548716639,0,merchant_plus_category_signals,logistic
2023-09-13,0,0.009671806451545193,0.01139322548716639,0,merchant_plus_category_signals,logistic
2023-09-14,0,0.05018847505027797,0.01139322548716639,0,merchant_plus_category_signals,logistic
2023-09-15,0,0.06951918637817003,0.01139322548716639,0,merchant_plus_category_signals,logistic
2023-09-16,0,0.09716150539538197,0.01139322548716639,0,merchant_plus_category_signals,logistic
2023-09-17,0,0.2576072650237065,0.01139322548716639,0,merchant_plus_category_signals,logistic
2023-09-18,0,0.0019157169239383898,0.01139322548716639,0,merchant_plus_category_signals,logistic
2023-09-19,0,0.09673014841154304,0.01139322548716639,0,merchant_plus_category_signals,logistic
2023-09-20,0,0.07256175501474481,0.01139322548716639,0,merchant_plus_category_signals,logistic
2023-09-21,0,0.06756752811346668,0.01139322548716639,0,merchant_plus_category_signals,logistic
2023-09-22,0,0.03628669536741766,0.01139322548716639,0,merchant_plus_category_signals,logistic
2023-09-23,0,0.10119873009832035,0.01139322548716639,0,merchant_plus_category_signals,logistic
2023-09-24,0,0.005507716871009146,0.01139322548716639,0,merchant_plus_category_signals,logistic
2023-09-25,0,0.01955471357038381,0.01139322548716639,0,merchant_plus_category_signals,logistic
2023-09-26,0,0.5234249185807406,0.01139322548716639,0,merchant_plus_category_signals,logistic
2023-09-27,0,0.027930248768791136,0.01139322548716639,0,merchant_plus_category_signals,logistic
2023-09-28,0,0.03039141547753101,0.01139322548716639,0,merchant_plus_category_signals,logistic
2023-09-29,0,0.05588821853922075,0.01139322548716639,0,merchant_plus_category_signals,logistic
2023-09-30,0,0.0015025737402596083,0.01139322548716639,0,merchant_plus_category_signals,logistic
2023-10-08,0,0.5118137594406745,0.635,1,merchant_plus_category_signals,logistic
2023-10-09,0,0.014838155989380925,0.635,1,merchant_plus_category_signals,logistic
2023-10-10,0,0.09601361928974901,0.635,1,merchant_plus_category_signals,logistic
2023-10-11,0,0.26846785097235576,0.635,1,merchant_plus_category_signals,logistic
2023-10-12,0,0.266945555352314,0.635,1,merchant_plus_category_signals,logistic
2023-10-13,1,0.024146735466152546,0.635,1,merchant_plus_category_signals,logistic
2023-10-14,1,0.054166559596644945,0.635,1,merchant_plus_category_signals,logistic
2023-10-15,0,0.1963533896836264,0.635,1,merchant_plus_category_signals,logistic
2023-10-16,1,0.350413528807535,0.635,1,merchant_plus_category_signals,logistic
2023-10-17,1,0.2226862743845026,0.635,1,merchant_plus_category_signals,logistic
2023-10-18,0,0.006662451634207324,0.635,1,merchant_plus_category_signals,logistic
2023-10-19,0,0.007443589491309362,0.635,1,merchant_plus_category_signals,logistic
2023-10-20,0,0.15268445404469275,0.635,1,merchant_plus_category_signals,logistic
2023-10-21,0,0.020600961689170097,0.635,1,merchant_plus_category_signals,logistic
2023-10-22,0,0.0010678301976363958,0.635,1,merchant_plus_category_signals,logistic
2023-10-23,0,0.011464563256633262,0.635,1,merchant_plus_category_signals,logistic
2023-10-24,0,0.0245302884503586,0.635,1,merchant_plus_category_signals,logistic
2023-10-25,0,0.00044662712519648415,0.635,1,merchant_plus_category_signals,logistic
2023-10-26,0,0.30064152194345783,0.635,1,merchant_plus_category_signals,logistic
2023-10-27,0,0.004100414496425467,0.635,1,merchant_plus_category_signals,logistic
2023-10-28,0,0.12243237568218149,0.635,1,merchant_plus_category_signals,logistic
2023-10-29,0,0.0036113698649201183,0.635,1,merchant_plus_category_signals,logistic
2023-10-30,0,0.04876607228268067,0.635,1,merchant_plus_category_signals,logistic
2023-10-31,0,0.03437034060334263,0.635,1,merchant_plus_category_signals,logistic
2023-11-01,0,0.4597190074663123,0.635,1,merchant_plus_category_signals,logistic
2023-11-02,0,0.4083809899473221,0.635,1,merchant_plus_category_signals,logistic
2023-11-03,0,0.058632819083743536,0.635,1,merchant_plus_category_signals,logistic
2023-11-04,0,0.14020151646588866,0.635,1,merchant_plus_category_signals,logistic
2023-11-05,0,0.38304498021153927,0.635,1,merchant_plus_category_signals,logistic
2023-11-06,0,0.011030789017846654,0.635,1,merchant_plus_category_signals,logistic
2023-11-07,0,0.796506880898831,0.635,1,merchant_plus_category_signals,logistic
2023-11-08,0,0.23525677232791237,0.635,1,merchant_plus_category_signals,logistic
2023-11-09,1,0.09449228403552903,0.635,1,merchant_plus_category_signals,logistic
2023-11-10,1,0.02043497725451312,0.635,1,merchant_plus_category_signals,logistic
2023-11-11,0,0.15355221756881648,0.635,1,merchant_plus_category_signals,logistic
2023-11-12,0,0.13188846161236378,0.635,1,merchant_plus_category_signals,logistic
2023-11-13,1,0.09061909765496128,0.635,1,merchant_plus_category_signals,logistic
2023-11-14,1,0.12684237769353093,0.635,1,merchant_plus_category_signals,logistic
2023-11-15,0,0.00050524346945003,0.635,1,merchant_plus_category_signals,logistic
2023-11-16,0,0.0027303699056890466,0.635,1,merchant_plus_category_signals,logistic
2023-11-17,0,6.294515827482847e-06,0.635,1,merchant_plus_category_signals,logistic
2023-11-18,0,0.005678877707081726,0.635,1,merchant_plus_category_signals,logistic
2023-11-19,0,0.002402239672880362,0.635,1,merchant_plus_category_signals,logistic
2023-11-20,0,0.000605323883225337,0.635,1,merchant_plus_category_signals,logistic
2023-11-21,0,1.6177240027666523e-05,0.635,1,merchant_plus_category_signals,logistic
2023-11-22,0,0.0013109618096830075,0.635,1,merchant_plus_category_signals,logistic
2023-11-23,0,0.0004397638609421882,0.635,1,merchant_plus_category_signals,logistic
2023-11-24,0,0.003837429655932201,0.635,1,merchant_plus_category_signals,logistic
2023-11-25,0,0.0031089511276779914,0.635,1,merchant_plus_category_signals,logistic
2023-11-26,0,0.0004326591109136523,0.635,1,merchant_plus_category_signals,logistic
2023-11-27,0,1.3659500413818213e-05,0.635,1,merchant_plus_category_signals,logistic
2023-11-28,0,0.028262870010706424,0.635,1,merchant_plus_category_signals,logistic
2023-11-29,0,0.0005526266287908972,0.635,1,merchant_plus_category_signals,logistic
2023-11-30,0,0.008962358988597515,0.635,1,merchant_plus_category_signals,logistic
2023-12-01,0,0.012512223217181548,0.635,1,merchant_plus_category_signals,logistic
2023-12-02,0,0.00382265227696928,0.635,1,merchant_plus_category_signals,logistic
2023-12-03,0,0.3113358642567923,0.635,1,merchant_plus_category_signals,logistic
2023-12-04,0,0.14693953158064277,0.635,1,merchant_plus_category_signals,logistic
2023-12-05,0,0.11981169254933394,0.635,1,merchant_plus_category_signals,logistic
2023-12-06,0,0.0554781173879391,0.635,1,merchant_plus_category_signals,logistic
2023-12-07,1,0.9204875403371038,0.635,1,merchant_plus_category_signals,logistic
2023-12-08,0,0.6994235545473354,0.635,1,merchant_plus_category_signals,logistic
2023-12-09,0,0.005521054243055975,0.635,1,merchant_plus_category_signals,logistic
2023-12-10,1,0.0004884318753125263,0.635,1,merchant_plus_category_signals,logistic
2023-12-11,1,0.010965711896447902,0.635,1,merchant_plus_category_signals,logistic
2023-12-12,1,0.0775764060749265,0.635,1,merchant_plus_category_signals,logistic
2023-12-13,1,0.040695648157568716,0.635,1,merchant_plus_category_signals,logistic
2023-12-14,1,0.08869119910223397,0.635,1,merchant_plus_category_signals,logistic
2023-12-15,1,0.00020580954750336181,0.635,1,merchant_plus_category_signals,logistic
2023-12-16,0,0.04895788059886218,0.635,1,merchant_plus_category_signals,logistic
2023-12-17,0,0.01214385311062642,0.635,1,merchant_plus_category_signals,logistic
2023-12-18,0,0.001599945853999042,0.635,1,merchant_plus_category_signals,logistic
2023-12-19,0,0.010034068679019067,0.635,1,merchant_plus_category_signals,logistic
2023-12-20,0,0.058301314700336435,0.635,1,merchant_plus_category_signals,logistic
2023-12-21,0,7.398080564954426e-05,0.635,1,merchant_plus_category_signals,logistic
2023-12-22,0,0.0052492937122847905,0.635,1,merchant_plus_category_signals,logistic
2023-12-23,0,0.0025536835343806263,0.635,1,merchant_plus_category_signals,logistic
2023-12-24,0,6.596519259298441e-06,0.635,1,merchant_plus_category_signals,logistic
2023-12-25,0,0.0026149703941318143,0.635,1,merchant_plus_category_signals,logistic
2023-12-26,0,0.00036842462558482153,0.635,1,merchant_plus_category_signals,logistic
2023-12-27,0,0.0009822834536079527,0.635,1,merchant_plus_category_signals,logistic
2023-12-28,0,0.0015999789895305857,0.635,1,merchant_plus_category_signals,logistic
2023-12-29,0,0.0003426505255974963,0.635,1,merchant_plus_category_signals,logistic
2023-12-30,0,0.00013407259090562069,0.635,1,merchant_plus_category_signals,logistic
2023-12-31,0,0.04165000418594796,0.635,1,merchant_plus_category_signals,logistic
2024-01-08,0,0.19083905639983706,0.06792770460177333,2,merchant_plus_category_signals,logistic
2024-01-09,0,0.2702209090021916,0.06792770460177333,2,merchant_plus_category_signals,logistic
2024-01-10,0,0.16154910377167192,0.06792770460177333,2,merchant_plus_category_signals,logistic
2024-01-11,1,0.7414597292885109,0.06792770460177333,2,merchant_plus_category_signals,logistic
2024-01-12,1,0.9085095253490525,0.06792770460177333,2,merchant_plus_category_signals,logistic
2024-01-13,1,0.2946706380560394,0.06792770460177333,2,merchant_plus_category_signals,logistic
2024-01-14,1,0.02167415286863501,0.06792770460177333,2,merchant_plus_category_signals,logistic
2024-01-15,1,0.054297873303599205,0.06792770460177333,2,merchant_plus_category_signals,logistic
2024-01-16,0,0.5396913415786054,0.06792770460177333,2,merchant_plus_category_signals,logistic
2024-01-17,1,0.5596152941338893,0.06792770460177333,2,merchant_plus_category_signals,logistic
2024-01-18,1,0.813143020255472,0.06792770460177333,2,merchant_plus_category_signals,logistic
2024-01-19,1,0.17483957979518572,0.06792770460177333,2,merchant_plus_category_signals,logistic
2024-01-20,0,0.09853954216487099,0.06792770460177333,2,merchant_plus_category_signals,logistic
2024-01-21,0,0.0015338159919819415,0.06792770460177333,2,merchant_plus_category_signals,logistic
2024-01-22,0,0.014681778061477463,0.06792770460177333,2,merchant_plus_category_signals,logistic
2024-01-23,0,0.017800996484404592,0.06792770460177333,2,merchant_plus_category_signals,logistic
2024-01-24,0,0.02849986774766532,0.06792770460177333,2,merchant_plus_category_signals,logistic
2024-01-25,0,0.04146202360126705,0.06792770460177333,2,merchant_plus_category_signals,logistic
2024-01-26,0,0.0014657364222501197,0.06792770460177333,2,merchant_plus_category_signals,logistic
2024-01-27,0,0.00995504979776055,0.06792770460177333,2,merchant_plus_category_signals,logistic
2024-01-28,0,0.02062874534102034,0.06792770460177333,2,merchant_plus_category_signals,logistic
2024-01-29,0,0.025801602019888018,0.06792770460177333,2,merchant_plus_category_signals,logistic
2024-01-30,1,0.006090920076243441,0.06792770460177333,2,merchant_plus_category_signals,logistic
2024-01-31,0,0.004173167186528035,0.06792770460177333,2,merchant_plus_category_signals,logistic
2024-02-01,0,0.1065564306346313,0.06792770460177333,2,merchant_plus_category_signals,logistic
2024-02-02,0,0.0981595761674364,0.06792770460177333,2,merchant_plus_category_signals,logistic
2024-02-03,0,0.0016987482273963224,0.06792770460177333,2,merchant_plus_category_signals,logistic
2024-02-04,0,0.026582132027764212,0.06792770460177333,2,merchant_plus_category_signals,logistic
2024-02-05,0,0.2449364073482287,0.06792770460177333,2,merchant_plus_category_signals,logistic
2024-02-06,0,0.3361565054379576,0.06792770460177333,2,merchant_plus_category_signals,logistic
2024-02-07,0,0.36539512197103724,0.06792770460177333,2,merchant_plus_category_signals,logistic
2024-02-08,0,0.7522305367228399,0.06792770460177333,2,merchant_plus_category_signals,logistic
2024-02-09,0,0.5870522378451346,0.06792770460177333,2,merchant_plus_category_signals,logistic
2024-02-10,0,0.7024801395001098,0.06792770460177333,2,merchant_plus_category_signals,logistic
2024-02-11,0,0.3565728636156795,0.06792770460177333,2,merchant_plus_category_signals,logistic
2024-02-12,0,0.03483177582113135,0.06792770460177333,2,merchant_plus_category_signals,logistic
2024-02-13,0,0.0867906969977884,0.06792770460177333,2,merchant_plus_category_signals,logistic
2024-02-14,0,0.05687004017708252,0.06792770460177333,2,merchant_plus_category_signals,logistic
2024-02-15,0,0.21890837356035978,0.06792770460177333,2,merchant_plus_category_signals,logistic
2024-02-16,0,0.15341349687004108,0.06792770460177333,2,merchant_plus_category_signals,logistic
2024-02-17,0,0.14491663301859742,0.06792770460177333,2,merchant_plus_category_signals,logistic
2024-02-18,0,0.014795963961606892,0.06792770460177333,2,merchant_plus_category_signals,logistic
2024-02-19,0,0.055043375414395204,0.06792770460177333,2,merchant_plus_category_signals,logistic
2024-02-20,0,0.2482644321404473,0.06792770460177333,2,merchant_plus_category_signals,logistic
2024-02-21,0,0.16643234688412326,0.06792770460177333,2,merchant_plus_category_signals,logistic
2024-02-22,0,0.18365202441003764,0.06792770460177333,2,merchant_plus_category_signals,logistic
2024-02-23,0,0.23559253194334423,0.06792770460177333,2,merchant_plus_category_signals,logistic
2024-02-24,0,0.02724021221199233,0.06792770460177333,2,merchant_plus_category_signals,logistic
2024-02-25,0,0.006534533142287302,0.06792770460177333,2,merchant_plus_category_signals,logistic
2024-02-26,0,0.000608069620661613,0.06792770460177333,2,merchant_plus_category_signals,logistic
2024-02-27,0,0.019226164148535913,0.06792770460177333,2,merchant_plus_category_signals,logistic
2024-02-28,0,0.038941664694248826,0.06792770460177333,2,merchant_plus_category_signals,logistic
2024-02-29,0,0.13592388589027626,0.06792770460177333,2,merchant_plus_category_signals,logistic
2024-03-01,0,0.0637411885669713,0.06792770460177333,2,merchant_plus_category_signals,logistic
2024-03-02,0,0.07657376105869444,0.06792770460177333,2,merchant_plus_category_signals,logistic
2024-03-03,0,0.3303096682920819,0.06792770460177333,2,merchant_plus_category_signals,logistic
2024-03-04,0,0.1521063804817055,0.06792770460177333,2,merchant_plus_category_signals,logistic
2024-03-05,0,0.27231126043853804,0.06792770460177333,2,merchant_plus_category_signals,logistic
2024-03-06,0,0.4266180537517967,0.06792770460177333,2,merchant_plus_category_signals,logistic
2024-03-07,0,0.8734880833456725,0.06792770460177333,2,merchant_plus_category_signals,logistic
2024-03-08,0,0.03725635078745011,0.06792770460177333,2,merchant_plus_category_signals,logistic
2024-03-09,1,0.7854548290800744,0.06792770460177333,2,merchant_plus_category_signals,logistic
2024-03-10,1,0.6664142765186127,0.06792770460177333,2,merchant_plus_category_signals,logistic
2024-03-11,1,0.8868080625522677,0.06792770460177333,2,merchant_plus_category_signals,logistic
2024-03-12,1,0.9977296395799257,0.06792770460177333,2,merchant_plus_category_signals,logistic
2024-03-13,1,0.9323592810669009,0.06792770460177333,2,merchant_plus_category_signals,logistic
2024-03-14,1,0.7202046949553311,0.06792770460177333,2,merchant_plus_category_signals,logistic
2024-03-15,1,0.13165485346842704,0.06792770460177333,2,merchant_plus_category_signals,logistic
2024-03-16,1,0.16579828381751321,0.06792770460177333,2,merchant_plus_category_signals,logistic
2024-03-17,0,0.2224654444961816,0.06792770460177333,2,merchant_plus_category_signals,logistic
2024-03-18,0,0.10382504765504666,0.06792770460177333,2,merchant_plus_category_signals,logistic
2024-03-19,0,0.0047186573530920315,0.06792770460177333,2,merchant_plus_category_signals,logistic
2024-03-20,0,0.05968579286208635,0.06792770460177333,2,merchant_plus_category_signals,logistic
2024-03-21,0,0.0035014770021758105,0.06792770460177333,2,merchant_plus_category_signals,logistic
2024-03-22,0,0.03831847237567875,0.06792770460177333,2,merchant_plus_category_signals,logistic
2024-03-23,0,0.021853659780827994,0.06792770460177333,2,merchant_plus_category_signals,logistic
2024-03-24,0,0.12503447734020012,0.06792770460177333,2,merchant_plus_category_signals,logistic
2024-03-25,0,0.0004776557583335916,0.06792770460177333,2,merchant_plus_category_signals,logistic
2024-03-26,0,5.598549240940487e-05,0.06792770460177333,2,merchant_plus_category_signals,logistic
2024-03-27,0,0.0006678039203057428,0.06792770460177333,2,merchant_plus_category_signals,logistic
2024-03-28,0,0.0022464608790598722,0.06792770460177333,2,merchant_plus_category_signals,logistic
2024-03-29,0,0.009654787380894342,0.06792770460177333,2,merchant_plus_category_signals,logistic
2024-03-30,0,0.0023712917944210057,0.06792770460177333,2,merchant_plus_category_signals,logistic
2024-03-31,0,0.012302259992470437,0.06792770460177333,2,merchant_plus_category_signals,logistic
2024-04-08,0,0.9306768651789782,0.55,3,merchant_plus_category_signals,logistic
2024-04-09,0,0.049918301021845454,0.55,3,merchant_plus_category_signals,logistic
2024-04-10,1,0.6651372780983507,0.55,3,merchant_plus_category_signals,logistic
2024-04-11,1,0.9661907853634517,0.55,3,merchant_plus_category_signals,logistic
2024-04-12,0,0.9284269847121065,0.55,3,merchant_plus_category_signals,logistic
2024-04-13,1,0.16454296064114537,0.55,3,merchant_plus_category_signals,logistic
2024-04-14,1,0.007593763716701969,0.55,3,merchant_plus_category_signals,logistic
2024-04-15,1,0.004111079299661132,0.55,3,merchant_plus_category_signals,logistic
2024-04-16,1,0.057782189160871265,0.55,3,merchant_plus_category_signals,logistic
2024-04-17,1,0.42795486530792026,0.55,3,merchant_plus_category_signals,logistic
2024-04-18,1,0.8843558809785934,0.55,3,merchant_plus_category_signals,logistic
2024-04-19,1,0.2662285267522853,0.55,3,merchant_plus_category_signals,logistic
2024-04-20,1,0.7005878797055182,0.55,3,merchant_plus_category_signals,logistic
2024-04-21,0,0.01861474990782813,0.55,3,merchant_plus_category_signals,logistic
2024-04-22,0,0.14601644278605985,0.55,3,merchant_plus_category_signals,logistic
2024-04-23,0,0.05044937592706528,0.55,3,merchant_plus_category_signals,logistic
2024-04-24,0,0.0010156630372392336,0.55,3,merchant_plus_category_signals,logistic
2024-04-25,0,0.007797720167897485,0.55,3,merchant_plus_category_signals,logistic
2024-04-26,0,0.13922233314547153,0.55,3,merchant_plus_category_signals,logistic
2024-04-27,0,0.03859551974365133,0.55,3,merchant_plus_category_signals,logistic
2024-04-28,0,0.0033702137165479646,0.55,3,merchant_plus_category_signals,logistic
2024-04-29,0,0.008919577674744848,0.55,3,merchant_plus_category_signals,logistic
2024-04-30,0,0.011589447783336905,0.55,3,merchant_plus_category_signals,logistic
2024-05-01,0,0.012039572622512535,0.55,3,merchant_plus_category_signals,logistic
2024-05-02,0,0.015684297128938852,0.55,3,merchant_plus_category_signals,logistic
2024-05-03,0,0.005230506570963653,0.55,3,merchant_plus_category_signals,logistic
2024-05-04,0,0.03261914590407736,0.55,3,merchant_plus_category_signals,logistic
2024-05-05,0,0.38468024597236633,0.55,3,merchant_plus_category_signals,logistic
2024-05-06,0,0.02605787618621586,0.55,3,merchant_plus_category_signals,logistic
2024-05-07,0,0.04874380704788128,0.55,3,merchant_plus_category_signals,logistic
2024-05-08,0,0.20034371917442764,0.55,3,merchant_plus_category_signals,logistic
2024-05-09,0,0.21933867153388986,0.55,3,merchant_plus_category_signals,logistic
2024-05-10,0,0.12919370405662842,0.55,3,merchant_plus_category_signals,logistic
2024-05-11,0,0.37496889597423555,0.55,3,merchant_plus_category_signals,logistic
2024-05-12,0,0.8614341222326333,0.55,3,merchant_plus_category_signals,logistic
2024-05-13,0,0.017089779665296703,0.55,3,merchant_plus_category_signals,logistic
2024-05-14,0,0.10834040864984283,0.55,3,merchant_plus_category_signals,logistic
2024-05-15,0,0.16553866416799795,0.55,3,merchant_plus_category_signals,logistic
2024-05-16,0,0.08596950822167118,0.55,3,merchant_plus_category_signals,logistic
2024-05-17,1,0.5814896239739017,0.55,3,merchant_plus_category_signals,logistic
2024-05-18,0,0.10362561123147955,0.55,3,merchant_plus_category_signals,logistic
2024-05-19,0,0.012045795494056084,0.55,3,merchant_plus_category_signals,logistic
2024-05-20,0,0.5145901521965888,0.55,3,merchant_plus_category_signals,logistic
2024-05-21,0,0.003629519840059637,0.55,3,merchant_plus_category_signals,logistic
2024-05-22,0,0.6584742255633791,0.55,3,merchant_plus_category_signals,logistic
2024-05-23,0,0.5512010858854901,0.55,3,merchant_plus_category_signals,logistic
2024-05-24,0,0.06145552562471209,0.55,3,merchant_plus_category_signals,logistic
2024-05-25,0,0.021671333819427645,0.55,3,merchant_plus_category_signals,logistic
2024-05-26,0,0.011026365175079253,0.55,3,merchant_plus_category_signals,logistic
2024-05-27,0,0.019507512977198667,0.55,3,merchant_plus_category_signals,logistic
2024-05-28,0,0.15808860165869332,0.55,3,merchant_plus_category_signals,logistic
2024-05-29,0,0.16400933874344603,0.55,3,merchant_plus_category_signals,logistic
2024-05-30,0,0.002876116071804281,0.55,3,merchant_plus_category_signals,logistic
2024-05-31,0,0.009787559830874657,0.55,3,merchant_plus_category_signals,logistic
2024-06-01,0,0.2945379027318169,0.55,3,merchant_plus_category_signals,logistic
2024-06-02,0,0.016737401241151223,0.55,3,merchant_plus_category_signals,logistic
2024-06-03,0,0.24265664978434923,0.55,3,merchant_plus_category_signals,logistic
2024-06-04,0,0.2313005807983774,0.55,3,merchant_plus_category_signals,logistic
2024-06-05,0,0.013646997563660031,0.55,3,merchant_plus_category_signals,logistic
2024-06-06,0,0.2936698336457926,0.55,3,merchant_plus_category_signals,logistic
2024-06-07,0,0.08112311292730276,0.55,3,merchant_plus_category_signals,logistic
2024-06-08,0,0.03668561919275865,0.55,3,merchant_plus_category_signals,logistic
2024-06-09,0,0.07072928971894855,0.55,3,merchant_plus_category_signals,logistic
2024-06-10,0,0.020591892215699216,0.55,3,merchant_plus_category_signals,logistic
2024-06-11,0,0.04704951524928777,0.55,3,merchant_plus_category_signals,logistic
2024-06-12,0,0.028131551502057317,0.55,3,merchant_plus_category_signals,logistic
2024-06-13,0,0.3042138593844365,0.55,3,merchant_plus_category_signals,logistic
2024-06-14,1,0.4566864654959434,0.55,3,merchant_plus_category_signals,logistic
2024-06-15,1,0.22805207006850894,0.55,3,merchant_plus_category_signals,logistic
2024-06-16,1,0.39129248765004304,0.55,3,merchant_plus_category_signals,logistic
2024-06-17,1,0.3904718690433164,0.55,3,merchant_plus_category_signals,logistic
2024-06-18,1,0.8396912542618434,0.55,3,merchant_plus_category_signals,logistic
2024-06-19,1,0.1013226098100981,0.55,3,merchant_plus_category_signals,logistic
2024-06-20,1,0.29766689386787415,0.55,3,merchant_plus_category_signals,logistic
2024-06-21,1,0.1464467978718738,0.55,3,merchant_plus_category_signals,logistic
2024-06-22,0,0.46157904653745957,0.55,3,merchant_plus_category_signals,logistic
2024-06-23,0,0.18903814584741802,0.55,3,merchant_plus_category_signals,logistic
2024-06-24,0,0.2834026480750126,0.55,3,merchant_plus_category_signals,logistic
2024-06-25,0,0.012984805625424508,0.55,3,merchant_plus_category_signals,logistic
2024-06-26,0,0.8600554192681017,0.55,3,merchant_plus_category_signals,logistic
2024-06-27,0,0.5248163431008452,0.55,3,merchant_plus_category_signals,logistic
2024-06-28,0,0.10666228986906033,0.55,3,merchant_plus_category_signals,logistic
2024-06-29,0,0.020171669493591338,0.55,3,merchant_plus_category_signals,logistic
2024-06-30,0,0.0024357825544168953,0.55,3,merchant_plus_category_signals,logistic
2024-07-08,0,0.22929966784557448,0.14,4,merchant_plus_category_signals,logistic
2024-07-09,0,0.22230458510407114,0.14,4,merchant_plus_category_signals,logistic
2024-07-10,0,0.6063837965192554,0.14,4,merchant_plus_category_signals,logistic
2024-07-11,0,0.2146405414434899,0.14,4,merchant_plus_category_signals,logistic
2024-07-12,0,0.22980703729520702,0.14,4,merchant_plus_category_signals,logistic
2024-07-13,0,0.10743795900433861,0.14,4,merchant_plus_category_signals,logistic
2024-07-14,1,0.026010804149159215,0.14,4,merchant_plus_category_signals,logistic
2024-07-15,1,0.3441948647729965,0.14,4,merchant_plus_category_signals,logistic
2024-07-16,0,0.06799121199774683,0.14,4,merchant_plus_category_signals,logistic
2024-07-17,1,0.1592337075086089,0.14,4,merchant_plus_category_signals,logistic
2024-07-18,1,0.13941036405582222,0.14,4,merchant_plus_category_signals,logistic
2024-07-19,0,0.16865045620541294,0.14,4,merchant_plus_category_signals,logistic
2024-07-20,0,0.5890245206435879,0.14,4,merchant_plus_category_signals,logistic
2024-07-21,0,0.1487505964308294,0.14,4,merchant_plus_category_signals,logistic
2024-07-22,0,0.010883543492331102,0.14,4,merchant_plus_category_signals,logistic
2024-07-23,0,0.005731623693054072,0.14,4,merchant_plus_category_signals,logistic
2024-07-24,0,0.023653617382982665,0.14,4,merchant_plus_category_signals,logistic
2024-07-25,0,0.02925539377987342,0.14,4,merchant_plus_category_signals,logistic
2024-07-26,0,0.05686041116357349,0.14,4,merchant_plus_category_signals,logistic
2024-07-27,0,0.008980762851174457,0.14,4,merchant_plus_category_signals,logistic
2024-07-28,0,0.00047708616956399993,0.14,4,merchant_plus_category_signals,logistic
2024-07-29,0,0.03809404185360744,0.14,4,merchant_plus_category_signals,logistic
2024-07-30,0,0.0003753930132875343,0.14,4,merchant_plus_category_signals,logistic
2024-07-31,0,0.08660446344757664,0.14,4,merchant_plus_category_signals,logistic
2024-08-01,0,0.015469842008478616,0.14,4,merchant_plus_category_signals,logistic
2024-08-02,0,0.1182035188825295,0.14,4,merchant_plus_category_signals,logistic
2024-08-03,0,0.0638039544378213,0.14,4,merchant_plus_category_signals,logistic
2024-08-04,0,0.6281604160970451,0.14,4,merchant_plus_category_signals,logistic
2024-08-05,0,0.617393690230656,0.14,4,merchant_plus_category_signals,logistic
2024-08-06,0,0.6926445517274742,0.14,4,merchant_plus_category_signals,logistic
2024-08-07,0,0.21646333204193993,0.14,4,merchant_plus_category_signals,logistic
2024-08-08,0,0.841465390696079,0.14,4,merchant_plus_category_signals,logistic
2024-08-09,0,0.5998742955089791,0.14,4,merchant_plus_category_signals,logistic
2024-08-10,0,0.7738502971542064,0.14,4,merchant_plus_category_signals,logistic
2024-08-11,0,0.8078501548176258,0.14,4,merchant_plus_category_signals,logistic
2024-08-12,0,0.4118189602314785,0.14,4,merchant_plus_category_signals,logistic
2024-08-13,0,0.4396982157708335,0.14,4,merchant_plus_category_signals,logistic
2024-08-14,1,0.5239159458373688,0.14,4,merchant_plus_category_signals,logistic
2024-08-15,0,0.2284277668016486,0.14,4,merchant_plus_category_signals,logistic
2024-08-16,0,0.12083785991555786,0.14,4,merchant_plus_category_signals,logistic
2024-08-17,0,0.5220298217257516,0.14,4,merchant_plus_category_signals,logistic
2024-08-18,0,0.539008884711295,0.14,4,merchant_plus_category_signals,logistic
2024-08-19,0,0.4809139041553077,0.14,4,merchant_plus_category_signals,logistic
2023-07-08,0,0.2557821600396296,0.385,0,merchant_plus_category_signals,extra_trees
2023-07-09,0,0.1422825090301815,0.385,0,merchant_plus_category_signals,extra_trees
2023-07-10,0,0.07939219793197662,0.385,0,merchant_plus_category_signals,extra_trees
2023-07-11,0,0.17611872585486799,0.385,0,merchant_plus_category_signals,extra_trees
2023-07-12,0,0.2515534081159648,0.385,0,merchant_plus_category_signals,extra_trees
2023-07-13,1,0.18986248316454055,0.385,0,merchant_plus_category_signals,extra_trees
2023-07-14,1,0.20145989958709606,0.385,0,merchant_plus_category_signals,extra_trees
2023-07-15,0,0.0940940430035576,0.385,0,merchant_plus_category_signals,extra_trees
2023-07-16,0,0.06766713316571633,0.385,0,merchant_plus_category_signals,extra_trees
2023-07-17,0,0.2268001170628685,0.385,0,merchant_plus_category_signals,extra_trees
2023-07-18,0,0.10409854016292928,0.385,0,merchant_plus_category_signals,extra_trees
2023-07-19,0,0.15701846453296403,0.385,0,merchant_plus_category_signals,extra_trees
2023-07-20,0,0.21486992963540907,0.385,0,merchant_plus_category_signals,extra_trees
2023-07-21,0,0.08042398859307277,0.385,0,merchant_plus_category_signals,extra_trees
2023-07-22,0,0.05379695371437932,0.385,0,merchant_plus_category_signals,extra_trees
2023-07-23,0,0.04829223975103724,0.385,0,merchant_plus_category_signals,extra_trees
2023-07-24,0,0.01764380730515072,0.385,0,merchant_plus_category_signals,extra_trees
2023-07-25,0,0.01250269506211026,0.385,0,merchant_plus_category_signals,extra_trees
2023-07-26,0,0.011238960488075125,0.385,0,merchant_plus_category_signals,extra_trees
2023-07-27,0,0.009804177126316021,0.385,0,merchant_plus_category_signals,extra_trees
2023-07-28,0,0.025735311594353067,0.385,0,merchant_plus_category_signals,extra_trees
2023-07-29,0,0.03153486454519146,0.385,0,merchant_plus_category_signals,extra_trees
2023-07-30,0,0.02292886493988695,0.385,0,merchant_plus_category_signals,extra_trees
2023-07-31,0,0.01661184989228256,0.385,0,merchant_plus_category_signals,extra_trees
2023-08-01,0,0.15770051028447366,0.385,0,merchant_plus_category_signals,extra_trees
2023-08-02,0,0.07051474249520821,0.385,0,merchant_plus_category_signals,extra_trees
2023-08-03,0,0.08742529768887383,0.385,0,merchant_plus_category_signals,extra_trees
2023-08-04,0,0.07883471111501307,0.385,0,merchant_plus_category_signals,extra_trees
2023-08-05,0,0.13155456761273038,0.385,0,merchant_plus_category_signals,extra_trees
2023-08-06,0,0.30207544205305215,0.385,0,merchant_plus_category_signals,extra_trees
2023-08-07,0,0.13002228370797117,0.385,0,merchant_plus_category_signals,extra_trees
2023-08-08,0,0.11764076346849382,0.385,0,merchant_plus_category_signals,extra_trees
2023-08-09,0,0.20595450552285066,0.385,0,merchant_plus_category_signals,extra_trees
2023-08-10,0,0.2893690143578663,0.385,0,merchant_plus_category_signals,extra_trees
2023-08-11,0,0.2851275444271937,0.385,0,merchant_plus_category_signals,extra_trees
2023-08-12,0,0.3145857047675949,0.385,0,merchant_plus_category_signals,extra_trees
2023-08-13,0,0.08160998807561225,0.385,0,merchant_plus_category_signals,extra_trees
2023-08-14,0,0.01758564703966592,0.385,0,merchant_plus_category_signals,extra_trees
2023-08-15,0,0.045212648778730005,0.385,0,merchant_plus_category_signals,extra_trees
2023-08-16,0,0.09140080342754732,0.385,0,merchant_plus_category_signals,extra_trees
2023-08-17,0,0.04166939228531932,0.385,0,merchant_plus_category_signals,extra_trees
2023-08-18,1,0.08851044719911008,0.385,0,merchant_plus_category_signals,extra_trees
2023-08-19,0,0.05093921437434565,0.385,0,merchant_plus_category_signals,extra_trees
2023-08-20,0,0.05352963509557179,0.385,0,merchant_plus_category_signals,extra_trees
2023-08-21,0,0.316154894904351,0.385,0,merchant_plus_category_signals,extra_trees
2023-08-22,0,0.31150362376450347,0.385,0,merchant_plus_category_signals,extra_trees
2023-08-23,0,0.07033024052134594,0.385,0,merchant_plus_category_signals,extra_trees
2023-08-24,0,0.08532704227582959,0.385,0,merchant_plus_category_signals,extra_trees
2023-08-25,0,0.01274088252030281,0.385,0,merchant_plus_category_signals,extra_trees
2023-08-26,0,0.029422730361052852,0.385,0,merchant_plus_category_signals,extra_trees
2023-08-27,0,0.16421206576334837,0.385,0,merchant_plus_category_signals,extra_trees
2023-08-28,0,0.14979591231493014,0.385,0,merchant_plus_category_signals,extra_trees
2023-08-29,0,0.09051308367366025,0.385,0,merchant_plus_category_signals,extra_trees
2023-08-30,0,0.14053092225025923,0.385,0,merchant_plus_category_signals,extra_trees
2023-08-31,0,0.05642173046791325,0.385,0,merchant_plus_category_signals,extra_trees
2023-09-01,0,0.433422993204431,0.385,0,merchant_plus_category_signals,extra_trees
2023-09-02,0,0.2853503402407105,0.385,0,merchant_plus_category_signals,extra_trees
2023-09-03,0,0.4902754159357111,0.385,0,merchant_plus_category_signals,extra_trees
2023-09-04,0,0.25281430563930374,0.385,0,merchant_plus_category_signals,extra_trees
2023-09-05,1,0.5841805725529677,0.385,0,merchant_plus_category_signals,extra_trees
2023-09-06,1,0.1427878529322621,0.385,0,merchant_plus_category_signals,extra_trees
2023-09-07,1,0.509175095258106,0.385,0,merchant_plus_category_signals,extra_trees
2023-09-08,1,0.5445664233519588,0.385,0,merchant_plus_category_signals,extra_trees
2023-09-09,0,0.38145710577871966,0.385,0,merchant_plus_category_signals,extra_trees
2023-09-10,0,0.05125269683207531,0.385,0,merchant_plus_category_signals,extra_trees
2023-09-11,0,0.2675063461891343,0.385,0,merchant_plus_category_signals,extra_trees
2023-09-12,0,0.10760615525303875,0.385,0,merchant_plus_category_signals,extra_trees
2023-09-13,0,0.1692786868486953,0.385,0,merchant_plus_category_signals,extra_trees
2023-09-14,0,0.15210484526016244,0.385,0,merchant_plus_category_signals,extra_trees
2023-09-15,0,0.2392856165938055,0.385,0,merchant_plus_category_signals,extra_trees
2023-09-16,0,0.0701025628103264,0.385,0,merchant_plus_category_signals,extra_trees
2023-09-17,0,0.11517276259621793,0.385,0,merchant_plus_category_signals,extra_trees
2023-09-18,0,0.029578450598109065,0.385,0,merchant_plus_category_signals,extra_trees
2023-09-19,0,0.06275642134922664,0.385,0,merchant_plus_category_signals,extra_trees
2023-09-20,0,0.15472822849558474,0.385,0,merchant_plus_category_signals,extra_trees
2023-09-21,0,0.1770516541657081,0.385,0,merchant_plus_category_signals,extra_trees
2023-09-22,0,0.08426734213690695,0.385,0,merchant_plus_category_signals,extra_trees
2023-09-23,0,0.19995556264150288,0.385,0,merchant_plus_category_signals,extra_trees
2023-09-24,0,0.02186344128379488,0.385,0,merchant_plus_category_signals,extra_trees
2023-09-25,0,0.034586214484866,0.385,0,merchant_plus_category_signals,extra_trees
2023-09-26,0,0.06456335363721141,0.385,0,merchant_plus_category_signals,extra_trees
2023-09-27,0,0.024590449121033687,0.385,0,merchant_plus_category_signals,extra_trees
2023-09-28,0,0.03099026682011892,0.385,0,merchant_plus_category_signals,extra_trees
2023-09-29,0,0.031233117996424947,0.385,0,merchant_plus_category_signals,extra_trees
2023-09-30,0,0.017601709236042016,0.385,0,merchant_plus_category_signals,extra_trees
2023-10-08,0,0.13820063465638144,0.525,1,merchant_plus_category_signals,extra_trees
2023-10-09,0,0.058543584949746354,0.525,1,merchant_plus_category_signals,extra_trees
2023-10-10,0,0.09675793232654246,0.525,1,merchant_plus_category_signals,extra_trees
2023-10-11,0,0.18965561060163097,0.525,1,merchant_plus_category_signals,extra_trees
2023-10-12,0,0.19294529153714726,0.525,1,merchant_plus_category_signals,extra_trees
2023-10-13,1,0.1330430735489302,0.525,1,merchant_plus_category_signals,extra_trees
2023-10-14,1,0.10007198239008357,0.525,1,merchant_plus_category_signals,extra_trees
2023-10-15,0,0.09928651380393627,0.525,1,merchant_plus_category_signals,extra_trees
2023-10-16,1,0.14763954746328373,0.525,1,merchant_plus_category_signals,extra_trees
2023-10-17,1,0.1561128025158337,0.525,1,merchant_plus_category_signals,extra_trees
2023-10-18,0,0.05525596687271907,0.525,1,merchant_plus_category_signals,extra_trees
2023-10-19,0,0.060670865316840565,0.525,1,merchant_plus_category_signals,extra_trees
2023-10-20,0,0.10286122057174767,0.525,1,merchant_plus_category_signals,extra_trees
2023-10-21,0,0.07165895279839904,0.525,1,merchant_plus_category_signals,extra_trees
2023-10-22,0,0.021191737018381295,0.525,1,merchant_plus_category_signals,extra_trees
2023-10-23,0,0.15066873012179507,0.525,1,merchant_plus_category_signals,extra_trees
2023-10-24,0,0.10618149118286609,0.525,1,merchant_plus_category_signals,extra_trees
2023-10-25,0,0.006791472800170833,0.525,1,merchant_plus_category_signals,extra_trees
2023-10-26,0,0.0893356158863085,0.525,1,merchant_plus_category_signals,extra_trees
2023-10-27,0,0.024891897276485737,0.525,1,merchant_plus_category_signals,extra_trees
2023-10-28,0,0.06762469883377759,0.525,1,merchant_plus_category_signals,extra_trees
2023-10-29,0,0.03635219377997463,0.525,1,merchant_plus_category_signals,extra_trees
2023-10-30,0,0.03477287246786825,0.525,1,merchant_plus_category_signals,extra_trees
2023-10-31,0,0.039008257643419586,0.525,1,merchant_plus_category_signals,extra_trees
2023-11-01,0,0.14993919176233175,0.525,1,merchant_plus_category_signals,extra_trees
2023-11-02,0,0.08468367050308843,0.525,1,merchant_plus_category_signals,extra_trees
2023-11-03,0,0.0775690467398997,0.525,1,merchant_plus_category_signals,extra_trees
2023-11-04,0,0.20169351370572144,0.525,1,merchant_plus_category_signals,extra_trees
2023-11-05,0,0.23802021173478788,0.525,1,merchant_plus_category_signals,extra_trees
2023-11-06,0,0.2415649361348717,0.525,1,merchant_plus_category_signals,extra_trees
2023-11-07,0,0.3216786323165204,0.525,1,merchant_plus_category_signals,extra_trees
2023-11-08,0,0.3320584340578733,0.525,1,merchant_plus_category_signals,extra_trees
2023-11-09,1,0.2492459550284884,0.525,1,merchant_plus_category_signals,extra_trees
2023-11-10,1,0.18611503729736187,0.525,1,merchant_plus_category_signals,extra_trees
2023-11-11,0,0.23022660025241165,0.525,1,merchant_plus_category_signals,extra_trees
2023-11-12,0,0.22527827609053225,0.525,1,merchant_plus_category_signals,extra_trees
2023-11-13,1,0.2150770103656427,0.525,1,merchant_plus_category_signals,extra_trees
2023-11-14,1,0.2318932857421614,0.525,1,merchant_plus_category_signals,extra_trees
2023-11-15,0,0.13261518110710357,0.525,1,merchant_plus_category_signals,extra_trees
2023-11-16,0,0.1754130257106467,0.525,1,merchant_plus_category_signals,extra_trees
2023-11-17,0,0.08838095341456045,0.525,1,merchant_plus_category_signals,extra_trees
2023-11-18,0,0.08067184551638579,0.525,1,merchant_plus_category_signals,extra_trees
2023-11-19,0,0.106155939579629,0.525,1,merchant_plus_category_signals,extra_trees
2023-11-20,0,0.15814367001805227,0.525,1,merchant_plus_category_signals,extra_trees
2023-11-21,0,0.030255229811414056,0.525,1,merchant_plus_category_signals,extra_trees
2023-11-22,0,0.0607556081545822,0.525,1,merchant_plus_category_signals,extra_trees
2023-11-23,0,0.04278009249142882,0.525,1,merchant_plus_category_signals,extra_trees
2023-11-24,0,0.09315497470747411,0.525,1,merchant_plus_category_signals,extra_trees
2023-11-25,0,0.04154744900976522,0.525,1,merchant_plus_category_signals,extra_trees
2023-11-26,0,0.12715056074409642,0.525,1,merchant_plus_category_signals,extra_trees
2023-11-27,0,0.07351163530619056,0.525,1,merchant_plus_category_signals,extra_trees
2023-11-28,0,0.08726391792939675,0.525,1,merchant_plus_category_signals,extra_trees
2023-11-29,0,0.04771118194271966,0.525,1,merchant_plus_category_signals,extra_trees
2023-11-30,0,0.05720612256370211,0.525,1,merchant_plus_category_signals,extra_trees
2023-12-01,0,0.10166643529851566,0.525,1,merchant_plus_category_signals,extra_trees
2023-12-02,0,0.2312569063242645,0.525,1,merchant_plus_category_signals,extra_trees
2023-12-03,0,0.26527212079955836,0.525,1,merchant_plus_category_signals,extra_trees
2023-12-04,0,0.3803717696307143,0.525,1,merchant_plus_category_signals,extra_trees
2023-12-05,0,0.39519238325845274,0.525,1,merchant_plus_category_signals,extra_trees
2023-12-06,0,0.34161237873328887,0.525,1,merchant_plus_category_signals,extra_trees
2023-12-07,1,0.36994426880412484,0.525,1,merchant_plus_category_signals,extra_trees
2023-12-08,0,0.30873923841640366,0.525,1,merchant_plus_category_signals,extra_trees
2023-12-09,0,0.3134697117698054,0.525,1,merchant_plus_category_signals,extra_trees
2023-12-10,1,0.2232256099056903,0.525,1,merchant_plus_category_signals,extra_trees
2023-12-11,1,0.20368402757608184,0.525,1,merchant_plus_category_signals,extra_trees
2023-12-12,1,0.36489426416473997,0.525,1,merchant_plus_category_signals,extra_trees
2023-12-13,1,0.2979144801450988,0.525,1,merchant_plus_category_signals,extra_trees
2023-12-14,1,0.248635789707991,0.525,1,merchant_plus_category_signals,extra_trees
2023-12-15,1,0.1155572574055304,0.525,1,merchant_plus_category_signals,extra_trees
2023-12-16,0,0.258380380113279,0.525,1,merchant_plus_category_signals,extra_trees
2023-12-17,0,0.1297977623710597,0.525,1,merchant_plus_category_signals,extra_trees
2023-12-18,0,0.2976176338438707,0.525,1,merchant_plus_category_signals,extra_trees
2023-12-19,0,0.14266935012699253,0.525,1,merchant_plus_category_signals,extra_trees
2023-12-20,0,0.26410300082104576,0.525,1,merchant_plus_category_signals,extra_trees
2023-12-21,0,0.036904222672216436,0.525,1,merchant_plus_category_signals,extra_trees
2023-12-22,0,0.1291886540897609,0.525,1,merchant_plus_category_signals,extra_trees
2023-12-23,0,0.035484762690912754,0.525,1,merchant_plus_category_signals,extra_trees
2023-12-24,0,0.009842216289571442,0.525,1,merchant_plus_category_signals,extra_trees
2023-12-25,0,0.0683087897528085,0.525,1,merchant_plus_category_signals,extra_trees
2023-12-26,0,0.0696908311770158,0.525,1,merchant_plus_category_signals,extra_trees
2023-12-27,0,0.028967023875475503,0.525,1,merchant_plus_category_signals,extra_trees
2023-12-28,0,0.03626618184145178,0.525,1,merchant_plus_category_signals,extra_trees
2023-12-29,0,0.010803752444803074,0.525,1,merchant_plus_category_signals,extra_trees
2023-12-30,0,0.011772641249503208,0.525,1,merchant_plus_category_signals,extra_trees
2023-12-31,0,0.18234977778237124,0.525,1,merchant_plus_category_signals,extra_trees
2024-01-08,0,0.3644360281080357,0.13,2,merchant_plus_category_signals,extra_trees
2024-01-09,0,0.5979102264770824,0.13,2,merchant_plus_category_signals,extra_trees
2024-01-10,0,0.4478446025016176,0.13,2,merchant_plus_category_signals,extra_trees
2024-01-11,1,0.42171506713702567,0.13,2,merchant_plus_category_signals,extra_trees
2024-01-12,1,0.6298650818614935,0.13,2,merchant_plus_category_signals,extra_trees
2024-01-13,1,0.3109263187395007,0.13,2,merchant_plus_category_signals,extra_trees
2024-01-14,1,0.14436955383968564,0.13,2,merchant_plus_category_signals,extra_trees
2024-01-15,1,0.31839966462942415,0.13,2,merchant_plus_category_signals,extra_trees
2024-01-16,0,0.38703221718883746,0.13,2,merchant_plus_category_signals,extra_trees
2024-01-17,1,0.2624401881840679,0.13,2,merchant_plus_category_signals,extra_trees
2024-01-18,1,0.2375151449772311,0.13,2,merchant_plus_category_signals,extra_trees
2024-01-19,1,0.16265680130720608,0.13,2,merchant_plus_category_signals,extra_trees
2024-01-20,0,0.07050337487242876,0.13,2,merchant_plus_category_signals,extra_trees
2024-01-21,0,0.0646816538159495,0.13,2,merchant_plus_category_signals,extra_trees
2024-01-22,0,0.10656754995770494,0.13,2,merchant_plus_category_signals,extra_trees
2024-01-23,0,0.07047058036540792,0.13,2,merchant_plus_category_signals,extra_trees
2024-01-24,0,0.03405100505240066,0.13,2,merchant_plus_category_signals,extra_trees
2024-01-25,0,0.08340496740141895,0.13,2,merchant_plus_category_signals,extra_trees
2024-01-26,0,0.016641618609817718,0.13,2,merchant_plus_category_signals,extra_trees
2024-01-27,0,0.025736468380093497,0.13,2,merchant_plus_category_signals,extra_trees
2024-01-28,0,0.008447799836534743,0.13,2,merchant_plus_category_signals,extra_trees
2024-01-29,0,0.0075054441092252695,0.13,2,merchant_plus_category_signals,extra_trees
2024-01-30,1,0.00941654087168767,0.13,2,merchant_plus_category_signals,extra_trees
2024-01-31,0,0.05356141649026197,0.13,2,merchant_plus_category_signals,extra_trees
2024-02-01,0,0.06104444452735017,0.13,2,merchant_plus_category_signals,extra_trees
2024-02-02,0,0.09649365395829294,0.13,2,merchant_plus_category_signals,extra_trees
2024-02-03,0,0.0677806016973851,0.13,2,merchant_plus_category_signals,extra_trees
2024-02-04,0,0.32953371249580493,0.13,2,merchant_plus_category_signals,extra_trees
2024-02-05,0,0.5784274347856627,0.13,2,merchant_plus_category_signals,extra_trees
2024-02-06,0,0.4550782321651127,0.13,2,merchant_plus_category_signals,extra_trees
2024-02-07,0,0.4117695007918328,0.13,2,merchant_plus_category_signals,extra_trees
2024-02-08,0,0.7152334211050482,0.13,2,merchant_plus_category_signals,extra_trees
2024-02-09,0,0.6770732273394493,0.13,2,merchant_plus_category_signals,extra_trees
2024-02-10,0,0.4279985213462353,0.13,2,merchant_plus_category_signals,extra_trees
2024-02-11,0,0.4593360216649375,0.13,2,merchant_plus_category_signals,extra_trees
2024-02-12,0,0.3938957113884621,0.13,2,merchant_plus_category_signals,extra_trees
2024-02-13,0,0.2587553661367713,0.13,2,merchant_plus_category_signals,extra_trees
2024-02-14,0,0.4293406823149632,0.13,2,merchant_plus_category_signals,extra_trees
2024-02-15,0,0.5627549199308942,0.13,2,merchant_plus_category_signals,extra_trees
2024-02-16,0,0.5307515149313037,0.13,2,merchant_plus_category_signals,extra_trees
2024-02-17,0,0.3946004943817034,0.13,2,merchant_plus_category_signals,extra_trees
2024-02-18,0,0.23856203277425556,0.13,2,merchant_plus_category_signals,extra_trees
2024-02-19,0,0.1769025149723227,0.13,2,merchant_plus_category_signals,extra_trees
2024-02-20,0,0.4488749294309408,0.13,2,merchant_plus_category_signals,extra_trees
2024-02-21,0,0.3491765247474068,0.13,2,merchant_plus_category_signals,extra_trees
2024-02-22,0,0.31148238285999813,0.13,2,merchant_plus_category_signals,extra_trees
2024-02-23,0,0.30932993347964627,0.13,2,merchant_plus_category_signals,extra_trees
2024-02-24,0,0.06418855279673433,0.13,2,merchant_plus_category_signals,extra_trees
2024-02-25,0,0.009674532268711913,0.13,2,merchant_plus_category_signals,extra_trees
2024-02-26,0,0.004854093479386367,0.13,2,merchant_plus_category_signals,extra_trees
2024-02-27,0,0.01961156434874083,0.13,2,merchant_plus_category_signals,extra_trees
2024-02-28,0,0.004204150681316466,0.13,2,merchant_plus_category_signals,extra_trees
2024-02-29,0,0.01488374586068381,0.13,2,merchant_plus_category_signals,extra_trees
2024-03-01,0,0.09312204830351133,0.13,2,merchant_plus_category_signals,extra_trees
2024-03-02,0,0.19699526889717328,0.13,2,merchant_plus_category_signals,extra_trees
2024-03-03,0,0.3694735916858791,0.13,2,merchant_plus_category_signals,extra_trees
2024-03-04,0,0.5141700040366073,0.13,2,merchant_plus_category_signals,extra_trees
2024-03-05,0,0.5255718740103874,0.13,2,merchant_plus_category_signals,extra_trees
2024-03-06,0,0.32135190017854137,0.13,2,merchant_plus_category_signals,extra_trees
2024-03-07,0,0.5333313923934828,0.13,2,merchant_plus_category_signals,extra_trees
2024-03-08,0,0.3262376655145799,0.13,2,merchant_plus_category_signals,extra_trees
2024-03-09,1,0.2589689528900183,0.13,2,merchant_plus_category_signals,extra_trees
2024-03-10,1,0.5475313848470984,0.13,2,merchant_plus_category_signals,extra_trees
2024-03-11,1,0.7311106908749894,0.13,2,merchant_plus_category_signals,extra_trees
2024-03-12,1,0.7341363561851401,0.13,2,merchant_plus_category_signals,extra_trees
2024-03-13,1,0.6655150496930673,0.13,2,merchant_plus_category_signals,extra_trees
2024-03-14,1,0.5434915775363311,0.13,2,merchant_plus_category_signals,extra_trees
2024-03-15,1,0.5388407753473007,0.13,2,merchant_plus_category_signals,extra_trees
2024-03-16,1,0.3976936900231688,0.13,2,merchant_plus_category_signals,extra_trees
2024-03-17,0,0.15925759739076176,0.13,2,merchant_plus_category_signals,extra_trees
2024-03-18,0,0.28171914048463614,0.13,2,merchant_plus_category_signals,extra_trees
2024-03-19,0,0.042771937336323944,0.13,2,merchant_plus_category_signals,extra_trees
2024-03-20,0,0.160608885695207,0.13,2,merchant_plus_category_signals,extra_trees
2024-03-21,0,0.0623866961337573,0.13,2,merchant_plus_category_signals,extra_trees
2024-03-22,0,0.07365163696742984,0.13,2,merchant_plus_category_signals,extra_trees
2024-03-23,0,0.11502777074382113,0.13,2,merchant_plus_category_signals,extra_trees
2024-03-24,0,0.011320688237977834,0.13,2,merchant_plus_category_signals,extra_trees
2024-03-25,0,0.02165394361522856,0.13,2,merchant_plus_category_signals,extra_trees
2024-03-26,0,0.012887359511226612,0.13,2,merchant_plus_category_signals,extra_trees
2024-03-27,0,0.0034526824071394063,0.13,2,merchant_plus_category_signals,extra_trees
2024-03-28,0,0.006542934739167835,0.13,2,merchant_plus_category_signals,extra_trees
2024-03-29,0,0.0072912437805858965,0.13,2,merchant_plus_category_signals,extra_trees
2024-03-30,0,0.02124712157780363,0.13,2,merchant_plus_category_signals,extra_trees
2024-03-31,0,0.01590506739723547,0.13,2,merchant_plus_category_signals,extra_trees
2024-04-08,0,0.6327129372238411,0.5116628998021241,3,merchant_plus_category_signals,extra_trees
2024-04-09,0,0.514462513699777,0.5116628998021241,3,merchant_plus_category_signals,extra_trees
2024-04-10,1,0.5939813348813102,0.5116628998021241,3,merchant_plus_category_signals,extra_trees
2024-04-11,1,0.6209427139520084,0.5116628998021241,3,merchant_plus_category_signals,extra_trees
2024-04-12,0,0.6233980834850529,0.5116628998021241,3,merchant_plus_category_signals,extra_trees
2024-04-13,1,0.5024403161284782,0.5116628998021241,3,merchant_plus_category_signals,extra_trees
2024-04-14,1,0.14150924829316172,0.5116628998021241,3,merchant_plus_category_signals,extra_trees
2024-04-15,1,0.178745652302159,0.5116628998021241,3,merchant_plus_category_signals,extra_trees
2024-04-16,1,0.14881324381607192,0.5116628998021241,3,merchant_plus_category_signals,extra_trees
2024-04-17,1,0.2523499965708965,0.5116628998021241,3,merchant_plus_category_signals,extra_trees
2024-04-18,1,0.34208679846724876,0.5116628998021241,3,merchant_plus_category_signals,extra_trees
2024-04-19,1,0.17134089964533505,0.5116628998021241,3,merchant_plus_category_signals,extra_trees
2024-04-20,1,0.19033608174921043,0.5116628998021241,3,merchant_plus_category_signals,extra_trees
2024-04-21,0,0.11010244347255393,0.5116628998021241,3,merchant_plus_category_signals,extra_trees
2024-04-22,0,0.07862939162327218,0.5116628998021241,3,merchant_plus_category_signals,extra_trees
2024-04-23,0,0.12432017626630858,0.5116628998021241,3,merchant_plus_category_signals,extra_trees
2024-04-24,0,0.01705512055847071,0.5116628998021241,3,merchant_plus_category_signals,extra_trees
2024-04-25,0,0.016457853421900044,0.5116628998021241,3,merchant_plus_category_signals,extra_trees
2024-04-26,0,0.029158986181222486,0.5116628998021241,3,merchant_plus_category_signals,extra_trees
2024-04-27,0,0.11220037712501607,0.5116628998021241,3,merchant_plus_category_signals,extra_trees
2024-04-28,0,0.04772478764448744,0.5116628998021241,3,merchant_plus_category_signals,extra_trees
2024-04-29,0,0.03586598701538192,0.5116628998021241,3,merchant_plus_category_signals,extra_trees
2024-04-30,0,0.03543433910902491,0.5116628998021241,3,merchant_plus_category_signals,extra_trees
2024-05-01,0,0.030857630966478457,0.5116628998021241,3,merchant_plus_category_signals,extra_trees
2024-05-02,0,0.051199658376039375,0.5116628998021241,3,merchant_plus_category_signals,extra_trees
2024-05-03,0,0.0780662190098366,0.5116628998021241,3,merchant_plus_category_signals,extra_trees
2024-05-04,0,0.1505630880818073,0.5116628998021241,3,merchant_plus_category_signals,extra_trees
2024-05-05,0,0.32261044245738946,0.5116628998021241,3,merchant_plus_category_signals,extra_trees
2024-05-06,0,0.3331505823122233,0.5116628998021241,3,merchant_plus_category_signals,extra_trees
2024-05-07,0,0.36511139974899187,0.5116628998021241,3,merchant_plus_category_signals,extra_trees
2024-05-08,0,0.31231541049953965,0.5116628998021241,3,merchant_plus_category_signals,extra_trees
2024-05-09,0,0.31040904264548214,0.5116628998021241,3,merchant_plus_category_signals,extra_trees
2024-05-10,0,0.3125807753761944,0.5116628998021241,3,merchant_plus_category_signals,extra_trees
2024-05-11,0,0.32994417942514526,0.5116628998021241,3,merchant_plus_category_signals,extra_trees
2024-05-12,0,0.4676698950099915,0.5116628998021241,3,merchant_plus_category_signals,extra_trees
2024-05-13,0,0.3449705715762935,0.5116628998021241,3,merchant_plus_category_signals,extra_trees
2024-05-14,0,0.3273608759620857,0.5116628998021241,3,merchant_plus_category_signals,extra_trees
2024-05-15,0,0.36301001403065053,0.5116628998021241,3,merchant_plus_category_signals,extra_trees
2024-05-16,0,0.461058619154491,0.5116628998021241,3,merchant_plus_category_signals,extra_trees
2024-05-17,1,0.4320844731327294,0.5116628998021241,3,merchant_plus_category_signals,extra_trees
2024-05-18,0,0.3742247739814545,0.5116628998021241,3,merchant_plus_category_signals,extra_trees
2024-05-19,0,0.20980005498452586,0.5116628998021241,3,merchant_plus_category_signals,extra_trees
2024-05-20,0,0.24495885607038498,0.5116628998021241,3,merchant_plus_category_signals,extra_trees
2024-05-21,0,0.19201060628421718,0.5116628998021241,3,merchant_plus_category_signals,extra_trees
2024-05-22,0,0.24512926457533665,0.5116628998021241,3,merchant_plus_category_signals,extra_trees
2024-05-23,0,0.3138169247236935,0.5116628998021241,3,merchant_plus_category_signals,extra_trees
2024-05-24,0,0.07757601023448232,0.5116628998021241,3,merchant_plus_category_signals,extra_trees
2024-05-25,0,0.07676030266351767,0.5116628998021241,3,merchant_plus_category_signals,extra_trees
2024-05-26,0,0.016625351367585917,0.5116628998021241,3,merchant_plus_category_signals,extra_trees
2024-05-27,0,0.05341869155897293,0.5116628998021241,3,merchant_plus_category_signals,extra_trees
2024-05-28,0,0.11979619530966018,0.5116628998021241,3,merchant_plus_category_signals,extra_trees
2024-05-29,0,0.05039743381611098,0.5116628998021241,3,merchant_plus_category_signals,extra_trees
2024-05-30,0,0.022336630141832646,0.5116628998021241,3,merchant_plus_category_signals,extra_trees
2024-05-31,0,0.02723496993284726,0.5116628998021241,3,merchant_plus_category_signals,extra_trees
2024-06-01,0,0.27052192727666136,0.5116628998021241,3,merchant_plus_category_signals,extra_trees
2024-06-02,0,0.3228125140618124,0.5116628998021241,3,merchant_plus_category_signals,extra_trees
2024-06-03,0,0.31783262459019773,0.5116628998021241,3,merchant_plus_category_signals,extra_trees
2024-06-04,0,0.2640967811536785,0.5116628998021241,3,merchant_plus_category_signals,extra_trees
2024-06-05,0,0.2541582668393721,0.5116628998021241,3,merchant_plus_category_signals,extra_trees
2024-06-06,0,0.31862126085618886,0.5116628998021241,3,merchant_plus_category_signals,extra_trees
2024-06-07,0,0.2709094342682652,0.5116628998021241,3,merchant_plus_category_signals,extra_trees
2024-06-08,0,0.2638847154425765,0.5116628998021241,3,merchant_plus_category_signals,extra_trees
2024-06-09,0,0.25765458511934225,0.5116628998021241,3,merchant_plus_category_signals,extra_trees
2024-06-10,0,0.19979659384338816,0.5116628998021241,3,merchant_plus_category_signals,extra_trees
2024-06-11,0,0.23783362764684907,0.5116628998021241,3,merchant_plus_category_signals,extra_trees
2024-06-12,0,0.26099411613775336,0.5116628998021241,3,merchant_plus_category_signals,extra_trees
2024-06-13,0,0.22276772323007776,0.5116628998021241,3,merchant_plus_category_signals,extra_trees
2024-06-14,1,0.3511549661500378,0.5116628998021241,3,merchant_plus_category_signals,extra_trees
2024-06-15,1,0.28937780451200745,0.5116628998021241,3,merchant_plus_category_signals,extra_trees
2024-06-16,1,0.7045891230176274,0.5116628998021241,3,merchant_plus_category_signals,extra_trees
2024-06-17,1,0.699526068253606,0.5116628998021241,3,merchant_plus_category_signals,extra_trees
2024-06-18,1,0.7486570141432086,0.5116628998021241,3,merchant_plus_category_signals,extra_trees
2024-06-19,1,0.5947425152684702,0.5116628998021241,3,merchant_plus_category_signals,extra_trees
2024-06-20,1,0.6041913963060692,0.5116628998021241,3,merchant_plus_category_signals,extra_trees
2024-06-21,1,0.6009981835489127,0.5116628998021241,3,merchant_plus_category_signals,extra_trees
2024-06-22,0,0.6319746218269959,0.5116628998021241,3,merchant_plus_category_signals,extra_trees
2024-06-23,0,0.07285786687546789,0.5116628998021241,3,merchant_plus_category_signals,extra_trees
2024-06-24,0,0.1040417346437654,0.5116628998021241,3,merchant_plus_category_signals,extra_trees
2024-06-25,0,0.0545911722269378,0.5116628998021241,3,merchant_plus_category_signals,extra_trees
2024-06-26,0,0.09602730277171799,0.5116628998021241,3,merchant_plus_category_signals,extra_trees
2024-06-27,0,0.0739845328417961,0.5116628998021241,3,merchant_plus_category_signals,extra_trees
2024-06-28,0,0.10432345924189944,0.5116628998021241,3,merchant_plus_category_signals,extra_trees
2024-06-29,0,0.04622741680561649,0.5116628998021241,3,merchant_plus_category_signals,extra_trees
2024-06-30,0,0.01607090195908553,0.5116628998021241,3,merchant_plus_category_signals,extra_trees
2024-07-08,0,0.27664432266201383,0.46377514038772777,4,merchant_plus_category_signals,extra_trees
2024-07-09,0,0.33329568911087193,0.46377514038772777,4,merchant_plus_category_signals,extra_trees
2024-07-10,0,0.36104462650192665,0.46377514038772777,4,merchant_plus_category_signals,extra_trees
2024-07-11,0,0.2614280170445788,0.46377514038772777,4,merchant_plus_category_signals,extra_trees
2024-07-12,0,0.32356168923274836,0.46377514038772777,4,merchant_plus_category_signals,extra_trees
2024-07-13,0,0.2895247043649527,0.46377514038772777,4,merchant_plus_category_signals,extra_trees
2024-07-14,1,0.32158676342405185,0.46377514038772777,4,merchant_plus_category_signals,extra_trees
2024-07-15,1,0.4610299073949672,0.46377514038772777,4,merchant_plus_category_signals,extra_trees
2024-07-16,0,0.39044436258240023,0.46377514038772777,4,merchant_plus_category_signals,extra_trees
2024-07-17,1,0.32495084282480685,0.46377514038772777,4,merchant_plus_category_signals,extra_trees
2024-07-18,1,0.37753300250614014,0.46377514038772777,4,merchant_plus_category_signals,extra_trees
2024-07-19,0,0.3825604697349976,0.46377514038772777,4,merchant_plus_category_signals,extra_trees
2024-07-20,0,0.4199756847485872,0.46377514038772777,4,merchant_plus_category_signals,extra_trees
2024-07-21,0,0.1849637650226472,0.46377514038772777,4,merchant_plus_category_signals,extra_trees
2024-07-22,0,0.06251663208241207,0.46377514038772777,4,merchant_plus_category_signals,extra_trees
2024-07-23,0,0.04730647234578591,0.46377514038772777,4,merchant_plus_category_signals,extra_trees
2024-07-24,0,0.015935856958489772,0.46377514038772777,4,merchant_plus_category_signals,extra_trees
2024-07-25,0,0.003613761077459685,0.46377514038772777,4,merchant_plus_category_signals,extra_trees
2024-07-26,0,0.015207520470508197,0.46377514038772777,4,merchant_plus_category_signals,extra_trees
2024-07-27,0,0.02729972489428163,0.46377514038772777,4,merchant_plus_category_signals,extra_trees
2024-07-28,0,0.0027201642585284354,0.46377514038772777,4,merchant_plus_category_signals,extra_trees
2024-07-29,0,0.14666054323535319,0.46377514038772777,4,merchant_plus_category_signals,extra_trees
2024-07-30,0,0.021169572527776907,0.46377514038772777,4,merchant_plus_category_signals,extra_trees
2024-07-31,0,0.07122209292017934,0.46377514038772777,4,merchant_plus_category_signals,extra_trees
2024-08-01,0,0.09768917572989917,0.46377514038772777,4,merchant_plus_category_signals,extra_trees
2024-08-02,0,0.06363191371859299,0.46377514038772777,4,merchant_plus_category_signals,extra_trees
2024-08-03,0,0.11203823540974582,0.46377514038772777,4,merchant_plus_category_signals,extra_trees
2024-08-04,0,0.45029922399856465,0.46377514038772777,4,merchant_plus_category_signals,extra_trees
2024-08-05,0,0.3637229294131572,0.46377514038772777,4,merchant_plus_category_signals,extra_trees
2024-08-06,0,0.4003320688306775,0.46377514038772777,4,merchant_plus_category_signals,extra_trees
2024-08-07,0,0.41527794545612956,0.46377514038772777,4,merchant_plus_category_signals,extra_trees
2024-08-08,0,0.4506491509696579,0.46377514038772777,4,merchant_plus_category_signals,extra_trees
2024-08-09,0,0.3821306059739775,0.46377514038772777,4,merchant_plus_category_signals,extra_trees
2024-08-10,0,0.4339585299909133,0.46377514038772777,4,merchant_plus_category_signals,extra_trees
2024-08-11,0,0.26203667684312765,0.46377514038772777,4,merchant_plus_category_signals,extra_trees
2024-08-12,0,0.28857394880593945,0.46377514038772777,4,merchant_plus_category_signals,extra_trees
2024-08-13,0,0.25418123631566164,0.46377514038772777,4,merchant_plus_category_signals,extra_trees
2024-08-14,1,0.3000372133934889,0.46377514038772777,4,merchant_plus_category_signals,extra_trees
2024-08-15,0,0.3540184037249372,0.46377514038772777,4,merchant_plus_category_signals,extra_trees
2024-08-16,0,0.2317824934549081,0.46377514038772777,4,merchant_plus_category_signals,extra_trees
2024-08-17,0,0.23586682658789365,0.46377514038772777,4,merchant_plus_category_signals,extra_trees
2024-08-18,0,0.6651774104846,0.46377514038772777,4,merchant_plus_category_signals,extra_trees
2024-08-19,0,0.6480977393685556,0.46377514038772777,4,merchant_plus_category_signals,extra_trees
2023-07-08,0,0.1770572675047439,0.1821032983373728,0,merchant_plus_category_signals,random_forest
2023-07-09,0,0.034279797623497046,0.1821032983373728,0,merchant_plus_category_signals,random_forest
2023-07-10,0,0.031813672039271386,0.1821032983373728,0,merchant_plus_category_signals,random_forest
2023-07-11,0,0.06617827392272321,0.1821032983373728,0,merchant_plus_category_signals,random_forest
2023-07-12,0,0.044691867837810775,0.1821032983373728,0,merchant_plus_category_signals,random_forest
2023-07-13,1,0.06095252628685497,0.1821032983373728,0,merchant_plus_category_signals,random_forest
2023-07-14,1,0.06126809054363008,0.1821032983373728,0,merchant_plus_category_signals,random_forest
2023-07-15,0,0.03822823420394087,0.1821032983373728,0,merchant_plus_category_signals,random_forest
2023-07-16,0,0.03551625206556428,0.1821032983373728,0,merchant_plus_category_signals,random_forest
2023-07-17,0,0.055574890904872415,0.1821032983373728,0,merchant_plus_category_signals,random_forest
2023-07-18,0,0.049351314292278826,0.1821032983373728,0,merchant_plus_category_signals,random_forest
2023-07-19,0,0.0382250109889149,0.1821032983373728,0,merchant_plus_category_signals,random_forest
2023-07-20,0,0.07567745738357187,0.1821032983373728,0,merchant_plus_category_signals,random_forest
2023-07-21,0,0.04831934148937978,0.1821032983373728,0,merchant_plus_category_signals,random_forest
2023-07-22,0,0.05810206183686386,0.1821032983373728,0,merchant_plus_category_signals,random_forest
2023-07-23,0,0.05756606390947024,0.1821032983373728,0,merchant_plus_category_signals,random_forest
2023-07-24,0,0.07290054676300389,0.1821032983373728,0,merchant_plus_category_signals,random_forest
2023-07-25,0,0.09156424718402678,0.1821032983373728,0,merchant_plus_category_signals,random_forest
2023-07-26,0,0.08896164084166655,0.1821032983373728,0,merchant_plus_category_signals,random_forest
2023-07-27,0,0.09929344498331347,0.1821032983373728,0,merchant_plus_category_signals,random_forest
2023-07-28,0,0.10496357393966933,0.1821032983373728,0,merchant_plus_category_signals,random_forest
2023-07-29,0,0.18614545896282003,0.1821032983373728,0,merchant_plus_category_signals,random_forest
2023-07-30,0,0.09214910539641875,0.1821032983373728,0,merchant_plus_category_signals,random_forest
2023-07-31,0,0.055992548552095185,0.1821032983373728,0,merchant_plus_category_signals,random_forest
2023-08-01,0,0.1368536988789588,0.1821032983373728,0,merchant_plus_category_signals,random_forest
2023-08-02,0,0.08495381106688918,0.1821032983373728,0,merchant_plus_category_signals,random_forest
2023-08-03,0,0.05574079291276019,0.1821032983373728,0,merchant_plus_category_signals,random_forest
2023-08-04,0,0.15108144877096388,0.1821032983373728,0,merchant_plus_category_signals,random_forest
2023-08-05,0,0.08609498763932777,0.1821032983373728,0,merchant_plus_category_signals,random_forest
2023-08-06,0,0.04702376198941625,0.1821032983373728,0,merchant_plus_category_signals,random_forest
2023-08-07,0,0.05758911628560075,0.1821032983373728,0,merchant_plus_category_signals,random_forest
2023-08-08,0,0.04284947958041554,0.1821032983373728,0,merchant_plus_category_signals,random_forest
2023-08-09,0,0.03160895411059053,0.1821032983373728,0,merchant_plus_category_signals,random_forest
2023-08-10,0,0.07637908062924928,0.1821032983373728,0,merchant_plus_category_signals,random_forest
2023-08-11,0,0.0513363357206809,0.1821032983373728,0,merchant_plus_category_signals,random_forest
2023-08-12,0,0.0785462239941191,0.1821032983373728,0,merchant_plus_category_signals,random_forest
2023-08-13,0,0.04561809612921059,0.1821032983373728,0,merchant_plus_category_signals,random_forest
2023-08-14,0,0.014868319118060646,0.1821032983373728,0,merchant_plus_category_signals,random_forest
2023-08-15,0,0.04872893248983986,0.1821032983373728,0,merchant_plus_category_signals,random_forest
2023-08-16,0,0.026498554575366217,0.1821032983373728,0,merchant_plus_category_signals,random_forest
2023-08-17,0,0.02606016852814907,0.1821032983373728,0,merchant_plus_category_signals,random_forest
2023-08-18,1,0.03580087787641293,0.1821032983373728,0,merchant_plus_category_signals,random_forest
2023-08-19,0,0.0313060466784005,0.1821032983373728,0,merchant_plus_category_signals,random_forest
2023-08-20,0,0.10718388903018841,0.1821032983373728,0,merchant_plus_category_signals,random_forest
2023-08-21,0,0.27907179328414705,0.1821032983373728,0,merchant_plus_category_signals,random_forest
2023-08-22,0,0.19394860024638264,0.1821032983373728,0,merchant_plus_category_signals,random_forest
2023-08-23,0,0.1522757819025361,0.1821032983373728,0,merchant_plus_category_signals,random_forest
2023-08-24,0,0.15078251840885237,0.1821032983373728,0,merchant_plus_category_signals,random_forest
2023-08-25,0,0.05094427207894731,0.1821032983373728,0,merchant_plus_category_signals,random_forest
2023-08-26,0,0.06890264176312812,0.1821032983373728,0,merchant_plus_category_signals,random_forest
2023-08-27,0,0.24748421044005245,0.1821032983373728,0,merchant_plus_category_signals,random_forest
2023-08-28,0,0.22966570479907653,0.1821032983373728,0,merchant_plus_category_signals,random_forest
2023-08-29,0,0.11967159140780181,0.1821032983373728,0,merchant_plus_category_signals,random_forest
2023-08-30,0,0.21008076378600507,0.1821032983373728,0,merchant_plus_category_signals,random_forest
2023-08-31,0,0.15720592360339186,0.1821032983373728,0,merchant_plus_category_signals,random_forest
2023-09-01,0,0.27580381797294634,0.1821032983373728,0,merchant_plus_category_signals,random_forest
2023-09-02,0,0.17032068638608655,0.1821032983373728,0,merchant_plus_category_signals,random_forest
2023-09-03,0,0.454485879571817,0.1821032983373728,0,merchant_plus_category_signals,random_forest
2023-09-04,0,0.33028209505927253,0.1821032983373728,0,merchant_plus_category_signals,random_forest
2023-09-05,1,0.463034379081939,0.1821032983373728,0,merchant_plus_category_signals,random_forest
2023-09-06,1,0.2933552999333263,0.1821032983373728,0,merchant_plus_category_signals,random_forest
2023-09-07,1,0.40384727931506526,0.1821032983373728,0,merchant_plus_category_signals,random_forest
2023-09-08,1,0.40687340318143556,0.1821032983373728,0,merchant_plus_category_signals,random_forest
2023-09-09,0,0.2463824956018809,0.1821032983373728,0,merchant_plus_category_signals,random_forest
2023-09-10,0,0.04963863804714995,0.1821032983373728,0,merchant_plus_category_signals,random_forest
2023-09-11,0,0.06864228569807336,0.1821032983373728,0,merchant_plus_category_signals,random_forest
2023-09-12,0,0.06297284571033503,0.1821032983373728,0,merchant_plus_category_signals,random_forest
2023-09-13,0,0.05648536448072377,0.1821032983373728,0,merchant_plus_category_signals,random_forest
2023-09-14,0,0.055635931659147056,0.1821032983373728,0,merchant_plus_category_signals,random_forest
2023-09-15,0,0.0507746272612749,0.1821032983373728,0,merchant_plus_category_signals,random_forest
2023-09-16,0,0.06199175375182137,0.1821032983373728,0,merchant_plus_category_signals,random_forest
2023-09-17,0,0.04893840728631717,0.1821032983373728,0,merchant_plus_category_signals,random_forest
2023-09-18,0,0.035690810764059604,0.1821032983373728,0,merchant_plus_category_signals,random_forest
2023-09-19,0,0.055290790491379194,0.1821032983373728,0,merchant_plus_category_signals,random_forest
2023-09-20,0,0.0848593466437989,0.1821032983373728,0,merchant_plus_category_signals,random_forest
2023-09-21,0,0.07741662088340061,0.1821032983373728,0,merchant_plus_category_signals,random_forest
2023-09-22,0,0.035279083646897226,0.1821032983373728,0,merchant_plus_category_signals,random_forest
2023-09-23,0,0.10288725463192637,0.1821032983373728,0,merchant_plus_category_signals,random_forest
2023-09-24,0,0.10902240730641888,0.1821032983373728,0,merchant_plus_category_signals,random_forest
2023-09-25,0,0.1375996209029254,0.1821032983373728,0,merchant_plus_category_signals,random_forest
2023-09-26,0,0.20470263775156816,0.1821032983373728,0,merchant_plus_category_signals,random_forest
2023-09-27,0,0.07993540168331688,0.1821032983373728,0,merchant_plus_category_signals,random_forest
2023-09-28,0,0.07135137667915939,0.1821032983373728,0,merchant_plus_category_signals,random_forest
2023-09-29,0,0.15626754194034814,0.1821032983373728,0,merchant_plus_category_signals,random_forest
2023-09-30,0,0.10303351213563677,0.1821032983373728,0,merchant_plus_category_signals,random_forest
2023-10-08,0,0.10050433474409425,0.23664042259850884,1,merchant_plus_category_signals,random_forest
2023-10-09,0,0.0445967378090742,0.23664042259850884,1,merchant_plus_category_signals,random_forest
2023-10-10,0,0.06628688689042471,0.23664042259850884,1,merchant_plus_category_signals,random_forest
2023-10-11,0,0.10096242966960052,0.23664042259850884,1,merchant_plus_category_signals,random_forest
2023-10-12,0,0.17122957099434455,0.23664042259850884,1,merchant_plus_category_signals,random_forest
2023-10-13,1,0.06480933328373976,0.23664042259850884,1,merchant_plus_category_signals,random_forest
2023-10-14,1,0.06582885220143793,0.23664042259850884,1,merchant_plus_category_signals,random_forest
2023-10-15,0,0.08238104615491644,0.23664042259850884,1,merchant_plus_category_signals,random_forest
2023-10-16,1,0.1119702206789649,0.23664042259850884,1,merchant_plus_category_signals,random_forest
2023-10-17,1,0.10260443049490617,0.23664042259850884,1,merchant_plus_category_signals,random_forest
2023-10-18,0,0.05315378345756255,0.23664042259850884,1,merchant_plus_category_signals,random_forest
2023-10-19,0,0.05325450648763734,0.23664042259850884,1,merchant_plus_category_signals,random_forest
2023-10-20,0,0.0754522645062085,0.23664042259850884,1,merchant_plus_category_signals,random_forest
2023-10-21,0,0.0827881597893472,0.23664042259850884,1,merchant_plus_category_signals,random_forest
2023-10-22,0,0.03988337140025972,0.23664042259850884,1,merchant_plus_category_signals,random_forest
2023-10-23,0,0.11417685681312491,0.23664042259850884,1,merchant_plus_category_signals,random_forest
2023-10-24,0,0.15498456951896675,0.23664042259850884,1,merchant_plus_category_signals,random_forest
2023-10-25,0,0.019722750970628512,0.23664042259850884,1,merchant_plus_category_signals,random_forest
2023-10-26,0,0.10354963832713734,0.23664042259850884,1,merchant_plus_category_signals,random_forest
2023-10-27,0,0.05725564808035418,0.23664042259850884,1,merchant_plus_category_signals,random_forest
2023-10-28,0,0.10560549977165316,0.23664042259850884,1,merchant_plus_category_signals,random_forest
2023-10-29,0,0.05262789361139317,0.23664042259850884,1,merchant_plus_category_signals,random_forest
2023-10-30,0,0.07104880494994348,0.23664042259850884,1,merchant_plus_category_signals,random_forest
2023-10-31,0,0.05781213543018745,0.23664042259850884,1,merchant_plus_category_signals,random_forest
2023-11-01,0,0.08332881672347772,0.23664042259850884,1,merchant_plus_category_signals,random_forest
2023-11-02,0,0.0659649391291018,0.23664042259850884,1,merchant_plus_category_signals,random_forest
2023-11-03,0,0.04001743131545112,0.23664042259850884,1,merchant_plus_category_signals,random_forest
2023-11-04,0,0.12924122865628526,0.23664042259850884,1,merchant_plus_category_signals,random_forest
2023-11-05,0,0.18725587348935266,0.23664042259850884,1,merchant_plus_category_signals,random_forest
2023-11-06,0,0.20412794901344497,0.23664042259850884,1,merchant_plus_category_signals,random_forest
2023-11-07,0,0.3268449785930629,0.23664042259850884,1,merchant_plus_category_signals,random_forest
2023-11-08,0,0.3360647853116168,0.23664042259850884,1,merchant_plus_category_signals,random_forest
2023-11-09,1,0.27471479778076274,0.23664042259850884,1,merchant_plus_category_signals,random_forest
2023-11-10,1,0.18501243154919086,0.23664042259850884,1,merchant_plus_category_signals,random_forest
2023-11-11,0,0.21920588023258947,0.23664042259850884,1,merchant_plus_category_signals,random_forest
2023-11-12,0,0.14100605671214675,0.23664042259850884,1,merchant_plus_category_signals,random_forest
2023-11-13,1,0.13721031917465534,0.23664042259850884,1,merchant_plus_category_signals,random_forest
2023-11-14,1,0.2957312296925399,0.23664042259850884,1,merchant_plus_category_signals,random_forest
2023-11-15,0,0.13400310228190826,0.23664042259850884,1,merchant_plus_category_signals,random_forest
2023-11-16,0,0.10825234871088796,0.23664042259850884,1,merchant_plus_category_signals,random_forest
2023-11-17,0,0.06081838612472286,0.23664042259850884,1,merchant_plus_category_signals,random_forest
2023-11-18,0,0.08978229123453542,0.23664042259850884,1,merchant_plus_category_signals,random_forest
2023-11-19,0,0.06777861873980583,0.23664042259850884,1,merchant_plus_category_signals,random_forest
2023-11-20,0,0.11777759335730333,0.23664042259850884,1,merchant_plus_category_signals,random_forest
2023-11-21,0,0.035911779004497095,0.23664042259850884,1,merchant_plus_category_signals,random_forest
2023-11-22,0,0.04363761271852447,0.23664042259850884,1,merchant_plus_category_signals,random_forest
2023-11-23,0,0.07019850268093411,0.23664042259850884,1,merchant_plus_category_signals,random_forest
2023-11-24,0,0.1185033287424086,0.23664042259850884,1,merchant_plus_category_signals,random_forest
2023-11-25,0,0.08679414888034935,0.23664042259850884,1,merchant_plus_category_signals,random_forest
2023-11-26,0,0.2378352651118372,0.23664042259850884,1,merchant_plus_category_signals,random_forest
2023-11-27,0,0.08326057935005465,0.23664042259850884,1,merchant_plus_category_signals,random_forest
2023-11-28,0,0.09268063921450102,0.23664042259850884,1,merchant_plus_category_signals,random_forest
2023-11-29,0,0.12050697091568856,0.23664042259850884,1,merchant_plus_category_signals,random_forest
2023-11-30,0,0.11893017049510574,0.23664042259850884,1,merchant_plus_category_signals,random_forest
2023-12-01,0,0.08918771765119969,0.23664042259850884,1,merchant_plus_category_signals,random_forest
2023-12-02,0,0.20651403057031262,0.23664042259850884,1,merchant_plus_category_signals,random_forest
2023-12-03,0,0.24439841832602027,0.23664042259850884,1,merchant_plus_category_signals,random_forest
2023-12-04,0,0.3808119644360702,0.23664042259850884,1,merchant_plus_category_signals,random_forest
2023-12-05,0,0.37713316820341675,0.23664042259850884,1,merchant_plus_category_signals,random_forest
2023-12-06,0,0.26177667775531477,0.23664042259850884,1,merchant_plus_category_signals,random_forest
2023-12-07,1,0.3111336698972315,0.23664042259850884,1,merchant_plus_category_signals,random_forest
2023-12-08,0,0.2707694107429814,0.23664042259850884,1,merchant_plus_category_signals,random_forest
2023-12-09,0,0.27895265378766915,0.23664042259850884,1,merchant_plus_category_signals,random_forest
2023-12-10,1,0.1921781558574649,0.23664042259850884,1,merchant_plus_category_signals,random_forest
2023-12-11,1,0.23335274902751305,0.23664042259850884,1,merchant_plus_category_signals,random_forest
2023-12-12,1,0.3087894981964706,0.23664042259850884,1,merchant_plus_category_signals,random_forest
2023-12-13,1,0.2822361163536211,0.23664042259850884,1,merchant_plus_category_signals,random_forest
2023-12-14,1,0.283008888909141,0.23664042259850884,1,merchant_plus_category_signals,random_forest
2023-12-15,1,0.12372286186133154,0.23664042259850884,1,merchant_plus_category_signals,random_forest
2023-12-16,0,0.24114704956819066,0.23664042259850884,1,merchant_plus_category_signals,random_forest
2023-12-17,0,0.09901785124195714,0.23664042259850884,1,merchant_plus_category_signals,random_forest
2023-12-18,0,0.13793446649356683,0.23664042259850884,1,merchant_plus_category_signals,random_forest
2023-12-19,0,0.10403502641176558,0.23664042259850884,1,merchant_plus_category_signals,random_forest
2023-12-20,0,0.28838857163168297,0.23664042259850884,1,merchant_plus_category_signals,random_forest
2023-12-21,0,0.034909223680637834,0.23664042259850884,1,merchant_plus_category_signals,random_forest
2023-12-22,0,0.08334232153419435,0.23664042259850884,1,merchant_plus_category_signals,random_forest
2023-12-23,0,0.026273045929301762,0.23664042259850884,1,merchant_plus_category_signals,random_forest
2023-12-24,0,0.04630642774349982,0.23664042259850884,1,merchant_plus_category_signals,random_forest
2023-12-25,0,0.09174027503613483,0.23664042259850884,1,merchant_plus_category_signals,random_forest
2023-12-26,0,0.128782214303056,0.23664042259850884,1,merchant_plus_category_signals,random_forest
2023-12-27,0,0.04164400005643056,0.23664042259850884,1,merchant_plus_category_signals,random_forest
2023-12-28,0,0.07851899592146513,0.23664042259850884,1,merchant_plus_category_signals,random_forest
2023-12-29,0,0.044812051469129664,0.23664042259850884,1,merchant_plus_category_signals,random_forest
2023-12-30,0,0.03415279099376484,0.23664042259850884,1,merchant_plus_category_signals,random_forest
2023-12-31,0,0.30874046292655577,0.23664042259850884,1,merchant_plus_category_signals,random_forest
2024-01-08,0,0.2271347954004446,0.14,2,merchant_plus_category_signals,random_forest
2024-01-09,0,0.4874947845135701,0.14,2,merchant_plus_category_signals,random_forest
2024-01-10,0,0.26675690623009646,0.14,2,merchant_plus_category_signals,random_forest
2024-01-11,1,0.24634935742614433,0.14,2,merchant_plus_category_signals,random_forest
2024-01-12,1,0.5509380344455391,0.14,2,merchant_plus_category_signals,random_forest
2024-01-13,1,0.15989121433894055,0.14,2,merchant_plus_category_signals,random_forest
2024-01-14,1,0.13422246501269194,0.14,2,merchant_plus_category_signals,random_forest
2024-01-15,1,0.23304291080664846,0.14,2,merchant_plus_category_signals,random_forest
2024-01-16,0,0.2156098249229841,0.14,2,merchant_plus_category_signals,random_forest
2024-01-17,1,0.15870379277015256,0.14,2,merchant_plus_category_signals,random_forest
2024-01-18,1,0.17375625352502386,0.14,2,merchant_plus_category_signals,random_forest
2024-01-19,1,0.11492086456921875,0.14,2,merchant_plus_category_signals,random_forest
2024-01-20,0,0.08861899131808797,0.14,2,merchant_plus_category_signals,random_forest
2024-01-21,0,0.031951463619291125,0.14,2,merchant_plus_category_signals,random_forest
2024-01-22,0,0.03193637345021458,0.14,2,merchant_plus_category_signals,random_forest
2024-01-23,0,0.03515261960392862,0.14,2,merchant_plus_category_signals,random_forest
2024-01-24,0,0.021569344286799127,0.14,2,merchant_plus_category_signals,random_forest
2024-01-25,0,0.19484118318702612,0.14,2,merchant_plus_category_signals,random_forest
2024-01-26,0,0.031102675037947943,0.14,2,merchant_plus_category_signals,random_forest
2024-01-27,0,0.07360967187985504,0.14,2,merchant_plus_category_signals,random_forest
2024-01-28,0,0.026664839268255927,0.14,2,merchant_plus_category_signals,random_forest
2024-01-29,0,0.030477212585672767,0.14,2,merchant_plus_category_signals,random_forest
2024-01-30,1,0.0792642347444198,0.14,2,merchant_plus_category_signals,random_forest
2024-01-31,0,0.12306868592173198,0.14,2,merchant_plus_category_signals,random_forest
2024-02-01,0,0.04012353925968032,0.14,2,merchant_plus_category_signals,random_forest
2024-02-02,0,0.017587554155722364,0.14,2,merchant_plus_category_signals,random_forest
2024-02-03,0,0.015480220759022032,0.14,2,merchant_plus_category_signals,random_forest
2024-02-04,0,0.2601757022612264,0.14,2,merchant_plus_category_signals,random_forest
2024-02-05,0,0.40169642113970233,0.14,2,merchant_plus_category_signals,random_forest
2024-02-06,0,0.33074330585753536,0.14,2,merchant_plus_category_signals,random_forest
2024-02-07,0,0.3544400638517953,0.14,2,merchant_plus_category_signals,random_forest
2024-02-08,0,0.6781273409818607,0.14,2,merchant_plus_category_signals,random_forest
2024-02-09,0,0.6111021977811478,0.14,2,merchant_plus_category_signals,random_forest
2024-02-10,0,0.3798055336534592,0.14,2,merchant_plus_category_signals,random_forest
2024-02-11,0,0.39209329345791893,0.14,2,merchant_plus_category_signals,random_forest
2024-02-12,0,0.27437397816692766,0.14,2,merchant_plus_category_signals,random_forest
2024-02-13,0,0.20538982271977757,0.14,2,merchant_plus_category_signals,random_forest
2024-02-14,0,0.35523911886239223,0.14,2,merchant_plus_category_signals,random_forest
2024-02-15,0,0.37122357662465544,0.14,2,merchant_plus_category_signals,random_forest
2024-02-16,0,0.4283378212664082,0.14,2,merchant_plus_category_signals,random_forest
2024-02-17,0,0.364332173661439,0.14,2,merchant_plus_category_signals,random_forest
2024-02-18,0,0.21387517854574484,0.14,2,merchant_plus_category_signals,random_forest
2024-02-19,0,0.19146031498881283,0.14,2,merchant_plus_category_signals,random_forest
2024-02-20,0,0.23236350862440547,0.14,2,merchant_plus_category_signals,random_forest
2024-02-21,0,0.30258899941014245,0.14,2,merchant_plus_category_signals,random_forest
2024-02-22,0,0.28220447220808637,0.14,2,merchant_plus_category_signals,random_forest
2024-02-23,0,0.2184749789326921,0.14,2,merchant_plus_category_signals,random_forest
2024-02-24,0,0.20143284562437655,0.14,2,merchant_plus_category_signals,random_forest
2024-02-25,0,0.01972937834330421,0.14,2,merchant_plus_category_signals,random_forest
2024-02-26,0,0.023376928117083348,0.14,2,merchant_plus_category_signals,random_forest
2024-02-27,0,0.06789254958312103,0.14,2,merchant_plus_category_signals,random_forest
2024-02-28,0,0.01853156326111708,0.14,2,merchant_plus_category_signals,random_forest
2024-02-29,0,0.0667178678247192,0.14,2,merchant_plus_category_signals,random_forest
2024-03-01,0,0.032034791749374056,0.14,2,merchant_plus_category_signals,random_forest
2024-03-02,0,0.09670095430736864,0.14,2,merchant_plus_category_signals,random_forest
2024-03-03,0,0.3188959023773323,0.14,2,merchant_plus_category_signals,random_forest
2024-03-04,0,0.34148292101061867,0.14,2,merchant_plus_category_signals,random_forest
2024-03-05,0,0.44367039616744114,0.14,2,merchant_plus_category_signals,random_forest
2024-03-06,0,0.2796532036469871,0.14,2,merchant_plus_category_signals,random_forest
2024-03-07,0,0.3425317074151663,0.14,2,merchant_plus_category_signals,random_forest
2024-03-08,0,0.26168860841256564,0.14,2,merchant_plus_category_signals,random_forest
2024-03-09,1,0.19345047126524995,0.14,2,merchant_plus_category_signals,random_forest
2024-03-10,1,0.4348005654233818,0.14,2,merchant_plus_category_signals,random_forest
2024-03-11,1,0.6773043662258293,0.14,2,merchant_plus_category_signals,random_forest
2024-03-12,1,0.7167896582810351,0.14,2,merchant_plus_category_signals,random_forest
2024-03-13,1,0.48431526278523307,0.14,2,merchant_plus_category_signals,random_forest
2024-03-14,1,0.3939897415653134,0.14,2,merchant_plus_category_signals,random_forest
2024-03-15,1,0.3421714818970726,0.14,2,merchant_plus_category_signals,random_forest
2024-03-16,1,0.3403616372745212,0.14,2,merchant_plus_category_signals,random_forest
2024-03-17,0,0.06796950110493839,0.14,2,merchant_plus_category_signals,random_forest
2024-03-18,0,0.10690849131148321,0.14,2,merchant_plus_category_signals,random_forest
2024-03-19,0,0.032308715542152276,0.14,2,merchant_plus_category_signals,random_forest
2024-03-20,0,0.09270206924754913,0.14,2,merchant_plus_category_signals,random_forest
2024-03-21,0,0.047580551573340776,0.14,2,merchant_plus_category_signals,random_forest
2024-03-22,0,0.03801308247306952,0.14,2,merchant_plus_category_signals,random_forest
2024-03-23,0,0.04344985812125169,0.14,2,merchant_plus_category_signals,random_forest
2024-03-24,0,0.03493287080383053,0.14,2,merchant_plus_category_signals,random_forest
2024-03-25,0,0.0978099922577941,0.14,2,merchant_plus_category_signals,random_forest
2024-03-26,0,0.04595507165500183,0.14,2,merchant_plus_category_signals,random_forest
2024-03-27,0,0.020229228564669677,0.14,2,merchant_plus_category_signals,random_forest
2024-03-28,0,0.04921821761940687,0.14,2,merchant_plus_category_signals,random_forest
2024-03-29,0,0.019290696949812017,0.14,2,merchant_plus_category_signals,random_forest
2024-03-30,0,0.06632758857986322,0.14,2,merchant_plus_category_signals,random_forest
2024-03-31,0,0.07054276483849996,0.14,2,merchant_plus_category_signals,random_forest
2024-04-08,0,0.446007856285794,0.295,3,merchant_plus_category_signals,random_forest
2024-04-09,0,0.3408098098003754,0.295,3,merchant_plus_category_signals,random_forest
2024-04-10,1,0.4437746351799545,0.295,3,merchant_plus_category_signals,random_forest
2024-04-11,1,0.47570888078353263,0.295,3,merchant_plus_category_signals,random_forest
2024-04-12,0,0.4569671563960759,0.295,3,merchant_plus_category_signals,random_forest
2024-04-13,1,0.2901758953904051,0.295,3,merchant_plus_category_signals,random_forest
2024-04-14,1,0.13391303091696663,0.295,3,merchant_plus_category_signals,random_forest
2024-04-15,1,0.17699547191839954,0.295,3,merchant_plus_category_signals,random_forest
2024-04-16,1,0.10487973488456084,0.295,3,merchant_plus_category_signals,random_forest
2024-04-17,1,0.18092224073858032,0.295,3,merchant_plus_category_signals,random_forest
2024-04-18,1,0.2626950137191532,0.295,3,merchant_plus_category_signals,random_forest
2024-04-19,1,0.12122661098373218,0.295,3,merchant_plus_category_signals,random_forest
2024-04-20,1,0.179696566641609,0.295,3,merchant_plus_category_signals,random_forest
2024-04-21,0,0.03560532199313366,0.295,3,merchant_plus_category_signals,random_forest
2024-04-22,0,0.015000328016223302,0.295,3,merchant_plus_category_signals,random_forest
2024-04-23,0,0.0655098763762317,0.295,3,merchant_plus_category_signals,random_forest
2024-04-24,0,0.025357685642820087,0.295,3,merchant_plus_category_signals,random_forest
2024-04-25,0,0.03761647187475111,0.295,3,merchant_plus_category_signals,random_forest
2024-04-26,0,0.02811145290109186,0.295,3,merchant_plus_category_signals,random_forest
2024-04-27,0,0.09003052016927114,0.295,3,merchant_plus_category_signals,random_forest
2024-04-28,0,0.02296773948272533,0.295,3,merchant_plus_category_signals,random_forest
2024-04-29,0,0.05369980386442844,0.295,3,merchant_plus_category_signals,random_forest
2024-04-30,0,0.08176307065423417,0.295,3,merchant_plus_category_signals,random_forest
2024-05-01,0,0.005186123759119851,0.295,3,merchant_plus_category_signals,random_forest
2024-05-02,0,0.022793573352716597,0.295,3,merchant_plus_category_signals,random_forest
2024-05-03,0,0.07341057593994077,0.295,3,merchant_plus_category_signals,random_forest
2024-05-04,0,0.08679481945851253,0.295,3,merchant_plus_category_signals,random_forest
2024-05-05,0,0.3329607132910516,0.295,3,merchant_plus_category_signals,random_forest
2024-05-06,0,0.2622241706014221,0.295,3,merchant_plus_category_signals,random_forest
2024-05-07,0,0.3569804485837107,0.295,3,merchant_plus_category_signals,random_forest
2024-05-08,0,0.3161869274572538,0.295,3,merchant_plus_category_signals,random_forest
2024-05-09,0,0.32491375090501484,0.295,3,merchant_plus_category_signals,random_forest
2024-05-10,0,0.26803926128341776,0.295,3,merchant_plus_category_signals,random_forest
2024-05-11,0,0.31564884281287997,0.295,3,merchant_plus_category_signals,random_forest
2024-05-12,0,0.3716193141063445,0.295,3,merchant_plus_category_signals,random_forest
2024-05-13,0,0.36406982633241514,0.295,3,merchant_plus_category_signals,random_forest
2024-05-14,0,0.31588772206387566,0.295,3,merchant_plus_category_signals,random_forest
2024-05-15,0,0.35786955633581446,0.295,3,merchant_plus_category_signals,random_forest
2024-05-16,0,0.36321661785434306,0.295,3,merchant_plus_category_signals,random_forest
2024-05-17,1,0.3635171878080985,0.295,3,merchant_plus_category_signals,random_forest
2024-05-18,0,0.29114762392085525,0.295,3,merchant_plus_category_signals,random_forest
2024-05-19,0,0.20411057616726985,0.295,3,merchant_plus_category_signals,random_forest
2024-05-20,0,0.21033623842680116,0.295,3,merchant_plus_category_signals,random_forest
2024-05-21,0,0.16377495993446772,0.295,3,merchant_plus_category_signals,random_forest
2024-05-22,0,0.2938704899076083,0.295,3,merchant_plus_category_signals,random_forest
2024-05-23,0,0.268755789368857,0.295,3,merchant_plus_category_signals,random_forest
2024-05-24,0,0.1589495832069703,0.295,3,merchant_plus_category_signals,random_forest
2024-05-25,0,0.1300159112080771,0.295,3,merchant_plus_category_signals,random_forest
2024-05-26,0,0.03701256745571881,0.295,3,merchant_plus_category_signals,random_forest
2024-05-27,0,0.04976533739247427,0.295,3,merchant_plus_category_signals,random_forest
2024-05-28,0,0.07837130019845064,0.295,3,merchant_plus_category_signals,random_forest
2024-05-29,0,0.05137962718601093,0.295,3,merchant_plus_category_signals,random_forest
2024-05-30,0,0.029750438772618175,0.295,3,merchant_plus_category_signals,random_forest
2024-05-31,0,0.021598449556470795,0.295,3,merchant_plus_category_signals,random_forest
2024-06-01,0,0.23111136215004013,0.295,3,merchant_plus_category_signals,random_forest
2024-06-02,0,0.27452546479811896,0.295,3,merchant_plus_category_signals,random_forest
2024-06-03,0,0.28010808060293163,0.295,3,merchant_plus_category_signals,random_forest
2024-06-04,0,0.24020202428213874,0.295,3,merchant_plus_category_signals,random_forest
2024-06-05,0,0.2125494955595024,0.295,3,merchant_plus_category_signals,random_forest
2024-06-06,0,0.27476337740721074,0.295,3,merchant_plus_category_signals,random_forest
2024-06-07,0,0.23885331707558025,0.295,3,merchant_plus_category_signals,random_forest
2024-06-08,0,0.2569906924002862,0.295,3,merchant_plus_category_signals,random_forest
2024-06-09,0,0.18359857409459868,0.295,3,merchant_plus_category_signals,random_forest
2024-06-10,0,0.10764527968723966,0.295,3,merchant_plus_category_signals,random_forest
2024-06-11,0,0.12275400431710114,0.295,3,merchant_plus_category_signals,random_forest
2024-06-12,0,0.1301481827570603,0.295,3,merchant_plus_category_signals,random_forest
2024-06-13,0,0.14011364756172187,0.295,3,merchant_plus_category_signals,random_forest
2024-06-14,1,0.22484875066202328,0.295,3,merchant_plus_category_signals,random_forest
2024-06-15,1,0.20428823851477015,0.295,3,merchant_plus_category_signals,random_forest
2024-06-16,1,0.44013742458842003,0.295,3,merchant_plus_category_signals,random_forest
2024-06-17,1,0.480068566533142,0.295,3,merchant_plus_category_signals,random_forest
2024-06-18,1,0.5109095937499027,0.295,3,merchant_plus_category_signals,random_forest
2024-06-19,1,0.3597763867710269,0.295,3,merchant_plus_category_signals,random_forest
2024-06-20,1,0.3462350099420084,0.295,3,merchant_plus_category_signals,random_forest
2024-06-21,1,0.34465987123169894,0.295,3,merchant_plus_category_signals,random_forest
2024-06-22,0,0.3336089091046079,0.295,3,merchant_plus_category_signals,random_forest
2024-06-23,0,0.023000486046984764,0.295,3,merchant_plus_category_signals,random_forest
2024-06-24,0,0.11211039848209838,0.295,3,merchant_plus_category_signals,random_forest
2024-06-25,0,0.04249237743474117,0.295,3,merchant_plus_category_signals,random_forest
2024-06-26,0,0.10516293267277442,0.295,3,merchant_plus_category_signals,random_forest
2024-06-27,0,0.09962117557286254,0.295,3,merchant_plus_category_signals,random_forest
2024-06-28,0,0.13456874018521964,0.295,3,merchant_plus_category_signals,random_forest
2024-06-29,0,0.05959261348761896,0.295,3,merchant_plus_category_signals,random_forest
2024-06-30,0,0.013868134965485383,0.295,3,merchant_plus_category_signals,random_forest
2024-07-08,0,0.16789466269698497,0.28211955165600006,4,merchant_plus_category_signals,random_forest
2024-07-09,0,0.21127416523117176,0.28211955165600006,4,merchant_plus_category_signals,random_forest
2024-07-10,0,0.24387190539077513,0.28211955165600006,4,merchant_plus_category_signals,random_forest
2024-07-11,0,0.1503650155422883,0.28211955165600006,4,merchant_plus_category_signals,random_forest
2024-07-12,0,0.1889347634051675,0.28211955165600006,4,merchant_plus_category_signals,random_forest
2024-07-13,0,0.17169716161421456,0.28211955165600006,4,merchant_plus_category_signals,random_forest
2024-07-14,1,0.3271324548179174,0.28211955165600006,4,merchant_plus_category_signals,random_forest
2024-07-15,1,0.5058556898653688,0.28211955165600006,4,merchant_plus_category_signals,random_forest
2024-07-16,0,0.40412380341282395,0.28211955165600006,4,merchant_plus_category_signals,random_forest
2024-07-17,1,0.3944461380074264,0.28211955165600006,4,merchant_plus_category_signals,random_forest
2024-07-18,1,0.3587159801299972,0.28211955165600006,4,merchant_plus_category_signals,random_forest
2024-07-19,0,0.41908166121320006,0.28211955165600006,4,merchant_plus_category_signals,random_forest
2024-07-20,0,0.4222516749985805,0.28211955165600006,4,merchant_plus_category_signals,random_forest
2024-07-21,0,0.08915616262979367,0.28211955165600006,4,merchant_plus_category_signals,random_forest
2024-07-22,0,0.03011275513680693,0.28211955165600006,4,merchant_plus_category_signals,random_forest
2024-07-23,0,0.012758268393567312,0.28211955165600006,4,merchant_plus_category_signals,random_forest
2024-07-24,0,0.022059629608805652,0.28211955165600006,4,merchant_plus_category_signals,random_forest
2024-07-25,0,0.014376783872067254,0.28211955165600006,4,merchant_plus_category_signals,random_forest
2024-07-26,0,0.02325692745180856,0.28211955165600006,4,merchant_plus_category_signals,random_forest
2024-07-27,0,0.021708061998141244,0.28211955165600006,4,merchant_plus_category_signals,random_forest
2024-07-28,0,0.008683094243706268,0.28211955165600006,4,merchant_plus_category_signals,random_forest
2024-07-29,0,0.13768128571745947,0.28211955165600006,4,merchant_plus_category_signals,random_forest
2024-07-30,0,0.041393038666311464,0.28211955165600006,4,merchant_plus_category_signals,random_forest
2024-07-31,0,0.06717841860788999,0.28211955165600006,4,merchant_plus_category_signals,random_forest
2024-08-01,0,0.05794748875709925,0.28211955165600006,4,merchant_plus_category_signals,random_forest
2024-08-02,0,0.03868861896115902,0.28211955165600006,4,merchant_plus_category_signals,random_forest
2024-08-03,0,0.049174463270010564,0.28211955165600006,4,merchant_plus_category_signals,random_forest
2024-08-04,0,0.3573217897202102,0.28211955165600006,4,merchant_plus_category_signals,random_forest
2024-08-05,0,0.27167618606520877,0.28211955165600006,4,merchant_plus_category_signals,random_forest
2024-08-06,0,0.35843822003158754,0.28211955165600006,4,merchant_plus_category_signals,random_forest
2024-08-07,0,0.35314032802988254,0.28211955165600006,4,merchant_plus_category_signals,random_forest
2024-08-08,0,0.40204634105245196,0.28211955165600006,4,merchant_plus_category_signals,random_forest
2024-08-09,0,0.2912986941789876,0.28211955165600006,4,merchant_plus_category_signals,random_forest
2024-08-10,0,0.4007957758850777,0.28211955165600006,4,merchant_plus_category_signals,random_forest
2024-08-11,0,0.17001011095028276,0.28211955165600006,4,merchant_plus_category_signals,random_forest
2024-08-12,0,0.16991885242567478,0.28211955165600006,4,merchant_plus_category_signals,random_forest
2024-08-13,0,0.14590335378364763,0.28211955165600006,4,merchant_plus_category_signals,random_forest
2024-08-14,1,0.17335587506243322,0.28211955165600006,4,merchant_plus_category_signals,random_forest
2024-08-15,0,0.22703806491934145,0.28211955165600006,4,merchant_plus_category_signals,random_forest
2024-08-16,0,0.09029623914144425,0.28211955165600006,4,merchant_plus_category_signals,random_forest
2024-08-17,0,0.11038709885515328,0.28211955165600006,4,merchant_plus_category_signals,random_forest
2024-08-18,0,0.6374662577178511,0.28211955165600006,4,merchant_plus_category_signals,random_forest
2024-08-19,0,0.715090943620505,0.28211955165600006,4,merchant_plus_category_signals,random_forest
2023-07-08,0,0.40965085634551984,0.135,0,merchant_plus_category_signals,hist_gb
2023-07-09,0,0.009773725831556,0.135,0,merchant_plus_category_signals,hist_gb
2023-07-10,0,0.0432906788463772,0.135,0,merchant_plus_category_signals,hist_gb
2023-07-11,0,0.06382140029115703,0.135,0,merchant_plus_category_signals,hist_gb
2023-07-12,0,0.04119571363099847,0.135,0,merchant_plus_category_signals,hist_gb
2023-07-13,1,0.12809959731018894,0.135,0,merchant_plus_category_signals,hist_gb
2023-07-14,1,0.06429591657539492,0.135,0,merchant_plus_category_signals,hist_gb
2023-07-15,0,0.05172761681107387,0.135,0,merchant_plus_category_signals,hist_gb
2023-07-16,0,0.039040658756169265,0.135,0,merchant_plus_category_signals,hist_gb
2023-07-17,0,0.07014224360654309,0.135,0,merchant_plus_category_signals,hist_gb
2023-07-18,0,0.037626384180867035,0.135,0,merchant_plus_category_signals,hist_gb
2023-07-19,0,0.007981704659081936,0.135,0,merchant_plus_category_signals,hist_gb
2023-07-20,0,0.05483664786708799,0.135,0,merchant_plus_category_signals,hist_gb
2023-07-21,0,0.04981023496707975,0.135,0,merchant_plus_category_signals,hist_gb
2023-07-22,0,0.04590802578060297,0.135,0,merchant_plus_category_signals,hist_gb
2023-07-23,0,0.10392546991020163,0.135,0,merchant_plus_category_signals,hist_gb
2023-07-24,0,0.018221627127702776,0.135,0,merchant_plus_category_signals,hist_gb
2023-07-25,0,0.21011027804910504,0.135,0,merchant_plus_category_signals,hist_gb
2023-07-26,0,0.08968712442259823,0.135,0,merchant_plus_category_signals,hist_gb
2023-07-27,0,0.20278180497379988,0.135,0,merchant_plus_category_signals,hist_gb
2023-07-28,0,0.120180561205684,0.135,0,merchant_plus_category_signals,hist_gb
2023-07-29,0,0.4930936972458784,0.135,0,merchant_plus_category_signals,hist_gb
2023-07-30,0,0.04000767264384676,0.135,0,merchant_plus_category_signals,hist_gb
2023-07-31,0,0.035728648787227126,0.135,0,merchant_plus_category_signals,hist_gb
2023-08-01,0,0.07104716389717236,0.135,0,merchant_plus_category_signals,hist_gb
2023-08-02,0,0.04320327853611866,0.135,0,merchant_plus_category_signals,hist_gb
2023-08-03,0,0.057157445110422846,0.135,0,merchant_plus_category_signals,hist_gb
2023-08-04,0,0.43310767335096995,0.135,0,merchant_plus_category_signals,hist_gb
2023-08-05,0,0.32961303870821435,0.135,0,merchant_plus_category_signals,hist_gb
2023-08-06,0,0.03144419305247606,0.135,0,merchant_plus_category_signals,hist_gb
2023-08-07,0,0.04290139078150917,0.135,0,merchant_plus_category_signals,hist_gb
2023-08-08,0,0.029870650392601714,0.135,0,merchant_plus_category_signals,hist_gb
2023-08-09,0,0.01843908922754901,0.135,0,merchant_plus_category_signals,hist_gb
2023-08-10,0,0.09833101040132226,0.135,0,merchant_plus_category_signals,hist_gb
2023-08-11,0,0.02985765916105297,0.135,0,merchant_plus_category_signals,hist_gb
2023-08-12,0,0.024023351205078623,0.135,0,merchant_plus_category_signals,hist_gb
2023-08-13,0,0.02752040750045266,0.135,0,merchant_plus_category_signals,hist_gb
2023-08-14,0,0.01974180376451031,0.135,0,merchant_plus_category_signals,hist_gb
2023-08-15,0,0.03514006183859467,0.135,0,merchant_plus_category_signals,hist_gb
2023-08-16,0,0.012497728717765005,0.135,0,merchant_plus_category_signals,hist_gb
2023-08-17,0,0.03070640604953138,0.135,0,merchant_plus_category_signals,hist_gb
2023-08-18,1,0.034768837297583066,0.135,0,merchant_plus_category_signals,hist_gb
2023-08-19,0,0.010136497564152715,0.135,0,merchant_plus_category_signals,hist_gb
2023-08-20,0,0.15588427317475378,0.135,0,merchant_plus_category_signals,hist_gb
2023-08-21,0,0.21517316390578053,0.135,0,merchant_plus_category_signals,hist_gb
2023-08-22,0,0.20682876221606836,0.135,0,merchant_plus_category_signals,hist_gb
2023-08-23,0,0.1838761981996876,0.135,0,merchant_plus_category_signals,hist_gb
2023-08-24,0,0.09886637639737676,0.135,0,merchant_plus_category_signals,hist_gb
2023-08-25,0,0.030215609706455707,0.135,0,merchant_plus_category_signals,hist_gb
2023-08-26,0,0.03732376998954635,0.135,0,merchant_plus_category_signals,hist_gb
2023-08-27,0,0.26101249883512134,0.135,0,merchant_plus_category_signals,hist_gb
2023-08-28,0,0.21099514684472162,0.135,0,merchant_plus_category_signals,hist_gb
2023-08-29,0,0.22539624291924842,0.135,0,merchant_plus_category_signals,hist_gb
2023-08-30,0,0.19416565310381173,0.135,0,merchant_plus_category_signals,hist_gb
2023-08-31,0,0.038694595838991756,0.135,0,merchant_plus_category_signals,hist_gb
2023-09-01,0,0.45180706632528833,0.135,0,merchant_plus_category_signals,hist_gb
2023-09-02,0,0.1474014830585331,0.135,0,merchant_plus_category_signals,hist_gb
2023-09-03,0,0.45505939773157394,0.135,0,merchant_plus_category_signals,hist_gb
2023-09-04,0,0.6069859768459399,0.135,0,merchant_plus_category_signals,hist_gb
2023-09-05,1,0.6933111483624402,0.135,0,merchant_plus_category_signals,hist_gb
2023-09-06,1,0.39414107243555085,0.135,0,merchant_plus_category_signals,hist_gb
2023-09-07,1,0.5491880180442904,0.135,0,merchant_plus_category_signals,hist_gb
2023-09-08,1,0.7950129140709314,0.135,0,merchant_plus_category_signals,hist_gb
2023-09-09,0,0.3202795165020844,0.135,0,merchant_plus_category_signals,hist_gb
2023-09-10,0,0.01519291208306793,0.135,0,merchant_plus_category_signals,hist_gb
2023-09-11,0,0.06268962580934022,0.135,0,merchant_plus_category_signals,hist_gb
2023-09-12,0,0.01665726456863257,0.135,0,merchant_plus_category_signals,hist_gb
2023-09-13,0,0.05547104604818038,0.135,0,merchant_plus_category_signals,hist_gb
2023-09-14,0,0.06705380965019606,0.135,0,merchant_plus_category_signals,hist_gb
2023-09-15,0,0.06265754600479907,0.135,0,merchant_plus_category_signals,hist_gb
2023-09-16,0,0.04326973483963877,0.135,0,merchant_plus_category_signals,hist_gb
2023-09-17,0,0.03334119925311683,0.135,0,merchant_plus_category_signals,hist_gb
2023-09-18,0,0.02454009972769943,0.135,0,merchant_plus_category_signals,hist_gb
2023-09-19,0,0.06120677683019201,0.135,0,merchant_plus_category_signals,hist_gb
2023-09-20,0,0.020541079733843406,0.135,0,merchant_plus_category_signals,hist_gb
2023-09-21,0,0.01914987007023075,0.135,0,merchant_plus_category_signals,hist_gb
2023-09-22,0,0.020228410979581724,0.135,0,merchant_plus_category_signals,hist_gb
2023-09-23,0,0.07711289777350264,0.135,0,merchant_plus_category_signals,hist_gb
2023-09-24,0,0.3615746333229225,0.135,0,merchant_plus_category_signals,hist_gb
2023-09-25,0,0.08375312443481675,0.135,0,merchant_plus_category_signals,hist_gb
2023-09-26,0,0.40514436433589796,0.135,0,merchant_plus_category_signals,hist_gb
2023-09-27,0,0.11448570350616061,0.135,0,merchant_plus_category_signals,hist_gb
2023-09-28,0,0.014329876029743598,0.135,0,merchant_plus_category_signals,hist_gb
2023-09-29,0,0.23259455072253943,0.135,0,merchant_plus_category_signals,hist_gb
2023-09-30,0,0.10240823376273818,0.135,0,merchant_plus_category_signals,hist_gb
2023-10-08,0,0.09472480659140566,0.155,1,merchant_plus_category_signals,hist_gb
2023-10-09,0,0.023040933598907132,0.155,1,merchant_plus_category_signals,hist_gb
2023-10-10,0,0.03325300801552695,0.155,1,merchant_plus_category_signals,hist_gb
2023-10-11,0,0.01958896262053357,0.155,1,merchant_plus_category_signals,hist_gb
2023-10-12,0,0.17282405597584077,0.155,1,merchant_plus_category_signals,hist_gb
2023-10-13,1,0.04947855205842753,0.155,1,merchant_plus_category_signals,hist_gb
2023-10-14,1,0.023343486763380734,0.155,1,merchant_plus_category_signals,hist_gb
2023-10-15,0,0.22937619071317258,0.155,1,merchant_plus_category_signals,hist_gb
2023-10-16,1,0.2635499012746292,0.155,1,merchant_plus_category_signals,hist_gb
2023-10-17,1,0.24633605059753585,0.155,1,merchant_plus_category_signals,hist_gb
2023-10-18,0,0.02419468436521621,0.155,1,merchant_plus_category_signals,hist_gb
2023-10-19,0,0.02687523208165068,0.155,1,merchant_plus_category_signals,hist_gb
2023-10-20,0,0.03340922132107701,0.155,1,merchant_plus_category_signals,hist_gb
2023-10-21,0,0.04489982048172611,0.155,1,merchant_plus_category_signals,hist_gb
2023-10-22,0,0.015232621382491185,0.155,1,merchant_plus_category_signals,hist_gb
2023-10-23,0,0.07049104056253591,0.155,1,merchant_plus_category_signals,hist_gb
2023-10-24,0,0.14434094011447582,0.155,1,merchant_plus_category_signals,hist_gb
2023-10-25,0,0.033523571911304145,0.155,1,merchant_plus_category_signals,hist_gb
2023-10-26,0,0.1474823533906006,0.155,1,merchant_plus_category_signals,hist_gb
2023-10-27,0,0.018595811410193962,0.155,1,merchant_plus_category_signals,hist_gb
2023-10-28,0,0.056436324363751934,0.155,1,merchant_plus_category_signals,hist_gb
2023-10-29,0,0.018551110862353497,0.155,1,merchant_plus_category_signals,hist_gb
2023-10-30,0,0.09630845344001254,0.155,1,merchant_plus_category_signals,hist_gb
2023-10-31,0,0.05764112510144138,0.155,1,merchant_plus_category_signals,hist_gb
2023-11-01,0,0.061519158340924786,0.155,1,merchant_plus_category_signals,hist_gb
2023-11-02,0,0.01976985521974528,0.155,1,merchant_plus_category_signals,hist_gb
2023-11-03,0,0.029588854736953232,0.155,1,merchant_plus_category_signals,hist_gb
2023-11-04,0,0.06233789784351392,0.155,1,merchant_plus_category_signals,hist_gb
2023-11-05,0,0.10781828144070447,0.155,1,merchant_plus_category_signals,hist_gb
2023-11-06,0,0.07399696543213845,0.155,1,merchant_plus_category_signals,hist_gb
2023-11-07,0,0.40974919140248867,0.155,1,merchant_plus_category_signals,hist_gb
2023-11-08,0,0.34664094768373005,0.155,1,merchant_plus_category_signals,hist_gb
2023-11-09,1,0.4507851780207222,0.155,1,merchant_plus_category_signals,hist_gb
2023-11-10,1,0.05549532695513599,0.155,1,merchant_plus_category_signals,hist_gb
2023-11-11,0,0.3808755217955858,0.155,1,merchant_plus_category_signals,hist_gb
2023-11-12,0,0.05365293298674392,0.155,1,merchant_plus_category_signals,hist_gb
2023-11-13,1,0.23872111337347177,0.155,1,merchant_plus_category_signals,hist_gb
2023-11-14,1,0.3701535777621468,0.155,1,merchant_plus_category_signals,hist_gb
2023-11-15,0,0.022302035186690477,0.155,1,merchant_plus_category_signals,hist_gb
2023-11-16,0,0.017622486322628948,0.155,1,merchant_plus_category_signals,hist_gb
2023-11-17,0,0.010687610593268412,0.155,1,merchant_plus_category_signals,hist_gb
2023-11-18,0,0.05813662814359479,0.155,1,merchant_plus_category_signals,hist_gb
2023-11-19,0,0.020154128490260197,0.155,1,merchant_plus_category_signals,hist_gb
2023-11-20,0,0.09969448771323182,0.155,1,merchant_plus_category_signals,hist_gb
2023-11-21,0,0.028335591697765346,0.155,1,merchant_plus_category_signals,hist_gb
2023-11-22,0,0.030136176009207635,0.155,1,merchant_plus_category_signals,hist_gb
2023-11-23,0,0.0394920629937883,0.155,1,merchant_plus_category_signals,hist_gb
2023-11-24,0,0.014778080166059237,0.155,1,merchant_plus_category_signals,hist_gb
2023-11-25,0,0.16711640975355535,0.155,1,merchant_plus_category_signals,hist_gb
2023-11-26,0,0.1662083128336299,0.155,1,merchant_plus_category_signals,hist_gb
2023-11-27,0,0.061183037002248995,0.155,1,merchant_plus_category_signals,hist_gb
2023-11-28,0,0.08397709453823271,0.155,1,merchant_plus_category_signals,hist_gb
2023-11-29,0,0.07400897458204724,0.155,1,merchant_plus_category_signals,hist_gb
2023-11-30,0,0.08739232841496287,0.155,1,merchant_plus_category_signals,hist_gb
2023-12-01,0,0.10289478705977323,0.155,1,merchant_plus_category_signals,hist_gb
2023-12-02,0,0.13993088518122226,0.155,1,merchant_plus_category_signals,hist_gb
2023-12-03,0,0.4757760246239752,0.155,1,merchant_plus_category_signals,hist_gb
2023-12-04,0,0.27741739998498927,0.155,1,merchant_plus_category_signals,hist_gb
2023-12-05,0,0.6219746486158824,0.155,1,merchant_plus_category_signals,hist_gb
2023-12-06,0,0.13865188631962422,0.155,1,merchant_plus_category_signals,hist_gb
2023-12-07,1,0.5015175095083009,0.155,1,merchant_plus_category_signals,hist_gb
2023-12-08,0,0.30220461823114764,0.155,1,merchant_plus_category_signals,hist_gb
2023-12-09,0,0.37415530733018487,0.155,1,merchant_plus_category_signals,hist_gb
2023-12-10,1,0.3525189726824,0.155,1,merchant_plus_category_signals,hist_gb
2023-12-11,1,0.03809686419653455,0.155,1,merchant_plus_category_signals,hist_gb
2023-12-12,1,0.34526555341009063,0.155,1,merchant_plus_category_signals,hist_gb
2023-12-13,1,0.08026489384943251,0.155,1,merchant_plus_category_signals,hist_gb
2023-12-14,1,0.2507488507624181,0.155,1,merchant_plus_category_signals,hist_gb
2023-12-15,1,0.05836435375703081,0.155,1,merchant_plus_category_signals,hist_gb
2023-12-16,0,0.09656825916855238,0.155,1,merchant_plus_category_signals,hist_gb
2023-12-17,0,0.09041494761383688,0.155,1,merchant_plus_category_signals,hist_gb
2023-12-18,0,0.0350253682222322,0.155,1,merchant_plus_category_signals,hist_gb
2023-12-19,0,0.016109494844720355,0.155,1,merchant_plus_category_signals,hist_gb
2023-12-20,0,0.3491226946221296,0.155,1,merchant_plus_category_signals,hist_gb
2023-12-21,0,0.01589536546115304,0.155,1,merchant_plus_category_signals,hist_gb
2023-12-22,0,0.2165904027215411,0.155,1,merchant_plus_category_signals,hist_gb
2023-12-23,0,0.010096576821726936,0.155,1,merchant_plus_category_signals,hist_gb
2023-12-24,0,0.032522939915238226,0.155,1,merchant_plus_category_signals,hist_gb
2023-12-25,0,0.029729885773504952,0.155,1,merchant_plus_category_signals,hist_gb
2023-12-26,0,0.051203016730270924,0.155,1,merchant_plus_category_signals,hist_gb
2023-12-27,0,0.03486739551681165,0.155,1,merchant_plus_category_signals,hist_gb
2023-12-28,0,0.1110684954369363,0.155,1,merchant_plus_category_signals,hist_gb
2023-12-29,0,0.010938461795788576,0.155,1,merchant_plus_category_signals,hist_gb
2023-12-30,0,0.013610109890693516,0.155,1,merchant_plus_category_signals,hist_gb
2023-12-31,0,0.5327576108688491,0.155,1,merchant_plus_category_signals,hist_gb
2024-01-08,0,0.4426775163545639,0.11058733737310465,2,merchant_plus_category_signals,hist_gb
2024-01-09,0,0.24513226969216717,0.11058733737310465,2,merchant_plus_category_signals,hist_gb
2024-01-10,0,0.0677324124269323,0.11058733737310465,2,merchant_plus_category_signals,hist_gb
2024-01-11,1,0.09663072887767786,0.11058733737310465,2,merchant_plus_category_signals,hist_gb
2024-01-12,1,0.3269416333922126,0.11058733737310465,2,merchant_plus_category_signals,hist_gb
2024-01-13,1,0.11991900115653371,0.11058733737310465,2,merchant_plus_category_signals,hist_gb
2024-01-14,1,0.04566953808197656,0.11058733737310465,2,merchant_plus_category_signals,hist_gb
2024-01-15,1,0.10847025005206207,0.11058733737310465,2,merchant_plus_category_signals,hist_gb
2024-01-16,0,0.3561910412966391,0.11058733737310465,2,merchant_plus_category_signals,hist_gb
2024-01-17,1,0.15900291275939438,0.11058733737310465,2,merchant_plus_category_signals,hist_gb
2024-01-18,1,0.09640206710229215,0.11058733737310465,2,merchant_plus_category_signals,hist_gb
2024-01-19,1,0.037272327846579266,0.11058733737310465,2,merchant_plus_category_signals,hist_gb
2024-01-20,0,0.02519772860996667,0.11058733737310465,2,merchant_plus_category_signals,hist_gb
2024-01-21,0,0.00617214202883839,0.11058733737310465,2,merchant_plus_category_signals,hist_gb
2024-01-22,0,0.012541140791082884,0.11058733737310465,2,merchant_plus_category_signals,hist_gb
2024-01-23,0,0.019979438608097554,0.11058733737310465,2,merchant_plus_category_signals,hist_gb
2024-01-24,0,0.008049627052277034,0.11058733737310465,2,merchant_plus_category_signals,hist_gb
2024-01-25,0,0.12316595438316645,0.11058733737310465,2,merchant_plus_category_signals,hist_gb
2024-01-26,0,0.006629329833825303,0.11058733737310465,2,merchant_plus_category_signals,hist_gb
2024-01-27,0,0.08075294559542351,0.11058733737310465,2,merchant_plus_category_signals,hist_gb
2024-01-28,0,0.015740271397974268,0.11058733737310465,2,merchant_plus_category_signals,hist_gb
2024-01-29,0,0.022098597730461595,0.11058733737310465,2,merchant_plus_category_signals,hist_gb
2024-01-30,1,0.02748045684744311,0.11058733737310465,2,merchant_plus_category_signals,hist_gb
2024-01-31,0,0.05950628913861747,0.11058733737310465,2,merchant_plus_category_signals,hist_gb
2024-02-01,0,0.007531388364307158,0.11058733737310465,2,merchant_plus_category_signals,hist_gb
2024-02-02,0,0.010186857590460447,0.11058733737310465,2,merchant_plus_category_signals,hist_gb
2024-02-03,0,0.013148907023899363,0.11058733737310465,2,merchant_plus_category_signals,hist_gb
2024-02-04,0,0.2362889141621295,0.11058733737310465,2,merchant_plus_category_signals,hist_gb
2024-02-05,0,0.3586434878886966,0.11058733737310465,2,merchant_plus_category_signals,hist_gb
2024-02-06,0,0.6330792167634076,0.11058733737310465,2,merchant_plus_category_signals,hist_gb
2024-02-07,0,0.2529880269854039,0.11058733737310465,2,merchant_plus_category_signals,hist_gb
2024-02-08,0,0.8160166520874809,0.11058733737310465,2,merchant_plus_category_signals,hist_gb
2024-02-09,0,0.9363199598309213,0.11058733737310465,2,merchant_plus_category_signals,hist_gb
2024-02-10,0,0.5311445455397688,0.11058733737310465,2,merchant_plus_category_signals,hist_gb
2024-02-11,0,0.34912701298756676,0.11058733737310465,2,merchant_plus_category_signals,hist_gb
2024-02-12,0,0.4708318981448085,0.11058733737310465,2,merchant_plus_category_signals,hist_gb
2024-02-13,0,0.24301184102023785,0.11058733737310465,2,merchant_plus_category_signals,hist_gb
2024-02-14,0,0.3928785046666482,0.11058733737310465,2,merchant_plus_category_signals,hist_gb
2024-02-15,0,0.3278292084650095,0.11058733737310465,2,merchant_plus_category_signals,hist_gb
2024-02-16,0,0.43120244117893786,0.11058733737310465,2,merchant_plus_category_signals,hist_gb
2024-02-17,0,0.16442961000267592,0.11058733737310465,2,merchant_plus_category_signals,hist_gb
2024-02-18,0,0.014337498364012081,0.11058733737310465,2,merchant_plus_category_signals,hist_gb
2024-02-19,0,0.0342055696555956,0.11058733737310465,2,merchant_plus_category_signals,hist_gb
2024-02-20,0,0.19986765877348422,0.11058733737310465,2,merchant_plus_category_signals,hist_gb
2024-02-21,0,0.052358499722518465,0.11058733737310465,2,merchant_plus_category_signals,hist_gb
2024-02-22,0,0.12819177711468174,0.11058733737310465,2,merchant_plus_category_signals,hist_gb
2024-02-23,0,0.10498179858232236,0.11058733737310465,2,merchant_plus_category_signals,hist_gb
2024-02-24,0,0.027315721753687836,0.11058733737310465,2,merchant_plus_category_signals,hist_gb
2024-02-25,0,0.004258511172837703,0.11058733737310465,2,merchant_plus_category_signals,hist_gb
2024-02-26,0,0.009830518688977512,0.11058733737310465,2,merchant_plus_category_signals,hist_gb
2024-02-27,0,0.02852599539599671,0.11058733737310465,2,merchant_plus_category_signals,hist_gb
2024-02-28,0,0.018290810230038927,0.11058733737310465,2,merchant_plus_category_signals,hist_gb
2024-02-29,0,0.044794403912111036,0.11058733737310465,2,merchant_plus_category_signals,hist_gb
2024-03-01,0,0.012642382924191392,0.11058733737310465,2,merchant_plus_category_signals,hist_gb
2024-03-02,0,0.07175435255702463,0.11058733737310465,2,merchant_plus_category_signals,hist_gb
2024-03-03,0,0.05689977612195653,0.11058733737310465,2,merchant_plus_category_signals,hist_gb
2024-03-04,0,0.10842147391662525,0.11058733737310465,2,merchant_plus_category_signals,hist_gb
2024-03-05,0,0.2123500057401308,0.11058733737310465,2,merchant_plus_category_signals,hist_gb
2024-03-06,0,0.04513462179123193,0.11058733737310465,2,merchant_plus_category_signals,hist_gb
2024-03-07,0,0.15186895303800133,0.11058733737310465,2,merchant_plus_category_signals,hist_gb
2024-03-08,0,0.07355375355626553,0.11058733737310465,2,merchant_plus_category_signals,hist_gb
2024-03-09,1,0.04231949685646391,0.11058733737310465,2,merchant_plus_category_signals,hist_gb
2024-03-10,1,0.5852249538036252,0.11058733737310465,2,merchant_plus_category_signals,hist_gb
2024-03-11,1,0.9156600528121788,0.11058733737310465,2,merchant_plus_category_signals,hist_gb
2024-03-12,1,0.8774538722445848,0.11058733737310465,2,merchant_plus_category_signals,hist_gb
2024-03-13,1,0.45311306426248954,0.11058733737310465,2,merchant_plus_category_signals,hist_gb
2024-03-14,1,0.6999718505164457,0.11058733737310465,2,merchant_plus_category_signals,hist_gb
2024-03-15,1,0.369779314540746,0.11058733737310465,2,merchant_plus_category_signals,hist_gb
2024-03-16,1,0.19962096022669046,0.11058733737310465,2,merchant_plus_category_signals,hist_gb
2024-03-17,0,0.016891678438518316,0.11058733737310465,2,merchant_plus_category_signals,hist_gb
2024-03-18,0,0.10348394762015038,0.11058733737310465,2,merchant_plus_category_signals,hist_gb
2024-03-19,0,0.01565251790281903,0.11058733737310465,2,merchant_plus_category_signals,hist_gb
2024-03-20,0,0.016543651681219552,0.11058733737310465,2,merchant_plus_category_signals,hist_gb
2024-03-21,0,0.016827256084495812,0.11058733737310465,2,merchant_plus_category_signals,hist_gb
2024-03-22,0,0.04086847484275528,0.11058733737310465,2,merchant_plus_category_signals,hist_gb
2024-03-23,0,0.013873065065999723,0.11058733737310465,2,merchant_plus_category_signals,hist_gb
2024-03-24,0,0.03863279143232839,0.11058733737310465,2,merchant_plus_category_signals,hist_gb
2024-03-25,0,0.04030323441969736,0.11058733737310465,2,merchant_plus_category_signals,hist_gb
2024-03-26,0,0.015515194232387917,0.11058733737310465,2,merchant_plus_category_signals,hist_gb
2024-03-27,0,0.019421098820799117,0.11058733737310465,2,merchant_plus_category_signals,hist_gb
2024-03-28,0,0.10360710954025647,0.11058733737310465,2,merchant_plus_category_signals,hist_gb
2024-03-29,0,0.03190062298631572,0.11058733737310465,2,merchant_plus_category_signals,hist_gb
2024-03-30,0,0.15191773616310203,0.11058733737310465,2,merchant_plus_category_signals,hist_gb
2024-03-31,0,0.09799530849036975,0.11058733737310465,2,merchant_plus_category_signals,hist_gb
2024-04-08,0,0.8179005604328997,0.11,3,merchant_plus_category_signals,hist_gb
2024-04-09,0,0.6653504838427485,0.11,3,merchant_plus_category_signals,hist_gb
2024-04-10,1,0.800221973550316,0.11,3,merchant_plus_category_signals,hist_gb
2024-04-11,1,0.8971717771484309,0.11,3,merchant_plus_category_signals,hist_gb
2024-04-12,0,0.6879263289835317,0.11,3,merchant_plus_category_signals,hist_gb
2024-04-13,1,0.666639679290863,0.11,3,merchant_plus_category_signals,hist_gb
2024-04-14,1,0.10821608910030715,0.11,3,merchant_plus_category_signals,hist_gb
2024-04-15,1,0.08811143973283435,0.11,3,merchant_plus_category_signals,hist_gb
2024-04-16,1,0.01758507735946379,0.11,3,merchant_plus_category_signals,hist_gb
2024-04-17,1,0.3051614939427974,0.11,3,merchant_plus_category_signals,hist_gb
2024-04-18,1,0.1311271941382853,0.11,3,merchant_plus_category_signals,hist_gb
2024-04-19,1,0.060106062176655616,0.11,3,merchant_plus_category_signals,hist_gb
2024-04-20,1,0.1123649485165674,0.11,3,merchant_plus_category_signals,hist_gb
2024-04-21,0,0.0150877764967783,0.11,3,merchant_plus_category_signals,hist_gb
2024-04-22,0,0.023150868442238026,0.11,3,merchant_plus_category_signals,hist_gb
2024-04-23,0,0.010927746251857544,0.11,3,merchant_plus_category_signals,hist_gb
2024-04-24,0,0.00900070754071346,0.11,3,merchant_plus_category_signals,hist_gb
2024-04-25,0,0.022022046509695064,0.11,3,merchant_plus_category_signals,hist_gb
2024-04-26,0,0.03530480410378206,0.11,3,merchant_plus_category_signals,hist_gb
2024-04-27,0,0.03450652716698727,0.11,3,merchant_plus_category_signals,hist_gb
2024-04-28,0,0.01114487990729531,0.11,3,merchant_plus_category_signals,hist_gb
2024-04-29,0,0.033222734291518584,0.11,3,merchant_plus_category_signals,hist_gb
2024-04-30,0,0.03168394429374785,0.11,3,merchant_plus_category_signals,hist_gb
2024-05-01,0,0.008125590071996569,0.11,3,merchant_plus_category_signals,hist_gb
2024-05-02,0,0.007210670578825543,0.11,3,merchant_plus_category_signals,hist_gb
2024-05-03,0,0.05395757467675015,0.11,3,merchant_plus_category_signals,hist_gb
2024-05-04,0,0.054031495845653726,0.11,3,merchant_plus_category_signals,hist_gb
2024-05-05,0,0.06914853427538765,0.11,3,merchant_plus_category_signals,hist_gb
2024-05-06,0,0.03832906949946688,0.11,3,merchant_plus_category_signals,hist_gb
2024-05-07,0,0.25000190576012205,0.11,3,merchant_plus_category_signals,hist_gb
2024-05-08,0,0.03417094007437128,0.11,3,merchant_plus_category_signals,hist_gb
2024-05-09,0,0.07979932997957348,0.11,3,merchant_plus_category_signals,hist_gb
2024-05-10,0,0.12888740224564874,0.11,3,merchant_plus_category_signals,hist_gb
2024-05-11,0,0.040418764127384633,0.11,3,merchant_plus_category_signals,hist_gb
2024-05-12,0,0.3298303426717041,0.11,3,merchant_plus_category_signals,hist_gb
2024-05-13,0,0.05841986547158088,0.11,3,merchant_plus_category_signals,hist_gb
2024-05-14,0,0.035282842782485765,0.11,3,merchant_plus_category_signals,hist_gb
2024-05-15,0,0.015639339668395355,0.11,3,merchant_plus_category_signals,hist_gb
2024-05-16,0,0.2170543669350289,0.11,3,merchant_plus_category_signals,hist_gb
2024-05-17,1,0.0667460436650718,0.11,3,merchant_plus_category_signals,hist_gb
2024-05-18,0,0.13404635187370562,0.11,3,merchant_plus_category_signals,hist_gb
2024-05-19,0,0.06823146003320468,0.11,3,merchant_plus_category_signals,hist_gb
2024-05-20,0,0.05545004436082855,0.11,3,merchant_plus_category_signals,hist_gb
2024-05-21,0,0.1440288235997408,0.11,3,merchant_plus_category_signals,hist_gb
2024-05-22,0,0.3421407139695862,0.11,3,merchant_plus_category_signals,hist_gb
2024-05-23,0,0.13199467695168826,0.11,3,merchant_plus_category_signals,hist_gb
2024-05-24,0,0.02247802103156202,0.11,3,merchant_plus_category_signals,hist_gb
2024-05-25,0,0.010786471457343854,0.11,3,merchant_plus_category_signals,hist_gb
2024-05-26,0,0.02729700803066097,0.11,3,merchant_plus_category_signals,hist_gb
2024-05-27,0,0.06143070887869254,0.11,3,merchant_plus_category_signals,hist_gb
2024-05-28,0,0.018144503382738583,0.11,3,merchant_plus_category_signals,hist_gb
2024-05-29,0,0.013557473008648459,0.11,3,merchant_plus_category_signals,hist_gb
2024-05-30,0,0.0065727856771896605,0.11,3,merchant_plus_category_signals,hist_gb
2024-05-31,0,0.033841940850578664,0.11,3,merchant_plus_category_signals,hist_gb
2024-06-01,0,0.05102364261922595,0.11,3,merchant_plus_category_signals,hist_gb
2024-06-02,0,0.0918762039851985,0.11,3,merchant_plus_category_signals,hist_gb
2024-06-03,0,0.17911576695344775,0.11,3,merchant_plus_category_signals,hist_gb
2024-06-04,0,0.03145266523518754,0.11,3,merchant_plus_category_signals,hist_gb
2024-06-05,0,0.016181861838512442,0.11,3,merchant_plus_category_signals,hist_gb
2024-06-06,0,0.09124086871320558,0.11,3,merchant_plus_category_signals,hist_gb
2024-06-07,0,0.15412635476918118,0.11,3,merchant_plus_category_signals,hist_gb
2024-06-08,0,0.09631244419872112,0.11,3,merchant_plus_category_signals,hist_gb
2024-06-09,0,0.10126355014639762,0.11,3,merchant_plus_category_signals,hist_gb
2024-06-10,0,0.014458085970732783,0.11,3,merchant_plus_category_signals,hist_gb
2024-06-11,0,0.03628863253018487,0.11,3,merchant_plus_category_signals,hist_gb
2024-06-12,0,0.011969054153339992,0.11,3,merchant_plus_category_signals,hist_gb
2024-06-13,0,0.05278375302701061,0.11,3,merchant_plus_category_signals,hist_gb
2024-06-14,1,0.19932033141806038,0.11,3,merchant_plus_category_signals,hist_gb
2024-06-15,1,0.09517484335837255,0.11,3,merchant_plus_category_signals,hist_gb
2024-06-16,1,0.6467892437774013,0.11,3,merchant_plus_category_signals,hist_gb
2024-06-17,1,0.8858497233046294,0.11,3,merchant_plus_category_signals,hist_gb
2024-06-18,1,0.8530247640217807,0.11,3,merchant_plus_category_signals,hist_gb
2024-06-19,1,0.7359957334093272,0.11,3,merchant_plus_category_signals,hist_gb
2024-06-20,1,0.6248288480917428,0.11,3,merchant_plus_category_signals,hist_gb
2024-06-21,1,0.4665717054128162,0.11,3,merchant_plus_category_signals,hist_gb
2024-06-22,0,0.48072558762150447,0.11,3,merchant_plus_category_signals,hist_gb
2024-06-23,0,0.007060426456387335,0.11,3,merchant_plus_category_signals,hist_gb
2024-06-24,0,0.10577262466304398,0.11,3,merchant_plus_category_signals,hist_gb
2024-06-25,0,0.029557128554489602,0.11,3,merchant_plus_category_signals,hist_gb
2024-06-26,0,0.20658349035883047,0.11,3,merchant_plus_category_signals,hist_gb
2024-06-27,0,0.06572761404129361,0.11,3,merchant_plus_category_signals,hist_gb
2024-06-28,0,0.07431625269119921,0.11,3,merchant_plus_category_signals,hist_gb
2024-06-29,0,0.08431407493634878,0.11,3,merchant_plus_category_signals,hist_gb
2024-06-30,0,0.015082073940084335,0.11,3,merchant_plus_category_signals,hist_gb
2024-07-08,0,0.02938842020849204,0.10204020442483064,4,merchant_plus_category_signals,hist_gb
2024-07-09,0,0.06546790148991409,0.10204020442483064,4,merchant_plus_category_signals,hist_gb
2024-07-10,0,0.20400339214703406,0.10204020442483064,4,merchant_plus_category_signals,hist_gb
2024-07-11,0,0.043227374685588786,0.10204020442483064,4,merchant_plus_category_signals,hist_gb
2024-07-12,0,0.10957275560595012,0.10204020442483064,4,merchant_plus_category_signals,hist_gb
2024-07-13,0,0.030858515254848982,0.10204020442483064,4,merchant_plus_category_signals,hist_gb
2024-07-14,1,0.21546244424031658,0.10204020442483064,4,merchant_plus_category_signals,hist_gb
2024-07-15,1,0.6645522082468714,0.10204020442483064,4,merchant_plus_category_signals,hist_gb
2024-07-16,0,0.2970581159397834,0.10204020442483064,4,merchant_plus_category_signals,hist_gb
2024-07-17,1,0.5083670940952588,0.10204020442483064,4,merchant_plus_category_signals,hist_gb
2024-07-18,1,0.2672577694236403,0.10204020442483064,4,merchant_plus_category_signals,hist_gb
2024-07-19,0,0.4272067897215912,0.10204020442483064,4,merchant_plus_category_signals,hist_gb
2024-07-20,0,0.4628648313543276,0.10204020442483064,4,merchant_plus_category_signals,hist_gb
2024-07-21,0,0.02829743068030987,0.10204020442483064,4,merchant_plus_category_signals,hist_gb
2024-07-22,0,0.007606713138465201,0.10204020442483064,4,merchant_plus_category_signals,hist_gb
2024-07-23,0,0.008232337842438627,0.10204020442483064,4,merchant_plus_category_signals,hist_gb
2024-07-24,0,0.0058517457362349335,0.10204020442483064,4,merchant_plus_category_signals,hist_gb
2024-07-25,0,0.019250209340467103,0.10204020442483064,4,merchant_plus_category_signals,hist_gb
2024-07-26,0,0.061762146459565084,0.10204020442483064,4,merchant_plus_category_signals,hist_gb
2024-07-27,0,0.01425304733441282,0.10204020442483064,4,merchant_plus_category_signals,hist_gb
2024-07-28,0,0.006240700688049464,0.10204020442483064,4,merchant_plus_category_signals,hist_gb
2024-07-29,0,0.0863074776534759,0.10204020442483064,4,merchant_plus_category_signals,hist_gb
2024-07-30,0,0.011212007808567064,0.10204020442483064,4,merchant_plus_category_signals,hist_gb
2024-07-31,0,0.02846003186471979,0.10204020442483064,4,merchant_plus_category_signals,hist_gb
2024-08-01,0,0.015782002227634893,0.10204020442483064,4,merchant_plus_category_signals,hist_gb
2024-08-02,0,0.03393481211876048,0.10204020442483064,4,merchant_plus_category_signals,hist_gb
2024-08-03,0,0.044659639277162044,0.10204020442483064,4,merchant_plus_category_signals,hist_gb
2024-08-04,0,0.2431564974396818,0.10204020442483064,4,merchant_plus_category_signals,hist_gb
2024-08-05,0,0.06738071813127124,0.10204020442483064,4,merchant_plus_category_signals,hist_gb
2024-08-06,0,0.15029421884624616,0.10204020442483064,4,merchant_plus_category_signals,hist_gb
2024-08-07,0,0.22406645912530823,0.10204020442483064,4,merchant_plus_category_signals,hist_gb
2024-08-08,0,0.2457738920623623,0.10204020442483064,4,merchant_plus_category_signals,hist_gb
2024-08-09,0,0.038749776541228464,0.10204020442483064,4,merchant_plus_category_signals,hist_gb
2024-08-10,0,0.0835985310505619,0.10204020442483064,4,merchant_plus_category_signals,hist_gb
2024-08-11,0,0.07403371175261445,0.10204020442483064,4,merchant_plus_category_signals,hist_gb
2024-08-12,0,0.03982640778692094,0.10204020442483064,4,merchant_plus_category_signals,hist_gb
2024-08-13,0,0.036577075687432806,0.10204020442483064,4,merchant_plus_category_signals,hist_gb
2024-08-14,1,0.17317674241790898,0.10204020442483064,4,merchant_plus_category_signals,hist_gb
2024-08-15,0,0.054136614715865915,0.10204020442483064,4,merchant_plus_category_signals,hist_gb
2024-08-16,0,0.009455405305379751,0.10204020442483064,4,merchant_plus_category_signals,hist_gb
2024-08-17,0,0.019311909050086767,0.10204020442483064,4,merchant_plus_category_signals,hist_gb
2024-08-18,0,0.8875767112888584,0.10204020442483064,4,merchant_plus_category_signals,hist_gb
2024-08-19,0,0.9078862208983547,0.10204020442483064,4,merchant_plus_category_signals,hist_gb
2023-07-08,0,0.2274483432777884,0.08244545317545149,0,merchant_plus_category_signals,mean_ensemble
2023-07-09,0,0.055607432258670514,0.08244545317545149,0,merchant_plus_category_signals,mean_ensemble
2023-07-10,0,0.04102486359688021,0.08244545317545149,0,merchant_plus_category_signals,mean_ensemble
2023-07-11,0,0.12114152524564514,0.08244545317545149,0,merchant_plus_category_signals,mean_ensemble
2023-07-12,0,0.11113623077523652,0.08244545317545149,0,merchant_plus_category_signals,mean_ensemble
2023-07-13,1,0.10730968349280681,0.08244545317545149,0,merchant_plus_category_signals,mean_ensemble
2023-07-14,1,0.1479097817322887,0.08244545317545149,0,merchant_plus_category_signals,mean_ensemble
2023-07-15,0,0.04643614656951268,0.08244545317545149,0,merchant_plus_category_signals,mean_ensemble
2023-07-16,0,0.0510980250518851,0.08244545317545149,0,merchant_plus_category_signals,mean_ensemble
2023-07-17,0,0.09415884082609965,0.08244545317545149,0,merchant_plus_category_signals,mean_ensemble
2023-07-18,0,0.04784133847886399,0.08244545317545149,0,merchant_plus_category_signals,mean_ensemble
2023-07-19,0,0.0589902870502844,0.08244545317545149,0,merchant_plus_category_signals,mean_ensemble
2023-07-20,0,0.13531231605428384,0.08244545317545149,0,merchant_plus_category_signals,mean_ensemble
2023-07-21,0,0.04512953081838834,0.08244545317545149,0,merchant_plus_category_signals,mean_ensemble
2023-07-22,0,0.041772897037403146,0.08244545317545149,0,merchant_plus_category_signals,mean_ensemble
2023-07-23,0,0.05249507459460881,0.08244545317545149,0,merchant_plus_category_signals,mean_ensemble
2023-07-24,0,0.034341651008188034,0.08244545317545149,0,merchant_plus_category_signals,mean_ensemble
2023-07-25,0,0.07868443267586518,0.08244545317545149,0,merchant_plus_category_signals,mean_ensemble
2023-07-26,0,0.04768307925472438,0.08244545317545149,0,merchant_plus_category_signals,mean_ensemble
2023-07-27,0,0.08160365344859466,0.08244545317545149,0,merchant_plus_category_signals,mean_ensemble
2023-07-28,0,0.06468793326565127,0.08244545317545149,0,merchant_plus_category_signals,mean_ensemble
2023-07-29,0,0.18517080850386902,0.08244545317545149,0,merchant_plus_category_signals,mean_ensemble
2023-07-30,0,0.039099000117932076,0.08244545317545149,0,merchant_plus_category_signals,mean_ensemble
2023-07-31,0,0.037052805405723685,0.08244545317545149,0,merchant_plus_category_signals,mean_ensemble
2023-08-01,0,0.22642738801282564,0.08244545317545149,0,merchant_plus_category_signals,mean_ensemble
2023-08-02,0,0.05076484680488081,0.08244545317545149,0,merchant_plus_category_signals,mean_ensemble
2023-08-03,0,0.05060793172928066,0.08244545317545149,0,merchant_plus_category_signals,mean_ensemble
2023-08-04,0,0.18789353015646615,0.08244545317545149,0,merchant_plus_category_signals,mean_ensemble
2023-08-05,0,0.14057821144614455,0.08244545317545149,0,merchant_plus_category_signals,mean_ensemble
2023-08-06,0,0.12283344372933172,0.08244545317545149,0,merchant_plus_category_signals,mean_ensemble
2023-08-07,0,0.06588680953885438,0.08244545317545149,0,merchant_plus_category_signals,mean_ensemble
2023-08-08,0,0.06511433764346941,0.08244545317545149,0,merchant_plus_category_signals,mean_ensemble
2023-08-09,0,0.06445764381048216,0.08244545317545149,0,merchant_plus_category_signals,mean_ensemble
2023-08-10,0,0.1592280820900949,0.08244545317545149,0,merchant_plus_category_signals,mean_ensemble
2023-08-11,0,0.09802909815667823,0.08244545317545149,0,merchant_plus_category_signals,mean_ensemble
2023-08-12,0,0.23729737842200338,0.08244545317545149,0,merchant_plus_category_signals,mean_ensemble
2023-08-13,0,0.05424066351546523,0.08244545317545149,0,merchant_plus_category_signals,mean_ensemble
2023-08-14,0,0.01319574133246258,0.08244545317545149,0,merchant_plus_category_signals,mean_ensemble
2023-08-15,0,0.03813390623316031,0.08244545317545149,0,merchant_plus_category_signals,mean_ensemble
2023-08-16,0,0.056679792989088026,0.08244545317545149,0,merchant_plus_category_signals,mean_ensemble
2023-08-17,0,0.029902116959965693,0.08244545317545149,0,merchant_plus_category_signals,mean_ensemble
2023-08-18,1,0.04871111318010344,0.08244545317545149,0,merchant_plus_category_signals,mean_ensemble
2023-08-19,0,0.023678503680268484,0.08244545317545149,0,merchant_plus_category_signals,mean_ensemble
2023-08-20,0,0.0799068782971067,0.08244545317545149,0,merchant_plus_category_signals,mean_ensemble
2023-08-21,0,0.250611778522581,0.08244545317545149,0,merchant_plus_category_signals,mean_ensemble
2023-08-22,0,0.20945371509979469,0.08244545317545149,0,merchant_plus_category_signals,mean_ensemble
2023-08-23,0,0.10593108159968458,0.08244545317545149,0,merchant_plus_category_signals,mean_ensemble
2023-08-24,0,0.12294951968860741,0.08244545317545149,0,merchant_plus_category_signals,mean_ensemble
2023-08-25,0,0.023512588829191883,0.08244545317545149,0,merchant_plus_category_signals,mean_ensemble
2023-08-26,0,0.03528981951046462,0.08244545317545149,0,merchant_plus_category_signals,mean_ensemble
2023-08-27,0,0.37359318626321625,0.08244545317545149,0,merchant_plus_category_signals,mean_ensemble
2023-08-28,0,0.1764178451775037,0.08244545317545149,0,merchant_plus_category_signals,mean_ensemble
2023-08-29,0,0.1094618884667503,0.08244545317545149,0,merchant_plus_category_signals,mean_ensemble
2023-08-30,0,0.146074434596762,0.08244545317545149,0,merchant_plus_category_signals,mean_ensemble
2023-08-31,0,0.0734294056121063,0.08244545317545149,0,merchant_plus_category_signals,mean_ensemble
2023-09-01,0,0.31475396718127857,0.08244545317545149,0,merchant_plus_category_signals,mean_ensemble
2023-09-02,0,0.2486066465994191,0.08244545317545149,0,merchant_plus_category_signals,mean_ensemble
2023-09-03,0,0.5487000560988667,0.08244545317545149,0,merchant_plus_category_signals,mean_ensemble
2023-09-04,0,0.4837284224852674,0.08244545317545149,0,merchant_plus_category_signals,mean_ensemble
2023-09-05,1,0.5815888880719359,0.08244545317545149,0,merchant_plus_category_signals,mean_ensemble
2023-09-06,1,0.3283278720995483,0.08244545317545149,0,merchant_plus_category_signals,mean_ensemble
2023-09-07,1,0.4962930805508293,0.08244545317545149,0,merchant_plus_category_signals,mean_ensemble
2023-09-08,1,0.5676981526216803,0.08244545317545149,0,merchant_plus_category_signals,mean_ensemble
2023-09-09,0,0.46641524162111014,0.08244545317545149,0,merchant_plus_category_signals,mean_ensemble
2023-09-10,0,0.029216981965367334,0.08244545317545149,0,merchant_plus_category_signals,mean_ensemble
2023-09-11,0,0.1475154857607042,0.08244545317545149,0,merchant_plus_category_signals,mean_ensemble
2023-09-12,0,0.05195956411892697,0.08244545317545149,0,merchant_plus_category_signals,mean_ensemble
2023-09-13,0,0.07272672595728616,0.08244545317545149,0,merchant_plus_category_signals,mean_ensemble
2023-09-14,0,0.08124576540494588,0.08244545317545149,0,merchant_plus_category_signals,mean_ensemble
2023-09-15,0,0.10555924405951238,0.08244545317545149,0,merchant_plus_category_signals,mean_ensemble
2023-09-16,0,0.06813138919929213,0.08244545317545149,0,merchant_plus_category_signals,mean_ensemble
2023-09-17,0,0.11376490853983962,0.08244545317545149,0,merchant_plus_category_signals,mean_ensemble
2023-09-18,0,0.022931269503451625,0.08244545317545149,0,merchant_plus_category_signals,mean_ensemble
2023-09-19,0,0.06899603427058522,0.08244545317545149,0,merchant_plus_category_signals,mean_ensemble
2023-09-20,0,0.08317260247199296,0.08244545317545149,0,merchant_plus_category_signals,mean_ensemble
2023-09-21,0,0.08529641830820153,0.08244545317545149,0,merchant_plus_category_signals,mean_ensemble
2023-09-22,0,0.04401538303270089,0.08244545317545149,0,merchant_plus_category_signals,mean_ensemble
2023-09-23,0,0.12028861128631307,0.08244545317545149,0,merchant_plus_category_signals,mean_ensemble
2023-09-24,0,0.12449204969603636,0.08244545317545149,0,merchant_plus_category_signals,mean_ensemble
2023-09-25,0,0.06887341834824799,0.08244545317545149,0,merchant_plus_category_signals,mean_ensemble
2023-09-26,0,0.29945881857635454,0.08244545317545149,0,merchant_plus_category_signals,mean_ensemble
2023-09-27,0,0.061735450769825576,0.08244545317545149,0,merchant_plus_category_signals,mean_ensemble
2023-09-28,0,0.036765733751638226,0.08244545317545149,0,merchant_plus_category_signals,mean_ensemble
2023-09-29,0,0.11899585729963331,0.08244545317545149,0,merchant_plus_category_signals,mean_ensemble
2023-09-30,0,0.05613650721866914,0.08244545317545149,0,merchant_plus_category_signals,mean_ensemble
2023-10-08,0,0.21131088385813898,0.29,1,merchant_plus_category_signals,mean_ensemble
2023-10-09,0,0.03525485308677715,0.29,1,merchant_plus_category_signals,mean_ensemble
2023-10-10,0,0.07307786163056078,0.29,1,merchant_plus_category_signals,mean_ensemble
2023-10-11,0,0.14466871346603022,0.29,1,merchant_plus_category_signals,mean_ensemble
2023-10-12,0,0.20098611846491166,0.29,1,merchant_plus_category_signals,mean_ensemble
2023-10-13,1,0.06786942358931251,0.29,1,merchant_plus_category_signals,mean_ensemble
2023-10-14,1,0.0608527202378868,0.29,1,merchant_plus_category_signals,mean_ensemble
2023-10-15,0,0.1518492850889129,0.29,1,merchant_plus_category_signals,mean_ensemble
2023-10-16,1,0.2183932995561032,0.29,1,merchant_plus_category_signals,mean_ensemble
2023-10-17,1,0.18193488949819459,0.29,1,merchant_plus_category_signals,mean_ensemble
2023-10-18,0,0.03481672158242629,0.29,1,merchant_plus_category_signals,mean_ensemble
2023-10-19,0,0.037061048344359485,0.29,1,merchant_plus_category_signals,mean_ensemble
2023-10-20,0,0.09110179011093147,0.29,1,merchant_plus_category_signals,mean_ensemble
2023-10-21,0,0.05498697368966061,0.29,1,merchant_plus_category_signals,mean_ensemble
2023-10-22,0,0.019343889999692148,0.29,1,merchant_plus_category_signals,mean_ensemble
2023-10-23,0,0.08670029768852229,0.29,1,merchant_plus_category_signals,mean_ensemble
2023-10-24,0,0.10750932231666682,0.29,1,merchant_plus_category_signals,mean_ensemble
2023-10-25,0,0.015121105701824993,0.29,1,merchant_plus_category_signals,mean_ensemble
2023-10-26,0,0.16025228238687605,0.29,1,merchant_plus_category_signals,mean_ensemble
2023-10-27,0,0.02621094281586484,0.29,1,merchant_plus_category_signals,mean_ensemble
2023-10-28,0,0.08802472466284104,0.29,1,merchant_plus_category_signals,mean_ensemble
2023-10-29,0,0.027785642029660357,0.29,1,merchant_plus_category_signals,mean_ensemble
2023-10-30,0,0.06272405078512623,0.29,1,merchant_plus_category_signals,mean_ensemble
2023-10-31,0,0.04720796469459776,0.29,1,merchant_plus_category_signals,mean_ensemble
2023-11-01,0,0.18862654357326164,0.29,1,merchant_plus_category_signals,mean_ensemble
2023-11-02,0,0.1446998636998144,0.29,1,merchant_plus_category_signals,mean_ensemble
2023-11-03,0,0.051452037969011905,0.29,1,merchant_plus_category_signals,mean_ensemble
2023-11-04,0,0.13336853916785232,0.29,1,merchant_plus_category_signals,mean_ensemble
2023-11-05,0,0.22903483671909608,0.29,1,merchant_plus_category_signals,mean_ensemble
2023-11-06,0,0.13268015989957543,0.29,1,merchant_plus_category_signals,mean_ensemble
2023-11-07,0,0.4636949208027258,0.29,1,merchant_plus_category_signals,mean_ensemble
2023-11-08,0,0.3125052348452831,0.29,1,merchant_plus_category_signals,mean_ensemble
2023-11-09,1,0.2673095537163756,0.29,1,merchant_plus_category_signals,mean_ensemble
2023-11-10,1,0.11176444326405045,0.29,1,merchant_plus_category_signals,mean_ensemble
2023-11-11,0,0.24596505496235085,0.29,1,merchant_plus_category_signals,mean_ensemble
2023-11-12,0,0.13795643185044668,0.29,1,merchant_plus_category_signals,mean_ensemble
2023-11-13,1,0.17040688514218277,0.29,1,merchant_plus_category_signals,mean_ensemble
2023-11-14,1,0.25615511772259475,0.29,1,merchant_plus_category_signals,mean_ensemble
2023-11-15,0,0.07235639051128809,0.29,1,merchant_plus_category_signals,mean_ensemble
2023-11-16,0,0.07600455766246317,0.29,1,merchant_plus_category_signals,mean_ensemble
2023-11-17,0,0.0399733111620948,0.29,1,merchant_plus_category_signals,mean_ensemble
2023-11-18,0,0.058567410650399436,0.29,1,merchant_plus_category_signals,mean_ensemble
2023-11-19,0,0.049122731620643845,0.29,1,merchant_plus_category_signals,mean_ensemble
2023-11-20,0,0.09405526874295318,0.29,1,merchant_plus_category_signals,mean_ensemble
2023-11-21,0,0.023629694438426038,0.29,1,merchant_plus_category_signals,mean_ensemble
2023-11-22,0,0.03396008967299932,0.29,1,merchant_plus_category_signals,mean_ensemble
2023-11-23,0,0.03822760550677336,0.29,1,merchant_plus_category_signals,mean_ensemble
2023-11-24,0,0.05756845331796854,0.29,1,merchant_plus_category_signals,mean_ensemble
2023-11-25,0,0.07464173969283698,0.29,1,merchant_plus_category_signals,mean_ensemble
2023-11-26,0,0.1329066994501193,0.29,1,merchant_plus_category_signals,mean_ensemble
2023-11-27,0,0.05449222778972701,0.29,1,merchant_plus_category_signals,mean_ensemble
2023-11-28,0,0.07304613042320923,0.29,1,merchant_plus_category_signals,mean_ensemble
2023-11-29,0,0.060694938517311586,0.29,1,merchant_plus_category_signals,mean_ensemble
2023-11-30,0,0.06812274511559206,0.29,1,merchant_plus_category_signals,mean_ensemble
2023-12-01,0,0.07656529080666753,0.29,1,merchant_plus_category_signals,mean_ensemble
2023-12-02,0,0.14538111858819217,0.29,1,merchant_plus_category_signals,mean_ensemble
2023-12-03,0,0.32419560700158656,0.29,1,merchant_plus_category_signals,mean_ensemble
2023-12-04,0,0.2963851664081041,0.29,1,merchant_plus_category_signals,mean_ensemble
2023-12-05,0,0.37852797315677145,0.29,1,merchant_plus_category_signals,mean_ensemble
2023-12-06,0,0.19937976504904176,0.29,1,merchant_plus_category_signals,mean_ensemble
2023-12-07,1,0.5257707471366903,0.29,1,merchant_plus_category_signals,mean_ensemble
2023-12-08,0,0.3952842054844671,0.29,1,merchant_plus_category_signals,mean_ensemble
2023-12-09,0,0.24302468178267886,0.29,1,merchant_plus_category_signals,mean_ensemble
2023-12-10,1,0.19210279258021695,0.29,1,merchant_plus_category_signals,mean_ensemble
2023-12-11,1,0.12152483817414433,0.29,1,merchant_plus_category_signals,mean_ensemble
2023-12-12,1,0.2741314304615569,0.29,1,merchant_plus_category_signals,mean_ensemble
2023-12-13,1,0.17527778462643026,0.29,1,merchant_plus_category_signals,mean_ensemble
2023-12-14,1,0.217771182120446,0.29,1,merchant_plus_category_signals,mean_ensemble
2023-12-15,1,0.07446257064284903,0.29,1,merchant_plus_category_signals,mean_ensemble
2023-12-16,0,0.16126339236222106,0.29,1,merchant_plus_category_signals,mean_ensemble
2023-12-17,0,0.08284360358437003,0.29,1,merchant_plus_category_signals,mean_ensemble
2023-12-18,0,0.11804435360341718,0.29,1,merchant_plus_category_signals,mean_ensemble
2023-12-19,0,0.06821198501562438,0.29,1,merchant_plus_category_signals,mean_ensemble
2023-12-20,0,0.2399788954437987,0.29,1,merchant_plus_category_signals,mean_ensemble
2023-12-21,0,0.021945698154914213,0.29,1,merchant_plus_category_signals,mean_ensemble
2023-12-22,0,0.10859266801444528,0.29,1,merchant_plus_category_signals,mean_ensemble
2023-12-23,0,0.018602017244080518,0.29,1,merchant_plus_category_signals,mean_ensemble
2023-12-24,0,0.022169545116892196,0.29,1,merchant_plus_category_signals,mean_ensemble
2023-12-25,0,0.04809848023914502,0.29,1,merchant_plus_category_signals,mean_ensemble
2023-12-26,0,0.06251112170898189,0.29,1,merchant_plus_category_signals,mean_ensemble
2023-12-27,0,0.02661517572558142,0.29,1,merchant_plus_category_signals,mean_ensemble
2023-12-28,0,0.05686341304734595,0.29,1,merchant_plus_category_signals,mean_ensemble
2023-12-29,0,0.0167242290588297,0.29,1,merchant_plus_category_signals,mean_ensemble
2023-12-30,0,0.014917403681216794,0.29,1,merchant_plus_category_signals,mean_ensemble
2023-12-31,0,0.266374463940931,0.29,1,merchant_plus_category_signals,mean_ensemble
2024-01-08,0,0.3062718490657203,0.10435287460121964,2,merchant_plus_category_signals,mean_ensemble
2024-01-09,0,0.4001895474212528,0.10435287460121964,2,merchant_plus_category_signals,mean_ensemble
2024-01-10,0,0.23597075623257957,0.10435287460121964,2,merchant_plus_category_signals,mean_ensemble
2024-01-11,1,0.3765387206823397,0.10435287460121964,2,merchant_plus_category_signals,mean_ensemble
2024-01-12,1,0.6040635687620745,0.10435287460121964,2,merchant_plus_category_signals,mean_ensemble
2024-01-13,1,0.22135179307275363,0.10435287460121964,2,merchant_plus_category_signals,mean_ensemble
2024-01-14,1,0.08648392745074727,0.10435287460121964,2,merchant_plus_category_signals,mean_ensemble
2024-01-15,1,0.17855267469793346,0.10435287460121964,2,merchant_plus_category_signals,mean_ensemble
2024-01-16,0,0.37463110624676654,0.10435287460121964,2,merchant_plus_category_signals,mean_ensemble
2024-01-17,1,0.28494054696187604,0.10435287460121964,2,merchant_plus_category_signals,mean_ensemble
2024-01-18,1,0.3302041214650048,0.10435287460121964,2,merchant_plus_category_signals,mean_ensemble
2024-01-19,1,0.12242239337954744,0.10435287460121964,2,merchant_plus_category_signals,mean_ensemble
2024-01-20,0,0.0707149092413386,0.10435287460121964,2,merchant_plus_category_signals,mean_ensemble
2024-01-21,0,0.026084768864015236,0.10435287460121964,2,merchant_plus_category_signals,mean_ensemble
2024-01-22,0,0.04143171056511996,0.10435287460121964,2,merchant_plus_category_signals,mean_ensemble
2024-01-23,0,0.035850908765459676,0.10435287460121964,2,merchant_plus_category_signals,mean_ensemble
2024-01-24,0,0.023042461034785536,0.10435287460121964,2,merchant_plus_category_signals,mean_ensemble
2024-01-25,0,0.11071853214321964,0.10435287460121964,2,merchant_plus_category_signals,mean_ensemble
2024-01-26,0,0.01395983997596027,0.10435287460121964,2,merchant_plus_category_signals,mean_ensemble
2024-01-27,0,0.04751353391328315,0.10435287460121964,2,merchant_plus_category_signals,mean_ensemble
2024-01-28,0,0.01787041396094632,0.10435287460121964,2,merchant_plus_category_signals,mean_ensemble
2024-01-29,0,0.021470714111311913,0.10435287460121964,2,merchant_plus_category_signals,mean_ensemble
2024-01-30,1,0.030563038134948504,0.10435287460121964,2,merchant_plus_category_signals,mean_ensemble
2024-01-31,0,0.06007738968428487,0.10435287460121964,2,merchant_plus_category_signals,mean_ensemble
2024-02-01,0,0.05381395069649224,0.10435287460121964,2,merchant_plus_category_signals,mean_ensemble
2024-02-02,0,0.055606910467978034,0.10435287460121964,2,merchant_plus_category_signals,mean_ensemble
2024-02-03,0,0.024527119426925703,0.10435287460121964,2,merchant_plus_category_signals,mean_ensemble
2024-02-04,0,0.21314511523673127,0.10435287460121964,2,merchant_plus_category_signals,mean_ensemble
2024-02-05,0,0.39592593779057256,0.10435287460121964,2,merchant_plus_category_signals,mean_ensemble
2024-02-06,0,0.43876431505600333,0.10435287460121964,2,merchant_plus_category_signals,mean_ensemble
2024-02-07,0,0.3461481784000173,0.10435287460121964,2,merchant_plus_category_signals,mean_ensemble
2024-02-08,0,0.7404019877243074,0.10435287460121964,2,merchant_plus_category_signals,mean_ensemble
2024-02-09,0,0.7028869056991633,0.10435287460121964,2,merchant_plus_category_signals,mean_ensemble
2024-02-10,0,0.5103571850098932,0.10435287460121964,2,merchant_plus_category_signals,mean_ensemble
2024-02-11,0,0.3892822979315257,0.10435287460121964,2,merchant_plus_category_signals,mean_ensemble
2024-02-12,0,0.2934833408803324,0.10435287460121964,2,merchant_plus_category_signals,mean_ensemble
2024-02-13,0,0.1984869317186438,0.10435287460121964,2,merchant_plus_category_signals,mean_ensemble
2024-02-14,0,0.3085820865052715,0.10435287460121964,2,merchant_plus_category_signals,mean_ensemble
2024-02-15,0,0.3701790196452297,0.10435287460121964,2,merchant_plus_category_signals,mean_ensemble
2024-02-16,0,0.3859263185616727,0.10435287460121964,2,merchant_plus_category_signals,mean_ensemble
2024-02-17,0,0.26706972776610394,0.10435287460121964,2,merchant_plus_category_signals,mean_ensemble
2024-02-18,0,0.12039266841140485,0.10435287460121964,2,merchant_plus_category_signals,mean_ensemble
2024-02-19,0,0.1144029437577816,0.10435287460121964,2,merchant_plus_category_signals,mean_ensemble
2024-02-20,0,0.2823426322423195,0.10435287460121964,2,merchant_plus_category_signals,mean_ensemble
2024-02-21,0,0.21763909269104773,0.10435287460121964,2,merchant_plus_category_signals,mean_ensemble
2024-02-22,0,0.226382664148201,0.10435287460121964,2,merchant_plus_category_signals,mean_ensemble
2024-02-23,0,0.21709481073450124,0.10435287460121964,2,merchant_plus_category_signals,mean_ensemble
2024-02-24,0,0.08004433309669777,0.10435287460121964,2,merchant_plus_category_signals,mean_ensemble
2024-02-25,0,0.010049238731785282,0.10435287460121964,2,merchant_plus_category_signals,mean_ensemble
2024-02-26,0,0.00966740247652721,0.10435287460121964,2,merchant_plus_category_signals,mean_ensemble
2024-02-27,0,0.03381406836909862,0.10435287460121964,2,merchant_plus_category_signals,mean_ensemble
2024-02-28,0,0.019992047216680325,0.10435287460121964,2,merchant_plus_category_signals,mean_ensemble
2024-02-29,0,0.06557997587194758,0.10435287460121964,2,merchant_plus_category_signals,mean_ensemble
2024-03-01,0,0.050385102886012015,0.10435287460121964,2,merchant_plus_category_signals,mean_ensemble
2024-03-02,0,0.11050608420506525,0.10435287460121964,2,merchant_plus_category_signals,mean_ensemble
2024-03-03,0,0.26889473461931246,0.10435287460121964,2,merchant_plus_category_signals,mean_ensemble
2024-03-04,0,0.2790451948613892,0.10435287460121964,2,merchant_plus_category_signals,mean_ensemble
2024-03-05,0,0.36347588408912435,0.10435287460121964,2,merchant_plus_category_signals,mean_ensemble
2024-03-06,0,0.26818944484213925,0.10435287460121964,2,merchant_plus_category_signals,mean_ensemble
2024-03-07,0,0.4753050340480807,0.10435287460121964,2,merchant_plus_category_signals,mean_ensemble
2024-03-08,0,0.17468409456771528,0.10435287460121964,2,merchant_plus_category_signals,mean_ensemble
2024-03-09,1,0.32004843752295165,0.10435287460121964,2,merchant_plus_category_signals,mean_ensemble
2024-03-10,1,0.5584927951481795,0.10435287460121964,2,merchant_plus_category_signals,mean_ensemble
2024-03-11,1,0.8027207931163163,0.10435287460121964,2,merchant_plus_category_signals,mean_ensemble
2024-03-12,1,0.8315273815726714,0.10435287460121964,2,merchant_plus_category_signals,mean_ensemble
2024-03-13,1,0.6338256644519228,0.10435287460121964,2,merchant_plus_category_signals,mean_ensemble
2024-03-14,1,0.5894144661433554,0.10435287460121964,2,merchant_plus_category_signals,mean_ensemble
2024-03-15,1,0.34561160631338655,0.10435287460121964,2,merchant_plus_category_signals,mean_ensemble
2024-03-16,1,0.2758686428354734,0.10435287460121964,2,merchant_plus_category_signals,mean_ensemble
2024-03-17,0,0.11664605535760002,0.10435287460121964,2,merchant_plus_category_signals,mean_ensemble
2024-03-18,0,0.1489841567678291,0.10435287460121964,2,merchant_plus_category_signals,mean_ensemble
2024-03-19,0,0.02386295703359682,0.10435287460121964,2,merchant_plus_category_signals,mean_ensemble
2024-03-20,0,0.08238509987151552,0.10435287460121964,2,merchant_plus_category_signals,mean_ensemble
2024-03-21,0,0.032573995198442424,0.10435287460121964,2,merchant_plus_category_signals,mean_ensemble
2024-03-22,0,0.04771291666473334,0.10435287460121964,2,merchant_plus_category_signals,mean_ensemble
2024-03-23,0,0.048551088427975134,0.10435287460121964,2,merchant_plus_category_signals,mean_ensemble
2024-03-24,0,0.05248020695358422,0.10435287460121964,2,merchant_plus_category_signals,mean_ensemble
2024-03-25,0,0.0400612065127634,0.10435287460121964,2,merchant_plus_category_signals,mean_ensemble
2024-03-26,0,0.018603402722756443,0.10435287460121964,2,merchant_plus_category_signals,mean_ensemble
2024-03-27,0,0.010942703428228485,0.10435287460121964,2,merchant_plus_category_signals,mean_ensemble
2024-03-28,0,0.04040368069447276,0.10435287460121964,2,merchant_plus_category_signals,mean_ensemble
2024-03-29,0,0.017034337774401994,0.10435287460121964,2,merchant_plus_category_signals,mean_ensemble
2024-03-30,0,0.06046593452879747,0.10435287460121964,2,merchant_plus_category_signals,mean_ensemble
2024-03-31,0,0.0491863501796439,0.10435287460121964,2,merchant_plus_category_signals,mean_ensemble
2024-04-08,0,0.7068245547803782,0.26669810218009915,3,merchant_plus_category_signals,mean_ensemble
2024-04-09,0,0.3926352770911866,0.26669810218009915,3,merchant_plus_category_signals,mean_ensemble
2024-04-10,1,0.6257788054274829,0.26669810218009915,3,merchant_plus_category_signals,mean_ensemble
2024-04-11,1,0.740003539311856,0.26669810218009915,3,merchant_plus_category_signals,mean_ensemble
2024-04-12,0,0.6741796383941917,0.26669810218009915,3,merchant_plus_category_signals,mean_ensemble
2024-04-13,1,0.4059497128627229,0.26669810218009915,3,merchant_plus_category_signals,mean_ensemble
2024-04-14,1,0.09780803300678438,0.26669810218009915,3,merchant_plus_category_signals,mean_ensemble
2024-04-15,1,0.1119909108132635,0.26669810218009915,3,merchant_plus_category_signals,mean_ensemble
2024-04-16,1,0.08226506130524196,0.26669810218009915,3,merchant_plus_category_signals,mean_ensemble
2024-04-17,1,0.29159714914004864,0.26669810218009915,3,merchant_plus_category_signals,mean_ensemble
2024-04-18,1,0.4050662218258202,0.26669810218009915,3,merchant_plus_category_signals,mean_ensemble
2024-04-19,1,0.15472552488950203,0.26669810218009915,3,merchant_plus_category_signals,mean_ensemble
2024-04-20,1,0.2957463691532263,0.26669810218009915,3,merchant_plus_category_signals,mean_ensemble
2024-04-21,0,0.04485257296757351,0.26669810218009915,3,merchant_plus_category_signals,mean_ensemble
2024-04-22,0,0.06569925771694834,0.26669810218009915,3,merchant_plus_category_signals,mean_ensemble
2024-04-23,0,0.06280179370536577,0.26669810218009915,3,merchant_plus_category_signals,mean_ensemble
2024-04-24,0,0.01310729419481087,0.26669810218009915,3,merchant_plus_category_signals,mean_ensemble
2024-04-25,0,0.020973522993560926,0.26669810218009915,3,merchant_plus_category_signals,mean_ensemble
2024-04-26,0,0.05794939408289198,0.26669810218009915,3,merchant_plus_category_signals,mean_ensemble
2024-04-27,0,0.06883323605123146,0.26669810218009915,3,merchant_plus_category_signals,mean_ensemble
2024-04-28,0,0.02130190518776401,0.26669810218009915,3,merchant_plus_category_signals,mean_ensemble
2024-04-29,0,0.03292702571151845,0.26669810218009915,3,merchant_plus_category_signals,mean_ensemble
2024-04-30,0,0.04011770046008596,0.26669810218009915,3,merchant_plus_category_signals,mean_ensemble
2024-05-01,0,0.014052229355026853,0.26669810218009915,3,merchant_plus_category_signals,mean_ensemble
2024-05-02,0,0.02422204985913009,0.26669810218009915,3,merchant_plus_category_signals,mean_ensemble
2024-05-03,0,0.0526662190493728,0.26669810218009915,3,merchant_plus_category_signals,mean_ensemble
2024-05-04,0,0.08100213732251271,0.26669810218009915,3,merchant_plus_category_signals,mean_ensemble
2024-05-05,0,0.27734998399904875,0.26669810218009915,3,merchant_plus_category_signals,mean_ensemble
2024-05-06,0,0.16494042464983205,0.26669810218009915,3,merchant_plus_category_signals,mean_ensemble
2024-05-07,0,0.2552093902851765,0.26669810218009915,3,merchant_plus_category_signals,mean_ensemble
2024-05-08,0,0.21575424930139808,0.26669810218009915,3,merchant_plus_category_signals,mean_ensemble
2024-05-09,0,0.2336151987659901,0.26669810218009915,3,merchant_plus_category_signals,mean_ensemble
2024-05-10,0,0.20967528574047234,0.26669810218009915,3,merchant_plus_category_signals,mean_ensemble
2024-05-11,0,0.2652451705849113,0.26669810218009915,3,merchant_plus_category_signals,mean_ensemble
2024-05-12,0,0.5076384185051683,0.26669810218009915,3,merchant_plus_category_signals,mean_ensemble
2024-05-13,0,0.19613751076139654,0.26669810218009915,3,merchant_plus_category_signals,mean_ensemble
2024-05-14,0,0.19671796236457248,0.26669810218009915,3,merchant_plus_category_signals,mean_ensemble
2024-05-15,0,0.22551439355071456,0.26669810218009915,3,merchant_plus_category_signals,mean_ensemble
2024-05-16,0,0.2818247780413835,0.26669810218009915,3,merchant_plus_category_signals,mean_ensemble
2024-05-17,1,0.36095933214495035,0.26669810218009915,3,merchant_plus_category_signals,mean_ensemble
2024-05-18,0,0.22576109025187374,0.26669810218009915,3,merchant_plus_category_signals,mean_ensemble
2024-05-19,0,0.12354697166976411,0.26669810218009915,3,merchant_plus_category_signals,mean_ensemble
2024-05-20,0,0.25633382276365085,0.26669810218009915,3,merchant_plus_category_signals,mean_ensemble
2024-05-21,0,0.12586097741462132,0.26669810218009915,3,merchant_plus_category_signals,mean_ensemble
2024-05-22,0,0.3849036735039776,0.26669810218009915,3,merchant_plus_category_signals,mean_ensemble
2024-05-23,0,0.3164421192324322,0.26669810218009915,3,merchant_plus_category_signals,mean_ensemble
2024-05-24,0,0.0801147850244317,0.26669810218009915,3,merchant_plus_category_signals,mean_ensemble
2024-05-25,0,0.059808504787091564,0.26669810218009915,3,merchant_plus_category_signals,mean_ensemble
2024-05-26,0,0.022990323007261237,0.26669810218009915,3,merchant_plus_category_signals,mean_ensemble
2024-05-27,0,0.0460305627018346,0.26669810218009915,3,merchant_plus_category_signals,mean_ensemble
2024-05-28,0,0.09360015013738568,0.26669810218009915,3,merchant_plus_category_signals,mean_ensemble
2024-05-29,0,0.0698359681885541,0.26669810218009915,3,merchant_plus_category_signals,mean_ensemble
2024-05-30,0,0.015383992665861192,0.26669810218009915,3,merchant_plus_category_signals,mean_ensemble
2024-05-31,0,0.023115730042692843,0.26669810218009915,3,merchant_plus_category_signals,mean_ensemble
2024-06-01,0,0.2117987086944361,0.26669810218009915,3,merchant_plus_category_signals,mean_ensemble
2024-06-02,0,0.17648789602157025,0.26669810218009915,3,merchant_plus_category_signals,mean_ensemble
2024-06-03,0,0.2549282804827316,0.26669810218009915,3,merchant_plus_category_signals,mean_ensemble
2024-06-04,0,0.19176301286734554,0.26669810218009915,3,merchant_plus_category_signals,mean_ensemble
2024-06-05,0,0.12413415545026174,0.26669810218009915,3,merchant_plus_category_signals,mean_ensemble
2024-06-06,0,0.24457383515559944,0.26669810218009915,3,merchant_plus_category_signals,mean_ensemble
2024-06-07,0,0.18625305476008236,0.26669810218009915,3,merchant_plus_category_signals,mean_ensemble
2024-06-08,0,0.16346836780858562,0.26669810218009915,3,merchant_plus_category_signals,mean_ensemble
2024-06-09,0,0.15331149976982178,0.26669810218009915,3,merchant_plus_category_signals,mean_ensemble
2024-06-10,0,0.08562296292926495,0.26669810218009915,3,merchant_plus_category_signals,mean_ensemble
2024-06-11,0,0.11098144493585571,0.26669810218009915,3,merchant_plus_category_signals,mean_ensemble
2024-06-12,0,0.10781072613755274,0.26669810218009915,3,merchant_plus_category_signals,mean_ensemble
2024-06-13,0,0.1799697458008117,0.26669810218009915,3,merchant_plus_category_signals,mean_ensemble
2024-06-14,1,0.30800262843151627,0.26669810218009915,3,merchant_plus_category_signals,mean_ensemble
2024-06-15,1,0.20422323911341478,0.26669810218009915,3,merchant_plus_category_signals,mean_ensemble
2024-06-16,1,0.545702069758373,0.26669810218009915,3,merchant_plus_category_signals,mean_ensemble
2024-06-17,1,0.6139790567836735,0.26669810218009915,3,merchant_plus_category_signals,mean_ensemble
2024-06-18,1,0.7380706565441839,0.26669810218009915,3,merchant_plus_category_signals,mean_ensemble
2024-06-19,1,0.4479593113147306,0.26669810218009915,3,merchant_plus_category_signals,mean_ensemble
2024-06-20,1,0.46823053705192363,0.26669810218009915,3,merchant_plus_category_signals,mean_ensemble
2024-06-21,1,0.3896691395163254,0.26669810218009915,3,merchant_plus_category_signals,mean_ensemble
2024-06-22,0,0.476972041272642,0.26669810218009915,3,merchant_plus_category_signals,mean_ensemble
2024-06-23,0,0.0729892313065645,0.26669810218009915,3,merchant_plus_category_signals,mean_ensemble
2024-06-24,0,0.15133185146598008,0.26669810218009915,3,merchant_plus_category_signals,mean_ensemble
2024-06-25,0,0.034906370960398274,0.26669810218009915,3,merchant_plus_category_signals,mean_ensemble
2024-06-26,0,0.31695728626785613,0.26669810218009915,3,merchant_plus_category_signals,mean_ensemble
2024-06-27,0,0.19103741638919935,0.26669810218009915,3,merchant_plus_category_signals,mean_ensemble
2024-06-28,0,0.10496768549684465,0.26669810218009915,3,merchant_plus_category_signals,mean_ensemble
2024-06-29,0,0.052576443680793894,0.26669810218009915,3,merchant_plus_category_signals,mean_ensemble
2024-06-30,0,0.011864223354768035,0.26669810218009915,3,merchant_plus_category_signals,mean_ensemble
2024-07-08,0,0.17580676835326634,0.3857424936629952,4,merchant_plus_category_signals,mean_ensemble
2024-07-09,0,0.20808558523400725,0.3857424936629952,4,merchant_plus_category_signals,mean_ensemble
2024-07-10,0,0.35382593013974784,0.3857424936629952,4,merchant_plus_category_signals,mean_ensemble
2024-07-11,0,0.16741523717898646,0.3857424936629952,4,merchant_plus_category_signals,mean_ensemble
2024-07-12,0,0.21296906138476826,0.3857424936629952,4,merchant_plus_category_signals,mean_ensemble
2024-07-13,0,0.1498795850595887,0.3857424936629952,4,merchant_plus_category_signals,mean_ensemble
2024-07-14,1,0.22254811665786128,0.3857424936629952,4,merchant_plus_category_signals,mean_ensemble
2024-07-15,1,0.49390816757005096,0.3857424936629952,4,merchant_plus_category_signals,mean_ensemble
2024-07-16,0,0.2899043734831886,0.3857424936629952,4,merchant_plus_category_signals,mean_ensemble
2024-07-17,1,0.3467494456090252,0.3857424936629952,4,merchant_plus_category_signals,mean_ensemble
2024-07-18,1,0.2857292790289,0.3857424936629952,4,merchant_plus_category_signals,mean_ensemble
2024-07-19,0,0.34937484421880044,0.3857424936629952,4,merchant_plus_category_signals,mean_ensemble
2024-07-20,0,0.4735291779362708,0.3857424936629952,4,merchant_plus_category_signals,mean_ensemble
2024-07-21,0,0.11279198869089505,0.3857424936629952,4,merchant_plus_category_signals,mean_ensemble
2024-07-22,0,0.027779910962503825,0.3857424936629952,4,merchant_plus_category_signals,mean_ensemble
2024-07-23,0,0.018507175568711478,0.3857424936629952,4,merchant_plus_category_signals,mean_ensemble
2024-07-24,0,0.016875212421628257,0.3857424936629952,4,merchant_plus_category_signals,mean_ensemble
2024-07-25,0,0.016624037017466866,0.3857424936629952,4,merchant_plus_category_signals,mean_ensemble
2024-07-26,0,0.03927175138636383,0.3857424936629952,4,merchant_plus_category_signals,mean_ensemble
2024-07-27,0,0.018060399269502536,0.3857424936629952,4,merchant_plus_category_signals,mean_ensemble
2024-07-28,0,0.004530261339962042,0.3857424936629952,4,merchant_plus_category_signals,mean_ensemble
2024-07-29,0,0.102185837114974,0.3857424936629952,4,merchant_plus_category_signals,mean_ensemble
2024-07-30,0,0.018537503003985746,0.3857424936629952,4,merchant_plus_category_signals,mean_ensemble
2024-07-31,0,0.06336625171009144,0.3857424936629952,4,merchant_plus_category_signals,mean_ensemble
2024-08-01,0,0.046722127180777985,0.3857424936629952,4,merchant_plus_category_signals,mean_ensemble
2024-08-02,0,0.0636147159202605,0.3857424936629952,4,merchant_plus_category_signals,mean_ensemble
2024-08-03,0,0.06741907309868493,0.3857424936629952,4,merchant_plus_category_signals,mean_ensemble
2024-08-04,0,0.4197344818138754,0.3857424936629952,4,merchant_plus_category_signals,mean_ensemble
2024-08-05,0,0.33004338096007335,0.3857424936629952,4,merchant_plus_category_signals,mean_ensemble
2024-08-06,0,0.4004272648589964,0.3857424936629952,4,merchant_plus_category_signals,mean_ensemble
2024-08-07,0,0.3022370161633151,0.3857424936629952,4,merchant_plus_category_signals,mean_ensemble
2024-08-08,0,0.4849836936951378,0.3857424936629952,4,merchant_plus_category_signals,mean_ensemble
2024-08-09,0,0.3280133430507932,0.3857424936629952,4,merchant_plus_category_signals,mean_ensemble
2024-08-10,0,0.4230507835201898,0.3857424936629952,4,merchant_plus_category_signals,mean_ensemble
2024-08-11,0,0.32848266359091266,0.3857424936629952,4,merchant_plus_category_signals,mean_ensemble
2024-08-12,0,0.2275345423125034,0.3857424936629952,4,merchant_plus_category_signals,mean_ensemble
2024-08-13,0,0.2190899703893939,0.3857424936629952,4,merchant_plus_category_signals,mean_ensemble
2024-08-14,1,0.29262144417779995,0.3857424936629952,4,merchant_plus_category_signals,mean_ensemble
2024-08-15,0,0.21590521254044828,0.3857424936629952,4,merchant_plus_category_signals,mean_ensemble
2024-08-16,0,0.11309299945432248,0.3857424936629952,4,merchant_plus_category_signals,mean_ensemble
2024-08-17,0,0.22189891405472134,0.3857424936629952,4,merchant_plus_category_signals,mean_ensemble
2024-08-18,0,0.6823073160506512,0.3857424936629952,4,merchant_plus_category_signals,mean_ensemble
2024-08-19,0,0.6879972020106807,0.3857424936629952,4,merchant_plus_category_signals,mean_ensemble
