date,target,fold_id,rank_score,raw_score,config_id
2023-07-08,0,0,0.696,0.02929683808693783,0
2023-07-09,0,0,0.144,0.008621878847457753,0
2023-07-10,0,0,0.24,0.010656937670069182,0
2023-07-11,0,0,0.792,0.040230176819394746,0
2023-07-12,0,0,0.544,0.018888230456853276,0
2023-07-13,1,0,0.616,0.023340159192913795,0
2023-07-14,1,0,0.344,0.011950949157147747,0
2023-07-15,0,0,0.336,0.011581171769924582,0
2023-07-16,0,0,0.112,0.007861116799897646,0
2023-07-17,0,0,0.144,0.008453826893695317,0
2023-07-18,0,0,0.0,0.004288390316813879,0
2023-07-19,0,0,0.12,0.008165261106355614,0
2023-07-20,0,0,0.448,0.014517734198631995,0
2023-07-21,0,0,0.176,0.009173310871676266,0
2023-07-22,0,0,0.312,0.011272380933229055,0
2023-07-23,0,0,0.8,0.04156090230545961,0
2023-07-24,0,0,0.4,0.01340351974702127,0
2023-07-25,0,0,0.568,0.020442590688448968,0
2023-07-26,0,0,0.8,0.041238283228157,0
2023-07-27,0,0,0.832,0.04659410476015518,0
2023-07-28,0,0,0.464,0.015430189199807353,0
2023-07-29,0,0,0.896,0.11532217881631138,0
2023-07-30,0,0,0.832,0.045796357182681074,0
2023-07-31,0,0,0.232,0.010294301827450029,0
2023-08-01,0,0,0.832,0.04680215560515801,0
2023-08-02,0,0,0.52,0.017895647463052743,0
2023-08-03,0,0,0.36,0.012407189623461793,0
2023-08-04,0,0,0.808,0.042092749083939,0
2023-08-05,0,0,0.52,0.018122913097188987,0
2023-08-06,0,0,0.264,0.010772942361837104,0
2023-08-07,0,0,0.296,0.01100010746663625,0
2023-08-08,0,0,0.088,0.007231560237150845,0
2023-08-09,0,0,0.168,0.008958971799651685,0
2023-08-10,0,0,0.68,0.027262012885707416,0
2023-08-11,0,0,0.624,0.02352722010021002,0
2023-08-12,0,0,0.592,0.02153662653872247,0
2023-08-13,0,0,0.192,0.009492197025658467,0
2023-08-14,0,0,0.12,0.00803036963042179,0
2023-08-15,0,0,0.568,0.020777215766472217,0
2023-08-16,0,0,0.08,0.006861643889849134,0
2023-08-17,0,0,0.224,0.00980981977983395,0
2023-08-18,1,0,0.088,0.007203279835625781,0
2023-08-19,0,0,0.424,0.013595315292388091,0
2023-08-20,0,0,0.592,0.021992672146066438,0
2023-08-21,0,0,0.832,0.04854126838225923,0
2023-08-22,0,0,0.888,0.09201363179822354,0
2023-08-23,0,0,0.432,0.01402400916061147,0
2023-08-24,0,0,0.672,0.025469244647887287,0
2023-08-25,0,0,0.52,0.017821484047316104,0
2023-08-26,0,0,0.504,0.017417968386165432,0
2023-08-27,0,0,0.904,0.2526019993053867,0
2023-08-28,0,0,0.808,0.04285832597611909,0
2023-08-29,0,0,0.768,0.03425191447418862,0
2023-08-30,0,0,0.904,0.16629227113169248,0
2023-08-31,0,0,0.496,0.017110360868296856,0
2023-09-01,0,0,0.904,0.4040247998715555,0
2023-09-02,0,0,0.792,0.0410041823363753,0
2023-09-03,0,0,0.896,0.128508791867943,0
2023-09-04,0,0,0.904,0.3852207163924732,0
2023-09-05,1,0,0.904,0.23782447866312917,0
2023-09-06,1,0,0.776,0.03862225461865922,0
2023-09-07,1,0,0.896,0.13220867674279607,0
2023-09-08,1,0,0.904,0.5033364527829653,0
2023-09-09,0,0,0.904,0.19420682584578325,0
2023-09-10,0,0,0.424,0.013714303821919887,0
2023-09-11,0,0,0.696,0.029044898588161183,0
2023-09-12,0,0,0.344,0.012156659246985628,0
2023-09-13,0,0,0.448,0.014758925706796131,0
2023-09-14,0,0,0.648,0.024400148071776998,0
2023-09-15,0,0,0.488,0.016137326376884333,0
2023-09-16,0,0,0.592,0.022383563082795987,0
2023-09-17,0,0,0.344,0.012051254715053373,0
2023-09-18,0,0,0.016,0.005217914975172558,0
2023-09-19,0,0,0.128,0.008197914174014952,0
2023-09-20,0,0,0.264,0.010782813667605662,0
2023-09-21,0,0,0.312,0.011368766562995404,0
2023-09-22,0,0,0.04,0.0055920173046366305,0
2023-09-23,0,0,0.768,0.03771399678066837,0
2023-09-24,0,0,0.616,0.023212155891562673,0
2023-09-25,0,0,0.632,0.024152995609675997,0
2023-09-26,0,0,0.904,0.2954621073513218,0
2023-09-27,0,0,0.768,0.03444958255824666,0
2023-09-28,0,0,0.216,0.009799219313083064,0
2023-09-29,0,0,0.84,0.04916439625757247,0
2023-09-30,0,0,0.608,0.02294253695722593,0
2023-10-08,0,1,0.6728110599078341,0.03123451979975805,0
2023-10-09,0,1,0.271889400921659,0.010121768098911587,0
2023-10-10,0,1,0.41935483870967744,0.014268786533709636,0
2023-10-11,0,1,0.391705069124424,0.013471150307647806,0
2023-10-12,0,1,0.8894009216589862,0.10316344809071723,0
2023-10-13,1,1,0.5990783410138248,0.02184155314996072,0
2023-10-14,1,1,0.39631336405529954,0.013785814073312022,0
2023-10-15,0,1,0.6082949308755761,0.023029715670814428,0
2023-10-16,1,1,0.7557603686635944,0.040783767578621684,0
2023-10-17,1,1,0.7557603686635944,0.039261445516451415,0
2023-10-18,0,1,0.11059907834101383,0.006219765858793978,0
2023-10-19,0,1,0.14285714285714285,0.006800581848782406,0
2023-10-20,0,1,0.29493087557603687,0.010687082575728282,0
2023-10-21,0,1,0.31336405529953915,0.011419491678228992,0
2023-10-22,0,1,0.19815668202764977,0.008100885101819394,0
2023-10-23,0,1,0.847926267281106,0.0660286977611889,0
2023-10-24,0,1,0.8248847926267281,0.055656897818113726,0
2023-10-25,0,1,0.21658986175115208,0.008214568309789866,0
2023-10-26,0,1,0.7327188940092166,0.03657825135857687,0
2023-10-27,0,1,0.2626728110599078,0.009388824083305372,0
2023-10-28,0,1,0.7557603686635944,0.040319190252085746,0
2023-10-29,0,1,0.4930875576036866,0.01702011035043949,0
2023-10-30,0,1,0.6082949308755761,0.024003422162071138,0
2023-10-31,0,1,0.2626728110599078,0.009594379254273524,0
2023-11-01,0,1,0.4608294930875576,0.016081770955760268,0
2023-11-02,0,1,0.31336405529953915,0.011636846050029003,0
2023-11-03,0,1,0.19815668202764977,0.008140966768291904,0
2023-11-04,0,1,0.6543778801843319,0.029768343680900828,0
2023-11-05,0,1,0.9032258064516129,0.14648163173248815,0
2023-11-06,0,1,0.7373271889400922,0.03759955812061599,0
2023-11-07,0,1,0.9078341013824884,0.21327733945120336,0
2023-11-08,0,1,0.9124423963133641,0.35584500708353495,0
2023-11-09,1,1,0.8847926267281107,0.08759415442874376,0
2023-11-10,1,1,0.6497695852534562,0.028634047574910504,0
2023-11-11,0,1,0.8894009216589862,0.10656960216194977,0
2023-11-12,0,1,0.6405529953917051,0.026972757062207142,0
2023-11-13,1,1,0.8847926267281107,0.08627912778004508,0
2023-11-14,1,1,0.8433179723502304,0.06379020792467173,0
2023-11-15,0,1,0.391705069124424,0.013471011813753049,0
2023-11-16,0,1,0.47465437788018433,0.01619657581519983,0
2023-11-17,0,1,0.2672811059907834,0.010071866747208951,0
2023-11-18,0,1,0.4930875576036866,0.016799426439647977,0
2023-11-19,0,1,0.4055299539170507,0.014008748318003698,0
2023-11-20,0,1,0.7926267281105991,0.04382108405988844,0
2023-11-21,0,1,0.17972350230414746,0.007540241831807852,0
2023-11-22,0,1,0.16589861751152074,0.0070095811175326095,0
2023-11-23,0,1,0.17050691244239632,0.007190077848993758,0
2023-11-24,0,1,0.6497695852534562,0.028221534903902938,0
2023-11-25,0,1,0.5161290322580645,0.017836248763600366,0
2023-11-26,0,1,0.6497695852534562,0.028270228712545926,0
2023-11-27,0,1,0.2626728110599078,0.009245610738226124,0
2023-11-28,0,1,0.6866359447004609,0.033088545362159785,0
2023-11-29,0,1,0.2995391705069124,0.010947610070794271,0
2023-11-30,0,1,0.2534562211981567,0.008760496516693422,0
2023-12-01,0,1,0.21658986175115208,0.008267634470170378,0
2023-12-02,0,1,0.847926267281106,0.06690889211871691,0
2023-12-03,0,1,0.9032258064516129,0.13429351038849205,0
2023-12-04,0,1,0.9032258064516129,0.12699053136280547,0
2023-12-05,0,1,0.9124423963133641,0.35224705543915347,0
2023-12-06,0,1,0.8387096774193549,0.05918907414085083,0
2023-12-07,1,1,0.9124423963133641,0.4604572383237608,0
2023-12-08,0,1,0.9124423963133641,0.3012434867908242,0
2023-12-09,0,1,0.8847926267281107,0.08790995492325349,0
2023-12-10,1,1,0.9032258064516129,0.15726827480929487,0
2023-12-11,1,1,0.7327188940092166,0.03625778422668599,0
2023-12-12,1,1,0.9124423963133641,0.3765140823376613,0
2023-12-13,1,1,0.880184331797235,0.08280176223570486,0
2023-12-14,1,1,0.8755760368663594,0.07487984817994989,0
2023-12-15,1,1,0.391705069124424,0.013525515791297286,0
2023-12-16,0,1,0.8755760368663594,0.07988308748681777,0
2023-12-17,0,1,0.6221198156682027,0.025287642263633517,0
2023-12-18,0,1,0.8433179723502304,0.061742494368458724,0
2023-12-19,0,1,0.2995391705069124,0.010992119148648657,0
2023-12-20,0,1,0.9032258064516129,0.13023061998906943,0
2023-12-21,0,1,0.02304147465437788,0.0037067057624557078,0
2023-12-22,0,1,0.7050691244239631,0.034624975493363616,0
2023-12-23,0,1,0.17050691244239632,0.007048371895989819,0
2023-12-24,0,1,0.0,0.002640492388027074,0
2023-12-25,0,1,0.7603686635944701,0.04110549609726622,0
2023-12-26,0,1,0.4423963133640553,0.015276054117419193,0
2023-12-27,0,1,0.16589861751152074,0.007000689770230297,0
2023-12-28,0,1,0.35023041474654376,0.012631945277898118,0
2023-12-29,0,1,0.09216589861751152,0.005828851153125885,0
2023-12-30,0,1,0.06451612903225806,0.005224251598603012,0
2023-12-31,0,1,0.9032258064516129,0.14856879203190654,0
2024-01-08,0,2,0.8867313915857605,0.23236657428137733,0
2024-01-09,0,2,0.889967637540453,0.4736551678661383,0
2024-01-10,0,2,0.8640776699029126,0.1491959498217436,0
2024-01-11,1,2,0.889967637540453,0.2845331783693685,0
2024-01-12,1,2,0.889967637540453,0.7606584812101842,0
2024-01-13,1,2,0.7249190938511327,0.07040262413727891,0
2024-01-14,1,2,0.32362459546925565,0.018999604851896158,0
2024-01-15,1,2,0.6828478964401294,0.05876955397316503,0
2024-01-16,0,2,0.7993527508090615,0.0950180156622117,0
2024-01-17,1,2,0.8640776699029126,0.1372395974510329,0
2024-01-18,1,2,0.7087378640776699,0.06652071771769023,0
2024-01-19,1,2,0.4692556634304207,0.0302672330065994,0
2024-01-20,0,2,0.36245954692556637,0.02212957019997417,0
2024-01-21,0,2,0.038834951456310676,0.0072097373497093465,0
2024-01-22,0,2,0.30097087378640774,0.01749298276285546,0
2024-01-23,0,2,0.26537216828478966,0.01570813680041267,0
2024-01-24,0,2,0.038834951456310676,0.0071449598800942685,0
2024-01-25,0,2,0.6407766990291263,0.05038177121339675,0
2024-01-26,0,2,0.019417475728155338,0.004343506658612403,0
2024-01-27,0,2,0.3559870550161812,0.02000373208394535,0
2024-01-28,0,2,0.2524271844660194,0.01537742918199545,0
2024-01-29,0,2,0.30097087378640774,0.01762549145804834,0
2024-01-30,1,2,0.6731391585760518,0.056306325222771306,0
2024-01-31,0,2,0.48220064724919093,0.031329422447856616,0
2024-02-01,0,2,0.18770226537216828,0.013563367907258737,0
2024-02-02,0,2,0.11326860841423948,0.010764307827641874,0
2024-02-03,0,2,0.038834951456310676,0.007509135543999247,0
2024-02-04,0,2,0.8640776699029126,0.14889333813894925,0
2024-02-05,0,2,0.889967637540453,0.38836581173495466,0
2024-02-06,0,2,0.8867313915857605,0.23842842956926383,0
2024-02-07,0,2,0.889967637540453,0.29164996353605355,0
2024-02-08,0,2,0.889967637540453,0.7920520055815303,0
2024-02-09,0,2,0.889967637540453,0.8162417589222161,0
2024-02-10,0,2,0.889967637540453,0.48193275747919456,0
2024-02-11,0,2,0.8867313915857605,0.23718156204992635,0
2024-02-12,0,2,0.8867313915857605,0.2371294528062401,0
2024-02-13,0,2,0.8252427184466019,0.1055583253287285,0
2024-02-14,0,2,0.889967637540453,0.27551714425361673,0
2024-02-15,0,2,0.889967637540453,0.47426191452056926,0
2024-02-16,0,2,0.889967637540453,0.5759790896965796,0
2024-02-17,0,2,0.8640776699029126,0.14106316031465568,0
2024-02-18,0,2,0.5501618122977346,0.040044099726978984,0
2024-02-19,0,2,0.4854368932038835,0.0321791991060399,0
2024-02-20,0,2,0.7313915857605178,0.07364110102070057,0
2024-02-21,0,2,0.8284789644012945,0.10618434881148853,0
2024-02-22,0,2,0.8640776699029126,0.1491291109966533,0
2024-02-23,0,2,0.8155339805825242,0.10253901583334854,0
2024-02-24,0,2,0.4368932038834951,0.02790311914555601,0
2024-02-25,0,2,0.025889967637540454,0.005114542279573087,0
2024-02-26,0,2,0.0970873786407767,0.010111599978945373,0
2024-02-27,0,2,0.1941747572815534,0.013861200800757765,0
2024-02-28,0,2,0.3559870550161812,0.020781636580764273,0
2024-02-29,0,2,0.36245954692556637,0.02187860595761704,0
2024-03-01,0,2,0.1553398058252427,0.012244327744099157,0
2024-03-02,0,2,0.4368932038834951,0.027946446875705584,0
2024-03-03,0,2,0.7184466019417476,0.06787169659929934,0
2024-03-04,0,2,0.8867313915857605,0.2078305508582601,0
2024-03-05,0,2,0.8867313915857605,0.24362872691163667,0
2024-03-06,0,2,0.8220064724919094,0.10404913751645033,0
2024-03-07,0,2,0.889967637540453,0.3365503503626796,0
2024-03-08,0,2,0.8478964401294499,0.12026100964366385,0
2024-03-09,1,2,0.7993527508090615,0.09434529876160835,0
2024-03-10,1,2,0.889967637540453,0.42977275020736827,0
2024-03-11,1,2,0.889967637540453,0.8324919431728155,0
2024-03-12,1,2,0.8964401294498382,0.8987463534043222,0
2024-03-13,1,2,0.889967637540453,0.4511271311053701,0
2024-03-14,1,2,0.889967637540453,0.5029132521936756,0
2024-03-15,1,2,0.8867313915857605,0.19998291353904488,0
2024-03-16,1,2,0.6310679611650486,0.048948501373318805,0
2024-03-17,0,2,0.3106796116504854,0.018380899962881947,0
2024-03-18,0,2,0.7993527508090615,0.09601361763292805,0
2024-03-19,0,2,0.11650485436893204,0.010795152733791656,0
2024-03-20,0,2,0.22330097087378642,0.01434886712882035,0
2024-03-21,0,2,0.2297734627831715,0.0146310468142236,0
2024-03-22,0,2,0.36245954692556637,0.022070444919921817,0
2024-03-23,0,2,0.4692556634304207,0.03022636758675341,0
2024-03-24,0,2,0.12944983818770225,0.010962767906192382,0
2024-03-25,0,2,0.1262135922330097,0.010917924597308748,0
2024-03-26,0,2,0.032362459546925564,0.005838735153561158,0
2024-03-27,0,2,0.016181229773462782,0.0038433208545028907,0
2024-03-28,0,2,0.22330097087378642,0.014345847281113905,0
2024-03-29,0,2,0.12944983818770225,0.011045526776195429,0
2024-03-30,0,2,0.5048543689320388,0.03308270227220641,0
2024-03-31,0,2,0.3559870550161812,0.020882563840929323,0
2024-04-08,0,3,0.8725,0.607617409009934,0
2024-04-09,0,3,0.865,0.3582172016214068,0
2024-04-10,1,3,0.8725,0.682564600479521,0
2024-04-11,1,3,0.8725,0.6095097905017339,0
2024-04-12,0,3,0.875,0.7641728002723502,0
2024-04-13,1,3,0.8525,0.26746750976527206,0
2024-04-14,1,3,0.39,0.030848976967734067,0
2024-04-15,1,3,0.645,0.0691544282380515,0
2024-04-16,1,3,0.465,0.03845764954872471,0
2024-04-17,1,3,0.8125,0.15443511468712112,0
2024-04-18,1,3,0.8575,0.2917845823525657,0
2024-04-19,1,3,0.615,0.06164235122291983,0
2024-04-20,1,3,0.745,0.09990265262453267,0
2024-04-21,0,3,0.11,0.012637059777996373,0
2024-04-22,0,3,0.11,0.012596706029459937,0
2024-04-23,0,3,0.085,0.010822683866128668,0
2024-04-24,0,3,0.0225,0.005971957828749557,0
2024-04-25,0,3,0.01,0.0045427248600403754,0
2024-04-26,0,3,0.1975,0.017352439879655998,0
2024-04-27,0,3,0.0425,0.008406340669429252,0
2024-04-28,0,3,0.1575,0.014465894482763838,0
2024-04-29,0,3,0.1425,0.014240514633924747,0
2024-04-30,0,3,0.2675,0.02181952221528082,0
2024-05-01,0,3,0.0425,0.008348134130607919,0
2024-05-02,0,3,0.05,0.008628220869654429,0
2024-05-03,0,3,0.1325,0.013464245280395673,0
2024-05-04,0,3,0.64,0.06735904705136012,0
2024-05-05,0,3,0.765,0.11144939824855774,0
2024-05-06,0,3,0.51,0.043286862981796355,0
2024-05-07,0,3,0.7875,0.11926125937163494,0
2024-05-08,0,3,0.6725,0.07460046519485723,0
2024-05-09,0,3,0.685,0.07860587326334646,0
2024-05-10,0,3,0.4475,0.0368415531531831,0
2024-05-11,0,3,0.71,0.08979514794850814,0
2024-05-12,0,3,0.8575,0.30096108491690887,0
2024-05-13,0,3,0.8075,0.13174308807452664,0
2024-05-14,0,3,0.7475,0.10468697524122837,0
2024-05-15,0,3,0.785,0.11719264469411626,0
2024-05-16,0,3,0.8325,0.17746541438278468,0
2024-05-17,1,3,0.85,0.2378377289777877,0
2024-05-18,0,3,0.815,0.15582870885334604,0
2024-05-19,0,3,0.5625,0.049950855813322315,0
2024-05-20,0,3,0.7525,0.10753665449965827,0
2024-05-21,0,3,0.5625,0.049787491536746366,0
2024-05-22,0,3,0.8025,0.12976321331473892,0
2024-05-23,0,3,0.72,0.09212817752664877,0
2024-05-24,0,3,0.5525,0.04751615248023021,0
2024-05-25,0,3,0.285,0.02312100172061801,0
2024-05-26,0,3,0.035,0.0073827391049540525,0
2024-05-27,0,3,0.18,0.016072768642217728,0
2024-05-28,0,3,0.4475,0.03663669169844069,0
2024-05-29,0,3,0.35,0.028009250907254573,0
2024-05-30,0,3,0.1,0.011710776739533626,0
2024-05-31,0,3,0.1825,0.016278041372089637,0
2024-06-01,0,3,0.4475,0.03639134031272685,0
2024-06-02,0,3,0.655,0.07134124653279725,0
2024-06-03,0,3,0.835,0.17796761093818225,0
2024-06-04,0,3,0.6325,0.06430130076769053,0
2024-06-05,0,3,0.55,0.04728413255811788,0
2024-06-06,0,3,0.615,0.061855719543553345,0
2024-06-07,0,3,0.65,0.0709509253849376,0
2024-06-08,0,3,0.6025,0.05857138916742441,0
2024-06-09,0,3,0.615,0.061837504583710436,0
2024-06-10,0,3,0.46,0.03747346955056848,0
2024-06-11,0,3,0.4875,0.04053405273633066,0
2024-06-12,0,3,0.5025,0.04258310186224289,0
2024-06-13,0,3,0.5525,0.04845059319161049,0
2024-06-14,1,3,0.83,0.1708780393999523,0
2024-06-15,1,3,0.6375,0.06623905514738877,0
2024-06-16,1,3,0.8725,0.6338172772131687,0
2024-06-17,1,3,0.8775,0.8141656528781518,0
2024-06-18,1,3,0.875,0.8020918070813733,0
2024-06-19,1,3,0.8725,0.6153838086588704,0
2024-06-20,1,3,0.8725,0.5339810200422572,0
2024-06-21,1,3,0.8725,0.6055131153075177,0
2024-06-22,0,3,0.8725,0.610979889984567,0
2024-06-23,0,3,0.04,0.008144955984363236,0
2024-06-24,0,3,0.3225,0.026519525445356306,0
2024-06-25,0,3,0.0225,0.0059742899197478905,0
2024-06-26,0,3,0.24,0.01946720123009434,0
2024-06-27,0,3,0.4175,0.03285182099886942,0
2024-06-28,0,3,0.11,0.012654913302830764,0
2024-06-29,0,3,0.24,0.01968130491010772,0
2024-06-30,0,3,0.1125,0.012846252210236,0
2024-07-08,0,4,0.47046843177189407,0.05721503873517708,0
2024-07-09,0,4,0.7067209775967414,0.12847620243200156,0
2024-07-10,0,4,0.5356415478615071,0.07447022552606807,0
2024-07-11,0,4,0.6293279022403259,0.09927691989261508,0
2024-07-12,0,4,0.6028513238289206,0.0917476287061009,0
2024-07-13,0,4,0.3604887983706721,0.04273406314325249,0
2024-07-14,1,4,0.8126272912423625,0.25851160309556664,0
2024-07-15,1,4,0.8513238289205702,0.6269774721193178,0
2024-07-16,0,4,0.8391038696537678,0.41274840150083975,0
2024-07-17,1,4,0.835030549898167,0.3629781303159116,0
2024-07-18,1,4,0.8289205702647657,0.31422975962139876,0
2024-07-19,0,4,0.845213849287169,0.45771463519527555,0
2024-07-20,0,4,0.845213849287169,0.4588770957165668,0
2024-07-21,0,4,0.5274949083503055,0.0715363599652625,0
2024-07-22,0,4,0.13441955193482688,0.018585519924090507,0
2024-07-23,0,4,0.07331975560081466,0.013750017523500144,0
2024-07-24,0,4,0.008146639511201629,0.007135252481507702,0
2024-07-25,0,4,0.03054989816700611,0.01140754478079754,0
2024-07-26,0,4,0.4786150712830957,0.05965131057072259,0
2024-07-27,0,4,0.07331975560081466,0.013207242556255524,0
2024-07-28,0,4,0.004073319755600814,0.006047717938607607,0
2024-07-29,0,4,0.4195519348268839,0.049666150267266,0
2024-07-30,0,4,0.03054989816700611,0.011179021889771091,0
2024-07-31,0,4,0.515274949083503,0.06731355481284146,0
2024-08-01,0,4,0.3136456211812627,0.03636532472303733,0
2024-08-02,0,4,0.29124236252545826,0.033747084766816815,0
2024-08-03,0,4,0.164969450101833,0.02161023055813089,0
2024-08-04,0,4,0.8309572301425662,0.3258769660166398,0
2024-08-05,0,4,0.6924643584521385,0.12306417569987804,0
2024-08-06,0,4,0.7230142566191446,0.13644438175768592,0
2024-08-07,0,4,0.8105906313645621,0.2530056751086199,0
2024-08-08,0,4,0.8309572301425662,0.3553717174939806,0
2024-08-09,0,4,0.5315682281059063,0.0728731892732188,0
2024-08-10,0,4,0.7739307535641547,0.17382418936596766,0
2024-08-11,0,4,0.6802443991853361,0.11652263143784078,0
2024-08-12,0,4,0.7006109979633401,0.125316868791206,0
2024-08-13,0,4,0.49287169042769857,0.06402699700893559,0
2024-08-14,1,4,0.7067209775967414,0.1286774066780526,0
2024-08-15,0,4,0.7006109979633401,0.12486191705344804,0
2024-08-16,0,4,0.3604887983706721,0.043179434220035805,0
2024-08-17,0,4,0.570264765784114,0.08073023302695481,0
2024-08-18,0,4,0.8553971486761711,0.7211049959209203,0
2024-08-19,0,4,0.9124236252545825,0.8944609280095489,0
2023-07-08,0,0,0.76,0.01589998937227682,1
2023-07-09,0,0,0.304,0.007708938868545554,1
2023-07-10,0,0,0.464,0.009713707370177183,1
2023-07-11,0,0,0.904,0.04449814937511451,1
2023-07-12,0,0,0.296,0.007587277475392901,1
2023-07-13,1,0,0.4,0.008522152180096965,1
2023-07-14,1,0,0.864,0.023834100899616233,1
2023-07-15,0,0,0.576,0.01126195521191327,1
2023-07-16,0,0,0.232,0.0066308816691134295,1
2023-07-17,0,0,0.32,0.007775570122004375,1
2023-07-18,0,0,0.016,0.004939486031907389,1
2023-07-19,0,0,0.296,0.0072208590081330485,1
2023-07-20,0,0,0.736,0.014895354976331158,1
2023-07-21,0,0,0.44,0.009420555348154667,1
2023-07-22,0,0,0.4,0.008481614833004929,1
2023-07-23,0,0,0.832,0.01972890887451617,1
2023-07-24,0,0,0.904,0.03456318942519896,1
2023-07-25,0,0,0.736,0.014456778119717488,1
2023-07-26,0,0,0.904,0.052012219073614835,1
2023-07-27,0,0,0.736,0.014702647450850292,1
2023-07-28,0,0,0.656,0.0124923380057819,1
2023-07-29,0,0,0.872,0.025720281566598033,1
2023-07-30,0,0,0.904,0.037905145058322764,1
2023-07-31,0,0,0.032,0.0051268178945514,1
2023-08-01,0,0,0.904,0.030937954437699727,1
2023-08-02,0,0,0.032,0.005240462618813835,1
2023-08-03,0,0,0.168,0.0061361178898885135,1
2023-08-04,0,0,0.768,0.01644468697419875,1
2023-08-05,0,0,0.44,0.009417351699940157,1
2023-08-06,0,0,0.336,0.008089055042422478,1
2023-08-07,0,0,0.656,0.012573867035404912,1
2023-08-08,0,0,0.68,0.01289564747931878,1
2023-08-09,0,0,0.208,0.006494918642195692,1
2023-08-10,0,0,0.592,0.011710069468308047,1
2023-08-11,0,0,0.696,0.013286989034122142,1
2023-08-12,0,0,0.576,0.011346145776864677,1
2023-08-13,0,0,0.456,0.009582843808547459,1
2023-08-14,0,0,0.056,0.005381924935278409,1
2023-08-15,0,0,0.84,0.020672177779115508,1
2023-08-16,0,0,0.136,0.005819176571656091,1
2023-08-17,0,0,0.288,0.00716514655245666,1
2023-08-18,1,0,0.328,0.007965422410006336,1
2023-08-19,0,0,0.76,0.01609899849105881,1
2023-08-20,0,0,0.472,0.010043298063731079,1
2023-08-21,0,0,0.792,0.018713102367740892,1
2023-08-22,0,0,0.864,0.022975811801100834,1
2023-08-23,0,0,0.44,0.009420603522730565,1
2023-08-24,0,0,0.76,0.01563411918730205,1
2023-08-25,0,0,0.464,0.00996346547879975,1
2023-08-26,0,0,0.304,0.007693472734583098,1
2023-08-27,0,0,0.904,0.21820737018502936,1
2023-08-28,0,0,0.84,0.0201865349027531,1
2023-08-29,0,0,0.488,0.010312577818944693,1
2023-08-30,0,0,0.904,0.05498212073031302,1
2023-08-31,0,0,0.472,0.01008098533385033,1
2023-09-01,0,0,0.904,0.1746522537442277,1
2023-09-02,0,0,0.904,0.10792878073589167,1
2023-09-03,0,0,0.904,0.048087062305019516,1
2023-09-04,0,0,0.904,0.28612965068318863,1
2023-09-05,1,0,0.904,0.04966079042937641,1
2023-09-06,1,0,0.904,0.03729593485329044,1
2023-09-07,1,0,0.904,0.03236877184639178,1
2023-09-08,1,0,0.904,0.16872087819230508,1
2023-09-09,0,0,0.904,0.16195575304121387,1
2023-09-10,0,0,0.464,0.009915109787711426,1
2023-09-11,0,0,0.792,0.017953993455701422,1
2023-09-12,0,0,0.576,0.011358336765215273,1
2023-09-13,0,0,0.544,0.010923062998427116,1
2023-09-14,0,0,0.848,0.021120878048543915,1
2023-09-15,0,0,0.4,0.008496136201947438,1
2023-09-16,0,0,0.736,0.014667562713717218,1
2023-09-17,0,0,0.232,0.006648864746459284,1
2023-09-18,0,0,0.008,0.004642047248901929,1
2023-09-19,0,0,0.248,0.006845053574699379,1
2023-09-20,0,0,0.304,0.0076984229263239315,1
2023-09-21,0,0,0.296,0.0074645203867911535,1
2023-09-22,0,0,0.024,0.005033915183335526,1
2023-09-23,0,0,0.728,0.01402340817774939,1
2023-09-24,0,0,0.904,0.04134604909648674,1
2023-09-25,0,0,0.472,0.009998219057015834,1
2023-09-26,0,0,0.904,0.10981384298540016,1
2023-09-27,0,0,0.744,0.01511051505935661,1
2023-09-28,0,0,0.456,0.009603066559141869,1
2023-09-29,0,0,0.904,0.031568329150497794,1
2023-09-30,0,0,0.864,0.024881299805282604,1
2023-10-08,0,1,0.7373271889400922,0.021829805848767727,1
2023-10-09,0,1,0.19815668202764977,0.008692232404398183,1
2023-10-10,0,1,0.4792626728110599,0.012857780851721035,1
2023-10-11,0,1,0.4700460829493088,0.01265879716796597,1
2023-10-12,0,1,0.9124423963133641,0.10186054379944229,1
2023-10-13,1,1,0.5253456221198156,0.014367786260202457,1
2023-10-14,1,1,0.31797235023041476,0.010077525736449803,1
2023-10-15,0,1,0.5023041474654378,0.014099096678693704,1
2023-10-16,1,1,0.783410138248848,0.025697864232603902,1
2023-10-17,1,1,0.7419354838709677,0.022271050905686516,1
2023-10-18,0,1,0.08294930875576037,0.007190258518811428,1
2023-10-19,0,1,0.03225806451612903,0.0065043189697632274,1
2023-10-20,0,1,0.45622119815668205,0.012227261991027881,1
2023-10-21,0,1,0.576036866359447,0.015930898977159918,1
2023-10-22,0,1,0.4792626728110599,0.013047197818995151,1
2023-10-23,0,1,0.6129032258064516,0.01700518868258111,1
2023-10-24,0,1,0.9124423963133641,0.1439853575962239,1
2023-10-25,0,1,0.25806451612903225,0.009576044525881957,1
2023-10-26,0,1,0.8663594470046083,0.033637130162930885,1
2023-10-27,0,1,0.39631336405529954,0.011240809202773795,1
2023-10-28,0,1,0.847926267281106,0.031463809734664304,1
2023-10-29,0,1,0.45622119815668205,0.01225533098784637,1
2023-10-30,0,1,0.5990783410138248,0.01644123913845762,1
2023-10-31,0,1,0.3456221198156682,0.01026653026442993,1
2023-11-01,0,1,0.6036866359447005,0.016518194964212606,1
2023-11-02,0,1,0.5622119815668203,0.015484216467910662,1
2023-11-03,0,1,0.46543778801843316,0.012478435229401709,1
2023-11-04,0,1,0.7603686635944701,0.024200753768790797,1
2023-11-05,0,1,0.9078341013824884,0.06738924429512745,1
2023-11-06,0,1,0.815668202764977,0.027353262064625638,1
2023-11-07,0,1,0.9124423963133641,0.10736039436765371,1
2023-11-08,0,1,0.9124423963133641,0.09732717702576837,1
2023-11-09,1,1,0.9078341013824884,0.06784916128410967,1
2023-11-10,1,1,0.7603686635944701,0.024431084223024317,1
2023-11-11,0,1,0.9124423963133641,0.1362206054673476,1
2023-11-12,0,1,0.8894009216589862,0.0491917455823975,1
2023-11-13,1,1,0.8709677419354839,0.036182447699797844,1
2023-11-14,1,1,0.8986175115207373,0.055278032059240256,1
2023-11-15,0,1,0.5668202764976958,0.015601471075512637,1
2023-11-16,0,1,0.6129032258064516,0.016853507189622047,1
2023-11-17,0,1,0.45161290322580644,0.012106121720967328,1
2023-11-18,0,1,0.7050691244239631,0.01939740452167438,1
2023-11-19,0,1,0.5622119815668203,0.01529825664222171,1
2023-11-20,0,1,0.8294930875576036,0.02832237275774246,1
2023-11-21,0,1,0.2304147465437788,0.009400327973573,1
2023-11-22,0,1,0.3640552995391705,0.010716054749312401,1
2023-11-23,0,1,0.12903225806451613,0.00782217615324081,1
2023-11-24,0,1,0.9124423963133641,0.07699248534254256,1
2023-11-25,0,1,0.7004608294930875,0.01926324281150743,1
2023-11-26,0,1,0.8387096774193549,0.03113888643313947,1
2023-11-27,0,1,0.2857142857142857,0.009762848402446168,1
2023-11-28,0,1,0.8294930875576036,0.02830847180258511,1
2023-11-29,0,1,0.5483870967741935,0.014915961084044338,1
2023-11-30,0,1,0.5069124423963134,0.014150082160710821,1
2023-12-01,0,1,0.5069124423963134,0.014145507315652207,1
2023-12-02,0,1,0.8709677419354839,0.03673184722978787,1
2023-12-03,0,1,0.9124423963133641,0.08590802951755318,1
2023-12-04,0,1,0.9124423963133641,0.08046676818099166,1
2023-12-05,0,1,0.9124423963133641,0.19297727075103727,1
2023-12-06,0,1,0.9078341013824884,0.06182281683327029,1
2023-12-07,1,1,0.9124423963133641,0.33176522714882617,1
2023-12-08,0,1,0.9124423963133641,0.4504627530879739,1
2023-12-09,0,1,0.9032258064516129,0.05985298174376885,1
2023-12-10,1,1,0.9124423963133641,0.1061339498974175,1
2023-12-11,1,1,0.8294930875576036,0.029609329671553386,1
2023-12-12,1,1,0.9124423963133641,0.20378499148521265,1
2023-12-13,1,1,0.9078341013824884,0.0642467057008208,1
2023-12-14,1,1,0.9124423963133641,0.13986886243876928,1
2023-12-15,1,1,0.7511520737327189,0.02355316582339778,1
2023-12-16,0,1,0.8709677419354839,0.037122315984674345,1
2023-12-17,0,1,0.7419354838709677,0.021977529148362977,1
2023-12-18,0,1,0.9124423963133641,0.07281521079090131,1
2023-12-19,0,1,0.4700460829493088,0.012560551115200125,1
2023-12-20,0,1,0.9124423963133641,0.07263363278083529,1
2023-12-21,0,1,0.14746543778801843,0.008146399280192796,1
2023-12-22,0,1,0.8018433179723502,0.02691184877264284,1
2023-12-23,0,1,0.059907834101382486,0.0068570397794892575,1
2023-12-24,0,1,0.004608294930875576,0.005632485317705088,1
2023-12-25,0,1,0.8709677419354839,0.040888868226650665,1
2023-12-26,0,1,0.5990783410138248,0.016407491948499223,1
2023-12-27,0,1,0.2857142857142857,0.009785429260410334,1
2023-12-28,0,1,0.7880184331797235,0.026235162879154596,1
2023-12-29,0,1,0.19815668202764977,0.0087382555806866,1
2023-12-30,0,1,0.11981566820276497,0.007633474670605364,1
2023-12-31,0,1,0.9124423963133641,0.09020075623516871,1
2024-01-08,0,2,0.889967637540453,0.24661535127809744,1
2024-01-09,0,2,0.889967637540453,0.26546517124941366,1
2024-01-10,0,2,0.889967637540453,0.1491190860635018,1
2024-01-11,1,2,0.889967637540453,0.1869715923419872,1
2024-01-12,1,2,0.889967637540453,0.44098393410497344,1
2024-01-13,1,2,0.8867313915857605,0.13010768496526565,1
2024-01-14,1,2,0.5339805825242718,0.027495456552333986,1
2024-01-15,1,2,0.7152103559870551,0.0443029810621453,1
2024-01-16,0,2,0.6763754045307443,0.040732416049299856,1
2024-01-17,1,2,0.7799352750809061,0.057255467884942485,1
2024-01-18,1,2,0.7281553398058253,0.046415252603660966,1
2024-01-19,1,2,0.41423948220064727,0.021838840883084236,1
2024-01-20,0,2,0.4045307443365696,0.021102237683845934,1
2024-01-21,0,2,0.2912621359223301,0.018084711171373672,1
2024-01-22,0,2,0.2588996763754045,0.016999828883781036,1
2024-01-23,0,2,0.3106796116504854,0.018724877536260807,1
2024-01-24,0,2,0.08090614886731391,0.012790437923200355,1
2024-01-25,0,2,0.8284789644012945,0.07327109987958996,1
2024-01-26,0,2,0.08414239482200647,0.01304315540838709,1
2024-01-27,0,2,0.517799352750809,0.026855245933291385,1
2024-01-28,0,2,0.1423948220064725,0.014032168242119,1
2024-01-29,0,2,0.038834951456310676,0.011256132986878544,1
2024-01-30,1,2,0.6181229773462783,0.0325794809098368,1
2024-01-31,0,2,0.6472491909385113,0.03526246404097697,1
2024-02-01,0,2,0.16828478964401294,0.014446007752687203,1
2024-02-02,0,2,0.18122977346278318,0.014882875724499893,1
2024-02-03,0,2,0.08414239482200647,0.012869660952888946,1
2024-02-04,0,2,0.8867313915857605,0.14518000773980974,1
2024-02-05,0,2,0.889967637540453,0.216254889269315,1
2024-02-06,0,2,0.889967637540453,0.17555706664732723,1
2024-02-07,0,2,0.8867313915857605,0.13438846820880282,1
2024-02-08,0,2,0.889967637540453,0.33835806383053996,1
2024-02-09,0,2,0.889967637540453,0.4487625857331812,1
2024-02-10,0,2,0.889967637540453,0.19052363948766138,1
2024-02-11,0,2,0.8737864077669902,0.1041511954938126,1
2024-02-12,0,2,0.8576051779935275,0.08813176353946778,1
2024-02-13,0,2,0.8770226537216829,0.1079929413416984,1
2024-02-14,0,2,0.8867313915857605,0.14155514052143398,1
2024-02-15,0,2,0.889967637540453,0.21285294977537525,1
2024-02-16,0,2,0.889967637540453,0.2414675721516599,1
2024-02-17,0,2,0.8576051779935275,0.08805547555158592,1
2024-02-18,0,2,0.44660194174757284,0.023757656701012944,1
2024-02-19,0,2,0.42394822006472493,0.022904182863956294,1
2024-02-20,0,2,0.889967637540453,0.154739850257214,1
2024-02-21,0,2,0.6634304207119741,0.03798171876127342,1
2024-02-22,0,2,0.7281553398058253,0.04640364472950407,1
2024-02-23,0,2,0.7281553398058253,0.04665977244970782,1
2024-02-24,0,2,0.4045307443365696,0.021082686794255043,1
2024-02-25,0,2,0.0744336569579288,0.012453266368525772,1
2024-02-26,0,2,0.06472491909385113,0.012093225963567964,1
2024-02-27,0,2,0.32038834951456313,0.01896553918644798,1
2024-02-28,0,2,0.27184466019417475,0.017298412689988732,1
2024-02-29,0,2,0.42394822006472493,0.02289038523800157,1
2024-03-01,0,2,0.23300970873786409,0.016376325028827795,1
2024-03-02,0,2,0.7281553398058253,0.04617895875736481,1
2024-03-03,0,2,0.8381877022653722,0.0788281762619942,1
2024-03-04,0,2,0.8478964401294499,0.07973487416967785,1
2024-03-05,0,2,0.889967637540453,0.25718635028917075,1
2024-03-06,0,2,0.8187702265372169,0.06799598258162173,1
2024-03-07,0,2,0.889967637540453,0.214811698358438,1
2024-03-08,0,2,0.8640776699029126,0.09436411395963383,1
2024-03-09,1,2,0.8155339805825242,0.06720289948037078,1
2024-03-10,1,2,0.889967637540453,0.19299295995933483,1
2024-03-11,1,2,0.889967637540453,0.440406384229628,1
2024-03-12,1,2,0.8932038834951457,0.5532517862945714,1
2024-03-13,1,2,0.889967637540453,0.22238523737253693,1
2024-03-14,1,2,0.889967637540453,0.17097316444763852,1
2024-03-15,1,2,0.8737864077669902,0.10630170001564315,1
2024-03-16,1,2,0.8543689320388349,0.08412610406936556,1
2024-03-17,0,2,0.4563106796116505,0.024468630801309395,1
2024-03-18,0,2,0.7281553398058253,0.04743375148543302,1
2024-03-19,0,2,0.2168284789644013,0.015820391855959196,1
2024-03-20,0,2,0.43042071197411,0.023141374624932553,1
2024-03-21,0,2,0.2168284789644013,0.016003982838303895,1
2024-03-22,0,2,0.2783171521035599,0.017389888809722698,1
2024-03-23,0,2,0.23300970873786409,0.016311066464085165,1
2024-03-24,0,2,0.10032362459546926,0.013419638597398477,1
2024-03-25,0,2,0.41423948220064727,0.02160016778565285,1
2024-03-26,0,2,0.016181229773462782,0.009256426909614576,1
2024-03-27,0,2,0.0,0.007411837028320006,1
2024-03-28,0,2,0.22653721682847897,0.016210255780372048,1
2024-03-29,0,2,0.08737864077669903,0.013193796439968333,1
2024-03-30,0,2,0.7766990291262136,0.055724147265647804,1
2024-03-31,0,2,0.35275080906148865,0.019645463819512512,1
2024-04-08,0,3,0.8775,0.38158697527971175,1
2024-04-09,0,3,0.8725,0.24669888381888594,1
2024-04-10,1,3,0.88,0.4617720211971788,1
2024-04-11,1,3,0.875,0.3571161396684121,1
2024-04-12,0,3,0.905,0.6204239109005134,1
2024-04-13,1,3,0.8725,0.27057890263557016,1
2024-04-14,1,3,0.4625,0.031905821288436664,1
2024-04-15,1,3,0.3425,0.02619666368184243,1
2024-04-16,1,3,0.2525,0.021827279501411678,1
2024-04-17,1,3,0.8125,0.09494737659328745,1
2024-04-18,1,3,0.87,0.22935218165482532,1
2024-04-19,1,3,0.5175,0.03452479631272644,1
2024-04-20,1,3,0.66,0.05272783015316532,1
2024-04-21,0,3,0.3425,0.026187804964627744,1
2024-04-22,0,3,0.1525,0.017754869906570606,1
2024-04-23,0,3,0.2475,0.021514525687320995,1
2024-04-24,0,3,0.2375,0.020720478923559965,1
2024-04-25,0,3,0.23,0.020473179032801096,1
2024-04-26,0,3,0.205,0.019471254053736606,1
2024-04-27,0,3,0.3125,0.02411196636108403,1
2024-04-28,0,3,0.09,0.015422564872035992,1
2024-04-29,0,3,0.245,0.02145579273165337,1
2024-04-30,0,3,0.335,0.025385072120162906,1
2024-05-01,0,3,0.0325,0.012665581861722019,1
2024-05-02,0,3,0.09,0.015363359744691853,1
2024-05-03,0,3,0.5775,0.04224903178221637,1
2024-05-04,0,3,0.5825,0.0429861507206877,1
2024-05-05,0,3,0.7875,0.07916599336043198,1
2024-05-06,0,3,0.765,0.07059421134450883,1
2024-05-07,0,3,0.7725,0.07230262141427421,1
2024-05-08,0,3,0.6275,0.04773772662162557,1
2024-05-09,0,3,0.675,0.05584527217915348,1
2024-05-10,0,3,0.7725,0.07290663432342022,1
2024-05-11,0,3,0.8125,0.09532322425020434,1
2024-05-12,0,3,0.8725,0.2640362587894496,1
2024-05-13,0,3,0.6175,0.04638182178942164,1
2024-05-14,0,3,0.575,0.04153540459936028,1
2024-05-15,0,3,0.6275,0.04855545157834065,1
2024-05-16,0,3,0.855,0.14654633052020344,1
2024-05-17,1,3,0.795,0.08227132629071221,1
2024-05-18,0,3,0.865,0.19812877982846544,1
2024-05-19,0,3,0.6175,0.04623012840998763,1
2024-05-20,0,3,0.7175,0.06269369613305874,1
2024-05-21,0,3,0.62,0.04669579841747605,1
2024-05-22,0,3,0.7975,0.08703553010314495,1
2024-05-23,0,3,0.7675,0.07118505903802463,1
2024-05-24,0,3,0.5625,0.03865909473740789,1
2024-05-25,0,3,0.3975,0.028225962161194263,1
2024-05-26,0,3,0.0575,0.013932059047844777,1
2024-05-27,0,3,0.205,0.019563185746387494,1
2024-05-28,0,3,0.4175,0.02911721825709258,1
2024-05-29,0,3,0.36,0.026790868459888404,1
2024-05-30,0,3,0.035,0.013021645736217105,1
2024-05-31,0,3,0.205,0.019494766956118424,1
2024-06-01,0,3,0.7075,0.06010964771155342,1
2024-06-02,0,3,0.82,0.09872001326847886,1
2024-06-03,0,3,0.765,0.07093326811862288,1
2024-06-04,0,3,0.575,0.0400491266694687,1
2024-06-05,0,3,0.575,0.04111652692798496,1
2024-06-06,0,3,0.575,0.040330832446687705,1
2024-06-07,0,3,0.565,0.038908600049341914,1
2024-06-08,0,3,0.575,0.04044010021297471,1
2024-06-09,0,3,0.7925,0.08082434739039046,1
2024-06-10,0,3,0.485,0.032764626101355866,1
2024-06-11,0,3,0.5275,0.035099397269440946,1
2024-06-12,0,3,0.575,0.04130547945809927,1
2024-06-13,0,3,0.7125,0.06111577609425194,1
2024-06-14,1,3,0.7975,0.08517679002140885,1
2024-06-15,1,3,0.805,0.09028500202171214,1
2024-06-16,1,3,0.94,0.7156377142610085,1
2024-06-17,1,3,0.9175,0.6590398285206918,1
2024-06-18,1,3,0.9075,0.627229627203721,1
2024-06-19,1,3,0.88,0.5128469200933381,1
2024-06-20,1,3,0.88,0.42553423799705253,1
2024-06-21,1,3,0.88,0.493402551148769,1
2024-06-22,0,3,0.88,0.4883028878063043,1
2024-06-23,0,3,0.0225,0.012315360713942099,1
2024-06-24,0,3,0.7175,0.06269808695134935,1
2024-06-25,0,3,0.0175,0.011958502907899796,1
2024-06-26,0,3,0.5075,0.03398950481130673,1
2024-06-27,0,3,0.765,0.0696274952421131,1
2024-06-28,0,3,0.375,0.0274315297320211,1
2024-06-29,0,3,0.195,0.019031151901067633,1
2024-06-30,0,3,0.1575,0.01785963326462537,1
2024-07-08,0,4,0.515274949083503,0.044659225372989095,1
2024-07-09,0,4,0.6945010183299389,0.07079035728574129,1
2024-07-10,0,4,0.5906313645621182,0.052852185356748335,1
2024-07-11,0,4,0.7230142566191446,0.07850393863186365,1
2024-07-12,0,4,0.5784114052953157,0.05159474790677211,1
2024-07-13,0,4,0.5906313645621182,0.052904579349157904,1
2024-07-14,1,4,0.7739307535641547,0.09609526762824436,1
2024-07-15,1,4,0.845213849287169,0.2535992577651145,1
2024-07-16,0,4,0.8228105906313645,0.14737012182114292,1
2024-07-17,1,4,0.7922606924643585,0.11622789490100947,1
2024-07-18,1,4,0.7189409368635438,0.07692224519863877,1
2024-07-19,0,4,0.8329938900203666,0.16560568353739635,1
2024-07-20,0,4,0.835030549898167,0.17288721451903336,1
2024-07-21,0,4,0.4154786150712831,0.037497896706503775,1
2024-07-22,0,4,0.15478615071283094,0.021240894636777485,1
2024-07-23,0,4,0.18737270875763748,0.023070861704997142,1
2024-07-24,0,4,0.06109979633401222,0.016124908009120177,1
2024-07-25,0,4,0.04480651731160896,0.014976181578554047,1
2024-07-26,0,4,0.3543788187372709,0.032335374281950484,1
2024-07-27,0,4,0.06313645621181263,0.01631896428483748,1
2024-07-28,0,4,0.002036659877800407,0.009902090905891083,1
2024-07-29,0,4,0.395112016293279,0.035517814685676385,1
2024-07-30,0,4,0.028513238289205704,0.014047069721542706,1
2024-07-31,0,4,0.42973523421588594,0.03881471410069638,1
2024-08-01,0,4,0.1934826883910387,0.023702594775008645,1
2024-08-02,0,4,0.39307535641547864,0.03535665861456806,1
2024-08-03,0,4,0.29124236252545826,0.02941723656289467,1
2024-08-04,0,4,0.845213849287169,0.2690948428297192,1
2024-08-05,0,4,0.8126272912423625,0.136888569330646,1
2024-08-06,0,4,0.8329938900203666,0.16690528532884338,1
2024-08-07,0,4,0.8391038696537678,0.19772173516797048,1
2024-08-08,0,4,0.845213849287169,0.24384358327242175,1
2024-08-09,0,4,0.7433808553971487,0.08734410301631398,1
2024-08-10,0,4,0.8187372708757638,0.14138703302860064,1
2024-08-11,0,4,0.7841140529531568,0.10848821910443901,1
2024-08-12,0,4,0.7352342158859471,0.08219108530421038,1
2024-08-13,0,4,0.6883910386965377,0.06996950433382111,1
2024-08-14,1,4,0.7780040733197556,0.10316593935007526,1
2024-08-15,0,4,0.6456211812627292,0.06111911587728137,1
2024-08-16,0,4,0.6334012219959266,0.0592479487276197,1
2024-08-17,0,4,0.6639511201629328,0.0654125819082464,1
2024-08-18,0,4,0.8778004073319755,0.5674919907098226,1
2024-08-19,0,4,0.8615071283095723,0.4607308717676995,1
2023-07-08,0,0,0.176,0.012381889920432486,2
2023-07-09,0,0,0.648,0.032208092763948405,2
2023-07-10,0,0,0.04,0.008493850932860715,2
2023-07-11,0,0,0.904,0.35485011945570044,2
2023-07-12,0,0,0.88,0.1012269792091454,2
2023-07-13,1,0,0.904,0.17263009603838667,2
2023-07-14,1,0,0.904,0.2060979570485796,2
2023-07-15,0,0,0.56,0.025519973675024343,2
2023-07-16,0,0,0.464,0.021140722155958837,2
2023-07-17,0,0,0.848,0.06388001715612326,2
2023-07-18,0,0,0.376,0.018133238640353756,2
2023-07-19,0,0,0.872,0.08011553664142154,2
2023-07-20,0,0,0.88,0.10064121206000225,2
2023-07-21,0,0,0.696,0.035400085712441604,2
2023-07-22,0,0,0.744,0.03948686419522187,2
2023-07-23,0,0,0.552,0.024368160403805756,2
2023-07-24,0,0,0.616,0.028082222198325246,2
2023-07-25,0,0,0.184,0.01317170141581504,2
2023-07-26,0,0,0.4,0.019468625181331023,2
2023-07-27,0,0,0.384,0.018578325731008916,2
2023-07-28,0,0,0.248,0.015302543796829575,2
2023-07-29,0,0,0.768,0.04668603321321259,2
2023-07-30,0,0,0.088,0.010297342195051448,2
2023-07-31,0,0,0.208,0.014172656438574169,2
2023-08-01,0,0,0.616,0.028171494252641545,2
2023-08-02,0,0,0.104,0.010945060585553657,2
2023-08-03,0,0,0.456,0.02076550151549444,2
2023-08-04,0,0,0.624,0.02925544447620526,2
2023-08-05,0,0,0.616,0.028124622119508842,2
2023-08-06,0,0,0.904,0.41626780881545583,2
2023-08-07,0,0,0.848,0.06573076371101924,2
2023-08-08,0,0,0.768,0.046904164043875075,2
2023-08-09,0,0,0.864,0.0716495000875501,2
2023-08-10,0,0,0.768,0.04341886555784032,2
2023-08-11,0,0,0.904,0.39386489796864377,2
2023-08-12,0,0,0.904,0.5168785926873708,2
2023-08-13,0,0,0.872,0.0778002985479693,2
2023-08-14,0,0,0.752,0.03995046260595718,2
2023-08-15,0,0,0.88,0.08866292401452068,2
2023-08-16,0,0,0.864,0.07666967314072322,2
2023-08-17,0,0,0.896,0.12099870584997958,2
2023-08-18,1,0,0.672,0.03396138766670829,2
2023-08-19,0,0,0.416,0.019848271022322922,2
2023-08-20,0,0,0.88,0.10275931814863908,2
2023-08-21,0,0,0.904,0.21234189922875618,2
2023-08-22,0,0,0.904,0.23131795050872042,2
2023-08-23,0,0,0.832,0.05623975308979005,2
2023-08-24,0,0,0.888,0.10880944244642417,2
2023-08-25,0,0,0.024,0.007721252046044214,2
2023-08-26,0,0,0.848,0.06474314124608267,2
2023-08-27,0,0,0.904,0.19770332947155075,2
2023-08-28,0,0,0.84,0.05756340743693294,2
2023-08-29,0,0,0.592,0.026317823093419818,2
2023-08-30,0,0,0.744,0.0395776058613745,2
2023-08-31,0,0,0.52,0.023301959610286197,2
2023-09-01,0,0,0.904,0.20460933514885518,2
2023-09-02,0,0,0.896,0.1257438962711186,2
2023-09-03,0,0,0.904,0.3197484680356097,2
2023-09-04,0,0,0.848,0.05995701582261884,2
2023-09-05,1,0,0.904,0.2198187300843664,2
2023-09-06,1,0,0.648,0.03274495715613406,2
2023-09-07,1,0,0.904,0.2765314375225006,2
2023-09-08,1,0,0.904,0.45051875388674234,2
2023-09-09,0,0,0.904,0.20416372839076272,2
2023-09-10,0,0,0.752,0.04020243526576326,2
2023-09-11,0,0,0.88,0.0988486260980542,2
2023-09-12,0,0,0.888,0.11025957717625086,2
2023-09-13,0,0,0.904,0.21741862325760683,2
2023-09-14,0,0,0.904,0.14875322991178627,2
2023-09-15,0,0,0.896,0.12220265041317009,2
2023-09-16,0,0,0.872,0.07970651038657495,2
2023-09-17,0,0,0.88,0.08754439349346538,2
2023-09-18,0,0,0.312,0.016842912963148805,2
2023-09-19,0,0,0.872,0.07760076251145899,2
2023-09-20,0,0,0.904,0.2177289299670897,2
2023-09-21,0,0,0.904,0.3707838308797494,2
2023-09-22,0,0,0.536,0.023469696178108478,2
2023-09-23,0,0,0.872,0.08019003909290816,2
2023-09-24,0,0,0.384,0.018963586120056053,2
2023-09-25,0,0,0.28,0.01619749368461334,2
2023-09-26,0,0,0.904,0.15087637682107444,2
2023-09-27,0,0,0.704,0.036818060989897206,2
2023-09-28,0,0,0.552,0.024772440602467735,2
2023-09-29,0,0,0.76,0.04235703134689908,2
2023-09-30,0,0,0.552,0.025312891502969982,2
2023-10-08,0,1,0.7788018433179723,0.05017333185249515,2
2023-10-09,0,1,0.8387096774193549,0.07031500429538907,2
2023-10-10,0,1,0.9032258064516129,0.10888801800761909,2
2023-10-11,0,1,0.9078341013824884,0.18648641637934588,2
2023-10-12,0,1,0.9078341013824884,0.18467074812570816,2
2023-10-13,1,1,0.8525345622119815,0.07928583797976062,2
2023-10-14,1,1,0.8110599078341014,0.06115202225480979,2
2023-10-15,0,1,0.9078341013824884,0.18217475886463624,2
2023-10-16,1,1,0.8847926267281107,0.09368706151363626,2
2023-10-17,1,1,0.9078341013824884,0.1570376170258946,2
2023-10-18,0,1,0.41013824884792627,0.019518129266233895,2
2023-10-19,0,1,0.9032258064516129,0.10623840102701729,2
2023-10-20,0,1,0.9078341013824884,0.1822863526101319,2
2023-10-21,0,1,0.8433179723502304,0.07624411474490962,2
2023-10-22,0,1,0.12903225806451613,0.00875583549978813,2
2023-10-23,0,1,0.5944700460829493,0.027354328698104318,2
2023-10-24,0,1,0.7419354838709677,0.04416358279792006,2
2023-10-25,0,1,0.17511520737327188,0.01034529586134269,2
2023-10-26,0,1,0.3225806451612903,0.016184824817481805,2
2023-10-27,0,1,0.2764976958525346,0.01449218766635391,2
2023-10-28,0,1,0.5898617511520737,0.026598607617820784,2
2023-10-29,0,1,0.5345622119815668,0.024778647747917396,2
2023-10-30,0,1,0.06912442396313365,0.0065480210744182955,2
2023-10-31,0,1,0.45161290322580644,0.02093730042346733,2
2023-11-01,0,1,0.8433179723502304,0.07638460594045876,2
2023-11-02,0,1,0.8294930875576036,0.06366954517383897,2
2023-11-03,0,1,0.7465437788018433,0.04546692039763198,2
2023-11-04,0,1,0.9078341013824884,0.16986838828808665,2
2023-11-05,0,1,0.7465437788018433,0.04476315402405622,2
2023-11-06,0,1,0.9124423963133641,0.261076979083054,2
2023-11-07,0,1,0.9124423963133641,0.3120301706197048,2
2023-11-08,0,1,0.9124423963133641,0.20047911318480116,2
2023-11-09,1,1,0.9124423963133641,0.3456643679974488,2
2023-11-10,1,1,0.8110599078341014,0.057131932296534224,2
2023-11-11,0,1,0.9078341013824884,0.17181958845653664,2
2023-11-12,0,1,0.7373271889400922,0.041674620648125035,2
2023-11-13,1,1,0.8433179723502304,0.07651468718303327,2
2023-11-14,1,1,0.8571428571428571,0.08319462018055403,2
2023-11-15,0,1,0.25806451612903225,0.013992289802993526,2
2023-11-16,0,1,0.5345622119815668,0.02468283493197313,2
2023-11-17,0,1,0.06451612903225806,0.006374197283392154,2
2023-11-18,0,1,0.6405529953917051,0.030309360357648814,2
2023-11-19,0,1,0.4930875576036866,0.0228053580862518,2
2023-11-20,0,1,0.5299539170506913,0.024194951154044384,2
2023-11-21,0,1,0.06912442396313365,0.006955931487859145,2
2023-11-22,0,1,0.2073732718894009,0.011885505040828569,2
2023-11-23,0,1,0.11059907834101383,0.00786972636130639,2
2023-11-24,0,1,0.8571428571428571,0.08352771532254875,2
2023-11-25,0,1,0.695852534562212,0.03578903658967147,2
2023-11-26,0,1,0.6405529953917051,0.03005029181419453,2
2023-11-27,0,1,0.2350230414746544,0.013016552463357943,2
2023-11-28,0,1,0.6866359447004609,0.035674150292102046,2
2023-11-29,0,1,0.37327188940092165,0.017428221652435894,2
2023-11-30,0,1,0.6221198156682027,0.02800463714714246,2
2023-12-01,0,1,0.3870967741935484,0.01807179383990162,2
2023-12-02,0,1,0.8433179723502304,0.07716205489797455,2
2023-12-03,0,1,0.9078341013824884,0.16377364237082787,2
2023-12-04,0,1,0.9124423963133641,0.19804332752315662,2
2023-12-05,0,1,0.9124423963133641,0.26479285475252146,2
2023-12-06,0,1,0.9124423963133641,0.2396151254203199,2
2023-12-07,1,1,0.9124423963133641,0.6997643478744104,2
2023-12-08,0,1,0.9124423963133641,0.4506230178429926,2
2023-12-09,0,1,0.9078341013824884,0.1657473244837897,2
2023-12-10,1,1,0.9078341013824884,0.16152142691485163,2
2023-12-11,1,1,0.7373271889400922,0.04214889148335766,2
2023-12-12,1,1,0.9078341013824884,0.16914882848326013,2
2023-12-13,1,1,0.8110599078341014,0.05900148015419435,2
2023-12-14,1,1,0.815668202764977,0.061286545127472204,2
2023-12-15,1,1,0.11981566820276497,0.008000922077077553,2
2023-12-16,0,1,0.7373271889400922,0.04097614407936017,2
2023-12-17,0,1,0.6820276497695853,0.03467356952055177,2
2023-12-18,0,1,0.8847926267281107,0.09223980733297046,2
2023-12-19,0,1,0.7465437788018433,0.045451078844222365,2
2023-12-20,0,1,0.9078341013824884,0.1692698583141324,2
2023-12-21,0,1,0.18433179723502305,0.010684585133077028,2
2023-12-22,0,1,0.8755760368663594,0.09174946338989982,2
2023-12-23,0,1,0.20276497695852536,0.011595048203601913,2
2023-12-24,0,1,0.17511520737327188,0.010342227147027675,2
2023-12-25,0,1,0.7649769585253456,0.047605014111737884,2
2023-12-26,0,1,0.4055299539170507,0.019473761984177204,2
2023-12-27,0,1,0.04608294930875576,0.005815859086794036,2
2023-12-28,0,1,0.7327188940092166,0.03953617206829801,2
2023-12-29,0,1,0.2350230414746544,0.012749554415245681,2
2023-12-30,0,1,0.3778801843317972,0.01760259432347514,2
2023-12-31,0,1,0.8433179723502304,0.07557457342227752,2
2024-01-08,0,2,0.8867313915857605,0.2504421489927157,2
2024-01-09,0,2,0.8867313915857605,0.3030997262918653,2
2024-01-10,0,2,0.8640776699029126,0.16923358698603222,2
2024-01-11,1,2,0.8867313915857605,0.22388067698126468,2
2024-01-12,1,2,0.889967637540453,0.37975047085283176,2
2024-01-13,1,2,0.7864077669902912,0.115923081929132,2
2024-01-14,1,2,0.5825242718446602,0.05598043014852514,2
2024-01-15,1,2,0.8867313915857605,0.27030615773937366,2
2024-01-16,0,2,0.8867313915857605,0.26749396456026253,2
2024-01-17,1,2,0.889967637540453,0.5214147065121536,2
2024-01-18,1,2,0.889967637540453,0.41134369236575896,2
2024-01-19,1,2,0.8543689320388349,0.14783326254720364,2
2024-01-20,0,2,0.6601941747572816,0.06428315347377507,2
2024-01-21,0,2,0.284789644012945,0.02568767989987326,2
2024-01-22,0,2,0.2815533980582524,0.02556719781502113,2
2024-01-23,0,2,0.27184466019417475,0.025086932154447208,2
2024-01-24,0,2,0.2621359223300971,0.02414537704071211,2
2024-01-25,0,2,0.7216828478964401,0.084055159007472,2
2024-01-26,0,2,0.022653721682847898,0.0066263201592680135,2
2024-01-27,0,2,0.4854368932038835,0.044302958864085196,2
2024-01-28,0,2,0.313915857605178,0.02743151250354581,2
2024-01-29,0,2,0.517799352750809,0.04792376911961889,2
2024-01-30,1,2,0.517799352750809,0.047923123922547606,2
2024-01-31,0,2,0.3559870550161812,0.0310069799510634,2
2024-02-01,0,2,0.31715210355987056,0.02823358564507119,2
2024-02-02,0,2,0.5307443365695793,0.05053017359325517,2
2024-02-03,0,2,0.3365695792880259,0.028932485085443282,2
2024-02-04,0,2,0.6666666666666666,0.06862337526227537,2
2024-02-05,0,2,0.8867313915857605,0.3127296538370944,2
2024-02-06,0,2,0.8867313915857605,0.33685497653350904,2
2024-02-07,0,2,0.7411003236245954,0.09597451896845513,2
2024-02-08,0,2,0.889967637540453,0.7235789981760733,2
2024-02-09,0,2,0.889967637540453,0.5197933005749655,2
2024-02-10,0,2,0.889967637540453,0.3587234647502044,2
2024-02-11,0,2,0.6601941747572816,0.06557416201886941,2
2024-02-12,0,2,0.7216828478964401,0.0801074503868994,2
2024-02-13,0,2,0.34951456310679613,0.029542685139957534,2
2024-02-14,0,2,0.7411003236245954,0.09578117346998596,2
2024-02-15,0,2,0.7346278317152104,0.0936194579141554,2
2024-02-16,0,2,0.5016181229773463,0.04567488504789037,2
2024-02-17,0,2,0.7216828478964401,0.07937321410262153,2
2024-02-18,0,2,0.12944983818770225,0.016084609122248683,2
2024-02-19,0,2,0.26537216828478966,0.024726681277065777,2
2024-02-20,0,2,0.7961165048543689,0.11941788707946314,2
2024-02-21,0,2,0.42718446601941745,0.03845480551057074,2
2024-02-22,0,2,0.7605177993527508,0.10566667185358333,2
2024-02-23,0,2,0.8058252427184466,0.12508100572411543,2
2024-02-24,0,2,0.23300970873786409,0.022846569128906598,2
2024-02-25,0,2,0.11974110032362459,0.014122411673600769,2
2024-02-26,0,2,0.07766990291262135,0.011351364283148153,2
2024-02-27,0,2,0.3818770226537217,0.0322048994717893,2
2024-02-28,0,2,0.35275080906148865,0.030021646125364513,2
2024-02-29,0,2,0.7281553398058253,0.08859493724600286,2
2024-03-01,0,2,0.2912621359223301,0.026016672828056836,2
2024-03-02,0,2,0.6601941747572816,0.06522920179669044,2
2024-03-03,0,2,0.7055016181229773,0.0747524863121868,2
2024-03-04,0,2,0.7216828478964401,0.07995607906233747,2
2024-03-05,0,2,0.8187702265372169,0.12918353874663296,2
2024-03-06,0,2,0.7281553398058253,0.08945680998395204,2
2024-03-07,0,2,0.8478964401294499,0.13964511528326082,2
2024-03-08,0,2,0.5242718446601942,0.04909362588134478,2
2024-03-09,1,2,0.4045307443365696,0.03552470073745234,2
2024-03-10,1,2,0.883495145631068,0.21671289840899213,2
2024-03-11,1,2,0.8932038834951457,0.8342616946447079,2
2024-03-12,1,2,0.889967637540453,0.8122479009354923,2
2024-03-13,1,2,0.889967637540453,0.3956497079528489,2
2024-03-14,1,2,0.889967637540453,0.6321384025289659,2
2024-03-15,1,2,0.6148867313915858,0.05882194368303391,2
2024-03-16,1,2,0.6925566343042071,0.07098844000065695,2
2024-03-17,0,2,0.7249190938511327,0.08668452364828282,2
2024-03-18,0,2,0.8867313915857605,0.26195297273770934,2
2024-03-19,0,2,0.313915857605178,0.02746990248881873,2
2024-03-20,0,2,0.43042071197411,0.038881927494467616,2
2024-03-21,0,2,0.43042071197411,0.03933591939312511,2
2024-03-22,0,2,0.6601941747572816,0.06431455079534501,2
2024-03-23,0,2,0.36245954692556637,0.03134821071389383,2
2024-03-24,0,2,0.34627831715210355,0.029359216677004106,2
2024-03-25,0,2,0.032362459546925564,0.008135003717626451,2
2024-03-26,0,2,0.1423948220064725,0.017447746023005604,2
2024-03-27,0,2,0.022653721682847898,0.006760268941778037,2
2024-03-28,0,2,0.40129449838187703,0.03436958872505718,2
2024-03-29,0,2,0.11974110032362459,0.014104312865571605,2
2024-03-30,0,2,0.32038834951456313,0.028441734533652743,2
2024-03-31,0,2,0.042071197411003236,0.008841882672767917,2
2024-04-08,0,3,0.9,0.8499127874792227,2
2024-04-09,0,3,0.8825,0.817221753765624,2
2024-04-10,1,3,0.875,0.7448842645445019,2
2024-04-11,1,3,0.9,0.8483728364074051,2
2024-04-12,0,3,0.8725,0.6859750998439723,2
2024-04-13,1,3,0.8675,0.4800093683377575,2
2024-04-14,1,3,0.8675,0.5030808467538727,2
2024-04-15,1,3,0.7225,0.11222142201548034,2
2024-04-16,1,3,0.59,0.06990807654355866,2
2024-04-17,1,3,0.7825,0.15669883573314192,2
2024-04-18,1,3,0.855,0.28711485552119065,2
2024-04-19,1,3,0.7675,0.1433963116751113,2
2024-04-20,1,3,0.7675,0.14295637235748027,2
2024-04-21,0,3,0.1475,0.01908057185319988,2
2024-04-22,0,3,0.1525,0.01949205009683895,2
2024-04-23,0,3,0.435,0.048591879902928674,2
2024-04-24,0,3,0.0875,0.014423354948990108,2
2024-04-25,0,3,0.06,0.011425290090933115,2
2024-04-26,0,3,0.27,0.027762040599404784,2
2024-04-27,0,3,0.035,0.00989180332562565,2
2024-04-28,0,3,0.155,0.019681213522516637,2
2024-04-29,0,3,0.0225,0.008212782130625637,2
2024-04-30,0,3,0.1375,0.017324230720016265,2
2024-05-01,0,3,0.06,0.011337999501475828,2
2024-05-02,0,3,0.13,0.016567103041481856,2
2024-05-03,0,3,0.045,0.010327714443591105,2
2024-05-04,0,3,0.615,0.07415200267536505,2
2024-05-05,0,3,0.7825,0.15681964983784516,2
2024-05-06,0,3,0.5225,0.060145244989998466,2
2024-05-07,0,3,0.7625,0.1376059933791972,2
2024-05-08,0,3,0.8625,0.31531306001790077,2
2024-05-09,0,3,0.55,0.062353734242661274,2
2024-05-10,0,3,0.6825,0.09263130262712299,2
2024-05-11,0,3,0.8075,0.1793091925886479,2
2024-05-12,0,3,0.8675,0.4189159124264363,2
2024-05-13,0,3,0.79,0.16280010884538937,2
2024-05-14,0,3,0.79,0.16508634895119495,2
2024-05-15,0,3,0.6975,0.09714283668129255,2
2024-05-16,0,3,0.855,0.29105295452886093,2
2024-05-17,1,3,0.8575,0.30562599067926727,2
2024-05-18,0,3,0.8675,0.4395453034956641,2
2024-05-19,0,3,0.3775,0.04138125114056438,2
2024-05-20,0,3,0.635,0.08016632722222175,2
2024-05-21,0,3,0.785,0.16081476247061496,2
2024-05-22,0,3,0.8075,0.18472777741578608,2
2024-05-23,0,3,0.8675,0.4489719571542701,2
2024-05-24,0,3,0.3175,0.03165203038961424,2
2024-05-25,0,3,0.2675,0.027434762687640623,2
2024-05-26,0,3,0.145,0.018658432638519157,2
2024-05-27,0,3,0.1625,0.02054475005751738,2
2024-05-28,0,3,0.3875,0.0437153769042215,2
2024-05-29,0,3,0.37,0.03772662465091776,2
2024-05-30,0,3,0.0675,0.012362489548276283,2
2024-05-31,0,3,0.55,0.06236421770778269,2
2024-06-01,0,3,0.3775,0.04096135619376701,2
2024-06-02,0,3,0.7425,0.12438873175872528,2
2024-06-03,0,3,0.855,0.27467307711742245,2
2024-06-04,0,3,0.8325,0.2292341332816543,2
2024-06-05,0,3,0.58,0.06801273036322765,2
2024-06-06,0,3,0.8325,0.23063459943878836,2
2024-06-07,0,3,0.72,0.11027757761538111,2
2024-06-08,0,3,0.68,0.09226392515710932,2
2024-06-09,0,3,0.145,0.018489802661630677,2
2024-06-10,0,3,0.19,0.02262305023378857,2
2024-06-11,0,3,0.2075,0.023585065640785625,2
2024-06-12,0,3,0.4575,0.05175398348106362,2
2024-06-13,0,3,0.685,0.09331780872941167,2
2024-06-14,1,3,0.6575,0.0845904705165635,2
2024-06-15,1,3,0.4575,0.052565005499585794,2
2024-06-16,1,3,0.8675,0.5375493470357895,2
2024-06-17,1,3,0.87,0.6012654297497327,2
2024-06-18,1,3,0.87,0.6487555970281208,2
2024-06-19,1,3,0.8675,0.468216871870306,2
2024-06-20,1,3,0.835,0.24523508064745553,2
2024-06-21,1,3,0.855,0.28509977623703503,2
2024-06-22,0,3,0.8625,0.3134069299584601,2
2024-06-23,0,3,0.075,0.013255333993541693,2
2024-06-24,0,3,0.18,0.02154698588755109,2
2024-06-25,0,3,0.0125,0.006952769335657414,2
2024-06-26,0,3,0.11,0.015708956272770278,2
2024-06-27,0,3,0.075,0.012776858729629203,2
2024-06-28,0,3,0.085,0.014028973109883599,2
2024-06-29,0,3,0.0725,0.012489370337940894,2
2024-06-30,0,3,0.03,0.009210538376013638,2
2024-07-08,0,4,0.6863543788187373,0.13887334314067076,2
2024-07-09,0,4,0.7331975560081466,0.17401275223375337,2
2024-07-10,0,4,0.6374745417515275,0.11713245467471838,2
2024-07-11,0,4,0.8167006109979633,0.28023540527016755,2
2024-07-12,0,4,0.7780040733197556,0.2268654120044149,2
2024-07-13,0,4,0.769857433808554,0.20861032735028337,2
2024-07-14,1,4,0.835030549898167,0.3803247041130205,2
2024-07-15,1,4,0.845213849287169,0.5727595722725506,2
2024-07-16,0,4,0.7515274949083504,0.18619037989767945,2
2024-07-17,1,4,0.7270875763747454,0.17142140334312703,2
2024-07-18,1,4,0.6374745417515275,0.11723531297202784,2
2024-07-19,0,4,0.7393075356415478,0.17657703995700147,2
2024-07-20,0,4,0.7413441955193483,0.178477494442075,2
2024-07-21,0,4,0.3075356415478615,0.049347400633764436,2
2024-07-22,0,4,0.1710794297352342,0.028697536438880546,2
2024-07-23,0,4,0.28105906313645623,0.04621279208956767,2
2024-07-24,0,4,0.219959266802444,0.037613457211367975,2
2024-07-25,0,4,0.13441955193482688,0.022927693898762664,2
2024-07-26,0,4,0.17311608961303462,0.02923136772617919,2
2024-07-27,0,4,0.14663951120162932,0.024793872085200865,2
2024-07-28,0,4,0.002036659877800407,0.0070010193685555834,2
2024-07-29,0,4,0.04684317718940937,0.014677758112965837,2
2024-07-30,0,4,0.07739307535641547,0.017271047020117176,2
2024-07-31,0,4,0.2729124236252546,0.04537966249327344,2
2024-08-01,0,4,0.570264765784114,0.09992637425124952,2
2024-08-02,0,4,0.5437881873727087,0.0924697259752539,2
2024-08-03,0,4,0.17311608961303462,0.02896828224524086,2
2024-08-04,0,4,0.8167006109979633,0.27992080170391925,2
2024-08-05,0,4,0.6537678207739308,0.1268893228205032,2
2024-08-06,0,4,0.6578411405295316,0.12750621964409564,2
2024-08-07,0,4,0.6883910386965377,0.14027438506355408,2
2024-08-08,0,4,0.7006109979633401,0.14526599938039836,2
2024-08-09,0,4,0.5193482688391039,0.0864284291521296,2
2024-08-10,0,4,0.6822810590631364,0.13773012437878546,2
2024-08-11,0,4,0.7759674134419552,0.21583037370751149,2
2024-08-12,0,4,0.7270875763747454,0.16830250929958812,2
2024-08-13,0,4,0.7657841140529531,0.2038788914599845,2
2024-08-14,1,4,0.7209775967413442,0.1603007342837566,2
2024-08-15,0,4,0.5926680244399185,0.10438339572446445,2
2024-08-16,0,4,0.6517311608961304,0.12617634303061565,2
2024-08-17,0,4,0.7535641547861507,0.19092170588041077,2
2024-08-18,0,4,0.8370672097759674,0.46621329856159427,2
2024-08-19,0,4,0.8513238289205702,0.6184698664919553,2
2023-07-08,0,0,0.64,0.026897246439512468,3
2023-07-09,0,0,0.344,0.012833526093383356,3
2023-07-10,0,0,0.12,0.008090379040716966,3
2023-07-11,0,0,0.856,0.0706900374170124,3
2023-07-12,0,0,0.728,0.03814801061286352,3
2023-07-13,1,0,0.592,0.023238854359941098,3
2023-07-14,1,0,0.64,0.02734260736827901,3
2023-07-15,0,0,0.312,0.011962030561414183,3
2023-07-16,0,0,0.576,0.021393726590224052,3
2023-07-17,0,0,0.424,0.016168252871090492,3
2023-07-18,0,0,0.104,0.007539785018497368,3
2023-07-19,0,0,0.24,0.010247172960527075,3
2023-07-20,0,0,0.624,0.025608475006975027,3
2023-07-21,0,0,0.504,0.018758074960350465,3
2023-07-22,0,0,0.208,0.009538513589595754,3
2023-07-23,0,0,0.24,0.010280802674550275,3
2023-07-24,0,0,0.312,0.011890260360923026,3
2023-07-25,0,0,0.384,0.014190066365057163,3
2023-07-26,0,0,0.664,0.03146947232762081,3
2023-07-27,0,0,0.504,0.01898555861405665,3
2023-07-28,0,0,0.504,0.01873092878680252,3
2023-07-29,0,0,0.632,0.026384276503437543,3
2023-07-30,0,0,0.232,0.010095947964246468,3
2023-07-31,0,0,0.0,0.004479204575214873,3
2023-08-01,0,0,0.744,0.04093801405635684,3
2023-08-02,0,0,0.104,0.007349352482242836,3
2023-08-03,0,0,0.048,0.006158471164597537,3
2023-08-04,0,0,0.624,0.02466779487318174,3
2023-08-05,0,0,0.528,0.01958013128145889,3
2023-08-06,0,0,0.504,0.018707470590169993,3
2023-08-07,0,0,0.584,0.021883596479491937,3
2023-08-08,0,0,0.528,0.019550877503627048,3
2023-08-09,0,0,0.24,0.010328169005182936,3
2023-08-10,0,0,0.736,0.04064816965291114,3
2023-08-11,0,0,0.704,0.035129033090558905,3
2023-08-12,0,0,0.736,0.04080044398150388,3
2023-08-13,0,0,0.36,0.013839459049131015,3
2023-08-14,0,0,0.0,0.004584043651838118,3
2023-08-15,0,0,0.608,0.02389962601052454,3
2023-08-16,0,0,0.24,0.010247571621664784,3
2023-08-17,0,0,0.296,0.010915386284397149,3
2023-08-18,1,0,0.352,0.013446625978677787,3
2023-08-19,0,0,0.336,0.012548392370770047,3
2023-08-20,0,0,0.336,0.012564264647699946,3
2023-08-21,0,0,0.76,0.04605181364039673,3
2023-08-22,0,0,0.672,0.032093318697816314,3
2023-08-23,0,0,0.32,0.011989083218002195,3
2023-08-24,0,0,0.344,0.012893734744592456,3
2023-08-25,0,0,0.072,0.0064986392476512915,3
2023-08-26,0,0,0.104,0.007263354361138822,3
2023-08-27,0,0,0.904,0.2396195370525512,3
2023-08-28,0,0,0.84,0.06421798988211676,3
2023-08-29,0,0,0.544,0.020653097924176876,3
2023-08-30,0,0,0.896,0.09747739747475158,3
2023-08-31,0,0,0.304,0.011430973539875208,3
2023-09-01,0,0,0.904,0.28758973270967586,3
2023-09-02,0,0,0.784,0.04880759141411032,3
2023-09-03,0,0,0.904,0.20212690090575378,3
2023-09-04,0,0,0.904,0.371907653193704,3
2023-09-05,1,0,0.904,0.6135929279793169,3
2023-09-06,1,0,0.88,0.08394422168181462,3
2023-09-07,1,0,0.904,0.35548443889366405,3
2023-09-08,1,0,0.904,0.48874515951101555,3
2023-09-09,0,0,0.904,0.34176294020500453,3
2023-09-10,0,0,0.296,0.011012953487505875,3
2023-09-11,0,0,0.848,0.07026868622810081,3
2023-09-12,0,0,0.424,0.015852443117305784,3
2023-09-13,0,0,0.64,0.02658953084331261,3
2023-09-14,0,0,0.728,0.03853681999153756,3
2023-09-15,0,0,0.608,0.023590070615559143,3
2023-09-16,0,0,0.712,0.037639130327233435,3
2023-09-17,0,0,0.296,0.010984941003420989,3
2023-09-18,0,0,0.032,0.005957523799179222,3
2023-09-19,0,0,0.328,0.012091387649266297,3
2023-09-20,0,0,0.624,0.024652475787145318,3
2023-09-21,0,0,0.64,0.02763214925091062,3
2023-09-22,0,0,0.216,0.009788226912888059,3
2023-09-23,0,0,0.664,0.03183764706370686,3
2023-09-24,0,0,0.608,0.023669062717433825,3
2023-09-25,0,0,0.624,0.025333220717272273,3
2023-09-26,0,0,0.8,0.049702884126247536,3
2023-09-27,0,0,0.528,0.019302446727488605,3
2023-09-28,0,0,0.008,0.005406635330640991,3
2023-09-29,0,0,0.328,0.012062853956790963,3
2023-09-30,0,0,0.312,0.011729762640721472,3
2023-10-08,0,1,0.6221198156682027,0.030878051320195322,3
2023-10-09,0,1,0.5161290322580645,0.020653007346973697,3
2023-10-10,0,1,0.45622119815668205,0.01661844487572237,3
2023-10-11,0,1,0.5852534562211982,0.02732398113589261,3
2023-10-12,0,1,0.8755760368663594,0.10391718549463044,3
2023-10-13,1,1,0.5990783410138248,0.02934782360051717,3
2023-10-14,1,1,0.663594470046083,0.033279099344740354,3
2023-10-15,0,1,0.8202764976958525,0.06607947601757083,3
2023-10-16,1,1,0.8940092165898618,0.11628433464775097,3
2023-10-17,1,1,0.8617511520737328,0.0791344735686362,3
2023-10-18,0,1,0.16129032258064516,0.00657176762236752,3
2023-10-19,0,1,0.2488479262672811,0.008825665321445604,3
2023-10-20,0,1,0.5668202764976958,0.024465041305736162,3
2023-10-21,0,1,0.22580645161290322,0.008436474863681858,3
2023-10-22,0,1,0.14285714285714285,0.006137280907895353,3
2023-10-23,0,1,0.8064516129032258,0.06052802970459023,3
2023-10-24,0,1,0.5576036866359447,0.02415524755599236,3
2023-10-25,0,1,0.059907834101382486,0.0038621495145639536,3
2023-10-26,0,1,0.7972350230414746,0.05665280062312812,3
2023-10-27,0,1,0.16589861751152074,0.00672110183464217,3
2023-10-28,0,1,0.8617511520737328,0.08041978506095136,3
2023-10-29,0,1,0.18433179723502305,0.007327857151760831,3
2023-10-30,0,1,0.5023041474654378,0.01965072975897483,3
2023-10-31,0,1,0.3686635944700461,0.011434274427993604,3
2023-11-01,0,1,0.5023041474654378,0.0195560465731885,3
2023-11-02,0,1,0.423963133640553,0.015028960563447021,3
2023-11-03,0,1,0.3824884792626728,0.01266292868335028,3
2023-11-04,0,1,0.5714285714285714,0.024647514185211685,3
2023-11-05,0,1,0.9124423963133641,0.32192701986285127,3
2023-11-06,0,1,0.8663594470046083,0.08577086408853914,3
2023-11-07,0,1,0.9124423963133641,0.46414829770428606,3
2023-11-08,0,1,0.9124423963133641,0.3029432086694043,3
2023-11-09,1,1,0.847926267281106,0.07653517901824357,3
2023-11-10,1,1,0.663594470046083,0.03311699160288203,3
2023-11-11,0,1,0.8018433179723502,0.05837558540535167,3
2023-11-12,0,1,0.7511520737327189,0.045814986994979226,3
2023-11-13,1,1,0.9078341013824884,0.23841557030495564,3
2023-11-14,1,1,0.7788018433179723,0.053444646643257085,3
2023-11-15,0,1,0.2119815668202765,0.007888591446770532,3
2023-11-16,0,1,0.2903225806451613,0.009625449706421716,3
2023-11-17,0,1,0.05069124423963134,0.0036485515028532385,3
2023-11-18,0,1,0.21658986175115208,0.008164263989168993,3
2023-11-19,0,1,0.2304147465437788,0.008524611115855828,3
2023-11-20,0,1,0.8663594470046083,0.08171122867971567,3
2023-11-21,0,1,0.05069124423963134,0.003531639279083909,3
2023-11-22,0,1,0.05069124423963134,0.003638698577162213,3
2023-11-23,0,1,0.21658986175115208,0.008180561121713578,3
2023-11-24,0,1,0.21658986175115208,0.008132983153142082,3
2023-11-25,0,1,0.35944700460829493,0.010808171351977413,3
2023-11-26,0,1,0.7096774193548387,0.0413296578681081,3
2023-11-27,0,1,0.06912442396313365,0.004128103867155828,3
2023-11-28,0,1,0.5944700460829493,0.02818841556150691,3
2023-11-29,0,1,0.21658986175115208,0.00797808584039327,3
2023-11-30,0,1,0.2073732718894009,0.007826080800056506,3
2023-12-01,0,1,0.17511520737327188,0.00706598940733677,3
2023-12-02,0,1,0.8617511520737328,0.0775503304284768,3
2023-12-03,0,1,0.9032258064516129,0.1306672861843413,3
2023-12-04,0,1,0.8940092165898618,0.12209023264196343,3
2023-12-05,0,1,0.9124423963133641,0.4761747845400897,3
2023-12-06,0,1,0.5207373271889401,0.020869063696373154,3
2023-12-07,1,1,0.9124423963133641,0.32824039357286444,3
2023-12-08,0,1,0.9032258064516129,0.1992984663669881,3
2023-12-09,0,1,0.847926267281106,0.07653660338223577,3
2023-12-10,1,1,0.9032258064516129,0.17235682892758034,3
2023-12-11,1,1,0.43317972350230416,0.01575873773018361,3
2023-12-12,1,1,0.9124423963133641,0.4848289459132657,3
2023-12-13,1,1,0.5806451612903226,0.02695592396921087,3
2023-12-14,1,1,0.8248847926267281,0.06939969401511838,3
2023-12-15,1,1,0.3778801843317972,0.012450866408224487,3
2023-12-16,0,1,0.8709677419354839,0.0950423187296575,3
2023-12-17,0,1,0.2995391705069124,0.009839071819667164,3
2023-12-18,0,1,0.6543778801843319,0.03281741580634975,3
2023-12-19,0,1,0.4470046082949309,0.016392839398741015,3
2023-12-20,0,1,0.9078341013824884,0.23180388456292708,3
2023-12-21,0,1,0.05069124423963134,0.0034849939198153164,3
2023-12-22,0,1,0.5806451612903226,0.02696316292550644,3
2023-12-23,0,1,0.12903225806451613,0.005853353149001096,3
2023-12-24,0,1,0.0,0.0023674216404392595,3
2023-12-25,0,1,0.423963133640553,0.014947936837944998,3
2023-12-26,0,1,0.22119815668202766,0.008403435555520106,3
2023-12-27,0,1,0.027649769585253458,0.003201841692702451,3
2023-12-28,0,1,0.2626728110599078,0.009399243933948736,3
2023-12-29,0,1,0.08294930875576037,0.004955062106831326,3
2023-12-30,0,1,0.055299539170506916,0.0036997917763728822,3
2023-12-31,0,1,0.9124423963133641,0.5958153394226405,3
2024-01-08,0,2,0.86084142394822,0.1947633505933176,3
2024-01-09,0,2,0.889967637540453,0.5706602201022933,3
2024-01-10,0,2,0.7961165048543689,0.11205010992868655,3
2024-01-11,1,2,0.8640776699029126,0.2090254932796398,3
2024-01-12,1,2,0.889967637540453,0.7041436283265734,3
2024-01-13,1,2,0.6601941747572816,0.06228970070957095,3
2024-01-14,1,2,0.7572815533980582,0.09765196709982411,3
2024-01-15,1,2,0.86084142394822,0.18173634425608878,3
2024-01-16,0,2,0.8867313915857605,0.4289209928818894,3
2024-01-17,1,2,0.86084142394822,0.1946693848042105,3
2024-01-18,1,2,0.86084142394822,0.20044401995341565,3
2024-01-19,1,2,0.6537216828478964,0.05955574548547659,3
2024-01-20,0,2,0.48220064724919093,0.029946621730936852,3
2024-01-21,0,2,0.5016181229773463,0.03271994487702315,3
2024-01-22,0,2,0.4919093851132686,0.03242817240191451,3
2024-01-23,0,2,0.2815533980582524,0.015344537257705348,3
2024-01-24,0,2,0.11650485436893204,0.00862684278698672,3
2024-01-25,0,2,0.4919093851132686,0.032288806403950016,3
2024-01-26,0,2,0.061488673139158574,0.006969733502186208,3
2024-01-27,0,2,0.36245954692556637,0.02046892350762974,3
2024-01-28,0,2,0.23624595469255663,0.013814329330696859,3
2024-01-29,0,2,0.08090614886731391,0.007768222577262381,3
2024-01-30,1,2,0.42718446601941745,0.0250549506494533,3
2024-01-31,0,2,0.6019417475728155,0.04954207175479321,3
2024-02-01,0,2,0.10679611650485436,0.008281812083677165,3
2024-02-02,0,2,0.07766990291262135,0.007738442686291127,3
2024-02-03,0,2,0.11974110032362459,0.008737059909565997,3
2024-02-04,0,2,0.7378640776699029,0.09050011046877006,3
2024-02-05,0,2,0.889967637540453,0.449927196339204,3
2024-02-06,0,2,0.8737864077669902,0.2641654697968304,3
2024-02-07,0,2,0.8737864077669902,0.2825174220261089,3
2024-02-08,0,2,0.889967637540453,0.6820765522793399,3
2024-02-09,0,2,0.889967637540453,0.7633336427292363,3
2024-02-10,0,2,0.883495145631068,0.37568453456364065,3
2024-02-11,0,2,0.8705501618122977,0.2330785110215779,3
2024-02-12,0,2,0.86084142394822,0.1952541851889807,3
2024-02-13,0,2,0.4919093851132686,0.03109223982281774,3
2024-02-14,0,2,0.8737864077669902,0.26597326015088557,3
2024-02-15,0,2,0.8867313915857605,0.43163730321925625,3
2024-02-16,0,2,0.889967637540453,0.4371532034264405,3
2024-02-17,0,2,0.8349514563106796,0.12911071909322075,3
2024-02-18,0,2,0.47896440129449835,0.029689082025563675,3
2024-02-19,0,2,0.4563106796116505,0.027853545362998063,3
2024-02-20,0,2,0.8025889967637541,0.11581980362220808,3
2024-02-21,0,2,0.6828478964401294,0.07155934820754703,3
2024-02-22,0,2,0.7378640776699029,0.09269854648526078,3
2024-02-23,0,2,0.7216828478964401,0.08106394936148084,3
2024-02-24,0,2,0.4692556634304207,0.028908603526328357,3
2024-02-25,0,2,0.14563106796116504,0.009629989913159357,3
2024-02-26,0,2,0.061488673139158574,0.006853606273198379,3
2024-02-27,0,2,0.14563106796116504,0.00967399100713773,3
2024-02-28,0,2,0.24919093851132687,0.01430380114037603,3
2024-02-29,0,2,0.3300970873786408,0.017988863887091557,3
2024-03-01,0,2,0.0744336569579288,0.007352456589213475,3
2024-03-02,0,2,0.5242718446601942,0.03651105216433285,3
2024-03-03,0,2,0.86084142394822,0.1876171139711203,3
2024-03-04,0,2,0.8737864077669902,0.26929125604902937,3
2024-03-05,0,2,0.883495145631068,0.3858098859306414,3
2024-03-06,0,2,0.7475728155339806,0.0936099175215168,3
2024-03-07,0,2,0.889967637540453,0.6338858726251438,3
2024-03-08,0,2,0.7087378640776699,0.07869949550690723,3
2024-03-09,1,2,0.7993527508090615,0.11449807637333191,3
2024-03-10,1,2,0.8737864077669902,0.28861234801745833,3
2024-03-11,1,2,0.8932038834951457,0.859331691082929,3
2024-03-12,1,2,0.9029126213592233,0.8950827097815378,3
2024-03-13,1,2,0.889967637540453,0.6556485164132234,3
2024-03-14,1,2,0.883495145631068,0.3407110407743451,3
2024-03-15,1,2,0.889967637540453,0.4394907072456187,3
2024-03-16,1,2,0.6407766990291263,0.056312243109843646,3
2024-03-17,0,2,0.6601941747572816,0.06529870556902816,3
2024-03-18,0,2,0.8414239482200647,0.14566535678650985,3
2024-03-19,0,2,0.4110032362459547,0.024320717273813394,3
2024-03-20,0,2,0.3592233009708738,0.020032342910147136,3
2024-03-21,0,2,0.1779935275080906,0.011381226253237089,3
2024-03-22,0,2,0.2750809061488673,0.015174798560538983,3
2024-03-23,0,2,0.34951456310679613,0.01897735334069726,3
2024-03-24,0,2,0.061488673139158574,0.006926058565553144,3
2024-03-25,0,2,0.1650485436893204,0.01100726275948994,3
2024-03-26,0,2,0.003236245954692557,0.0032568274123948313,3
2024-03-27,0,2,0.016181229773462782,0.004454655073729656,3
2024-03-28,0,2,0.10679611650485436,0.008331728792188142,3
2024-03-29,0,2,0.07766990291262135,0.007680527040783198,3
2024-03-30,0,2,0.5307443365695793,0.03810675766273517,3
2024-03-31,0,2,0.4919093851132686,0.03182922531096855,3
2024-04-08,0,3,0.865,0.5304130168891731,3
2024-04-09,0,3,0.8075,0.18493629054212227,3
2024-04-10,1,3,0.8725,0.6253247864353518,3
2024-04-11,1,3,0.8725,0.6334933186437802,3
2024-04-12,0,3,0.8775,0.7787333899609998,3
2024-04-13,1,3,0.8575,0.35480960144999935,3
2024-04-14,1,3,0.42,0.039597035732387556,3
2024-04-15,1,3,0.6,0.07656873590663192,3
2024-04-16,1,3,0.5425,0.06125230346668888,3
2024-04-17,1,3,0.79,0.1558258986283689,3
2024-04-18,1,3,0.8025,0.1735710612033596,3
2024-04-19,1,3,0.67,0.0981371652754678,3
2024-04-20,1,3,0.65,0.0926124109735523,3
2024-04-21,0,3,0.08,0.011699874031740188,3
2024-04-22,0,3,0.215,0.020330640258775505,3
2024-04-23,0,3,0.0375,0.007813330347952977,3
2024-04-24,0,3,0.0575,0.009699216931035027,3
2024-04-25,0,3,0.015,0.00634236379040677,3
2024-04-26,0,3,0.13,0.014811328648854274,3
2024-04-27,0,3,0.1125,0.013439843126202057,3
2024-04-28,0,3,0.115,0.013532363799633945,3
2024-04-29,0,3,0.095,0.012474545356465272,3
2024-04-30,0,3,0.47,0.047046615824487,3
2024-05-01,0,3,0.11,0.013222337217674131,3
2024-05-02,0,3,0.08,0.011389525754222505,3
2024-05-03,0,3,0.39,0.036518058933217384,3
2024-05-04,0,3,0.45,0.04500405338108009,3
2024-05-05,0,3,0.6975,0.10617454038618876,3
2024-05-06,0,3,0.5725,0.07010966243485224,3
2024-05-07,0,3,0.7575,0.13113655759309784,3
2024-05-08,0,3,0.67,0.10122341659864476,3
2024-05-09,0,3,0.78,0.14926195337797432,3
2024-05-10,0,3,0.66,0.09451467904882488,3
2024-05-11,0,3,0.7925,0.15860681021280518,3
2024-05-12,0,3,0.8525,0.2929410456818574,3
2024-05-13,0,3,0.655,0.09400413930289375,3
2024-05-14,0,3,0.7625,0.13523693426399977,3
2024-05-15,0,3,0.66,0.09609400848155607,3
2024-05-16,0,3,0.8525,0.2817423969840661,3
2024-05-17,1,3,0.8175,0.20396593816232864,3
2024-05-18,0,3,0.67,0.0997486654087538,3
2024-05-19,0,3,0.65,0.09273994260230105,3
2024-05-20,0,3,0.7025,0.10853689873929788,3
2024-05-21,0,3,0.42,0.0388937661636117,3
2024-05-22,0,3,0.78,0.15193975379303243,3
2024-05-23,0,3,0.59,0.0740458363498714,3
2024-05-24,0,3,0.5225,0.055314123932261254,3
2024-05-25,0,3,0.33,0.03023420718573247,3
2024-05-26,0,3,0.1475,0.0163985031468541,3
2024-05-27,0,3,0.0575,0.009703959183644594,3
2024-05-28,0,3,0.155,0.016725088810938284,3
2024-05-29,0,3,0.53,0.057213667375004745,3
2024-05-30,0,3,0.32,0.029495203854651597,3
2024-05-31,0,3,0.115,0.013673189647017636,3
2024-06-01,0,3,0.3525,0.03274659060409566,3
2024-06-02,0,3,0.67,0.10004633055495624,3
2024-06-03,0,3,0.8,0.16573538071832558,3
2024-06-04,0,3,0.64,0.08596501462910504,3
2024-06-05,0,3,0.45,0.044612159896845124,3
2024-06-06,0,3,0.51,0.05419667293568703,3
2024-06-07,0,3,0.4675,0.04640908457926168,3
2024-06-08,0,3,0.5325,0.058975684136882325,3
2024-06-09,0,3,0.6075,0.07871563009259663,3
2024-06-10,0,3,0.2825,0.026277063455476982,3
2024-06-11,0,3,0.5975,0.07567552133991576,3
2024-06-12,0,3,0.645,0.08860318200835002,3
2024-06-13,0,3,0.2925,0.027049519609711775,3
2024-06-14,1,3,0.655,0.09380819554874986,3
2024-06-15,1,3,0.5975,0.07597897250691464,3
2024-06-16,1,3,0.87,0.6182611847542141,3
2024-06-17,1,3,0.9225,0.884938540372835,3
2024-06-18,1,3,0.8875,0.822223314851917,3
2024-06-19,1,3,0.8725,0.7242016425180302,3
2024-06-20,1,3,0.8725,0.6379878411038207,3
2024-06-21,1,3,0.8675,0.5673017741465138,3
2024-06-22,0,3,0.8675,0.568784420466539,3
2024-06-23,0,3,0.0425,0.00845225366062001,3
2024-06-24,0,3,0.2325,0.020979133632490824,3
2024-06-25,0,3,0.015,0.006312423403012144,3
2024-06-26,0,3,0.13,0.014843261162227254,3
2024-06-27,0,3,0.53,0.05841461898423902,3
2024-06-28,0,3,0.055,0.009264023088904207,3
2024-06-29,0,3,0.1475,0.016392248920917726,3
2024-06-30,0,3,0.055,0.009406406273707655,3
2024-07-08,0,4,0.505091649694501,0.08182794662112969,3
2024-07-09,0,4,0.7189409368635438,0.17256674398222382,3
2024-07-10,0,4,0.5437881873727087,0.09597961151217345,3
2024-07-11,0,4,0.6334012219959266,0.1252689091548638,3
2024-07-12,0,4,0.5845213849287169,0.10754922456332354,3
2024-07-13,0,4,0.5498981670061099,0.09865980425536873,3
2024-07-14,1,4,0.7922606924643585,0.2538740646865718,3
2024-07-15,1,4,0.8533604887983707,0.6875962464867554,3
2024-07-16,0,4,0.835030549898167,0.4225092593484761,3
2024-07-17,1,4,0.7922606924643585,0.24734141399804882,3
2024-07-18,1,4,0.8187372708757638,0.3033609707153377,3
2024-07-19,0,4,0.8431771894093686,0.5567146499975268,3
2024-07-20,0,4,0.8309572301425662,0.3843610862424628,3
2024-07-21,0,4,0.5621181262729125,0.10363746446907654,3
2024-07-22,0,4,0.1690427698574338,0.021971028450326127,3
2024-07-23,0,4,0.13238289205702647,0.01811483498073757,3
2024-07-24,0,4,0.014256619144602852,0.008195926825886376,3
2024-07-25,0,4,0.10590631364562118,0.01639591164875455,3
2024-07-26,0,4,0.31568228105906315,0.04436645788495323,3
2024-07-27,0,4,0.028513238289205704,0.00961342245816157,3
2024-07-28,0,4,0.020366598778004074,0.008528063670113608,3
2024-07-29,0,4,0.395112016293279,0.05579057976149527,3
2024-07-30,0,4,0.05702647657841141,0.012269644131796747,3
2024-07-31,0,4,0.3034623217922607,0.042469135101566156,3
2024-08-01,0,4,0.1975560081466395,0.02437401031184689,3
2024-08-02,0,4,0.10183299389002037,0.01604857634995962,3
2024-08-03,0,4,0.18533604887983707,0.023180159692488562,3
2024-08-04,0,4,0.8289205702647657,0.35486690305534774,3
2024-08-05,0,4,0.6802443991853361,0.14848196386341125,3
2024-08-06,0,4,0.7291242362525459,0.17868928034735376,3
2024-08-07,0,4,0.8187372708757638,0.30304307306265443,3
2024-08-08,0,4,0.8431771894093686,0.4801179071142623,3
2024-08-09,0,4,0.6985743380855397,0.15887005537495996,3
2024-08-10,0,4,0.8289205702647657,0.34861577023317375,3
2024-08-11,0,4,0.6904276985743381,0.154185848667672,3
2024-08-12,0,4,0.6680244399185336,0.13993786424716745,3
2024-08-13,0,4,0.6822810590631364,0.14947419518583144,3
2024-08-14,1,4,0.7515274949083504,0.20156494622757093,3
2024-08-15,0,4,0.7759674134419552,0.22916710079855662,3
2024-08-16,0,4,0.5539714867617108,0.10025002630442709,3
2024-08-17,0,4,0.6822810590631364,0.149231294352034,3
2024-08-18,0,4,0.8513238289205702,0.6638800802901055,3
2024-08-19,0,4,0.8757637474541752,0.7750113915495475,3
2023-07-08,0,0,0.776,0.19969907402992249,4
2023-07-09,0,0,0.072,0.028326034545898438,4
2023-07-10,0,0,0.072,0.028584806248545647,4
2023-07-11,0,0,0.288,0.04711940512061119,4
2023-07-12,0,0,0.4,0.058170218020677567,4
2023-07-13,1,0,0.264,0.04478967562317848,4
2023-07-14,1,0,0.424,0.0627104714512825,4
2023-07-15,0,0,0.192,0.037625838071107864,4
2023-07-16,0,0,0.256,0.04282720014452934,4
2023-07-17,0,0,0.264,0.043046481907367706,4
2023-07-18,0,0,0.072,0.028658457100391388,4
2023-07-19,0,0,0.208,0.039237480610609055,4
2023-07-20,0,0,0.424,0.0625002533197403,4
2023-07-21,0,0,0.04,0.02604817785322666,4
2023-07-22,0,0,0.144,0.032972339540719986,4
2023-07-23,0,0,0.376,0.053450483828783035,4
2023-07-24,0,0,0.432,0.06758534163236618,4
2023-07-25,0,0,0.536,0.09190378338098526,4
2023-07-26,0,0,0.616,0.1138656735420227,4
2023-07-27,0,0,0.704,0.13340672850608826,4
2023-07-28,0,0,0.584,0.10559481382369995,4
2023-07-29,0,0,0.672,0.12484026700258255,4
2023-07-30,0,0,0.2,0.03817517310380936,4
2023-07-31,0,0,0.28,0.04649791494011879,4
2023-08-01,0,0,0.424,0.06120887026190758,4
2023-08-02,0,0,0.136,0.03275907784700394,4
2023-08-03,0,0,0.056,0.02684912644326687,4
2023-08-04,0,0,0.712,0.13991224765777588,4
2023-08-05,0,0,0.64,0.12117967754602432,4
2023-08-06,0,0,0.344,0.05015876516699791,4
2023-08-07,0,0,0.376,0.05348988249897957,4
2023-08-08,0,0,0.264,0.044324226677417755,4
2023-08-09,0,0,0.04,0.026278425008058548,4
2023-08-10,0,0,0.432,0.06731709092855453,4
2023-08-11,0,0,0.344,0.05044206231832504,4
2023-08-12,0,0,0.28,0.046872738748788834,4
2023-08-13,0,0,0.48,0.07421785593032837,4
2023-08-14,0,0,0.128,0.03153897076845169,4
2023-08-15,0,0,0.48,0.07893490046262741,4
2023-08-16,0,0,0.208,0.039534516632556915,4
2023-08-17,0,0,0.496,0.08593931794166565,4
2023-08-18,1,0,0.432,0.06656662374734879,4
2023-08-19,0,0,0.096,0.029708581045269966,4
2023-08-20,0,0,0.544,0.09324970841407776,4
2023-08-21,0,0,0.784,0.2289886176586151,4
2023-08-22,0,0,0.744,0.15593723952770233,4
2023-08-23,0,0,0.768,0.17050188779830933,4
2023-08-24,0,0,0.672,0.12547947466373444,4
2023-08-25,0,0,0.296,0.04802737385034561,4
2023-08-26,0,0,0.424,0.06108885258436203,4
2023-08-27,0,0,0.904,0.49817508459091187,4
2023-08-28,0,0,0.856,0.3247550129890442,4
2023-08-29,0,0,0.768,0.16679255664348602,4
2023-08-30,0,0,0.832,0.2657271921634674,4
2023-08-31,0,0,0.64,0.12155607342720032,4
2023-09-01,0,0,0.904,0.504932701587677,4
2023-09-02,0,0,0.824,0.25955599546432495,4
2023-09-03,0,0,0.848,0.32019999623298645,4
2023-09-04,0,0,0.88,0.4477081894874573,4
2023-09-05,1,0,0.888,0.46549028158187866,4
2023-09-06,1,0,0.784,0.24068987369537354,4
2023-09-07,1,0,0.856,0.3292309045791626,4
2023-09-08,1,0,0.872,0.4120025038719177,4
2023-09-09,0,0,0.84,0.29216912388801575,4
2023-09-10,0,0,0.072,0.028558483347296715,4
2023-09-11,0,0,0.496,0.08632958680391312,4
2023-09-12,0,0,0.104,0.030728235840797424,4
2023-09-13,0,0,0.072,0.029077960178256035,4
2023-09-14,0,0,0.192,0.037896450608968735,4
2023-09-15,0,0,0.392,0.05628266558051109,4
2023-09-16,0,0,0.296,0.048009924590587616,4
2023-09-17,0,0,0.208,0.03925636038184166,4
2023-09-18,0,0,0.072,0.028588948771357536,4
2023-09-19,0,0,0.472,0.0728117972612381,4
2023-09-20,0,0,0.52,0.08833099901676178,4
2023-09-21,0,0,0.528,0.08937124907970428,4
2023-09-22,0,0,0.248,0.04184819012880325,4
2023-09-23,0,0,0.544,0.09476187080144882,4
2023-09-24,0,0,0.768,0.1858701854944229,4
2023-09-25,0,0,0.608,0.11372306197881699,4
2023-09-26,0,0,0.776,0.21076196432113647,4
2023-09-27,0,0,0.544,0.09333329647779465,4
2023-09-28,0,0,0.384,0.05514026805758476,4
2023-09-29,0,0,0.704,0.13528300821781158,4
2023-09-30,0,0,0.528,0.08868668228387833,4
2023-10-08,0,1,0.7373271889400922,0.1163623034954071,4
2023-10-09,0,1,0.3087557603686636,0.030994737520813942,4
2023-10-10,0,1,0.46543778801843316,0.046482086181640625,4
2023-10-11,0,1,0.4700460829493088,0.04852844774723053,4
2023-10-12,0,1,0.6774193548387096,0.08850598335266113,4
2023-10-13,1,1,0.5668202764976958,0.06599117815494537,4
2023-10-14,1,1,0.43317972350230416,0.04341936856508255,4
2023-10-15,0,1,0.6543778801843319,0.08383288979530334,4
2023-10-16,1,1,0.7327188940092166,0.10938853025436401,4
2023-10-17,1,1,0.783410138248848,0.13905298709869385,4
2023-10-18,0,1,0.2857142857142857,0.028703363612294197,4
2023-10-19,0,1,0.39631336405529954,0.039314839988946915,4
2023-10-20,0,1,0.3686635944700461,0.03638340160250664,4
2023-10-21,0,1,0.5806451612903226,0.06857631355524063,4
2023-10-22,0,1,0.29493087557603687,0.029861222952604294,4
2023-10-23,0,1,0.695852534562212,0.09759595990180969,4
2023-10-24,0,1,0.7235023041474654,0.10787153989076614,4
2023-10-25,0,1,0.39631336405529954,0.04052355885505676,4
2023-10-26,0,1,0.7327188940092166,0.10950667411088943,4
2023-10-27,0,1,0.391705069124424,0.03809539973735809,4
2023-10-28,0,1,0.6497695852534562,0.08355621248483658,4
2023-10-29,0,1,0.17511520737327188,0.022042447701096535,4
2023-10-30,0,1,0.4838709677419355,0.051021773368120193,4
2023-10-31,0,1,0.35944700460829493,0.03597535938024521,4
2023-11-01,0,1,0.42857142857142855,0.043030910193920135,4
2023-11-02,0,1,0.35023041474654376,0.03410421311855316,4
2023-11-03,0,1,0.35944700460829493,0.03601670637726784,4
2023-11-04,0,1,0.35944700460829493,0.035846367478370667,4
2023-11-05,0,1,0.7972350230414746,0.14608250558376312,4
2023-11-06,0,1,0.5944700460829493,0.07166114449501038,4
2023-11-07,0,1,0.8755760368663594,0.33095985651016235,4
2023-11-08,0,1,0.8847926267281107,0.3384750783443451,4
2023-11-09,1,1,0.8202764976958525,0.17662103474140167,4
2023-11-10,1,1,0.4976958525345622,0.05398940294981003,4
2023-11-11,0,1,0.8709677419354839,0.3099137544631958,4
2023-11-12,0,1,0.39631336405529954,0.03994167596101761,4
2023-11-13,1,1,0.8294930875576036,0.1800795942544937,4
2023-11-14,1,1,0.7972350230414746,0.15170767903327942,4
2023-11-15,0,1,0.12903225806451613,0.019118349999189377,4
2023-11-16,0,1,0.018433179723502304,0.01081895362585783,4
2023-11-17,0,1,0.03686635944700461,0.013568637892603874,4
2023-11-18,0,1,0.3824884792626728,0.037712015211582184,4
2023-11-19,0,1,0.16129032258064516,0.021311158314347267,4
2023-11-20,0,1,0.6866359447004609,0.0945693850517273,4
2023-11-21,0,1,0.02304147465437788,0.011345854960381985,4
2023-11-22,0,1,0.07373271889400922,0.015114272944629192,4
2023-11-23,0,1,0.03686635944700461,0.013465513475239277,4
2023-11-24,0,1,0.02304147465437788,0.012876166962087154,4
2023-11-25,0,1,0.4700460829493088,0.048976119607686996,4
2023-11-26,0,1,0.6820276497695853,0.09143047779798508,4
2023-11-27,0,1,0.4147465437788018,0.04149795323610306,4
2023-11-28,0,1,0.7235023041474654,0.10800982266664505,4
2023-11-29,0,1,0.39631336405529954,0.04072568938136101,4
2023-11-30,0,1,0.48847926267281105,0.053012069314718246,4
2023-12-01,0,1,0.39631336405529954,0.038676049560308456,4
2023-12-02,0,1,0.7188940092165899,0.10211148858070374,4
2023-12-03,0,1,0.8663594470046083,0.26912403106689453,4
2023-12-04,0,1,0.8709677419354839,0.29406389594078064,4
2023-12-05,0,1,0.8847926267281107,0.34542858600616455,4
2023-12-06,0,1,0.5207373271889401,0.0575045607984066,4
2023-12-07,1,1,0.8663594470046083,0.2689153850078583,4
2023-12-08,0,1,0.9032258064516129,0.45882874727249146,4
2023-12-09,0,1,0.8341013824884793,0.19959449768066406,4
2023-12-10,1,1,0.7972350230414746,0.15430539846420288,4
2023-12-11,1,1,0.39631336405529954,0.03985195606946945,4
2023-12-12,1,1,0.8894009216589862,0.3518486022949219,4
2023-12-13,1,1,0.7188940092165899,0.10610903054475784,4
2023-12-14,1,1,0.8709677419354839,0.2760966718196869,4
2023-12-15,1,1,0.1889400921658986,0.023640107363462448,4
2023-12-16,0,1,0.7004608294930875,0.09785836935043335,4
2023-12-17,0,1,0.41935483870967744,0.041659239679574966,4
2023-12-18,0,1,0.3824884792626728,0.03739001229405403,4
2023-12-19,0,1,0.2626728110599078,0.027147669345140457,4
2023-12-20,0,1,0.8294930875576036,0.18045634031295776,4
2023-12-21,0,1,0.02304147465437788,0.012202993966639042,4
2023-12-22,0,1,0.5529953917050692,0.06360150128602982,4
2023-12-23,0,1,0.02304147465437788,0.012423697859048843,4
2023-12-24,0,1,0.004608294930875576,0.010167108848690987,4
2023-12-25,0,1,0.3640552995391705,0.036229636520147324,4
2023-12-26,0,1,0.41935483870967744,0.04199185594916344,4
2023-12-27,0,1,0.1336405529953917,0.01981882005929947,4
2023-12-28,0,1,0.3317972350230415,0.032682325690984726,4
2023-12-29,0,1,0.08755760368663594,0.016071755439043045,4
2023-12-30,0,1,0.07373271889400922,0.015294903889298439,4
2023-12-31,0,1,0.8709677419354839,0.2871013283729553,4
2024-01-08,0,2,0.8478964401294499,0.33967849612236023,4
2024-01-09,0,2,0.8511326860841424,0.3610813021659851,4
2024-01-10,0,2,0.7378640776699029,0.1608843356370926,4
2024-01-11,1,2,0.7637540453074434,0.18815980851650238,4
2024-01-12,1,2,0.8964401294498382,0.6593141555786133,4
2024-01-13,1,2,0.7669902912621359,0.1970997154712677,4
2024-01-14,1,2,0.6084142394822006,0.09382212907075882,4
2024-01-15,1,2,0.7216828478964401,0.14272655546665192,4
2024-01-16,0,2,0.7184466019417476,0.1413281410932541,4
2024-01-17,1,2,0.8543689320388349,0.36157897114753723,4
2024-01-18,1,2,0.7411003236245954,0.16335497796535492,4
2024-01-19,1,2,0.48220064724919093,0.06648396700620651,4
2024-01-20,0,2,0.2783171521035599,0.036277178674936295,4
2024-01-21,0,2,0.04854368932038835,0.013587376102805138,4
2024-01-22,0,2,0.2588996763754045,0.03376187011599541,4
2024-01-23,0,2,0.4401294498381877,0.0544578954577446,4
2024-01-24,0,2,0.08414239482200647,0.017267270013689995,4
2024-01-25,0,2,0.6537216828478964,0.11761156469583511,4
2024-01-26,0,2,0.07766990291262135,0.016679493710398674,4
2024-01-27,0,2,0.37216828478964403,0.04603597894310951,4
2024-01-28,0,2,0.10679611650485436,0.01957898959517479,4
2024-01-29,0,2,0.0744336569579288,0.01638961397111416,4
2024-01-30,1,2,0.6699029126213593,0.12251459807157516,4
2024-01-31,0,2,0.37540453074433655,0.046339575201272964,4
2024-02-01,0,2,0.05501618122977346,0.014178103767335415,4
2024-02-02,0,2,0.022653721682847898,0.010385310277342796,4
2024-02-03,0,2,0.08414239482200647,0.01737397164106369,4
2024-02-04,0,2,0.7799352750809061,0.2271440476179123,4
2024-02-05,0,2,0.8414239482200647,0.30973678827285767,4
2024-02-06,0,2,0.8802588996763754,0.5368735790252686,4
2024-02-07,0,2,0.8478964401294499,0.3236473798751831,4
2024-02-08,0,2,0.9320388349514563,0.8199642896652222,4
2024-02-09,0,2,0.948220064724919,0.8646466135978699,4
2024-02-10,0,2,0.889967637540453,0.6016918420791626,4
2024-02-11,0,2,0.8317152103559871,0.29741716384887695,4
2024-02-12,0,2,0.8058252427184466,0.24835172295570374,4
2024-02-13,0,2,0.8122977346278317,0.2636352777481079,4
2024-02-14,0,2,0.8090614886731392,0.25891390442848206,4
2024-02-15,0,2,0.8058252427184466,0.25216689705848694,4
2024-02-16,0,2,0.8770226537216829,0.4802230894565582,4
2024-02-17,0,2,0.7022653721682848,0.137017622590065,4
2024-02-18,0,2,0.2783171521035599,0.03677862882614136,4
2024-02-19,0,2,0.3333333333333333,0.042459722608327866,4
2024-02-20,0,2,0.7508090614886731,0.17837192118167877,4
2024-02-21,0,2,0.5825242718446602,0.08547315746545792,4
2024-02-22,0,2,0.656957928802589,0.11977960169315338,4
2024-02-23,0,2,0.7961165048543689,0.2431224286556244,4
2024-02-24,0,2,0.3042071197411003,0.03952843323349953,4
2024-02-25,0,2,0.032362459546925564,0.011509506031870842,4
2024-02-26,0,2,0.045307443365695796,0.012711578980088234,4
2024-02-27,0,2,0.3042071197411003,0.03943643346428871,4
2024-02-28,0,2,0.2588996763754045,0.03319971635937691,4
2024-02-29,0,2,0.4045307443365696,0.05113716050982475,4
2024-03-01,0,2,0.1779935275080906,0.025049185380339622,4
2024-03-02,0,2,0.6181229773462783,0.09860454499721527,4
2024-03-03,0,2,0.6893203883495146,0.13317734003067017,4
2024-03-04,0,2,0.8381877022653722,0.30458417534828186,4
2024-03-05,0,2,0.8543689320388349,0.3737477660179138,4
2024-03-06,0,2,0.7281553398058253,0.1496092975139618,4
2024-03-07,0,2,0.8543689320388349,0.3837898075580597,4
2024-03-08,0,2,0.6084142394822006,0.09459003061056137,4
2024-03-09,1,2,0.7411003236245954,0.16191363334655762,4
2024-03-10,1,2,0.8964401294498382,0.6733248829841614,4
2024-03-11,1,2,0.9741100323624595,0.8971347212791443,4
2024-03-12,1,2,0.9514563106796117,0.8769957423210144,4
2024-03-13,1,2,0.9029126213592233,0.7345519661903381,4
2024-03-14,1,2,0.8964401294498382,0.6987844705581665,4
2024-03-15,1,2,0.8058252427184466,0.25251495838165283,4
2024-03-16,1,2,0.8155339805825242,0.26639047265052795,4
2024-03-17,0,2,0.5922330097087378,0.08891430497169495,4
2024-03-18,0,2,0.7896440129449838,0.2318871021270752,4
2024-03-19,0,2,0.19741100323624594,0.027054186910390854,4
2024-03-20,0,2,0.33980582524271846,0.04287918657064438,4
2024-03-21,0,2,0.23300970873786409,0.02993343211710453,4
2024-03-22,0,2,0.2977346278317152,0.03893786668777466,4
2024-03-23,0,2,0.3883495145631068,0.049021583050489426,4
2024-03-24,0,2,0.18770226537216828,0.026724161580204964,4
2024-03-25,0,2,0.1553398058252427,0.02218909002840519,4
2024-03-26,0,2,0.038834951456310676,0.012401257641613483,4
2024-03-27,0,2,0.006472491909385114,0.006574132479727268,4
2024-03-28,0,2,0.4627831715210356,0.062292758375406265,4
2024-03-29,0,2,0.18770226537216828,0.026364833116531372,4
2024-03-30,0,2,0.6375404530744336,0.10482267290353775,4
2024-03-31,0,2,0.45307443365695793,0.05885971710085869,4
2024-04-08,0,3,0.89,0.7295731902122498,4
2024-04-09,0,3,0.88,0.6508774757385254,4
2024-04-10,1,3,0.915,0.8017747402191162,4
2024-04-11,1,3,0.8925,0.7525112628936768,4
2024-04-12,0,3,0.8875,0.6994353532791138,4
2024-04-13,1,3,0.8425,0.45483312010765076,4
2024-04-14,1,3,0.61,0.1157488077878952,4
2024-04-15,1,3,0.3675,0.04521487280726433,4
2024-04-16,1,3,0.355,0.04308370128273964,4
2024-04-17,1,3,0.7025,0.1780577301979065,4
2024-04-18,1,3,0.805,0.32132506370544434,4
2024-04-19,1,3,0.4475,0.06360846012830734,4
2024-04-20,1,3,0.6,0.11413397639989853,4
2024-04-21,0,3,0.1275,0.019781040027737617,4
2024-04-22,0,3,0.1175,0.019070206210017204,4
2024-04-23,0,3,0.17,0.023016666993498802,4
2024-04-24,0,3,0.11,0.017872318625450134,4
2024-04-25,0,3,0.0575,0.0130149582400918,4
2024-04-26,0,3,0.1975,0.024813761934638023,4
2024-04-27,0,3,0.17,0.023017315194010735,4
2024-04-28,0,3,0.2175,0.026615923270583153,4
2024-04-29,0,3,0.175,0.023509090766310692,4
2024-04-30,0,3,0.4775,0.07337026298046112,4
2024-05-01,0,3,0.1475,0.020620111376047134,4
2024-05-02,0,3,0.1175,0.019097065553069115,4
2024-05-03,0,3,0.3,0.03543444350361824,4
2024-05-04,0,3,0.34,0.03967694193124771,4
2024-05-05,0,3,0.685,0.15555956959724426,4
2024-05-06,0,3,0.44,0.06124917045235634,4
2024-05-07,0,3,0.7425,0.2282284051179886,4
2024-05-08,0,3,0.665,0.13541275262832642,4
2024-05-09,0,3,0.675,0.148350790143013,4
2024-05-10,0,3,0.665,0.13855092227458954,4
2024-05-11,0,3,0.6425,0.12788471579551697,4
2024-05-12,0,3,0.8475,0.48717445135116577,4
2024-05-13,0,3,0.7225,0.20644544064998627,4
2024-05-14,0,3,0.6675,0.14271286129951477,4
2024-05-15,0,3,0.4325,0.059025317430496216,4
2024-05-16,0,3,0.755,0.24435649812221527,4
2024-05-17,1,3,0.805,0.31283923983573914,4
2024-05-18,0,3,0.7025,0.177259624004364,4
2024-05-19,0,3,0.495,0.07806725054979324,4
2024-05-20,0,3,0.71,0.1923571079969406,4
2024-05-21,0,3,0.6675,0.14397257566452026,4
2024-05-22,0,3,0.84,0.4193580150604248,4
2024-05-23,0,3,0.805,0.32211628556251526,4
2024-05-24,0,3,0.59,0.11248090118169785,4
2024-05-25,0,3,0.425,0.0577356219291687,4
2024-05-26,0,3,0.02,0.008511323481798172,4
2024-05-27,0,3,0.1525,0.02142736129462719,4
2024-05-28,0,3,0.2375,0.028778336942195892,4
2024-05-29,0,3,0.3125,0.03688007593154907,4
2024-05-30,0,3,0.12,0.01943688467144966,4
2024-05-31,0,3,0.355,0.04211563989520073,4
2024-06-01,0,3,0.4125,0.053494893014431,4
2024-06-02,0,3,0.6325,0.12141363322734833,4
2024-06-03,0,3,0.695,0.16205479204654694,4
2024-06-04,0,3,0.5825,0.10978430509567261,4
2024-06-05,0,3,0.305,0.03576573729515076,4
2024-06-06,0,3,0.495,0.07820888608694077,4
2024-06-07,0,3,0.3875,0.0480605885386467,4
2024-06-08,0,3,0.445,0.06319395452737808,4
2024-06-09,0,3,0.4575,0.065880686044693,4
2024-06-10,0,3,0.205,0.02591692842543125,4
2024-06-11,0,3,0.3325,0.038414161652326584,4
2024-06-12,0,3,0.325,0.03780550882220268,4
2024-06-13,0,3,0.475,0.07096558809280396,4
2024-06-14,1,3,0.7625,0.24921423196792603,4
2024-06-15,1,3,0.5625,0.10396482050418854,4
2024-06-16,1,3,0.88,0.6702791452407837,4
2024-06-17,1,3,0.89,0.7096304297447205,4
2024-06-18,1,3,0.93,0.8404674530029297,4
2024-06-19,1,3,0.865,0.5955880284309387,4
2024-06-20,1,3,0.8425,0.4542343318462372,4
2024-06-21,1,3,0.8525,0.5502332448959351,4
2024-06-22,0,3,0.85,0.5295037627220154,4
2024-06-23,0,3,0.0675,0.014333290979266167,4
2024-06-24,0,3,0.67,0.14604097604751587,4
2024-06-25,0,3,0.09,0.01580624282360077,4
2024-06-26,0,3,0.3775,0.04661882668733597,4
2024-06-27,0,3,0.5325,0.08842208981513977,4
2024-06-28,0,3,0.4125,0.05283483490347862,4
2024-06-29,0,3,0.17,0.023226911202073097,4
2024-06-30,0,3,0.1025,0.017039421945810318,4
2024-07-08,0,4,0.1425661914460285,0.02636289782822132,4
2024-07-09,0,4,0.35845213849287166,0.062041644006967545,4
2024-07-10,0,4,0.4317718940936864,0.07769416272640228,4
2024-07-11,0,4,0.4134419551934827,0.07124287635087967,4
2024-07-12,0,4,0.27494908350305497,0.046156253665685654,4
2024-07-13,0,4,0.24643584521384929,0.039719339460134506,4
2024-07-14,1,4,0.7515274949083504,0.2748320400714874,4
2024-07-15,1,4,0.8920570264765784,0.7582293152809143,4
2024-07-16,0,4,0.8105906313645621,0.4325343668460846,4
2024-07-17,1,4,0.7983706720977597,0.3887512683868408,4
2024-07-18,1,4,0.725050916496945,0.2391558587551117,4
2024-07-19,0,4,0.8431771894093686,0.5893380045890808,4
2024-07-20,0,4,0.8309572301425662,0.5115005970001221,4
2024-07-21,0,4,0.4786150712830957,0.0922994539141655,4
2024-07-22,0,4,0.038696537678207736,0.014881988987326622,4
2024-07-23,0,4,0.02240325865580448,0.01224455051124096,4
2024-07-24,0,4,0.03665987780040733,0.014367391355335712,4
2024-07-25,0,4,0.07739307535641547,0.0171552374958992,4
2024-07-26,0,4,0.5315682281059063,0.11523569375276566,4
2024-07-27,0,4,0.1079429735234216,0.021815476939082146,4
2024-07-28,0,4,0.014256619144602852,0.01009977888315916,4
2024-07-29,0,4,0.37067209775967414,0.0648031085729599,4
2024-07-30,0,4,0.008146639511201629,0.008633699268102646,4
2024-07-31,0,4,0.4623217922606925,0.08978653699159622,4
2024-08-01,0,4,0.26476578411405294,0.0426676869392395,4
2024-08-02,0,4,0.4623217922606925,0.08991174399852753,4
2024-08-03,0,4,0.09164969450101833,0.019424116238951683,4
2024-08-04,0,4,0.7820773930753564,0.3517790138721466,4
2024-08-05,0,4,0.4786150712830957,0.0921926274895668,4
2024-08-06,0,4,0.6843177189409368,0.19869859516620636,4
2024-08-07,0,4,0.7963340122199593,0.3840019106864929,4
2024-08-08,0,4,0.8105906313645621,0.4302443265914917,4
2024-08-09,0,4,0.4317718940936864,0.07607859373092651,4
2024-08-10,0,4,0.7637474541751528,0.2986263334751129,4
2024-08-11,0,4,0.6415478615071283,0.1661546677350998,4
2024-08-12,0,4,0.560081466395112,0.12482959777116776,4
2024-08-13,0,4,0.5926680244399185,0.14478068053722382,4
2024-08-14,1,4,0.6415478615071283,0.1667930781841278,4
2024-08-15,0,4,0.6272912423625254,0.1571098417043686,4
2024-08-16,0,4,0.4093686354378819,0.06950099766254425,4
2024-08-17,0,4,0.5193482688391039,0.10899467766284943,4
2024-08-18,0,4,0.9144602851323829,0.8289014101028442,4
2024-08-19,0,4,0.9511201629327902,0.8908635377883911,4
2023-07-08,0,0,1.0,0.09467419236898422,5
2023-07-09,0,0,1.0,0.09467419236898422,5
2023-07-10,0,0,1.0,0.09467419236898422,5
2023-07-11,0,0,1.0,0.09467419236898422,5
2023-07-12,0,0,1.0,0.09467419236898422,5
2023-07-13,1,0,1.0,0.09467419236898422,5
2023-07-14,1,0,1.0,0.09467419236898422,5
2023-07-15,0,0,1.0,0.09467419236898422,5
2023-07-16,0,0,1.0,0.09467419236898422,5
2023-07-17,0,0,1.0,0.09467419236898422,5
2023-07-18,0,0,1.0,0.09467419236898422,5
2023-07-19,0,0,1.0,0.09467419236898422,5
2023-07-20,0,0,1.0,0.09467419236898422,5
2023-07-21,0,0,1.0,0.09467419236898422,5
2023-07-22,0,0,1.0,0.09467419236898422,5
2023-07-23,0,0,1.0,0.09467419236898422,5
2023-07-24,0,0,1.0,0.09467419236898422,5
2023-07-25,0,0,1.0,0.09467419236898422,5
2023-07-26,0,0,1.0,0.09467419236898422,5
2023-07-27,0,0,1.0,0.09467419236898422,5
2023-07-28,0,0,1.0,0.09467419236898422,5
2023-07-29,0,0,1.0,0.09467419236898422,5
2023-07-30,0,0,1.0,0.09467419236898422,5
2023-07-31,0,0,1.0,0.09467419236898422,5
2023-08-01,0,0,1.0,0.09467419236898422,5
2023-08-02,0,0,1.0,0.09467419236898422,5
2023-08-03,0,0,1.0,0.09467419236898422,5
2023-08-04,0,0,1.0,0.09467419236898422,5
2023-08-05,0,0,1.0,0.09467419236898422,5
2023-08-06,0,0,1.0,0.09467419236898422,5
2023-08-07,0,0,1.0,0.09467419236898422,5
2023-08-08,0,0,1.0,0.09467419236898422,5
2023-08-09,0,0,1.0,0.09467419236898422,5
2023-08-10,0,0,1.0,0.09467419236898422,5
2023-08-11,0,0,1.0,0.09467419236898422,5
2023-08-12,0,0,1.0,0.09467419236898422,5
2023-08-13,0,0,1.0,0.09467419236898422,5
2023-08-14,0,0,1.0,0.09467419236898422,5
2023-08-15,0,0,1.0,0.09467419236898422,5
2023-08-16,0,0,1.0,0.09467419236898422,5
2023-08-17,0,0,1.0,0.09467419236898422,5
2023-08-18,1,0,1.0,0.09467419236898422,5
2023-08-19,0,0,1.0,0.09467419236898422,5
2023-08-20,0,0,1.0,0.09467419236898422,5
2023-08-21,0,0,1.0,0.09467419236898422,5
2023-08-22,0,0,1.0,0.09467419236898422,5
2023-08-23,0,0,1.0,0.09467419236898422,5
2023-08-24,0,0,1.0,0.09467419236898422,5
2023-08-25,0,0,1.0,0.09467419236898422,5
2023-08-26,0,0,1.0,0.09467419236898422,5
2023-08-27,0,0,1.0,0.09467419236898422,5
2023-08-28,0,0,1.0,0.09467419236898422,5
2023-08-29,0,0,1.0,0.09467419236898422,5
2023-08-30,0,0,1.0,0.09467419236898422,5
2023-08-31,0,0,1.0,0.09467419236898422,5
2023-09-01,0,0,1.0,0.09467419236898422,5
2023-09-02,0,0,1.0,0.09467419236898422,5
2023-09-03,0,0,1.0,0.09467419236898422,5
2023-09-04,0,0,1.0,0.09467419236898422,5
2023-09-05,1,0,1.0,0.09467419236898422,5
2023-09-06,1,0,1.0,0.09467419236898422,5
2023-09-07,1,0,1.0,0.09467419236898422,5
2023-09-08,1,0,1.0,0.09467419236898422,5
2023-09-09,0,0,1.0,0.09467419236898422,5
2023-09-10,0,0,1.0,0.09467419236898422,5
2023-09-11,0,0,1.0,0.09467419236898422,5
2023-09-12,0,0,1.0,0.09467419236898422,5
2023-09-13,0,0,1.0,0.09467419236898422,5
2023-09-14,0,0,1.0,0.09467419236898422,5
2023-09-15,0,0,1.0,0.09467419236898422,5
2023-09-16,0,0,1.0,0.09467419236898422,5
2023-09-17,0,0,1.0,0.09467419236898422,5
2023-09-18,0,0,1.0,0.09467419236898422,5
2023-09-19,0,0,1.0,0.09467419236898422,5
2023-09-20,0,0,1.0,0.09467419236898422,5
2023-09-21,0,0,1.0,0.09467419236898422,5
2023-09-22,0,0,1.0,0.09467419236898422,5
2023-09-23,0,0,1.0,0.09467419236898422,5
2023-09-24,0,0,1.0,0.09467419236898422,5
2023-09-25,0,0,1.0,0.09467419236898422,5
2023-09-26,0,0,1.0,0.09467419236898422,5
2023-09-27,0,0,1.0,0.09467419236898422,5
2023-09-28,0,0,1.0,0.09467419236898422,5
2023-09-29,0,0,1.0,0.09467419236898422,5
2023-09-30,0,0,1.0,0.09467419236898422,5
2023-10-08,0,1,1.0,0.08642957359552383,5
2023-10-09,0,1,1.0,0.08642957359552383,5
2023-10-10,0,1,1.0,0.08642957359552383,5
2023-10-11,0,1,1.0,0.08642957359552383,5
2023-10-12,0,1,1.0,0.08642957359552383,5
2023-10-13,1,1,1.0,0.08642957359552383,5
2023-10-14,1,1,1.0,0.08642957359552383,5
2023-10-15,0,1,1.0,0.08642957359552383,5
2023-10-16,1,1,1.0,0.08642957359552383,5
2023-10-17,1,1,1.0,0.08642957359552383,5
2023-10-18,0,1,1.0,0.08642957359552383,5
2023-10-19,0,1,1.0,0.08642957359552383,5
2023-10-20,0,1,1.0,0.08642957359552383,5
2023-10-21,0,1,1.0,0.08642957359552383,5
2023-10-22,0,1,1.0,0.08642957359552383,5
2023-10-23,0,1,1.0,0.08642957359552383,5
2023-10-24,0,1,1.0,0.08642957359552383,5
2023-10-25,0,1,1.0,0.08642957359552383,5
2023-10-26,0,1,1.0,0.08642957359552383,5
2023-10-27,0,1,1.0,0.08642957359552383,5
2023-10-28,0,1,1.0,0.08642957359552383,5
2023-10-29,0,1,1.0,0.08642957359552383,5
2023-10-30,0,1,1.0,0.08642957359552383,5
2023-10-31,0,1,1.0,0.08642957359552383,5
2023-11-01,0,1,1.0,0.08642957359552383,5
2023-11-02,0,1,1.0,0.08642957359552383,5
2023-11-03,0,1,1.0,0.08642957359552383,5
2023-11-04,0,1,1.0,0.08642957359552383,5
2023-11-05,0,1,1.0,0.08642957359552383,5
2023-11-06,0,1,1.0,0.08642957359552383,5
2023-11-07,0,1,1.0,0.08642957359552383,5
2023-11-08,0,1,1.0,0.08642957359552383,5
2023-11-09,1,1,1.0,0.08642957359552383,5
2023-11-10,1,1,1.0,0.08642957359552383,5
2023-11-11,0,1,1.0,0.08642957359552383,5
2023-11-12,0,1,1.0,0.08642957359552383,5
2023-11-13,1,1,1.0,0.08642957359552383,5
2023-11-14,1,1,1.0,0.08642957359552383,5
2023-11-15,0,1,1.0,0.08642957359552383,5
2023-11-16,0,1,1.0,0.08642957359552383,5
2023-11-17,0,1,1.0,0.08642957359552383,5
2023-11-18,0,1,1.0,0.08642957359552383,5
2023-11-19,0,1,1.0,0.08642957359552383,5
2023-11-20,0,1,1.0,0.08642957359552383,5
2023-11-21,0,1,1.0,0.08642957359552383,5
2023-11-22,0,1,1.0,0.08642957359552383,5
2023-11-23,0,1,1.0,0.08642957359552383,5
2023-11-24,0,1,1.0,0.08642957359552383,5
2023-11-25,0,1,1.0,0.08642957359552383,5
2023-11-26,0,1,1.0,0.08642957359552383,5
2023-11-27,0,1,1.0,0.08642957359552383,5
2023-11-28,0,1,1.0,0.08642957359552383,5
2023-11-29,0,1,1.0,0.08642957359552383,5
2023-11-30,0,1,1.0,0.08642957359552383,5
2023-12-01,0,1,1.0,0.08642957359552383,5
2023-12-02,0,1,1.0,0.08642957359552383,5
2023-12-03,0,1,1.0,0.08642957359552383,5
2023-12-04,0,1,1.0,0.08642957359552383,5
2023-12-05,0,1,1.0,0.08642957359552383,5
2023-12-06,0,1,1.0,0.08642957359552383,5
2023-12-07,1,1,1.0,0.08642957359552383,5
2023-12-08,0,1,1.0,0.08642957359552383,5
2023-12-09,0,1,1.0,0.08642957359552383,5
2023-12-10,1,1,1.0,0.08642957359552383,5
2023-12-11,1,1,1.0,0.08642957359552383,5
2023-12-12,1,1,1.0,0.08642957359552383,5
2023-12-13,1,1,1.0,0.08642957359552383,5
2023-12-14,1,1,1.0,0.08642957359552383,5
2023-12-15,1,1,1.0,0.08642957359552383,5
2023-12-16,0,1,1.0,0.08642957359552383,5
2023-12-17,0,1,1.0,0.08642957359552383,5
2023-12-18,0,1,1.0,0.08642957359552383,5
2023-12-19,0,1,1.0,0.08642957359552383,5
2023-12-20,0,1,1.0,0.08642957359552383,5
2023-12-21,0,1,1.0,0.08642957359552383,5
2023-12-22,0,1,1.0,0.08642957359552383,5
2023-12-23,0,1,1.0,0.08642957359552383,5
2023-12-24,0,1,1.0,0.08642957359552383,5
2023-12-25,0,1,1.0,0.08642957359552383,5
2023-12-26,0,1,1.0,0.08642957359552383,5
2023-12-27,0,1,1.0,0.08642957359552383,5
2023-12-28,0,1,1.0,0.08642957359552383,5
2023-12-29,0,1,1.0,0.08642957359552383,5
2023-12-30,0,1,1.0,0.08642957359552383,5
2023-12-31,0,1,1.0,0.08642957359552383,5
2024-01-08,0,2,0.8122977346278317,0.18346339464187622,5
2024-01-09,0,2,0.7831715210355987,0.16135099530220032,5
2024-01-10,0,2,0.7766990291262136,0.15582691133022308,5
2024-01-11,1,2,0.8025889967637541,0.17197276651859283,5
2024-01-12,1,2,0.941747572815534,0.32415494322776794,5
2024-01-13,1,2,0.8576051779935275,0.22524750232696533,5
2024-01-14,1,2,0.5469255663430421,0.07228099554777145,5
2024-01-15,1,2,0.5016181229773463,0.06677619367837906,5
2024-01-16,0,2,0.7087378640776699,0.12231843173503876,5
2024-01-17,1,2,0.6666666666666666,0.10625844448804855,5
2024-01-18,1,2,0.5728155339805825,0.07735198736190796,5
2024-01-19,1,2,0.37216828478964403,0.04983016848564148,5
2024-01-20,0,2,0.34951456310679613,0.0486653670668602,5
2024-01-21,0,2,0.2168284789644013,0.03688378632068634,5
2024-01-22,0,2,0.3883495145631068,0.05348026379942894,5
2024-01-23,0,2,0.5663430420711975,0.07450827956199646,5
2024-01-24,0,2,0.2977346278317152,0.04278142377734184,5
2024-01-25,0,2,0.6343042071197411,0.09240768104791641,5
2024-01-26,0,2,0.2912621359223301,0.04194323346018791,5
2024-01-27,0,2,0.39805825242718446,0.05418458208441734,5
2024-01-28,0,2,0.07766990291262135,0.027719248086214066,5
2024-01-29,0,2,0.025889967637540454,0.022780604660511017,5
2024-01-30,1,2,0.5663430420711975,0.07578849792480469,5
2024-01-31,0,2,0.34951456310679613,0.04785754159092903,5
2024-02-01,0,2,0.07766990291262135,0.02759941853582859,5
2024-02-02,0,2,0.03559870550161812,0.023669803515076637,5
2024-02-03,0,2,0.06472491909385113,0.02690315805375576,5
2024-02-04,0,2,0.8640776699029126,0.23921342194080353,5
2024-02-05,0,2,0.8640776699029126,0.2367008775472641,5
2024-02-06,0,2,0.8576051779935275,0.2241179198026657,5
2024-02-07,0,2,0.8576051779935275,0.2234598845243454,5
2024-02-08,0,2,0.9773462783171522,0.37195390462875366,5
2024-02-09,0,2,0.9870550161812298,0.40779808163642883,5
2024-02-10,0,2,0.8802588996763754,0.2608236074447632,5
2024-02-11,0,2,0.8576051779935275,0.22527416050434113,5
2024-02-12,0,2,0.8317152103559871,0.20556694269180298,5
2024-02-13,0,2,0.7572815533980582,0.14514043927192688,5
2024-02-14,0,2,0.7605177993527508,0.1463635265827179,5
2024-02-15,0,2,0.8414239482200647,0.21924160420894623,5
2024-02-16,0,2,0.8252427184466019,0.20083087682724,5
2024-02-17,0,2,0.7508090614886731,0.13989555835723877,5
2024-02-18,0,2,0.6245954692556634,0.0881827250123024,5
2024-02-19,0,2,0.44336569579288027,0.05927892401814461,5
2024-02-20,0,2,0.7540453074433657,0.14232118427753448,5
2024-02-21,0,2,0.6666666666666666,0.10595158487558365,5
2024-02-22,0,2,0.7055016181229773,0.12011983245611191,5
2024-02-23,0,2,0.7087378640776699,0.12307727336883545,5
2024-02-24,0,2,0.5210355987055016,0.06915802508592606,5
2024-02-25,0,2,0.025889967637540454,0.022854400798678398,5
2024-02-26,0,2,0.21035598705501618,0.03616062179207802,5
2024-02-27,0,2,0.13915857605177995,0.03160597383975983,5
2024-02-28,0,2,0.31715210355987056,0.04499606415629387,5
2024-02-29,0,2,0.19093851132686085,0.034537091851234436,5
2024-03-01,0,2,0.15857605177993528,0.03309554606676102,5
2024-03-02,0,2,0.5728155339805825,0.07765263319015503,5
2024-03-03,0,2,0.7669902912621359,0.1512245237827301,5
2024-03-04,0,2,0.8025889967637541,0.1740732043981552,5
2024-03-05,0,2,0.8802588996763754,0.2612111270427704,5
2024-03-06,0,2,0.7831715210355987,0.1600848287343979,5
2024-03-07,0,2,0.8867313915857605,0.27527347207069397,5
2024-03-08,0,2,0.7572815533980582,0.14394418895244598,5
2024-03-09,1,2,0.8058252427184466,0.17811547219753265,5
2024-03-10,1,2,0.9352750809061489,0.3194502592086792,5
2024-03-11,1,2,0.9838187702265372,0.4005512297153473,5
2024-03-12,1,2,0.9902912621359223,0.4345089793205261,5
2024-03-13,1,2,0.9773462783171522,0.36325573921203613,5
2024-03-14,1,2,0.9514563106796117,0.3382984697818756,5
2024-03-15,1,2,0.8090614886731392,0.18223503232002258,5
2024-03-16,1,2,0.8381877022653722,0.21668756008148193,5
2024-03-17,0,2,0.46601941747572817,0.06366991996765137,5
2024-03-18,0,2,0.6763754045307443,0.10738017410039902,5
2024-03-19,0,2,0.3074433656957929,0.04384404793381691,5
2024-03-20,0,2,0.3818770226537217,0.05141571909189224,5
2024-03-21,0,2,0.3851132686084142,0.05160966143012047,5
2024-03-22,0,2,0.3883495145631068,0.05245610326528549,5
2024-03-23,0,2,0.4368932038834951,0.05843136087059975,5
2024-03-24,0,2,0.07766990291262135,0.027640450745821,5
2024-03-25,0,2,0.17475728155339806,0.033431071788072586,5
2024-03-26,0,2,0.08090614886731391,0.028335710987448692,5
2024-03-27,0,2,0.019417475728155338,0.020358486101031303,5
2024-03-28,0,2,0.20711974110032363,0.035490330308675766,5
2024-03-29,0,2,0.22330097087378642,0.037986211478710175,5
2024-03-30,0,2,0.3883495145631068,0.05278528481721878,5
2024-03-31,0,2,0.3559870550161812,0.048963386565446854,5
2024-04-08,0,3,0.9275,0.41613200306892395,5
2024-04-09,0,3,0.8975,0.3472082018852234,5
2024-04-10,1,3,0.9475,0.4406822919845581,5
2024-04-11,1,3,0.9375,0.425129771232605,5
2024-04-12,0,3,0.9075,0.3751644492149353,5
2024-04-13,1,3,0.865,0.29655835032463074,5
2024-04-14,1,3,0.61,0.09086007624864578,5
2024-04-15,1,3,0.39,0.04304460808634758,5
2024-04-16,1,3,0.4225,0.0475967675447464,5
2024-04-17,1,3,0.5925,0.08599048852920532,5
2024-04-18,1,3,0.7325,0.14084012806415558,5
2024-04-19,1,3,0.535,0.06949824094772339,5
2024-04-20,1,3,0.59,0.08303915709257126,5
2024-04-21,0,3,0.1375,0.02599802426993847,5
2024-04-22,0,3,0.1475,0.026779519394040108,5
2024-04-23,0,3,0.1675,0.027397174388170242,5
2024-04-24,0,3,0.0575,0.021914087235927582,5
2024-04-25,0,3,0.02,0.016811447218060493,5
2024-04-26,0,3,0.19,0.028772123157978058,5
2024-04-27,0,3,0.17,0.027437899261713028,5
2024-04-28,0,3,0.2075,0.029320990666747093,5
2024-04-29,0,3,0.0575,0.021684806793928146,5
2024-04-30,0,3,0.4,0.044723670929670334,5
2024-05-01,0,3,0.2075,0.02932696044445038,5
2024-05-02,0,3,0.05,0.0211979728192091,5
2024-05-03,0,3,0.2575,0.03282651677727699,5
2024-05-04,0,3,0.295,0.03546096011996269,5
2024-05-05,0,3,0.665,0.11092164367437363,5
2024-05-06,0,3,0.5225,0.06550904363393784,5
2024-05-07,0,3,0.7675,0.16106417775154114,5
2024-05-08,0,3,0.5725,0.0796143114566803,5
2024-05-09,0,3,0.6625,0.10707713663578033,5
2024-05-10,0,3,0.595,0.08649448305368423,5
2024-05-11,0,3,0.64,0.09820454567670822,5
2024-05-12,0,3,0.8825,0.3266654908657074,5
2024-05-13,0,3,0.64,0.09894388169050217,5
2024-05-14,0,3,0.525,0.06690859794616699,5
2024-05-15,0,3,0.505,0.06081703305244446,5
2024-05-16,0,3,0.735,0.1413537859916687,5
2024-05-17,1,3,0.795,0.19037874042987823,5
2024-05-18,0,3,0.645,0.101528100669384,5
2024-05-19,0,3,0.615,0.09336733818054199,5
2024-05-20,0,3,0.755,0.1494716852903366,5
2024-05-21,0,3,0.575,0.08126797527074814,5
2024-05-22,0,3,0.7725,0.17183655500411987,5
2024-05-23,0,3,0.735,0.1417592316865921,5
2024-05-24,0,3,0.5225,0.06540223956108093,5
2024-05-25,0,3,0.4475,0.050866615027189255,5
2024-05-26,0,3,0.02,0.016435490921139717,5
2024-05-27,0,3,0.09,0.023752626031637192,5
2024-05-28,0,3,0.2075,0.029470063745975494,5
2024-05-29,0,3,0.405,0.04531306400895119,5
2024-05-30,0,3,0.265,0.033242449164390564,5
2024-05-31,0,3,0.375,0.04146244376897812,5
2024-06-01,0,3,0.4425,0.04976557940244675,5
2024-06-02,0,3,0.615,0.09391870349645615,5
2024-06-03,0,3,0.6575,0.1066148579120636,5
2024-06-04,0,3,0.5525,0.07425260543823242,5
2024-06-05,0,3,0.3975,0.0442882664501667,5
2024-06-06,0,3,0.435,0.04916005954146385,5
2024-06-07,0,3,0.43,0.04870421439409256,5
2024-06-08,0,3,0.5,0.060228608548641205,5
2024-06-09,0,3,0.5025,0.06051180884242058,5
2024-06-10,0,3,0.2575,0.032794978469610214,5
2024-06-11,0,3,0.3975,0.04444378241896629,5
2024-06-12,0,3,0.395,0.04370824992656708,5
2024-06-13,0,3,0.4175,0.0470716618001461,5
2024-06-14,1,3,0.6375,0.09750217944383621,5
2024-06-15,1,3,0.59,0.08372955769300461,5
2024-06-16,1,3,0.9575,0.48765307664871216,5
2024-06-17,1,3,0.9475,0.44335535168647766,5
2024-06-18,1,3,0.955,0.4844713509082794,5
2024-06-19,1,3,0.875,0.3194933235645294,5
2024-06-20,1,3,0.835,0.24307473003864288,5
2024-06-21,1,3,0.87,0.31082719564437866,5
2024-06-22,0,3,0.8625,0.2951715290546417,5
2024-06-23,0,3,0.0675,0.022111793980002403,5
2024-06-24,0,3,0.485,0.05892148241400719,5
2024-06-25,0,3,0.09,0.0237859059125185,5
2024-06-26,0,3,0.2575,0.0327070876955986,5
2024-06-27,0,3,0.415,0.04630037397146225,5
2024-06-28,0,3,0.35,0.039603881537914276,5
2024-06-29,0,3,0.1525,0.027065323665738106,5
2024-06-30,0,3,0.32,0.03744354099035263,5
2024-07-08,0,4,0.21384928716904278,0.03640812635421753,5
2024-07-09,0,4,0.5498981670061099,0.08204645663499832,5
2024-07-10,0,4,0.5458248472505092,0.08106950670480728,5
2024-07-11,0,4,0.4908350305498982,0.0692826509475708,5
2024-07-12,0,4,0.34012219959266804,0.04795730113983154,5
2024-07-13,0,4,0.2892057026476578,0.04365189000964165,5
2024-07-14,1,4,0.7352342158859471,0.17137666046619415,5
2024-07-15,1,4,0.8839103869653768,0.38523563742637634,5
2024-07-16,0,4,0.7739307535641547,0.20595552027225494,5
2024-07-17,1,4,0.8126272912423625,0.24862734973430634,5
2024-07-18,1,4,0.6741344195519349,0.12618033587932587,5
2024-07-19,0,4,0.8513238289205702,0.320824533700943,5
2024-07-20,0,4,0.8024439918533605,0.23716646432876587,5
2024-07-21,0,4,0.45824847250509165,0.06328514963388443,5
2024-07-22,0,4,0.109979633401222,0.025889454409480095,5
2024-07-23,0,4,0.026476578411405296,0.017139799892902374,5
2024-07-24,0,4,0.09775967413441955,0.024783283472061157,5
2024-07-25,0,4,0.109979633401222,0.025749707594513893,5
2024-07-26,0,4,0.6435845213849287,0.11598917096853256,5
2024-07-27,0,4,0.13238289205702647,0.0281845573335886,5
2024-07-28,0,4,0.054989816700611,0.02124408446252346,5
2024-07-29,0,4,0.395112016293279,0.05398786813020706,5
2024-07-30,0,4,0.004073319755600814,0.01406013686209917,5
2024-07-31,0,4,0.45417515274949083,0.062198638916015625,5
2024-08-01,0,4,0.17311608961303462,0.03287358582019806,5
2024-08-02,0,4,0.20773930753564154,0.035939909517765045,5
2024-08-03,0,4,0.1079429735234216,0.02561066672205925,5
2024-08-04,0,4,0.7637474541751528,0.19363903999328613,5
2024-08-05,0,4,0.5417515274949084,0.08036226034164429,5
2024-08-06,0,4,0.7107942973523421,0.15152837336063385,5
2024-08-07,0,4,0.814663951120163,0.25716498494148254,5
2024-08-08,0,4,0.8126272912423625,0.2542553246021271,5
2024-08-09,0,4,0.5173116089613035,0.07181978970766068,5
2024-08-10,0,4,0.7759674134419552,0.21130050718784332,5
2024-08-11,0,4,0.35234215885947046,0.04879309609532356,5
2024-08-12,0,4,0.18126272912423624,0.03385647386312485,5
2024-08-13,0,4,0.4317718940936864,0.05805804952979088,5
2024-08-14,1,4,0.5193482688391039,0.07246651500463486,5
2024-08-15,0,4,0.594704684317719,0.09534794092178345,5
2024-08-16,0,4,0.22606924643584522,0.03761676698923111,5
2024-08-17,0,4,0.38085539714867617,0.05186714231967926,5
2024-08-18,0,4,0.9633401221995926,0.6163729429244995,5
2024-08-19,0,4,0.9735234215885947,0.6544484496116638,5
2023-07-08,0,0,0.312,0.07123612612485886,6
2023-07-09,0,0,0.336,0.07845389097929001,6
2023-07-10,0,0,0.312,0.07337403297424316,6
2023-07-11,0,0,0.88,0.3312898278236389,6
2023-07-12,0,0,0.744,0.19426600635051727,6
2023-07-13,1,0,0.84,0.276999831199646,6
2023-07-14,1,0,0.856,0.28966256976127625,6
2023-07-15,0,0,0.584,0.1253027319908142,6
2023-07-16,0,0,0.24,0.058748479932546616,6
2023-07-17,0,0,0.664,0.14993146061897278,6
2023-07-18,0,0,0.2,0.05022156238555908,6
2023-07-19,0,0,0.336,0.07897116988897324,6
2023-07-20,0,0,0.832,0.267550528049469,6
2023-07-21,0,0,0.456,0.09165579825639725,6
2023-07-22,0,0,0.592,0.1322251558303833,6
2023-07-23,0,0,0.312,0.07350751757621765,6
2023-07-24,0,0,0.304,0.06604458391666412,6
2023-07-25,0,0,0.24,0.05885235220193863,6
2023-07-26,0,0,0.08,0.03778499364852905,6
2023-07-27,0,0,0.648,0.14353777468204498,6
2023-07-28,0,0,0.152,0.045478690415620804,6
2023-07-29,0,0,0.592,0.131858691573143,6
2023-07-30,0,0,0.208,0.05188364163041115,6
2023-07-31,0,0,0.464,0.09466671198606491,6
2023-08-01,0,0,0.224,0.05448015779256821,6
2023-08-02,0,0,0.08,0.038084812462329865,6
2023-08-03,0,0,0.136,0.04379552602767944,6
2023-08-04,0,0,0.592,0.13207337260246277,6
2023-08-05,0,0,0.368,0.0821966752409935,6
2023-08-06,0,0,0.904,0.5313628315925598,6
2023-08-07,0,0,0.776,0.2164934128522873,6
2023-08-08,0,0,0.744,0.19533580541610718,6
2023-08-09,0,0,0.816,0.23597368597984314,6
2023-08-10,0,0,0.84,0.27470695972442627,6
2023-08-11,0,0,0.888,0.36116090416908264,6
2023-08-12,0,0,0.896,0.413126140832901,6
2023-08-13,0,0,0.704,0.168679878115654,6
2023-08-14,0,0,0.36,0.08040984719991684,6
2023-08-15,0,0,0.304,0.06573870778083801,6
2023-08-16,0,0,0.248,0.059619754552841187,6
2023-08-17,0,0,0.664,0.15184010565280914,6
2023-08-18,1,0,0.576,0.12296587228775024,6
2023-08-19,0,0,0.08,0.03719877079129219,6
2023-08-20,0,0,0.864,0.3159729242324829,6
2023-08-21,0,0,0.888,0.37866294384002686,6
2023-08-22,0,0,0.88,0.33902767300605774,6
2023-08-23,0,0,0.664,0.14940115809440613,6
2023-08-24,0,0,0.616,0.13951459527015686,6
2023-08-25,0,0,0.176,0.047596752643585205,6
2023-08-26,0,0,0.76,0.20032139122486115,6
2023-08-27,0,0,0.832,0.26293885707855225,6
2023-08-28,0,0,0.648,0.14290526509284973,6
2023-08-29,0,0,0.464,0.09423117339611053,6
2023-08-30,0,0,0.456,0.09073776751756668,6
2023-08-31,0,0,0.28,0.06239999458193779,6
2023-09-01,0,0,0.824,0.24384428560733795,6
2023-09-02,0,0,0.704,0.16847029328346252,6
2023-09-03,0,0,0.904,0.5139045119285583,6
2023-09-04,0,0,0.856,0.284996896982193,6
2023-09-05,1,0,0.904,0.46129077672958374,6
2023-09-06,1,0,0.68,0.1599346399307251,6
2023-09-07,1,0,0.904,0.5364797115325928,6
2023-09-08,1,0,0.904,0.56746906042099,6
2023-09-09,0,0,0.84,0.27626729011535645,6
2023-09-10,0,0,0.312,0.07155663520097733,6
2023-09-11,0,0,0.704,0.17135964334011078,6
2023-09-12,0,0,0.664,0.145302876830101,6
2023-09-13,0,0,0.648,0.14155235886573792,6
2023-09-14,0,0,0.368,0.08180533349514008,6
2023-09-15,0,0,0.688,0.16607032716274261,6
2023-09-16,0,0,0.512,0.10984048992395401,6
2023-09-17,0,0,0.52,0.11185717582702637,6
2023-09-18,0,0,0.08,0.03547865152359009,6
2023-09-19,0,0,0.704,0.17142051458358765,6
2023-09-20,0,0,0.888,0.37800946831703186,6
2023-09-21,0,0,0.904,0.5675842761993408,6
2023-09-22,0,0,0.552,0.11729402840137482,6
2023-09-23,0,0,0.808,0.22888889908790588,6
2023-09-24,0,0,0.056,0.03215060755610466,6
2023-09-25,0,0,0.16,0.04629441350698471,6
2023-09-26,0,0,0.824,0.2526881992816925,6
2023-09-27,0,0,0.304,0.06887706369161606,6
2023-09-28,0,0,0.376,0.08478763699531555,6
2023-09-29,0,0,0.312,0.071776382625103,6
2023-09-30,0,0,0.328,0.07723453640937805,6
2023-10-08,0,1,0.7926267281105991,0.18758532404899597,6
2023-10-09,0,1,0.8940092165898618,0.3740994930267334,6
2023-10-10,0,1,0.8248847926267281,0.2319142073392868,6
2023-10-11,0,1,0.8248847926267281,0.22241246700286865,6
2023-10-12,0,1,0.8940092165898618,0.3882538974285126,6
2023-10-13,1,1,0.8248847926267281,0.23017726838588715,6
2023-10-14,1,1,0.7511520737327189,0.16638928651809692,6
2023-10-15,0,1,0.8986175115207373,0.39899665117263794,6
2023-10-16,1,1,0.847926267281106,0.2648037075996399,6
2023-10-17,1,1,0.9078341013824884,0.5971728563308716,6
2023-10-18,0,1,0.6359447004608295,0.1112474799156189,6
2023-10-19,0,1,0.8387096774193549,0.24715934693813324,6
2023-10-20,0,1,0.8110599078341014,0.206857830286026,6
2023-10-21,0,1,0.8847926267281107,0.35501646995544434,6
2023-10-22,0,1,0.08294930875576037,0.022033115848898888,6
2023-10-23,0,1,0.2350230414746544,0.03606965020298958,6
2023-10-24,0,1,0.35023041474654376,0.05056445300579071,6
2023-10-25,0,1,0.17972350230414746,0.028766397386789322,6
2023-10-26,0,1,0.6589861751152074,0.11528577655553818,6
2023-10-27,0,1,0.37327188940092165,0.0527668260037899,6
2023-10-28,0,1,0.5806451612903226,0.09615582227706909,6
2023-10-29,0,1,0.2995391705069124,0.04444069415330887,6
2023-10-30,0,1,0.2304147465437788,0.03565576300024986,6
2023-10-31,0,1,0.37327188940092165,0.05343720689415932,6
2023-11-01,0,1,0.7096774193548387,0.1405690312385559,6
2023-11-02,0,1,0.7695852534562212,0.17831000685691833,6
2023-11-03,0,1,0.6451612903225806,0.11410563439130783,6
2023-11-04,0,1,0.6866359447004609,0.13229185342788696,6
2023-11-05,0,1,0.7926267281105991,0.1864389032125473,6
2023-11-06,0,1,0.9032258064516129,0.4412725865840912,6
2023-11-07,0,1,0.9124423963133641,0.6398655772209167,6
2023-11-08,0,1,0.9078341013824884,0.525734007358551,6
2023-11-09,1,1,0.9078341013824884,0.5597148537635803,6
2023-11-10,1,1,0.7511520737327189,0.1646946519613266,6
2023-11-11,0,1,0.9032258064516129,0.436848521232605,6
2023-11-12,0,1,0.5299539170506913,0.08257081359624863,6
2023-11-13,1,1,0.8755760368663594,0.3133658170700073,6
2023-11-14,1,1,0.9032258064516129,0.43486133217811584,6
2023-11-15,0,1,0.1336405529953917,0.025594230741262436,6
2023-11-16,0,1,0.2626728110599078,0.039812106639146805,6
2023-11-17,0,1,0.013824884792626729,0.014055636711418629,6
2023-11-18,0,1,0.4009216589861751,0.05824122950434685,6
2023-11-19,0,1,0.2488479262672811,0.038694944232702255,6
2023-11-20,0,1,0.5253456221198156,0.07579756528139114,6
2023-11-21,0,1,0.03225806451612903,0.015955086797475815,6
2023-11-22,0,1,0.23963133640552994,0.03666478395462036,6
2023-11-23,0,1,0.12903225806451613,0.024689335376024246,6
2023-11-24,0,1,0.2626728110599078,0.0396905243396759,6
2023-11-25,0,1,0.47465437788018433,0.06835238635540009,6
2023-11-26,0,1,0.663594470046083,0.118256114423275,6
2023-11-27,0,1,0.22580645161290322,0.03507703170180321,6
2023-11-28,0,1,0.5668202764976958,0.08867944031953812,6
2023-11-29,0,1,0.3824884792626728,0.05489632859826088,6
2023-11-30,0,1,0.4700460829493088,0.06665001809597015,6
2023-12-01,0,1,0.4838709677419355,0.07006148248910904,6
2023-12-02,0,1,0.8387096774193549,0.2466007024049759,6
2023-12-03,0,1,0.8018433179723502,0.1920536905527115,6
2023-12-04,0,1,0.8847926267281107,0.3475818932056427,6
2023-12-05,0,1,0.8940092165898618,0.37423548102378845,6
2023-12-06,0,1,0.7050691244239631,0.13978613913059235,6
2023-12-07,1,1,0.8940092165898618,0.3809380531311035,6
2023-12-08,0,1,0.9078341013824884,0.6151410341262817,6
2023-12-09,0,1,0.8433179723502304,0.2574683129787445,6
2023-12-10,1,1,0.631336405529954,0.1109110489487648,6
2023-12-11,1,1,0.5069124423963134,0.07382170855998993,6
2023-12-12,1,1,0.8940092165898618,0.38514432311058044,6
2023-12-13,1,1,0.8064516129032258,0.20227445662021637,6
2023-12-14,1,1,0.7880184331797235,0.18478630483150482,6
2023-12-15,1,1,0.03225806451612903,0.015687759965658188,6
2023-12-16,0,1,0.28110599078341014,0.04132698476314545,6
2023-12-17,0,1,0.6267281105990783,0.10960198193788528,6
2023-12-18,0,1,0.815668202764977,0.21019630134105682,6
2023-12-19,0,1,0.7373271889400922,0.1574942022562027,6
2023-12-20,0,1,0.8940092165898618,0.38278403878211975,6
2023-12-21,0,1,0.28110599078341014,0.04113663733005524,6
2023-12-22,0,1,0.7373271889400922,0.1531255841255188,6
2023-12-23,0,1,0.2626728110599078,0.039781633764505386,6
2023-12-24,0,1,0.03225806451612903,0.015882084146142006,6
2023-12-25,0,1,0.5668202764976958,0.08641690760850906,6
2023-12-26,0,1,0.14285714285714285,0.026966847479343414,6
2023-12-27,0,1,0.19815668202764977,0.03169523552060127,6
2023-12-28,0,1,0.5345622119815668,0.08285383135080338,6
2023-12-29,0,1,0.31797235023041476,0.04698464274406433,6
2023-12-30,0,1,0.5668202764976958,0.08761047571897507,6
2023-12-31,0,1,0.8663594470046083,0.28670692443847656,6
2024-01-08,0,2,0.8155339805825242,0.29728537797927856,6
2024-01-09,0,2,0.8673139158576052,0.4874766767024994,6
2024-01-10,0,2,0.7572815533980582,0.20883700251579285,6
2024-01-11,1,2,0.7702265372168284,0.2323729544878006,6
2024-01-12,1,2,0.8932038834951457,0.6185550093650818,6
2024-01-13,1,2,0.8187702265372169,0.3029061555862427,6
2024-01-14,1,2,0.6828478964401294,0.16209059953689575,6
2024-01-15,1,2,0.8446601941747572,0.3578614294528961,6
2024-01-16,0,2,0.8381877022653722,0.33604931831359863,6
2024-01-17,1,2,0.9029126213592233,0.6682601571083069,6
2024-01-18,1,2,0.8705501618122977,0.4945366084575653,6
2024-01-19,1,2,0.7702265372168284,0.23988375067710876,6
2024-01-20,0,2,0.6796116504854369,0.15065835416316986,6
2024-01-21,0,2,0.08737864077669903,0.0232883021235466,6
2024-01-22,0,2,0.1650485436893204,0.031097261235117912,6
2024-01-23,0,2,0.19093851132686085,0.03830593824386597,6
2024-01-24,0,2,0.18446601941747573,0.03764597326517105,6
2024-01-25,0,2,0.7637540453074434,0.21986207365989685,6
2024-01-26,0,2,0.04854368932038835,0.019334735348820686,6
2024-01-27,0,2,0.47572815533980584,0.08589217811822891,6
2024-01-28,0,2,0.17475728155339806,0.034607790410518646,6
2024-01-29,0,2,0.2168284789644013,0.04356502741575241,6
2024-01-30,1,2,0.39805825242718446,0.07269904762506485,6
2024-01-31,0,2,0.31715210355987056,0.05882677808403969,6
2024-02-01,0,2,0.05501618122977346,0.020058976486325264,6
2024-02-02,0,2,0.284789644012945,0.05491260066628456,6
2024-02-03,0,2,0.07119741100323625,0.02166115678846836,6
2024-02-04,0,2,0.7637540453074434,0.2170465737581253,6
2024-02-05,0,2,0.8381877022653722,0.33857181668281555,6
2024-02-06,0,2,0.8932038834951457,0.6533576846122742,6
2024-02-07,0,2,0.6666666666666666,0.145596444606781,6
2024-02-08,0,2,0.941747572815534,0.8237217664718628,6
2024-02-09,0,2,0.8932038834951457,0.6514743566513062,6
2024-02-10,0,2,0.8932038834951457,0.6332363486289978,6
2024-02-11,0,2,0.3656957928802589,0.06658998131752014,6
2024-02-12,0,2,0.5728155339805825,0.12056669592857361,6
2024-02-13,0,2,0.27184466019417475,0.05278715491294861,6
2024-02-14,0,2,0.39158576051779936,0.0706736296415329,6
2024-02-15,0,2,0.6828478964401294,0.16188065707683563,6
2024-02-16,0,2,0.48220064724919093,0.08696402609348297,6
2024-02-17,0,2,0.48220064724919093,0.08716534823179245,6
2024-02-18,0,2,0.1715210355987055,0.03343355283141136,6
2024-02-19,0,2,0.13592233009708737,0.028070347383618355,6
2024-02-20,0,2,0.6181229773462783,0.13054226338863373,6
2024-02-21,0,2,0.1715210355987055,0.03336052596569061,6
2024-02-22,0,2,0.17475728155339806,0.03446456789970398,6
2024-02-23,0,2,0.6407766990291263,0.13700319826602936,6
2024-02-24,0,2,0.1262135922330097,0.027043482288718224,6
2024-02-25,0,2,0.042071197411003236,0.017980922013521194,6
2024-02-26,0,2,0.03559870550161812,0.01641727238893509,6
2024-02-27,0,2,0.49514563106796117,0.09092696011066437,6
2024-02-28,0,2,0.5533980582524272,0.11237481236457825,6
2024-02-29,0,2,0.6828478964401294,0.16192331910133362,6
2024-03-01,0,2,0.47572815533980584,0.08553393185138702,6
2024-03-02,0,2,0.49838187702265374,0.09235828369855881,6
2024-03-03,0,2,0.7669902912621359,0.22596871852874756,6
2024-03-04,0,2,0.7702265372168284,0.2355269193649292,6
2024-03-05,0,2,0.7572815533980582,0.20975035429000854,6
2024-03-06,0,2,0.7702265372168284,0.2360418140888214,6
2024-03-07,0,2,0.8381877022653722,0.33628159761428833,6
2024-03-08,0,2,0.5566343042071198,0.11454246193170547,6
2024-03-09,1,2,0.47572815533980584,0.0850924700498581,6
2024-03-10,1,2,0.889967637540453,0.5740568041801453,6
2024-03-11,1,2,0.9611650485436893,0.8526577353477478,6
2024-03-12,1,2,0.9579288025889967,0.8466275930404663,6
2024-03-13,1,2,0.8932038834951457,0.653873860836029,6
2024-03-14,1,2,0.912621359223301,0.7098520994186401,6
2024-03-15,1,2,0.6019417475728155,0.12456344813108444,6
2024-03-16,1,2,0.7702265372168284,0.2269187718629837,6
2024-03-17,0,2,0.6796116504854369,0.1521759331226349,6
2024-03-18,0,2,0.8673139158576052,0.4586736857891083,6
2024-03-19,0,2,0.31715210355987056,0.05853817239403725,6
2024-03-20,0,2,0.2750809061488673,0.054081253707408905,6
2024-03-21,0,2,0.2621359223300971,0.050911203026771545,6
2024-03-22,0,2,0.5889967637540453,0.12334941327571869,6
2024-03-23,0,2,0.48220064724919093,0.08664025366306305,6
2024-03-24,0,2,0.4336569579288026,0.07814349234104156,6
2024-03-25,0,2,0.08090614886731391,0.022281089797616005,6
2024-03-26,0,2,0.2621359223300971,0.05101422592997551,6
2024-03-27,0,2,0.06796116504854369,0.020772263407707214,6
2024-03-28,0,2,0.5533980582524272,0.1129092276096344,6
2024-03-29,0,2,0.24271844660194175,0.048434287309646606,6
2024-03-30,0,2,0.5533980582524272,0.11135166138410568,6
2024-03-31,0,2,0.10032362459546926,0.024396903812885284,6
2024-04-08,0,3,0.9625,0.8751168847084045,6
2024-04-09,0,3,0.9025,0.7121550440788269,6
2024-04-10,1,3,0.9025,0.720291018486023,6
2024-04-11,1,3,0.955,0.8603452444076538,6
2024-04-12,0,3,0.8575,0.5257251262664795,6
2024-04-13,1,3,0.8475,0.49919602274894714,6
2024-04-14,1,3,0.8475,0.4897506535053253,6
2024-04-15,1,3,0.515,0.10008128732442856,6
2024-04-16,1,3,0.49,0.09172173589468002,6
2024-04-17,1,3,0.61,0.14237700402736664,6
2024-04-18,1,3,0.8275,0.41287583112716675,6
2024-04-19,1,3,0.6125,0.14400002360343933,6
2024-04-20,1,3,0.625,0.1526140570640564,6
2024-04-21,0,3,0.1775,0.03292438015341759,6
2024-04-22,0,3,0.2025,0.03553849831223488,6
2024-04-23,0,3,0.3675,0.06292515993118286,6
2024-04-24,0,3,0.185,0.0336417481303215,6
2024-04-25,0,3,0.0575,0.019185999408364296,6
2024-04-26,0,3,0.345,0.058313507586717606,6
2024-04-27,0,3,0.0625,0.020208554342389107,6
2024-04-28,0,3,0.145,0.02883080765604973,6
2024-04-29,0,3,0.0525,0.01794428937137127,6
2024-04-30,0,3,0.19,0.03411329165101051,6
2024-05-01,0,3,0.0475,0.01733251102268696,6
2024-05-02,0,3,0.1475,0.029064951464533806,6
2024-05-03,0,3,0.035,0.016398340463638306,6
2024-05-04,0,3,0.4375,0.07649585604667664,6
2024-05-05,0,3,0.825,0.38169100880622864,6
2024-05-06,0,3,0.33,0.05694787576794624,6
2024-05-07,0,3,0.735,0.23402835428714752,6
2024-05-08,0,3,0.7975,0.3525371849536896,6
2024-05-09,0,3,0.5225,0.1049216091632843,6
2024-05-10,0,3,0.6825,0.1851743459701538,6
2024-05-11,0,3,0.7775,0.2972835600376129,6
2024-05-12,0,3,0.8525,0.514443039894104,6
2024-05-13,0,3,0.7525,0.2498779296875,6
2024-05-14,0,3,0.7625,0.26292869448661804,6
2024-05-15,0,3,0.42,0.07256238162517548,6
2024-05-16,0,3,0.84,0.4738626182079315,6
2024-05-17,1,3,0.86,0.5307039618492126,6
2024-05-18,0,3,0.7925,0.34380903840065,6
2024-05-19,0,3,0.3525,0.05985152721405029,6
2024-05-20,0,3,0.6525,0.1706489473581314,6
2024-05-21,0,3,0.7175,0.21335722506046295,6
2024-05-22,0,3,0.8275,0.40321773290634155,6
2024-05-23,0,3,0.8875,0.6648445129394531,6
2024-05-24,0,3,0.4575,0.08390191197395325,6
2024-05-25,0,3,0.23,0.04032682627439499,6
2024-05-26,0,3,0.0625,0.019859554246068,6
2024-05-27,0,3,0.26,0.044333767145872116,6
2024-05-28,0,3,0.5075,0.09732288867235184,6
2024-05-29,0,3,0.48,0.08719407021999359,6
2024-05-30,0,3,0.0675,0.020746778696775436,6
2024-05-31,0,3,0.48,0.08755650371313095,6
2024-06-01,0,3,0.385,0.06528124213218689,6
2024-06-02,0,3,0.6,0.13580724596977234,6
2024-06-03,0,3,0.7825,0.3180064260959625,6
2024-06-04,0,3,0.81,0.3626682460308075,6
2024-06-05,0,3,0.49,0.09399303793907166,6
2024-06-06,0,3,0.7825,0.32363706827163696,6
2024-06-07,0,3,0.5625,0.11940646916627884,6
2024-06-08,0,3,0.49,0.09395848959684372,6
2024-06-09,0,3,0.135,0.02743607386946678,6
2024-06-10,0,3,0.0625,0.020126111805438995,6
2024-06-11,0,3,0.165,0.03168877586722374,6
2024-06-12,0,3,0.2425,0.04120907932519913,6
2024-06-13,0,3,0.595,0.13054494559764862,6
2024-06-14,1,3,0.4925,0.09507487714290619,6
2024-06-15,1,3,0.4725,0.08541332930326462,6
2024-06-16,1,3,0.8625,0.5842950940132141,6
2024-06-17,1,3,0.7925,0.34403640031814575,6
2024-06-18,1,3,0.885,0.6436254382133484,6
2024-06-19,1,3,0.8275,0.39261168241500854,6
2024-06-20,1,3,0.6625,0.17611783742904663,6
2024-06-21,1,3,0.7175,0.21871551871299744,6
2024-06-22,0,3,0.7375,0.23645180463790894,6
2024-06-23,0,3,0.045,0.01715107262134552,6
2024-06-24,0,3,0.27,0.04567520320415497,6
2024-06-25,0,3,0.035,0.0163288414478302,6
2024-06-26,0,3,0.155,0.02995372749865055,6
2024-06-27,0,3,0.1125,0.025058696046471596,6
2024-06-28,0,3,0.23,0.04035891592502594,6
2024-06-29,0,3,0.08,0.022163188084959984,6
2024-06-30,0,3,0.0125,0.01235236693173647,6
2024-07-08,0,4,0.45213849287169044,0.10561365634202957,6
2024-07-09,0,4,0.5926680244399185,0.1666715443134308,6
2024-07-10,0,4,0.5885947046843177,0.1609368771314621,6
2024-07-11,0,4,0.7433808553971487,0.28924980759620667,6
2024-07-12,0,4,0.6761710794297352,0.23303170502185822,6
2024-07-13,0,4,0.604887983706721,0.17424912750720978,6
2024-07-14,1,4,0.7739307535641547,0.36369943618774414,6
2024-07-15,1,4,0.8757637474541752,0.6924747824668884,6
2024-07-16,0,4,0.7678207739307535,0.34790560603141785,6
2024-07-17,1,4,0.6822810590631364,0.23707455396652222,6
2024-07-18,1,4,0.6191446028513238,0.18717074394226074,6
2024-07-19,0,4,0.7107942973523421,0.25636011362075806,6
2024-07-20,0,4,0.6741344195519349,0.23146545886993408,6
2024-07-21,0,4,0.45213849287169044,0.10577117651700974,6
2024-07-22,0,4,0.1079429735234216,0.02525864541530609,6
2024-07-23,0,4,0.2219959266802444,0.050834350287914276,6
2024-07-24,0,4,0.2668024439918534,0.05859791859984398,6
2024-07-25,0,4,0.15478615071283094,0.0356585718691349,6
2024-07-26,0,4,0.2525458248472505,0.05707959458231926,6
2024-07-27,0,4,0.11405295315682282,0.02742038480937481,6
2024-07-28,0,4,0.006109979633401222,0.010353684425354004,6
2024-07-29,0,4,0.12016293279022404,0.028608951717615128,6
2024-07-30,0,4,0.1079429735234216,0.025098111480474472,6
2024-07-31,0,4,0.2973523421588595,0.06549501419067383,6
2024-08-01,0,4,0.4786150712830957,0.11344738304615021,6
2024-08-02,0,4,0.7169042769857433,0.26453980803489685,6
2024-08-03,0,4,0.20366598778004075,0.04712429642677307,6
2024-08-04,0,4,0.6720977596741344,0.22314582765102386,6
2024-08-05,0,4,0.35030549898167007,0.07957854121923447,6
2024-08-06,0,4,0.5885947046843177,0.16088515520095825,6
2024-08-07,0,4,0.6028513238289206,0.1700941026210785,6
2024-08-08,0,4,0.5987780040733197,0.16833877563476562,6
2024-08-09,0,4,0.4093686354378819,0.09203676879405975,6
2024-08-10,0,4,0.6313645621181263,0.19669292867183685,6
2024-08-11,0,4,0.6822810590631364,0.23844772577285767,6
2024-08-12,0,4,0.670061099796334,0.21870873868465424,6
2024-08-13,0,4,0.7739307535641547,0.3579401969909668,6
2024-08-14,1,4,0.5845213849287169,0.15817047655582428,6
2024-08-15,0,4,0.34826883910386963,0.0787472203373909,6
2024-08-16,0,4,0.5417515274949084,0.1393042802810669,6
2024-08-17,0,4,0.5539714867617108,0.1462714672088623,6
2024-08-18,0,4,0.8329938900203666,0.5009829998016357,6
2024-08-19,0,4,0.9042769857433809,0.7768804430961609,6
2023-07-08,0,0,0.656,0.12986703217029572,7
2023-07-09,0,0,0.192,0.03497432544827461,7
2023-07-10,0,0,0.072,0.02651621773838997,7
2023-07-11,0,0,0.424,0.07032604515552521,7
2023-07-12,0,0,0.568,0.10610248148441315,7
2023-07-13,1,0,0.32,0.055702175945043564,7
2023-07-14,1,0,0.464,0.07416509091854095,7
2023-07-15,0,0,0.264,0.046202532947063446,7
2023-07-16,0,0,0.32,0.05722169578075409,7
2023-07-17,0,0,0.552,0.09461835026741028,7
2023-07-18,0,0,0.192,0.03593900427222252,7
2023-07-19,0,0,0.152,0.03376537561416626,7
2023-07-20,0,0,0.456,0.07349751144647598,7
2023-07-21,0,0,0.088,0.02948395162820816,7
2023-07-22,0,0,0.192,0.03667837753891945,7
2023-07-23,0,0,0.072,0.026090603321790695,7
2023-07-24,0,0,0.248,0.04537191987037659,7
2023-07-25,0,0,0.456,0.07395738363265991,7
2023-07-26,0,0,0.352,0.061366140842437744,7
2023-07-27,0,0,0.568,0.10646478086709976,7
2023-07-28,0,0,0.488,0.07846785336732864,7
2023-07-29,0,0,0.552,0.09589952975511551,7
2023-07-30,0,0,0.096,0.02971773035824299,7
2023-07-31,0,0,0.04,0.021251503378152847,7
2023-08-01,0,0,0.168,0.03460027649998665,7
2023-08-02,0,0,0.04,0.02152096852660179,7
2023-08-03,0,0,0.072,0.025703949853777885,7
2023-08-04,0,0,0.56,0.0996280238032341,7
2023-08-05,0,0,0.4,0.06550981849431992,7
2023-08-06,0,0,0.368,0.06274198740720749,7
2023-08-07,0,0,0.504,0.0866045281291008,7
2023-08-08,0,0,0.496,0.08275523781776428,7
2023-08-09,0,0,0.072,0.024349598214030266,7
2023-08-10,0,0,0.64,0.12119796872138977,7
2023-08-11,0,0,0.536,0.09096930176019669,7
2023-08-12,0,0,0.328,0.05812828987836838,7
2023-08-13,0,0,0.568,0.10586202889680862,7
2023-08-14,0,0,0.072,0.024443570524454117,7
2023-08-15,0,0,0.584,0.10918153822422028,7
2023-08-16,0,0,0.272,0.048082899302244186,7
2023-08-17,0,0,0.592,0.11007104068994522,7
2023-08-18,1,0,0.448,0.07336034625768661,7
2023-08-19,0,0,0.072,0.02773900143802166,7
2023-08-20,0,0,0.28,0.049395013600587845,7
2023-08-21,0,0,0.664,0.1342829465866089,7
2023-08-22,0,0,0.304,0.05439581349492073,7
2023-08-23,0,0,0.456,0.07371295243501663,7
2023-08-24,0,0,0.208,0.038958702236413956,7
2023-08-25,0,0,0.072,0.0243099145591259,7
2023-08-26,0,0,0.072,0.023174051195383072,7
2023-08-27,0,0,0.904,0.5064157843589783,7
2023-08-28,0,0,0.872,0.3861485719680786,7
2023-08-29,0,0,0.664,0.13171152770519257,7
2023-08-30,0,0,0.808,0.2421739399433136,7
2023-08-31,0,0,0.56,0.09820841252803802,7
2023-09-01,0,0,0.88,0.4028509855270386,7
2023-09-02,0,0,0.808,0.2453824132680893,7
2023-09-03,0,0,0.808,0.2393517792224884,7
2023-09-04,0,0,0.856,0.3312660753726959,7
2023-09-05,1,0,0.864,0.3422393798828125,7
2023-09-06,1,0,0.8,0.22119733691215515,7
2023-09-07,1,0,0.848,0.32768169045448303,7
2023-09-08,1,0,0.904,0.48283833265304565,7
2023-09-09,0,0,0.808,0.23275309801101685,7
2023-09-10,0,0,0.152,0.03388766571879387,7
2023-09-11,0,0,0.704,0.15417414903640747,7
2023-09-12,0,0,0.192,0.035653360188007355,7
2023-09-13,0,0,0.248,0.04382028803229332,7
2023-09-14,0,0,0.328,0.05764918029308319,7
2023-09-15,0,0,0.568,0.10162152349948883,7
2023-09-16,0,0,0.272,0.04846029356122017,7
2023-09-17,0,0,0.072,0.0269910991191864,7
2023-09-18,0,0,0.016,0.018920961767435074,7
2023-09-19,0,0,0.496,0.08080306649208069,7
2023-09-20,0,0,0.504,0.08711948245763779,7
2023-09-21,0,0,0.496,0.07908352464437485,7
2023-09-22,0,0,0.072,0.025461001321673393,7
2023-09-23,0,0,0.568,0.10569392144680023,7
2023-09-24,0,0,0.408,0.06869281828403473,7
2023-09-25,0,0,0.272,0.048452313989400864,7
2023-09-26,0,0,0.496,0.08053131401538849,7
2023-09-27,0,0,0.248,0.04462125152349472,7
2023-09-28,0,0,0.072,0.026677090674638748,7
2023-09-29,0,0,0.304,0.0544692799448967,7
2023-09-30,0,0,0.248,0.043722979724407196,7
2023-10-08,0,1,0.783410138248848,0.1762566864490509,7
2023-10-09,0,1,0.43317972350230416,0.04061313346028328,7
2023-10-10,0,1,0.42857142857142855,0.03989698365330696,7
2023-10-11,0,1,0.7050691244239631,0.1020587682723999,7
2023-10-12,0,1,0.7926267281105991,0.1832823008298874,7
2023-10-13,1,1,0.6682027649769585,0.08602124452590942,7
2023-10-14,1,1,0.5576036866359447,0.05778060853481293,7
2023-10-15,0,1,0.7695852534562212,0.15130460262298584,7
2023-10-16,1,1,0.7096774193548387,0.10539504140615463,7
2023-10-17,1,1,0.8525345622119815,0.2810571491718292,7
2023-10-18,0,1,0.3870967741935484,0.03598974645137787,7
2023-10-19,0,1,0.5668202764976958,0.06023121252655983,7
2023-10-20,0,1,0.576036866359447,0.062287651002407074,7
2023-10-21,0,1,0.3870967741935484,0.034629661589860916,7
2023-10-22,0,1,0.10599078341013825,0.015035339631140232,7
2023-10-23,0,1,0.6682027649769585,0.08625669032335281,7
2023-10-24,0,1,0.631336405529954,0.07574295252561569,7
2023-10-25,0,1,0.33640552995391704,0.02964741922914982,7
2023-10-26,0,1,0.783410138248848,0.16624391078948975,7
2023-10-27,0,1,0.3870967741935484,0.035093408077955246,7
2023-10-28,0,1,0.7142857142857143,0.11332753300666809,7
2023-10-29,0,1,0.07373271889400922,0.013327950611710548,7
2023-10-30,0,1,0.6682027649769585,0.08793275058269501,7
2023-10-31,0,1,0.4930875576036866,0.05197940021753311,7
2023-11-01,0,1,0.4608294930875576,0.04390782117843628,7
2023-11-02,0,1,0.3087557603686636,0.027529295533895493,7
2023-11-03,0,1,0.3317972350230415,0.029143357649445534,7
2023-11-04,0,1,0.2534562211981567,0.02382544055581093,7
2023-11-05,0,1,0.8755760368663594,0.3606936037540436,7
2023-11-06,0,1,0.7741935483870968,0.1602039337158203,7
2023-11-07,0,1,0.8940092165898618,0.4836338460445404,7
2023-11-08,0,1,0.9124423963133641,0.5723189115524292,7
2023-11-09,1,1,0.8294930875576036,0.22305144369602203,7
2023-11-10,1,1,0.5391705069124424,0.05611317232251167,7
2023-11-11,0,1,0.8986175115207373,0.5213218331336975,7
2023-11-12,0,1,0.5852534562211982,0.06548289209604263,7
2023-11-13,1,1,0.783410138248848,0.17661580443382263,7
2023-11-14,1,1,0.8387096774193549,0.24396511912345886,7
2023-11-15,0,1,0.17050691244239632,0.01849428564310074,7
2023-11-16,0,1,0.06912442396313365,0.01291237585246563,7
2023-11-17,0,1,0.05069124423963134,0.011073308996856213,7
2023-11-18,0,1,0.18433179723502305,0.019677793607115746,7
2023-11-19,0,1,0.30414746543778803,0.027072975412011147,7
2023-11-20,0,1,0.8018433179723502,0.18779876828193665,7
2023-11-21,0,1,0.004608294930875576,0.00788840837776661,7
2023-11-22,0,1,0.06451612903225806,0.011665505357086658,7
2023-11-23,0,1,0.06451612903225806,0.011747262440621853,7
2023-11-24,0,1,0.14746543778801843,0.017712365835905075,7
2023-11-25,0,1,0.5990783410138248,0.06811323761940002,7
2023-11-26,0,1,0.6912442396313364,0.09407060593366623,7
2023-11-27,0,1,0.17050691244239632,0.01958441734313965,7
2023-11-28,0,1,0.663594470046083,0.08391807973384857,7
2023-11-29,0,1,0.3317972350230415,0.02931489609181881,7
2023-11-30,0,1,0.2903225806451613,0.02589944750070572,7
2023-12-01,0,1,0.17050691244239632,0.019476694986224174,7
2023-12-02,0,1,0.6912442396313364,0.0940454974770546,7
2023-12-03,0,1,0.880184331797235,0.37568557262420654,7
2023-12-04,0,1,0.8940092165898618,0.4738186299800873,7
2023-12-05,0,1,0.9124423963133641,0.5585167407989502,7
2023-12-06,0,1,0.6082949308755761,0.07279684394598007,7
2023-12-07,1,1,0.9124423963133641,0.5535005331039429,7
2023-12-08,0,1,0.9124423963133641,0.5548912882804871,7
2023-12-09,0,1,0.8202764976958525,0.2096427083015442,7
2023-12-10,1,1,0.8525345622119815,0.29186466336250305,7
2023-12-11,1,1,0.4930875576036866,0.050531305372714996,7
2023-12-12,1,1,0.8940092165898618,0.4838935434818268,7
2023-12-13,1,1,0.6359447004608295,0.07800740748643875,7
2023-12-14,1,1,0.8894009216589862,0.41953611373901367,7
2023-12-15,1,1,0.2626728110599078,0.024754855781793594,7
2023-12-16,0,1,0.7327188940092166,0.1252950131893158,7
2023-12-17,0,1,0.47465437788018433,0.0471925362944603,7
2023-12-18,0,1,0.3686635944700461,0.0328264944255352,7
2023-12-19,0,1,0.46543778801843316,0.044633980840444565,7
2023-12-20,0,1,0.847926267281106,0.25507867336273193,7
2023-12-21,0,1,0.018433179723502304,0.009712121449410915,7
2023-12-22,0,1,0.5944700460829493,0.0673571452498436,7
2023-12-23,0,1,0.16589861751152074,0.018391864374279976,7
2023-12-24,0,1,0.0,0.007462522480636835,7
2023-12-25,0,1,0.3686635944700461,0.03416374325752258,7
2023-12-26,0,1,0.23963133640552994,0.023095201700925827,7
2023-12-27,0,1,0.08755760368663594,0.014462701976299286,7
2023-12-28,0,1,0.37327188940092165,0.034389663487672806,7
2023-12-29,0,1,0.12903225806451613,0.016490209847688675,7
2023-12-30,0,1,0.06912442396313365,0.013082415796816349,7
2023-12-31,0,1,0.9170506912442397,0.6785520315170288,7
2024-01-08,0,2,0.8090614886731392,0.34189000725746155,7
2024-01-09,0,2,0.8414239482200647,0.4427552819252014,7
2024-01-10,0,2,0.6957928802588996,0.16174381971359253,7
2024-01-11,1,2,0.7184466019417476,0.17547385394573212,7
2024-01-12,1,2,0.8737864077669902,0.5964939594268799,7
2024-01-13,1,2,0.6763754045307443,0.1429060846567154,7
2024-01-14,1,2,0.6893203883495146,0.15379118919372559,7
2024-01-15,1,2,0.7540453074433657,0.21054910123348236,7
2024-01-16,0,2,0.8737864077669902,0.5929343104362488,7
2024-01-17,1,2,0.8252427184466019,0.3975600004196167,7
2024-01-18,1,2,0.7961165048543689,0.29658132791519165,7
2024-01-19,1,2,0.5242718446601942,0.08185296505689621,7
2024-01-20,0,2,0.24919093851132687,0.0311657153069973,7
2024-01-21,0,2,0.2459546925566343,0.03089524246752262,7
2024-01-22,0,2,0.3300970873786408,0.039606738835573196,7
2024-01-23,0,2,0.43042071197411,0.05763230472803116,7
2024-01-24,0,2,0.3268608414239482,0.03923708572983742,7
2024-01-25,0,2,0.6343042071197411,0.12620465457439423,7
2024-01-26,0,2,0.19093851132686085,0.02601209282875061,7
2024-01-27,0,2,0.3851132686084142,0.049029815942049026,7
2024-01-28,0,2,0.0970873786407767,0.01680002361536026,7
2024-01-29,0,2,0.0970873786407767,0.017373621463775635,7
2024-01-30,1,2,0.6375404530744336,0.12959036231040955,7
2024-01-31,0,2,0.44336569579288027,0.059621188789606094,7
2024-02-01,0,2,0.061488673139158574,0.012657701037824154,7
2024-02-02,0,2,0.11974110032362459,0.019338613376021385,7
2024-02-03,0,2,0.02912621359223301,0.009557128883898258,7
2024-02-04,0,2,0.7993527508090615,0.32280072569847107,7
2024-02-05,0,2,0.8349514563106796,0.41866016387939453,7
2024-02-06,0,2,0.7993527508090615,0.31237083673477173,7
2024-02-07,0,2,0.8543689320388349,0.47938525676727295,7
2024-02-08,0,2,0.941747572815534,0.8289876580238342,7
2024-02-09,0,2,0.941747572815534,0.8317843675613403,7
2024-02-10,0,2,0.8576051779935275,0.5394670367240906,7
2024-02-11,0,2,0.7896440129449838,0.2783336639404297,7
2024-02-12,0,2,0.7605177993527508,0.2378808706998825,7
2024-02-13,0,2,0.6181229773462783,0.11784780025482178,7
2024-02-14,0,2,0.7669902912621359,0.24644595384597778,7
2024-02-15,0,2,0.8543689320388349,0.526387631893158,7
2024-02-16,0,2,0.8252427184466019,0.4050147235393524,7
2024-02-17,0,2,0.6407766990291263,0.13120172917842865,7
2024-02-18,0,2,0.3818770226537217,0.04823903739452362,7
2024-02-19,0,2,0.24919093851132687,0.031417250633239746,7
2024-02-20,0,2,0.6957928802588996,0.1637902408838272,7
2024-02-21,0,2,0.5469255663430421,0.08686766028404236,7
2024-02-22,0,2,0.6796116504854369,0.14664140343666077,7
2024-02-23,0,2,0.6796116504854369,0.1471124142408371,7
2024-02-24,0,2,0.2621359223300971,0.03235751390457153,7
2024-02-25,0,2,0.022653721682847898,0.008852136321365833,7
2024-02-26,0,2,0.11650485436893204,0.01911589503288269,7
2024-02-27,0,2,0.0970873786407767,0.017085973173379898,7
2024-02-28,0,2,0.22330097087378642,0.028958121314644814,7
2024-02-29,0,2,0.40129449838187703,0.050798725336790085,7
2024-03-01,0,2,0.26537216828478966,0.032641198486089706,7
2024-03-02,0,2,0.517799352750809,0.08029752969741821,7
2024-03-03,0,2,0.7508090614886731,0.20725788176059723,7
2024-03-04,0,2,0.7928802588996764,0.28629159927368164,7
2024-03-05,0,2,0.8673139158576052,0.5817843675613403,7
2024-03-06,0,2,0.7605177993527508,0.22433896362781525,7
2024-03-07,0,2,0.883495145631068,0.6170094609260559,7
2024-03-08,0,2,0.6504854368932039,0.13543936610221863,7
2024-03-09,1,2,0.6796116504854369,0.14542806148529053,7
2024-03-10,1,2,0.8867313915857605,0.6257571578025818,7
2024-03-11,1,2,0.9773462783171522,0.9016709327697754,7
2024-03-12,1,2,0.9902912621359223,0.9278887510299683,7
2024-03-13,1,2,0.948220064724919,0.8431090712547302,7
2024-03-14,1,2,0.8932038834951457,0.6387488842010498,7
2024-03-15,1,2,0.8414239482200647,0.433459609746933,7
2024-03-16,1,2,0.7605177993527508,0.2283911556005478,7
2024-03-17,0,2,0.5954692556634305,0.10804919898509979,7
2024-03-18,0,2,0.6957928802588996,0.16489188373088837,7
2024-03-19,0,2,0.40129449838187703,0.05318453162908554,7
2024-03-20,0,2,0.2815533980582524,0.034223489463329315,7
2024-03-21,0,2,0.11326860841423948,0.018554512411355972,7
2024-03-22,0,2,0.12297734627831715,0.019722947850823402,7
2024-03-23,0,2,0.2524271844660194,0.03148018941283226,7
2024-03-24,0,2,0.08737864077669903,0.015248235315084457,7
2024-03-25,0,2,0.2686084142394822,0.03284542262554169,7
2024-03-26,0,2,0.03559870550161812,0.010689218528568745,7
2024-03-27,0,2,0.04854368932038835,0.012254278175532818,7
2024-03-28,0,2,0.3786407766990291,0.04719996079802513,7
2024-03-29,0,2,0.11974110032362459,0.019496360793709755,7
2024-03-30,0,2,0.6407766990291263,0.13237524032592773,7
2024-03-31,0,2,0.49838187702265374,0.07498641312122345,7
2024-04-08,0,3,0.91,0.76724773645401,7
2024-04-09,0,3,0.8675,0.6123790740966797,7
2024-04-10,1,3,0.92,0.8021315932273865,7
2024-04-11,1,3,0.9425,0.8577972054481506,7
2024-04-12,0,3,0.9125,0.7797691226005554,7
2024-04-13,1,3,0.905,0.7459365129470825,7
2024-04-14,1,3,0.44,0.07085124403238297,7
2024-04-15,1,3,0.4125,0.0642293393611908,7
2024-04-16,1,3,0.5,0.08768142014741898,7
2024-04-17,1,3,0.7025,0.19466736912727356,7
2024-04-18,1,3,0.745,0.2356511354446411,7
2024-04-19,1,3,0.5925,0.124322310090065,7
2024-04-20,1,3,0.6175,0.13229909539222717,7
2024-04-21,0,3,0.1025,0.0180099755525589,7
2024-04-22,0,3,0.3425,0.04491494596004486,7
2024-04-23,0,3,0.1225,0.02058987319469452,7
2024-04-24,0,3,0.0975,0.017397146672010422,7
2024-04-25,0,3,0.03,0.011609080247581005,7
2024-04-26,0,3,0.235,0.029850756749510765,7
2024-04-27,0,3,0.235,0.03132155165076256,7
2024-04-28,0,3,0.1175,0.020104536786675453,7
2024-04-29,0,3,0.24,0.03165557235479355,7
2024-04-30,0,3,0.4,0.05970769375562668,7
2024-05-01,0,3,0.2075,0.027355585247278214,7
2024-05-02,0,3,0.02,0.010957401245832443,7
2024-05-03,0,3,0.3125,0.041791342198848724,7
2024-05-04,0,3,0.315,0.04217853024601936,7
2024-05-05,0,3,0.71,0.20255747437477112,7
2024-05-06,0,3,0.51,0.0909694954752922,7
2024-05-07,0,3,0.69,0.18881790339946747,7
2024-05-08,0,3,0.675,0.1686471402645111,7
2024-05-09,0,3,0.6825,0.1832888126373291,7
2024-05-10,0,3,0.6825,0.18330232799053192,7
2024-05-11,0,3,0.7875,0.3185861110687256,7
2024-05-12,0,3,0.795,0.3595704734325409,7
2024-05-13,0,3,0.57,0.10883978754281998,7
2024-05-14,0,3,0.62,0.1353893131017685,7
2024-05-15,0,3,0.6275,0.1406165063381195,7
2024-05-16,0,3,0.7675,0.26968011260032654,7
2024-05-17,1,3,0.7725,0.2751234173774719,7
2024-05-18,0,3,0.5925,0.12553705275058746,7
2024-05-19,0,3,0.68,0.18113406002521515,7
2024-05-20,0,3,0.765,0.26068007946014404,7
2024-05-21,0,3,0.5425,0.09947524964809418,7
2024-05-22,0,3,0.785,0.3060070872306824,7
2024-05-23,0,3,0.7825,0.2815607786178589,7
2024-05-24,0,3,0.5925,0.12582999467849731,7
2024-05-25,0,3,0.3675,0.050915397703647614,7
2024-05-26,0,3,0.0225,0.011230657808482647,7
2024-05-27,0,3,0.0225,0.011169154196977615,7
2024-05-28,0,3,0.235,0.030802102759480476,7
2024-05-29,0,3,0.4,0.06011680141091347,7
2024-05-30,0,3,0.3475,0.04622696712613106,7
2024-05-31,0,3,0.235,0.030874811112880707,7
2024-06-01,0,3,0.26,0.03365891054272652,7
2024-06-02,0,3,0.7825,0.28497859835624695,7
2024-06-03,0,3,0.7225,0.21029053628444672,7
2024-06-04,0,3,0.555,0.10299741476774216,7
2024-06-05,0,3,0.3575,0.04846645146608353,7
2024-06-06,0,3,0.3425,0.04429898411035538,7
2024-06-07,0,3,0.225,0.028597604483366013,7
2024-06-08,0,3,0.395,0.057911910116672516,7
2024-06-09,0,3,0.5775,0.11595964431762695,7
2024-06-10,0,3,0.2425,0.03196312487125397,7
2024-06-11,0,3,0.3825,0.05422651767730713,7
2024-06-12,0,3,0.5425,0.09951087832450867,7
2024-06-13,0,3,0.38,0.053231481462717056,7
2024-06-14,1,3,0.5725,0.11213190108537674,7
2024-06-15,1,3,0.5675,0.10774692893028259,7
2024-06-16,1,3,0.9125,0.7718580961227417,7
2024-06-17,1,3,0.925,0.8311783075332642,7
2024-06-18,1,3,0.925,0.8285661935806274,7
2024-06-19,1,3,0.875,0.64164137840271,7
2024-06-20,1,3,0.8875,0.6747254729270935,7
2024-06-21,1,3,0.86,0.5570939183235168,7
2024-06-22,0,3,0.865,0.5936779975891113,7
2024-06-23,0,3,0.0875,0.016470523551106453,7
2024-06-24,0,3,0.44,0.07067280262708664,7
2024-06-25,0,3,0.0625,0.013725249096751213,7
2024-06-26,0,3,0.305,0.04021165519952774,7
2024-06-27,0,3,0.675,0.16769398748874664,7
2024-06-28,0,3,0.3025,0.03993930667638779,7
2024-06-29,0,3,0.3575,0.04810575768351555,7
2024-06-30,0,3,0.07,0.015248921699821949,7
2024-07-08,0,4,0.1894093686354379,0.027448222041130066,7
2024-07-09,0,4,0.4134419551934827,0.08129288256168365,7
2024-07-10,0,4,0.3543788187372709,0.06236438825726509,7
2024-07-11,0,4,0.3788187372708758,0.06982742249965668,7
2024-07-12,0,4,0.3421588594704684,0.0580345094203949,7
2024-07-13,0,4,0.24643584521384929,0.039825234562158585,7
2024-07-14,1,4,0.7393075356415478,0.27528730034828186,7
2024-07-15,1,4,0.9164969450101833,0.8191287517547607,7
2024-07-16,0,4,0.8044806517311609,0.4236621856689453,7
2024-07-17,1,4,0.7739307535641547,0.33741021156311035,7
2024-07-18,1,4,0.7474541751527495,0.28310689330101013,7
2024-07-19,0,4,0.8391038696537678,0.5539835095405579,7
2024-07-20,0,4,0.814663951120163,0.47930553555488586,7
2024-07-21,0,4,0.3788187372708758,0.06952685862779617,7
2024-07-22,0,4,0.0855397148676171,0.015595202334225178,7
2024-07-23,0,4,0.054989816700611,0.013036812655627728,7
2024-07-24,0,4,0.06720977596741344,0.013492942787706852,7
2024-07-25,0,4,0.06924643584521385,0.013795449398458004,7
2024-07-26,0,4,0.5356415478615071,0.11851149797439575,7
2024-07-27,0,4,0.0835030549898167,0.015478014014661312,7
2024-07-28,0,4,0.048879837067209775,0.012478482909500599,7
2024-07-29,0,4,0.40325865580448067,0.0756807029247284,7
2024-07-30,0,4,0.012219959266802444,0.007372791413217783,7
2024-07-31,0,4,0.3075356415478615,0.05262977257370949,7
2024-08-01,0,4,0.20977596741344195,0.03162996843457222,7
2024-08-02,0,4,0.20977596741344195,0.031442791223526,7
2024-08-03,0,4,0.19144602851323828,0.028906917199492455,7
2024-08-04,0,4,0.790224032586558,0.3991352617740631,7
2024-08-05,0,4,0.5458248472505092,0.12640996277332306,7
2024-08-06,0,4,0.7515274949083504,0.30016469955444336,7
2024-08-07,0,4,0.8167006109979633,0.4887330234050751,7
2024-08-08,0,4,0.835030549898167,0.5415345430374146,7
2024-08-09,0,4,0.6558044806517311,0.19234152138233185,7
2024-08-10,0,4,0.8126272912423625,0.46970489621162415,7
2024-08-11,0,4,0.6293279022403259,0.17970576882362366,7
2024-08-12,0,4,0.5234215885947047,0.11240161210298538,7
2024-08-13,0,4,0.6517311608961304,0.1899019032716751,7
2024-08-14,1,4,0.7515274949083504,0.29860949516296387,7
2024-08-15,0,4,0.7067209775967414,0.23531629145145416,7
2024-08-16,0,4,0.43380855397148677,0.087302066385746,7
2024-08-17,0,4,0.5315682281059063,0.11624260991811752,7
2024-08-18,0,4,0.8737270875763747,0.7172970175743103,7
2024-08-19,0,4,0.9164969450101833,0.8133859038352966,7
