origin_week_start,sector,forecast_h1_week_start,forecast_h2_week_start,predicted_value_h1,predicted_value_h2,predicted_count_h1,predicted_count_h2,actual_value_h1,actual_value_h2,actual_count_h1,actual_count_h2,predicted_value_h1_index_52median,predicted_value_h2_index_52median,predicted_count_h1_index_52median,predicted_count_h2_index_52median,predicted_value_h1_change_vs_last,predicted_value_h2_change_vs_last,predicted_count_h1_change_vs_last,predicted_count_h2_change_vs_last
2022-12-25,Beverage and Food,2023-01-01,2023-01-08,1822946.8873917568,1574123.903091753,39320.26988380274,37737.97774840844,1746125.0,1567098.0,34848.0,34285.0,1.1835188653675648,1.0219745559349085,1.2048127798689405,1.1563297508398223,-0.1260441691871702,-0.2453346978763391,0.07411888119219667,0.030895122474074332
2022-12-25,Clothing and Footwear,2023-01-01,2023-01-08,916024.3689355908,749557.9801402987,5623.184705264144,4687.8171994362165,863494.0,759215.0,5883.0,5388.0,1.2829904211564407,1.0498363812513287,1.2226972614186007,1.0193122851568204,-0.17799861543509654,-0.32737848644469747,-0.22449528268319618,-0.3534936974987979
2022-12-25,Construction & Building Materials,2023-01-01,2023-01-08,312501.5034184929,355807.0844165817,1203.359231860309,1215.5246086812353,319512.0,329833.0,1228.0,1233.0,0.8486607611526874,0.9662657868244536,1.1065372246991347,1.1177237780976876,-0.22871319518893862,-0.12183043516018821,-0.07219797080932233,-0.06281834334523106
2022-12-25,Education,2023-01-01,2023-01-08,189110.03276905208,152090.6300401692,121.63745899373019,112.84109529953756,127602.0,159412.0,82.0,96.0,1.6479530891516418,1.3253565658877795,1.0958329639074793,1.016586444139978,-0.1339132916462007,-0.30345486585679327,-0.07146977867381532,-0.13861759313330113
2022-12-25,Electronic & Electric Devices,2023-01-01,2023-01-08,235837.37208489058,244213.31938186142,788.9948813690673,787.3575222826623,234654.0,210012.0,811.0,753.0,0.945827556537691,0.9794193562407966,1.0457188619868354,1.0435487372864976,-0.16511242615392852,-0.13546074603380998,-0.09518935622813374,-0.09706706160245149
2022-12-25,Furniture,2023-01-01,2023-01-08,285564.84060533927,279372.3763607382,1039.2911337348578,1005.5159379467483,309902.0,275780.0,1101.0,1017.0,0.9389673067139472,0.9186058313259061,1.0686798290332729,1.033949550587916,-0.34057152745915753,-0.3548712123553266,-0.2084606749924922,-0.23418435799943005
2022-12-25,Gas Stations,2023-01-01,2023-01-08,755625.0570153447,698528.3931325465,13670.333097829034,13153.096405908547,728190.0,744710.0,12591.0,13049.0,1.1210613485009042,1.0363515279184816,1.145974775574569,1.1026151736028624,-0.059832232382274864,-0.13087334268259132,0.010895000948682565,-0.027353663690856567
2022-12-25,Health,2023-01-01,2023-01-08,756912.3891139119,703911.18798115,8249.515481650062,7553.333282013203,718576.0,703248.0,7309.0,7346.0,1.0507177692691418,0.9771434631489923,1.1777450898208384,1.0783543838979517,-0.11667187258773692,-0.17852507042217935,0.033773869880960206,-0.05346700726651599
2022-12-25,Hotels,2023-01-01,2023-01-08,236602.3771488105,229790.28216173142,612.6697185207593,604.0659980991371,242118.0,293546.0,537.0,604.0,1.0015233378787074,0.9726881579805979,1.096991438712192,1.0815863887182402,-0.1699880475662564,-0.19388518811287692,0.021116197534598813,0.0067766634985617635
2022-12-25,Jewelry,2023-01-01,2023-01-08,202540.14856391068,204757.10885483844,225.9278261469161,221.49482915004612,177937.0,166885.0,205.0,200.0,0.9208756294308557,0.9309553332219641,1.0732913356148033,1.0522319674586513,-0.07752219855115128,-0.06742495773457746,-0.03860499511950599,-0.05746881212746335
2022-12-25,Miscellaneous Goods and Services,2023-01-01,2023-01-08,1324863.4784739884,1223067.2069846764,20191.308490218675,19690.385349407687,1233890.0,1179351.0,19505.0,19509.0,1.1885717399154891,1.0972474838794462,1.1820571079951219,1.1527316306769129,-0.08638295982154132,-0.1565809913699624,-0.027299908940231488,-0.05143147945815174
2022-12-25,Other,2023-01-01,2023-01-08,1821884.1359186731,1646763.3623421262,20724.16212222802,20889.38190219421,1729010.0,1629119.0,20646.0,20507.0,1.1758400084151308,1.0628174468722256,1.1642787709116864,1.1735607810221467,-0.15685403441444923,-0.2378978125671326,-0.09148384015483679,-0.08424085300099904
2022-12-25,Public Utilities,2023-01-01,2023-01-08,88098.37889689581,84772.18456085373,1124.0287435237374,1174.5329713686824,87232.0,86857.0,1170.0,1173.0,1.0216970096186926,0.9831223746583598,1.0485342756751281,1.095646428515562,-0.11054863402697868,-0.14413027460570904,-0.08837895902373283,-0.04741851470504266
2022-12-25,Recreation and Culture,2023-01-01,2023-01-08,309783.2851359623,272946.614326204,2393.0587053731824,2552.0762077061527,304813.0,252311.0,2216.0,2163.0,1.132116437901862,0.99749522835854,1.1094384354998528,1.1831600406611742,-0.18656823785638843,-0.2832943024506571,-0.08135942212161906,-0.020316235045622744
2022-12-25,Restaurants & Café,2023-01-01,2023-01-08,1668028.8828495357,1544078.4009325814,43738.28256231483,43149.33379827267,1713036.0,1644321.0,46381.0,45886.0,1.095463515128881,1.0140601101766216,1.0871380740027299,1.0724994419504796,-0.08509064584486647,-0.15307715166851155,-0.09320639875782988,-0.10541663975053539
2022-12-25,Telecommunication,2023-01-01,2023-01-08,90203.10557526661,91745.12294226096,487.58328055173433,427.2789669354626,95323.0,89202.0,480.0,455.0,0.9706669131838996,0.9872604132430238,1.1418812190907128,1.0006533183500295,-0.21394369193869833,-0.20050610050838347,-0.08003154612880314,-0.19381326993308945
2022-12-25,Transportation,2023-01-01,2023-01-08,624030.9749674884,615470.5896556509,2361.0440254273176,2065.561115297458,542391.0,582909.0,2182.0,2164.0,1.0538829605674616,1.0394259150393808,1.2335653215398734,1.0791855356831024,-0.13733644425038616,-0.14917036392413519,-0.014177859946840288,-0.13755277023070644
2023-01-01,Beverage and Food,2023-01-08,2023-01-15,1606501.1618877107,1475094.6528302405,38033.27916265952,34552.062179514825,1567098.0,1449441.0,34285.0,32571.0,1.0349983567521825,0.9503388966985029,1.1616584707826552,1.055330925902623,-0.07996210930620051,-0.15521818149889577,0.09140493464932042,-0.008492246914749035
2023-01-01,Clothing and Footwear,2023-01-08,2023-01-15,834197.9824041849,751752.3479123346,5137.932690703575,4372.844569858167,759215.0,590527.0,5388.0,4196.0,1.168383786575718,1.052909828779027,1.117184755534589,0.9508250858573967,-0.0339272972317296,-0.12940640246216584,-0.12664751135414332,-0.25669818632361596
2023-01-01,Construction & Building Materials,2023-01-08,2023-01-15,315447.7933136814,333539.41766152595,1212.9406791285367,1086.150840817292,329833.0,336114.0,1233.0,1128.0,0.8662863895382558,0.9159698182049826,1.1153477509227923,0.9987593938549811,-0.012720043961787386,0.0439026317056197,-0.012263290611940869,-0.11551234461132576
2023-01-01,Education,2023-01-08,2023-01-15,142902.93257974536,196008.2450838035,89.15146685974162,121.35591837779333,159412.0,123147.0,96.0,112.0,1.2010718870036046,1.647411907797591,0.8031663681057803,1.093296561962102,0.1199113852427498,0.5360906967273513,0.0872130104846538,0.4799502241194309
2023-01-01,Electronic & Electric Devices,2023-01-08,2023-01-15,241813.51919366943,229947.005320683,792.2810624964078,716.7754346140505,210012.0,194907.0,753.0,679.0,0.9814836263900811,0.9333192842660208,1.046606423377025,0.9468631897147298,0.03051096164424827,-0.02005929870923573,-0.02308130395017538,-0.11618318789882798
2023-01-01,Furniture,2023-01-08,2023-01-15,299857.2919981897,282460.2010460331,1052.884138809786,964.8088072897349,275780.0,252647.0,1017.0,880.0,0.9859623939320964,0.9287589244805472,1.0826572121437388,0.9920913185498559,-0.03241253041868175,-0.08854992531176586,-0.04370196293389095,-0.1236977227159538
2023-01-01,Gas Stations,2023-01-08,2023-01-15,730420.516107335,666363.0774770143,13509.568072678121,12483.068911304392,744710.0,673358.0,13049.0,12107.0,1.070057993210267,0.9762145527271711,1.130460488906583,1.0445645714659966,0.0030630963173552406,-0.08490493212346462,0.07295433823192132,-0.00857208233624085
2023-01-01,Health,2023-01-08,2023-01-15,701548.5472116416,679700.5019910808,7428.3330978627455,6971.203517068401,703248.0,652294.0,7346.0,6997.0,0.975204615062903,0.9448342086043944,1.0515760331062776,0.9868634650436582,-0.02369610561493629,-0.05410074648877672,0.016326870688568196,-0.046216511551730566
2023-01-01,Hotels,2023-01-08,2023-01-15,233627.18571174156,228522.66538066638,569.8347770353993,551.725263642423,293546.0,271801.0,604.0,563.0,0.9816206440368719,0.960173214793463,1.0202950349783335,0.987869764802906,-0.03506890973929422,-0.0561516889257867,0.061144836192549956,0.02742134756503356
2023-01-01,Jewelry,2023-01-08,2023-01-15,201858.57592666135,198337.83923316735,210.01464763566918,187.7809546943156,166885.0,151849.0,200.0,174.0,0.9189048081769783,0.9028776373663006,1.0048547733764075,0.8984734674369167,0.1344384581433955,0.11465203545730995,0.024461695783752013,-0.08399534295455802
2023-01-01,Miscellaneous Goods and Services,2023-01-08,2023-01-15,1245359.9489565725,1108351.874286992,19998.32096999893,17830.430098614666,1179351.0,1060407.0,19509.0,18047.0,1.1145876134461612,0.9919664362541635,1.1623551857017687,1.0363516476962897,0.009295762958264175,-0.10174174822148485,0.025292026147087032,-0.08585336587466463
2023-01-01,Other,2023-01-08,2023-01-15,1689425.484631858,1463937.4771643556,21728.51397749838,19101.147321656106,1629119.0,1474081.0,20507.0,19106.0,1.0777717145216659,0.9339212762377413,1.200238295219067,1.0551079803162984,-0.02289432413238901,-0.15330884311579718,0.05243214072936064,-0.07482576181070877
2023-01-01,Public Utilities,2023-01-08,2023-01-15,86732.76220097514,81989.84463006697,1178.5826111014198,1067.2322890795472,86857.0,79204.0,1173.0,1080.0,1.0033694718506172,0.9485009472309825,1.0958462213867224,0.9923126816174311,-0.005723103895644566,-0.06009440767072893,0.007335565043948611,-0.08783565035936136
2023-01-01,Recreation and Culture,2023-01-08,2023-01-15,274589.56382819416,259931.8116230554,2291.699470108665,2139.9296138769064,252311.0,244487.0,2163.0,1982.0,1.0034994584997154,0.9499320679710538,1.0433414387018736,0.9742452146036451,-0.09915402614654178,-0.14724171336834257,0.034160410698856,-0.03432779157179311
2023-01-01,Restaurants & Café,2023-01-08,2023-01-15,1575503.876733026,1543627.6358410525,43433.07272637979,42183.88316628795,1644321.0,1516549.0,45886.0,42789.0,1.024332886064963,1.003608162811673,1.0736277231551443,1.0427488454013263,-0.08028560010821373,-0.09889363922237915,-0.06355894167051623,-0.09049215915379238
2023-01-01,Telecommunication,2023-01-08,2023-01-15,90167.90959716962,86530.50248741792,436.3716184202169,435.9720442589413,89202.0,90532.0,455.0,411.0,0.9702881726605217,0.9311463858151698,1.0219475841222878,1.02101181325279,-0.0540802366987021,-0.0922389928200128,-0.09089246162454812,-0.09172490779387232
2023-01-01,Transportation,2023-01-08,2023-01-15,618446.3996592961,548459.6036140659,2089.0657857041183,1792.1113050886402,582909.0,551645.0,2164.0,1944.0,1.0444515557247511,0.9262556731876366,1.0866402006263294,0.9321775319056645,0.14022245881531248,0.011188614143792686,-0.042591298944033795,-0.17868409482647107
2023-01-08,Beverage and Food,2023-01-15,2023-01-22,1550073.4528202242,1749260.776366156,36965.11624316611,35797.711754932076,1449441.0,1651201.0,32571.0,31415.0,0.9903588045723174,1.117621754127384,1.1247049805475517,1.0891853940922238,-0.01086374124641587,0.11624210889565045,0.07817168566912946,0.04412167872049211
2023-01-08,Clothing and Footwear,2023-01-15,2023-01-22,796301.0971902113,780562.4077952702,4781.583803187689,5411.74989346297,590527.0,610148.0,4196.0,4349.0,1.1021628649139001,1.08037889518847,1.0231269505055502,1.1579650997032138,0.048847951094500575,0.02811773713015442,-0.11254940549597459,0.004407923805302527
2023-01-08,Construction & Building Materials,2023-01-15,2023-01-22,341332.5535863,332109.87608674477,1170.1467880309938,1239.7647259240264,336114.0,295869.0,1128.0,1039.0,0.9442927431848928,0.9187783076466993,1.0740218338971947,1.1379208131473395,0.03486477576925284,0.006903117901315925,-0.05097584101298158,0.00548639572102716
2023-01-08,Education,2023-01-15,2023-01-22,192777.57534736863,123198.45511977274,106.48645189708263,98.32595570929956,123147.0,167544.0,112.0,137.0,1.5712574402752355,1.0041442262594567,0.9593374044782219,0.8858194208045006,0.20930403826166555,-0.22716950342651276,0.10923387392794415,0.024228705305203713
2023-01-08,Electronic & Electric Devices,2023-01-15,2023-01-22,223408.48964120715,255103.21761396143,736.2373896865972,793.3981645041845,194907.0,198439.0,679.0,687.0,0.906780461698534,1.035424454192732,0.9725725094935234,1.0480821195563863,0.06378916272025958,0.21470781485801482,-0.022261102673841626,0.05364962085549063
2023-01-08,Furniture,2023-01-15,2023-01-22,280594.1660074499,298003.3140323151,990.3464563539533,1123.6913037726868,252647.0,243086.0,880.0,862.0,0.9241714594619205,0.9815106335689869,1.0090132005643946,1.1448714251377348,0.017456545099172827,0.08058348695451123,-0.02620800751823671,0.10490786998297619
2023-01-08,Gas Stations,2023-01-15,2023-01-22,695169.1985552419,774920.9764528445,12826.700103048013,13030.113358457129,673358.0,687439.0,12107.0,11876.0,1.0098677083765089,1.1257225899676186,1.0688916752540012,1.0858427798714274,-0.06652361515859606,0.040567437596976674,-0.017035780285997948,-0.0014473631345598426
2023-01-08,Health,2023-01-15,2023-01-22,688423.9428758996,810332.0127419278,7132.703559747355,7239.474792573139,652294.0,666163.0,6997.0,6810.0,0.9569604397026069,1.1264217162162284,1.000379180890232,1.015354108355279,-0.021079415972886317,0.15227062535823466,-0.029035725599325435,-0.014501117264751007
2023-01-08,Hotels,2023-01-15,2023-01-22,273016.0426887774,238952.97813806823,596.4265963534369,572.6002848464658,271801.0,259339.0,563.0,541.0,1.147119000043182,1.0039977821067019,1.067907961241606,1.0252467051861518,-0.06993778593890776,-0.18597774066732908,-0.012538747759210378,-0.05198628336677846
2023-01-08,Jewelry,2023-01-15,2023-01-22,191911.64715091098,203493.05189329022,199.73012780144563,195.83865663084728,151849.0,151758.0,174.0,180.0,0.8736241920987603,0.9263453036708663,0.9556465445045246,0.937027065219365,0.1499634308111033,0.2193609485171839,-0.0013493609927718309,-0.02080671684576363
2023-01-08,Miscellaneous Goods and Services,2023-01-15,2023-01-22,1115399.4950089022,1301068.219358431,18780.73579727904,18966.9962000544,1060407.0,1122451.0,18047.0,17564.0,0.9953840494041455,1.1610750753708203,1.0858427264846808,1.096611713694172,-0.0542260149786602,0.1032069497193211,-0.03732965312014758,-0.027782244089681662
2023-01-08,Other,2023-01-15,2023-01-22,1512084.5839911061,1757688.4791007647,20779.958497137115,20415.70936003627,1474081.0,1527233.0,19106.0,18600.0,0.9534939683158222,1.1083674688205458,1.1373502912967415,1.1174138288517703,-0.07183908358376145,0.07891963638062327,0.013310503590828304,-0.0044516818629604105
2023-01-08,Public Utilities,2023-01-15,2023-01-22,82089.06627888745,87047.79853737917,1096.349594540786,1165.7156852436854,79204.0,79998.0,1080.0,1048.0,0.9464516741384522,1.0036237271340276,1.0151385134636908,1.0793663752256346,-0.05489406404909858,0.002196697299920336,-0.0653456142022284,-0.0062099870045307926
2023-01-08,Recreation and Culture,2023-01-15,2023-01-22,255562.36704537703,275866.8516257462,2128.1550195461423,2083.566606108613,244487.0,252843.0,1982.0,1937.0,0.9339637434414726,1.0081673620985345,0.9688845980178203,0.9485848422984808,0.012886346791765035,0.09336038312141048,-0.0161095610050197,-0.03672371423550014
2023-01-08,Restaurants & Café,2023-01-15,2023-01-22,1476452.1770420203,1763739.9056526865,42465.50628710208,41337.700021534205,1516549.0,1522190.0,42789.0,41668.0,0.9557880632620911,1.141765087101678,1.0438530114942193,1.0161301825531066,-0.10209005599148813,0.0726250565751374,-0.07454329671136994,-0.09912173600805896
2023-01-08,Telecommunication,2023-01-15,2023-01-22,82310.93542827504,87342.35111316772,425.5282556683204,475.3072551007541,90532.0,95658.0,411.0,437.0,0.8857400319413212,0.9398826105216641,0.9953877325574747,1.1118298364929922,-0.07725235501137817,-0.02084761425564763,-0.0647730644652299,0.044631329891767324
2023-01-08,Transportation,2023-01-15,2023-01-22,586871.6624386917,666985.1660242567,1963.2127153947924,2066.019107556474,551645.0,574086.0,1944.0,1947.0,0.9911271553727913,1.1264253372372186,1.0166818826487791,1.0699218578749219,0.006798080727337785,0.14423549134471547,-0.09278525166599239,-0.04527767672991034
2023-01-15,Beverage and Food,2023-01-22,2023-01-29,1723946.7538011863,1705384.7386037433,37895.095653337194,36844.089912226016,1651201.0,1880301.0,31415.0,37317.0,1.1014483495182366,1.089588875924939,1.1530006436139288,1.1210226191479475,0.1893873250454392,0.17658099819429918,0.16346122788177198,0.13119308317908618
2023-01-15,Clothing and Footwear,2023-01-22,2023-01-29,788345.2711529497,786991.4417002023,5823.0046639699585,4814.101324791981,610148.0,757362.0,4349.0,5631.0,1.1041621443199066,1.1022659609009298,1.2661458282169946,1.0467713252428748,0.33498598904529286,0.3326934106318633,0.38775134984984705,0.14730727473593452
2023-01-15,Construction & Building Materials,2023-01-22,2023-01-29,378050.87356884306,343445.6915823654,1260.1121532154425,1230.2686782193587,295869.0,373495.0,1039.0,1331.0,1.0491926704294952,0.953153999876127,1.155006556567775,1.1276523173413002,0.12476979110909703,0.021813109785267626,0.11712070320517953,0.0906637218256725
2023-01-15,Education,2023-01-22,2023-01-29,92068.4000367006,143628.91002090706,91.90021946580056,118.88224790990432,167544.0,196390.0,137.0,162.0,0.7504148670364381,1.170665172556093,0.8279299050973024,1.0710112424315705,-0.2523699315720188,0.16632082000298065,-0.17946232619820923,0.06144864205271716
2023-01-15,Electronic & Electric Devices,2023-01-22,2023-01-29,237201.7125478061,259740.74312267068,803.5278315104256,806.6317550489389,198439.0,251109.0,687.0,874.0,0.962765017413688,1.054247452050511,1.0614634498156217,1.0655637451108837,0.21699945383083263,0.33263937735776894,0.18339886820386675,0.18797018416633127
2023-01-15,Furniture,2023-01-22,2023-01-29,302440.33264995157,308216.15179688187,1111.2326606884308,1049.6880859810174,243086.0,313760.0,862.0,1140.0,0.9961245010982638,1.0151478731325383,1.1321779528155178,1.0694733428232475,0.19708657791286477,0.2199477998823729,0.26276438714594397,0.19282737043297438
2023-01-15,Gas Stations,2023-01-22,2023-01-29,747071.4993360746,737078.7821351145,13410.712332833142,12980.338734934285,687439.0,769704.0,11876.0,13364.0,1.0852658382964475,1.0707494839453622,1.111078072314262,1.0754216019001064,0.10947148372199411,0.09463135825981794,0.10768252521955413,0.07213502394765703
2023-01-15,Health,2023-01-22,2023-01-29,706682.9140268911,785155.3643428565,7610.471433104421,7202.890345049103,666163.0,822762.0,6810.0,8414.0,0.9823417664882151,1.0914243039798612,1.067387297770606,1.0102230497965081,0.08338098162315011,0.20368325378258345,0.08767635173709021,0.029425517371602705
2023-01-15,Hotels,2023-01-22,2023-01-29,250821.15866360287,285216.28746118944,595.615886849547,634.0784960832973,259339.0,299369.0,541.0,634.0,1.050194732987497,1.194208034321846,1.0626510024077556,1.1312729635741254,-0.07718824189902584,0.04935702025080646,0.05793230346278322,0.12624954899342322
2023-01-15,Jewelry,2023-01-22,2023-01-29,199842.98888589104,228328.24000799682,209.86090437688136,230.82384804872999,151758.0,208015.0,180.0,238.0,0.9097294109239235,1.0394005636013384,1.004119159697997,1.1044203255920095,0.31606391142444834,0.5036532345158469,0.20609715159127218,0.3265738393605171
2023-01-15,Miscellaneous Goods and Services,2023-01-22,2023-01-29,1303433.2313017193,1276279.2976047837,18981.220070532883,20170.339987034124,1122451.0,1344798.0,17564.0,20008.0,1.1631856152944382,1.1389534073712209,1.0892158534721765,1.1574521554548602,0.22918203227790768,0.20357494585077585,0.051765948386595095,0.11765611941231913
2023-01-15,Other,2023-01-22,2023-01-29,1690139.7166410547,1687160.6159098367,21057.37214520412,20728.388420582207,1527233.0,1872686.0,18600.0,22823.0,1.0657724061802467,1.0638938376078961,1.150016228131625,1.1320492843222307,0.14657180754724797,0.1445508190593574,0.10213399692264846,0.08491512721564987
2023-01-15,Public Utilities,2023-01-22,2023-01-29,87355.85127780403,90486.67026073716,1186.8225494307364,1206.8666597300685,79998.0,93480.0,1048.0,1216.0,1.0071754429119548,1.0432724409915102,1.0968785114886659,1.115403567218178,0.10292221703201898,0.1424507633545926,0.09890976799142259,0.117469129379693
2023-01-15,Recreation and Culture,2023-01-22,2023-01-29,291241.89496646525,310535.9376038804,2118.767640232662,2265.818089855536,252843.0,306129.0,1937.0,2490.0,1.077127807189553,1.1484848138463517,0.9646108082097254,1.0315584292536017,0.19123673228623717,0.2701531680779772,0.06900486389135319,0.1431978253559718
2023-01-15,Restaurants & Café,2023-01-22,2023-01-29,1730676.2624562178,1693453.8644250096,43191.50998934716,43211.05274558936,1522190.0,1767285.0,41668.0,49307.0,1.1203611865984773,1.0962650971501249,1.0597583175323182,1.0602378237704722,0.14119376456429555,0.11664961991007838,0.009406856653512818,0.009863580490064194
2023-01-15,Telecommunication,2023-01-22,2023-01-29,94856.77390293402,110597.48963028449,477.76892244576163,567.715402790285,95658.0,105444.0,437.0,537.0,1.020744588911255,1.190128911645283,1.117588122680144,1.3279892462930643,0.04777066565340449,0.22163974760619998,0.16245479913810623,0.3813026831880413
2023-01-15,Transportation,2023-01-22,2023-01-29,651418.5793122372,697165.5555191592,2009.387739467847,2182.5060797187207,574086.0,658364.0,1947.0,2429.0,1.1001360004124754,1.1773949196904359,1.0405943756954152,1.1302465456855104,0.18086555540653348,0.26379384480809076,0.03363566845053856,0.12268831261251067
2023-01-22,Beverage and Food,2023-01-29,2023-02-05,1949460.8849819114,1576569.7309784982,37164.16851039279,35165.48105073519,1880301.0,1657584.0,37317.0,36726.0,1.2455317830896973,1.0072875651511795,1.1307613682744675,1.069949068222512,0.18063208839015443,-0.045198173342616554,0.18300711476660148,0.11938504060910993
2023-01-22,Clothing and Footwear,2023-01-29,2023-02-05,900283.4078227354,710193.1339814194,5742.283429486029,5109.542473303627,757362.0,684856.0,5631.0,5202.0,1.2746798131946382,1.005537637914345,1.264680856620643,1.1253259494116568,0.4755164448998199,0.1639686338092059,0.32036868923569295,0.17487755192081567
2023-01-22,Construction & Building Materials,2023-01-29,2023-02-05,336184.993616514,300988.33686217334,1300.9550636436427,1113.4696924431155,373495.0,360917.0,1331.0,1293.0,0.9391416153468345,0.8408188296582354,1.1924427714423855,1.0205955017810409,0.1362629867154519,0.01730271458710897,0.25212229417097465,0.07167439118682917
2023-01-22,Education,2023-01-29,2023-02-05,174355.43890704596,128367.74876275372,145.8848923483929,116.76142793195126,196390.0,128279.0,162.0,137.0,1.421105541666362,1.0462771926216783,1.314278309444981,1.0519047561437052,0.04065462748320425,-0.2338266439696216,0.06485322882038602,-0.1477268034164142
2023-01-22,Electronic & Electric Devices,2023-01-29,2023-02-05,245185.98507997114,216411.9595974834,846.417766495072,756.3372722184638,251109.0,231123.0,874.0,820.0,0.9966180729864121,0.8796590477017266,1.121083134430559,1.001771221481409,0.23557357716966498,0.09057171018541421,0.2320491506478486,0.10092761603852085
2023-01-22,Furniture,2023-01-29,2023-02-05,298025.8653557584,267981.6853297401,1104.07592620244,994.4924174115353,313760.0,291229.0,1140.0,1059.0,0.9875976629626962,0.888037304522308,1.135296582213306,1.0226143109630184,0.22600999381189535,0.10241513427239779,0.28083054083809755,0.153703500477419
2023-01-22,Gas Stations,2023-01-29,2023-02-05,815712.7568148485,709846.1127535634,13332.036052187703,12437.856608926433,769704.0,737830.0,13364.0,12957.0,1.1849805401765583,1.0311887648017668,1.1045597392036208,1.0304769352880225,0.18659656611691866,0.032595056075613194,0.12260323780630711,0.04731025673008027
2023-01-22,Health,2023-01-29,2023-02-05,817534.8053900524,731043.6805575506,7652.013703832656,7440.470623101371,822762.0,749579.0,8414.0,7947.0,1.1374911636213845,1.0171502440911075,1.0832408980510555,1.0532942558184273,0.2272293798815792,0.0973946024584833,0.12364371568761467,0.09258012086657419
2023-01-22,Hotels,2023-01-29,2023-02-05,294159.3888267558,259863.28041764037,670.5340609639295,628.653919899166,299369.0,302787.0,634.0,612.0,1.222671123091415,1.0801196255734,1.1963141141194105,1.1215948615506977,0.1342659176859471,0.0020216026808168586,0.23943449346382528,0.16202203308533458
2023-01-22,Jewelry,2023-01-29,2023-02-05,204048.8365651798,184669.36954860674,237.20517392807886,208.7301460004046,208015.0,202909.0,238.0,223.0,0.9288753582150734,0.8406557453515304,1.1349529853018128,0.9987088325378211,0.34456724894358004,0.21686744388175083,0.31780652182266045,0.15961192222447007
2023-01-22,Miscellaneous Goods and Services,2023-01-29,2023-02-05,1522757.173300537,1211066.5958601006,21421.7065982678,19383.642308075017,1344798.0,1161663.0,20008.0,17701.0,1.3562853528111445,1.0786696093400887,1.22189810331505,1.1056465395473871,0.3566357669960978,0.07894829784115354,0.21963713267295604,0.10360067798195272
2023-01-22,Other,2023-01-29,2023-02-05,1853339.0227514398,1598577.5519927512,21124.407354999476,19885.57392104018,1872686.0,1688532.0,22823.0,21880.0,1.1686830208753933,1.0080349140833025,1.150128347307643,1.0826794752022748,0.21352735486428065,0.046714909900945845,0.13572082553760612,0.06911687747527862
2023-01-22,Public Utilities,2023-01-29,2023-02-05,90768.0178149995,83043.58744900615,1274.9236833015725,1137.8958273367182,93480.0,94819.0,1216.0,1287.0,1.0465162574437732,0.9574568932304837,1.1783028496317676,1.0516597295163754,0.13462858840220382,0.03807079488244902,0.21653023215798894,0.08577846119915855
2023-01-22,Recreation and Culture,2023-01-29,2023-02-05,323262.23570343154,266993.2231352607,2394.608505194537,2297.608765468579,306129.0,262624.0,2490.0,2355.0,1.2102553727630088,0.9995908804120541,1.1035062235919526,1.0588058827044142,0.2785097301623203,0.0559644646490538,0.23624600164921894,0.18616869667970004
2023-01-22,Restaurants & Café,2023-01-29,2023-02-05,1888035.5913380838,1620597.8073451351,45053.68349996537,42837.363643947145,1767285.0,1677125.0,49307.0,47825.0,1.2222284671828998,1.0491013956933022,1.1022442721003407,1.048021716325512,0.24034160738021138,0.064648833158236,0.08125380387744485,0.02806382941219021
2023-01-22,Telecommunication,2023-01-29,2023-02-05,112913.09805134783,87016.2226096626,558.3422290044649,480.1329164095052,105444.0,89379.0,537.0,490.0,1.215046950374456,0.936373173171589,1.3060636935776957,1.1231179331216496,0.18038321992251394,-0.0903403519866337,0.2776710045868762,0.09870232587987449
2023-01-22,Transportation,2023-01-29,2023-02-05,689630.5650954794,612050.8301608401,2435.006657158391,2136.156001732261,658364.0,591018.0,2429.0,2246.0,1.1646695930093862,1.033650518616138,1.2600293180638504,1.105384735695866,0.20126699674870907,0.06613091097995771,0.2506454325415466,0.09715254326258904
2023-01-29,Beverage and Food,2023-02-05,2023-02-12,1621729.8180663201,1500044.0976140965,36530.39820047154,34745.4516967619,1657584.0,1514572.0,36726.0,35139.0,1.036140836447004,0.9583945048642499,1.1094359704944738,1.0552267651702827,-0.1375158455660449,-0.20223193115671556,-0.021078913083271922,-0.06891090664410593
2023-01-29,Clothing and Footwear,2023-02-05,2023-02-12,746043.2228344132,663390.3678967806,5367.759682040407,4558.118810276348,684856.0,689682.0,5202.0,5228.0,1.0539730402456111,0.937205166565816,1.1821957233873817,1.0038803678617658,-0.014945002740547886,-0.12407756410173654,-0.04674841377368022,-0.19053120044817118
2023-01-29,Construction & Building Materials,2023-02-05,2023-02-12,359515.5247700659,302600.97726823867,1241.5291457252983,1170.3207370186594,360917.0,359048.0,1293.0,1232.0,1.0043160673018192,0.8453237830163063,1.1379735524521524,1.0727046168823642,-0.03742881492371808,-0.1898125081507419,-0.06722077706589158,-0.12072070847583816
2023-01-29,Education,2023-02-05,2023-02-12,171770.5979298681,131734.5691795937,153.990404218695,113.00927180005468,128279.0,116068.0,137.0,124.0,1.3977248332278331,1.071945262786275,1.3873009389071622,1.0181015477482402,-0.1253597539087118,-0.3292195672916457,-0.04944194926731482,-0.30241190246879834
2023-01-29,Electronic & Electric Devices,2023-02-05,2023-02-12,244416.9069425739,227864.52877313597,798.217841445911,728.712163606687,231123.0,226580.0,820.0,768.0,0.9934919678339549,0.9262108007265158,1.0572421741005442,0.9651816736512411,-0.026650152154745976,-0.09256725655736764,-0.08670727523351152,-0.16623322241797822
2023-01-29,Furniture,2023-02-05,2023-02-12,274697.8116089592,251912.08439003926,1029.6497657078376,891.4715792639972,291229.0,297057.0,1059.0,1012.0,0.910293193653278,0.8347858851736986,1.0587658259206556,0.9166802871609226,-0.12449703082305197,-0.19711854796647355,-0.09679845113347585,-0.21800738661052876
2023-01-29,Gas Stations,2023-02-05,2023-02-12,762404.5007685893,670049.1060697507,12709.276461699126,12528.257755027144,737830.0,674116.0,12957.0,12149.0,1.1044538617537147,0.9706636333039993,1.0480148809845078,1.0330879652863152,-0.009483514742564259,-0.12947171111264755,-0.04899158472769183,-0.06253683365555651
2023-01-29,Health,2023-02-05,2023-02-12,758471.6695882331,676278.2631993631,8047.839405173089,7190.574141440891,749579.0,700312.0,7947.0,7274.0,1.0553126500860674,0.940951435298797,1.1392751139826005,1.0179181966932178,-0.07813964477183788,-0.17803901590087634,-0.04351801697491209,-0.14540359621572485
2023-01-29,Hotels,2023-02-05,2023-02-12,299080.0301419845,256345.551266237,611.7821274978018,618.7875115160758,302787.0,288279.0,612.0,575.0,1.2221115629933497,1.047488400264122,1.0914935370165955,1.1039919920001353,-0.0009652631301687586,-0.1437137737499975,-0.03504396293722123,-0.023994461331110717
2023-01-29,Jewelry,2023-02-05,2023-02-12,196868.10696173675,193607.1281969861,215.5394099717835,193.08516309084422,202909.0,233235.0,223.0,235.0,0.8984652282888367,0.8835827972260634,1.0312890429271937,0.9238524549801159,-0.053586967469957725,-0.06926361946500925,-0.09437222700931303,-0.18871780213931
2023-01-29,Miscellaneous Goods and Services,2023-02-05,2023-02-12,1286896.7946013543,1103056.6927503122,20172.727244681726,18802.334861696894,1161663.0,1058506.0,17701.0,16002.0,1.13663380551259,0.9742595767093377,1.1472206121861763,1.0692865594686587,-0.04305568970108942,-0.17976031139969562,0.008233069006483795,-0.06025915325385378
2023-01-29,Other,2023-02-05,2023-02-12,1691424.4814452277,1519939.8962894522,21140.121093691778,19674.27605244629,1688532.0,1603379.0,21880.0,20861.0,1.0662013464081328,0.958104829190229,1.1457439213967686,1.0662986316430703,-0.09679226445585232,-0.1883637212594892,-0.07373609544355353,-0.13796275457011387
2023-01-29,Public Utilities,2023-02-05,2023-02-12,88232.18991914208,83790.30094902449,1201.179223270658,1091.5360866970454,94819.0,101567.0,1287.0,1345.0,1.0136446291166252,0.9626145356573304,1.1019992874042734,1.0014092538505004,-0.056138319221843425,-0.10365531719058096,-0.012188138757682543,-0.10235519186098241
2023-01-29,Recreation and Culture,2023-02-05,2023-02-12,282823.8632471768,241893.2529812118,2337.119532088138,2204.992030449048,262624.0,255334.0,2355.0,2362.0,1.058858914638301,0.9056195766839015,1.0770136092572065,1.016125359653939,-0.07612848424299301,-0.20983228318384806,-0.06139777827785631,-0.11446103194817359
2023-01-29,Restaurants & Café,2023-02-05,2023-02-12,1647894.6754258063,1511233.5759085536,43939.634592602466,43246.111118638175,1677125.0,1557547.0,47825.0,45419.0,1.0667721479747716,0.9783039607473667,1.0700802345867826,1.0531905683755827,-0.06755578447969268,-0.14488405893302236,-0.1088560530431284,-0.12292146919021285
2023-01-29,Telecommunication,2023-02-05,2023-02-12,97815.10699955805,85513.83625923174,509.08963205520865,421.9591521324242,89379.0,82481.0,490.0,442.0,1.0525789258418583,0.9202061386567352,1.1908529404800203,0.9870389523565478,-0.07235018588484843,-0.1890118332078473,-0.0519746144223302,-0.21422876697872584
2023-01-29,Transportation,2023-02-05,2023-02-12,647895.1467803537,567280.9232083441,2257.662592399985,2070.293719647203,591018.0,589518.0,2246.0,2027.0,1.0893965007231934,0.9538485598190505,1.164343781536867,1.0677120782089753,-0.01590131480403889,-0.13834759614993508,-0.07053824932071429,-0.1476765254643051
2023-02-05,Beverage and Food,2023-02-12,2023-02-19,1576147.9749632392,1482093.6290308575,36126.027286409335,32732.328447351985,1514572.0,1532150.0,35139.0,34350.0,1.0039529963293161,0.9440435564058146,1.0831742410173104,0.9814202580760369,-0.04912935032961274,-0.1058711781539533,-0.016336456831418156,-0.1087423501782937
2023-02-05,Clothing and Footwear,2023-02-12,2023-02-19,662277.4600523514,673718.0679735563,5032.383628921312,4422.269415467597,689682.0,690997.0,5228.0,4979.0,0.9356329052967572,0.9517956314551139,1.0891426531590331,0.9570975901888534,-0.0329683027492621,-0.0162631736108666,-0.03260599213354243,-0.1498905391257983
2023-02-05,Construction & Building Materials,2023-02-12,2023-02-19,358460.776442767,306322.35859377845,1234.4261514180514,1056.9417946388976,359048.0,371889.0,1232.0,1185.0,1.00136960012841,0.8557195595552662,1.1278448162796266,0.9656845999441732,-0.006805508073138733,-0.15126647236406587,-0.04530073362873055,-0.18256628411531506
2023-02-05,Education,2023-02-12,2023-02-19,124810.43534780404,110310.40121116638,123.83603098271432,103.1950995949513,116068.0,73683.0,124.0,86.0,1.0068646239118748,0.8898906595393364,1.115639918763192,0.9296855819364982,-0.027039224286094843,-0.14007435970683924,-0.09608736508967652,-0.24675109784707083
2023-02-05,Electronic & Electric Devices,2023-02-12,2023-02-19,230234.0714640114,225793.75710302818,752.8575173238576,703.9119153465762,226580.0,283836.0,768.0,749.0,0.9358423833378509,0.9177936455992171,0.9893002855766854,0.9249828059744759,-0.0038461275424280794,-0.02305803791475458,-0.08188107643432008,-0.14157083494319977
2023-02-05,Furniture,2023-02-12,2023-02-19,271254.2296188576,251729.32248412352,965.8396882748021,877.2460663095785,297057.0,348555.0,1012.0,1011.0,0.898881856850061,0.8341802490456212,0.9840445117420297,0.8937810150887199,-0.06858784798609474,-0.13563098975677723,-0.08797007717204708,-0.17162788828179554
2023-02-05,Gas Stations,2023-02-12,2023-02-19,694060.4346295347,652376.6482191897,12739.491366838713,11772.203138751862,674116.0,641947.0,12149.0,11818.0,0.9990340651453615,0.9390342142528296,1.0486904319096735,0.9690651250207328,-0.059322019124276926,-0.11581712830978719,-0.016786959416630998,-0.0914406777223229
2023-02-05,Health,2023-02-12,2023-02-19,694701.9330671807,647199.9035356248,7795.837556027067,7000.28799948547,700312.0,693015.0,7274.0,6846.0,0.9656873126071132,0.8996559615222215,1.0933853514764469,0.9818075735603745,-0.07321051808124202,-0.13658213005483766,-0.01902132175323179,-0.11912822455197303
2023-02-05,Hotels,2023-02-12,2023-02-19,284384.63283493085,245943.37016706628,587.3232625252163,562.3893918528059,288279.0,293676.0,575.0,586.0,1.1471285258155413,0.9920671621437872,1.0441302444892733,0.9998033632938772,-0.060776609184242214,-0.1877347106478604,-0.040321466462064914,-0.08106308520783345
2023-02-05,Jewelry,2023-02-12,2023-02-19,202541.60905155336,189261.66664182558,209.57001560014078,181.36646888323332,233235.0,212522.0,235.0,215.0,0.9243579156773278,0.8637510115273443,0.9955820218534004,0.8615984269987331,-0.001810619284736692,-0.06725839345802509,-0.06022414529084852,-0.18669744895411067
2023-02-05,Miscellaneous Goods and Services,2023-02-12,2023-02-19,1191958.638763001,1086751.952450505,19922.336174186476,17322.62247904395,1058506.0,1040330.0,16002.0,15508.0,1.040755131387235,0.9488942269269852,1.1285844030129712,0.9813127023959183,0.02607954179740668,-0.06448604074460063,0.12549212892980477,-0.02137605338433146
2023-02-05,Other,2023-02-12,2023-02-19,1617538.020787759,1493069.6263399236,20381.363649502167,18679.84012901085,1603379.0,1664265.0,20861.0,20246.0,1.0161767903689178,0.9379827127355675,1.099911691824186,1.008086353427461,-0.04204479347281609,-0.11575876184761458,-0.0684934346662629,-0.14625959190992466
2023-02-05,Public Utilities,2023-02-12,2023-02-19,89008.95431020092,83717.60511789765,1182.479356214738,1068.848760483716,101567.0,96328.0,1345.0,1321.0,1.0200488692944714,0.9594096358321748,1.0784125455674765,0.9747822713029786,-0.061275120912465675,-0.11707985616914707,-0.08121262143377006,-0.16950368260783533
2023-02-05,Recreation and Culture,2023-02-12,2023-02-19,255959.3118478839,246861.78465828832,2326.372050747121,1986.0194991291048,255334.0,238919.0,2362.0,2158.0,0.9625678768916296,0.9283554570791511,1.0591268157282592,0.9041745955516071,-0.02537730044518438,-0.06001818318855734,-0.012156241720967631,-0.15667961820420173
2023-02-05,Restaurants & Café,2023-02-12,2023-02-19,1539287.753273786,1468967.6019662935,43549.16555879587,42344.405150079525,1557547.0,1578710.0,45419.0,44356.0,0.996046166278063,0.950543227030379,1.0561598108042214,1.026941810665588,-0.08218662695160706,-0.1241156133464748,-0.0894058429943363,-0.11459686042698325
2023-02-05,Telecommunication,2023-02-12,2023-02-19,92507.2243211357,89776.27868931857,444.30275522483254,433.016435658039,82481.0,77209.0,442.0,427.0,0.9954613126272283,0.9660738702592148,1.0320621491866029,1.0058453789966062,0.03499954487223733,0.0044448773125518315,-0.09325968321462752,-0.11629298845298164
2023-02-05,Transportation,2023-02-12,2023-02-19,559390.1957713075,555887.0023935139,2071.0947282682596,1888.0405398186622,589518.0,561406.0,2027.0,1972.0,0.9405807789122389,0.9346903711416452,1.0645565295647699,0.9704654535176881,-0.05351411332428546,-0.05944150196184561,-0.0778741192038025,-0.15937642928821805
2023-02-12,Beverage and Food,2023-02-19,2023-02-26,1525460.1504821626,1795543.3672053306,33545.68651138755,36099.979034243,1532150.0,2397654.0,34350.0,41494.0,0.9716665650591949,1.143700447026279,0.9923144610015396,1.067872950680895,0.007188928939768191,0.1855120570070823,-0.04534316538923855,0.02734793347115727
2023-02-12,Clothing and Footwear,2023-02-19,2023-02-26,649663.4205833883,824595.9118255618,4412.383282258841,5141.7071279109205,690997.0,1080939.0,4979.0,7116.0,0.9178124129687518,1.1649484018619514,0.9367122985370643,1.0915416893983485,-0.0580246829939185,0.19561756262387853,-0.15600931861919642,-0.016505905143282207
2023-02-12,Construction & Building Materials,2023-02-19,2023-02-26,325611.30218755675,354846.76069783786,1102.6597095330544,1255.1499240619332,371889.0,433654.0,1185.0,1497.0,0.9065621915646335,0.9879591245347636,0.9992385224585904,1.1374263018232291,-0.09312598263308314,-0.01170105195450788,-0.10498400200239089,0.018790522777543117
2023-02-12,Education,2023-02-19,2023-02-26,109348.83021623277,131651.4971527688,96.4552099069849,107.75876757823525,73683.0,232873.0,86.0,156.0,0.882133521159998,1.0620525022508869,0.8650691471478467,0.9664463459931413,-0.05788994196304942,0.13426178751050077,-0.22213540397592824,-0.1309776808206835
2023-02-12,Electronic & Electric Devices,2023-02-19,2023-02-26,227723.73024152726,276635.1794538374,683.9069317476755,814.4350651967377,283836.0,294980.0,749.0,983.0,0.9256384908483414,1.1244509729118901,0.8934120597618229,1.0639256240323158,0.005047798753319954,0.2209161419976935,-0.10949618262021421,0.06046232447491895
2023-02-12,Furniture,2023-02-19,2023-02-26,276383.595342642,303252.6766654387,915.6314372759712,1071.5052795539887,348555.0,438745.0,1011.0,1411.0,0.9158795412464918,1.0049182623946458,0.9183865970671727,1.0747294679578623,-0.0695940666517133,0.020856861361417733,-0.09522585249409965,0.05879968335374364
2023-02-12,Gas Stations,2023-02-19,2023-02-26,657968.8341368269,739843.6170613087,11910.859684331655,12740.965356969813,641947.0,845431.0,11818.0,14108.0,0.9470836346658053,1.0649346071990526,0.9803983607154215,1.048725438881374,-0.023953096890109493,0.09750193892639936,-0.019601639284578476,0.04872543888137404
2023-02-12,Health,2023-02-19,2023-02-26,649693.3049605464,770861.4428175818,6986.547073161201,7715.134815682933,693015.0,936587.0,6846.0,8545.0,0.9031219747959321,1.0715546908302105,0.9729211910821893,1.0743816760455274,-0.07228020516491729,0.10074001704609059,-0.03951786181451733,0.06064542420716701
2023-02-12,Hotels,2023-02-19,2023-02-26,261178.41917304829,256773.34357815314,544.8049898062475,568.1294339981212,293676.0,357803.0,586.0,723.0,1.0501386931811671,1.0324268916347978,0.9625529855234054,1.0037622508800728,-0.09400816856916983,-0.10928876686073863,-0.0525130612065261,-0.011948810438050184
2023-02-12,Jewelry,2023-02-19,2023-02-26,216246.08823822078,225789.81684923195,183.1625958562458,208.4483705335293,212522.0,274601.0,215.0,298.0,0.984399940995119,1.0278451008964777,0.8680691746741507,0.9879069693532194,-0.07284031882770259,-0.031921380370733554,-0.22058469848406048,-0.11298565730413068
2023-02-12,Miscellaneous Goods and Services,2023-02-19,2023-02-26,1146010.964886827,1274406.501539716,18003.667361161493,19427.45403737684,1040330.0,1508705.0,15508.0,19430.0,1.000636056943878,1.112744236936927,1.0198933500162297,1.100549725952519,0.08266836927407772,0.2039671967279506,0.12508857400084317,0.21406411932113723
2023-02-12,Other,2023-02-19,2023-02-26,1483672.0506137013,1797560.13161791,19093.810291382742,24952.29616204382,1664265.0,2423161.0,20246.0,25802.0,0.9280746143095834,1.1244195947207591,1.0276816002251268,1.343001488847591,-0.07465917252645737,0.12110744347899649,-0.0847126076706417,0.19612176607275855
2023-02-12,Public Utilities,2023-02-19,2023-02-26,86879.98183371541,92760.21776508805,1098.375580900018,1251.5142366213777,96328.0,127308.0,1321.0,1627.0,0.9920014367777692,1.059142363483744,0.9913137011733013,1.1295254843153228,-0.14460423332661776,-0.08670909089479806,-0.1833638803717339,-0.06950614377592734
2023-02-12,Recreation and Culture,2023-02-19,2023-02-26,256437.79439766763,294134.67524949665,2279.945605176604,2240.399331428567,238919.0,341186.0,2158.0,2482.0,0.9643672719937258,1.1061312355901993,1.0258472914180445,1.0080536924313013,0.00432294327299787,0.15196047235971966,-0.03473937122074333,-0.05148207814201222
2023-02-12,Restaurants & Café,2023-02-19,2023-02-26,1460424.7365141984,1633029.2993856417,42470.19449405819,43972.49685966267,1578710.0,1985419.0,44356.0,52927.0,0.9411669373437285,1.0524015006509833,1.0276248713129725,1.0639751469243421,-0.062355911883109516,0.04846229319926887,-0.06492449208352913,-0.03184797420324814
2023-02-12,Telecommunication,2023-02-19,2023-02-26,85497.18168351839,104067.30688037892,404.4838065648394,499.53477739283215,77209.0,124508.0,427.0,656.0,0.9200269203748925,1.1198582453311552,0.9330652977274266,1.1523293596143764,0.03656819974925596,0.26171247778735607,-0.08487826569040857,0.1301691796217923
2023-02-12,Transportation,2023-02-19,2023-02-26,558510.8595228515,647427.9628418011,1907.855646715018,2129.627354938628,561406.0,770501.0,1972.0,2790.0,0.9391022281979955,1.0886109591886064,0.9761348921540128,1.0896021258319917,-0.05259744482297146,0.09823273053884884,-0.05877866466945336,0.050630170171992006
2023-02-19,Beverage and Food,2023-02-26,2023-03-05,1853408.9815821608,1770843.0241831816,35956.98022400181,37289.56615766445,2397654.0,2025940.0,41494.0,39636.0,1.180558887896598,1.1279671632348085,1.0624172383696557,1.101791019446718,0.20967854425621568,0.1557895925223911,0.046782539272250734,0.08557688959721821
2023-02-19,Clothing and Footwear,2023-02-26,2023-03-05,760857.4612989428,785597.9988551807,5629.520796310646,5327.402105206162,1080939.0,1127332.0,7116.0,7437.0,1.074901865111901,1.109854075369089,1.1870365411303418,1.1233320200751,0.10110096179714634,0.13690507897310789,0.13065290144821162,0.06997431315648961
2023-02-19,Construction & Building Materials,2023-02-26,2023-03-05,384334.81632319436,366216.4256903458,1255.4565174063075,1317.0356386815863,433654.0,395496.0,1497.0,1474.0,1.0672824566188688,1.0169684084418082,1.130532658627922,1.185984366214846,0.03346648145869957,-0.015253407090971227,0.059456976714183485,0.11142247990007292
2023-02-19,Education,2023-02-26,2023-03-05,154370.86619657336,190704.07759128025,108.51459448554122,119.55538003349743,232873.0,93661.0,156.0,108.0,1.2453330821483901,1.5384385834992902,0.9732250626505939,1.072245560838542,1.0950676030641175,1.5881692872342366,0.261797610296991,0.39017883759880734
2023-02-19,Electronic & Electric Devices,2023-02-26,2023-03-05,281544.00927411916,300190.21404786623,867.9062052497857,833.1596924926278,294980.0,286340.0,983.0,929.0,1.1444041056919378,1.2201961403143926,1.133776884715592,1.0883862736677044,-0.008075052938601335,0.05761853340614387,0.15875327803709705,0.11236274031058446
2023-02-19,Furniture,2023-02-26,2023-03-05,367004.5204822767,351776.01455027715,1142.1291236786924,1085.9698089513702,438745.0,401946.0,1411.0,1402.0,1.2161790262478578,1.165714826266748,1.1364468892325297,1.0805669740809654,0.052931446923087266,0.00924105105443096,0.12970239730830113,0.07415411370066294
2023-02-19,Gas Stations,2023-02-26,2023-03-05,728250.0229584563,725844.7165170491,12965.261142645575,12733.359486616462,845431.0,774597.0,14108.0,13299.0,1.0482467297919502,1.044784519655506,1.0671875168857992,1.0480993897947537,0.13443948325711674,0.130692590692143,0.0970774363382616,0.07745468663195654
2023-02-19,Health,2023-02-26,2023-03-05,765807.5240936127,750386.2975642756,7364.844752171519,7773.970359080959,936587.0,769432.0,8545.0,7652.0,1.064529368230147,1.0430927173510127,1.0256015530109341,1.0825749003037124,0.10503744376905644,0.08278507328741158,0.07578801521640655,0.13554927827650576
2023-02-19,Hotels,2023-02-26,2023-03-05,289839.4816723085,280553.9285858794,592.3475714273866,625.2959908055753,357803.0,388748.0,723.0,845.0,1.164341307485271,1.1270394431602433,1.0465504795536866,1.1047632346388256,-0.013063778884524035,-0.04468213750568861,0.01083203315253689,0.06705800478767121
2023-02-19,Jewelry,2023-02-26,2023-03-05,215681.6928797963,238751.79632233112,238.39770610572359,269.0561253765299,274601.0,253570.0,298.0,273.0,0.9818306887045576,1.0868508934749883,1.1298469483683582,1.2751475136328432,0.014867603729478818,0.12342155787321363,0.10882654002662129,0.2514238389606043
2023-02-19,Miscellaneous Goods and Services,2023-02-26,2023-03-05,1369396.24754108,1234423.8384407032,19193.15734546988,19294.55708280489,1508705.0,1315434.0,19430.0,18273.0,1.1956842504282392,1.0778334938678475,1.0872770058331613,1.0930212198161673,0.31630948597183584,0.1865694908737643,0.2376294393519398,0.24416798315739552
2023-02-19,Other,2023-02-26,2023-03-05,1874806.6161486462,1723846.508817392,20602.49290416028,21712.910541853405,2423161.0,2209986.0,25802.0,24907.0,1.1703475236629015,1.0761107174423439,1.10478016484759,1.1643247736736684,0.12650726666044543,0.035800493802003786,0.01760806599626008,0.07245433872633633
2023-02-19,Public Utilities,2023-02-26,2023-03-05,92448.05923306599,96163.57457130251,1261.6799466317411,1305.0380082017239,127308.0,116939.0,1627.0,1511.0,1.0478550453728603,1.0899686551731067,1.1224910557221897,1.1610658435958396,-0.040278431680653703,-0.0017069328616549084,-0.04490541511601731,-0.012083264041087172
2023-02-19,Recreation and Culture,2023-02-26,2023-03-05,271540.1616835571,291545.59328868706,2156.513603360508,2217.081437050201,341186.0,317148.0,2482.0,2342.0,1.0211616644675405,1.0963946602410828,0.9703098327831308,0.997561951428662,0.1365364901224142,0.2202696030398883,-0.0006887843556496742,0.027377867029750425
2023-02-19,Restaurants & Café,2023-02-26,2023-03-05,1780409.4192735525,1692263.841033622,43239.47854964082,44519.010930362914,1985419.0,1973004.0,52927.0,51549.0,1.1421465295381,1.0856004535675834,1.0415637748624758,1.07238548273746,0.12776217245317545,0.07192824586758939,-0.02517182456396383,0.0036750593011749544
2023-02-19,Telecommunication,2023-02-26,2023-03-05,97956.756581058,97906.82245767198,496.1886192651034,529.0769547885685,124508.0,96664.0,656.0,540.0,1.0541032033171345,1.0535658670347468,1.1446104250636757,1.2204774043565594,0.2687219958950122,0.26807525622235717,0.1620342371548089,0.23905610020742052
2023-02-19,Transportation,2023-02-26,2023-03-05,629820.4378024731,630822.6103622554,2211.7634021575573,2208.9055142631087,770501.0,663102.0,2790.0,2477.0,1.0590049708437936,1.0606900633856546,1.124434876541717,1.1229819594626886,0.12186267657002792,0.1236477885207059,0.12158387533344683,0.12013464212125191
2023-02-26,Beverage and Food,2023-03-05,2023-03-12,1599164.9920916266,1623365.3428422739,33499.79775791234,36775.32736562444,2025940.0,1996224.0,39636.0,38308.0,1.018614058412111,1.0340288640231765,0.9879032072519122,1.0844980054740325,-0.3330292894255691,-0.3229359437006867,-0.1926592336744508,-0.11371939640371032
2023-02-26,Clothing and Footwear,2023-03-05,2023-03-12,695232.2417162957,794381.6961168678,5123.842413094992,5097.77821387096,1127332.0,906769.0,7437.0,5935.0,0.9821897941711261,1.1222632492937912,1.080409575771216,1.074913698233202,-0.3568256472231127,-0.2651003469049893,-0.2799546918078989,-0.28361745167636876
2023-02-26,Construction & Building Materials,2023-03-05,2023-03-12,257172.01505454356,331081.37234868197,1090.6246210137092,1229.713859855698,395496.0,375911.0,1474.0,1395.0,0.7141564290918329,0.9193997665928421,0.9821023151856905,1.1073515172045907,-0.4069649650307767,-0.2365310308479065,-0.2714598390021983,-0.17854785580781696
2023-02-26,Education,2023-03-05,2023-03-12,187341.35410221756,151429.4241932623,160.9157529793427,121.34052196026906,93661.0,223448.0,108.0,145.0,1.5113109854607154,1.2216040254539773,1.4431906096802036,1.0882558023342517,-0.19552136098982031,-0.34973387128064526,0.031511237047068485,-0.2221761412803266
2023-02-26,Electronic & Electric Devices,2023-03-05,2023-03-12,209446.38775225333,241053.75592120585,727.4545577715442,793.4812093173213,286340.0,259111.0,929.0,863.0,0.851345786699564,0.9798216224878092,0.950299879518673,1.0365528534517587,-0.28996410688096375,-0.18281322150245494,-0.2599648445864251,-0.1927963282631523
2023-02-26,Furniture,2023-03-05,2023-03-12,257379.73194867073,288269.802501065,921.5828143357043,995.329434647183,401946.0,371574.0,1402.0,1271.0,0.8529045674040555,0.9552680365944922,0.916997825209656,0.9903775469126199,-0.4133728431123529,-0.34296732156249066,-0.3468583881391182,-0.29459288827272645
2023-02-26,Gas Stations,2023-03-05,2023-03-12,649742.4239098078,714174.93030828,11499.926701456796,12947.930622448026,774597.0,712330.0,13299.0,12750.0,0.9352424985909057,1.0279869709496114,0.9455621362815981,1.0646218239144898,-0.23146605233329764,-0.15525343841392136,-0.18486484962738903,-0.08222776988602032
2023-02-26,Health,2023-03-05,2023-03-12,644265.8415491125,742191.1533363867,7030.775087580202,7492.000469930315,769432.0,703282.0,7652.0,7075.0,0.8955773973209271,1.031700857865439,0.979080223865785,1.0433087968152508,-0.3121131923151693,-0.2075577033031778,-0.17720595815328233,-0.12322990404560386
2023-02-26,Hotels,2023-03-05,2023-03-12,238299.16650700194,251990.2569556214,535.2571480155179,595.8181783128385,388748.0,316787.0,845.0,652.0,0.9529660482443326,1.0077171602697004,0.9382246240412234,1.0443789278051507,-0.33399338041603355,-0.2957290549391106,-0.2596719944460333,-0.1759084670638471
2023-02-26,Jewelry,2023-03-05,2023-03-12,183967.79287374037,218913.26592662968,228.45104823507748,223.35590159040623,253570.0,204724.0,273.0,218.0,0.8364339527684008,0.9953181775579567,1.0827063897397038,1.058558775309982,-0.33005417724720465,-0.20279508841326255,-0.2333857441775924,-0.2504835517100462
2023-02-26,Miscellaneous Goods and Services,2023-03-05,2023-03-12,1077369.7937887094,1143163.4678560244,17190.28805836445,16731.755102981693,1315434.0,1163955.0,18273.0,16889.0,0.9407022230661076,0.9981497734017802,0.9704625318748102,0.9445764588015747,-0.28589764480881985,-0.24228827513925888,-0.11527081531835048,-0.1388700410199849
2023-02-26,Other,2023-03-05,2023-03-12,1578508.4547747555,1681867.3494992857,22546.087601320898,25767.10913929657,2209986.0,1996673.0,24907.0,23338.0,0.9853834764684417,1.049905238578437,1.202842915136625,1.3746857201929457,-0.3485746697083869,-0.3059200979632448,-0.1261883729431479,-0.0013522541160928547
2023-02-26,Public Utilities,2023-03-05,2023-03-12,82942.97402842181,93814.44335458812,1090.647468516812,1355.9404264721165,116939.0,109112.0,1511.0,1460.0,0.9362460524028605,1.0589613319026552,0.962619124904512,1.1967700145384965,-0.3484857665785197,-0.2630907456358743,-0.32965736415684566,-0.16660084420890198
2023-02-26,Recreation and Culture,2023-03-05,2023-03-12,256702.1574115514,267331.27279903594,1958.9926495610791,2210.9160312141726,317148.0,287590.0,2342.0,2620.0,0.9653614430717994,1.0053335970751183,0.8814365127383933,0.9947878655631822,-0.2476181396318976,-0.2164647060575875,-0.21072012507611637,-0.10921997130774674
2023-02-26,Restaurants & Café,2023-03-05,2023-03-12,1531576.495317448,1582170.8637847009,40325.611291866284,43097.18644487617,1973004.0,1653130.0,51549.0,47624.0,0.9825182679401332,1.0149749499445582,0.9677488640820332,1.0342621448511782,-0.22858777148931897,-0.2031048036788704,-0.2380899863610958,-0.18572398879822827
2023-02-26,Telecommunication,2023-03-05,2023-03-12,82491.52530682425,90778.99396835425,441.6258372524103,466.0295474830831,96664.0,86193.0,540.0,488.0,0.8876833421948396,0.9768639926003104,1.01874472261225,1.0750393252204915,-0.33746004026388465,-0.27089830397762193,-0.3267898822371794,-0.28958910444651964
2023-02-26,Transportation,2023-03-05,2023-03-12,508235.64225685474,628694.2839424028,2020.6322740696028,2145.2435636072623,663102.0,632350.0,2477.0,2224.0,0.8545674913121781,1.0571114112446314,1.0272660264715825,1.090616961671206,-0.34038289079851325,-0.18404481766746206,-0.2757590415521137,-0.23109549691495979
2023-03-05,Beverage and Food,2023-03-12,2023-03-19,1625673.6017240207,1429203.841146338,37340.74578382992,35633.77728248524,1996224.0,2198152.0,38308.0,38350.0,1.031631044700626,0.9069539236955912,1.0986449859900531,1.0484223044158305,-0.1975707070673265,-0.29454779453175417,-0.057908321126503126,-0.10097443529909067
2023-03-05,Clothing and Footwear,2023-03-12,2023-03-19,835871.2957065253,755069.0221573759,6429.52179129562,4559.610383960183,906769.0,790704.0,5935.0,5068.0,1.1808777076517758,1.0667242440122344,1.3557241520918544,0.961436032463929,-0.258540256369441,-0.33021592382955867,-0.13546836206862722,-0.3869019249750998
2023-03-05,Construction & Building Materials,2023-03-12,2023-03-19,323080.471712235,314144.4949233484,1365.2811899737542,1235.0591681117953,375911.0,336386.0,1395.0,1328.0,0.8971815846229583,0.8723667334711125,1.229429257067766,1.112164942018726,-0.183100532717815,-0.20569488712060702,-0.07375767301644898,-0.16210368513446727
2023-03-05,Education,2023-03-12,2023-03-19,128172.68523479822,166987.34975162306,97.12148385057392,131.62158510941453,223448.0,144557.0,145.0,120.0,1.0429616433384996,1.3588027776327622,0.8869541904162003,1.2020236083051554,0.36847444758008363,0.7828909551640817,-0.10072700138357482,0.21871838064272708
2023-03-05,Electronic & Electric Devices,2023-03-12,2023-03-19,249856.46717489063,243460.45675864082,806.8887118804538,772.713978833722,259111.0,253754.0,863.0,857.0,1.015602383463367,0.9896042434238178,1.052006143260044,1.0074497768366648,-0.12741332969584895,-0.1497504478639351,-0.13144379776054493,-0.16823037800460494
2023-03-05,Furniture,2023-03-12,2023-03-19,312309.1559302878,288049.8120602648,1065.6985293376022,957.422432761438,371574.0,340780.0,1271.0,1209.0,1.0349296097183365,0.954539032603684,1.0603965466045793,0.9526591370760578,-0.2230071802424013,-0.28336191413706113,-0.23987266095748772,-0.31710240173934523
2023-03-05,Gas Stations,2023-03-12,2023-03-19,726538.7586214831,666350.4382052646,12906.82136572179,12256.983084957503,712330.0,632683.0,12750.0,11677.0,1.045783527336076,0.9591481575331832,1.059760355178733,1.0064030778354136,-0.06204289634289428,-0.13974565069931255,-0.029489332602316787,-0.07835302767444896
2023-03-05,Health,2023-03-12,2023-03-19,710876.9516794125,679731.1007224561,7598.409805530754,6961.713252691953,703282.0,644610.0,7075.0,6619.0,0.9875355219103611,0.9442683515407819,1.0516102422712275,0.963492250043866,-0.07610165462391416,-0.1165806715571277,-0.007003423218667759,-0.09020997743178871
2023-03-05,Hotels,2023-03-12,2023-03-19,288610.87679901184,236708.52024994796,663.976482777757,598.2727492832149,316787.0,265474.0,652.0,449.0,1.154164199459778,0.9466050025891652,1.1638501012756477,1.0486814185507711,-0.25758878039498123,-0.3911003522849045,-0.21422901446419285,-0.29198491209086996
2023-03-05,Jewelry,2023-03-12,2023-03-19,226742.20405208567,211108.6032905646,259.2235969470693,217.24840133490582,204724.0,189269.0,218.0,190.0,1.0298412334542342,0.9588349258332786,1.2256434843833064,1.0271792025291056,-0.10580035472616767,-0.16745433887855576,-0.05046301484589988,-0.20421831012855007
2023-03-05,Miscellaneous Goods and Services,2023-03-12,2023-03-19,1139150.0601117173,1037543.1735700904,17390.181708951517,15824.811038031441,1163955.0,1067072.0,16889.0,15013.0,0.9870505115365003,0.8990101972282095,0.9790942042592977,0.8909614074279447,-0.13401199899674376,-0.21125410049452087,-0.04831271772825929,-0.13397849077702395
2023-03-05,Other,2023-03-12,2023-03-19,1776060.5613724163,1658305.1341920027,26578.630931499116,25088.661008288174,1996673.0,1900174.0,23338.0,22273.0,1.1008457885235883,1.0278580937868813,1.4110549443352685,1.3319526974032796,-0.19634759615109942,-0.24963093241676526,0.06711490470546888,0.00729357242093287
2023-03-05,Public Utilities,2023-03-12,2023-03-19,96700.98662350167,90130.33690299043,1337.1674695426639,1341.0306839181173,109112.0,103964.0,1460.0,1460.0,1.0798727686505265,1.0064974500185981,1.167831851128964,1.1712058374830718,-0.17306470361896653,-0.22925339789984156,-0.11504469255945471,-0.11248796563989583
2023-03-05,Recreation and Culture,2023-03-12,2023-03-19,273510.4512830681,255419.27426470612,2242.0220817179525,2142.3604627068235,287590.0,242327.0,2620.0,2213.0,1.0285711916418834,0.9605369961780963,1.0000098491159466,0.9555577442938552,-0.13759364308440192,-0.19463696991718027,-0.04268911967636535,-0.08524318415592513
2023-03-05,Restaurants & Café,2023-03-12,2023-03-19,1641450.5877169766,1478863.2823372972,42688.01909603221,40274.19213820428,1653130.0,1238943.0,47624.0,37015.0,1.0471202927795495,0.9434019913665298,1.0241847191946307,0.9662714044674731,-0.16804497724435596,-0.25045094569636084,-0.17189433168379198,-0.21872020527644997
2023-03-05,Telecommunication,2023-03-12,2023-03-19,89640.93817884568,84734.19535550135,460.87133089668976,433.79376233113334,86193.0,83679.0,488.0,441.0,0.9646174840883436,0.9118164981383782,1.0582579354688628,0.996082117867126,-0.07265436792553914,-0.12341517674106861,-0.1465345724135375,-0.1966782179053086
2023-03-05,Transportation,2023-03-12,2023-03-19,605871.5974285246,579801.651571811,2211.984936764777,1988.788859634421,632350.0,607837.0,2224.0,2029.0,1.0107655960377009,0.9672735352209032,1.12169621539796,1.0085136205042702,-0.08630708785597896,-0.12562222467763495,-0.10699033638886668,-0.1970977554968022
2023-03-12,Beverage and Food,2023-03-19,2023-03-26,1661435.4646575884,1749147.1780434416,37855.57034024666,37523.205428128305,2198152.0,2113056.0,38350.0,38565.0,1.0475993435194264,1.102904972487038,1.1124175827283767,1.1026507619197268,-0.1677109058614723,-0.12377209268927658,-0.011810317942814508,-0.020486440740098533
2023-03-12,Clothing and Footwear,2023-03-19,2023-03-26,764095.7090157814,811307.8362735303,5321.956623479016,5374.004225887358,790704.0,1421974.0,5068.0,8407.0,1.0794767016451219,1.146175664626462,1.1221837898743314,1.1331585083579037,-0.15734248853260158,-0.10527616595458134,-0.1032929025309155,-0.09452329808132132
2023-03-12,Construction & Building Materials,2023-03-19,2023-03-26,343666.50776636053,338335.5469223773,1293.646013040741,1380.499242722196,336386.0,317139.0,1328.0,1312.0,0.95434818571854,0.939544320067917,1.1612621301981518,1.2392273273987395,-0.08577693186323221,-0.09995837599224999,-0.07265518778441504,-0.010394808084447371
2023-03-12,Education,2023-03-19,2023-03-26,161186.9415092755,158523.92727850768,135.52266815920626,106.88562531772192,144557.0,152592.0,120.0,100.0,1.300319390682243,1.278836452861682,1.2154499386475899,0.9586154737015419,-0.27863779711935,-0.29055562243337296,-0.06536090924685334,-0.26285775642950404
2023-03-12,Electronic & Electric Devices,2023-03-19,2023-03-26,260640.16035083955,282723.37783776264,771.7761893405373,872.6773429507242,253754.0,256361.0,857.0,951.0,1.0594353272965376,1.1491979360768831,1.003610129181453,1.1348209921335815,0.0059015647766382795,0.09112842695895829,-0.10570545846982937,0.0112136071271427
2023-03-12,Furniture,2023-03-19,2023-03-26,359391.05656659463,313111.28594399965,1135.6036576733493,1161.4876389935453,340780.0,348345.0,1209.0,1259.0,1.1909495410110553,1.037587706947543,1.1299538882321885,1.1557090935259158,-0.03278739479459103,-0.1573380108834319,-0.10652741331758508,-0.08616236113804465
2023-03-12,Gas Stations,2023-03-19,2023-03-26,681887.5072339128,772043.0579179418,12692.549511816675,12636.559699375532,632683.0,730328.0,11677.0,12281.0,0.9756037468704891,1.1045929014090525,1.039435714668469,1.0348505199717903,-0.04273650241613747,0.08382780160591552,-0.0045059206418294195,-0.00889727848035049
2023-03-12,Health,2023-03-19,2023-03-26,678731.0287762526,772255.427889364,7043.898336827213,7359.643627236315,644610.0,844255.0,6619.0,7802.0,0.9428790723286641,1.0728012284364494,0.9748665610445246,1.0185653072086798,-0.034909142028016316,0.09807364313229106,-0.004395994794740177,0.04023231480371958
2023-03-12,Hotels,2023-03-19,2023-03-26,261713.6108921644,250434.7890379129,590.9987253996753,564.2645506470121,265474.0,322037.0,449.0,509.0,1.0466011660864647,1.0014967939275212,1.0359311575805001,0.9890702027116777,-0.1738499026406879,-0.2094537053669724,-0.0935602371170624,-0.13456357262728202
2023-03-12,Jewelry,2023-03-19,2023-03-26,194700.81166166236,192033.82488862553,203.98518485444004,197.27378543461936,189269.0,251950.0,190.0,270.0,0.8843123179226349,0.8721991210899912,0.957676924199249,0.9261680067353021,-0.04895951787937736,-0.061986748555980076,-0.0642881428695411,-0.09507437874027813
2023-03-12,Miscellaneous Goods and Services,2023-03-19,2023-03-26,1132522.7116892913,1194043.9920580708,16973.28359852288,18338.195751601343,1067072.0,1317474.0,15013.0,16225.0,0.9760362791134505,1.0290568507608586,0.9556221939882826,1.0324688653323955,-0.02700472811294996,0.025850648915182184,0.004990443396464039,0.08580707866666715
2023-03-12,Other,2023-03-19,2023-03-26,1750205.725905447,1836243.5146347112,25001.057690982358,25282.78933611612,1900174.0,2088552.0,22273.0,23273.0,1.0769754490185581,1.129918131571677,1.3237878688437126,1.3387053550839838,-0.12343897778682489,-0.0803484022497869,0.07125964911227856,0.08333144811535353
2023-03-12,Public Utilities,2023-03-19,2023-03-26,90534.84376204172,100905.93146255889,1347.6470956240044,1444.944264944929,103964.0,117248.0,1460.0,1587.0,0.9996780592955449,1.1141947292804966,1.1647770921555785,1.2488714476619958,-0.17025768236269412,-0.07520775476062314,-0.07695404409314766,-0.01031214729799379
2023-03-12,Recreation and Culture,2023-03-19,2023-03-26,261792.2099421109,278355.4520745777,2123.5086673283295,2112.160749168067,242327.0,295434.0,2213.0,2227.0,0.9845032395637329,1.0467914395857956,0.9406461427810984,0.9356193794764417,-0.08970336262696577,-0.032110114835085746,-0.18950050865330936,-0.19383177512669203
2023-03-12,Restaurants & Café,2023-03-19,2023-03-26,1534592.7521789705,1655538.9914624356,42021.18269238075,39206.19489670093,1238943.0,1236735.0,37015.0,32218.0,0.9786325685935457,1.0557617800039638,1.0046545298406693,0.9373529914456369,-0.0717047345466052,0.001457230503611573,-0.11764692817947353,-0.17675552459472266
2023-03-12,Telecommunication,2023-03-19,2023-03-26,82734.06719433403,92136.62510599488,472.2523495725755,486.4225460557444,83679.0,126353.0,441.0,604.0,0.8902933120375128,0.991473330241312,1.0794339418801726,1.1118229624131302,-0.040130089516155265,0.0689571671248812,-0.03226977546603382,-0.003232487590687616
2023-03-12,Transportation,2023-03-19,2023-03-26,604096.6230232031,654546.6545279161,2057.272886973692,2261.111908782132,607837.0,764369.0,2029.0,2616.0,1.0010342194933541,1.084633772919091,1.0400772937177412,1.1431303886663964,-0.044679966753849776,0.03510184949460915,-0.07496722708017445,0.01668700934448375
2023-03-19,Beverage and Food,2023-03-26,2023-04-02,2274248.3514193594,1846303.7342483304,42898.7622896488,36156.00715214683,2113056.0,1826893.0,38565.0,37857.0,1.4340015791333054,1.1641659402850415,1.2563702530282268,1.0588960946594472,0.034618330042399004,-0.16006548489443384,0.1186117937326936,-0.0572097222386746
2023-03-19,Clothing and Footwear,2023-03-26,2023-04-02,901777.1263587927,867775.6438100715,6006.592758528658,4692.312230295385,1421974.0,1640375.0,8407.0,10123.0,1.2739862120606418,1.2259505958418109,1.2394949976328227,0.9682856438909173,0.14047371248759677,0.09747218151175607,0.18519983396382367,-0.07412939418007392
2023-03-19,Construction & Building Materials,2023-03-26,2023-04-02,345860.1489423821,305865.43572480977,1534.8268172781645,1392.8756094541025,317139.0,307266.0,1312.0,1293.0,0.9629387324506039,0.8515860409993826,1.3673290131654028,1.240869139825481,0.028164516187897393,-0.0907307803392241,0.15574308529982273,0.0488521155527879
2023-03-19,Education,2023-03-26,2023-04-02,169819.07730255174,156599.1577529363,127.55903991456574,103.22260956950923,152592.0,119344.0,100.0,87.0,1.3699561332737848,1.2633090465267793,1.1440272638077644,0.9257633145247465,0.1747551298280383,0.08330387150353347,0.06299199928804788,-0.13981158692075646
2023-03-19,Electronic & Electric Devices,2023-03-26,2023-04-02,288176.0237654898,276561.8303348524,950.1954663818804,832.819421716533,256361.0,227727.0,951.0,922.0,1.171361541698127,1.124152827577057,1.2308231429817102,1.0787816343478407,0.1356511572841801,0.08988165835751305,0.10874616847360596,-0.028215377226915916
2023-03-19,Furniture,2023-03-26,2023-04-02,367615.87360830256,298034.703265065,1437.870515520945,1216.1272906365277,348345.0,349436.0,1259.0,1325.0,1.2182049273144897,0.987626950013222,1.430716930866612,1.2100769061059977,0.07874838197166079,-0.12543370131737486,0.1893056373208808,0.005895194902008072
2023-03-19,Gas Stations,2023-03-26,2023-04-02,777655.453892749,677471.6154493999,13243.250775841398,11853.211113499812,730328.0,697517.0,12281.0,12163.0,1.1126227809476206,0.9692857537630608,1.0845344997003847,0.9706994606092714,0.2291391643093761,0.07079155825176264,0.13413126452354174,0.015090443906809359
2023-03-19,Health,2023-03-26,2023-04-02,795700.442411606,691142.8791990329,7723.146106739163,7008.475650379059,844255.0,823017.0,7802.0,7769.0,1.105370556500499,0.960121357587986,1.0688735875356947,0.9699641063426834,0.23439047239665212,0.07218764710295056,0.16681464069182095,0.0588420683455293
2023-03-19,Hotels,2023-03-26,2023-04-02,273532.4564735588,246219.53314298246,564.1745441319299,594.0785405850999,322037.0,340487.0,509.0,556.0,1.0856487379533437,0.9772439032001304,0.988912434937651,1.0413296066347062,0.03035497439884427,-0.07252863503400542,0.2565134613183293,0.32311478972182606
2023-03-19,Jewelry,2023-03-26,2023-04-02,217843.7123141077,185914.6036684331,210.68816248971936,203.3151812992371,251950.0,337657.0,270.0,355.0,0.9894251417714681,0.8444062081846606,0.9891463027686355,0.9545313676020521,0.1509740755966782,-0.017722904076034163,0.10888506573536505,0.07007990157493227
2023-03-19,Miscellaneous Goods and Services,2023-03-26,2023-04-02,1310461.3004817595,1230770.925887847,18612.19471373374,17287.30844567291,1317474.0,1287394.0,16225.0,16433.0,1.1293881866055686,1.0607090370423955,1.0478954319023586,0.9733022799691979,0.22809079469966353,0.1534094474298333,0.23973854084684887,0.15148927234216392
2023-03-19,Other,2023-03-26,2023-04-02,2081610.3003692697,1834714.787673248,25207.68083366559,23373.832545173656,2088552.0,2057611.0,23273.0,23522.0,1.2790609494899203,1.12735416323999,1.3284330233019204,1.2317900737884986,0.09548404533967392,-0.03444906220522548,0.13175956690457458,0.04942452948294607
2023-03-19,Public Utilities,2023-03-26,2023-04-02,107457.8619313699,100265.96262491288,1684.0163199320323,1475.795846262853,117248.0,106462.0,1587.0,1479.0,1.184193489686533,1.1049382338670304,1.4479933963302083,1.2689560157032271,0.03360645926830341,-0.03557036450201145,0.15343583556988505,0.010819072782776162
2023-03-19,Recreation and Culture,2023-03-26,2023-04-02,267214.8734801122,269882.9713277687,2321.228248952274,1988.4237756036086,295434.0,292656.0,2227.0,2174.0,1.0116314999672986,1.0217324789754345,1.0353382020304522,0.8868973129364891,0.10270367511714418,0.11371399525339188,0.048905670561352865,-0.10148044482439733
2023-03-19,Restaurants & Café,2023-03-26,2023-04-02,1519272.217179561,1534044.7275758623,40777.22031790635,35678.551039156824,1236735.0,1338026.0,32218.0,34653.0,0.9688624360959104,0.9782830851724683,0.9749135193694513,0.8530130668154596,0.22626482185182129,0.2381883004915175,0.10164042463612999,-0.03610560477760838
2023-03-19,Telecommunication,2023-03-26,2023-04-02,104472.6753421469,97580.6203353488,518.9414110631069,492.0801392712395,126353.0,116492.0,604.0,597.0,1.1300818343715524,1.0555304156473309,1.180754063852348,1.1196362668287587,0.24849335367472003,0.1661303353929755,0.17673789356713576,0.11582798020689222
2023-03-19,Transportation,2023-03-26,2023-04-02,714547.9889622806,641436.6171257055,2286.2877582056244,2192.3994454366803,764369.0,712434.0,2616.0,2519.0,1.1788896231886297,1.05826758110522,1.1491770586607812,1.101985144728163,0.1755585608679311,0.05527734758776681,0.1268052036498888,0.08053200859373111
2023-03-26,Beverage and Food,2023-04-02,2023-04-09,1839259.327489227,1755847.9726622787,36089.96249494175,35702.52163218529,1826893.0,1771701.0,37857.0,37248.0,1.1597241692663631,1.1071300827564874,1.0569618537104042,1.0456149255289293,-0.1295737891048666,-0.16904806466923794,-0.06417833540926365,-0.07422477292401675
2023-03-26,Clothing and Footwear,2023-04-02,2023-04-09,1017287.3270934997,854457.3519327809,6934.531975122845,5220.041820743791,1640375.0,1862843.0,10123.0,11973.0,1.4371733220315632,1.2071351704734847,1.4309805974252674,1.0771856831910422,-0.28459498760631363,-0.3991047994317892,-0.17514785593875992,-0.379083880011444
2023-03-26,Construction & Building Materials,2023-04-02,2023-04-09,262838.7431994,276631.78630210826,1357.949308293984,1351.233896447708,307266.0,288662.0,1293.0,1298.0,0.734500340087803,0.7730448663873338,1.2097543949166893,1.203771845387713,-0.17121910834239873,-0.1277270020334672,0.035022338638707184,0.0299038844875823
2023-03-26,Education,2023-04-02,2023-04-09,181260.17297804425,200204.63393683216,138.25446651684626,128.91147554857776,119344.0,72235.0,87.0,64.0,1.4622531792887536,1.6150810057868268,1.262597867733756,1.17727374930208,0.18787467873836272,0.3120257545404226,0.38254466516846275,0.2891147554857776
2023-03-26,Electronic & Electric Devices,2023-04-02,2023-04-09,227092.34882076547,240329.9138291063,860.0614250959752,833.9538479889391,227727.0,224005.0,922.0,910.0,0.9230720874926447,0.9768793902442354,1.114069203492196,1.0802510984312683,-0.11416967159292768,-0.06253324870356136,-0.09562415867931107,-0.12307692114727753
2023-03-26,Furniture,2023-04-02,2023-04-09,291792.59178060584,294237.8408436379,1203.8964307942188,1154.9695416564164,349436.0,354299.0,1325.0,1451.0,0.9669418503939472,0.9750449130496983,1.1979068963126556,1.1492234245337476,-0.16234597373119797,-0.15532635506857317,-0.043767727725004923,-0.08262943474470508
2023-03-26,Gas Stations,2023-04-02,2023-04-09,708720.6372737854,640408.1033881173,12572.390082106213,12262.428898139082,697517.0,697815.0,12163.0,12222.0,1.0139949799249797,0.9162575037136536,1.0295954534523144,1.0042116860321908,-0.029585833661333827,-0.12312261971591221,0.023726901889602914,-0.0015121815699794539
2023-03-26,Health,2023-04-02,2023-04-09,770079.2388465304,647439.819371972,7346.309268322042,7192.1139420907275,823017.0,818571.0,7769.0,7684.0,1.0697781117393712,0.8994099730179322,1.0167198489131606,0.9953794120947654,-0.08785942772440736,-0.23312290792240264,-0.05840691254523944,-0.07817047653284703
2023-03-26,Hotels,2023-04-02,2023-04-09,282362.3538466471,267970.34549516055,618.3070826542543,578.1215577477968,340487.0,385459.0,556.0,560.0,1.1157480295833053,1.058878355771765,1.0837985673168349,1.0133594351407482,-0.1231990304013294,-0.16788957326282217,0.21474868890816157,0.13579873820785227
2023-03-26,Jewelry,2023-04-02,2023-04-09,196746.6244679351,224854.883961759,206.8660049286887,211.9128399098533,337657.0,425613.0,355.0,448.0,0.8910323447706038,1.0183299206854795,0.9712019010736559,0.9948959620180906,-0.21910448712865616,-0.10754163936590988,-0.23382961137522695,-0.21513762996350638
2023-03-26,Miscellaneous Goods and Services,2023-04-02,2023-04-09,1296511.9685013636,1085207.621163966,18135.68948910328,15968.198027910308,1287394.0,1341994.0,16433.0,16935.0,1.1173663048881102,0.9352589556870885,1.0210674486447249,0.8990343173667938,-0.015910774329236377,-0.17629674576958188,0.11776206404334544,-0.01582754835683775
2023-03-26,Other,2023-04-02,2023-04-09,1862470.895020019,1663456.6217260086,23779.986389307982,24063.201374852753,2057611.0,2125241.0,23522.0,24043.0,1.144409110081292,1.0221233079230654,1.253194191947932,1.2681194895972572,-0.1082477740463158,-0.2035359322027852,0.021784316130622594,0.03395356743233591
2023-03-26,Public Utilities,2023-04-02,2023-04-09,95203.96916896812,96729.05174729889,1442.0450690804134,1410.6282101156212,106462.0,98923.0,1479.0,1392.0,1.049154696137664,1.0659612175781064,1.2367453422645056,1.2098012093615962,-0.188011998763577,-0.17500467600898195,-0.09133896088190707,-0.11113534334239372
2023-03-26,Recreation and Culture,2023-04-02,2023-04-09,253589.92359793506,242275.26098400835,2199.490996778692,2204.4916208472146,292656.0,303433.0,2174.0,2072.0,0.9600496837802893,0.9172142346801758,0.9872042175846912,0.9894486628578162,-0.14163595389178274,-0.17993439826151236,-0.012352493588373537,-0.010107040481717733
2023-03-26,Restaurants & Café,2023-04-02,2023-04-09,1572225.4464699135,1628230.6092668045,37885.875875959435,37013.8374821389,1338026.0,1402898.0,34653.0,35368.0,1.0085948871635337,1.0445226359342548,0.9057864242994139,0.8849374794003538,0.2712710859399252,0.3165557773223888,0.17592264808366243,0.14885584090070458
2023-03-26,Telecommunication,2023-04-02,2023-04-09,94327.14753857403,92307.29801840964,520.3359614352975,514.4118474624355,116492.0,111340.0,597.0,587.0,1.0203375722151506,0.9984888424546998,1.18392710224186,1.1704478895618555,-0.25346333257956655,-0.26944909880723344,-0.13851662014023602,-0.14832475585689486
2023-03-26,Transportation,2023-04-02,2023-04-09,634537.9573132247,628773.5330613015,2359.473926038718,2287.3502317706675,712434.0,754287.0,2519.0,2479.0,1.0468858984296407,1.0373755225847403,1.1859632701878453,1.1497110991559023,-0.16985388298946624,-0.17739529852557934,-0.09806042582617802,-0.12563064534760415
2023-04-02,Beverage and Food,2023-04-09,2023-04-16,1823147.279322907,1828480.2603589026,35912.20031618785,35724.00362256782,1771701.0,1676289.0,37248.0,34720.0,1.1458605936077124,1.1492124088367455,1.048347743933555,1.0428539123822926,-0.0020503229675152834,0.0008688305001456342,-0.05137226097715475,-0.056343513152975144
2023-04-02,Clothing and Footwear,2023-04-09,2023-04-16,929996.429235885,853026.8218793662,5694.871777790866,4175.678163596163,1862843.0,1615770.0,11973.0,11379.0,1.313853050249965,1.2051141882255232,1.1751695785783876,0.8616752297969796,-0.43305864254461024,-0.47998060085080174,-0.43743240365594527,-0.5875058615433999
2023-04-02,Construction & Building Materials,2023-04-09,2023-04-16,278230.438394605,311793.7000267839,1367.8940495622276,1418.807352553176,288662.0,182824.0,1298.0,1072.0,0.7775122842851974,0.8713044961304243,1.206787869044753,1.2517047662577645,-0.09449650011844779,0.014735441040609532,0.05792269881069423,0.09729880321204654
2023-04-02,Education,2023-04-09,2023-04-16,167707.87889467366,152049.1188411728,109.78427214182588,111.54788092007816,72235.0,11176.0,64.0,31.0,1.3529247770011468,1.2266031957306442,1.0025960926194144,1.0187021088591612,0.40524767809587137,0.27404074642355547,0.26188818553822846,0.28215955080549615
2023-04-02,Electronic & Electric Devices,2023-04-09,2023-04-16,239701.59964990625,266499.3627990468,837.0025121407668,860.9062671868797,224005.0,159807.0,910.0,805.0,0.9754018862930143,1.084448253786104,1.0717061615118653,1.1023127620830726,0.05258313528877223,0.17025808445659396,-0.09218816470632663,-0.0662621830944905
2023-04-02,Furniture,2023-04-09,2023-04-16,321668.32086458604,343597.92999779934,1196.830173771223,1257.4365673265102,354299.0,277848.0,1451.0,1319.0,1.0659439963567636,1.1386143020156156,1.189101017159685,1.2493160132404473,-0.07946427710772208,-0.016707122340573588,-0.09673194432360532,-0.050991269942256445
2023-04-02,Gas Stations,2023-04-09,2023-04-16,691161.8933444514,698307.6677494528,12284.445191982768,11934.091662973184,697815.0,662575.0,12222.0,11742.0,0.9887067688297747,0.9989287958118589,1.0060146746362106,0.9773230417634251,-0.009111041961054056,0.0011335462066914825,0.009984805720855805,-0.01882005566281475
2023-04-02,Health,2023-04-09,2023-04-16,801406.935387837,760416.9053444592,7255.6598206881845,7341.4987666739335,818571.0,630265.0,7684.0,6997.0,1.1025640313099019,1.0461705428429358,0.9996775724287936,1.0115043767806466,-0.026257130304918386,-0.07606172734650773,-0.0660754510634336,-0.05502654567203846
2023-04-02,Hotels,2023-04-09,2023-04-16,321449.2149294701,276486.1607711372,612.3819475988367,570.991336418198,385459.0,315922.0,560.0,570.0,1.258672468031795,1.082614304815769,1.07341270394187,1.000861238243993,-0.055913397781794605,-0.1879685251679588,0.10140638057344731,0.026962835284528808
2023-04-02,Jewelry,2023-04-09,2023-04-16,322981.92723823513,279754.35114546336,292.7910725941136,250.04807932963664,425613.0,498205.0,448.0,503.0,1.452296047727165,1.2579222062891235,1.368182582215484,1.1684489688300776,-0.04346147943553624,-0.17148363236816255,-0.17523641522784905,-0.2956392131559531
2023-04-02,Miscellaneous Goods and Services,2023-04-09,2023-04-16,1189204.6228841278,1158864.9787089897,15676.416426221162,16389.362326168135,1341994.0,1283015.0,16935.0,18496.0,1.022699878384264,0.9966081950767406,0.8826065606069962,0.9227465206299094,-0.07626987318246958,-0.099836585607056,-0.04604050226853518,-0.0026554904053955886
2023-04-02,Other,2023-04-09,2023-04-16,1903589.0341945146,1879753.7176247814,24084.34210124929,25003.023048938754,2125241.0,1902871.0,24043.0,23074.0,1.169219687052282,1.15457959358681,1.2620836399543724,1.3102249671927242,-0.07485475427837696,-0.08643873034077798,0.023907070030154465,0.06296331302349945
2023-04-02,Public Utilities,2023-04-09,2023-04-16,99587.81559761296,104757.1975716328,1526.7635707099694,1483.0340274836885,98923.0,82339.0,1392.0,1233.0,1.0947144501037465,1.1515386420102207,1.306601258630697,1.2691776016120568,-0.06456937125347106,-0.01601324818589922,0.032294503522629636,0.002727537176260064
2023-04-02,Recreation and Culture,2023-04-09,2023-04-16,272603.5254890497,278304.13636661886,2167.3398917205236,2353.9841197224805,303433.0,317432.0,2072.0,2233.0,1.0251605806750692,1.0465984602731677,0.972773739551402,1.0565458347048835,-0.06851892498684575,-0.04904004576492926,-0.003063527267468391,0.08278938349700105
2023-04-02,Restaurants & Café,2023-04-09,2023-04-16,1500390.2833319076,1573107.285652446,39236.11911928555,40199.943383994796,1402898.0,1790583.0,35368.0,37034.0,0.9625120697010462,1.009160593877415,0.9380684283716196,0.9611118162885921,0.12134613477758105,0.17569261408406578,0.13225749918580054,0.16007108717844898
2023-04-02,Telecommunication,2023-04-09,2023-04-16,95302.75176795013,100438.88129634707,564.1406921842006,539.4766562160704,111340.0,91109.0,587.0,491.0,1.0308906916173606,1.086448249227634,1.283596569247328,1.227478171140092,-0.18189444967937596,-0.13780447329990841,-0.05504071660937926,-0.0963540096883243
2023-04-02,Transportation,2023-04-09,2023-04-16,639017.68288584,695518.4448586098,2256.494757324433,2370.9119362300116,754287.0,505947.0,2479.0,1994.0,1.0510401273809593,1.143971152063715,1.1259953878864437,1.18308978853793,-0.10304999075585952,-0.023743329405096048,-0.1042101003078868,-0.0587884334140486
2023-04-09,Beverage and Food,2023-04-16,2023-04-23,1848538.233301333,1858525.7276378868,35215.81816580697,37285.37618818279,1676289.0,1804883.0,34720.0,36334.0,1.1536074266825926,1.1598402691702603,1.0272093505762907,1.0875762386075545,0.04336918774744314,0.049006422436904895,-0.054558146321762924,0.0010034414782751355
2023-04-09,Clothing and Footwear,2023-04-16,2023-04-23,864703.8918291309,897933.1070423492,7180.033504801337,6514.760595116148,1615770.0,584942.0,11379.0,4138.0,1.2216109762659741,1.2685555713126138,1.4816412515066728,1.3443583564003607,-0.5358149388707847,-0.517977034542176,-0.4003145824103118,-0.45587901151623256
2023-04-09,Construction & Building Materials,2023-04-16,2023-04-23,270516.4576446237,319456.9104152729,1364.2518963369714,1366.8808155380489,182824.0,218759.0,1072.0,1023.0,0.7559556392665684,0.8927192638621336,1.1972372938455211,1.1995443751979367,-0.06286086272310276,0.10668155287247005,0.05104152260167294,0.05306688408170168
2023-04-09,Education,2023-04-16,2023-04-23,187848.63688808883,111123.32992742532,94.94741088433398,103.30778900469205,11176.0,59831.0,31.0,50.0,1.5154033122760968,0.8964486782168799,0.8670996427793057,0.9434501278967311,1.6005210339598372,0.5383585509437989,0.4835532950677184,0.6141842031983133
2023-04-09,Electronic & Electric Devices,2023-04-16,2023-04-23,246571.72424036314,281905.2007112755,864.5023192026121,935.3915061463022,159807.0,176863.0,805.0,833.0,1.0033580304922476,1.1471382123907177,1.0956936872022967,1.185540565457924,0.10074205593787244,0.25847726930771864,-0.049997451425701,0.027902754006925434
2023-04-09,Furniture,2023-04-16,2023-04-23,327427.53139447886,365523.97033209004,1287.384492344462,1384.5789300124925,277848.0,200171.0,1319.0,839.0,1.0850288595213844,1.2112727813939825,1.2759013799251357,1.3722288701808647,-0.07584404304138914,0.03168219591952015,-0.11276051526915098,-0.04577606477429874
2023-04-09,Gas Stations,2023-04-16,2023-04-23,648668.754079886,719893.5096340778,11414.79853516272,12055.203448265473,662575.0,749258.0,11742.0,12687.0,0.9277226138522737,1.0295878817230095,0.9333059592954269,0.9856672620306179,-0.07042876109013707,0.03163948845192177,-0.06604495703135993,-0.013647238728074607
2023-04-09,Health,2023-04-16,2023-04-23,806614.79534432,882152.7658840896,7374.665370625723,8167.54437287659,630265.0,613241.0,6997.0,7001.0,1.1000190179303084,1.203033746458981,1.0116139054356272,1.1203764571847175,-0.014606191345258979,0.07767410021133125,-0.040256979356360856,0.06292873150398104
2023-04-09,Hotels,2023-04-16,2023-04-23,341393.54188175226,316169.38539971155,625.2596944186262,649.1772502936536,315922.0,280707.0,570.0,739.0,1.336766842080181,1.237998670254854,1.0959854415751553,1.137909290611137,-0.11431944284151552,-0.17975871519484166,0.1165351686046896,0.15924508981009566
2023-04-09,Jewelry,2023-04-16,2023-04-23,293775.6469840565,275377.5443366295,265.3407367204934,222.85974202120713,498205.0,193692.0,503.0,199.0,1.3209693021576865,1.2382417886122354,1.2399099846752029,1.0414006636505007,-0.30975875505669115,-0.3529860593153181,-0.40772156982032726,-0.5025452187026627
2023-04-09,Miscellaneous Goods and Services,2023-04-16,2023-04-23,1210833.8026502216,1363518.822088818,15428.914185181258,16532.004328727875,1283015.0,1021440.0,18496.0,16329.0,1.0375566536991887,1.1683915853735143,0.8686718005338095,0.9307774866271359,-0.09773530831715971,0.01603943243324335,-0.08893332239850849,-0.023796614778395342
2023-04-09,Other,2023-04-16,2023-04-23,2033467.7549960092,1901004.5406240192,25082.885898027613,24986.177289629086,1902871.0,1616052.0,23074.0,21235.0,1.2485725798405345,1.1672386433195052,1.293465650682117,1.2884786143579354,-0.04318251200875145,-0.10551107350930122,0.04325108755261886,0.03922876885700988
2023-04-09,Public Utilities,2023-04-16,2023-04-23,98739.92677880147,107557.38474425666,1431.4204841186606,1592.4439562706093,82339.0,90971.0,1233.0,1268.0,1.0820754601761247,1.178704607035103,1.2218698114542557,1.3593204919083306,-0.0018506638617766802,0.08728389499162637,0.028319313303635463,0.14399709502198954
2023-04-09,Recreation and Culture,2023-04-16,2023-04-23,298525.7876925523,310105.7150400806,2192.397875273096,2381.5493267073834,317432.0,270604.0,2233.0,1961.0,1.1176450527140416,1.1609989237842424,0.9840205903380144,1.0689180101918239,-0.016172309232837856,0.021990736143005618,0.05810708266076059,0.14939639319854403
2023-04-09,Restaurants & Café,2023-04-16,2023-04-23,1481654.204067912,1503071.0228094447,37996.731726772836,39146.56730401152,1790583.0,1934591.0,37034.0,48082.0,0.9504927287130308,0.9642317849854745,0.908436797885858,0.9359273977983221,0.0561382253506042,0.0714043521406722,0.07432514495512432,0.1068357640808506
2023-04-09,Telecommunication,2023-04-16,2023-04-23,95849.50361846917,116585.863259446,518.7333729778437,549.1993883036355,91109.0,83262.0,491.0,516.0,1.0368049111217148,1.2611102930267721,1.1749340271298838,1.2439397243570454,-0.13912786403386768,0.047115710970415,-0.1162974906680686,-0.06439627205513543
2023-04-09,Transportation,2023-04-16,2023-04-23,673129.4863325192,836693.581234158,2256.3324667187076,2699.768883593126,505947.0,478322.0,1994.0,2176.0,1.1066658221660817,1.3755751438292774,1.1169962706528256,1.3365192493035276,-0.10759500517373466,0.10925096314023452,-0.08982151403037208,0.08905562065071626
2023-04-16,Beverage and Food,2023-04-23,2023-04-30,1812115.5657998186,1743325.9148964607,35703.91759714587,35870.86827674018,1804883.0,1876734.0,36334.0,41019.0,1.1177725704877013,1.0753408479395532,1.040399726004105,1.0452646106721113,0.08102813166453915,0.039991263377890496,0.028338640470791043,0.03314712778629536
2023-04-16,Clothing and Footwear,2023-04-23,2023-04-30,1832702.2197364424,1165459.6117260545,13209.476788866255,9861.803022660759,584942.0,633334.0,4138.0,4597.0,2.5891512331708797,1.6465038119205844,2.725851586641819,2.035039831337342,0.13425934367913905,-0.2786970845317994,0.16086446865860404,-0.1333330676983251
2023-04-16,Construction & Building Materials,2023-04-23,2023-04-30,245820.28252324671,258604.15848637445,1194.010288491295,1168.788191016717,218759.0,330234.0,1023.0,1279.0,0.6869424153988903,0.7226668338322648,1.0478370236869634,1.025702668729019,0.3445733739730381,0.41449786946120004,0.11381556762247658,0.09028749162007199
2023-04-16,Education,2023-04-23,2023-04-30,37031.90734868244,103495.76152851856,49.48098322205773,69.49898436328421,59831.0,214287.0,50.0,168.0,0.29874198708999666,0.8349159324498612,0.4518811253155957,0.6346939211258832,2.313520700490555,8.260537001478038,0.5961607490986365,1.2419027213962646
2023-04-16,Electronic & Electric Devices,2023-04-23,2023-04-30,188761.43192729348,203358.92822095787,827.3897438523741,822.3900788473843,176863.0,224103.0,833.0,976.0,0.7681144265627119,0.8275150540128053,1.042052574121378,1.0357557668103077,0.1811837524469735,0.2725282886291456,0.027813346400464622,0.02160258241911084
2023-04-16,Furniture,2023-04-23,2023-04-30,270789.6798093957,294796.8802719137,1205.1652618434655,1212.0182901725627,200171.0,261800.0,839.0,1010.0,0.8991122416054337,0.9788241709438007,1.194415522144168,1.201207423362302,-0.025403530673621222,0.061000548040344826,-0.08630381967894962,-0.08110819547190085
2023-04-16,Gas Stations,2023-04-23,2023-04-30,697436.2678958473,678750.9167264653,12201.312285736143,11881.7685900997,749258.0,752670.0,12687.0,13174.0,0.9974696536223575,0.9707459634205757,0.9976135305781565,0.9714867413515147,0.052614825334259985,0.024413714260974828,0.039117040175110196,0.011903303534295695
2023-04-16,Health,2023-04-23,2023-04-30,706420.6166804568,744519.4630687714,7273.112397115261,7362.1993551862415,613241.0,814075.0,7001.0,8106.0,0.9633794439325256,1.0153366555163543,0.9976834563944117,1.0099038896003074,0.12083110545636644,0.18128003787100888,0.03946154024800075,0.05219370518597133
2023-04-16,Hotels,2023-04-23,2023-04-30,291759.19151486503,299842.52214169456,557.2783463412784,593.9336051216764,280707.0,235641.0,739.0,627.0,1.142417665370721,1.1740689036922112,0.9759690829094193,1.0401639319118676,-0.0764834626431049,-0.0508969867825142,-0.022318690629336113,0.041988780915221735
2023-04-16,Jewelry,2023-04-23,2023-04-30,483906.4838191466,300245.31063431187,482.146981926007,320.03024397149204,193692.0,209732.0,199.0,217.0,2.1758972086438777,1.3500603012415437,2.2530232800280703,1.4954684297733274,-0.02870006559720084,-0.39734585033407555,-0.04145729239362428,-0.3637569702356023
2023-04-16,Miscellaneous Goods and Services,2023-04-23,2023-04-30,1352471.3784089258,1254460.5376912188,16849.8096750476,16452.939559654253,1021440.0,1255410.0,16329.0,18413.0,1.1519031532654918,1.068427082511414,0.9452643502312754,0.9230001716447928,0.054135281667732515,-0.022255750952858144,-0.08900250459301473,-0.11045958263114986
2023-04-16,Other,2023-04-23,2023-04-30,1989504.3391585783,1748462.1831556798,24993.91479581038,23330.51519385771,1616052.0,1847140.0,21235.0,24121.0,1.2202987711526652,1.0724511686233194,1.2681472827545983,1.1837493121851799,0.04552769954378322,-0.08114518369575241,0.08320684735244765,0.011117066562265299
2023-04-16,Public Utilities,2023-04-23,2023-04-30,91561.29996421162,81340.80510857448,1399.9703106688517,1297.7547508405562,90971.0,105275.0,1268.0,1420.0,1.0034060083419993,0.8914011989915067,1.189439516286195,1.1025953702978388,0.11200403167650341,-0.01212299021636798,0.13541793241593814,0.05251804609939681
2023-04-16,Recreation and Culture,2023-04-23,2023-04-30,334212.5178350778,282047.9634740228,2412.3850641355198,2345.92422728447,270604.0,271586.0,1961.0,2614.0,1.226400447076593,1.0349814266151325,1.081302135426051,1.0515124281866741,0.052863346591010885,-0.11146965815033516,0.08033366060703973,0.0505706346997179
2023-04-16,Restaurants & Café,2023-04-23,2023-04-30,1789173.131172603,1510314.9799047932,40100.95049452377,39444.33200256906,1934591.0,1763729.0,48082.0,51670.0,1.1409822537815553,0.9631502729768932,0.9587450657961764,0.9430464419104889,-0.0007873797681520189,-0.15652333351495396,0.0828144541373812,0.0650843009820452
2023-04-16,Telecommunication,2023-04-23,2023-04-30,93953.33668741489,95800.9651250611,499.8169903092528,486.51261518798947,83262.0,98418.0,516.0,599.0,1.0251878082537498,1.045348520105419,1.1219236595044957,1.0920597422850493,0.031219052864315255,0.051498371456838665,0.01795721040581011,-0.009139276602872726
2023-04-16,Transportation,2023-04-23,2023-04-30,631411.7412206755,673777.9506087344,2126.3003985081696,2179.2825603698975,478322.0,698754.0,2176.0,2567.0,1.0385300668447555,1.108212936825411,1.0526239596575098,1.078852752658365,0.24798000822354016,0.33171646557590884,0.06634924699506994,0.09292004030586631
2023-04-23,Beverage and Food,2023-04-30,2023-05-07,1883084.4328789704,1791787.4913721224,38362.80483633578,36787.12129932613,1876734.0,1698814.0,41019.0,41364.0,1.1615485053545542,1.1052335445916996,1.110838420047366,1.065212720409038,0.04332770206100367,-0.007255599741300411,0.05583764067638519,0.012470999596139398
2023-04-23,Clothing and Footwear,2023-04-30,2023-05-07,632074.514022235,751953.6399100355,5497.1211198088895,6400.626549108898,633334.0,594526.0,4597.0,4440.0,0.9065041376206999,1.0784315310226449,1.1591188444510045,1.3496313229539056,0.08057638880818097,0.2855182905485254,0.3284487964738738,0.5467923028296031
2023-04-23,Construction & Building Materials,2023-04-30,2023-05-07,295808.4731806547,300394.29850213404,1398.7623169034757,1219.2322826269267,330234.0,329545.0,1279.0,1273.0,0.8266339334426576,0.8394489782005551,1.234020570713256,1.0756350089342097,0.3522116721170543,0.3731745825412167,0.3673140927697709,0.1918204131250505
2023-04-23,Education,2023-04-30,2023-05-07,35153.02947051323,75587.07079142833,52.41186528774129,78.89098733781367,214287.0,155925.0,168.0,144.0,0.2835847956027028,0.6097723110485951,0.47864717157754605,0.7204656377882527,-0.4124612747486548,0.26334292910745805,0.048237305754825766,0.5778197467562733
2023-04-23,Electronic & Electric Devices,2023-04-30,2023-05-07,213225.2447765604,225157.4874070381,900.6369967241178,845.521801988346,224103.0,213432.0,976.0,933.0,0.8706180565571803,0.9193384878560225,1.1343035223225666,1.0648889193807884,0.20559554444151917,0.2730615640752341,0.08119687481886895,0.015032175256117775
2023-04-23,Furniture,2023-04-30,2023-05-07,278194.966917559,281757.11890441977,1125.5933966476307,1168.3630360448342,261800.0,255390.0,1010.0,988.0,0.9270430786836515,0.9389134168900833,1.1183242887706217,1.1608177208592492,0.38978656707294745,0.40758211181649573,0.34158926894830843,0.39256619314044605
2023-04-23,Gas Stations,2023-04-30,2023-05-07,716481.283225223,699825.0050351797,12584.528897959966,12165.473715485807,752670.0,744014.0,13174.0,13407.0,1.0247077335993824,1.0008860128176618,1.0264705463262616,0.9922898626007999,-0.04374556798162588,-0.06597593214195951,-0.008076858362105588,-0.04110713994752058
2023-04-23,Health,2023-04-30,2023-05-07,750812.9826437138,747684.7165185027,7247.06685557787,7430.399876294305,814075.0,768340.0,8106.0,7751.0,1.0329576053679212,1.028653782231734,0.998493642267549,1.0237530829835084,0.224335917924134,0.219234716071663,0.035147386884426535,0.06133407745954922
2023-04-23,Hotels,2023-04-30,2023-05-07,258743.0321327062,271952.927181339,607.953339704976,575.4814632496368,235641.0,241236.0,627.0,640.0,1.0131389834377416,1.0648638918558622,1.0600755705404987,1.0034550361807093,-0.07824517332055769,-0.031185801631811838,-0.17732971623142624,-0.22127000913445627
2023-04-23,Jewelry,2023-04-30,2023-05-07,208955.9408993201,217192.13385882005,261.42300723263685,278.45990063699946,209732.0,196266.0,217.0,204.0,0.9463262837508694,0.9836266153043717,1.2273380621250556,1.3073234771690116,0.07880522117237732,0.12132733338919555,0.3136834534303359,0.39929598310049985
2023-04-23,Miscellaneous Goods and Services,2023-04-30,2023-05-07,1250256.3942020943,1221629.8800443949,16733.272039713782,17440.352746784763,1255410.0,1141892.0,18413.0,18225.0,1.0713376499690184,1.046807751504402,0.9421091709435454,0.9819189115099943,0.22401354382253902,0.1959878994795532,0.024757917797402218,0.06806006165624123
2023-04-23,Other,2023-04-30,2023-05-07,1945807.0639811226,1715868.498586916,24245.74969349559,23974.46552987145,1847140.0,1720290.0,24121.0,23797.0,1.1947479077442338,1.0535629850456985,1.2301867011769034,1.2164222197915393,0.20404978551502206,0.06176564775571314,0.1417824202258342,0.1290070887624888
2023-04-23,Public Utilities,2023-04-30,2023-05-07,100609.24706720404,97599.31364773597,1541.1569158064033,1322.58004671028,105275.0,103269.0,1420.0,1427.0,1.1025610497170322,1.0695756587387024,1.30275309873745,1.1179882051650718,0.10594856676527731,0.07286183121803624,0.21542343517855156,0.04304420087561511
2023-04-23,Recreation and Culture,2023-04-30,2023-05-07,270757.54378922714,271123.0352658675,2280.100840294693,2026.899326551114,271586.0,241569.0,2614.0,2419.0,1.005330213607604,1.0066872935217601,1.023384578229216,0.9097393745741086,0.0005674113805678171,0.0019180620606771281,0.16272352896210762,0.03360495999546864
2023-04-23,Restaurants & Café,2023-04-30,2023-05-07,1863333.3058981767,1617109.4467283725,43201.734382766364,41426.20845909638,1763729.0,1721895.0,51670.0,51439.0,1.1882752976044093,1.031254689103413,1.029286661093963,0.9869845365202544,-0.03683346717824243,-0.16410784153944036,-0.1014988065644864,-0.13842584628142796
2023-04-23,Telecommunication,2023-04-30,2023-05-07,110171.74322388551,100557.97088933215,553.5577964157585,520.9825556342886,98418.0,86199.0,599.0,560.0,1.2103526327954068,1.1047352184228658,1.2425539762418822,1.1694333459804458,0.32319357238458735,0.20772946709581985,0.07278642716232264,0.009656115570326751
2023-04-23,Transportation,2023-04-30,2023-05-07,659832.4669930437,704469.1724251395,2368.273813265095,2263.050127842101,698754.0,677625.0,2567.0,2454.0,1.0886177841053517,1.16226119177017,1.1724127788441066,1.1203218454663868,0.37947338193318236,0.4727927471977862,0.08836112741962099,0.04000465433920097
2023-04-30,Beverage and Food,2023-05-07,2023-05-14,1859940.810240222,1945394.408167964,40703.24918425013,38976.77471948776,1698814.0,1562638.0,41364.0,39375.0,1.1328713448068968,1.1849202766169826,1.1703398368052598,1.1206985456593852,-0.008948092675775121,0.0365850505015437,-0.0076976721945895,-0.04978730053175939
2023-04-30,Clothing and Footwear,2023-05-07,2023-05-14,763956.34465922,878441.2052965348,4572.946229523794,5606.600707637717,594526.0,546585.0,4440.0,4131.0,1.0956454848783965,1.2598365692526738,0.9642480188769201,1.1822036283896082,0.20624559025604183,0.38701096940403446,-0.0052324930337624975,0.2196216462122509
2023-04-30,Construction & Building Materials,2023-05-07,2023-05-14,317128.9706497554,337054.3782630063,1377.475986227961,1303.8359496579542,329545.0,322755.0,1273.0,1213.0,0.8862138585757471,0.9418952185235765,1.208842462683599,1.144217595136423,-0.03968407053860179,0.020653167944567397,0.07699451620638076,0.019418256182919702
2023-04-30,Education,2023-05-07,2023-05-14,145300.34077824012,145762.7442410374,90.73069307932104,83.15404903968094,155925.0,129418.0,144.0,119.0,1.1514683824660237,1.155132812738534,0.8137281890522067,0.7457762245711296,-0.32193581142001093,-0.3197779415408428,-0.45993635071832717,-0.5050354223828515
2023-04-30,Electronic & Electric Devices,2023-05-07,2023-05-14,235329.9090850985,242002.31081693823,955.4044646221172,903.9423801579267,213432.0,201680.0,933.0,848.0,0.9608734102387526,0.9881174330299116,1.1964990164334592,1.1320505700161887,0.05009709412680108,0.07987091121911893,-0.02110198296914223,-0.07382952852671454
2023-04-30,Furniture,2023-05-07,2023-05-14,299348.1683851023,295678.27499559807,1234.9840663086761,1228.9004563556825,255390.0,242273.0,988.0,906.0,0.9975329557284011,0.9853035854276257,1.2245751773016125,1.218542842197008,0.14342310307525707,0.12940517568983223,0.2227565012957189,0.21673312510463627
2023-04-30,Gas Stations,2023-05-07,2023-05-14,729053.2382993009,740742.0072329285,13085.087220805253,12778.520922568016,744014.0,694371.0,13407.0,12802.0,1.0394487450168928,1.0561140248079741,1.0643474231987353,1.0394111698851485,-0.031377312368898846,-0.015847572996228743,-0.006749110307784023,-0.030019665813874608
2023-04-30,Health,2023-05-07,2023-05-14,798885.7185067227,755842.8932478037,8161.8408568171635,7740.8205316104095,768340.0,697517.0,7751.0,7123.0,1.0894785076874083,1.0307789566209657,1.1195940818679238,1.0618409508381905,-0.018658331840773035,-0.0715316239316971,0.0068888301032770105,-0.045050514235083994
2023-04-30,Hotels,2023-05-07,2023-05-14,236423.7311372222,292581.8478074215,601.5327878865619,607.6061883060802,241236.0,232179.0,640.0,588.0,0.9383644216866726,1.1612556619981564,1.04888018811955,1.0594702498798259,0.003321710301781966,0.24164236192946698,-0.040617563179327076,-0.03093111912905877
2023-04-30,Jewelry,2023-05-07,2023-05-14,213806.67373590163,232113.90087432967,249.89023910583836,342.0128449209406,196266.0,196416.0,204.0,186.0,0.9717866760110794,1.0549960496801551,1.1731936108255323,1.6056941076100497,0.01942800209744644,0.10671667115332739,0.15156792214672055,0.5760960595435052
2023-04-30,Miscellaneous Goods and Services,2023-05-07,2023-05-14,1311335.5800153075,1375769.69942793,18256.84625038966,20198.691259259325,1141892.0,1047356.0,18225.0,16917.0,1.1168676940031697,1.171746389784962,1.0241982693551182,1.1331346250741536,0.04454766173226865,0.09587282196886271,-0.008480625080668047,0.09697991958178065
2023-04-30,Other,2023-05-07,2023-05-14,1955552.118579159,1999361.7977898633,26062.18040162396,25773.197404071965,1720290.0,1608151.0,23797.0,22203.0,1.199473557437126,1.2263450231852355,1.3073907247046055,1.2928940983757788,0.058691879651330714,0.08240945341980765,0.08047677963699518,0.06849622337680716
2023-04-30,Public Utilities,2023-05-07,2023-05-14,103951.29512382606,93467.46168325646,1609.4566438747747,1427.3105861381746,103269.0,96053.0,1427.0,1355.0,1.1348952200034506,1.0204372669318522,1.3564742046985039,1.2029587746634425,-0.012573781773203008,-0.11215899612199987,0.1334201717427992,0.005148300097306047
2023-04-30,Recreation and Culture,2023-05-07,2023-05-14,268456.62138750014,296016.0179474721,2299.1475023766834,2448.8954184556496,241569.0,217816.0,2419.0,2058.0,0.9902676972555752,1.091927250401048,1.0305457204736366,1.097667153050493,-0.01152260651322179,0.08995315644941981,-0.12044854537999872,-0.06316166088154185
2023-04-30,Restaurants & Café,2023-05-07,2023-05-14,1772994.1458819732,1966836.2971644597,44142.54827015774,43542.83685244903,1721895.0,1588494.0,51439.0,48328.0,1.1306646747953881,1.2542806909286084,1.0501004667409928,1.0358340216823243,0.005253157305897371,0.11515788262508564,-0.14568321520886895,-0.157289784160073
2023-04-30,Telecommunication,2023-05-07,2023-05-14,99343.49695985214,96520.20316804863,587.5987201383091,565.5935296435524,86199.0,77505.0,560.0,500.0,1.0840034585613196,1.0531966083043114,1.3072274085390636,1.258272590975645,0.009403736713326172,-0.01928302578747154,-0.019033856196479015,-0.05577040126285071
2023-04-30,Transportation,2023-05-07,2023-05-14,717202.7681131151,673968.807859868,2458.0329928699484,2463.0724012106184,677625.0,630808.0,2454.0,2206.0,1.179636978669106,1.1085268540062896,1.212047826858949,1.2145327422143088,0.02640237925380773,-0.03547055493082252,-0.04244916522401698,-0.04048601433166399
2023-05-07,Beverage and Food,2023-05-14,2023-05-21,1867373.1233546862,1911839.0304544815,40127.014334944615,38059.800471916365,1562638.0,1646527.0,39375.0,39597.0,1.1287364536255369,1.1556139371125542,1.1516521061603369,1.0923227182480373,0.09922164719309245,0.12539632382031307,-0.029904885046305618,-0.07988104458184975
2023-05-07,Clothing and Footwear,2023-05-14,2023-05-21,640529.1511592583,823513.2894516751,4445.661430335924,5572.593523911799,546585.0,631881.0,4131.0,4463.0,0.9186295490662937,1.1810604409962269,0.937408841399246,1.17503289908525,0.07737786263217816,0.3851594201963835,0.00127509692250527,0.2550886315116665
2023-05-07,Construction & Building Materials,2023-05-14,2023-05-21,325305.21783364436,324659.9501267786,1302.3405585044693,1228.1297362014775,322755.0,326059.0,1213.0,1225.0,0.9090623026982044,0.9072591082970617,1.1389073533051766,1.0740093888950393,-0.01286556362971869,-0.014823620061664933,0.023048357034147093,-0.035247654201510215
2023-05-07,Education,2023-05-14,2023-05-21,134204.3551740289,187483.70395464345,97.59010845637644,82.67154887266497,129418.0,130551.0,119.0,112.0,1.063535508206304,1.485760846637478,0.8752476094742282,0.7414488688131388,-0.1393018747857695,0.20239669042580388,-0.3222909134973858,-0.4258920217176043
2023-05-07,Electronic & Electric Devices,2023-05-14,2023-05-21,237695.86694060545,233017.9566017598,854.658117755406,878.3288531553471,201680.0,285260.0,848.0,979.0,0.9705338312279098,0.9514334980932365,1.067655362592637,1.0972253006312893,0.11368429729658835,0.09176672945837461,-0.08396771944758197,-0.05859715631795592
2023-05-07,Furniture,2023-05-14,2023-05-21,269665.72282255435,282620.65261705895,1153.8855078388376,1002.0403423477795,242273.0,256459.0,906.0,951.0,0.898620649650201,0.9417910137078194,1.1441601465927989,0.9935947866611596,0.05589773609990356,0.10662380131195026,0.16790031157777086,0.014210872821639242
2023-05-07,Gas Stations,2023-05-14,2023-05-21,697752.7790262063,725032.749227602,12512.06807548745,12468.273171070065,694371.0,722604.0,12802.0,13310.0,0.9904873547828621,1.02921233924089,1.0149308951563474,1.0113784207551966,-0.06217789043458011,-0.025511953770221973,-0.06675109454110162,-0.07001766457297942
2023-05-07,Health,2023-05-14,2023-05-21,700507.4605918177,685592.6892801882,7484.365941772285,7093.37689013999,697517.0,704234.0,7123.0,7021.0,0.9546188966083354,0.9342937418688775,1.0242734284620616,0.9707645942438744,-0.08828453472184483,-0.10769621615406177,-0.03439995590603995,-0.08484364725325899
2023-05-07,Hotels,2023-05-14,2023-05-21,264936.2664397511,276277.4151680524,588.2456329387754,599.9193256099463,232179.0,262771.0,588.0,673.0,1.0515305094194198,1.0965434631381743,1.0159682779598884,1.0361300960448123,0.09824514765520509,0.14525781876690225,-0.08086619853316335,-0.06262605373445884
2023-05-07,Jewelry,2023-05-14,2023-05-21,194011.42856037605,201273.4284401197,254.9955172727876,285.54145055882515,196416.0,218734.0,186.0,205.0,0.8831828607083075,0.9162410876171386,1.1971620529238853,1.3405701904170195,-0.011487325566445272,0.025513478850741844,0.2499780258469979,0.3997129929354173
2023-05-07,Miscellaneous Goods and Services,2023-05-14,2023-05-21,1237461.377464963,1143547.2668074572,18061.351348047163,17116.94729377667,1047356.0,1103091.0,16917.0,17142.0,1.0539488565170676,0.9739619806914437,1.009549836396253,0.9567618173766339,0.08369388476752881,0.0014495826290552571,-0.008979349901390266,-0.06079850239908535
2023-05-07,Other,2023-05-14,2023-05-21,1968414.1632605572,1776726.9647080074,25558.143093801355,24950.34785954681,1608151.0,1693213.0,22203.0,22887.0,1.2022468755399167,1.0851702257971272,1.2684256727859924,1.2382613890938639,0.14423391594472856,0.0328066574286936,0.07400693758882859,0.04846610327128675
2023-05-07,Public Utilities,2023-05-14,2023-05-21,97347.4802100097,93541.46512952691,1337.7126380848217,1355.5579403132572,96053.0,98531.0,1355.0,1387.0,1.054565625903984,1.0133350499621052,1.1227130827400937,1.1376902562427673,-0.05734072945405011,-0.09419607888594916,-0.06256998031897565,-0.05006451274473922
2023-05-07,Recreation and Culture,2023-05-14,2023-05-21,274566.6244452653,256699.66550718117,2252.229942254225,2156.169779025103,217816.0,227934.0,2058.0,1984.0,1.0128059331424972,0.9468992991651678,1.0036675321988526,0.960859972827586,0.13659709832497247,0.0626349635391179,-0.0689417353227676,-0.10865242702558797
2023-05-07,Restaurants & Café,2023-05-14,2023-05-21,1838094.2394565959,1891981.7647831906,43752.47155029633,44074.91832839783,1588494.0,1659220.0,48328.0,48679.0,1.165268314604156,1.1994305596444723,1.035782096785027,1.0434155992613297,0.06748334797220257,0.09877882494762491,-0.14942997433277605,-0.14316144698773636
2023-05-07,Telecommunication,2023-05-14,2023-05-21,86859.99886907381,88772.20870655177,521.7477957816812,529.0836400778264,77505.0,87530.0,500.0,556.0,0.9477876465609014,0.9686530493376809,1.1543092827028347,1.1705390267208549,0.00766828929655583,0.029851955435118427,-0.06830750753271209,-0.05520778557530992
2023-05-07,Transportation,2023-05-14,2023-05-21,644217.0652059605,632006.2973197739,2276.9747005503887,2362.567393225317,630808.0,650400.0,2206.0,2274.0,1.0571324854606463,1.037095140748611,1.1211101430577985,1.1632532709134993,-0.049301508642744074,-0.06732145756166918,-0.0721374488384724,-0.03725860096767841
2023-05-14,Beverage and Food,2023-05-21,2023-05-28,1721708.3558422988,1822383.9948975486,38551.88614200402,39385.036266819756,1646527.0,2227716.0,39597.0,44247.0,1.0406891688896673,1.101542708213165,1.1049868480611087,1.1288668711290022,0.1017960371130735,0.1662227559406264,-0.02090447893323122,0.0002548893160572163
2023-05-14,Clothing and Footwear,2023-05-21,2023-05-28,735295.4136687033,792249.0735184784,3814.3909965261755,5149.297333402941,631881.0,913035.0,4463.0,6385.0,1.0545407544161098,1.136222149822992,0.8042996302638219,1.0857769812130609,0.34525355373583855,0.4494526441788165,-0.07664221822169559,0.24650141210431875
2023-05-14,Construction & Building Materials,2023-05-21,2023-05-28,328855.260444395,311012.104803037,1258.291751247959,1290.8631529296288,326059.0,367216.0,1225.0,1428.0,0.9189828626323401,0.8691203357944512,1.0913198189487936,1.119569083200025,0.018900591607860395,-0.03638330993156724,0.037338624276965326,0.06419056300876247
2023-05-14,Education,2023-05-21,2023-05-28,147961.2025447547,170235.90851946795,105.42655943319524,101.65898541678459,130551.0,196008.0,112.0,123.0,1.1564844794631464,1.3305865501500147,0.9413085663678146,0.9076695126498624,0.14328147973817162,0.3153959149381689,-0.11406252577146858,-0.14572281162365897
2023-05-14,Electronic & Electric Devices,2023-05-21,2023-05-28,233961.08321151193,234756.89290879134,887.4294447047457,920.2633705896908,285260.0,380901.0,979.0,1295.0,0.9552843697708853,0.9585337331038283,1.1044548160606666,1.1453184450400633,0.1600609044600949,0.16400680736211504,0.046496986680124586,0.08521623890293717
2023-05-14,Furniture,2023-05-21,2023-05-28,250130.01610714794,263630.5420138815,897.4225734776378,987.6186606753953,256459.0,330831.0,951.0,1248.0,0.8335208317118048,0.878509313132231,0.8898587738994921,0.9792946560985576,0.03243042397274132,0.08815485841955772,-0.009467358192452813,0.09008682193752238
2023-05-14,Gas Stations,2023-05-21,2023-05-28,708981.6434356141,745052.2438107366,12614.81020022767,13489.708586059307,722604.0,847581.0,13310.0,14394.0,1.006427166906021,1.0576307946448407,1.019749420009512,1.0904739974988324,0.02104155190181345,0.07298871037346966,-0.014621918432458192,0.0537188397171775
2023-05-14,Health,2023-05-21,2023-05-28,695234.228038598,779723.6052682729,6854.807804391774,7416.853749397254,704234.0,910428.0,7021.0,8251.0,0.9474327812209834,1.062570964043443,0.9381152051993669,1.0150340426162932,-0.0032727115774985327,0.11785605980681901,-0.03765157877414371,0.04125421162393006
2023-05-14,Hotels,2023-05-21,2023-05-28,242330.9177021753,248511.56493001356,560.0769493909829,555.6375068747877,262771.0,252288.0,673.0,727.0,0.9618100110027478,0.9863409641084391,0.9582154822771307,0.9506201999568652,0.043724530220973,0.07034471218333072,-0.04748818130785215,-0.05503825361430659
2023-05-14,Jewelry,2023-05-21,2023-05-28,199462.82168296073,196901.13871631405,180.7204325758093,253.49559678693524,218734.0,268415.0,205.0,279.0,0.9079988058749174,0.8963374593887917,0.8484527350976963,1.1901201727086161,0.015512084977602258,0.0024699551783664564,-0.028384771097799466,0.36287955261793137
2023-05-14,Miscellaneous Goods and Services,2023-05-21,2023-05-28,1071141.709473349,1237061.4714559573,16402.46626407886,18603.30375805536,1103091.0,1460224.0,17142.0,20391.0,0.912293991898052,1.0536082555992683,0.9168254807902998,1.0398425845032482,0.022710243196533808,0.18112797506860834,-0.03041518803104215,0.0996810166137827
2023-05-14,Other,2023-05-21,2023-05-28,1735346.246994681,1866609.5041094704,24698.938807666684,25093.9634906511,1693213.0,2271377.0,22887.0,27244.0,1.0598961551736774,1.1400677184985646,1.222235689215493,1.2417836248342784,0.0790940943945444,0.16071780828384297,0.11241448487441708,0.13020598525654625
2023-05-14,Public Utilities,2023-05-21,2023-05-28,96461.42174523517,101658.80090253282,1367.04286098432,1450.129694644854,98531.0,122029.0,1387.0,1573.0,1.036801523527988,1.0926647954054314,1.1358893734809472,1.2049270416658528,0.004252045695971818,0.05836153896841134,0.008887720283631051,0.07020641671206929
2023-05-14,Recreation and Culture,2023-05-21,2023-05-28,234839.33504301994,240687.99529973525,2110.4119583554593,2115.6062937182105,227934.0,311125.0,1984.0,2550.0,0.8662621407367157,0.887836349987035,0.9404687871459266,0.9427835533503612,0.07815465825751988,0.10500603858180879,0.025467423885062734,0.027991396364533738
2023-05-14,Restaurants & Café,2023-05-21,2023-05-28,1465713.3336195494,1791451.245844781,41753.058844493295,45883.53740158153,1659220.0,2017234.0,48679.0,54756.0,0.9276361370509005,1.1337925877406445,0.9803603903425326,1.0773438852670618,-0.0772937552048989,0.1277670836935998,-0.13604827751007087,-0.05058066955840235
2023-05-14,Telecommunication,2023-05-21,2023-05-28,84416.2834219162,94776.47338838156,512.6863830103961,532.0779288195749,87530.0,130136.0,556.0,747.0,0.9211226299516199,1.034169604325185,1.1280228449073622,1.1706885122542903,0.08917209756681777,0.22284334415046203,0.02537276602079208,0.06415585763914988
2023-05-14,Transportation,2023-05-21,2023-05-28,627625.7122111445,664480.0877463212,2258.7401168601423,2427.4984713051413,650400.0,808670.0,2274.0,2952.0,1.0261844738095693,1.0864423428393557,1.1007505442788217,1.1829914577510434,-0.005044780327540965,0.053379297260531366,0.023907577905776245,0.10040728526978304
2023-05-21,Beverage and Food,2023-05-28,2023-06-04,1830153.6544489753,1728626.1927417184,38987.681031395856,40161.526333968475,2227716.0,1708704.0,44247.0,41672.0,1.109948215528373,1.048374027658872,1.1128368046181865,1.1463422150728133,0.11152362181062037,0.04986203854641813,-0.015388008399730868,0.014256795564524527
2023-05-21,Clothing and Footwear,2023-05-28,2023-06-04,795304.4924419719,765642.1895441993,4947.9116169402805,5088.495233638031,913035.0,785465.0,6385.0,5561.0,1.1406041488355547,1.098063277922915,1.0433129397870913,1.0729562959700645,0.2586301731528118,0.21168731065532786,0.1086514938248444,0.14015129590814057
2023-05-21,Construction & Building Materials,2023-05-28,2023-06-04,334914.465455426,344643.3129867818,1374.6147527204557,1381.4198431044733,367216.0,348234.0,1428.0,1334.0,0.9403470217933376,0.9676629300182974,1.1814480040571171,1.187296814013299,0.027159089169217943,0.05699677968337569,0.12213449201669846,0.1276896678403865
2023-05-21,Education,2023-05-28,2023-06-04,118827.22224686101,191416.70701409882,111.68667342845748,128.4701150772136,196008.0,202204.0,123.0,111.0,0.9222243351444604,1.4855951525558995,0.9972024413255133,1.1470545989036929,-0.08980228227389286,0.46622168358801397,-0.002797558674486722,0.14705459890369288
2023-05-21,Electronic & Electric Devices,2023-05-28,2023-06-04,282813.67214776407,261639.73998110124,1037.6455092571503,1001.2612688116521,380901.0,328054.0,1295.0,1102.0,1.1547539310887116,1.068298841345792,1.291406981029434,1.2461247900580612,-0.008575782977760404,-0.08280256614631831,0.05990348238728327,0.02273878326011447
2023-05-21,Furniture,2023-05-28,2023-06-04,272960.1991574305,283163.2868243684,1111.2802354335458,1127.5604481684372,330831.0,286737.0,1248.0,1094.0,0.9095989988201164,0.9435992609659097,1.101913966716456,1.1180569639746527,0.06434244521514354,0.10412692408676794,0.16853862821613652,0.18565767420445556
2023-05-21,Gas Stations,2023-05-28,2023-06-04,747775.5789727179,721785.5759463613,12953.669068268162,13801.058376792778,847581.0,739487.0,14394.0,13401.0,1.0614966754006903,1.024602849790563,1.0438510067503253,1.1121365386834907,0.03483454142617237,-0.001132603824001377,-0.026771670302917938,0.03689394265911172
2023-05-21,Health,2023-05-28,2023-06-04,815106.2050721189,748508.6169088304,7722.559776013053,7576.613096903571,910428.0,764442.0,8251.0,7279.0,1.1115991578478137,1.0207768546235891,1.0593360460923256,1.0393159255011757,0.15743659788098685,0.06286918397695995,0.09992305597679141,0.07913589188200709
2023-05-21,Hotels,2023-05-28,2023-06-04,253280.02376965393,267586.2519629886,597.7659628320613,604.0915257631125,252288.0,195574.0,727.0,578.0,0.9917479272464546,1.0477656579236987,1.0226962580531416,1.0335184358650342,-0.03611881155205887,0.018324898725462724,-0.11178905968490149,-0.10239000629552375
2023-05-21,Jewelry,2023-05-28,2023-06-04,228318.23699190546,218287.68516963226,241.16596063825165,247.9528521632634,268415.0,249387.0,279.0,266.0,1.0418473265353494,0.9960765473922005,1.1322345569870969,1.16409789748011,0.043816859710449574,-0.002040445611417252,0.17641932018659334,0.20952610811348005
2023-05-21,Miscellaneous Goods and Services,2023-05-28,2023-06-04,1288336.4421881263,1192100.1308304146,18404.663776658646,19524.67526417094,1460224.0,1231554.0,20391.0,18531.0,1.0972792725338116,1.015314572739573,1.028739486132788,1.0913431857226428,0.16793305555763416,0.08069065093488614,0.07365906992525062,0.1389963402269827
2023-05-21,Other,2023-05-28,2023-06-04,1884980.6935449215,1792674.6760921464,25379.08757507228,26358.0147568733,2271377.0,1938679.0,27244.0,25194.0,1.144185335366537,1.088155482171101,1.252638758918698,1.300955788695901,0.11325668627923458,0.058741384629191096,0.10888659829039549,0.15165879131704907
2023-05-21,Public Utilities,2023-05-28,2023-06-04,104318.69848073821,104206.4092347666,1534.6369761728051,1507.3658057668472,122029.0,105603.0,1573.0,1431.0,1.1174110112282163,1.116208223600317,1.2641161253482744,1.2416522288030043,0.058739873549829014,0.057600239871376635,0.10644338584917468,0.08678140286001956
2023-05-21,Recreation and Culture,2023-05-28,2023-06-04,262513.74168976676,255334.12737579606,2306.0973960766005,2328.850633636638,311125.0,272870.0,2550.0,2497.0,0.9683459366265211,0.9418621788516796,1.027672636397772,1.03781222532827,0.15170944962035837,0.1202107951240099,0.16234747786118975,0.17381584356685398
2023-05-21,Restaurants & Café,2023-05-28,2023-06-04,1515942.9029037857,1739825.8892318073,41560.409180527575,44693.796240185526,2017234.0,1728386.0,54756.0,50719.0,0.9594259574392398,1.1011193867238593,0.9619463060682932,1.0344708592897853,-0.08635207934825662,0.04858059162245354,-0.1462353544541265,-0.08186700137255232
2023-05-21,Telecommunication,2023-05-28,2023-06-04,103048.45674550328,93510.22271304743,581.1875975858435,572.1314430646469,130136.0,103947.0,747.0,612.0,1.1320958285461966,1.0273082819795487,1.2703554045592207,1.2505605312888457,0.17729300520396762,0.06832197775673987,0.04530143450691271,0.029013386806918895
2023-05-21,Transportation,2023-05-28,2023-06-04,763762.1645077638,687466.9629602132,2528.0884709814873,2501.993520929027,808670.0,697520.0,2952.0,2536.0,1.2487711380399695,1.1240264857241173,1.2201199184273588,1.2075258305642023,0.17429607089139587,0.05699102546158241,0.11173635487312539,0.10026100304706542
2023-05-28,Beverage and Food,2023-06-04,2023-06-11,1815923.1059017438,1561677.3647124642,40374.45847393523,39255.61812273454,1708704.0,1714566.0,41672.0,42211.0,1.1013176986711724,0.9471232101085743,1.1481922582773396,1.1163740276916274,-0.18484981662754874,-0.29897825184517945,-0.08752099636279909,-0.11280723839504292
2023-05-28,Clothing and Footwear,2023-06-04,2023-06-11,1084919.890591093,840644.7798625401,5958.793435516351,5487.682849782216,785465.0,824541.0,5561.0,5828.0,1.5327212693721215,1.187621450446415,1.2296313321329655,1.1324149504296772,0.18825662826845968,-0.0792852630375176,-0.06675122388154253,-0.14053518405916743
2023-05-28,Construction & Building Materials,2023-06-04,2023-06-11,345611.53387193,315910.2737088686,1379.5785496027552,1313.839484148254,348234.0,355438.0,1334.0,1378.0,0.9703814259917368,0.8869885169996914,1.175610182874099,1.1195905276082267,-0.058833128534895085,-0.1397153890111853,-0.033908578709555215,-0.07994433883175489
2023-05-28,Education,2023-06-04,2023-06-11,149483.07940430453,266342.1341698764,105.87801260079615,128.42536098877503,202204.0,204323.0,111.0,117.0,1.160146058388763,2.067095341970426,0.9411378897848547,1.141558764344667,-0.23736235559617702,0.3588329770717338,-0.13920314958702318,0.04410862592500031
2023-05-28,Electronic & Electric Devices,2023-06-04,2023-06-11,322486.28897567827,248614.84847789287,1091.1841232420143,877.5587257803174,328054.0,259225.0,1102.0,1049.0,1.316740831830463,1.015117025378014,1.3580387345886924,1.0921701627633074,-0.15335930077453652,-0.3472979895618734,-0.15738677741929397,-0.3223484743009132
2023-05-28,Furniture,2023-06-04,2023-06-11,299103.64866728766,262299.91375079076,1164.2096157643873,1028.5583152830825,286737.0,290785.0,1094.0,1070.0,0.9967181303758313,0.8740751936538413,1.1521124351948415,1.0178706732143321,-0.09590199023886015,-0.2071483211948374,-0.06713973095802295,-0.17583468326676077
2023-05-28,Gas Stations,2023-06-04,2023-06-11,782739.821097685,717468.7641959626,12736.5012122782,13536.848964259636,739487.0,740819.0,13401.0,13557.0,1.1057271422605652,1.0135228397899727,1.0218630626025513,1.0860758154893804,-0.07650145402305497,-0.15351009024982554,-0.11515206250672505,-0.05954918964432154
2023-05-28,Health,2023-06-04,2023-06-11,830025.9732592345,715397.3165310929,7792.545130736567,7514.157139888117,764442.0,768123.0,7279.0,7295.0,1.1319459563985803,0.9756213971063905,1.0689362319254552,1.030748578859824,-0.0883123396257206,-0.21421867898275004,-0.05556355220742126,-0.08930346141217826
2023-05-28,Hotels,2023-06-04,2023-06-11,230449.85972487158,258950.64035465725,637.7373467076084,603.3895718181391,195574.0,183853.0,578.0,563.0,0.9023537163129424,1.0139518980163762,1.0864350029090433,1.0279209059934227,-0.08656036067957418,0.026408867463602048,-0.12278219159888804,-0.17002809928729146
2023-05-28,Jewelry,2023-06-04,2023-06-11,243387.9242113603,221154.7495192744,237.93374523873962,235.36593340945487,249387.0,250072.0,266.0,266.0,1.1106123693464918,1.009159353947795,1.1118399310221478,1.0998408103245554,-0.09324022796281761,-0.17607157007144014,-0.14719087728050317,-0.15639450390876386
2023-05-28,Miscellaneous Goods and Services,2023-06-04,2023-06-11,1318879.037966801,1132172.6712963784,18394.874675736126,18749.60225368629,1231554.0,1232102.0,18531.0,18895.0,1.1232924754363067,0.9642742101067936,1.0226760813774463,1.0423974122247341,-0.09679676682015836,-0.22465822278199898,-0.0978924684549004,-0.08049618686252313
2023-05-28,Other,2023-06-04,2023-06-11,1881572.229158853,1699958.5652362658,25887.44844872976,25518.022192865024,1938679.0,1910856.0,25194.0,25372.0,1.1347904588133937,1.0252578829092376,1.2734559091290434,1.2552830849725767,-0.1716160597034957,-0.25157357618912857,-0.04979267182756719,-0.06335258431709645
2023-05-28,Public Utilities,2023-06-04,2023-06-11,107524.6875472955,99191.98179463051,1421.7541284077543,1467.1762266505839,105603.0,108476.0,1431.0,1464.0,1.1485655578588763,1.0595566144283382,1.1677651978708454,1.2050728760990421,-0.1188595534889616,-0.1871441887204639,-0.09615122160981926,-0.06727512609625941
2023-05-28,Recreation and Culture,2023-06-04,2023-06-11,294664.7093384876,262328.8346288303,2429.1571243421963,2240.5905069178384,272870.0,273886.0,2497.0,2679.0,1.0742894670510106,0.9563992395906139,1.0813074223646544,0.9973694666894451,-0.05290571526400134,-0.15683781557627863,-0.04738936300306029,-0.1213370561106516
2023-05-28,Restaurants & Café,2023-06-04,2023-06-11,1631581.1655742198,1647775.676716221,41398.159626555374,44254.17798738088,1728386.0,1706795.0,50719.0,50724.0,1.0326123226161037,1.0428616758918194,0.9472396033899728,1.0125887330079828,-0.19117902753264138,-0.1831509499065448,-0.2439520851312117,-0.19179308226713276
2023-05-28,Telecommunication,2023-06-04,2023-06-11,108998.77812421098,88496.42227041532,628.0178705440335,559.9226587469484,103947.0,95993.0,612.0,621.0,1.19746637580224,0.9722264035552551,1.3727166569268492,1.223874663927756,-0.16242409383866896,-0.31996970653458445,-0.1592799591110663,-0.2504382078354105
2023-05-28,Transportation,2023-06-04,2023-06-11,780110.642537273,678826.864305208,2545.162746852447,2462.5154395347927,697520.0,731945.0,2536.0,2604.0,1.2755013277022045,1.1098996981826814,1.2271758663705146,1.187326634298357,-0.03531645475005507,-0.16056380933482384,-0.13781749767871032,-0.16581455300311898
2023-06-04,Beverage and Food,2023-06-11,2023-06-18,1655438.6487881772,1567195.3777225334,39541.67996812649,37104.27387858337,1714566.0,1661173.0,42211.0,40284.0,1.000632346186396,0.947293570130748,1.1223706722336182,1.053186127888715,-0.03117295401182585,-0.08281634635224511,-0.051121137259395044,-0.10961139665522723
2023-06-04,Clothing and Footwear,2023-06-11,2023-06-18,988280.9146962037,853661.7524053239,5502.344566890507,5291.799512777698,824541.0,1025299.0,5828.0,7040.0,1.367882736975698,1.1815559290554727,1.1102390167252838,1.0677561567348057,0.2582112693706322,0.08682341339884525,-0.010547641271262953,-0.04840864722573324
2023-06-04,Construction & Building Materials,2023-06-11,2023-06-18,352138.7333338035,315571.59547236114,1337.1849391508097,1228.2967792901816,355438.0,347955.0,1378.0,1340.0,0.9905198836985941,0.8876613404227773,1.131290134645355,1.0391681719883092,0.011212958337794454,-0.09379441561604807,0.0023875106078032893,-0.07923779663404684
2023-06-04,Education,2023-06-11,2023-06-18,173192.19903831405,240429.34229873147,119.4203406601666,133.85713577530274,204323.0,277314.0,117.0,117.0,1.34415378555679,1.8659847984162135,1.0615141392014809,1.1898412068915798,-0.14347787858640748,0.18904345264550382,0.0758589248663657,0.20592014211984444
2023-06-04,Electronic & Electric Devices,2023-06-11,2023-06-18,283302.25870791025,262597.71747829695,966.7727729231406,878.6685740109691,259225.0,270478.0,1049.0,1028.0,1.1567488744262144,1.0722103505468155,1.2032019575894717,1.093551430007429,-0.1364157769516291,-0.199528987671856,-0.12271073237464558,-0.20266009617879388
2023-06-04,Furniture,2023-06-11,2023-06-18,273158.60251090355,259037.2513849311,1075.706767947516,995.0889157855586,290785.0,297374.0,1070.0,1125.0,0.9102601482925988,0.863202859772804,1.0634767849209255,0.9837754975635774,-0.04735488440311664,-0.0966033285382385,-0.016721418695140766,-0.09041232560735046
2023-06-04,Gas Stations,2023-06-11,2023-06-18,697442.9682944256,719508.9224016448,12287.056989657445,13152.148256224486,740819.0,738993.0,13557.0,13486.0,0.9821037866462752,1.013175943180678,0.9801808455711735,1.0491921547783882,-0.056855673873339674,-0.027016130910151537,-0.08312387212465899,-0.01856963986086968
2023-06-04,Health,2023-06-11,2023-06-18,752315.3631012557,704116.8776490437,7034.302479300402,7093.901878599392,768123.0,765688.0,7295.0,7063.0,1.0259682957331142,0.9602377252812814,0.9667151074418199,0.9749057759361496,-0.015863383878363946,-0.0789139298350382,-0.03361691450743198,-0.025429059129084775
2023-06-04,Hotels,2023-06-11,2023-06-18,232488.27953354796,274463.2740613227,589.9240283624077,567.2442368281557,183853.0,197497.0,563.0,534.0,0.9103353904695726,1.0746934523472085,1.0049813089649196,0.9663445261127015,0.18874839975430246,0.40337301513147295,0.020629806855376742,-0.01860858680249866
2023-06-04,Jewelry,2023-06-11,2023-06-18,249089.45736344648,233053.12344010957,272.0363285136468,202.53718175777587,250072.0,300039.0,266.0,303.0,1.1339102090991906,1.0609092762429138,1.2682346317652533,0.9442292855840367,-0.0011930960176493866,-0.06549610268334127,0.022692964337018173,-0.23858202346700796
2023-06-04,Miscellaneous Goods and Services,2023-06-11,2023-06-18,1199471.966672317,1150358.773059561,17860.572550868084,17647.403170195706,1232102.0,1353417.0,18895.0,18071.0,1.0175649357950443,0.9759000489999813,0.9859276614428575,0.9741604245091611,-0.026050041920762768,-0.06592908385701246,-0.036178697810798965,-0.04768209108004395
2023-06-04,Other,2023-06-11,2023-06-18,1813363.6582764997,1685865.1376807247,24890.92714947585,24104.988117262204,1910856.0,1998171.0,25372.0,24978.0,1.0817020286504073,1.0056470091572647,1.2174876934860648,1.1790451278956298,-0.06463955184097026,-0.1304052204203353,-0.012029564599672526,-0.04322504892981649
2023-06-04,Public Utilities,2023-06-11,2023-06-18,99788.22774599996,98053.65434310111,1302.9216219587718,1293.5699924603944,108476.0,107090.0,1464.0,1442.0,1.058356784103684,1.0399598492151656,1.0670938754781096,1.0594348832599463,-0.055062566915712985,-0.07148798478167184,-0.08950271002182264,-0.0960377411178236
2023-06-04,Recreation and Culture,2023-06-11,2023-06-18,266204.1087114347,256648.81608297103,2322.3362692998257,2114.036433890574,273886.0,342598.0,2679.0,2299.0,0.9682614073088958,0.9335060418396356,1.0248615486760042,0.9329375259887792,-0.024428816977188017,-0.05944656399394943,-0.06994943159798728,-0.15336946980753952
2023-06-04,Restaurants & Café,2023-06-11,2023-06-18,1566012.4961480224,1632126.168401179,41132.86711637287,42933.64695275941,1706795.0,1751215.0,50724.0,49384.0,0.9880554115148689,1.0297689813653852,0.9374264643589201,0.978466605575838,-0.09394516262685393,-0.05569348027513599,-0.18900476909298547,-0.1534997347589777
2023-06-04,Telecommunication,2023-06-11,2023-06-18,97546.32172488312,91695.27466281687,582.5342833533408,551.2340154079365,95993.0,101066.0,621.0,622.0,1.0643932754092762,1.0005485805315824,1.2473967523626142,1.180372623999864,-0.061576363676843715,-0.11786511719610115,-0.048146595827874505,-0.0992908244968359
2023-06-04,Transportation,2023-06-11,2023-06-18,703181.0404479161,650914.3763373533,2391.2389880220567,2188.8504380987697,731945.0,760347.0,2604.0,2547.0,1.1497194138887563,1.0642620494682948,1.1499105496619653,1.0525849666260012,0.008115954306566309,-0.06681618256486799,-0.05708241797237512,-0.13688862850994887
2023-06-11,Beverage and Food,2023-06-18,2023-06-25,1745720.732160718,1823374.904188348,41224.463084893505,40116.1117028534,1661173.0,2021323.0,40284.0,42054.0,1.047262887434955,1.0938478485463292,1.1587554448833781,1.1276014139348558,0.01817062286358051,0.06346148482376757,-0.02337155990397044,-0.04962896631557179
2023-06-11,Clothing and Footwear,2023-06-18,2023-06-25,1001428.1333521232,795345.0071055577,6701.1676549988515,5585.832446917142,1025299.0,1174331.0,7040.0,9074.0,1.3534321506818303,1.0749103881251054,1.3364913552051958,1.1140471573428683,0.2145280020667537,-0.03540878245525969,0.14982286461888328,-0.04155242846308471
2023-06-11,Construction & Building Materials,2023-06-18,2023-06-25,352866.553636944,331606.8034805376,1378.913823345319,1377.6230052606802,347955.0,176418.0,1340.0,1144.0,0.9928981040206307,0.9330772867607254,1.15875111205489,1.1576663909753615,-0.007234584830704716,-0.0670474077601787,0.0006631519196800273,-0.00027358108804054204
2023-06-11,Education,2023-06-18,2023-06-25,159152.20102279895,92905.7863805717,93.62428321680247,69.30890033053966,277314.0,33519.0,117.0,39.0,1.224393685576349,0.7147451148450139,0.8141242018852388,0.6026860898307796,-0.22107544905468812,-0.5452994211098521,-0.19979245113844046,-0.407616236491114
2023-06-11,Electronic & Electric Devices,2023-06-18,2023-06-25,248840.23541567195,266693.9873134724,1050.670216745592,1064.4195922858025,270478.0,191451.0,1028.0,1106.0,1.0125891331745192,1.085240226466999,1.3019457456574868,1.3189833857320974,-0.04006081429001085,0.028812758466476573,0.0015921989948446402,0.014699325343949132
2023-06-11,Furniture,2023-06-18,2023-06-25,293843.7071733778,287544.6591079593,1163.1466759420553,1192.208118230025,297374.0,244654.0,1125.0,1232.0,0.9791901628132295,0.9581995281657222,1.1487868404365977,1.1774894994864444,0.01051879283105328,-0.011143425183694822,0.08705296817014507,0.11421319460750001
2023-06-11,Gas Stations,2023-06-18,2023-06-25,724180.5158189478,798007.4577340843,14246.018915802877,13960.051249161892,738993.0,778505.0,13486.0,13301.0,1.0174096881572936,1.1211300235028865,1.1323889285642763,1.1096579030373905,-0.02245958078971,0.07719626215591702,0.05082384862453915,0.029730120908895152
2023-06-11,Health,2023-06-18,2023-06-25,733578.4831991147,802688.1050707924,7141.500878029637,7554.564992913582,765688.0,626268.0,7063.0,6858.0,1.0002297258001864,1.0944602678867106,0.9800330558569558,1.0367181272009856,-0.04497263693560183,0.0449994402859859,-0.021041689098062144,0.03558121904230038
2023-06-11,Hotels,2023-06-18,2023-06-25,216690.4148343842,216560.30747919346,603.5323669454032,614.2179650509773,197497.0,214344.0,534.0,641.0,0.8484769804097075,0.8479675296527569,1.0281641685611638,1.0463679132043906,0.17860690244045085,0.17789923188195722,0.07199354697229698,0.09097329493956896
2023-06-11,Jewelry,2023-06-18,2023-06-25,271064.16812899336,264042.4188754132,304.28682799829534,278.00360353731094,300039.0,258742.0,303.0,327.0,1.2339439445402638,1.2019793915292876,1.4087353148069228,1.2870537200801433,0.08394449650098124,0.05586558621282345,0.14393544360261412,0.04512632908763514
2023-06-11,Miscellaneous Goods and Services,2023-06-18,2023-06-25,1234025.0481443466,1257286.985161754,19303.19875635478,20563.074265688898,1353417.0,1268540.0,18071.0,20648.0,1.0402972527052,1.0599073321020482,1.0603531410560456,1.1295599585645801,0.0015607864806213012,0.020440665757992527,0.021603533016924192,0.08828125248419672
2023-06-11,Other,2023-06-18,2023-06-25,1797788.492367152,1839611.7791926912,27503.605999484585,26302.926724811514,1998171.0,2046647.0,24978.0,26983.0,1.0632312562698558,1.0879659934103199,1.3388962126124324,1.2804462430538173,-0.059171129395856115,-0.03728392971909389,0.08401411002225223,0.03669110534492792
2023-06-11,Public Utilities,2023-06-18,2023-06-25,104245.69660893138,109842.20005245085,1451.3138301406948,1532.9878899946557,107090.0,96120.0,1442.0,1407.0,1.0984389048763363,1.1574093690164309,1.1857139135136396,1.2524410865969409,-0.03899759754294607,0.012594491430831134,-0.008665416570563633,0.04712287567940954
2023-06-11,Recreation and Culture,2023-06-18,2023-06-25,269610.55270444043,289916.3658498462,2494.2865616543168,2369.8347505988972,342598.0,352908.0,2299.0,2298.0,0.9788429799244854,1.0525648815698858,1.0973544045993475,1.0426021780021546,-0.015610317050011924,0.058529336475198424,-0.06894865186475674,-0.11540322859317009
2023-06-11,Restaurants & Café,2023-06-18,2023-06-25,1809092.325348743,1760337.9293397693,47705.70963169614,45825.53392881657,1751215.0,2082077.0,49384.0,47640.0,1.1388346239354221,1.1081434350634696,1.0844178403276992,1.0416788036192164,0.05993533221549341,0.03137045124913618,-0.05950418674205227,-0.09657097372414303
2023-06-11,Telecommunication,2023-06-18,2023-06-25,97802.19505637218,109786.67102214221,600.7913025163209,564.0694406889894,101066.0,94892.0,622.0,653.0,1.0554611339625544,1.1847951288231788,1.259520550348681,1.1825355150712566,0.018847156109009777,0.14369455087498273,-0.03254218596405656,-0.0916756188583101
2023-06-11,Transportation,2023-06-18,2023-06-25,628298.399669779,724041.9560185745,2383.038543594321,2531.088692476072,760347.0,462404.0,2547.0,2372.0,1.0192269877163271,1.1745423865489832,1.1318159789096751,1.2021318890886117,-0.14160435596967125,-0.010797319445348341,-0.08485462995609805,-0.027999734072168936
2023-06-18,Beverage and Food,2023-06-25,2023-07-02,1852758.4867941889,1811550.0755333435,39438.49844726532,39977.775533176486,2021323.0,1667361.0,42054.0,39736.0,1.1102798993931249,1.085585439195019,1.0979537429639568,1.112967024865715,0.11533144759407299,0.09052463261402854,-0.020988520324066062,-0.0076016400264004025
2023-06-18,Clothing and Footwear,2023-06-25,2023-07-02,1065066.6115707527,828264.7716068171,6824.919892043776,5296.847939818767,1174331.0,680068.0,9074.0,4959.0,1.416442891425142,1.1015177221921668,1.3493317303368477,1.0472218149107884,0.03878635556140475,-0.19217245739358257,-0.03055115169832734,-0.24760682673028878
2023-06-18,Construction & Building Materials,2023-06-25,2023-07-02,343281.90030640207,323310.4530074985,1330.5781086921222,1285.7527762725392,176418.0,328416.0,1144.0,1312.0,0.9661693441252851,0.9099595639976654,1.1129887985714113,1.0754937484504719,-0.013430184057127925,-0.07082682241238514,-0.007031262170058006,-0.04048300278168715
2023-06-18,Education,2023-06-25,2023-07-02,224105.7118849947,121866.83912837118,89.30314515430072,82.227425404019,33519.0,75419.0,39.0,65.0,1.7240956566744088,0.937549008753899,0.7632747449085532,0.7027985077266581,-0.19187018367267894,-0.5605456661821214,-0.23672525509144682,-0.2972014922733419
2023-06-18,Electronic & Electric Devices,2023-06-25,2023-07-02,267992.20323089627,255139.38485475292,1137.521747021535,1043.0636618131525,191451.0,227664.0,1106.0,1014.0,1.0893194938211685,1.0370760873381335,1.4043478358290555,1.2877329158187067,-0.009190384316298261,-0.05670928927767538,0.10653866441783566,0.014653367522521998
2023-06-18,Furniture,2023-06-25,2023-07-02,285100.53387622896,283146.4360240313,1182.7997675877461,1085.9219151761301,244654.0,261325.0,1232.0,990.0,0.9500548467409746,0.9435431081965198,1.1670446646154378,1.0714572424036806,-0.04127282857200376,-0.04784400780151821,0.051377571189107796,-0.03473607539899548
2023-06-18,Gas Stations,2023-06-25,2023-07-02,779887.2610363235,738077.3506842507,14553.641742739528,13965.300919004416,778505.0,718893.0,13301.0,12772.0,1.0945893658412413,1.035908213391922,1.1532661153563555,1.1066445516069905,0.0553378192165872,-0.0012390500529089188,0.07916667230754326,0.035540628726413726
2023-06-18,Health,2023-06-25,2023-07-02,808691.8663963171,750848.8513150925,7682.880046019328,7524.811030168035,626268.0,723417.0,6858.0,7230.0,1.1007717408979092,1.0220372326686158,1.0543268898064124,1.0326349705184623,0.05616369382348574,-0.019380150511575822,0.08776441257529766,0.06538454341894884
2023-06-18,Hotels,2023-06-25,2023-07-02,219958.74286815585,230478.23080374475,602.0450946720446,608.920171203393,214344.0,217284.0,641.0,673.0,0.8612745058711012,0.9024648066320582,1.0256304849608937,1.0373427107383186,0.11373207121199735,0.16699611033962425,0.12742527092143185,0.14029994607376972
2023-06-18,Jewelry,2023-06-25,2023-07-02,290087.23305633245,244740.7920538605,353.23176649610195,279.803481257421,258742.0,267385.0,327.0,260.0,1.3205411363997053,1.1141141244206638,1.6240540988326526,1.2864527873904414,-0.03316824460709289,-0.18430340037841586,0.16578140757789428,-0.07655616746725735
2023-06-18,Miscellaneous Goods and Services,2023-06-25,2023-07-02,1283725.7570893003,1287810.3196412977,20531.325535070737,19927.665014644845,1268540.0,1267682.0,20648.0,18552.0,1.0714885246017578,1.0748977900763454,1.1278159540262427,1.094655992454879,-0.05149280887612595,-0.04847484578566863,0.1361477248116174,0.10274279312959123
2023-06-18,Other,2023-06-25,2023-07-02,1820162.268653785,1835427.7767610864,27003.564488626944,25869.235022167602,2046647.0,1879522.0,26983.0,24285.0,1.0731478242268557,1.0821482013323453,1.3101212667019355,1.2550874522556632,-0.08908583466891218,-0.08144609407248604,0.08109394221422628,0.035680799990695844
2023-06-18,Public Utilities,2023-06-25,2023-07-02,100376.16646638056,104166.9367110996,1476.410120309025,1444.6441846881182,96120.0,103820.0,1407.0,1368.0,1.0526631303858818,1.0924176280206974,1.2013101060284987,1.175463128306036,-0.06269337504547057,-0.02729538975534973,0.023862774139407072,0.001833692571510559
2023-06-18,Recreation and Culture,2023-06-25,2023-07-02,336170.62574428576,293568.49441974005,2491.3968401574607,2387.9201386766094,352908.0,274271.0,2298.0,1995.0,1.2105750040306298,1.0571616140720577,1.0922388602180888,1.046874238788518,-0.018760688199330522,-0.14311089259207566,0.08368718580141832,0.03867774627081744
2023-06-18,Restaurants & Café,2023-06-25,2023-07-02,1895630.876245343,1743123.2730854442,47328.54407219894,46087.420316719465,2082077.0,1747116.0,47640.0,48156.0,1.1812675775780563,1.086232046555395,1.0735382503078934,1.0453862365286304,0.08246610281738276,-0.004620635909671766,-0.04162190036856184,-0.06675400298235334
2023-06-18,Telecommunication,2023-06-25,2023-07-02,98063.69503581949,98629.24724264258,619.738938203852,547.7113521907953,94892.0,86023.0,653.0,609.0,1.0495616648916282,1.0556146890567848,1.2897792678540103,1.1398779442056093,-0.029706379634897084,-0.024110509541858005,-0.0036351475822316015,-0.11943512509518439
2023-06-18,Transportation,2023-06-25,2023-07-02,697265.8026765651,704321.1982288992,2600.2714114824967,2477.5433089949397,462404.0,663945.0,2372.0,2512.0,1.1226702647277236,1.1340301833729405,1.2153640623895754,1.1580010792217525,-0.0829636959486062,-0.07368451742572912,0.0209153559020403,-0.027270000394605587
2023-06-25,Beverage and Food,2023-07-02,2023-07-09,1873104.4738250226,1767915.3532688883,41760.432367876114,40645.73501843119,1667361.0,1654055.0,39736.0,41326.0,1.1224723899927684,1.0594369933014298,1.1625955558985555,1.1315627789095541,-0.07332748213668838,-0.1253672207416191,-0.006980730302085125,-0.03348706381245092
2023-06-25,Clothing and Footwear,2023-07-02,2023-07-09,1039890.2344137307,775126.8294151402,6816.293952937697,5563.4490789817555,680068.0,613910.0,4959.0,4826.0,1.382960572039212,1.0308490338071672,1.3476263252150449,1.099930620597421,-0.11448285499256117,-0.339941780115538,-0.24881045261872414,-0.38688019848118194
2023-06-25,Construction & Building Materials,2023-07-02,2023-07-09,243002.26203479065,282279.3210851962,1283.8973286164132,1243.1219470934366,328416.0,327547.0,1312.0,1345.0,0.6849156815616796,0.7956203039959983,1.0789053181650532,1.0446402916751567,0.3774232903376675,0.6000596372546805,0.12228787466469693,0.0866450586481089
2023-06-25,Education,2023-07-02,2023-07-09,72189.27061915751,111416.58901999515,69.87901184659734,97.86437073992951,75419.0,91253.0,65.0,92.0,0.5602647343132245,0.8647100200622836,0.597256511509379,0.8364476131617907,1.1536821092263345,2.3239830848174217,0.7917695345281368,1.509342839485372
2023-06-25,Electronic & Electric Devices,2023-07-02,2023-07-09,214902.4647594874,214899.69085140552,1020.4133340682235,974.3067054665496,227664.0,217586.0,1014.0,1042.0,0.8744884047564763,0.8744771170755454,1.2597695482323747,1.2028477845266043,0.12249329990173674,0.12247881103470615,-0.07738396558026805,-0.11907169487653746
2023-06-25,Furniture,2023-07-02,2023-07-09,240195.5309163783,230947.07661927387,1096.054776002096,999.3051366561106,261325.0,259269.0,990.0,991.0,0.8028234070372969,0.7719116096349755,1.0814551317238246,0.9859942147568925,-0.018223569136910478,-0.05602574812071792,-0.11034514934894801,-0.18887570076614402
2023-06-25,Gas Stations,2023-07-02,2023-07-09,778672.441369255,718374.7332704037,14637.616852347583,14124.13151408674,718893.0,720116.0,12772.0,13179.0,1.0928843390310572,1.0082551453423454,1.159920508130083,1.1192306758656634,0.0002150806600536015,-0.07723812529090535,0.1004899520598137,0.061884934522723034
2023-06-25,Health,2023-07-02,2023-07-09,709625.8640740635,712332.3563496377,7109.0102435595,7375.472504892474,723417.0,732797.0,7230.0,7205.0,0.9675704777328691,0.9712607632151699,0.9769820990255618,1.0136016635597436,0.1331025440770781,0.13742416401546587,0.036601085383420884,0.07545530838327119
2023-06-25,Hotels,2023-07-02,2023-07-09,214271.93373212495,212416.8716655905,623.4373046115605,605.9716580782456,217284.0,233435.0,673.0,726.0,0.839007131250061,0.8317434160465587,1.0522148601038996,1.0227369756594862,-0.00033621779884229763,-0.008990820057522053,-0.027398900761996026,-0.05464639925390702
2023-06-25,Jewelry,2023-07-02,2023-07-09,207391.75557985474,206009.5381022836,297.87716985565794,243.93298610018473,267385.0,197356.0,260.0,224.0,0.94409306368946,0.9378009045366686,1.3695502062329101,1.121530970575562,-0.19846118689716108,-0.20380325535752364,-0.08906064264324787,-0.2540275654428601
2023-06-25,Miscellaneous Goods and Services,2023-07-02,2023-07-09,1213221.2219208768,1180254.511210831,20091.035310100044,19621.93652970909,1267682.0,1215495.0,18552.0,18981.0,1.012640441241153,0.9851240873590188,1.1036301634266277,1.0778618764431371,-0.043608225266151046,-0.06959614106702894,-0.02697426820515092,-0.049693116538691795
2023-06-25,Other,2023-07-02,2023-07-09,1859723.6700980584,1800444.6585430447,27729.774251175764,26653.693987297927,1879522.0,1801250.0,24285.0,24852.0,1.096472795090408,1.0615225363315381,1.3406064565822604,1.2885829479706026,-0.09133149483127356,-0.12029545957703269,0.027675731059399133,-0.012204203116853996
2023-06-25,Public Utilities,2023-07-02,2023-07-09,89513.13410999115,90604.56525893882,1373.9067136208537,1347.1529520373826,103820.0,105795.0,1368.0,1445.0,0.9387405325390112,0.9501865696840612,1.1179061949722162,1.0961374711451446,-0.06873560018735803,-0.05738071932023703,-0.023520459402378346,-0.04253521532524329
2023-06-25,Recreation and Culture,2023-07-02,2023-07-09,309328.597865228,267954.29817151726,2508.4930263539363,2341.5532568429576,274271.0,244170.0,1995.0,1975.0,1.1139148989547094,0.9649230204775645,1.0997339001990076,1.0265468026492581,-0.12348658045374994,-0.2407247833103322,0.09159835785636905,0.01895267921799726
2023-06-25,Restaurants & Café,2023-07-02,2023-07-09,1883523.7706872262,1874773.479111522,46399.22916188344,46106.79564534394,1747116.0,1720977.0,48156.0,49882.0,1.1737230015567766,1.1682702333716501,1.0524588969839621,1.045825720920099,-0.09536305780851229,-0.09956573214558251,-0.02604472792016288,-0.03218313087019442
2023-06-25,Telecommunication,2023-07-02,2023-07-09,97535.93869865057,92594.81328519495,604.0396716342524,585.5095716744253,86023.0,82917.0,609.0,621.0,1.043913164499166,0.9910290077937661,1.257106496637362,1.218542292766754,0.02786260905714455,-0.024208433954443498,-0.07497753195367174,-0.10335440784927219
2023-06-25,Transportation,2023-07-02,2023-07-09,603251.1272319515,676054.7572590936,2489.7732945321413,2383.317302426193,663945.0,701232.0,2512.0,2535.0,0.9785952495951818,1.0966974516163517,1.1637173613143919,1.1139599450461288,0.30459755372347863,0.4620434885059246,0.04965147324289254,0.0047712067564049665
2023-07-02,Beverage and Food,2023-07-09,2023-07-16,1664164.761953256,1480305.6069895613,39012.00334007183,36107.0807284952,1654055.0,1517997.0,41326.0,39133.0,0.9999385687232013,0.8894640144817877,1.0793344309665878,0.998964731245285,-0.0019169442290805083,-0.112186498910817,-0.018220169617680915,-0.09132573161628743
2023-07-02,Clothing and Footwear,2023-07-09,2023-07-16,648888.7939340727,635555.3834795589,4852.829869267008,4506.9548825882,613910.0,561133.0,4826.0,4310.0,0.8769745193674602,0.8589543881305131,0.9678559771174726,0.8988741289565617,-0.04584718890747286,-0.0654531848586335,-0.021409584741478582,-0.09115650683843513
2023-07-02,Construction & Building Materials,2023-07-09,2023-07-16,233101.89518082264,237302.67600752332,1292.3376115746773,1103.079588533025,327547.0,321589.0,1345.0,1242.0,0.6570109351008202,0.6688510745255265,1.079647127464225,0.9215368325255011,-0.2902236943972808,-0.2774326585564548,-0.014986576543691066,-0.1592381184961701
2023-07-02,Education,2023-07-09,2023-07-16,48689.74724762209,64495.814583288055,73.47587158665807,84.82331296180239,91253.0,81678.0,92.0,77.0,0.37788369478590816,0.5005554165030097,0.627998902450069,0.7249855808701059,-0.3544100657974504,-0.1448333366487483,0.13039802441012416,0.30497404556619045
2023-07-02,Electronic & Electric Devices,2023-07-09,2023-07-16,192805.88174667783,196489.64306781068,965.481625245905,886.4199445738818,217586.0,208532.0,1042.0,940.0,0.7895845255437046,0.8046703772231908,1.187554274595209,1.0903074349002237,-0.1531121224845482,-0.13693142935285907,-0.047848495812716996,-0.1258185950947911
2023-07-02,Furniture,2023-07-09,2023-07-16,212310.92747598622,211380.9521070069,997.4344058317903,910.8123947933934,259269.0,243361.0,991.0,900.0,0.7116384522274385,0.7085212964594437,0.9851204008215213,0.8995677973268084,-0.18755982980585018,-0.19111852250260442,0.007509500840192196,-0.07998748000667333
2023-07-02,Gas Stations,2023-07-09,2023-07-16,674511.2242311875,651268.833587545,14104.97940736899,13284.43989527033,720116.0,665915.0,13179.0,12418.0,0.9440695005979065,0.9115386377458389,1.1134777507297406,1.0487025770886387,-0.06173627475690058,-0.09406708148842047,0.10436731971257363,0.040122133986089104
2023-07-02,Health,2023-07-09,2023-07-16,679189.2405585011,678261.5312259158,7154.279605001501,7170.021932680787,732797.0,672303.0,7205.0,6572.0,0.9327651879684858,0.9314911174763245,0.9832034089193296,0.985366856686702,-0.06113729625029396,-0.062419695381894846,-0.010473083678907202,-0.008295721620914631
2023-07-02,Hotels,2023-07-09,2023-07-16,186562.28111409978,194423.15448058402,592.7088747879188,546.8734737500654,233435.0,254943.0,726.0,708.0,0.7305067049644159,0.7612868855389713,0.9903239344827383,0.9137401399332755,-0.1413896968294961,-0.1052118219446253,-0.11930330640725284,-0.18740940007419704
2023-07-02,Jewelry,2023-07-09,2023-07-16,199198.97760682722,198190.3988428001,226.62112642956515,221.66164205642852,197356.0,176609.0,224.0,190.0,0.9067977293833435,0.9022064561543753,1.0419362134692651,1.019133986466338,-0.2550106490385503,-0.2587826585530225,-0.1283802829632109,-0.14745522285989032
2023-07-02,Miscellaneous Goods and Services,2023-07-09,2023-07-16,1172550.6211271514,1138493.3415167597,19621.676119015905,18012.837596259724,1215495.0,1121659.0,18981.0,17584.0,0.9786938745399097,0.9502672545393658,1.0778475717001788,0.9894717018462317,-0.07504356681947721,-0.10190935777524668,0.057658264285031624,-0.029062225298635003
2023-07-02,Other,2023-07-09,2023-07-16,1708280.115529816,1645193.0976110562,27020.644397046424,24665.120322256043,1801250.0,1664628.0,24852.0,23168.0,1.0071833268506927,0.9699879090671174,1.29956927650281,1.186279353706043,-0.09110927377821809,-0.12467473239948446,0.11264749421644726,0.01565247363623823
2023-07-02,Public Utilities,2023-07-09,2023-07-16,80715.60703288991,81190.54271713515,1358.5389444648163,1196.9322008885988,105795.0,99376.0,1445.0,1365.0,0.8427935976035659,0.8477526478872645,1.1018158511474585,0.9707479325941596,-0.22254279490570306,-0.21796818804531737,-0.006915976268409119,-0.12504956075394824
2023-07-02,Recreation and Culture,2023-07-09,2023-07-16,222678.29579535863,212796.78193236305,2290.070184158756,1895.7432766661123,244170.0,221527.0,1975.0,1776.0,0.8078869928957739,0.7720364108194233,1.003976406908705,0.8311018310680018,-0.1881084919828978,-0.22413677737579596,0.14790485421491528,-0.049752743525758314
2023-07-02,Restaurants & Café,2023-07-09,2023-07-16,1683707.8574115478,1464567.7099775209,44641.2061879884,40810.448148976444,1720977.0,1579839.0,49882.0,46387.0,1.0492071673853993,0.9126493837190882,1.0086812524117856,0.9221241419205198,-0.03629303525836414,-0.1617226847115355,-0.07298766118472466,-0.15253658632410405
2023-07-02,Telecommunication,2023-07-09,2023-07-16,71337.225801153,79472.40051251373,564.3769538004066,507.99414745734674,82917.0,74515.0,621.0,547.0,0.7698566396636523,0.857649768651066,1.1745618185232187,1.0572198698383908,-0.1707191588162119,-0.07614939594627324,-0.07327265385811732,-0.1658552586907278
2023-07-02,Transportation,2023-07-09,2023-07-16,647809.0313061404,641701.3215677032,2445.5809468117477,2347.893629286876,701232.0,655320.0,2535.0,2301.0,1.0430397330224872,1.033205686834348,1.1332627186338033,1.0879951942941966,-0.024303170735316404,-0.03350229075043387,-0.02644070588704306,-0.06532896923293152
2023-07-09,Beverage and Food,2023-07-16,2023-07-23,1662515.0589806673,1803153.4741883287,40658.63989892314,42637.04066724585,1517997.0,1945168.0,39133.0,42027.0,0.9989473197393611,1.0834520387584017,1.1191016032622694,1.1735557482417696,0.005114738615503933,0.09014118284357453,-0.01614867398434061,0.031724354334942806
2023-07-09,Clothing and Footwear,2023-07-16,2023-07-23,651342.173597876,684228.2528059208,5209.151437505501,4888.524475361709,561133.0,714467.0,4310.0,5328.0,0.880290266952567,0.9247358696150865,1.0389213078391506,0.9749749651698661,0.06097338958133269,0.11454163119336846,0.07939316981050593,0.01295575535882909
2023-07-09,Construction & Building Materials,2023-07-16,2023-07-23,285642.82637869474,303300.96689971606,1307.2355874352306,1236.3808283407504,321589.0,328788.0,1242.0,1332.0,0.8051005347611054,0.8548710070554567,1.0852931402534085,1.0264681015697388,-0.12793331528392948,-0.07402306569830874,-0.02807763015967979,-0.08075774844553874
2023-07-09,Education,2023-07-16,2023-07-23,71581.82476937365,63134.570980039854,77.37012958717986,72.77031868487032,81678.0,107369.0,77.0,81.0,0.5555503150550736,0.4899907331481535,0.6612831588647852,0.6219685357681224,-0.21556743592677885,-0.3081370368093119,-0.1590203305741319,-0.20901827516445304
2023-07-09,Electronic & Electric Devices,2023-07-16,2023-07-23,226187.2553763781,217617.06521683835,981.4654327404354,1023.9990175083572,208532.0,235399.0,940.0,1129.0,0.9262889446237941,0.8911920405789769,1.2005693366855479,1.2525981865545652,0.03953037133077553,0.00014277213073610184,-0.05809459429900632,-0.017275415059158195
2023-07-09,Furniture,2023-07-16,2023-07-23,233982.28863683963,232228.34725814118,1024.2440494285643,1080.419279584467,243361.0,274442.0,900.0,1042.0,0.7842780195710265,0.7783990375380561,1.011599061164014,1.0670807699599674,-0.09753079374379647,-0.10429574203571901,0.033545963096432097,0.0902313618410362
2023-07-09,Gas Stations,2023-07-16,2023-07-23,663653.1319293341,731974.0395373519,13078.813560565271,12750.620158507485,665915.0,754561.0,12418.0,13335.0,0.9248354485313478,1.0200442167745418,1.0305175558890023,1.0046582483163917,-0.07840801769529615,0.016466846365518872,-0.007601975827811525,-0.03250473036592416
2023-07-09,Health,2023-07-16,2023-07-23,688822.0211682077,701800.0260436557,7013.799614410904,7007.306473154181,672303.0,781196.0,6572.0,7254.0,0.9399402064966892,0.9576494959904477,0.9638974251921808,0.9630050811728414,-0.060009769188182016,-0.04229953719289825,-0.02653718051201892,-0.027438379853687578
2023-07-09,Hotels,2023-07-16,2023-07-23,241257.7458064171,243553.90153695873,687.5209910103038,640.0498314214751,254943.0,298321.0,708.0,809.0,0.9446732741673618,0.9536641438479124,1.1487401687724375,1.069423277228864,0.033511452037685574,0.04334783360232497,-0.05300138979296998,-0.11838866195389097
2023-07-09,Jewelry,2023-07-16,2023-07-23,198467.78916037397,197549.8808538395,209.0429547168289,224.38883185503326,176609.0,185579.0,190.0,216.0,0.9056356525188468,0.9014471114379106,0.9567183282234731,1.0269511755379097,0.0056334196091021305,0.000982391484624312,-0.06677252358558528,0.001735856495684196
2023-07-09,Miscellaneous Goods and Services,2023-07-16,2023-07-23,1190277.397933747,1212943.1004214492,18047.90651389197,20111.778848985177,1121659.0,1317697.0,17584.0,19440.0,0.9842888685373006,1.0030320612543526,0.9889805750392882,1.1020756671042347,-0.020746775647989546,-0.002099473530167373,-0.049159342822192253,0.05957425051289067
2023-07-09,Other,2023-07-16,2023-07-23,1827990.191330995,1819579.5343217473,27098.911996251427,27554.49104559897,1664628.0,1989284.0,23168.0,25642.0,1.0692283389910682,1.0643087760380123,1.2922088596753338,1.3139331002622179,0.014845352577929294,0.010176007951004706,0.09041171721597574,0.10874340276834737
2023-07-09,Public Utilities,2023-07-16,2023-07-23,93607.01752951488,92816.67384888693,1351.5952990422907,1326.8163650333317,99376.0,113366.0,1365.0,1486.0,0.975708326040546,0.9674702160144566,1.0838775453426548,1.0640067081261682,-0.11520376643967223,-0.122674286602515,-0.06463993145862235,-0.08178798267589493
2023-07-09,Recreation and Culture,2023-07-16,2023-07-23,242615.34035239764,241527.843693669,2055.8279420878075,2035.3095318254846,221527.0,265425.0,1776.0,1996.0,0.880219498032321,0.8762740106543688,0.9012836221340673,0.8922882647196337,-0.006367119824721934,-0.010820970251591011,0.040925540297624075,0.030536471810372
2023-07-09,Restaurants & Café,2023-07-16,2023-07-23,1725913.6139437817,1809287.597221007,47157.968795801295,44370.262600442045,1579839.0,1755953.0,46387.0,48899.0,1.0647422290709423,1.1161769011680407,1.0617816183140742,0.9990152339451985,0.002868495014042516,0.051314222805422194,-0.05460950250989749,-0.11049551741225205
2023-07-09,Telecommunication,2023-07-16,2023-07-23,83481.97052186969,88335.733271446,594.6572628321522,581.4318472666906,74515.0,100047.0,547.0,695.0,0.9009202218994603,0.9533010292289912,1.2299012674915248,1.2025477709755752,0.006813687444911176,0.06535129432379372,-0.04241986661489172,-0.0637168320987268
2023-07-09,Transportation,2023-07-16,2023-07-23,649230.0203480762,615523.6763321192,2364.0144286200803,2319.6583997061803,655320.0,750220.0,2301.0,2675.0,1.0375644577858905,0.983696793850524,1.0894075707926638,1.068967004472894,-0.0741580242372335,-0.12222534577412447,-0.06744992953842988,-0.08494737684174347
2023-07-16,Beverage and Food,2023-07-23,2023-07-30,1796421.122314715,1868807.0150144435,41197.94598374762,45603.842569427004,1945168.0,1896056.0,42027.0,43195.0,1.0794068033042266,1.122900961813485,1.1296238325152552,1.2504309666559823,0.18341546282022625,0.23110059836379349,0.05276738261180114,0.16535513682638703
2023-07-16,Clothing and Footwear,2023-07-23,2023-07-30,723321.263099916,781818.9232856829,4930.995996968599,4780.883031477739,714467.0,833357.0,5328.0,6194.0,0.9775701522128022,1.0566298584446008,0.9834455518485439,0.9535067872911326,0.2890371143738044,0.3932863033998766,0.14408259790454725,0.10925360359112268
2023-07-16,Construction & Building Materials,2023-07-23,2023-07-30,308282.4553955863,337451.06462356326,1271.7544398807627,1376.0867532783186,328788.0,343434.0,1332.0,1430.0,0.8689116154011196,0.951124997705873,1.0497354022953056,1.1358536964740558,-0.04137748680587228,0.04932402732544716,0.023956875910436937,0.1079603488553289
2023-07-16,Education,2023-07-23,2023-07-30,67160.13174152769,113961.39057096909,93.57050293488498,78.58396429063225,107369.0,184409.0,81.0,98.0,0.5212333224021055,0.8844603590338195,0.7997478883323503,0.6716578144498483,-0.17774514873616287,0.39525197202391205,0.21520133681668807,0.020570964813405812
2023-07-16,Electronic & Electric Devices,2023-07-23,2023-07-30,238688.51465053123,256593.23026395534,1019.3505707254201,1135.4534018225827,235399.0,246390.0,1129.0,1174.0,0.9774844827643265,1.050808420055799,1.233334023866207,1.373809318599616,0.14461336701576366,0.23047412514125099,0.08441550077172355,0.207929150875088
2023-07-16,Furniture,2023-07-23,2023-07-30,257626.30903784058,266548.4445560027,1013.1678743680811,1035.4655552074971,274442.0,295542.0,1042.0,1156.0,0.8635296826042702,0.8934355135767551,1.0006596290055123,1.0226820298345651,0.0586178929156298,0.09528003482892777,0.12574208263120124,0.15051728356388572
2023-07-16,Gas Stations,2023-07-23,2023-07-30,753715.6961781681,776080.1095643118,13436.146425375959,13228.330346927247,754561.0,780127.0,13335.0,13704.0,1.0503423556724456,1.0815083387590998,1.0586728460289136,1.042298416020742,0.1318497048094247,0.16543419139726812,0.08198956558028336,0.06525449725618038
2023-07-16,Health,2023-07-23,2023-07-30,700702.4967536555,761207.7627850205,7017.742305405563,7607.107145500482,781196.0,798563.0,7254.0,7560.0,0.9561518494638029,1.0387150232589837,0.964439264125,1.0454349131451222,0.0422421092180989,0.13223912846591568,0.06782445304405993,0.15750260887104117
2023-07-16,Hotels,2023-07-23,2023-07-30,266442.8522439211,268844.63591181807,706.9556321684948,763.1827484479429,298321.0,356209.0,809.0,958.0,1.038763556506515,1.0481272355236573,1.1782593869474913,1.271971247413238,0.04510754264255579,0.05452840796498859,-0.0014750958072107245,0.07794173509596458
2023-07-16,Jewelry,2023-07-23,2023-07-30,209945.60908188502,213776.09628304682,215.97315027498115,238.64056566052108,185579.0,219711.0,216.0,248.0,0.9736472493455628,0.9914115805138796,0.9884354703660465,1.092176501878815,0.1887594011736946,0.21044848384310444,0.13670079092095344,0.25600297716063714
2023-07-16,Miscellaneous Goods and Services,2023-07-23,2023-07-30,1208574.9230209494,1320917.5017287289,19442.770043482597,19525.872683390713,1317697.0,1428443.0,19440.0,20796.0,0.9994198374159667,1.0923204922354224,1.0654156415958462,1.0699694604301997,0.0774887225270331,0.17764623805339141,0.1057080325001476,0.11043406980156467
2023-07-16,Other,2023-07-23,2023-07-30,1834297.397916905,1903468.2803483962,26935.57866593467,29412.84475128056,1989284.0,2097341.0,25642.0,27199.0,1.0729175513585678,1.1133769958782993,1.2730682798910422,1.3901524128594651,0.101926315018674,0.14347967254449423,0.16261993551168286,0.2695461304938087
2023-07-16,Public Utilities,2023-07-23,2023-07-30,101798.3106726138,109840.05056923244,1387.8960147611278,1484.2071531688866,113366.0,114488.0,1486.0,1505.0,1.0594444658990994,1.1431371792003293,1.0975848278063487,1.173750219983303,0.024375208024209227,0.10529756248221345,0.016773637187639467,0.08733124774277412
2023-07-16,Recreation and Culture,2023-07-23,2023-07-30,251539.71164876173,277380.51722900436,2110.219245713011,2300.635717310066,265425.0,300937.0,1996.0,2274.0,0.912597523310235,1.0063491421631654,0.9251289985589701,1.0086083811091915,0.13548105489968143,0.2521296150311445,0.1881865122257944,0.2954029939808931
2023-07-16,Restaurants & Café,2023-07-23,2023-07-30,1810991.6222524173,1877243.2381713702,46843.45172528036,46627.44558184444,1755953.0,1908749.0,48899.0,52587.0,1.1172281399992765,1.1580997645366768,1.0515158024463307,1.0466670164392615,0.14631403722304448,0.1882497128956624,0.00984007858409397,0.005183469115149553
2023-07-16,Telecommunication,2023-07-23,2023-07-30,88625.0340671492,93779.3568130536,597.5045441155912,634.4759667055861,100047.0,102336.0,695.0,730.0,0.9564231037970841,1.0120474926675544,1.226908714816409,1.3028253936459673,0.1893583045983922,0.2585299176414628,0.09233006236853969,0.1599195003758429
2023-07-16,Transportation,2023-07-23,2023-07-30,647026.2394472779,692252.4418939431,2340.3274405697043,2694.682090429037,750220.0,758623.0,2675.0,2838.0,1.0266688872396388,1.0984315640974696,1.0740373752040864,1.2366599772505906,-0.012656046744677685,0.056357873853908114,0.017091456136334005,0.17109173856107662
2023-07-23,Beverage and Food,2023-07-30,2023-08-06,1837925.365792327,1737662.3876092746,44704.53476279737,45174.43545322487,1896056.0,1739793.0,43195.0,42272.0,1.1043452557746607,1.0441007287948836,1.2192201263495934,1.2320356579773055,-0.055132839018363966,-0.10667747587392218,0.06370987133979034,0.07489079527981701
2023-07-23,Clothing and Footwear,2023-07-30,2023-08-06,809739.9990077151,730946.7677149442,5318.064012726089,5189.448773963697,833357.0,822608.0,6194.0,6181.0,1.1047518203665887,0.9972519243383265,1.0514163726227934,1.0259882906215296,0.13334835479835339,0.023065820695629347,-0.001864862476334772,-0.026004359241047825
2023-07-23,Construction & Building Materials,2023-07-30,2023-08-06,322294.43337599805,342612.3018670044,1452.6974691622258,1420.7455742941322,343434.0,328324.0,1430.0,1375.0,0.9108003153124711,0.9682183750482309,1.1946525239820935,1.1683762946497798,-0.019750011022306002,0.04204624824204184,0.09061371558725662,0.06662580652712635
2023-07-23,Education,2023-07-30,2023-08-06,189266.25554104606,100409.25836303899,109.68259004957008,68.78329516378052,184409.0,295901.0,98.0,110.0,1.468905385324983,0.7792815466461697,0.9374580346117101,0.5878914116562438,0.7627644435642138,-0.0648207735655637,0.3541060499946924,-0.1508235164965368
2023-07-23,Electronic & Electric Devices,2023-07-30,2023-08-06,268349.3488261769,257883.41891541396,1208.88544084981,1179.7457337581463,246390.0,223099.0,1174.0,1106.0,1.10594536746933,1.0628122398813644,1.438293207435824,1.4036237165474674,0.13997658794717438,0.09551620404255745,0.0707576978297697,0.04494750554308791
2023-07-23,Furniture,2023-07-30,2023-08-06,274481.0686852224,259728.0939636315,1160.5697940124626,1161.189423029156,295542.0,272042.0,1156.0,1086.0,0.9224611033504029,0.8728801052707634,1.1456760059353037,1.146287683148229,0.00014235680115448623,-0.05361390033729718,0.11379058926339969,0.11438524283028406
2023-07-23,Gas Stations,2023-07-30,2023-08-06,738471.2791900141,727725.5872683618,14682.882849531614,12998.886936330855,780127.0,762199.0,13704.0,13628.0,1.029098461016435,1.014123775702663,1.1540425095914182,1.0216841103773366,-0.021323287063585217,-0.03556427211536006,0.10107857889250949,-0.02520532910904727
2023-07-23,Health,2023-07-30,2023-08-06,847853.2664731616,734457.8849203303,7938.73027134007,7665.132123468522,798563.0,743636.0,7560.0,7250.0,1.1569481664017074,1.002213162181348,1.0910094511564723,1.053409210948742,0.08532719890163487,-0.059828922677112706,0.09439347550869459,0.05667660924572959
2023-07-23,Hotels,2023-07-30,2023-08-06,283003.45155741594,256487.951928475,736.0225727304819,714.8836362601526,356209.0,335924.0,958.0,908.0,1.0939529936737662,0.9914570345672367,1.2267042878841365,1.1914727271002543,-0.05134586047440193,-0.1402283046501085,-0.0902069558337677,-0.11633666716915625
2023-07-23,Jewelry,2023-07-30,2023-08-06,215918.4777876506,206932.82723013268,248.71905592582468,251.5990020353052,219711.0,197470.0,248.0,224.0,1.0222202759505294,0.9796796176121798,1.1435358893141365,1.1567770208519779,0.16348551176399595,0.11506596775568712,0.15147711076770687,0.16481019460789437
2023-07-23,Miscellaneous Goods and Services,2023-07-30,2023-08-06,1373058.9622643886,1248432.86702099,20591.460899440688,19466.950989696008,1428443.0,1301915.0,20796.0,20095.0,1.1354383900327085,1.0323799949978272,1.128361055369647,1.0667406975558118,0.04201418252025202,-0.052564537203173445,0.05923152774900653,0.0013863677827163912
2023-07-23,Other,2023-07-30,2023-08-06,1948726.1387067654,1817964.7914241322,28851.924785474188,29124.02063509159,2097341.0,1946310.0,27199.0,26328.0,1.1398492302197636,1.0633642803429575,1.352677033473555,1.3654338186592085,-0.02038817046396324,-0.08612104082467253,0.12518230970572453,0.13579364461007692
2023-07-23,Public Utilities,2023-07-30,2023-08-06,113353.42691256978,103647.69691681516,1619.8158013272837,1479.8454973593966,114488.0,109274.0,1505.0,1477.0,1.1797019031036595,1.0786915635059573,1.2679575744244882,1.1583917787549094,-0.00011090703941418756,-0.08572502410938765,0.09005101031445739,-0.004141657227862305
2023-07-23,Recreation and Culture,2023-07-30,2023-08-06,261071.64803322277,249525.99878107748,2284.4156841209065,2359.634808369742,300937.0,279175.0,2274.0,2147.0,0.9525433335092784,0.9104179962349381,1.0014974502941283,1.0344738309380719,-0.0164014390761128,-0.059900164712903936,0.14449683573191696,0.1821817677203117
2023-07-23,Restaurants & Café,2023-07-30,2023-08-06,1854446.2956669687,1775734.1646297104,48623.07229465326,45997.53983707706,1908749.0,1813657.0,52587.0,51437.0,1.1440359856881666,1.0954772807921378,1.0815702530174673,1.0231679828516118,0.05609107741891073,0.011265201648170686,-0.005642808755736084,-0.05933577706952975
2023-07-23,Telecommunication,2023-07-30,2023-08-06,103692.41259769729,89975.20657722594,677.9893792944663,622.8312938035086,102336.0,94343.0,730.0,691.0,1.1190271478119345,0.9709938872821507,1.3864813482504423,1.273683627410038,0.03643700058669719,-0.10067061903679331,-0.024475713245372233,-0.1038398650309228
2023-07-23,Transportation,2023-07-30,2023-08-06,785912.6363733136,716505.2833332445,2811.1142663301252,2601.945216002931,758623.0,703402.0,2838.0,2642.0,1.2470468779476873,1.1369147603186265,1.2812735944986897,1.185936743848191,0.04757622613808432,-0.044939773222195445,0.05088383788042061,-0.02731019962507253
2023-07-30,Beverage and Food,2023-08-06,2023-08-13,1758480.9206473252,1681535.858399052,43600.942042012364,45065.83207939532,1739793.0,1678827.0,42272.0,41108.0,1.0518331288545901,1.0058085376155113,1.183634222632779,1.223401573965912,-0.07255855278149737,-0.11314019290619481,0.009397894247305638,0.0433113110173704
2023-07-30,Clothing and Footwear,2023-08-06,2023-08-13,805829.0884550629,774231.9264801911,5655.744348962669,5194.996458322727,822608.0,850786.0,6181.0,6571.0,1.0716802795671447,1.0296588933155273,1.1160817659521796,1.025159636570839,-0.03303255572934172,-0.07094807329848907,-0.0868995239001179,-0.1612856864186749
2023-07-30,Construction & Building Materials,2023-08-06,2023-08-13,317835.8977723819,344524.5868961322,1425.844089591677,1326.5375427400118,328324.0,315008.0,1375.0,1305.0,0.9002982652446561,0.9758963354694795,1.1668118572763313,1.0855462706546741,-0.074535725139672,0.0031755356083911224,-0.002906231054771391,-0.07235136871327852
2023-07-30,Education,2023-08-06,2023-08-13,200692.62060183144,128027.6607043903,88.51989445132644,82.91810807466254,295901.0,875402.0,110.0,199.0,1.5439734783903576,0.9849455950854933,0.7565802944557815,0.7087017784159192,0.08830165882267926,-0.3057407138242152,-0.09673577090483232,-0.15389685638099448
2023-07-30,Electronic & Electric Devices,2023-08-06,2023-08-13,262558.35266604315,257224.5877076743,1111.0335955710932,1052.9141450310024,223099.0,219633.0,1106.0,1058.0,1.0820789955017902,1.0600970057087045,1.3032652147461503,1.2350899061947243,0.06562097758043417,0.0439733256531285,-0.05363407532274855,-0.1031395698202705
2023-07-30,Furniture,2023-08-06,2023-08-13,293031.52757617907,267448.22916668194,1096.509683440382,1093.0187905099754,272042.0,263803.0,1086.0,1067.0,0.9859227650515504,0.8998461694180887,1.0824379895758955,1.0789918958637466,-0.008494469225426293,-0.0950584716666939,-0.051462211556762893,-0.05448201512977913
2023-07-30,Gas Stations,2023-08-06,2023-08-13,763931.6637399609,715593.9453526646,14548.625065150847,13175.015605704926,762199.0,729221.0,13628.0,13414.0,1.061746887948527,0.9945649337185029,1.14057661911731,1.0328889973505488,-0.020759871482513903,-0.08272121673437205,0.061633469435993016,-0.03860072929765568
2023-07-30,Health,2023-08-06,2023-08-13,777320.7591186333,724665.1144136541,7634.9654713617665,7250.880308418205,743636.0,683766.0,7250.0,6786.0,1.0607022022916905,0.9888503217823007,1.0477515399151593,0.9950432699901475,-0.026600582397840467,-0.09253857940619081,0.00991606764044528,-0.04088884809283011
2023-07-30,Hotels,2023-08-06,2023-08-13,296852.87874841446,256347.64480745923,814.189450319108,685.8110920248326,335924.0,272285.0,908.0,741.0,1.1474881087152373,0.9909146758284147,1.3569824171985134,1.1430184867080544,-0.1666328510834525,-0.28034484022734063,-0.15011539632660964,-0.28412203337700137
2023-07-30,Jewelry,2023-08-06,2023-08-13,225674.82093058966,209975.53451991774,244.66617083480935,255.79085996084882,197470.0,185716.0,224.0,192.0,1.0465933038872024,0.9737860320548247,1.1197536422645737,1.1706675513082325,0.027143934216264265,-0.04431032347075137,-0.013442859537059038,0.03141475790664838
2023-07-30,Miscellaneous Goods and Services,2023-08-06,2023-08-13,1309419.1375934095,1254179.827342986,19543.677572219225,18972.503135682844,1301915.0,1235825.0,20095.0,19316.0,1.0828120265244627,1.0371323906013108,1.069450741318188,1.0381954710488848,-0.08332419452970152,-0.12199518822733146,-0.06021938967978335,-0.08768498097312738
2023-07-30,Other,2023-08-06,2023-08-13,1878506.7155888856,1847275.4246302478,28334.754846063337,28795.06694598952,1946310.0,1890771.0,26328.0,25512.0,1.0892103995528863,1.0711016291017006,1.308643767137601,1.3299033320704563,-0.10433891504105175,-0.11922981306795233,0.04175722806218385,0.05868108923083648
2023-07-30,Public Utilities,2023-08-06,2023-08-13,109883.27571760758,104270.57840477394,1452.5754984510872,1417.8443892032926,109274.0,105341.0,1477.0,1443.0,1.1435870358230094,1.085174071329208,1.1273383767567615,1.1003836935997615,-0.04022014780931116,-0.08924447623529153,-0.034833555846453645,-0.05791070484831051
2023-07-30,Recreation and Culture,2023-08-06,2023-08-13,293430.3544125156,271108.6776709055,2409.8981664608186,2197.088703041963,279175.0,305519.0,2147.0,2309.0,1.0645786820127512,0.9835946227681823,1.05650949866761,0.9632129342577654,-0.02494424277335261,-0.09911816203755108,0.05976172667582169,-0.03382203032455455
2023-07-30,Restaurants & Café,2023-08-06,2023-08-13,1840467.7472295845,1699973.5039052805,48108.736792949974,46202.65676535685,1813657.0,1638677.0,51437.0,48648.0,1.1272637526319111,1.041212764674457,1.0615929120748049,1.0195323388394517,-0.03577277723284489,-0.10937818230407426,-0.08515913071766834,-0.12140535179118705
2023-07-30,Telecommunication,2023-08-06,2023-08-13,97684.44120129247,87370.46938540493,670.9176122216049,624.9150397594941,94343.0,84666.0,691.0,647.0,1.0541903586252601,0.9428841002925108,1.3678238781276348,1.2740367783068178,-0.04545378751082241,-0.1462391593827692,-0.08093477777862335,-0.1439520003294601
2023-07-30,Transportation,2023-08-06,2023-08-13,704081.7964862501,703948.9712507545,2632.475874899854,2474.592273644,703402.0,685402.0,2642.0,2458.0,1.1147960848702223,1.1145857782648798,1.1884766929570445,1.1171974147376975,-0.0718950038606131,-0.0720700911378187,-0.07241864873155257,-0.12805064353629314
2023-08-06,Beverage and Food,2023-08-13,2023-08-20,1608373.7520091245,1785715.600770765,42430.54283491908,43644.73842025464,1678827.0,1723963.0,41108.0,40503.0,0.9577866406765384,1.0633937194818226,1.1478417128111098,1.1806884370630626,-0.07553728977578111,0.026395439440648927,0.0037505401901749558,0.03247394067597087
2023-08-06,Clothing and Footwear,2023-08-13,2023-08-20,792959.5845302725,798121.427969638,5292.321690556282,5781.492639985828,850786.0,602733.0,6571.0,4877.0,1.0496978285242091,1.0565309332059485,1.0428220079913857,1.1392103724110005,-0.03604197317522739,-0.029766999628452417,-0.14377581450310917,-0.0646347451891558
2023-08-06,Construction & Building Materials,2023-08-13,2023-08-20,296733.43984318816,341664.8824893535,1364.6714542037032,1326.5002185842477,315008.0,309099.0,1305.0,1236.0,0.840523688492293,0.9677959700463793,1.1126550788452534,1.0815329951767205,-0.09621763915160586,0.04063328446703096,-0.007511669670034027,-0.03527256830236536
2023-08-06,Education,2023-08-13,2023-08-20,281371.16614719224,255694.29698950378,111.26456883674292,135.7473646769822,875402.0,884071.0,199.0,222.0,2.107514998274958,1.915191145054463,0.9509792208268626,1.1602338861280528,-0.049103699726623984,-0.13587890210068987,0.011496080334026493,0.23406695160892887
2023-08-06,Electronic & Electric Devices,2023-08-13,2023-08-20,232344.1427136391,253784.9382255652,1031.2174318720308,1136.5511327565553,219633.0,220520.0,1058.0,1097.0,0.9667250254893104,1.0559347354725055,1.1990900370605009,1.3215710846006457,0.04143964210345685,0.13754404199734283,-0.06761534188785634,0.02762308567500482
2023-08-06,Furniture,2023-08-13,2023-08-20,248353.12979790228,271385.04395322956,1022.3523433160115,1146.9059906626217,263803.0,241673.0,1067.0,938.0,0.8355995222251271,0.9130918271531248,1.0067477531423057,1.1294002862261168,-0.08707798870063344,-0.0024149066937106944,-0.0586074186777058,0.05608286433022247
2023-08-06,Gas Stations,2023-08-13,2023-08-20,723274.7464118885,734896.1038057879,13036.541774238565,13171.955979021117,729221.0,713996.0,13414.0,13380.0,1.0034535189898917,1.019576703201976,1.0211523733394874,1.0317593685834894,-0.051068360871782126,-0.03582121754845147,-0.043400222025347435,-0.03346375264007062
2023-08-06,Health,2023-08-13,2023-08-20,714101.5155546193,775406.4597894372,7063.266428833982,7308.306279112972,683766.0,666400.0,6786.0,6558.0,0.9727260184309725,1.0562336332682725,0.9692968888203626,1.002923875272811,-0.039716318797611616,0.04272313307779241,-0.02575635464358872,0.008042245394892733
2023-08-06,Hotels,2023-08-13,2023-08-20,292213.0248130601,241311.07895639405,828.26243817453,703.48431550498,272285.0,222721.0,741.0,597.0,1.1295527016562175,0.9327906630758415,1.3804373969575499,1.1724738591749668,-0.1301216203276333,-0.2816497810326323,-0.08781669804567183,-0.22523753799011015
2023-08-06,Jewelry,2023-08-13,2023-08-20,201918.62246809457,218811.53000952821,226.5305202821035,245.85622348253116,185716.0,171337.0,192.0,167.0,0.9364211626880302,1.0147639917335791,1.025024978652052,1.1124715994684669,0.022528092713296033,0.10807479621982186,0.011296965545104953,0.0975724262612998
2023-08-06,Miscellaneous Goods and Services,2023-08-13,2023-08-20,1233269.2865098745,1318371.4028366585,19134.08252954467,21202.298842649296,1235825.0,1174899.0,19316.0,18341.0,1.0079645209473733,1.0775194144756877,1.0430419215320488,1.1557850496142874,-0.05272672447135607,0.012640151497339325,-0.04781873453373131,0.05510320192332907
2023-08-06,Other,2023-08-13,2023-08-20,1803069.9920385652,1956827.4040012038,26843.831844582226,27437.329314986237,1890771.0,1768212.0,25512.0,24532.0,1.0229809984477534,1.110216053938,1.217876816214061,1.2448031810442228,-0.07359568001060202,0.005403766101599317,0.01959251916523197,0.042134963346484255
2023-08-06,Public Utilities,2023-08-13,2023-08-20,108885.5902839098,103623.83734965415,1419.783959072809,1423.6359338958473,105341.0,105167.0,1443.0,1448.0,1.1315845348760163,1.076902200590852,1.0955123140993897,1.098484516894944,-0.003554456834106934,-0.05170637709195103,-0.03873801010642586,-0.03613003798520831
2023-08-06,Recreation and Culture,2023-08-13,2023-08-20,263171.47445202706,280096.9625452642,2141.7846802420113,2313.0142588524864,305519.0,310327.0,2309.0,2944.0,0.9476997225446158,1.0086496427564926,0.9389674179053097,1.014035185818714,-0.05732435048973916,0.003302453820235307,-0.0024291195891890105,0.07732382806357063
2023-08-06,Restaurants & Café,2023-08-13,2023-08-20,1665882.9398259597,1732743.9709848687,48255.10630603279,47002.95741620716,1638677.0,1505523.0,48648.0,46232.0,1.0104113893532154,1.0509647474384598,1.0632742363641585,1.0356838369937789,-0.08147850457613559,-0.04461319258003649,-0.06186001699102228,-0.0862033669108393
2023-08-06,Telecommunication,2023-08-13,2023-08-20,95285.50538950847,97818.19512339859,623.2721235897598,652.3727595087611,84666.0,86651.0,647.0,689.0,1.0164437765564567,1.0434608628114717,1.2578650324717655,1.3165948728733825,0.00999019947964852,0.03683574958818969,-0.09801429292364727,-0.05590049275143116
2023-08-06,Transportation,2023-08-13,2023-08-20,693262.3699880434,734313.4903261742,2570.2632506253076,2641.3864008388155,685402.0,660432.0,2458.0,2337.0,1.083881249678388,1.1480626354552599,1.1556939076552641,1.1876737413843594,-0.014415128208274286,0.04394569581288388,-0.02715244109564441,-0.0002322479792522536
2023-08-13,Beverage and Food,2023-08-20,2023-08-27,1836507.401387528,1847261.2063224048,41474.614737722164,44434.037998475986,1723963.0,2312939.0,40503.0,46405.0,1.0928144105654336,1.0992134661817432,1.118637790962406,1.1984582478820798,0.09392296013081047,0.1003285069410993,0.008918330683131304,0.08090974988994803
2023-08-13,Clothing and Footwear,2023-08-20,2023-08-27,874554.8023354434,812545.5391538416,6252.395346993337,5782.462862816403,602733.0,765950.0,4877.0,6210.0,1.1533272657246463,1.0715519741547466,1.2226037049263467,1.1307123314071965,0.0279374629289193,-0.04494721451241379,-0.04848647892355251,-0.12000260800237361
2023-08-13,Construction & Building Materials,2023-08-20,2023-08-27,286856.9482094005,346608.5393376095,1308.81241095339,1388.8382012239708,309099.0,346511.0,1236.0,1448.0,0.8136204686731813,0.9830955951470692,1.0640751308564147,1.1291367489625779,-0.08936614876637883,0.10031662477654368,0.00292138770374728,0.06424383235553321
2023-08-13,Education,2023-08-20,2023-08-27,445445.7388076555,285019.8381141478,204.4405541675457,182.29523371140527,884071.0,620328.0,222.0,244.0,3.3364597670384697,2.134844134374574,1.732547069216489,1.5448748619610617,-0.49115293452875874,-0.6744126262972352,0.02733946817862165,-0.08394354918891822
2023-08-13,Electronic & Electric Devices,2023-08-20,2023-08-27,238876.84287358017,269837.3026827844,1156.9552390446277,1173.3935362326097,220520.0,258102.0,1097.0,1340.0,0.9951522466982871,1.1241323971695791,1.3398439363574148,1.35888075996828,0.08761817611005718,0.228582693323792,0.09353047168679374,0.10906761458658765
2023-08-13,Furniture,2023-08-20,2023-08-27,255989.32909799414,284048.37936256046,1110.2176206256113,1220.72750438266,241673.0,305921.0,938.0,1213.0,0.8612919888027177,0.955698405239836,1.0873825863130375,1.195619494987914,-0.029619340576133912,0.0767443105747867,0.04050386187967314,0.1440745120737208
2023-08-13,Gas Stations,2023-08-20,2023-08-27,747959.8555548093,781300.0258130671,13543.082596070884,13528.387081837107,713996.0,870628.0,13380.0,15082.0,1.0359131525163574,1.0820887869720934,1.0591290057144667,1.057979751453594,0.02569708710364793,0.07141734235995267,0.009622975702317405,0.008527440125026597
2023-08-13,Health,2023-08-20,2023-08-27,763206.3108926921,788279.2617491133,7073.671901477468,7696.651916775633,666400.0,886942.0,6558.0,8289.0,1.0396149845158202,1.0737685482958101,0.9707248389566994,1.0562168130610172,0.1161805513767753,0.15284945690355078,0.0423919689769332,0.1341956847591561
2023-08-13,Hotels,2023-08-20,2023-08-27,235470.80559215276,261734.64070557748,744.4688133132453,767.0778862037586,222721.0,240119.0,597.0,677.0,0.910215021345943,1.011738168465073,1.2407813555220755,1.278463143672931,-0.13520463634738322,-0.03874748625308966,0.004681259532044901,0.03519282888496433
2023-08-13,Jewelry,2023-08-20,2023-08-27,206604.10779985695,232044.34739576612,231.91050617573998,257.2804079029328,171337.0,199220.0,167.0,226.0,0.958150647410619,1.0761327257859188,1.049368806225068,1.1641647416422298,0.11247338839872145,0.24945802944154583,0.2078672196653124,0.34000212449444156
2023-08-13,Miscellaneous Goods and Services,2023-08-20,2023-08-27,1299594.6393741674,1383055.8415002043,18758.408846214075,21849.687122444888,1174899.0,1503555.0,18341.0,22164.0,1.055013069498475,1.1227670108977912,1.0164680075978259,1.1839761100243782,0.05160086531197172,0.11913567171743922,-0.02886680232894623,0.1311703832286648
2023-08-13,Other,2023-08-20,2023-08-27,1964635.959462983,1982723.0533594207,27277.599665376383,29029.427743200118,1768212.0,2259820.0,24532.0,29180.0,1.0922626839020313,1.1023184184660626,1.2266210839723168,1.3053974162784476,0.039066052664750606,0.04863204129924825,0.06920663473566879,0.13787346124177313
2023-08-13,Public Utilities,2023-08-20,2023-08-27,110922.437403114,107597.56098986027,1452.4523796784624,1509.0602596083027,105167.0,130098.0,1448.0,1691.0,1.138489239943898,1.1043632676946948,1.1074741743640584,1.1506368735099524,0.05298447331156919,0.02142148821313894,0.006550505667680229,0.045779805688359376
2023-08-13,Recreation and Culture,2023-08-20,2023-08-27,290693.3752369251,296815.26893224305,2438.064212483959,2505.502296973613,310327.0,367515.0,2944.0,3499.0,1.0427059148524418,1.064664911203849,1.063727841397888,1.0931510894300231,-0.04852603197534333,-0.028488346282087074,0.05589615092419198,0.085102770451976
2023-08-13,Restaurants & Café,2023-08-20,2023-08-27,1776232.7788546835,1891749.9860510286,47644.94432023884,47604.72501534294,1505523.0,1849344.0,46232.0,54029.0,1.07734210309206,1.1474069912225888,1.0436437067025648,1.0427627186976165,0.08394319249899973,0.15443738213877944,-0.020618641665868243,-0.021445382845277527
2023-08-13,Telecommunication,2023-08-20,2023-08-27,98765.80068656924,98955.15936845355,618.7264836710344,700.1550042140569,86651.0,119984.0,689.0,899.0,1.0535693024254271,1.0555892576426602,1.2179655190374694,1.3782578823111358,0.1665343902696388,0.1687709277449454,-0.04369940699994679,0.0821561116136893
2023-08-13,Transportation,2023-08-20,2023-08-27,733240.1117878598,742800.768416977,2548.3724050195196,2715.669526713373,660432.0,799342.0,2337.0,3006.0,1.130433882466992,1.1451735155263922,1.1402113668991138,1.21506466519614,0.06979569914861616,0.08374467599595126,0.03676664158646048,0.1048289368239923
2023-08-20,Beverage and Food,2023-08-27,2023-09-03,1927980.6673123168,1776155.1879397535,42856.591762101794,43674.13771863267,2312939.0,1779268.0,46405.0,43244.0,1.1404636890953108,1.0506539470996727,1.1518112169990806,1.1737835336119296,0.11834225404623933,0.030274540659952498,0.058109072466281386,0.07829389720842084
2023-08-20,Clothing and Footwear,2023-08-27,2023-09-03,724033.8438450943,764041.8840795802,5587.952911821982,5703.283139223018,765950.0,601913.0,6210.0,4982.0,0.958455851331244,1.011417381498669,1.1010744653836417,1.123799633344437,0.20125137307081964,0.2676290896293718,0.14577668891162232,0.1694244698017262
2023-08-20,Construction & Building Materials,2023-08-27,2023-09-03,316009.85822895373,293888.3016347997,1373.5600575982103,1315.559535271184,346511.0,322535.0,1448.0,1340.0,0.9017169417025475,0.8385942832210256,1.1144503509924626,1.0673911036683035,0.02235807372056753,-0.04920979480748988,0.11129454498237079,0.0643685560446472
2023-08-20,Education,2023-08-27,2023-09-03,358127.21683096775,162117.00394429962,165.02933720043274,115.81222820809656,620328.0,274830.0,244.0,180.0,2.6824300837097845,1.2142822662549546,1.398553705088413,0.981459561085564,-0.59491124940082,-0.8166244521714889,-0.2566246072052579,-0.47832329635992543
2023-08-20,Electronic & Electric Devices,2023-08-27,2023-09-03,241684.3001434242,244288.03478215574,1206.2658986108572,1083.5128112006357,258102.0,221109.0,1340.0,1194.0,1.0227296007558797,1.0337477615795818,1.3897072564641213,1.2482866488486586,0.09597451543363045,0.10778176483836277,0.09960428314572223,-0.012294611485291096
2023-08-20,Furniture,2023-08-27,2023-09-03,258497.21104382034,254184.91592237676,1154.1147820144097,1124.913778077557,305921.0,279767.0,1213.0,1048.0,0.8724186542461946,0.8578648155747032,1.1364990467891773,1.1077437499532812,0.06961560060006833,0.051772088410276584,0.23039955438636417,0.19926842012532742
2023-08-20,Gas Stations,2023-08-27,2023-09-03,760800.9941059519,731490.3591003212,13784.53625762419,13228.59845771879,870628.0,774976.0,15082.0,14110.0,1.0536979363113999,1.01310314758652,1.0761602199722218,1.0327580964726981,0.0655535802804943,0.024502040768185296,0.030234398925574668,-0.011315511381256305
2023-08-20,Health,2023-08-27,2023-09-03,720616.0947751194,718285.6468652554,7511.48377634898,7049.90707881821,886942.0,775907.0,8289.0,7847.0,0.9815999678189508,0.9784255069514897,1.0308060623506217,0.9674635760694675,0.08135668483661385,0.07785961414354059,0.14539246360917657,0.07500870369292612
2023-08-20,Hotels,2023-08-27,2023-09-03,236167.18921650638,243661.82373362486,760.6567619733524,728.2033097241085,240119.0,237942.0,677.0,628.0,0.9129069000011844,0.9418774931913848,1.2709386164968295,1.2167139677929968,0.06037234574425576,0.09402267291196087,0.27413192960360533,0.21977103806383336
2023-08-20,Jewelry,2023-08-27,2023-09-03,204175.6424043232,211070.39694132155,231.25617941721038,243.13034612732113,199220.0,185095.0,226.0,208.0,0.9468883558921996,0.9788635842345222,1.0464080516615855,1.1001373127933083,0.1916611263435406,0.23190202315507769,0.38476754142042147,0.4558703360917433
2023-08-20,Miscellaneous Goods and Services,2023-08-27,2023-09-03,1287566.571935421,1288510.5067962382,20881.1819471105,21169.490835235694,1503555.0,1274214.0,22164.0,20283.0,1.0452486645338643,1.0460149524091336,1.1314954047582162,1.1471180923479745,0.09589553819981211,0.09669895607727841,0.13849746181290556,0.15421682761221822
2023-08-20,Other,2023-08-27,2023-09-03,1889343.001471288,1877893.1941269266,27609.24550603527,28324.455845959965,2259820.0,1822949.0,29180.0,26235.0,1.0504026701021152,1.0440370137880917,1.2247913009509037,1.2565192017549447,0.06850479550601851,0.0620294365873133,0.1254380199753493,0.1545921998190105
2023-08-20,Public Utilities,2023-08-27,2023-09-03,108637.16263003678,104197.88229680562,1496.669334053016,1425.199004078841,130098.0,114311.0,1691.0,1560.0,1.1014448997534945,1.0564361517041272,1.1227826962138154,1.0691665446953045,0.03299668745934348,-0.009215036115838404,0.03361141854490057,-0.015746544144446872
2023-08-20,Recreation and Culture,2023-08-27,2023-09-03,311099.7657243406,284122.18735655205,2688.207363072027,2477.880952122587,367515.0,280335.0,3499.0,2915.0,1.1159028497487895,1.0191353176040965,1.1703123043413266,1.0787466051905037,0.002490165935740807,-0.0844425803860056,-0.08688608591303437,-0.15832848093662122
2023-08-20,Restaurants & Café,2023-08-27,2023-09-03,1862002.5489373077,1809501.1630178357,48182.26115009079,46825.22597911966,1849344.0,1655866.0,54029.0,51089.0,1.1293642173006035,1.0975204442348891,1.046098724464074,1.0166357493458318,0.23678120423089366,0.20190868091542646,0.042184226295440164,0.012831501538321133
2023-08-20,Telecommunication,2023-08-27,2023-09-03,98374.8644893866,91444.28646637744,683.9464440549834,689.0848258377597,119984.0,83449.0,899.0,735.0,1.0493990494259537,0.9754681522697712,1.3089884096746094,1.3188226331823152,0.1352998175368616,0.055317151173990275,-0.007334624013086488,0.00012311442345391832
2023-08-20,Transportation,2023-08-27,2023-09-03,674585.3341711403,670995.2125229936,2539.9826794166884,2582.8023630006846,799342.0,642402.0,3006.0,2559.0,1.0332771714780202,1.0277781033039144,1.1238861413348178,1.1428329039826037,0.021430418530810735,0.015994398398311294,0.0868560887533969,0.10517858921723766
2023-08-27,Beverage and Food,2023-09-03,2023-09-10,1767776.7529121705,1850827.323737268,45280.70791976466,44893.02024971305,1779268.0,1772520.0,43244.0,43929.0,1.0456978284609297,1.0948249602784392,1.2169616190003403,1.2065421481862248,-0.23570109159291686,-0.19979414773270365,-0.024227822007010902,-0.0325822594609837
2023-08-27,Clothing and Footwear,2023-09-03,2023-09-10,710048.4407649286,804890.3944884116,6018.4770091306045,6096.912781053155,601913.0,590726.0,4982.0,5070.0,0.9399423639723868,1.0654915026911118,1.1859067998286905,1.2013621243454493,-0.07298330078343418,0.050839342631257445,-0.030841061331625674,-0.01821050224586873
2023-08-27,Construction & Building Materials,2023-09-03,2023-09-10,309918.4409732753,337406.46466707793,1404.2753744522254,1316.4174676432053,322535.0,331803.0,1340.0,1364.0,0.8903284624527974,0.9692955926252151,1.1375256172152495,1.0663567984149092,-0.10560287848502559,-0.026274881123318106,-0.030196564604816678,-0.09087191461104605
2023-08-27,Education,2023-09-03,2023-09-10,244762.9036168039,202315.00403857618,144.49356890331043,177.1986696301598,274830.0,155315.0,180.0,154.0,1.8333132618283023,1.5153717107043836,1.2245217703670375,1.5016836409335577,-0.6054298635289654,-0.6738580169868582,-0.4078132421995474,-0.27377594413868933
2023-08-27,Electronic & Electric Devices,2023-09-03,2023-09-10,230625.9149695912,251117.2283280325,1105.5494325858513,1109.1457239936544,221109.0,222768.0,1194.0,1195.0,0.9759340999843055,1.0626466945450843,1.2736744615044369,1.2778176543705697,-0.10645436699602795,-0.027062059464736832,-0.17496311001055875,-0.17227931045249667
2023-08-27,Furniture,2023-09-03,2023-09-10,265758.252120577,277119.70598691003,1112.8478912801904,1115.497930673332,279767.0,300442.0,1048.0,1059.0,0.8969244029118408,0.935268895110893,1.0958620298180113,1.0984716205547336,-0.13128470382688018,-0.09414618157331456,-0.0825656296123739,-0.08038093101951205
2023-08-27,Gas Stations,2023-09-03,2023-09-10,768319.77049124,743320.0212799371,13147.097608632263,13562.814982003889,774976.0,781440.0,14110.0,14342.0,1.0641113285416177,1.0294870518170478,1.0263953164675044,1.058850416270114,-0.11751084218375707,-0.1462254587723607,-0.128292162270769,-0.10072835287071413
2023-08-27,Health,2023-09-03,2023-09-10,762820.2979085525,732836.9860775002,7351.26621929366,7325.688632872967,775907.0,778491.0,7847.0,7927.0,1.0390891700973575,0.9982468712063631,1.0088192972819623,1.0053092675824025,-0.13994342594154696,-0.17374869373927482,-0.11312990477818075,-0.1162156312132987
2023-08-27,Hotels,2023-09-03,2023-09-10,237543.8165027264,251673.02431894845,701.1304760446719,670.4795426433603,237942.0,243240.0,628.0,623.0,0.9182282681069294,0.9728448782709895,1.171479492138132,1.1202665708326822,-0.010724613617721146,0.04811790953214223,0.035643243788289425,-0.009631399345110259
2023-08-27,Jewelry,2023-09-03,2023-09-10,199165.98901732074,216215.2593897313,236.5294965238504,236.3139676670098,185095.0,184272.0,208.0,202.0,0.9429091680308711,1.0236253255520478,1.070269215040047,1.0692939713439358,-0.0002711122511759312,0.08530900205667757,0.04659069258340898,0.04563702507526446
2023-08-27,Miscellaneous Goods and Services,2023-09-03,2023-09-10,1250904.3909481727,1292003.901551264,19459.576259158963,21933.29284019914,1274214.0,1243583.0,20283.0,20483.0,1.0154862456026106,1.0488508960270948,1.054462394492344,1.1885064802730576,-0.16803549524415629,-0.14070060519817096,-0.12201875748245072,-0.010409094017364118
2023-08-27,Other,2023-09-03,2023-09-10,1871160.0130681181,1942295.463792701,28048.715530046364,29407.272776486057,1822949.0,1817761.0,26235.0,26511.0,1.0402936218487,1.0798422201296007,1.2292902454330703,1.2888316946349676,-0.17198714363616652,-0.14050877335685985,-0.03876917306215344,0.007788648954285771
2023-08-27,Public Utilities,2023-09-03,2023-09-10,113995.5130659259,104500.16579745083,1435.5004623755501,1567.8197900673283,114311.0,114203.0,1560.0,1577.0,1.1557718686821745,1.059500928176605,1.0768945704242687,1.176158882271064,-0.12377197907788051,-0.19675809161208602,-0.1510937537696333,-0.07284459487443629
2023-08-27,Recreation and Culture,2023-09-03,2023-09-10,306879.44959987723,300595.73718554736,2630.173538836254,2502.8043373999026,280335.0,250479.0,2915.0,2715.0,1.100764738734259,1.0782253048847146,1.1450472524319781,1.0895970123639105,-0.16498796076384026,-0.182085800074698,-0.2483070766401103,-0.2847086775078872
2023-08-27,Restaurants & Café,2023-09-03,2023-09-10,1773248.8248479508,1790284.9384309414,47765.40183550366,47008.98435935308,1655866.0,1636248.0,51089.0,51386.0,1.0755322393605642,1.0858651882029162,1.031505335870853,1.015170318623802,-0.041147117654719234,-0.031935141092765074,-0.11593029973711044,-0.12993051214434692
2023-08-27,Telecommunication,2023-09-03,2023-09-10,104458.19395628617,93123.5552779544,698.0625710637343,683.3352349055415,83449.0,82249.0,735.0,766.0,1.1142920502249336,0.9933814993808072,1.3360049206961422,1.3078186313981655,-0.12939897022697888,-0.22386688826881584,-0.22351215677003977,-0.23989406573354677
2023-08-27,Transportation,2023-09-03,2023-09-10,726303.4207727932,716359.0685374687,2773.856674944504,2645.7156073043116,642402.0,680572.0,2559.0,2570.0,1.1124949005495715,1.0972629178345568,1.2273702101524353,1.1706706227010228,-0.09137337863793815,-0.10381405138542865,-0.07722665504174853,-0.11985508739044859
2023-09-03,Beverage and Food,2023-09-10,2023-09-17,1750205.1370365387,1694584.8067955845,43285.69530407154,42011.81991251184,1772520.0,1568515.0,43929.0,41344.0,1.0272609782466526,0.9946153222348845,1.161019118998767,1.1268509330788397,-0.016334168300369156,-0.04759440017153993,0.0009641870333811919,-0.0284936658840107
2023-09-03,Clothing and Footwear,2023-09-10,2023-09-17,650402.8742925543,683615.9273293783,5258.083285996183,5180.039079594945,590726.0,633296.0,5070.0,5376.0,0.8609852231185614,0.904951738350313,1.0360755243342232,1.0206973555852108,0.08055960627624636,0.1357387651195079,0.055416155358527286,0.03975091922821061
2023-09-03,Construction & Building Materials,2023-09-10,2023-09-17,331118.2100438135,320946.07723503956,1401.5791488113946,1291.9998956916402,331803.0,328178.0,1364.0,1264.0,0.9535908454663397,0.9242960122886925,1.1312180377815937,1.0427763484194028,0.026611716693734078,-0.004926357650985036,0.04595458866521995,-0.03582097336444767
2023-09-03,Education,2023-09-10,2023-09-17,186625.41062731284,279484.4080540613,174.1933892003395,164.66848651823304,155315.0,124529.0,154.0,136.0,1.3978541488168381,2.0933828786486353,1.4762151627147415,1.395495648459602,-0.3209423620881533,0.016935589470077117,-0.03225894888700276,-0.08517507489870535
2023-09-03,Electronic & Electric Devices,2023-09-10,2023-09-17,222157.77625254536,237195.87577659893,1101.3855459817892,1082.6532933153735,222768.0,273688.0,1195.0,1153.0,0.9452456478420321,1.0092303454146614,1.2616100183067458,1.2401526842100499,0.004743254469720126,0.0727554092171685,-0.07756654440386168,-0.0932551982283304
2023-09-03,Furniture,2023-09-10,2023-09-17,270947.48433860886,257371.0388001607,1119.1642131016806,1018.8643387367183,300442.0,322004.0,1059.0,1056.0,0.9176417263766747,0.8716611816509261,1.0870949131633614,0.9896691002785025,-0.03152450310934152,-0.08005219057229518,0.06790478349397011,-0.02780120349549775
2023-09-03,Gas Stations,2023-09-10,2023-09-17,741696.8518093664,718028.9759996439,14078.36622739613,13105.252233616919,781440.0,743365.0,14342.0,14048.0,1.0224702498209481,0.9898427702342909,1.098242158311579,1.0223303091986051,-0.04294216619693203,-0.07348230654930743,-0.0022419399435767984,-0.07120820456293986
2023-09-03,Health,2023-09-10,2023-09-17,731991.066077686,708604.2780483136,7360.781403130449,7025.733993962,778491.0,730446.0,7927.0,7156.0,0.9919720646384557,0.9602789996792498,1.0082571608972604,0.9623633989400725,-0.05659948153878491,-0.08674070726477068,-0.06196235464120703,-0.10465987078348415
2023-09-03,Hotels,2023-09-10,2023-09-17,253951.2187294513,222074.54151860916,695.8702558732655,676.9000080279991,243240.0,252371.0,623.0,657.0,0.981651264135986,0.8584316133816619,1.159783759788776,1.1281666800466652,0.06728202137265082,-0.06668624488905217,0.10807365584914885,0.07786625482165466
2023-09-03,Jewelry,2023-09-10,2023-09-17,198170.1732850315,195181.8634962162,213.11151934789177,199.4377871998846,184272.0,177324.0,202.0,201.0,0.9381946894781938,0.9240471700613857,0.964305517411275,0.9024334262438217,0.07064033758357313,0.05449560223785732,0.024574612249479655,-0.041164484615939356
2023-09-03,Miscellaneous Goods and Services,2023-09-10,2023-09-17,1260106.1594446935,1221365.976662359,20123.315780258385,20246.18783599505,1243583.0,1195688.0,20483.0,19179.0,1.0226656858381609,0.9912252748079896,1.0869536165640417,1.093590506170905,-0.01107179842264061,-0.04147499818526634,-0.00787281071545709,-0.001814926983431997
2023-09-03,Other,2023-09-10,2023-09-17,1849519.9377741807,1679489.274173771,27606.14026075095,26648.379894775702,1817761.0,1764819.0,26511.0,25148.0,1.0251643045872938,0.9309185690056574,1.2078818753336666,1.1659759306399344,0.014575798760239955,-0.07869651088770391,0.05226377971225271,0.015756809406354266
2023-09-03,Public Utilities,2023-09-10,2023-09-17,106868.57390925969,106630.260235839,1487.4471058639213,1493.5469947100257,114203.0,107752.0,1577.0,1483.0,1.0813647406770353,1.078953330154451,1.101812671010312,1.1063311071926116,-0.06510682340929841,-0.06719160679340574,-0.04650826547184539,-0.04259808031408607
2023-09-03,Recreation and Culture,2023-09-10,2023-09-17,276048.934303936,263416.2820236076,2474.8625244883247,2653.1652003140744,250479.0,260564.0,2715.0,2354.0,0.990176870569649,0.9448640345195088,1.07743253134015,1.1550566827662492,-0.01528908518759331,-0.06035178617151771,-0.15099055763693836,-0.08982325889740161
2023-09-03,Restaurants & Café,2023-09-10,2023-09-17,1740063.6705729237,1586526.7133602719,48872.651992500425,45536.36076078135,1636248.0,1638499.0,51386.0,50292.0,1.052592410344139,0.9597154434822547,1.0536532423357283,0.9817256114345754,0.05084811849082227,-0.04187493833421796,-0.043382098054367324,-0.1086856121517088
2023-09-03,Telecommunication,2023-09-10,2023-09-17,85351.01786949247,90026.13964221478,699.718733092591,666.8259927489628,82249.0,81217.0,766.0,728.0,0.9104691272987334,0.9603402846285072,1.3214706951701436,1.259350316806351,0.022792578335180336,0.07881627871172547,-0.0480017236835496,-0.0927537513619554
2023-09-03,Transportation,2023-09-10,2023-09-17,695593.6668739005,669290.7792103376,2537.631485249706,2535.7061021719587,680572.0,666909.0,2570.0,2334.0,1.0654560960602586,1.0251673853664454,1.1139734351403452,1.1131282274679362,0.08280121617600877,0.04185662437280335,-0.00835033792508555,-0.009102734594779727
2023-09-10,Beverage and Food,2023-09-17,2023-09-24,1709438.85237234,1873186.480594573,43358.61812678982,43881.669932907476,1568515.0,2285797.0,41344.0,45438.0,0.9987169299367797,1.0943843054124116,1.1535535724263661,1.167469336017971,-0.03558839822831905,0.056792860218543684,-0.012984176129895442,-0.0010774219101851168
2023-09-10,Clothing and Footwear,2023-09-17,2023-09-24,638055.7893476025,727978.4762919578,5175.340111358051,5696.057566929722,633296.0,769004.0,5376.0,5961.0,0.8446404957097902,0.9636776459782581,1.0195705499129337,1.122154761018464,0.08012139189336942,0.23234541274966358,0.020777142279694516,0.12348275481848558
2023-09-10,Construction & Building Materials,2023-09-17,2023-09-24,334471.7644400861,319293.5687793357,1380.7327488402402,1374.0947068291027,328178.0,409961.0,1264.0,1477.0,0.969560659009301,0.925562381869093,1.0979982098133123,1.0927194487706582,0.00804321974209432,-0.03770138070079021,0.01226741117319663,0.007400811458286416
2023-09-10,Education,2023-09-17,2023-09-24,192889.47946707119,269890.71360806114,165.4058611781208,150.51770086370522,124529.0,145624.0,136.0,140.0,1.444773025440861,2.0215245741511674,1.401744586255261,1.275573736133095,0.24192434386293127,0.7376989576541939,0.07406403362416114,-0.02261233205386226
2023-09-10,Electronic & Electric Devices,2023-09-17,2023-09-24,229397.50431914316,230943.8986517908,1148.4240066828715,1161.0739441564283,273688.0,314617.0,1153.0,1488.0,0.9799773343350079,0.9865834715745417,1.2918155305769083,1.3060449315595368,0.029759679662892058,0.03670140528168675,-0.03897572662521209,-0.028390004890018194
2023-09-10,Furniture,2023-09-17,2023-09-24,301520.6738702658,275380.5135271111,1135.6204219797517,1154.280166080992,322004.0,407645.0,1056.0,1260.0,1.0211866420681956,0.9326554570542093,1.086718107157657,1.1045743216086048,0.0035902898738051636,-0.08341538956899808,0.07235167325755576,0.08997182821623428
2023-09-10,Gas Stations,2023-09-17,2023-09-24,755300.647579165,756024.1251418453,13819.869569919358,14331.91319709092,743365.0,831598.0,14048.0,14709.0,1.0364964276777997,1.0374892533977653,1.0721804235943486,1.111906062848902,-0.03345023600127339,-0.03252440988195471,-0.03640569168042407,-0.0007033051812215252
2023-09-10,Health,2023-09-17,2023-09-24,764555.7252004188,776827.4403701103,7429.571308710347,7525.684543039384,730446.0,976856.0,7156.0,8688.0,1.0338756900065096,1.0504702004789834,1.0175404106978494,1.0307039023542264,-0.017900367248408933,-0.0021369028413811275,-0.06275119102934945,-0.050626398001843764
2023-09-10,Hotels,2023-09-17,2023-09-24,253625.8985145555,225057.0652997231,674.7708200352217,707.9135630422942,252371.0,261534.0,657.0,667.0,0.9803937352223655,0.869960592272546,1.1208817608558501,1.1759361512330468,0.042698152090756114,-0.07475306158640393,0.08309922959104621,0.13629785400047223
2023-09-10,Jewelry,2023-09-17,2023-09-24,197030.07290153252,187791.76073142778,193.22986625082888,216.58163452919996,177324.0,260407.0,201.0,244.0,0.9389985840991876,0.8949709799906009,0.8743432862028456,0.9800073960597283,0.06923500532654181,0.01910089829940409,-0.04341650370876793,0.07218630955049488
2023-09-10,Miscellaneous Goods and Services,2023-09-17,2023-09-24,1238667.196034567,1283853.4867180109,18792.065363559304,22207.17471378704,1195688.0,1566230.0,19179.0,22260.0,1.0045376069155467,1.0411829047436085,1.0135137590572125,1.197701087494919,-0.003952935964413373,0.0323826288378104,-0.08255307505935139,0.08417588799428999
2023-09-10,Other,2023-09-17,2023-09-24,1789724.0033661867,1840406.1221085205,27207.698022037614,28612.355453348842,1764819.0,2218776.0,25148.0,28138.0,0.9875014916144259,1.0154659530409367,1.1853140203031112,1.2465084714363006,-0.015423918014421778,0.012457700494465707,0.026279582891539865,0.07926353035905254
2023-09-10,Public Utilities,2023-09-17,2023-09-24,108139.20544406824,105917.95933137665,1483.7425161832668,1624.7108799941755,107752.0,128476.0,1483.0,1627.0,1.0924752155019497,1.0700350993971506,1.0909871442524022,1.1946403529368936,-0.053096631051126164,-0.07254661146049879,-0.059136007493172604,0.03025420418146818
2023-09-10,Recreation and Culture,2023-09-17,2023-09-24,266895.0623950826,263107.8809079805,2842.207547078471,3772.8588178840523,260564.0,327403.0,2354.0,2985.0,0.9573422854148146,0.9437578116234784,1.237356354844785,1.6425158110074238,0.06553867747428965,0.05041892097932554,0.04685360850035769,0.38963492371419983
2023-09-10,Restaurants & Café,2023-09-17,2023-09-24,1604010.330986318,1732780.379635225,48367.256578520086,46969.755438891676,1638499.0,1807176.0,50292.0,52182.0,0.9702915640747132,1.048186630893077,1.0289701540994158,0.9992395664101366,-0.019702190018678123,0.05899617884038677,-0.05874641773011935,-0.08594256336567008
2023-09-10,Telecommunication,2023-09-17,2023-09-24,83591.15433655921,96178.28407301559,719.1556731483734,739.9810369857958,81217.0,126110.0,728.0,1039.0,0.8916960481370456,1.025967358689789,1.3479956385161638,1.387030997161754,0.01631818425220022,0.16935505687626096,-0.06115447369664051,-0.03396731463995328
2023-09-10,Transportation,2023-09-17,2023-09-24,705518.3923256921,724610.4753133762,2558.093560616635,2896.2213818897308,666909.0,787360.0,2334.0,2838.0,1.0741066989103805,1.103173176065745,1.116340196647015,1.2638976137419728,0.03665503771194256,0.06470803282147397,-0.004632855791192658,0.1269343898403621
2023-09-17,Beverage and Food,2023-09-24,2023-10-01,1923794.4342846903,1759091.1435989495,44146.48560094326,42877.11213635136,2285797.0,2004231.0,45438.0,45573.0,1.123951329743018,1.0277256211744616,1.159232865514167,1.1259006666146225,0.2265068770682399,0.12150100164738586,0.06778457819618966,0.03708185314317336
2023-09-17,Clothing and Footwear,2023-09-24,2023-10-01,706516.7780537838,704383.476808684,5949.191998036229,5751.365391467685,769004.0,659424.0,5961.0,5299.0,0.9352672471678342,0.9324432423531426,1.163314821673099,1.1246314805372868,0.11561857023221966,0.11225000127694473,0.10662053534900084,0.06982243144860223
2023-09-17,Construction & Building Materials,2023-09-24,2023-10-01,340076.514742335,318336.3497423313,1458.323968609389,1329.6047857318094,409961.0,354292.0,1477.0,1464.0,1.0004898789159926,0.9365312869357515,1.149644437216704,1.0481708992761605,0.03625628391401925,-0.02998875688702074,0.1537373169378078,0.05190252035744414
2023-09-17,Education,2023-09-24,2023-10-01,194169.74152276348,249095.10576176757,147.99563744579675,122.31642405038426,145624.0,161764.0,140.0,164.0,1.4543623928271494,1.8657621481910707,1.2436608188722416,1.0278691096670947,0.5592331225880194,1.0002979688407323,0.08820321651321139,-0.1006145290412922
2023-09-17,Electronic & Electric Devices,2023-09-24,2023-10-01,267496.558420358,260282.09138258465,1316.2674350350376,1210.5019718792578,314617.0,233215.0,1488.0,1253.0,1.1427350312402487,1.111915104941099,1.4512320121665243,1.334621799205356,-0.022622261771221286,-0.048982449422025676,0.1416022853729728,0.049871614812886156
2023-09-17,Furniture,2023-09-24,2023-10-01,336640.27160537115,289170.5356572637,1268.5126463902634,1135.009224803166,407645.0,290465.0,1260.0,1167.0,1.1401292791403355,0.9793593404476105,1.2058105003709727,1.078906107227344,0.045453695001835825,-0.10196601390894611,0.2012430363544162,0.07481934166966475
2023-09-17,Gas Stations,2023-09-24,2023-10-01,797775.6657682796,753725.139319204,15762.692199087332,14367.894343728662,831598.0,791269.0,14709.0,14450.0,1.0931810658885444,1.0328192329537467,1.2142427453751363,1.1067977000907956,0.07319508689308685,0.013936813435128093,0.12205952442250378,0.022771522190252025
2023-09-17,Health,2023-09-24,2023-10-01,812771.5890325294,759661.1863210676,7857.325852388446,7511.676071240372,976856.0,830467.0,8688.0,8558.0,1.0990759204744927,1.0272570164496195,1.0761248856246588,1.0287853278422752,0.11270592081075037,0.03999636704296772,0.09800528960151556,0.04970319609284135
2023-09-17,Hotels,2023-09-24,2023-10-01,267733.8682768315,246733.13042018094,771.1513801849287,748.0279421572286,261534.0,257468.0,667.0,656.0,1.0349282494523788,0.9537496633919896,1.2809823591111773,1.2425713324870906,0.06087414273760272,-0.022339609463127963,0.1737463929755383,0.1385509013047619
2023-09-17,Jewelry,2023-09-24,2023-10-01,193119.6471141177,200264.14072864875,216.6222672609619,246.87614991015255,260407.0,338654.0,244.0,259.0,0.9245770627394939,0.9587819456687839,0.9914062574872399,1.1298679629755266,0.08907788632174829,0.12936850470691352,0.07772272269135283,0.22823955179180366
2023-09-17,Miscellaneous Goods and Services,2023-09-24,2023-10-01,1340754.6702904627,1293497.3911156384,21446.563359708776,22040.188794550435,1566230.0,1423690.0,22260.0,21681.0,1.0873287774683575,1.0490039439024148,1.1454355948251542,1.1771404275135757,0.1213248525455326,0.08180176694558994,0.11823157410233986,0.14918341908078814
2023-09-17,Other,2023-09-24,2023-10-01,1971281.3142288742,1826377.4705568554,28371.019908823797,27230.19980328421,2218776.0,1813018.0,28138.0,26132.0,1.0876778958830144,1.0077254778019877,1.2309803626781124,1.1814817139943252,0.11698781247758228,0.03488089745002476,0.12816207685795278,0.0827978289837843
2023-09-17,Public Utilities,2023-09-24,2023-10-01,112011.06681873478,105488.78248828033,1578.2741809061208,1569.423863432243,128476.0,124728.0,1627.0,1735.0,1.1290072452801554,1.063266363829782,1.1549756172016983,1.1484989853144845,0.03952656859023285,-0.02100394899138458,0.06424422178430267,0.058276374532867825
2023-09-17,Recreation and Culture,2023-09-24,2023-10-01,297126.9310574029,265883.10977253824,2471.0761383846507,2632.872200268476,327403.0,307118.0,2985.0,2935.0,1.0752398119583004,0.9621750002172658,1.0750820702130306,1.1454740919158042,0.14032226653491242,0.02041383219684323,0.049734978073343594,0.11846737479544434
2023-09-17,Restaurants & Café,2023-09-24,2023-10-01,1910844.7424625307,1809718.8624792325,49686.21358137877,47879.24360977762,1807176.0,1751079.0,52182.0,54388.0,1.1559006186249599,1.0947279526128335,1.0431267547316672,1.0051907039338601,0.16621660584628417,0.10449799632421652,-0.012045383333755488,-0.04797495407266317
2023-09-17,Telecommunication,2023-09-24,2023-10-01,99761.53564785887,88351.87459222565,803.9665497796902,689.551535797083,126110.0,112244.0,1039.0,970.0,1.0641911551444239,0.9424803143905279,1.4929740942984033,1.2805042447485293,0.22833317714097867,0.08784952155614767,0.1043496562907833,-0.05281382445455629
2023-09-17,Transportation,2023-09-24,2023-10-01,784495.8949181599,665457.6581864404,2716.7188360059104,2657.7159032171644,787360.0,692420.0,2838.0,2740.0,1.1897153083845566,1.009189682386723,1.1722627124081597,1.1468029787344831,0.17631625141984886,-0.0021762216637646326,0.1639755081430636,0.13869575973314663
2023-09-24,Beverage and Food,2023-10-01,2023-10-08,1777351.850358135,1831760.8737829232,44005.27855338942,44197.77580444614,2004231.0,1833899.0,45573.0,44923.0,1.0383941964017651,1.070181945206147,1.148093572840132,1.1531158079899329,-0.22243670354010658,-0.19863361716594985,-0.03153134923655487,-0.027294867634003794
2023-09-24,Clothing and Footwear,2023-10-01,2023-10-08,657615.6482626864,714054.4211396078,5247.306384724544,5532.06125287134,659424.0,587692.0,5299.0,4751.0,0.8672367420351046,0.9416658977943194,1.0141682227917557,1.069203953009536,-0.1448475583187,-0.07145551760509983,-0.11972716243507064,-0.07195751503584302
2023-09-24,Construction & Building Materials,2023-10-01,2023-10-08,330486.35854338005,345971.55191215937,1495.87861490446,1518.7694338303888,354292.0,338760.0,1464.0,1429.0,0.9722760687928571,1.0178328143101392,1.1723186637182288,1.1902581769830634,-0.19385902916770126,-0.1560866718732773,0.012781729793134744,0.02827991457710821
2023-09-24,Education,2023-10-01,2023-10-08,169172.1648202191,273775.93448768405,125.02035859096597,128.76162538634875,161764.0,104978.0,164.0,143.0,1.2671265486483565,2.0506254994077833,1.0505912486635796,1.082030465431502,0.16170524652680252,0.8800193270867718,-0.10699743863595734,-0.08027410438322313
2023-09-24,Electronic & Electric Devices,2023-10-01,2023-10-08,267352.155885915,251796.1036468999,1255.9210126193125,1308.432940693983,233215.0,208939.0,1253.0,1075.0,1.1421181491551768,1.07566329102055,1.3710928085363674,1.428420240932296,-0.15022978451286806,-0.19967419546019483,-0.15596706141175232,-0.1206767871680221
2023-09-24,Furniture,2023-10-01,2023-10-08,327233.41880719445,303205.7031333965,1217.694060205433,1241.6971797212962,290465.0,261964.0,1167.0,1081.0,1.1082702616537499,1.0268934791912232,1.157503859510868,1.1803205130430572,-0.19725884333870292,-0.256201589291181,-0.0335761426941007,-0.01452604784024114
2023-09-24,Gas Stations,2023-10-01,2023-10-08,746020.2172169578,776930.2390512469,14499.817521136416,14820.607280516078,791269.0,778294.0,14450.0,14404.0,1.0222612837485523,1.064616863224526,1.1169600986893977,1.1416714001090844,-0.1029076341971027,-0.06573820637946837,-0.014221393627274703,0.007587686485558409
2023-09-24,Health,2023-10-01,2023-10-08,752067.0044245224,780179.6127626345,7467.431025092647,7899.2726700613575,830467.0,777856.0,8558.0,8470.0,1.0169877322241074,1.0550031984425172,1.0227256077645206,1.0818698445608925,-0.2301147718552966,-0.20133611017116693,-0.14048906248933613,-0.09078353245150117
2023-09-24,Hotels,2023-10-01,2023-10-08,232852.4369156583,249612.2132062588,702.0079232230491,743.4556413377334,257468.0,253489.0,656.0,637.0,0.8957620029915803,0.9602353277229718,1.1546182947747519,1.2227888837791667,-0.10966667081274983,-0.04558408005743497,0.05248564201356687,0.11462614893213408
2023-09-24,Jewelry,2023-10-01,2023-10-08,242453.26069115385,246753.5934709872,234.99712851633467,243.21804246462946,338654.0,253313.0,259.0,213.0,1.160766017188173,1.1813542334043676,1.0755017323402045,1.1131260524697,-0.06894491818133208,-0.05243102731114291,-0.03689701427731695,-0.003204743997420212
2023-09-24,Miscellaneous Goods and Services,2023-10-01,2023-10-08,1335556.3474535868,1349914.639329085,20717.94781878748,22822.41889433717,1423690.0,1267106.0,21681.0,20485.0,1.0831130278309675,1.0947573534465829,1.1065211001568873,1.21891841238749,-0.14727955188344832,-0.138112129553715,-0.06927458136624076,0.025265898218201688
2023-09-24,Other,2023-10-01,2023-10-08,1829021.132393307,1864635.292634432,27384.424247064497,28323.137841206233,1813018.0,1632938.0,26132.0,25288.0,1.0091841496429588,1.0288346858678508,1.184396187321677,1.2249962303190274,-0.17566210721888686,-0.15961084280953464,-0.02678142557877261,0.006579637543757011
2023-09-24,Public Utilities,2023-10-01,2023-10-08,107714.25360360487,105995.4278492997,1489.284356211398,1589.6774226588009,124728.0,119489.0,1735.0,1702.0,1.085697834975657,1.0683730581915463,1.0811501678485649,1.1540307968484942,-0.161600193004103,-0.1749787676352027,-0.08464391136361515,-0.02293950666330613
2023-09-24,Recreation and Culture,2023-10-01,2023-10-08,274799.29877469037,275855.39482786466,2435.7222107236835,2710.876466197874,307118.0,263519.0,2935.0,2501.0,0.9944408111686351,0.9982626004543921,1.0597007660316222,1.1794111229923314,-0.16066957610440236,-0.15744389994024288,-0.1840126597240591,-0.09183367966570388
2023-09-24,Restaurants & Café,2023-10-01,2023-10-08,1777987.47994874,1759475.9439924837,48140.90266506914,47983.69952780186,1751079.0,1686652.0,54388.0,53183.0,1.075533130615127,1.064335205745543,1.0085560711269919,1.0052626518158876,-0.01615145400960394,-0.026394803830681823,-0.07744236202006172,-0.0804549551990752
2023-09-24,Telecommunication,2023-10-01,2023-10-08,99181.41536698579,88539.68976681845,760.3038291767978,781.3220554485182,112244.0,100005.0,970.0,922.0,1.058002809427652,0.9444838044762166,1.3989030895617254,1.4375750790221127,-0.2135325083896139,-0.29791697909112325,-0.268235005604622,-0.2480057214162481
2023-09-24,Transportation,2023-10-01,2023-10-08,699774.4515458288,717830.8098202313,2644.8389293149567,2844.4934162078357,692420.0,677825.0,2740.0,2564.0,1.0612322930094251,1.0886153883090808,1.1324508367865367,1.2179376648288742,-0.1112395199834525,-0.08830673412386802,-0.06806239277133308,0.0022880254432120495
2023-10-01,Beverage and Food,2023-10-08,2023-10-15,1786950.51546539,1629505.7897850785,44175.0231655466,42301.6464388378,1833899.0,1657085.0,44923.0,42135.0,1.0393691694706602,0.9477923785345876,1.1486712127815537,1.0999583030316011,-0.10841089901044842,-0.18696707625763775,-0.03067554987500065,-0.07178271259654179
2023-10-01,Clothing and Footwear,2023-10-08,2023-10-15,700513.9724228836,713127.8609794283,5519.874822220976,5211.242124229064,587692.0,537346.0,4751.0,4076.0,0.9238093053275681,0.9404439879800739,1.058461135612843,0.9992794102069154,0.06231191528194846,0.08144056173179659,0.041682359354779486,-0.01656121452555881
2023-10-01,Construction & Building Materials,2023-10-08,2023-10-15,318381.1259656223,331848.1535880824,1424.1723176492094,1315.9366317974996,338760.0,325295.0,1429.0,1333.0,0.9366630165797485,0.976282408837876,1.1074434818423091,1.0232788738705285,-0.10135953968584577,-0.06334844256127037,-0.027204701059283187,-0.10113618046618877
2023-10-01,Education,2023-10-08,2023-10-15,125799.94401170692,220579.68888054817,159.5084510869604,180.33872908580605,104978.0,82288.0,143.0,125.0,0.9145495151846323,1.6035861471171189,1.340407151991264,1.51545150492274,-0.22232422534243146,0.36358948147021697,-0.027387493372192595,0.09962639686467112
2023-10-01,Electronic & Electric Devices,2023-10-08,2023-10-15,228962.82343789004,223521.78572052508,1190.9942654850302,1169.504721549616,208939.0,192613.0,1075.0,976.0,0.9811360891217193,0.9578205203030663,1.2868657649757214,1.2636463766068244,-0.018232860502583326,-0.041563425506399354,-0.049485821640039784,-0.06663629565074536
2023-10-01,Furniture,2023-10-08,2023-10-15,263553.0833415554,283207.3720087674,1155.967884968485,1094.1168171307536,261964.0,239244.0,1081.0,972.0,0.8925984567813842,0.9591633685291768,1.0931138392136972,1.034625831802131,-0.09265115128653922,-0.024986239275756494,-0.009453397627690707,-0.062453455757709
2023-10-01,Gas Stations,2023-10-08,2023-10-15,791158.6721702904,756491.6151557717,15455.208242361467,14537.088585356236,778294.0,711827.0,14404.0,13516.0,1.0800174353983425,1.0326931408836644,1.1863525804921486,1.1158770742933208,-0.00013943150775475033,-0.04395140570934575,0.06956458424646828,0.006026891720154692
2023-10-01,Health,2023-10-08,2023-10-15,787247.1626221163,732575.836496319,7665.71060940946,7431.11545087475,777856.0,703279.0,8470.0,7790.0,1.064560340906805,0.9906306675568831,1.0498816146558185,1.0177518935663563,-0.05204281130723287,-0.117874838498918,-0.10426377548382104,-0.131676156710125
2023-10-01,Hotels,2023-10-08,2023-10-15,251410.85127691957,269057.25467446743,717.9837805287254,723.0824677300658,253489.0,265073.0,637.0,597.0,0.9671545236831823,1.0350386217083636,1.1722184171897558,1.1805428044572503,-0.023525831260896246,0.0450124080447567,0.09448747031817906,0.10225985934461246
2023-10-01,Jewelry,2023-10-08,2023-10-15,351208.9952111461,241229.63230341178,237.09101639928522,228.4550646158473,253313.0,174234.0,213.0,173.0,1.681443530228325,1.1549077901381064,1.0850847432461566,1.0455609364569671,0.03707322285030168,-0.2876811367844119,-0.08459067027303002,-0.11793411345232696
2023-10-01,Miscellaneous Goods and Services,2023-10-08,2023-10-15,1327450.6438489475,1281868.3285938515,21287.035605029287,21529.647665083456,1267106.0,1130507.0,20485.0,18780.0,1.0765394428297355,1.0395729759445123,1.1369154060421014,1.1498730293526027,-0.06759853349468814,-0.09961555634031882,-0.018170951292408755,-0.006980874263942782
2023-10-01,Other,2023-10-08,2023-10-15,1853102.2964995052,1709552.597877461,26975.171432934963,26020.281909068377,1632938.0,1465922.0,25288.0,23265.0,1.0207739421757729,0.9417001684087415,1.1616964076111609,1.120573713273546,0.022109155286657467,-0.05706805013658933,0.0322658592122671,-0.004275145068560526
2023-10-01,Public Utilities,2023-10-08,2023-10-15,104870.29855476922,109532.60624110754,1585.3021188447647,1638.5847697602317,119489.0,106712.0,1702.0,1576.0,1.0437815555134464,1.0901858361934234,1.1409155227382257,1.1792621588774608,-0.15920804827489243,-0.12182824833952643,-0.08628119951310398,-0.05557073789035638
2023-10-01,Recreation and Culture,2023-10-08,2023-10-15,281732.4635949356,276635.5888895013,2663.003125158747,2689.51051529559,263519.0,225453.0,2501.0,2172.0,1.0195304750744498,1.0010859585160115,1.158583043358167,1.170115516769889,-0.08265727311673166,-0.09925309200534882,-0.09267355190502657,-0.083642073153121
2023-10-01,Restaurants & Café,2023-10-08,2023-10-15,1775909.69093023,1748720.9343092013,49173.07252959779,49782.016363403236,1686652.0,1529958.0,53183.0,49362.0,1.0733827970358563,1.0569495607182369,1.0254323986694984,1.0381310303398759,0.01418022312541578,-0.001346635811861563,-0.0958837881591934,-0.0846874979149217
2023-10-01,Telecommunication,2023-10-08,2023-10-15,95016.53687203853,89139.9760891175,768.0433412948057,738.1240831385708,100005.0,83530.0,922.0,850.0,1.013574595409184,0.9508872684024311,1.3926443178509622,1.338393623098043,-0.1534822629981244,-0.20583749608783097,-0.20820274093319002,-0.2390473369705456
2023-10-01,Transportation,2023-10-08,2023-10-15,676445.5803247665,689842.4088281809,2680.705514273569,2733.1783159443326,677825.0,626193.0,2564.0,2264.0,1.0221808889303432,1.042424915156212,1.138545557134665,1.160831733253061,-0.023070419218441884,-0.0037225833624376925,-0.021640323257821503,-0.0024896657137472022
2023-10-08,Beverage and Food,2023-10-15,2023-10-22,1616566.1336507718,1820302.543849137,43213.82094904753,44016.4703237716,1657085.0,2141697.0,42135.0,44843.0,0.9334180200053189,1.0510570281793157,1.1123534955609546,1.1330142429347372,-0.1185086345263443,-0.0074139612655130804,-0.03804685909116645,-0.020179633511305917
2023-10-08,Clothing and Footwear,2023-10-15,2023-10-22,713883.9959871441,784136.7660159209,5339.20601585069,5593.149506375567,537346.0,741997.0,4076.0,5323.0,0.9414411480421292,1.0340876408067918,1.0238170691947632,1.0725118900049027,0.21472471292300055,0.3342648292233361,0.12380678085680707,0.17725731559157376
2023-10-08,Construction & Building Materials,2023-10-15,2023-10-22,346103.1414803221,334729.2254625757,1375.7278356505024,1392.085519166941,325295.0,345855.0,1333.0,1461.0,1.0252690276779308,0.9915758234887733,1.0639813114079677,1.0766322654036666,0.021676530524034954,-0.011898614173527888,-0.037279331245274716,-0.025832386867081225
2023-10-08,Education,2023-10-15,2023-10-22,121245.9246726674,202144.30998434956,144.50291371939272,172.70697548852706,82288.0,107340.0,125.0,139.0,0.8814423766133112,1.4695632986634308,1.214310199322628,1.4513191217523282,0.1549650848050772,0.9255873610123031,0.010509886149599357,0.20774108733235708
2023-10-08,Electronic & Electric Devices,2023-10-15,2023-10-22,231469.23378127287,237306.90313490902,1172.7869114335094,1264.404157345603,192613.0,229414.0,976.0,1147.0,0.9918763901239384,1.0168915781497183,1.2603835695147871,1.3588438015535764,0.10783163402367602,0.13577122095400584,0.09096456877535752,0.17618991380986326
2023-10-08,Furniture,2023-10-15,2023-10-22,267833.86551337346,282599.78954253515,1167.362480867713,1167.542436671247,239244.0,278813.0,972.0,1126.0,0.9070965590685434,0.9571056154387928,1.1023252888269244,1.1024952187641615,0.022407145689382624,0.07877337932897333,0.07989128664913325,0.08005775825277239
2023-10-08,Gas Stations,2023-10-15,2023-10-22,776269.0572761648,797800.4394466189,15264.202006443562,14648.395502032077,711827.0,817008.0,13516.0,14719.0,1.0542929650691806,1.0835358989949238,1.1641842662123756,1.1172173665890308,-0.0026017709552370594,0.02506307314025147,0.05971966165256615,0.01696719675312952
2023-10-08,Health,2023-10-15,2023-10-22,743000.8567939503,810847.1965740222,7482.241098369135,7820.1621991209595,703279.0,804938.0,7790.0,8280.0,0.9968603052749685,1.0878875529107108,1.024753968139305,1.0710350200809367,-0.04480924902044814,0.04241298720331543,-0.11661852439561571,-0.07672229054061874
2023-10-08,Hotels,2023-10-15,2023-10-22,265623.09280653053,268021.1485761046,703.0270171935515,705.4383558372958,265073.0,311182.0,597.0,683.0,1.0218277154616118,1.0310528164220851,1.1477992117445739,1.151736091162932,0.04786832093909621,0.05732851751399304,0.10365308821593633,0.10743854919512685
2023-10-08,Jewelry,2023-10-15,2023-10-22,254773.9299200251,219514.51883345508,208.68466450864403,209.68040258229044,174234.0,182485.0,173.0,195.0,1.2197522898789224,1.0509448007212743,0.9594697218788232,0.9640478279645538,0.00576729153270894,-0.13342576640971815,-0.020259791039229924,-0.01558496440239232
2023-10-08,Miscellaneous Goods and Services,2023-10-15,2023-10-22,1251657.2476989413,1331916.202701089,20504.742223584803,21730.949831422273,1130507.0,1362971.0,18780.0,21031.0,1.0136046043360802,1.0785991118012312,1.0951340413696586,1.160624340076496,-0.012192154642988617,0.05114820914831819,0.0009637404727753651,0.060822544858299965
2023-10-08,Other,2023-10-15,2023-10-22,1819553.9093392396,1915872.1743007859,26535.51107087024,27429.23729914763,1465922.0,1891557.0,23265.0,25923.0,1.002293948124763,1.0553504767438535,1.1385943691776723,1.176942665857743,0.11428229935198986,0.1732669423461184,0.049332136620936495,0.08467404694509773
2023-10-08,Public Utilities,2023-10-15,2023-10-22,112344.74988476536,108414.22792168093,1521.7121761520186,1611.48205334143,106712.0,124108.0,1576.0,1733.0,1.0969238794427285,1.0585466218992845,1.0873255992511743,1.1514698487612933,-0.059790023476927856,-0.09268444859626468,-0.10592704103876693,-0.05318328240809056
2023-10-08,Recreation and Culture,2023-10-15,2023-10-22,270847.4432828876,270014.97879502893,2563.756404904692,2704.181572128621,225453.0,259789.0,2172.0,2350.0,0.980139878093432,0.9771273643633516,1.112741495184328,1.173689918458603,0.027809923697674765,0.02465089346509708,0.025092524951896067,0.0812401327983292
2023-10-08,Restaurants & Café,2023-10-15,2023-10-22,1727477.1313361833,1810033.9704430667,49290.69330971069,49394.97686120377,1529958.0,1804435.0,49362.0,53723.0,1.0421914432000758,1.0919981988057423,1.0243499098009246,1.026517110937546,0.02420483379866334,0.07315200197970095,-0.07318704643004925,-0.07122620271132174
2023-10-08,Telecommunication,2023-10-15,2023-10-22,95730.71321609433,98325.94671937759,759.9137356234934,881.1857095585638,83530.0,108949.0,850.0,945.0,1.0211929639880348,1.0488772264825226,1.3618525728019595,1.5791858594239494,-0.04274073080251661,-0.016789693321557997,-0.1757985513844974,-0.044267126292230174
2023-10-08,Transportation,2023-10-15,2023-10-22,709547.9030230979,747670.4456327406,2663.337932647364,2927.1835755111306,626193.0,789379.0,2264.0,2708.0,1.0693636367409713,1.1268183351949714,1.1174063069634421,1.2281030314710009,0.046801022421860905,0.10304347823219939,0.038743343466210556,0.1416472603397545
2023-10-15,Beverage and Food,2023-10-22,2023-10-29,1884085.640430651,2026943.5388868994,43264.168036410185,45807.653997926,2141697.0,2070456.0,44843.0,44751.0,1.087885890594286,1.1703731665203319,1.1021594751212662,1.1669550618516837,0.13698792785563252,0.22319829030309202,0.02679881420221153,0.08716397289488542
2023-10-15,Clothing and Footwear,2023-10-22,2023-10-29,702159.8652037692,841929.9248879617,4579.24244597422,5876.016244676235,741997.0,848197.0,5323.0,6153.0,0.9259798417142937,1.1103029056723948,0.8780905936671562,1.1267528752974565,0.3067183252574117,0.566830170668362,0.12346478066099609,0.441613406446574
2023-10-15,Construction & Building Materials,2023-10-22,2023-10-29,346731.27878473606,385028.6441279197,1347.2537081509772,1456.8440811133362,345855.0,359401.0,1461.0,1586.0,1.0311710893226351,1.1450665996369358,1.0403503537845384,1.1249761244118426,0.06589796579946228,0.18362914931960117,0.010692954351820827,0.0929062874068538
2023-10-15,Education,2023-10-22,2023-10-29,130251.56369913493,177069.40018372482,128.09730099336235,159.4215865889263,107340.0,144745.0,139.0,150.0,0.9469122213758592,1.2872719090955176,1.0764479075072466,1.3396771982262714,0.5828743401119838,1.1518252987522462,0.024778407946898895,0.2753726927114104
2023-10-15,Electronic & Electric Devices,2023-10-22,2023-10-29,228882.63162321525,256093.40626470445,1118.6012668557262,1253.1228112566746,229414.0,244948.0,1147.0,1254.0,0.980792456551819,1.0973942376307693,1.199572404134827,1.343831432983029,0.18830313438457025,0.3295748794977724,0.1461078553849653,0.28393730661544536
2023-10-15,Furniture,2023-10-22,2023-10-29,264763.0477256496,318582.6241555089,1137.734642011605,1244.3401529144198,278813.0,305502.0,1126.0,1250.0,0.8966963498066131,1.0789718529304486,1.0743481038825355,1.1750143087010574,0.1066653614119879,0.33162221061137953,0.17050889095844135,0.2801853425045471
2023-10-15,Gas Stations,2023-10-22,2023-10-29,782129.1638783792,876674.0504411026,15417.665873182466,15159.433723276541,817008.0,825114.0,14719.0,14748.0,1.06225189259226,1.190658413310864,1.1700881017859421,1.1504901698688226,0.09876299139872358,0.23158302570863798,0.14069738629642403,0.12159172264549722
2023-10-15,Health,2023-10-22,2023-10-29,792440.5225009564,887859.4870447186,7887.937392270631,8622.515663610315,804938.0,812987.0,8280.0,8314.0,1.063191911488777,1.1912124612019446,1.0803173857797208,1.1809238736712067,0.12677973108959084,0.26245698655116767,0.012572194129734315,0.10686978993713914
2023-10-15,Hotels,2023-10-22,2023-10-29,274062.3890508847,323904.96738339396,655.265874358876,745.310003229129,311182.0,297207.0,683.0,724.0,1.0498604235294657,1.2407941396777737,1.0698218356879607,1.2168326583332718,0.0339128807946667,0.22194628416848938,0.09759777949560466,0.24842546604544236
2023-10-15,Jewelry,2023-10-22,2023-10-29,203240.89672868053,223790.00339207024,198.7253484998733,229.68681153992335,182485.0,205052.0,195.0,219.0,0.9848397981711471,1.0844141377096432,0.9136797632178082,1.056031317424935,0.1664824128969118,0.2844221184847402,0.14870143641545264,0.32766943086660905
2023-10-15,Miscellaneous Goods and Services,2023-10-22,2023-10-29,1293848.6707129397,1399746.300375453,20012.3626177649,21872.91485803694,1362971.0,1493668.0,21031.0,22178.0,1.0477716422445016,1.133528605831404,1.062368287605303,1.161136820599174,0.14448532447206408,0.23815801262217118,0.06562101266053766,0.16469195197214814
2023-10-15,Other,2023-10-22,2023-10-29,1840963.3173552009,1872547.2332594588,26658.236842937265,26232.38745416177,1891557.0,1964644.0,25923.0,27082.0,1.0140872343677216,1.0314851073334173,1.1438603266583967,1.1255878421043002,0.255839885993389,0.27738531331098026,0.1458515728750167,0.12754727935361143
2023-10-15,Public Utilities,2023-10-22,2023-10-29,113008.20368332055,129180.23622922451,1515.948428018054,1723.8051169144774,124108.0,129196.0,1733.0,1763.0,1.0913974540735678,1.2475818245220607,1.072478548297173,1.2195296193240024,0.05900183375178569,0.2105502308008893,-0.03810378932864589,0.09378497266147034
2023-10-15,Recreation and Culture,2023-10-22,2023-10-29,272746.7482527778,303445.7355645522,2490.1340441768198,2813.0671242079634,259789.0,301053.0,2350.0,2550.0,0.987013062935373,1.098106235226933,1.0807873455628558,1.2209492726597064,0.2097720955266853,0.34593789199767655,0.1464705544092173,0.29515060967217477
2023-10-15,Restaurants & Café,2023-10-22,2023-10-29,1677325.857286707,1863044.0379619075,47930.68030827161,49619.940175743934,1804435.0,1917441.0,53723.0,56830.0,1.0119350492184558,1.1239793103176856,0.9945156200492086,1.0295661412126556,0.09632150509145165,0.21770926911843813,-0.028996387742157848,0.005225480647946368
2023-10-15,Telecommunication,2023-10-22,2023-10-29,100110.178839093,109420.20667075235,778.2830837725298,892.1177169979711,108949.0,109563.0,945.0,815.0,1.0803684193161565,1.1808403210639884,1.3860785107257878,1.5888116064077846,0.1984937009349097,0.30995099569917817,-0.08437284262055311,0.04955025529173063
2023-10-15,Transportation,2023-10-22,2023-10-29,751080.1895848166,762113.4751514568,2683.6854051254086,2890.5616860687796,789379.0,750624.0,2708.0,2924.0,1.1319571794892216,1.1485855062427432,1.125943111023876,1.2127382781912228,0.19943881452653822,0.21705843909378864,0.18537341215786607,0.2767498613378001
2023-10-22,Beverage and Food,2023-10-29,2023-11-05,2009987.8852252346,1861127.7798261112,45556.42034876542,45005.503275508534,2070456.0,1821217.0,44751.0,43661.0,1.1605828385286,1.0746298410315918,1.1537360165315662,1.1397838037661079,-0.06149754833422538,-0.1310032278953973,0.015909291277689253,0.003623827030049931
2023-10-22,Clothing and Footwear,2023-10-29,2023-11-05,734111.1337693004,748122.4901305384,5636.810534370962,5599.499900549039,848197.0,723266.0,6153.0,5342.0,0.9681158737990889,0.9865934800943682,1.0709243914450388,1.063835831775252,-0.010627895032863433,0.008255410912090477,0.05895369798440009,0.05194437357674975
2023-10-22,Construction & Building Materials,2023-10-29,2023-11-05,341443.668633627,345775.6020278734,1413.0120933068438,1427.1593211804477,359401.0,352081.0,1586.0,1535.0,1.0154458546724967,1.0283289279639358,1.0890266615081647,1.0999301126631582,-0.012754857863477409,-0.00022957011500945868,-0.03284593202816988,-0.023162682285798986
2023-10-22,Education,2023-10-29,2023-11-05,136917.39019724858,198391.46496901987,145.24669999917543,156.67656364489315,144745.0,133778.0,150.0,141.0,0.9953719280955012,1.4422805950319137,1.2205605041947516,1.3166097785285138,0.275548632357449,0.8482528877307609,0.04494028776385206,0.1271695226251306
2023-10-22,Electronic & Electric Devices,2023-10-29,2023-11-05,252976.78834251128,241107.82499152463,1164.4529212160871,1119.6542805200145,244948.0,222359.0,1254.0,1122.0,1.0896234568030672,1.038501371809004,1.2434094193444605,1.195573177277111,0.1027085894605877,0.05097258664041693,0.015216147529282686,-0.02384108062771184
2023-10-22,Furniture,2023-10-29,2023-11-05,270005.0976952171,291190.4194913031,1150.3779252839836,1156.1992911804182,305502.0,278036.0,1250.0,1140.0,0.9211779859513358,0.9934560734038866,1.0821993652718567,1.087675720771795,-0.031590716016767106,0.044393265347394406,0.021650022454692275,0.026819974405344782
2023-10-22,Gas Stations,2023-10-29,2023-11-05,885382.8390912698,791146.5483539723,15779.786841788931,14989.145384771793,825114.0,765171.0,14748.0,14073.0,1.2024862898983486,1.0744988898502734,1.1919168246687009,1.132196191915688,0.08368931404743862,-0.03165385362937423,0.07206921949785516,0.01835351482925418
2023-10-22,Health,2023-10-29,2023-11-05,921699.8368191493,794123.3161103469,8518.723903656777,8174.599429108569,812987.0,744996.0,8314.0,7832.0,1.2366149679397072,1.0654496614440194,1.1667087452792957,1.1195780906811708,0.14505693211048465,-0.013435424703086563,0.028831389330528534,-0.012729537547274239
2023-10-22,Hotels,2023-10-29,2023-11-05,290950.95615107444,288323.48096576525,693.7998396068277,722.2027943639719,297207.0,254455.0,724.0,626.0,1.1098538299313356,1.0998311325116688,1.1226534621469704,1.168612935864032,-0.06501354142889226,-0.07345707346258701,0.015812356671782934,0.057397941967747945
2023-10-22,Jewelry,2023-10-29,2023-11-05,217176.7404992265,203964.94907772896,218.08128618262833,220.1423851484072,205052.0,192350.0,219.0,199.0,1.065550338168041,1.0007283467125034,1.0073038622754196,1.0168239498771694,0.19010735402485945,0.11770802574309647,0.11836557016732474,0.1289353084533702
2023-10-22,Miscellaneous Goods and Services,2023-10-29,2023-11-05,1408239.739382464,1351232.369014673,23493.796316779557,23871.459783613143,1493668.0,1342001.0,22178.0,21405.0,1.140406678003303,1.0942415371932979,1.2471822862258557,1.2672307781612817,0.033213281414251616,-0.00861253173055554,0.11710314853214565,0.1350606145030262
2023-10-22,Other,2023-10-29,2023-11-05,1907268.413648258,1750384.935312214,26753.91670601232,26056.2537204478,1964644.0,1735109.0,27082.0,25918.0,1.0477453099248542,0.961562406954805,1.1418658431930142,1.1120893606678532,0.008306074650807682,-0.07463273096596401,0.032053261814308565,0.005140366487204284
2023-10-22,Public Utilities,2023-10-29,2023-11-05,119752.00762915099,115075.79854774325,1694.0848664071345,1708.3135163050285,129196.0,117909.0,1763.0,1700.0,1.1526586034454145,1.1076483131303974,1.1900842054142147,1.200079744506518,-0.035098401157451664,-0.07277694791839973,-0.022455356949143357,-0.014244941543549605
2023-10-22,Recreation and Culture,2023-10-29,2023-11-05,290295.7922612302,282182.4723608038,2802.179809364212,2692.2683726602063,301053.0,277380.0,2550.0,2797.0,1.059170245974165,1.029568070318554,1.2162238755921058,1.1685192589671034,0.11742911463237538,0.08619869340427733,0.19241694015498378,0.14564611602561972
2023-10-22,Restaurants & Café,2023-10-29,2023-11-05,1824077.4192366437,1737404.911527369,49714.11526816962,49061.50032465818,1917441.0,1748604.0,56830.0,54895.0,1.093458511776596,1.0415019499046825,1.0296828000283675,1.0161657862235285,0.010885634138466438,-0.03714741094726659,-0.0746213862187588,-0.08676916172480731
2023-10-22,Telecommunication,2023-10-29,2023-11-05,112201.7747656109,98899.79669915092,895.961533002393,886.5815311978446,109563.0,110844.0,815.0,782.0,1.2108584307178798,1.06730622469757,1.5581939704389445,1.5418809238223383,0.029855939619555016,-0.09223768277679545,-0.051892557669425354,-0.06181848550492641
2023-10-22,Transportation,2023-10-29,2023-11-05,800434.2061239042,727377.9559331562,2775.7934332740742,2849.60251632357,750624.0,680553.0,2924.0,2700.0,1.2063388954933838,1.0962354097980798,1.1508264648731652,1.1814272455736194,0.014004940749505979,-0.0785440758708349,0.025034502686142712,0.05229044177384412
2023-10-29,Beverage and Food,2023-11-05,2023-11-12,1861418.4633272535,1769765.0981734314,44858.428958862794,44531.00263369945,1821217.0,1647870.0,43661.0,41810.0,1.074797683974999,1.021876308939447,1.1323168114008757,1.124051913563779,-0.10096207631205234,-0.1452293126859825,0.002400593480878621,-0.004916032408226689
2023-10-29,Clothing and Footwear,2023-11-05,2023-11-12,784340.5696006799,739789.4929176315,5539.810901593983,5257.712462702256,723266.0,735381.0,5342.0,5411.0,1.0343564086764865,0.9756042626488883,1.0430824518158506,0.9899665717759849,-0.0752849048031532,-0.127809349811858,-0.09965693131903419,-0.1455042316427343
2023-10-29,Construction & Building Materials,2023-11-05,2023-11-12,337623.4067122682,346909.42110652715,1445.8945556196777,1460.8060046682888,352081.0,340809.0,1535.0,1465.0,1.0040844809286786,1.0317008806142072,1.112226581245906,1.1236969266679144,-0.06059413659876245,-0.03475666148250245,-0.08833886783122469,-0.07893694535416851
2023-10-29,Education,2023-11-05,2023-11-12,123623.59069931063,157226.61736253323,130.879028014415,157.74029636926346,133778.0,137179.0,141.0,121.0,0.8987277047509388,1.1430174139794789,1.0998237648270168,1.3255487089854072,-0.1459215123195231,0.0862317687141747,-0.12747314657056663,0.05160197579508985
2023-10-29,Electronic & Electric Devices,2023-11-05,2023-11-12,239213.5316512969,235576.85433594038,1134.6772356500394,1045.5948842125495,222359.0,209532.0,1122.0,991.0,1.0303422578005543,1.0146783349023358,1.2000816876256366,1.10586449943157,-0.023410962117278444,-0.038257694139407605,-0.0951537195773211,-0.16619227734246456
2023-10-29,Furniture,2023-11-05,2023-11-12,277988.5037430874,287375.97858468245,1144.6031465684366,1143.1388889443608,278036.0,273361.0,1140.0,1090.0,0.9484150194999033,0.9804423228418229,1.0767668359063374,1.0753893593079593,-0.09005995462194227,-0.05933192390006459,-0.08431748274525075,-0.08548888884451133
2023-10-29,Gas Stations,2023-11-05,2023-11-12,819536.2770721215,753840.4434441332,14288.545412882637,15131.726929050837,765171.0,776542.0,14073.0,14271.0,1.1098639133763781,1.0208947767527092,1.0743267227731306,1.1377238292519427,-0.006759942175115774,-0.08638025358419177,-0.03115368776222971,0.026018913008600375
2023-10-29,Health,2023-11-05,2023-11-12,812955.2358274243,752641.8935537437,8265.060223911565,9587.685154799417,744996.0,681628.0,7832.0,7229.0,1.0907158412423634,1.0097953735991227,1.1319674346246067,1.313111710579938,-3.907094772204189e-05,-0.074226410073293,-0.005886429647394165,0.15319763709398804
2023-10-29,Hotels,2023-11-05,2023-11-12,272521.534963753,276197.61466094584,705.2745080151718,690.8558922249692,254455.0,348688.0,626.0,713.0,1.0325836230543608,1.0465122826476982,1.1284392128242748,1.1053694275599508,-0.08305815487605261,-0.07068940280361558,-0.025863939205563735,-0.04577915438540159
2023-10-29,Jewelry,2023-11-05,2023-11-12,195953.21097482886,188539.25086693984,196.6944972971407,197.7587715119738,192350.0,191069.0,199.0,201.0,0.9614197622608025,0.9250441002908981,0.90851961800065,0.9134354342354448,-0.04437308109733695,-0.08052956875846207,-0.1018516105153392,-0.0969919109042292
2023-10-29,Miscellaneous Goods and Services,2023-11-05,2023-11-12,1344583.2496574377,1320164.518672113,21309.075292412163,21351.314808484633,1342001.0,1308206.0,21405.0,20957.0,1.088857013588562,1.0690824801016416,1.1312050586549256,1.1334473687317654,-0.09981116977973847,-0.11615933482399499,-0.03917957920406878,-0.0372750108898624
2023-10-29,Other,2023-11-05,2023-11-12,1774193.884002923,1653344.1592469667,26104.932871074525,26165.06728445962,1735109.0,1687863.0,25918.0,24758.0,0.9668397055237206,0.9009831419602995,1.1033594484699392,1.1059011088340676,-0.09693874106305111,-0.15845101746323165,-0.03607810091298558,-0.033857644027043055
2023-10-29,Public Utilities,2023-11-05,2023-11-12,121707.10505221941,136632.83187922917,1681.5234357211705,1645.2926494229173,117909.0,114275.0,1700.0,1663.0,1.1639317466298102,1.3066721995230661,1.1767133909875231,1.1513594467620134,-0.05796537778089561,0.057562400377946465,-0.04621472732775356,-0.06676537185313824
2023-10-29,Recreation and Culture,2023-11-05,2023-11-12,278408.54734299274,274521.4625279464,2454.6853328948355,2481.4116270168774,277380.0,272604.0,2797.0,2229.0,1.0157985662610993,1.0016161885297328,1.06540162018005,1.0770015742260752,-0.07521749544766954,-0.0881291250113887,-0.03737830082555471,-0.026897401169851953
2023-10-29,Restaurants & Café,2023-11-05,2023-11-12,1770653.6820877092,1628392.5061701708,50189.91699211911,49639.55763308019,1748604.0,1756779.0,54895.0,54021.0,1.0527770908045981,0.9681929011169117,1.0354414299413912,1.024087259305995,-0.07655375988741808,-0.15074700803301333,-0.11684115797784422,-0.1265254683603697
2023-10-29,Telecommunication,2023-11-05,2023-11-12,100644.15161681343,92193.78195254182,865.5698400500186,862.5778296222193,110844.0,90783.0,782.0,721.0,1.0861309434921536,0.9949362955283318,1.462111216300707,1.4570571446321272,-0.08140383508288906,-0.15853178579865634,0.062048883496955254,0.05837770505793771
2023-10-29,Transportation,2023-11-05,2023-11-12,674775.0714921074,698146.8850388675,2670.2797596494347,2673.7291448174974,680553.0,698869.0,2700.0,2570.0,1.0169573066999245,1.0521810983919446,1.0937045912961028,1.095117405208887,-0.10104783288023389,-0.06991132039627368,-0.08677162802686911,-0.08559194773683398
2023-11-05,Beverage and Food,2023-11-12,2023-11-19,1752019.7225837966,1878063.1086890765,42805.02348816497,44120.809421722006,1647870.0,1596853.0,41810.0,39275.0,1.0051984714406916,1.0775142207527983,1.0785925386323885,1.1117474530494886,-0.03799507549962655,0.031213253933538132,-0.019605059706260364,0.010531353421176837
2023-11-05,Clothing and Footwear,2023-11-12,2023-11-19,685856.0926189,786794.9858283661,5115.670706264007,5456.894071979847,735381.0,849552.0,5411.0,5984.0,0.9044790902392691,1.0375931928657314,0.9605991374075687,1.0246726264162702,-0.05172358078646033,0.08783626747056572,-0.04236789474653557,0.02150768850240481
2023-11-05,Construction & Building Materials,2023-11-12,2023-11-19,367431.9520461784,364819.1325296647,1501.0998761250685,1470.7578710521516,340809.0,327733.0,1465.0,1376.0,1.0927344298771104,1.084963962913501,1.1515917730150123,1.1283144388585742,0.04360062612347271,0.036179551096664486,-0.02208477125402708,-0.04185154980315853
2023-11-05,Education,2023-11-12,2023-11-19,132786.38082731614,189466.0516777124,138.57095300901827,151.88472167956587,137179.0,67888.0,121.0,71.0,0.9541479212266955,1.361424554423356,1.159589564929023,1.2710018550591287,-0.0074124233632125724,0.41627212006243486,-0.017227283623983958,0.07719660765649561
2023-11-05,Electronic & Electric Devices,2023-11-12,2023-11-19,227696.7355263634,246079.24321470715,1098.472257577034,1163.0513580275,209532.0,216151.0,991.0,940.0,0.9888314533962023,1.0686622061406885,1.1400853737177312,1.2071109061001557,0.02400503476973448,0.1066754357354871,-0.020969467400147934,0.03658766312611417
2023-11-05,Furniture,2023-11-12,2023-11-19,265078.9902977899,293763.132361726,1118.9137099023078,1170.6835279268616,273361.0,292921.0,1090.0,1103.0,0.9109024535416327,1.0094710174041381,1.0471817593844714,1.0956326887476477,-0.04660191378889811,0.0565650935912112,-0.018496745699730033,0.026915375374439998
2023-11-05,Gas Stations,2023-11-12,2023-11-19,737118.6122370542,831554.7995100027,14229.205216497214,15186.961556155185,776542.0,731626.0,14271.0,13473.0,0.9971303125332154,1.1248779821302997,1.0694228113559967,1.1414047992300316,-0.03666159298110594,0.08675681580980288,0.011099638776182363,0.07915594089072586
2023-11-05,Health,2023-11-12,2023-11-19,730760.7010935049,831334.5303234931,9012.231412403964,9661.928799979843,681628.0,633053.0,7229.0,6651.0,0.9817882473217087,1.1169107345851668,1.2342986252693233,1.3232799835622602,-0.019107886359785997,0.11589126696451135,0.15069348983707398,0.23364770173389227
2023-11-05,Hotels,2023-11-12,2023-11-19,254022.74072149215,281607.8919986224,653.8885238880849,664.4606834022168,348688.0,398566.0,713.0,842.0,0.9624917237725242,1.0670118140913694,1.043716718097502,1.0605916734273213,-0.0016987651196000986,0.10670999586811969,0.04455035764869808,0.061438791377343094
2023-11-05,Jewelry,2023-11-12,2023-11-19,193490.77952814553,197814.33103024412,198.0229535789121,199.25830071897096,191069.0,185735.0,201.0,183.0,0.9493381523485367,0.9705511135273353,0.9146556747293861,0.920361666138434,0.005930748781624917,0.028408271537531116,-0.004909781010491887,0.0012979935626680206
2023-11-05,Miscellaneous Goods and Services,2023-11-12,2023-11-19,1247603.0018818902,1415891.8131194687,20682.651240423726,21765.87859662652,1308206.0,1281501.0,20957.0,20167.0,1.0063716837905583,1.1421208716915237,1.0979509616681473,1.1554547363836243,-0.07034122785162589,0.055060177391424325,-0.03374673018342789,0.016859546677249204
2023-11-05,Other,2023-11-12,2023-11-19,1635484.871462915,1824456.967510587,26493.037836894648,25731.403065941424,1687863.0,1710580.0,24758.0,24220.0,0.891250796077651,0.9942303674437253,1.107568471442084,1.0757275529239725,-0.05741663984054313,0.05149415253484779,0.02218681367754649,-0.00719951130714469
2023-11-05,Public Utilities,2023-11-12,2023-11-19,112718.8783534301,145769.89309590723,1708.1740183964048,1661.1961638774515,114275.0,109990.0,1663.0,1567.0,1.0712583833401137,1.3853688246253812,1.1891221847521092,1.1564191882195973,-0.04401802785682085,0.23629148831647484,0.004808246115532322,-0.022825785954440292
2023-11-05,Recreation and Culture,2023-11-12,2023-11-19,261663.05853432036,292563.471406354,2406.5546050220887,2438.855444726777,272604.0,305888.0,2229.0,2020.0,0.9486543431782789,1.0606831906634955,1.0348547000740007,1.0487445472916694,-0.05666212944581317,0.05473888314353581,-0.1395943492949272,-0.1280459618424108
2023-11-05,Restaurants & Café,2023-11-12,2023-11-19,1613452.6249519128,1808235.1498532542,49843.27371737158,49827.869004368775,1756779.0,1791217.0,54021.0,51011.0,0.950922542743065,1.0657217571709559,1.0249069278946286,1.0245901670580846,-0.0772910133158149,0.03410214654275889,-0.09202525334963874,-0.09230587477240593
2023-11-05,Telecommunication,2023-11-12,2023-11-19,99701.34150080157,102283.8454857274,842.8159789993103,870.2547470159111,90783.0,89971.0,721.0,654.0,1.0635490431473116,1.0910975154220792,1.409391269229616,1.4552754966821255,-0.10052559001117267,-0.07722704444329509,0.07776979411676521,0.11285773275691957
2023-11-05,Transportation,2023-11-12,2023-11-19,690967.8931214721,789430.43896189,2584.1222353739395,2749.7011195083023,698869.0,658619.0,2570.0,2394.0,1.0383827123357965,1.1863516793906619,1.0521670339470437,1.1195851463796018,0.015303573889869027,0.1599837763728762,-0.042917690602244596,0.018407822040112043
2023-11-12,Beverage and Food,2023-11-19,2023-11-26,1818589.4260202248,1989178.940210052,42104.31859893353,44375.44640922798,1596853.0,2459840.0,39275.0,46462.0,1.0433919707923278,1.1412654802608966,1.0523448787536498,1.1091088830099471,0.10360005705560793,0.2071212778981668,0.007039430732684426,0.06135963667132227
2023-11-12,Clothing and Footwear,2023-11-19,2023-11-26,805585.5916268884,891254.9091125724,5731.381013009627,6292.592872733595,849552.0,1104885.0,5984.0,7922.0,1.0623734787312327,1.1753506865956327,1.0742982217450099,1.179492572208734,0.09546696423607415,0.21196347078939004,0.0592092058786966,0.1629260529908696
2023-11-12,Construction & Building Materials,2023-11-19,2023-11-26,357298.7138723156,367188.57746552984,1477.9928528858134,1536.4882358964333,327733.0,393073.0,1376.0,1662.0,1.0625984055682247,1.092010639302691,1.1295321764507553,1.1742363285414086,0.048384032910855135,0.07740281936665361,0.008868841560282226,0.04879743064602948
2023-11-12,Education,2023-11-19,2023-11-26,133570.29704638262,230784.0695150481,111.1754729559269,146.3163309557321,67888.0,361699.0,71.0,196.0,0.9481947429251684,1.6383001782878162,0.9226180328292689,1.2142434104210134,-0.02630652617104201,0.6823571356770941,-0.08119443838076934,0.2092258756672074
2023-11-12,Electronic & Electric Devices,2023-11-19,2023-11-26,244417.58753476932,247094.0757708562,1128.4345498767032,1176.4702332824493,216151.0,274008.0,940.0,1264.0,1.0693312896229799,1.0810409732264497,1.1561829404474417,1.2053998291828374,0.16649288669401008,0.1792665357599612,0.1386826941238175,0.18715462490660872
2023-11-12,Furniture,2023-11-19,2023-11-26,298623.1817877682,298907.8146336266,1171.2825282647698,1260.9241394536834,292921.0,378681.0,1103.0,1467.0,1.0261718164434814,1.0271499126606116,1.0890586036864434,1.1724073821047731,0.09241326227138558,0.09345449655812876,0.0745711268484126,0.15681113711347106
2023-11-12,Gas Stations,2023-11-19,2023-11-26,840010.6440880522,810243.656819735,14915.191506143932,15223.234862125955,731626.0,873171.0,13473.0,15075.0,1.1349148677206635,1.0946975244574229,1.1195489965204677,1.1426710348752829,0.08173240351204725,0.043399657481159926,0.0451398995265877,0.066725167271106
2023-11-12,Health,2023-11-19,2023-11-26,762534.1909400367,797309.6492492702,8481.795351893279,9377.038851678824,633053.0,900845.0,6651.0,8590.0,1.0244764198808525,1.071197783265804,1.1639625843136103,1.2868174628350246,0.11869552151618867,0.16971375772308384,0.1733013351629933,0.29714190782664596
2023-11-12,Hotels,2023-11-19,2023-11-26,344884.7956909015,273482.75691528944,754.9612027482979,731.0905907362221,398566.0,322139.0,842.0,752.0,1.3001102473141928,1.0309463889732273,1.2031254227064507,1.1650846067509515,-0.010907184385750224,-0.21568061729887622,0.058851616757781056,0.025372497526258142
2023-11-12,Jewelry,2023-11-19,2023-11-26,203364.49649136222,232852.41612414992,198.94284381721758,232.82433694118083,185735.0,200146.0,183.0,231.0,0.9977823016849089,1.1424610673039226,0.9189045903797579,1.0754010944165397,0.06435107993113598,0.2186823405374494,-0.010234607874539448,0.1583300345332379
2023-11-12,Miscellaneous Goods and Services,2023-11-19,2023-11-26,1307896.553071065,1414086.2678403486,22686.227571465963,23542.76414092401,1281501.0,1718918.0,20167.0,24302.0,1.0467388688732342,1.131724873051144,1.1979209827577337,1.2431494424397513,-0.00023654296718933487,0.08093547028552739,0.0825131255172955,0.12338426973918071
2023-11-12,Other,2023-11-19,2023-11-26,1847738.7323702266,2035673.862184483,25901.8493787342,26697.088903392952,1710580.0,2341870.0,24220.0,29817.0,1.0069176700457274,1.109332150901236,1.0755688638291754,1.1085910183287497,0.09472079924154198,0.20606581350766207,0.046201202792398366,0.07832171029133828
2023-11-12,Public Utilities,2023-11-19,2023-11-26,120060.74030562921,145018.73165763804,1628.454556445625,1693.8049667298849,109990.0,141578.0,1567.0,1857.0,1.1400913539866793,1.3770913098495654,1.1289113042950607,1.1742148816151714,0.050629974234340125,0.26903287383625507,-0.020772966659275416,0.01852373224887849
2023-11-12,Recreation and Culture,2023-11-19,2023-11-26,289072.585804304,307482.7604213137,2327.3961736364354,2473.822977062477,305888.0,426646.0,2020.0,3462.0,1.0480270526267659,1.1147727835943875,1.0008153832020792,1.0637811124758019,0.06041212089442549,0.12794662008376134,0.04414364003429139,0.10983534188536437
2023-11-12,Restaurants & Café,2023-11-19,2023-11-26,1819654.6473417003,1893282.341033753,49494.021578334294,50017.06146068969,1791217.0,1986865.0,51011.0,57496.0,1.0641781113404143,1.1072373699365572,1.017066622382983,1.0278147165881963,0.035790299941939274,0.0777009180060515,-0.08380034471160669,-0.07411818624813138
2023-11-12,Telecommunication,2023-11-19,2023-11-26,97068.00559450641,101599.33034589927,799.2388032587527,797.1717379439621,89971.0,140583.0,654.0,985.0,1.040809821733465,1.0893968641665337,1.3287428150602705,1.3253062974961962,0.06923108505454123,0.11914488776422094,0.10851429023405368,0.10564734804987808
2023-11-12,Transportation,2023-11-19,2023-11-26,760358.9670717183,741870.3852559068,2735.952769676462,2840.594035709942,658619.0,849189.0,2394.0,3150.0,1.1310371728371589,1.1035353293496584,1.1087954487037335,1.1512032566200374,0.08798496867326833,0.061529965209369486,0.06457306213091907,0.10528950805834314
2023-11-19,Beverage and Food,2023-11-26,2023-12-03,2007225.6208683164,1848236.6448116754,42550.6650616699,44582.215522229984,2459840.0,1839908.0,46462.0,43492.0,1.1516195279798989,1.0604016760071093,1.063500751353909,1.1142768188510368,0.25698835200755266,0.15742441214794067,0.08340331156384218,0.13512961227829368
2023-11-19,Clothing and Footwear,2023-11-26,2023-12-03,952185.2971212163,772843.1967010356,6630.21839352689,5959.504551377451,1104885.0,806392.0,7922.0,6080.0,1.255703201513957,1.0191941414132426,1.2372118666779046,1.1120553370736053,0.1208087287431685,-0.09029324078922119,0.10799104169901241,-0.004093490745746831
2023-11-19,Construction & Building Materials,2023-11-26,2023-12-03,344467.49598917924,358636.5648278915,1576.0473155084392,1561.1854151565612,393073.0,356638.0,1662.0,1533.0,1.0244386497819458,1.0665771444695658,1.2012555758448469,1.1899279078937204,0.051061370045675014,0.09429494383504711,0.14538322347997035,0.13458242380564034
2023-11-19,Education,2023-11-26,2023-12-03,158931.7685670961,243945.61014992424,136.93177816723477,171.28161979818185,361699.0,222127.0,196.0,166.0,1.1282318806762082,1.7317319061101473,1.1363633042924046,1.4214242306903058,1.3410878000102535,2.5933539086425323,0.9286165939047151,1.4124171802560825
2023-11-19,Electronic & Electric Devices,2023-11-26,2023-12-03,253647.27332061465,240922.81563158572,1187.4602718281285,1110.9419034673392,274008.0,236652.0,1264.0,1083.0,1.113975784855716,1.0580921258065519,1.2166601145780005,1.1382601469952247,0.17347258777713104,0.1146042147923707,0.2632556083277964,0.1818530887950418
2023-11-19,Furniture,2023-11-26,2023-12-03,327596.2223199387,299516.1724286639,1282.2730643799423,1208.9462623192132,378681.0,314731.0,1467.0,1241.0,1.125733134666653,1.029240438988285,1.1834546048730432,1.1157787377196247,0.11837738612096338,0.022515191565862125,0.16253224331817062,0.0960528216855967
2023-11-19,Gas Stations,2023-11-26,2023-12-03,826960.2066483857,782486.8451699226,14773.675217484353,15375.128801964975,873171.0,763876.0,15075.0,13995.0,1.117282787002668,1.057196073203679,1.1066837872193231,1.1517381776070246,0.130304563599962,0.06951754744900063,0.09653939118862565,0.14118079135789907
2023-11-19,Health,2023-11-26,2023-12-03,803677.0698420312,739747.192805811,8545.223577928517,9175.31900509005,900845.0,762963.0,8590.0,7901.0,1.079752510818028,0.9938617372269452,1.1726668832068776,1.2591353101537053,0.2695257266643254,0.16853911569143643,0.2848028233240891,0.37953976922117727
2023-11-19,Hotels,2023-11-26,2023-12-03,350847.2318998874,283911.0938546731,830.3439027627879,754.569363503742,322139.0,291335.0,752.0,675.0,1.3225868090852926,1.0702580312570729,1.3159174370250204,1.1958310039678954,-0.11972613845664859,-0.2876685571406665,-0.013843345887425307,-0.10383686044686224
2023-11-19,Jewelry,2023-11-26,2023-12-03,221121.9791575467,218223.22945343086,222.31682641895878,218.34977716549534,200146.0,184755.0,231.0,200.0,1.0849071550024003,1.0706848044855586,1.0268675585171307,1.0085440053833503,0.19052402163053128,0.17491711014849587,0.21484604600523927,0.19316818123221502
2023-11-19,Miscellaneous Goods and Services,2023-11-26,2023-12-03,1523943.040966855,1442375.0666735577,23513.56526475956,22899.173112656666,1718918.0,1436892.0,24302.0,21896.0,1.2082722495848233,1.1436003313148917,1.2332073878827063,1.2009845865976119,0.18918599436664896,0.12553565441896475,0.1659426421758099,0.1354774191826582
2023-11-19,Other,2023-11-26,2023-12-03,2004430.030415248,1781983.682394019,27415.040583933165,26316.544437923585,2341870.0,1836566.0,29817.0,26511.0,1.0923059524797616,0.97108472431814,1.1342355592119802,1.0887877552356626,0.17178385718016576,0.041742381177155785,0.13191744772639002,0.08656252840312084
2023-11-19,Public Utilities,2023-11-26,2023-12-03,125064.04732528077,138806.01540711222,1667.420889679778,1689.5077167515904,141578.0,122811.0,1857.0,1700.0,1.1857559098649952,1.316046110883573,1.1547236078114806,1.1700191944263092,0.13704925288917869,0.26198759348224576,0.06408480515620796,0.0781797809518765
2023-11-19,Recreation and Culture,2023-11-26,2023-12-03,337174.6163903264,292068.27654175734,2512.539458152133,2804.139024885046,426646.0,325609.0,3462.0,3092.0,1.2116488627011757,1.0495576413535315,1.080429782047789,1.2058219844700264,0.10228128069857734,-0.0451790310775273,0.2438314149267986,0.38818763608170603
2023-11-19,Restaurants & Café,2023-11-26,2023-12-03,1996828.261469715,1823168.664374922,51145.69698355931,49645.980436721926,1986865.0,1772513.0,57496.0,54755.0,1.1629707059756123,1.0618297976011868,1.048303859139546,1.0175650338543918,0.1147885831084201,0.01783796400710913,0.0026405477947759604,-0.026759317858463305
2023-11-19,Telecommunication,2023-11-26,2023-12-03,115358.03300559672,107222.2979569293,741.8370953635527,826.6307247097068,140583.0,104810.0,985.0,768.0,1.2369242886234129,1.1496890261513724,1.2231444276398231,1.362952555168519,0.28216906565000643,0.19174287222470898,0.13430748526537117,0.26396135276713584
2023-11-19,Transportation,2023-11-26,2023-12-03,789510.7484183764,707330.2538342963,2683.634952079333,2773.237193867265,849189.0,688490.0,3150.0,2677.0,1.1744005706339542,1.05215673807326,1.0875926857464369,1.1239056510100365,0.1987366723680557,0.07395968509000839,0.12098368925619574,0.1584115262603445
2023-11-26,Beverage and Food,2023-12-03,2023-12-10,1850124.1857114676,1776263.9240735944,45247.67250191514,43242.32312066326,1839908.0,1769398.0,43492.0,43490.0,1.0614846279869277,1.0191082659279962,1.1201721193240284,1.0705267709077764,-0.24786807852890125,-0.27789452806947024,-0.02613592824426103,-0.06929699279705426
2023-11-26,Clothing and Footwear,2023-12-03,2023-12-10,829138.6933049144,804584.2879559137,6513.743303801055,6082.995293101014,806392.0,775935.0,6080.0,5944.0,1.0934343502570782,1.0610530002181409,1.215477384549553,1.1350989537415588,-0.2495701423180563,-0.27179363648170285,-0.17776529868706703,-0.23213894305718075
2023-11-26,Construction & Building Materials,2023-12-03,2023-12-10,301298.1217886039,345786.2206413965,1484.0112084829816,1490.7227465199965,356638.0,352231.0,1533.0,1522.0,0.8960538937951045,1.028360507483707,1.1242509155174103,1.1293354140303002,-0.2334804939830416,-0.12030024794021343,-0.10709313569014345,-0.1030549058243102
2023-11-26,Education,2023-12-03,2023-12-10,243260.11105708522,212586.58850496385,186.35283104406295,151.49176176426386,222127.0,136708.0,166.0,131.0,1.6817036249807138,1.4696517030989336,1.5274822216726471,1.2417357521660972,-0.327451524452417,-0.4122555259899423,-0.04922024977518902,-0.22708284814151092
2023-11-26,Electronic & Electric Devices,2023-12-03,2023-12-10,218038.56388829145,233145.27209062362,1071.44835122782,1068.0579646134236,236652.0,208252.0,1083.0,1044.0,0.9575883752129113,1.0239344742896703,1.0961108452458517,1.0926424190418655,-0.20426205115072749,-0.14912968931336446,-0.15233516516786394,-0.1550174330590004
2023-11-26,Furniture,2023-12-03,2023-12-10,280300.93089260894,295313.4398148316,1239.6207974342178,1294.1023609664132,314731.0,295548.0,1241.0,1184.0,0.963210269487019,1.0147984062748718,1.1440893377334729,1.1943722759265467,-0.25979668667662503,-0.22015247711178643,-0.154996048102101,-0.1178579679847217
2023-11-26,Gas Stations,2023-12-03,2023-12-10,732476.7743919245,761004.4484143815,14124.572676662654,14627.169133735424,763876.0,770654.0,13995.0,14122.0,0.9896288664531854,1.0281718082806952,1.0580600529355146,1.0957091377006947,-0.16113020886868146,-0.12845886039002496,-0.06304658861275925,-0.029706856800303494
2023-11-26,Health,2023-12-03,2023-12-10,749172.1531271089,736486.3764510057,8684.92352387891,9005.160391204978,762963.0,740139.0,7901.0,7980.0,1.0065243164557915,0.9894807802747834,1.191838002453535,1.235784327048851,-0.16836730722032212,-0.18244939312422703,0.011050468437591388,0.048330662538414115
2023-11-26,Hotels,2023-12-03,2023-12-10,232256.37629750013,271683.10111968464,630.5591135161199,708.4158548845992,291335.0,321147.0,675.0,705.0,0.8755355370871954,1.024162236784619,0.9993012892490013,1.1226875671705216,-0.27901813720940294,-0.1566277255480254,-0.16149054053707468,-0.05795763978111812
2023-11-26,Jewelry,2023-12-03,2023-12-10,178119.41826116113,197323.5023101389,203.1274823638709,217.36903808804828,184755.0,183183.0,200.0,194.0,0.8838467120425805,0.9791393348805443,0.9382331748908587,1.004014032739253,-0.11005257031786231,-0.014102193847796651,-0.12066024950705234,-0.05900849312533207
2023-11-26,Miscellaneous Goods and Services,2023-12-03,2023-12-10,1382576.5705808387,1357791.3607297363,23141.184656524965,23420.21649053551,1436892.0,1363882.0,21896.0,21623.0,1.0961885439623287,1.0765373624823282,1.2136772778373612,1.228311558742094,-0.19567043303936626,-0.21008950937174653,-0.04776624736544466,-0.036284400850320586
2023-11-26,Other,2023-12-03,2023-12-10,1762054.6332397652,1833602.682876045,26320.4422844668,28404.79131493224,1836566.0,1756302.0,26511.0,26214.0,0.96022447043642,0.9992142876513593,1.085267180062542,1.1712108572284194,-0.24758648719195975,-0.21703481283075288,-0.11726725410112349,-0.047362534294790204
2023-11-26,Public Utilities,2023-12-03,2023-12-10,111453.07292207863,128129.47710027592,1621.682959604934,1727.2858624268338,122811.0,119782.0,1700.0,1706.0,1.0544382910157961,1.2122108733315917,1.1211081642619662,1.194113973333449,-0.21277971915072513,-0.09499020257189728,-0.12671892320682066,-0.06985144726610992
2023-11-26,Recreation and Culture,2023-12-03,2023-12-10,324565.4800422966,290110.3167596654,2900.3807494244493,2529.958751564598,325609.0,286079.0,3092.0,2612.0,1.1663374870131311,1.0425216438974239,1.2472073745106211,1.0879203403846907,-0.23926280794312715,-0.3200210086121389,-0.1622239314198587,-0.26922046459716986
2023-11-26,Restaurants & Café,2023-12-03,2023-12-10,1690035.426094939,1728653.9285102263,49867.21879847468,50688.580124836604,1772513.0,1779771.0,54755.0,54834.0,0.9842918044252826,1.00678356692897,1.0155635867151636,1.032290901265434,-0.14939594482013674,-0.12995904175159045,-0.1326836858481516,-0.1183981472652601
2023-11-26,Telecommunication,2023-12-03,2023-12-10,101486.66800720965,93307.63365612562,768.6927433850306,784.4643522372053,104810.0,94492.0,768.0,764.0,1.0881888444083299,1.0004893059995026,1.259119972784653,1.2849538939184362,-0.2781014204618649,-0.3362808187609767,-0.219601275751238,-0.20358949011451244
2023-11-26,Transportation,2023-12-03,2023-12-10,690065.9464717712,732308.8648072585,2904.0923433351454,2875.9006957937927,688490.0,683999.0,2677.0,2589.0,1.0264760080024324,1.0893125273250932,1.1769371198926628,1.1655119334523982,-0.18738237721900397,-0.13763736364076962,-0.07806592275074753,-0.08701565212895468
2023-12-03,Beverage and Food,2023-12-10,2023-12-17,1696427.4443235698,1600163.3054555524,43824.23228007587,41126.24668860114,1769398.0,1624550.0,43490.0,40767.0,0.9644749025810656,0.9097455675497039,1.075151058121142,1.0089606900861396,-0.07798246199072467,-0.13030254477096004,0.0076389285403262175,-0.05439513729878742
2023-12-03,Clothing and Footwear,2023-12-10,2023-12-17,701799.7043822464,808217.5497035828,5414.731333021764,5803.362685155767,775935.0,706043.0,5944.0,5179.0,0.925504876286857,1.0658443978823136,1.0060816300672173,1.0782910972047133,-0.12970403428822908,0.0022638489761590552,-0.10941918864773614,-0.04549955836253827
2023-12-03,Construction & Building Materials,2023-12-10,2023-12-17,343622.8154575464,332722.2847826672,1495.3896178906905,1371.0546752342634,352231.0,346612.0,1522.0,1401.0,1.0219265887213276,0.98950865362875,1.124775944257759,1.0312558670434475,-0.03649410478539472,-0.06705879692386352,-0.02453384351553134,-0.10563948125618827
2023-12-03,Education,2023-12-10,2023-12-17,146875.49067303157,189889.52098369857,143.6569999342491,147.08861846632988,136708.0,105409.0,131.0,107.0,1.0153783290335467,1.3127425388258538,1.177516392903681,1.2056444136584417,-0.33877695789781714,-0.1451308441400705,-0.1345963859382585,-0.11392398514259106
2023-12-03,Electronic & Electric Devices,2023-12-10,2023-12-17,229666.1924378416,222504.53664917572,996.1796700502468,974.6137239418945,208252.0,205493.0,1044.0,942.0,1.0086549467944759,0.9772021697801481,1.0154736697759907,0.9934900345992808,-0.029519326108202848,-0.05978171894099471,-0.08016650964889493,-0.10007966395023593
2023-12-03,Furniture,2023-12-10,2023-12-17,265219.91701839335,288271.1705399559,1167.9780973045126,1176.0596543817064,295548.0,284434.0,1184.0,1069.0,0.9113867261557054,0.9905987503391873,1.0735092806107653,1.0809371823361271,-0.15731238099077194,-0.08407125278426375,-0.05884117864261673,-0.05232904562312135
2023-12-03,Gas Stations,2023-12-10,2023-12-17,758870.3905295003,719067.7511947185,14397.63211128537,13967.745307751466,770654.0,693575.0,14122.0,13099.0,1.0226095828138564,0.9689738619938209,1.0766999784090165,1.0445516981567056,-0.006552908417727044,-0.05865906090161421,0.02876971141731821,-0.0019474592532000568
2023-12-03,Health,2023-12-10,2023-12-17,724326.6627223828,677803.454419051,8459.498168259048,8485.20134711944,740139.0,684349.0,7980.0,7409.0,0.9692744261377084,0.9070183221572031,1.158517963333203,1.1620379823499645,-0.05063985708037899,-0.11161687471207526,0.07068702294127926,0.07394017809384135
2023-12-03,Hotels,2023-12-10,2023-12-17,283931.10783216637,282099.54258649796,671.5361786862842,732.0122598851952,321147.0,320493.0,705.0,621.0,1.0569302790271886,1.050112298493315,1.0567052379013127,1.1518682295597094,-0.02541367212258616,-0.03170047338459858,-0.005131587131430804,0.08446260723732624
2023-12-03,Jewelry,2023-12-10,2023-12-17,188578.18325818033,192518.70763794956,189.7432029163354,209.90554634870298,183183.0,181980.0,194.0,168.0,0.9443877709077905,0.9641216710383436,0.8764120227082467,0.969540629786157,0.020693260037240258,0.042021637508860676,-0.05128398541832302,0.04952773174351499
2023-12-03,Miscellaneous Goods and Services,2023-12-10,2023-12-17,1281312.030267187,1272971.1606509679,22323.18672868437,21307.054914275086,1363882.0,1261509.0,21623.0,19741.0,1.0109816128742812,1.0044004947561436,1.1699783400777972,1.116721955674795,-0.10827533992312088,-0.11408013918167281,0.019509806753944536,-0.026897382431718797
2023-12-03,Other,2023-12-10,2023-12-17,1663692.9947759034,1615165.400930189,26066.005929038085,25822.72313955722,1756302.0,1598556.0,26214.0,23878.0,0.9032713222911402,0.8769241632910928,1.0679069147648599,1.0579397807959203,-0.09412839245858662,-0.12055139813641924,-0.01678526162581251,-0.02596193506253175
2023-12-03,Public Utilities,2023-12-10,2023-12-17,117863.4839649774,120746.24536673135,1683.4169598632386,1599.0924166352304,119782.0,108385.0,1706.0,1570.0,1.1105733517855938,1.1377362854156174,1.1577833286542218,1.0997884571081364,-0.040285609880406525,-0.01681245680980248,-0.009754729492212566,-0.05935740197927619
2023-12-03,Recreation and Culture,2023-12-10,2023-12-17,281141.2842716436,278800.80460059183,2716.2456964486832,2243.5903156725803,286079.0,265949.0,2612.0,2511.0,1.0102911096716178,1.001880513518311,1.1680265304014978,0.964777602955313,-0.1365678335929178,-0.14375584028515231,-0.1215246777332849,-0.27438864305543975
2023-12-03,Restaurants & Café,2023-12-10,2023-12-17,1726215.7957593712,1728746.2328031082,50798.50006558218,48766.66330453174,1779771.0,1599914.0,54834.0,50394.0,1.0027766328573187,1.0042465899418325,1.0296749752319811,0.9884900689077977,-0.02611952873723844,-0.024691930156163444,-0.07225824005876758,-0.10936602493778202
2023-12-03,Telecommunication,2023-12-10,2023-12-17,95238.17967366238,85906.945326445,696.2442962819799,698.3570894281329,94492.0,81327.0,764.0,652.0,1.0065598824071909,0.9079392852954792,1.1293500345206486,1.1327771118055683,-0.09132544915883622,-0.1803554496093407,-0.09343190588283867,-0.09068087314045192
2023-12-03,Transportation,2023-12-10,2023-12-17,673508.1298564492,662569.3661882794,2575.3224866457645,2415.3578450942086,683999.0,632490.0,2589.0,2262.0,0.9937779038053033,0.9776374874591898,1.0392746112371931,0.974720680021876,-0.021760476032405385,-0.03764852621203019,-0.037981887693027794,-0.09773707691661981
2023-12-10,Beverage and Food,2023-12-17,2023-12-24,1693810.3207460153,1917412.096680407,41502.73633283385,43632.39776010177,1624550.0,2253732.0,40767.0,45743.0,0.9566579871085306,1.082947467258276,1.0106965147353209,1.0625591525345324,-0.04271943296758829,0.08365223464726812,-0.045694726768593985,0.0032742644309442515
2023-12-10,Clothing and Footwear,2023-12-17,2023-12-24,738155.1869038054,862378.66148654,6214.007206006046,6900.362069475079,706043.0,944207.0,5179.0,6918.0,0.9734490064188042,1.1372698669260315,1.1508486352451237,1.2779631576025705,-0.04868940451995929,0.11140580265942379,0.04542516924731599,0.1608953683504506
2023-12-10,Construction & Building Materials,2023-12-17,2023-12-24,365809.5326934684,347564.3462339771,1472.561803020733,1595.025066452623,346612.0,407784.0,1401.0,1572.0,1.087909390909943,1.033648613335248,1.1059420225465513,1.1979159342490597,0.0385500784810775,-0.01324884455378117,-0.032482389605300366,0.047979675724456605
2023-12-10,Education,2023-12-17,2023-12-24,161030.54098784126,152966.1183981836,131.42207754198702,134.04001614371577,105409.0,191099.0,107.0,137.0,1.1431307393293102,1.0858826589302297,1.0772301437867788,1.098688656915703,0.17791600336367486,0.11892587411258737,0.003221965969366636,0.023206230104700465
2023-12-10,Electronic & Electric Devices,2023-12-17,2023-12-24,215843.53450558634,226226.35509615496,1019.1318409995642,1114.933636088735,205493.0,256222.0,942.0,1154.0,0.947948178622706,0.993547764870869,1.032555056737147,1.1296186789146252,0.03645359711112661,0.0863106001198306,-0.023820075670915486,0.06794409587043582
2023-12-10,Furniture,2023-12-17,2023-12-24,285991.9536812706,296585.0690082416,1175.522956071797,1328.0022794331085,284434.0,393866.0,1069.0,1381.0,0.982766578402824,1.019168160931667,1.0764862235089716,1.2161193035101725,-0.03233331411049778,0.0035089698060606356,-0.007159665479901323,0.12162354681850385
2023-12-10,Gas Stations,2023-12-17,2023-12-24,734824.0503953008,798425.942855859,14264.386669855405,14314.706846016632,693575.0,840967.0,13099.0,14838.0,0.9880790980581289,1.0736012043411383,1.0652616907401071,1.0690195919507586,-0.04649291329792504,0.03603685033213222,0.010082613642218075,0.013645860785769237
2023-12-10,Health,2023-12-17,2023-12-24,697730.0699446483,791069.183471458,8418.776942862245,9170.982595405847,684349.0,877607.0,7409.0,8543.0,0.9336835822152094,1.0585874693092792,1.1489289584254172,1.2515841140096686,-0.05729860209413595,0.06881164682776886,0.05498457930604572,0.1492459392739156
2023-12-10,Hotels,2023-12-17,2023-12-24,327732.70299630356,274986.8011539533,805.4349986565609,719.6462216037203,320493.0,344760.0,621.0,702.0,1.2199812125868637,1.0236352004241898,1.2614487058051072,1.1270888357145188,0.020506817738616734,-0.14373541974873405,0.1424609910022141,0.02077478241662445
2023-12-10,Jewelry,2023-12-17,2023-12-24,194742.09296698336,192207.15265831706,198.59315652259852,214.7188984895988,181980.0,243179.0,168.0,236.0,0.9752562459848026,0.9625614231472738,0.9172894065708939,0.9917732031852139,0.06310134110143051,0.04926304656172831,0.023676064549476905,0.10679844582267428
2023-12-10,Miscellaneous Goods and Services,2023-12-17,2023-12-24,1245999.0080425094,1495673.0900354274,21119.517334316195,22633.78549560572,1261509.0,1653709.0,19741.0,23096.0,0.9825630469592247,1.1794496617689045,1.106892942050115,1.1862571014468406,-0.08643195815876337,0.09662939318462116,-0.023284588895333913,0.0467458491238828
2023-12-10,Other,2023-12-17,2023-12-24,1622941.1160090824,1915766.386394626,25550.649342622724,28149.83921660691,1598556.0,2166217.0,23878.0,28256.0,0.8811458438914954,1.040129905260966,1.0367477923563695,1.1422129931672513,-0.07593277465431203,0.0907955388051862,-0.02530520551526949,0.07384753248672116
2023-12-10,Public Utilities,2023-12-17,2023-12-24,114188.10770407849,127306.81670820157,1725.2605088582611,1859.4247217262246,108385.0,131648.0,1570.0,1797.0,1.0713136471059181,1.1943934692617446,1.181685280039905,1.2735785765248113,-0.04670060857158431,0.0628209305922558,0.01128986451246261,0.08993242774104604
2023-12-10,Recreation and Culture,2023-12-17,2023-12-24,259859.67909311957,286458.61635188287,2241.9582193253123,2537.2583109896595,265949.0,363160.0,2511.0,3002.0,0.9338149117090658,1.0293991298322103,0.9640757769620779,1.0910592607996816,-0.09165063114342686,0.0013269633628574251,-0.14166990071772123,-0.02861473545571991
2023-12-10,Restaurants & Café,2023-12-17,2023-12-24,1691568.9959121684,1865295.153635142,49899.02073205833,50547.36854487642,1599914.0,1983327.0,50394.0,56997.0,0.9805398435154519,1.0812424574318102,1.0106540160018296,1.02378564285898,-0.04955806341817659,0.04805345948166462,-0.08999852770072714,-0.07817469918524234
2023-12-10,Telecommunication,2023-12-17,2023-12-24,88339.75246548229,100785.22039971304,732.3259253070523,813.8193930222448,81327.0,123453.0,652.0,921.0,0.9329167455062972,1.0643477843926947,1.1792688008165093,1.3104982174271251,-0.06510866035767804,0.06660056300758832,-0.04145821294888441,0.06520862961026808
2023-12-10,Transportation,2023-12-17,2023-12-24,670677.9010471852,748061.6054404564,2513.717223769987,2819.8246240747617,632490.0,814388.0,2262.0,2898.0,0.9874687326313959,1.1014041826950325,1.007300029561205,1.1299637844419002,-0.019475319339377406,0.09365891681194927,-0.029077935971422608,0.08915589960400228
2023-12-17,Beverage and Food,2023-12-24,2023-12-31,1995912.1119824047,1954991.3672362403,45056.25037292872,44776.41979658128,2253732.0,1984393.0,45743.0,44778.0,1.1272839940269417,1.104172104330458,1.0972335619937101,1.0904189802764324,0.22859383335840988,0.20340486118386036,0.10521378499592116,0.09834964055685425
2023-12-17,Clothing and Footwear,2023-12-24,2023-12-31,860971.39647578,823410.9516029825,6767.820344614001,6376.806004600109,944207.0,942442.0,6918.0,7319.0,1.1354140231267915,1.0858808377062061,1.253416120865636,1.1809993526437836,0.21943195595137976,0.1662334328121411,0.30678129843869506,0.23128132933000756
2023-12-17,Construction & Building Materials,2023-12-24,2023-12-31,392329.4235127844,365612.0958647623,1674.0423426959737,1674.818851337654,407784.0,374898.0,1572.0,1613.0,1.1667789546848608,1.0873222181851667,1.2563169551189297,1.2568997008162506,0.13189798250719664,0.05481661299886431,0.19489103689933884,0.19544529003401423
2023-12-17,Education,2023-12-24,2023-12-31,138970.3481554888,194628.90969894643,125.20995466377042,137.16700744490237,191099.0,196468.0,137.0,132.0,0.9865288650047478,1.381640327817151,1.0263111038013968,1.1243197331549375,0.31839167581030847,0.846416432173215,0.17018649218477022,0.2819346490177792
2023-12-17,Electronic & Electric Devices,2023-12-24,2023-12-31,253471.65717323698,250304.5966298916,1140.7569018696709,1115.3937849901256,256222.0,240524.0,1154.0,1125.0,1.113204508535465,1.099295316024654,1.1557820687635976,1.1300848885411607,0.23348073741313313,0.21806872560083113,0.21099458797204984,0.1840698354459931
2023-12-17,Furniture,2023-12-24,2023-12-31,309449.0318582172,303783.49381859147,1324.1987272002898,1291.677100842287,393866.0,348184.0,1381.0,1399.0,1.0647708623078442,1.0452765378704223,1.2126361970698625,1.1828544879508123,0.08794670066946009,0.06802806211139134,0.23872659232955074,0.2083041167841786
2023-12-17,Gas Stations,2023-12-24,2023-12-31,822224.2436216334,783346.0377646527,15299.52724135415,14232.946402798174,840967.0,853649.0,14838.0,14830.0,1.1056015227075726,1.0533240522619356,1.1425657922672154,1.0629137375600741,0.18548714071532757,0.12943234367538148,0.16799200254631264,0.08656740230538018
2023-12-17,Health,2023-12-24,2023-12-31,845010.945890112,790194.7731608151,9180.821474595657,9368.50233237351,877607.0,833323.0,8543.0,8477.0,1.130770882545355,1.0574173569888632,1.2444353066208955,1.269874934920164,0.23476610017712018,0.15466636637273545,0.23914448300656743,0.2644759525406275
2023-12-17,Hotels,2023-12-24,2023-12-31,357604.01886081346,272515.99974942725,712.1230525371172,729.6309487347376,344760.0,373024.0,702.0,784.0,1.3145128485600197,1.0017386947998193,1.1153062686564092,1.1427266229204973,0.11579353951822191,-0.14969749807506794,0.14673599442369922,0.17492906398508468
2023-12-17,Jewelry,2023-12-24,2023-12-31,208882.78919416925,203694.80095632578,197.26793935954723,218.3409339432052,243179.0,255947.0,236.0,261.0,1.046071970043365,1.0200908487769405,0.9111683111295484,1.008503159091017,0.14783376851395347,0.1193252058266061,0.1742139247592096,0.2996484163286024
2023-12-17,Miscellaneous Goods and Services,2023-12-24,2023-12-31,1493514.8755516657,1506054.971269737,23305.732432045173,23140.670206426283,1653709.0,1627297.0,23096.0,23370.0,1.1777477488576833,1.1876365485905704,1.2108446516194402,1.2022688768113408,0.18391139147771884,0.19385194340249412,0.18057506874247364,0.17221367744421667
2023-12-17,Other,2023-12-24,2023-12-31,1938304.3415981154,1959593.502823876,27858.624679099743,27226.791578675264,2166217.0,2046371.0,28256.0,28251.0,1.05236647093884,1.0639250270373781,1.130396619156005,1.1047592444177425,0.21253452590845456,0.22585227093944527,0.1667067878004751,0.14024589909855356
2023-12-17,Public Utilities,2023-12-24,2023-12-31,123012.09030962015,127044.37495572027,1755.6811483535828,1836.9767797099328,131648.0,124227.0,1797.0,1767.0,1.1507103797870941,1.188430182652363,1.2008762984634629,1.2564820654650704,0.134954932044288,0.17215827795101046,0.11826824735897001,0.17004890427384245
2023-12-17,Recreation and Culture,2023-12-24,2023-12-31,297755.96376127144,289390.53858655586,2564.716597653415,2759.18785163922,363160.0,347828.0,3002.0,2795.0,1.0699965457547644,1.0399350956744826,1.0932295812674404,1.1761244039382863,0.11959798217429451,0.08814298450663793,0.02139251200852854,0.09884024358391863
2023-12-17,Restaurants & Café,2023-12-24,2023-12-31,1920399.3268767907,1806290.5084776534,51998.64048216911,49320.89849341326,1983327.0,1991213.0,56997.0,57306.0,1.113184304047578,1.0470396518298963,1.0476626535202207,0.9937118145873363,0.20031409618066398,0.1289922511320316,0.03184189550678873,-0.021294231586830525
2023-12-17,Telecommunication,2023-12-24,2023-12-31,114242.9683357581,103239.75495931867,832.2232750237991,748.4098421178446,123453.0,113582.0,921.0,884.0,1.206469061121933,1.0902690296890833,1.3390559533769897,1.2041992632628231,0.40473604504971394,0.269440099343621,0.27641606598742197,0.14786785600896413
2023-12-17,Transportation,2023-12-24,2023-12-31,807560.4798266987,717867.6012923998,2961.624610824164,2771.791740811685,814388.0,740438.0,2898.0,2923.0,1.1890070066309948,1.0569482151395264,1.1867860592362909,1.11071598509785,0.2767956486690677,0.13498648404306768,0.30929469974543067,0.22537212237475024
2023-12-24,Beverage and Food,2023-12-31,2024-01-07,1949014.333290511,1782376.0964361136,44947.54585439202,43823.16255997584,1984393.0,1834528.0,44778.0,43646.0,1.1007962970199427,1.0066796192007699,1.09050988316452,1.0632302826497766,-0.1352058127184106,-0.20914461149945351,-0.01738963656970427,-0.04197008154305926
2023-12-24,Clothing and Footwear,2023-12-31,2024-01-07,806394.0704295805,757237.0757200387,6679.920228504601,6569.056440602793,942442.0,787409.0,7319.0,6417.0,1.0634396676589195,0.9986134244684427,1.2371368142429116,1.2166045820173708,-0.14595626760913605,-0.1980179391594865,-0.034414537654726574,-0.05043994787470463
2023-12-24,Construction & Building Materials,2023-12-31,2024-01-07,331719.215267828,351979.67175491544,1562.8151443172608,1597.1724002790966,374898.0,347619.0,1613.0,1554.0,0.986525547264916,1.0467796929514215,1.171964862630117,1.197729584011321,-0.18653204817298363,-0.13684776314196867,-0.005842783513192895,0.016012977276778972
2023-12-24,Education,2023-12-31,2024-01-07,193554.5286149666,146184.58653053083,125.31538881218346,112.69512752629822,196468.0,97356.0,132.0,97.0,1.3740134637743604,1.0377416200310279,1.0271753181326513,0.9237305534942477,0.012849510541481646,-0.235032174262917,-0.08528913275778494,-0.1774078282751954
2023-12-24,Electronic & Electric Devices,2023-12-31,2024-01-07,227789.97770094365,238922.55229369464,1074.0572812735343,1098.7109788088,240524.0,199717.0,1125.0,1028.0,1.0004149300313079,1.0493073086367304,1.0713788341880641,1.095971051180848,-0.110966358466706,-0.06751741734240368,-0.06927445296920776,-0.04791076359722701
2023-12-24,Furniture,2023-12-31,2024-01-07,313748.80166034406,288683.83722027746,1248.5971930311177,1237.8717820903457,348184.0,289403.0,1399.0,1241.0,1.079565769153872,0.9933207302203095,1.143404022922269,1.133582218031452,-0.20341232383515184,-0.26705062833482085,-0.09587458868130505,-0.10364099776224056
2023-12-24,Gas Stations,2023-12-31,2024-01-07,794983.5521545804,760381.8286211477,14331.314590395086,14497.111060101037,853649.0,832200.0,14830.0,14409.0,1.068972403341153,1.0224452928556174,1.070259855150673,1.0826415040589252,-0.054679253580009246,-0.09582441567725286,-0.034147823804078326,-0.022974049056406765
2023-12-24,Health,2023-12-31,2024-01-07,813470.804393327,737365.5814267533,8586.7548521626,9028.234015872209,833323.0,751817.0,8477.0,8078.0,1.0885647149100273,0.9867227558693987,1.1639111964978108,1.2237524928325596,-0.07308077032962712,-0.15979979486632023,0.005121719789605406,0.05679901859677039
2023-12-24,Hotels,2023-12-31,2024-01-07,283947.0942912453,293635.76545002736,651.4245197108145,687.9516473688153,373024.0,414964.0,784.0,932.0,1.0437581348950176,1.079372619218386,1.0170562368630984,1.0740853198576352,-0.17639199938726857,-0.14828934490652235,-0.07204484371678854,-0.020011898335020928
2023-12-24,Jewelry,2023-12-31,2024-01-07,225163.75779339095,211326.53694567515,203.34287406779868,214.2818643693576,255947.0,220356.0,261.0,233.0,1.1276060445475626,1.0583101062467768,0.9392280557404096,0.98975456983537,-0.07408222834459,-0.13098360900540285,-0.13837765225509036,-0.09202599843492543
2023-12-24,Miscellaneous Goods and Services,2023-12-31,2024-01-07,1487389.2378377148,1370409.0152180863,23271.723737917688,22624.849493798883,1627297.0,1477954.0,23370.0,22612.0,1.172917227149449,1.0806696063815284,1.2090777367407552,1.1754695151993186,-0.10057377819331281,-0.17131187215036847,0.007608405694392362,-0.020399658217921557
2023-12-24,Other,2023-12-31,2024-01-07,1937494.5994577706,1730963.6665668148,27230.06112030209,26295.560592044098,2046371.0,1891099.0,28251.0,27363.0,1.0519268364292755,0.9397946885917686,1.097765011904942,1.0600911345311066,-0.10558609804199182,-0.20092785414996983,-0.03630870893608118,-0.06938134937556284
2023-12-24,Public Utilities,2023-12-31,2024-01-07,120144.76702649178,121520.93937959537,1720.9589586311772,1822.8576054123992,124227.0,119301.0,1767.0,1705.0,1.1184476687658074,1.13125868665899,1.170322311207873,1.2396175487333554,-0.08737871424942434,-0.07692529032271389,-0.04231554889750855,0.014389318537784801
2023-12-24,Recreation and Culture,2023-12-31,2024-01-07,317602.3019751812,281203.39669764997,2712.14826659816,2442.515583799388,347828.0,301104.0,2795.0,2358.0,1.141315061315346,1.0105143128626999,1.1560734299224893,1.0411404875530212,-0.12544800645670995,-0.22567629502794917,-0.09655287588335781,-0.18637055836129646
2023-12-24,Restaurants & Café,2023-12-31,2024-01-07,1884472.8886398394,1768270.9152997725,52197.86669296994,51816.60381281724,1991213.0,2019463.0,57306.0,56478.0,1.092359079529951,1.0250011029824948,1.0421440032936677,1.0345319905927135,-0.04984256825029898,-0.1084319855980519,-0.08419975274189972,-0.09088892726253595
2023-12-24,Telecommunication,2023-12-31,2024-01-07,102330.79555659107,95756.00798657289,773.6454458051752,750.7222750196336,113582.0,96366.0,884.0,800.0,1.0806699146347216,1.011236514030466,1.2192993629711193,1.183171434231101,-0.17109510861144672,-0.22435252293121355,-0.1599940870736426,-0.1848835233228734
2023-12-24,Transportation,2023-12-31,2024-01-07,741323.2433614482,697203.726587986,2716.118454413923,2689.647200391366,740438.0,666444.0,2923.0,2721.0,1.0914829942202364,1.026523878608143,1.0797529137006252,1.0692296562875634,-0.08971737874152352,-0.14389243629819448,-0.06276105782818397,-0.07189537598641615
2023-12-31,Beverage and Food,2024-01-07,2024-01-14,1817615.494662318,1666329.8069672973,44059.09322706561,41884.30331399676,1834528.0,1665378.0,43646.0,41604.0,1.0256784182827865,0.9403080716283196,1.065902823928042,1.0132890604571612,-0.08404459466329606,-0.16028235991192408,-0.016054910289302504,-0.0646231784805762
2023-12-31,Clothing and Footwear,2024-01-07,2024-01-14,806411.7186580561,714715.4290190702,6692.89377654475,6404.382059261923,787409.0,563337.0,6417.0,4505.0,1.0634629414240835,0.9425376080727457,1.2395395456143625,1.1861065023172375,-0.1443380933170889,-0.24163457377847097,-0.08554532360366851,-0.12496487781637888
2023-12-31,Construction & Building Materials,2024-01-07,2024-01-14,332145.60108039784,331708.2565049654,1656.550677722624,1431.7273866073185,347619.0,339819.0,1554.0,1395.0,0.9839222955639161,0.9826267400087253,1.2390057425000927,1.070850700529034,-0.11403741529589961,-0.11520398480395888,0.026999800200014912,-0.1123822773668205
2023-12-31,Education,2024-01-07,2024-01-14,144418.48547181103,158777.86374726877,104.80137488805461,111.6456406515266,97356.0,204308.0,97.0,146.0,0.9983925826424361,1.0976617081614974,0.8485941286482155,0.9040132846277458,-0.26492616878162845,-0.1918385500576747,-0.20605019024201054,-0.1541996920338894
2023-12-31,Electronic & Electric Devices,2024-01-07,2024-01-14,228207.3422971839,209875.64765625505,1051.6715211317824,958.1115578879503,199717.0,188874.0,1028.0,908.0,1.00224792451842,0.9217382322279318,1.0300406671222158,0.9384050518001472,-0.05120760382671208,-0.12742326064652565,-0.06518087010508233,-0.1483452818773775
2023-12-31,Furniture,2024-01-07,2024-01-14,295406.4326232063,278226.5598317898,1257.7752139968516,1131.9407097352907,289403.0,244944.0,1241.0,1008.0,1.0164522412841506,0.9573387004964811,1.151808804026421,1.036575741515834,-0.1515795308710156,-0.20092089288482584,-0.10094695211089955,-0.1908929880376764
2023-12-31,Gas Stations,2024-01-07,2024-01-14,814825.2710772562,712513.8472852272,14546.285846919418,13993.953576135485,832200.0,733847.0,14409.0,13428.0,1.0946626387124225,0.9572141609663405,1.0852197737182496,1.0440132479957838,-0.04547973338309286,-0.16533159731314961,-0.019131095959580735,-0.05637534887825457
2023-12-31,Health,2024-01-07,2024-01-14,788977.2094971326,693706.457011778,7917.1180893191695,8674.08709536355,751817.0,694442.0,8078.0,7366.0,1.043246679427259,0.9172723230320586,1.0578018691053737,1.1589400888988644,-0.05321560847698603,-0.16754192910578725,-0.06604717596801113,0.023249627859331046
2023-12-31,Hotels,2024-01-07,2024-01-14,335491.4612848584,290725.65972641314,756.9437120812287,652.1207478301296,414964.0,302796.0,932.0,637.0,1.21336822697203,1.0514642516579378,1.1708332746809416,1.0086941188401077,-0.10061695417759065,-0.22062478627001714,-0.03451057132496338,-0.1682133318493244
2023-12-31,Jewelry,2024-01-07,2024-01-14,228887.88404001403,195234.67524989397,217.42916758560824,214.5068491222588,220356.0,191877.0,233.0,174.0,1.1357650148987808,0.9687743620592424,0.9996743337269345,0.986238386769006,-0.10572155938528671,-0.23720662773975087,-0.16693805522755467,-0.1781346776924949
2023-12-31,Miscellaneous Goods and Services,2024-01-07,2024-01-14,1407118.8224149484,1307985.1627968801,23260.307491272004,21137.981975805225,1477954.0,1261295.0,22612.0,19799.0,1.1067675617971289,1.0287941049719165,1.2084846079372389,1.0982196116797103,-0.13530300712472987,-0.19622222446370874,-0.004693731652888111,-0.09550783158728171
2023-12-31,Other,2024-01-07,2024-01-14,1794957.746249799,1723850.572858199,27421.20963495301,25113.18846442812,1891099.0,1577990.0,27363.0,24226.0,0.9650761870312208,0.9268447356721519,1.10216080045632,1.0093928119306304,-0.12285810038854195,-0.15760603875924795,-0.029372070547838636,-0.11106904306296694
2023-12-31,Public Utilities,2024-01-07,2024-01-14,121670.49540869021,119330.92992787359,1784.1697188023659,1691.9534225416894,119301.0,107714.0,1705.0,1603.0,1.1258645711626443,1.10421565884484,1.2071513659014654,1.1447587432623068,-0.020579299116212924,-0.03941228615459136,0.009716875383342316,-0.04247118135727823
2023-12-31,Recreation and Culture,2024-01-07,2024-01-14,306269.3921139527,279171.11960157,2493.4475152793357,2256.543173662991,301104.0,245039.0,2358.0,2217.0,1.1005898504692357,1.0032112535205686,1.060139249693595,0.9594146146526323,-0.11948034053051304,-0.1973874455145359,-0.10788997664424482,-0.19265002731198888
2023-12-31,Restaurants & Café,2024-01-07,2024-01-14,1808153.6086889515,1705545.149302466,52135.24470091062,50038.03556676975,2019463.0,1602436.0,56478.0,50847.0,1.0405136343981107,0.9814669358857891,1.0356006733986973,0.9939422673811603,-0.09193360595328004,-0.14346423546729248,-0.09023060934438598,-0.1268272856809104
2023-12-31,Telecommunication,2024-01-07,2024-01-14,101946.78964165953,85436.79464061462,760.1335546188009,695.0346746658738,96366.0,85838.0,800.0,670.0,1.0766145993500986,0.9022599020045476,1.170336496718708,1.0701072743123539,-0.10243885790301688,-0.24779635293783675,-0.1401204133271483,-0.2137616802422242
2023-12-31,Transportation,2024-01-07,2024-01-14,679376.3801835043,637552.2020101923,2668.2031663183607,2398.634138910995,666444.0,597758.0,2721.0,2290.0,0.9982571478497629,0.9368018396696737,1.0558777864338587,0.9492022710371962,-0.08246689097060889,-0.13895261722089858,-0.0871696317761339,-0.17939304176839044
2024-01-07,Beverage and Food,2024-01-14,2024-01-21,1716327.4698140835,1884869.1244691084,42084.29914470862,42830.81906707994,1665378.0,1777977.0,41604.0,42311.0,0.9664582851308037,1.0613635298441846,1.0176596978456405,1.035711637739516,-0.06443103086238888,0.027440913667770905,-0.03578107627941585,-0.01867710518535637
2024-01-07,Clothing and Footwear,2024-01-14,2024-01-21,773148.984234558,825093.8988464028,5795.396270337229,6770.789540368881,563337.0,596748.0,4505.0,4701.0,1.0150894685193288,1.083289436236835,1.056397424414369,1.2341942290136494,-0.018110049244347004,0.04785937022107034,-0.09686827640061879,0.05513316820459413
2024-01-07,Construction & Building Materials,2024-01-14,2024-01-21,323230.0387180005,344517.8789387528,1464.0151796464575,1507.716677121391,339819.0,338610.0,1395.0,1404.0,0.9512795278124827,1.0139305322601615,1.092548641527207,1.1251616993443216,-0.07016003521671565,-0.008921034411948692,-0.05790528980279441,-0.029783348055732906
2024-01-07,Education,2024-01-14,2024-01-21,114526.70756838197,153229.4452060581,113.13479078159637,113.0860175377158,204308.0,142668.0,146.0,150.0,0.8130072661525823,1.087751974941492,0.9160711804177843,0.9156762553661199,0.17637030659006103,0.5739085953208647,0.1663380492948079,0.16583523234758557
2024-01-07,Electronic & Electric Devices,2024-01-14,2024-01-21,212922.83248515776,207878.5576776546,981.7620527770802,1058.0129604715364,188874.0,192603.0,908.0,952.0,0.9351209509417523,0.9129673519136505,0.9550214521177822,1.029195486840016,0.06612272608319647,0.0408656132309948,-0.04497854788221778,0.02919548684001594
2024-01-07,Furniture,2024-01-14,2024-01-21,268910.18936890847,290912.91154144006,1135.834521161908,1202.9301085643867,244944.0,255561.0,1008.0,1051.0,0.9252823720220507,1.0009906633683958,1.0339868194464343,1.0950660979193325,-0.07081063648646191,0.0052173320298685155,-0.084742529281299,-0.03067678600774637
2024-01-07,Gas Stations,2024-01-14,2024-01-21,775058.5560762575,811834.8098661276,14307.947571424093,14334.039855158693,733847.0,764519.0,13428.0,14102.0,1.0380674868024813,1.087323421139789,1.0669212610584313,1.0688669218268292,-0.06866311454427121,-0.02447150941344922,-0.007013146545624793,-0.005202314167624844
2024-01-07,Health,2024-01-14,2024-01-21,700612.3297302515,782059.2199300681,7519.870207781263,7546.390230206467,694442.0,693498.0,7366.0,7236.0,0.9250350938489437,1.0325713568043784,0.988676072545525,0.9921627965036113,-0.06810789097579406,0.0402255069120121,-0.06909257145564951,-0.06580957784024921
2024-01-07,Hotels,2024-01-14,2024-01-21,325691.78676437517,297534.10873445444,811.4078518994093,678.0144423963375,302796.0,326063.0,637.0,693.0,1.1779258534097243,1.0760882932644755,1.2406847888370172,1.03671933088125,-0.21513242892305073,-0.28298814177987863,-0.12939071684612746,-0.27251669270779244
2024-01-07,Jewelry,2024-01-14,2024-01-21,201958.16521599886,185729.5196648885,187.26356023295284,195.87987425780045,191877.0,189456.0,174.0,179.0,0.9908823143170394,0.911258507848425,0.8570414655970382,0.8964753970608716,-0.08349141745176503,-0.15713881326177415,-0.19629373290578178,-0.15931384438712248
2024-01-07,Miscellaneous Goods and Services,2024-01-14,2024-01-21,1363826.1417746511,1502651.4502994884,22712.14538805763,21941.135226413287,1261295.0,1308681.0,19799.0,20333.0,1.0672756091932403,1.175914724685255,1.1800049558673922,1.1399472776419424,-0.07722016938642806,0.016710567649255825,0.0044288602537427835,-0.02966852881596993
2024-01-07,Other,2024-01-14,2024-01-21,1737932.51370862,1900008.3755203483,26981.677924769505,26940.588283481127,1577990.0,1670655.0,24226.0,25127.0,0.9263519046431435,1.0127414980834475,1.0817551538446228,1.0801077792314775,-0.0809933727908374,0.004711215817018832,-0.013935682316649989,-0.015437332036650653
2024-01-07,Public Utilities,2024-01-14,2024-01-21,115469.24634500222,125304.84340728592,1750.4471155570536,1726.1188754324091,107714.0,106398.0,1603.0,1616.0,1.0649148195849159,1.1556235875264425,1.1819359321789693,1.1655090313520655,-0.03211836996335138,0.050325172524001704,0.026655199740207358,0.012386437203758982
2024-01-07,Recreation and Culture,2024-01-14,2024-01-21,279333.6061968331,290671.88280685584,2319.9398651509537,2364.387441188727,245039.0,256121.0,2217.0,2210.0,0.998493704122654,1.0390230123031075,0.9853216670847117,1.0041993804156835,-0.07230190832126748,-0.034646225865960445,-0.01614085447372615,0.0027088385024287565
2024-01-07,Restaurants & Café,2024-01-14,2024-01-21,1774011.2778024506,1828491.1755754694,51928.55057016539,50347.38989050787,1602436.0,1707851.0,50847.0,52835.0,1.0149618835618703,1.0461313695464565,1.0271389548359833,0.9958638333450271,-0.12154306476402366,-0.09456564662216171,-0.08055259445863183,-0.10854864034654432
2024-01-07,Telecommunication,2024-01-14,2024-01-21,95306.4642339521,96898.4455775114,718.0600292130111,783.0895954313963,85838.0,96043.0,670.0,761.0,1.0003302464859836,1.017039575728275,1.1004751405563389,1.2001373110059714,-0.010994912791315481,0.005525243109721245,-0.10242496348373609,-0.021138005710754637
2024-01-07,Transportation,2024-01-14,2024-01-21,679402.8619546345,705968.5046613514,2536.7133511140455,2627.6660631816662,597758.0,616454.0,2290.0,2351.0,0.9982960594429381,1.0373308912279937,1.0004785451051255,1.0363502516985472,0.01944478749097378,0.05930656538486567,-0.06772754461078812,-0.03430133657417633
2024-01-14,Beverage and Food,2024-01-21,2024-01-28,1807811.992359178,1893366.2890518717,42704.21983210718,43037.87227243141,1777977.0,2460192.0,42311.0,46953.0,1.0179729152523618,1.0661482549363148,1.0307808499386222,1.0388344462195902,0.0855265245242689,0.13689882360153183,0.026445049324756775,0.0344647695517597
2024-01-14,Clothing and Footwear,2024-01-21,2024-01-28,784398.7939833413,806346.1228217641,5597.741049194074,6592.664458831907,596748.0,863240.0,4701.0,6738.0,1.0298596662841772,1.058674943572642,1.0203684012384384,1.2017252021202893,0.3924148315898677,0.4313743333417903,0.24256183111966112,0.4634105347018662
2024-01-14,Construction & Building Materials,2024-01-21,2024-01-28,360070.74576789385,370123.0543788322,1578.6258870770641,1554.1404279833066,338610.0,384983.0,1404.0,1657.0,1.0580544607859033,1.087592794827225,1.1758852045266772,1.1576465012911037,0.05959568407856497,0.08917704536483306,0.13163146027029682,0.11407915984466421
2024-01-14,Education,2024-01-21,2024-01-28,163550.35107989804,184190.58444368624,155.1620218541052,130.86543582182819,142668.0,191812.0,150.0,180.0,1.1306548249227315,1.2733447016867234,1.2462813000329735,1.051127998568901,-0.1994912040649508,-0.09846611760828627,0.0627535743431864,-0.10366139848062883
2024-01-14,Electronic & Electric Devices,2024-01-21,2024-01-28,217509.16307725065,235552.3871741378,1056.661227174384,1023.4957714691266,192603.0,248299.0,952.0,1178.0,0.9552633366810088,1.0345061152905428,1.0278805711813075,0.9956184547365045,0.15160987259893188,0.24714035374978982,0.1637238184739913,0.12719798619947853
2024-01-14,Furniture,2024-01-21,2024-01-28,272202.4422597759,299860.2606193287,1185.0024657429753,1243.1175057256316,255561.0,354734.0,1051.0,1455.0,0.9366105540121321,1.0317772408407009,1.078745986111038,1.1316499824539206,0.11128438442981214,0.22419924807028835,0.17559768426882472,0.2332514937754282
2024-01-14,Gas Stations,2024-01-21,2024-01-28,798929.6060171754,827782.9770949576,14730.271463485002,14316.08851753196,764519.0,894536.0,14102.0,15110.0,1.0700389560872705,1.10868345096534,1.0975539425888534,1.066693131475446,0.08868688707206718,0.1280048526395252,0.09698178905905586,0.06613706564879052
2024-01-14,Health,2024-01-21,2024-01-28,806948.3272813878,794109.7642347219,7890.649774353408,7463.57467900937,693498.0,890795.0,7236.0,8732.0,1.065433036191906,1.048481976570488,1.0374243721211422,0.9812746093885577,0.16200968155927753,0.1435220856957411,0.07122587216310183,0.013246630329808662
2024-01-14,Hotels,2024-01-21,2024-01-28,285877.69245280663,291733.0940019548,694.2864953119351,680.4161261151579,326063.0,351320.0,693.0,753.0,1.0048672285532743,1.0254491112328066,1.061600145736904,1.0403916301455014,-0.055873616385927694,-0.03653583930449933,0.08993170378639737,0.06815718385425096
2024-01-14,Jewelry,2024-01-21,2024-01-28,194931.05797929483,222963.0856897616,207.37031075758972,217.49747904214652,189456.0,254362.0,179.0,244.0,0.9564046972609913,1.093940312436734,0.9490632071285571,0.9954118033965516,0.01591674864259307,0.16201048426732534,0.1917833951585617,0.2499855117364742
2024-01-14,Miscellaneous Goods and Services,2024-01-21,2024-01-28,1419334.0939753796,1491721.493803719,22914.998945235646,22291.190846934693,1308681.0,1754245.0,20333.0,24240.0,1.1107139050914359,1.1673613793429385,1.1828317217382773,1.150631850871558,0.12529907275885477,0.1826904045474842,0.15738163267011696,0.12587458189477707
2024-01-14,Other,2024-01-21,2024-01-28,1866325.2412522342,1763080.079278237,27638.05526610906,27337.17923339752,1670655.0,2257503.0,25127.0,29771.0,0.9947877309851875,0.9397560472544363,1.1080707734232358,1.0960079877076283,0.1827231105724587,0.11729483664550289,0.1408427006566937,0.1284231500618147
2024-01-14,Public Utilities,2024-01-21,2024-01-28,119434.43838405125,140079.17880694117,1815.8814432767037,1746.4158264327893,106398.0,128324.0,1616.0,1779.0,1.101483792697177,1.291879856746406,1.2232276478792212,1.1764336991800535,0.1088107245488168,0.3004732793039082,0.1328018984882744,0.0894671406318086
2024-01-14,Recreation and Culture,2024-01-21,2024-01-28,280755.0411817718,288849.70134845277,2338.3481791340596,2441.055342208679,256121.0,339998.0,2210.0,2878.0,1.0035747035147604,1.032509522076291,0.9931400208681502,1.036761665835073,0.1457565578612865,0.17879072861239553,0.054735308585502684,0.10106240063539884
2024-01-14,Restaurants & Café,2024-01-21,2024-01-28,1830679.0480130545,1693999.6671565347,51642.90905966532,49300.29505908032,1707851.0,2043135.0,52835.0,59213.0,1.0473831130714442,0.9691849845848837,1.0181660451616241,0.9719802265130235,0.14243504764811488,0.057140295872368574,0.015653019050589467,-0.03041880427399213
2024-01-14,Telecommunication,2024-01-21,2024-01-28,101291.81309680638,106504.11784116844,783.7330019133686,811.8016605127084,96043.0,133040.0,761.0,995.0,1.0631520660908567,1.117860066556478,1.1992853893089037,1.2422366649008545,0.18003463613791526,0.24075721523297888,0.16975074912443078,0.2116442694219529
2024-01-14,Transportation,2024-01-21,2024-01-28,714616.5499219156,720055.1356168706,2742.943987179444,2683.14549996987,616454.0,776880.0,2351.0,3021.0,1.050038093374107,1.0580294030553705,1.0818158103646003,1.0582313153105383,0.19549474858038818,0.2045930554118398,0.19779213413949503,0.17167925762876424
2024-01-21,Beverage and Food,2024-01-28,2024-02-04,2021762.7214834671,1870324.3543082948,45646.33155050243,44466.52093002197,2460192.0,1863369.0,46953.0,43750.0,1.1367014200503294,1.0515577950398665,1.0986144444030526,1.070218800212327,0.13711410298528448,0.05193956632076513,0.07882894638515814,0.05094469357902143
2024-01-21,Clothing and Footwear,2024-01-28,2024-02-04,770680.2317678919,830021.2950460096,6250.5019499672,6619.397466346654,863240.0,703532.0,6738.0,5573.0,1.0118481726237198,1.0897587559817157,1.1393550765525338,1.2065981528156497,0.29146680301884875,0.39090754396497274,0.32961113592154856,0.4080828475530003
2024-01-21,Construction & Building Materials,2024-01-28,2024-02-04,377423.05268580694,364015.0417938894,1692.8609073958505,1612.893421044812,384983.0,349844.0,1657.0,1532.0,1.1090435676634136,1.0696446275906646,1.2498050257629019,1.190766645289636,0.11462464985029075,0.07502744099078407,0.20574138703408162,0.14878448792365528
2024-01-21,Education,2024-01-28,2024-02-04,125059.22855476914,165882.57854788358,131.16316724194166,126.59809875890222,191812.0,143287.0,180.0,165.0,0.8708101909984796,1.1550706139638511,1.053519415597925,1.0168521988666845,-0.1234248145711081,0.16271748778901762,-0.12557888505372228,-0.15601267494065185
2024-01-21,Electronic & Electric Devices,2024-01-28,2024-02-04,224474.16504960254,242617.60151402617,1106.9326171884738,1082.226037752999,248299.0,217858.0,1178.0,1027.0,0.9858524435028472,1.0655353378262906,1.076782701545208,1.0527490639620614,0.16547595338391696,0.25967716761434745,0.1627443457862121,0.13679205646323433
2024-01-21,Furniture,2024-01-28,2024-02-04,305751.09378792427,302260.4853507094,1296.4222910830133,1255.1387622820375,354734.0,311576.0,1455.0,1246.0,1.0520467743240405,1.040036078626097,1.1801750487783462,1.1425933202385412,0.19639183517017167,0.18273322357757804,0.23351312186775774,0.19423288513990244
2024-01-21,Gas Stations,2024-01-28,2024-02-04,824645.3678381746,818546.5714449165,14655.326384368469,14607.678443694582,894536.0,788530.0,15110.0,14123.0,1.098115712388576,1.0899944224289266,1.0895748399218221,1.086032373792393,0.07864600858601878,0.07066870992730934,0.039237440389197964,0.0358586330800299
2024-01-21,Health,2024-01-28,2024-02-04,812897.8127929446,768560.9726669469,7978.179326374609,7557.4982973422975,890795.0,743960.0,8732.0,7770.0,1.0732882831737212,1.01474930044884,1.048932333207285,0.9936232313097946,0.17217037798659063,0.10823819631339515,0.10256762387708807,0.04443038935078736
2024-01-21,Hotels,2024-01-28,2024-02-04,346009.6397064199,330947.9727951904,751.2615641186599,802.9797475091991,351320.0,336374.0,753.0,688.0,1.1939312704883591,1.141959900192854,1.1443435858623912,1.223122235352931,0.0611741893634663,0.014981683892960618,0.08407152109474736,0.15870093435670873
2024-01-21,Jewelry,2024-01-28,2024-02-04,201426.45204857728,219487.87400554438,219.27754653203755,240.70249686795145,254362.0,230225.0,244.0,208.0,0.9882735305953015,1.0768896237819037,1.0035585653640162,1.1016132579768945,0.06318328291834141,0.15851635211101467,0.22501422643596403,0.3447066864131365
2024-01-21,Miscellaneous Goods and Services,2024-01-28,2024-02-04,1699884.1317991768,1516913.9855063115,23291.487973639025,22869.6643740492,1754245.0,1462244.0,24240.0,21797.0,1.325695867601666,1.1830021614264146,1.1984300475245189,1.1767257203009622,0.29892932792573346,0.15911668734115603,0.14550179381493256,0.12475603078980968
2024-01-21,Other,2024-01-28,2024-02-04,2046170.3325172805,1895178.4482005963,28835.300735667268,27873.759444162555,2257503.0,1801867.0,29771.0,26627.0,1.0906486700722777,1.0101670526797002,1.1509949400525803,1.1126138886004413,0.2247713217374505,0.13439246774504388,0.14758231128536115,0.10931505727554236
2024-01-21,Public Utilities,2024-01-28,2024-02-04,134830.15705760175,132014.54107841008,1801.1669760298973,1859.1711428694757,128324.0,108797.0,1779.0,1614.0,1.243470767520225,1.2175037565851867,1.2043911574924089,1.2431769594580246,0.2672245442358103,0.24076149061458008,0.11458352477097611,0.150477192369725
2024-01-21,Recreation and Culture,2024-01-28,2024-02-04,311361.59519875946,316073.6290908082,2690.1336058245993,2412.41698818491,339998.0,281460.0,2878.0,2612.0,1.112979554248394,1.1298229847216608,1.1425498432043317,1.0245984235230028,0.21568163172390964,0.23407931833316376,0.21725502525999962,0.09159139736873767
2024-01-21,Restaurants & Café,2024-01-28,2024-02-04,1963915.0974919277,1942806.054692605,52718.905543999164,52723.346874048264,2043135.0,1817583.0,59213.0,56270.0,1.1236112145663426,1.1115341358533322,1.038070030697722,1.0381574834164922,0.1499335114667073,0.13757350886734554,-0.0021973020914325403,-0.00211324171385896
2024-01-21,Telecommunication,2024-01-28,2024-02-04,124937.98891261879,102751.92850376054,876.8812309296891,810.7161814914119,133040.0,97663.0,995.0,769.0,1.3090393578606887,1.0765846295283605,1.3387499708850215,1.2377346282311632,0.30085471000092445,0.06985338341951564,0.15227494208894754,0.06533006766282767
2024-01-21,Transportation,2024-01-28,2024-02-04,757822.0721411784,698304.3014402852,2764.942645037204,2658.226638750419,776880.0,614890.0,3021.0,2537.0,1.1135231108695798,1.0260693197763397,1.0904920706121886,1.0484033282391714,0.22932460839118307,0.13277600833198444,0.1760708826189723,0.13067913175262413
2024-01-28,Beverage and Food,2024-02-04,2024-02-11,2072719.5943398,1817942.6666571307,43963.12322143644,43965.37172550491,1863369.0,1874824.0,43750.0,44651.0,1.1653510479822446,1.0221070894229274,1.0558413761812873,1.055895377431791,-0.15749681555756623,-0.2610565896250656,-0.063678077621527,-0.06363018922103136
2024-01-28,Clothing and Footwear,2024-02-04,2024-02-11,849858.6591013633,720717.381098478,6970.226867309664,5891.762611925904,703532.0,723479.0,5573.0,5464.0,1.1073408833116345,0.9390735893042762,1.2705480983065374,1.073963290544277,-0.015501298478565295,-0.16510196341865768,0.03446525190110772,-0.12559177620571327
2024-01-28,Construction & Building Materials,2024-02-04,2024-02-11,348941.3443802008,351024.7026609412,1595.3598246845004,1507.0427468904456,349844.0,363747.0,1532.0,1567.0,1.0253511297807343,1.0314730004082737,1.1649213761843742,1.1004328199273061,-0.0936188237397475,-0.08820726457806904,-0.03719986440283618,-0.09049924750123983
2024-01-28,Education,2024-02-04,2024-02-11,149941.05948416988,160823.29605371229,158.91699495764496,136.13268184851876,143287.0,120614.0,165.0,144.0,1.0440669125888755,1.1198419082859241,1.2764417265674295,1.0934351955704318,-0.21829155900480746,-0.16155769162663292,-0.11712780579086135,-0.24370732306378473
2024-01-28,Electronic & Electric Devices,2024-02-04,2024-02-11,235113.34402624544,223720.0739908409,1003.1846442194585,1034.8193642091849,217858.0,222179.0,1027.0,1045.0,1.032577912283051,0.9825406035290153,0.9692605258159019,0.9998254726658791,-0.053103943124034214,-0.09898922673534372,-0.14840013224154625,-0.12154553123159184
2024-01-28,Furniture,2024-02-04,2024-02-11,303229.84699594346,288249.5065284798,1247.3208478651231,1176.7904747132243,311576.0,321477.0,1246.0,1230.0,1.0433715165451818,0.9918262590227263,1.1354764204507266,1.071270345665202,-0.14519091207512258,-0.18742069683627782,-0.1427348124638329,-0.19120929572974277
2024-01-28,Gas Stations,2024-02-04,2024-02-11,879260.8312020064,779150.8537199615,14226.841333895298,14117.098879190802,788530.0,826398.0,14123.0,15080.0,1.1708428515907638,1.037534227632698,1.055442808256634,1.047301374620038,-0.017076080557958062,-0.12898882356891006,-0.058448621184957084,-0.06571152354792842
2024-01-28,Health,2024-02-04,2024-02-11,818665.7519647516,746885.8435879312,7983.508516006882,7627.363437450226,743960.0,743754.0,7770.0,7644.0,1.0809038302126404,0.9861311128849486,1.0496329892199425,1.0028087611688439,-0.08097177019993196,-0.16155137423545118,-0.08571821850585415,-0.1265044162333685
2024-01-28,Hotels,2024-02-04,2024-02-11,336566.9941798275,310465.78135742305,766.5140363668327,703.1152657907336,336374.0,317115.0,688.0,660.0,1.161348739608869,1.0712846182370441,1.157876187865306,1.0621076522518633,-0.04199307133147123,-0.11628776796816842,0.01794692744599291,-0.06624798699769774
2024-01-28,Jewelry,2024-02-04,2024-02-11,244064.9463745462,209814.11944812682,219.42191677626244,214.25778843283604,230225.0,282474.0,208.0,229.0,1.1974739354985795,1.029426564817504,1.0042192987471965,0.9805848440862062,-0.04048188654537155,-0.17513575357904554,-0.10072984927761297,-0.12189430970149162
2024-01-28,Miscellaneous Goods and Services,2024-02-04,2024-02-11,1564377.0223000864,1392845.7228259512,22718.91060366301,22184.451194879446,1462244.0,1438032.0,21797.0,22215.0,1.2200173617946517,1.0862445177382019,1.1689689016549014,1.1414690607090017,-0.10823344384616373,-0.20601414122545525,-0.06275121272017281,-0.08479986819804264
2024-01-28,Other,2024-02-04,2024-02-11,1999368.7172489406,1689100.6613246498,28762.39965977715,26985.004428527383,1801867.0,1821858.0,26627.0,27123.0,1.0605906316824398,0.8960049849306936,1.1442028706027707,1.0734959494192893,-0.11434504527837142,-0.2517836470982985,-0.03387861812578852,-0.09358085289283591
2024-01-28,Public Utilities,2024-02-04,2024-02-11,123406.92483048634,120542.78435886485,1691.897197232945,1751.2532943609701,108797.0,85917.0,1614.0,1221.0,1.1343173780767906,1.107991105749075,1.121947743523173,1.161308550637248,-0.038317658189533144,-0.06063725913418494,-0.048961665411498045,-0.015596799122557514
2024-01-28,Recreation and Culture,2024-02-04,2024-02-11,330275.36186374,283611.93188745086,2608.824158670651,2358.86665399707,281460.0,281811.0,2612.0,2836.0,1.18058787819249,1.0137868202085785,1.1080162066980892,1.0018545992767338,-0.028596162731133634,-0.16584235234486422,-0.09352878433959322,-0.18037989784674424
2024-01-28,Restaurants & Café,2024-02-04,2024-02-11,1967394.070279613,1737324.0245895581,52544.98467594597,52223.61160658063,1817583.0,1801314.0,56270.0,56774.0,1.1256016330138643,0.9939720713269702,1.031730147380588,1.025419929835273,-0.03707093741744283,-0.14967732206165618,-0.11261066529400687,-0.1180380726093826
2024-01-28,Telecommunication,2024-02-04,2024-02-11,110427.37585584259,94827.03370179818,785.25286052296,808.297002662613,97663.0,96927.0,769.0,766.0,1.1570042261659386,0.9935514440820199,1.1843934547857615,1.2191508335786017,-0.16996861202764135,-0.28722915136952665,-0.21080114520305526,-0.1876412033541578
2024-01-28,Transportation,2024-02-04,2024-02-11,720980.2337215851,668920.7842583493,2755.8295156939857,2600.126687609664,614890.0,643506.0,2537.0,2550.0,1.0567134047573707,0.9804118426353035,1.084331896790866,1.0230677503874341,-0.07195418375864338,-0.13896511139641987,-0.08777573131612526,-0.13931589287995239
2024-02-04,Beverage and Food,2024-02-11,2024-02-18,1739598.0291901575,1656868.080378986,41902.098422258285,41672.93265390654,1874824.0,1787582.0,44651.0,42886.0,0.9707169308381023,0.9245526097416018,1.0038594768275384,0.9983692928752674,-0.06642322095615116,-0.11082127030181033,-0.042237750348382064,-0.047475825053564846
2024-02-04,Clothing and Footwear,2024-02-11,2024-02-18,686444.428989718,625336.0780761426,5312.518291037727,5002.252385544909,723479.0,798824.0,5464.0,6223.0,0.894416938865553,0.8147945515971717,0.9542874602187402,0.8985544073190065,-0.024288264087890865,-0.11114764065295879,-0.046739944188457394,-0.10241299380138003
2024-02-04,Construction & Building Materials,2024-02-11,2024-02-18,351009.32497904566,332863.68494147656,1522.215464857655,1381.7861707646284,363747.0,369912.0,1567.0,1489.0,1.031427813663398,0.9781075269941188,1.1066633695802652,1.0045700987020199,0.0033309846075555427,-0.04853681943530097,-0.006386772286125941,-0.09805080237295793
2024-02-04,Education,2024-02-11,2024-02-18,138056.76491485146,135261.70774925943,142.17088272482587,116.8461941221257,120614.0,107846.0,144.0,123.0,0.9592471263243386,0.9398264876061994,1.1419348010026174,0.9385236475672747,-0.0365018116448006,-0.056008516130148456,-0.13835828651620685,-0.2918412477446928
2024-02-04,Electronic & Electric Devices,2024-02-11,2024-02-18,219251.15949475125,219086.54002818378,972.6218777857737,974.7541288070756,222179.0,290901.0,1045.0,1036.0,0.9653453187923285,0.9646205124478641,0.9397312828848055,0.9417914287991069,0.006394805307820883,0.005639177942438511,-0.05294851237996723,-0.05087231859096819
2024-02-04,Furniture,2024-02-11,2024-02-18,271453.8567185598,273240.62445858424,1103.0260713512266,1120.2695286997716,321477.0,363753.0,1230.0,1263.0,0.9340347758057972,0.9401827938359888,0.9901490766169,1.0056279431775328,-0.12877161039823415,-0.12303699752681774,-0.11474633117879085,-0.10090728033726193
2024-02-04,Gas Stations,2024-02-11,2024-02-18,787178.7017674835,756886.1947535967,13977.987385620316,13535.513988588285,826398.0,819699.0,15080.0,15164.0,1.0445362413160073,1.004340004622512,1.0353297819139557,1.002556402384141,-0.0017136928620553604,-0.04013012218482914,-0.010267833631642298,-0.04159781996825851
2024-02-04,Health,2024-02-11,2024-02-18,727619.2732392921,676485.3550510372,7693.92198246518,6867.045842428746,743754.0,719517.0,7644.0,7050.0,0.9606930026001032,0.8931796763240037,1.0115595559380988,0.9028458904060934,-0.02196452330865628,-0.090696603243404,-0.00979125064798203,-0.11621031628973666
2024-02-04,Hotels,2024-02-11,2024-02-18,349524.56956949143,296777.8492622438,680.2567192854116,664.6229648124316,317115.0,373474.0,660.0,744.0,1.206059790030922,1.0240534192143178,1.015308536246883,0.9919745743469128,0.03909508335808187,-0.11771465909302214,-0.011254768480506439,-0.03397824881914002
2024-02-04,Jewelry,2024-02-11,2024-02-18,197761.47712841578,191143.91034001124,188.84738740118047,179.38473862552985,282474.0,239663.0,229.0,209.0,0.9652174706591687,0.9329190110695171,0.86826385012037,0.8247574189679533,-0.14100780919354639,-0.16975171966549574,-0.09207986826355541,-0.13757337199264497
2024-02-04,Miscellaneous Goods and Services,2024-02-11,2024-02-18,1370743.6937003555,1273721.6471492632,21397.9000883856,20810.24912515674,1438032.0,1424205.0,22215.0,21612.0,1.066556873789623,0.9910653496383363,1.0922590075998877,1.06226227636644,-0.06257526534534896,-0.1289267405786837,-0.018309855099986283,-0.04527003141915209
2024-02-04,Other,2024-02-11,2024-02-18,1646522.954958296,1561143.1683643335,26426.4744762876,24875.19199658442,1821858.0,1928690.0,27123.0,26648.0,0.8734190976448228,0.8281283010972004,1.0498778147982837,0.9882480631116929,-0.0862128253870591,-0.1335968923542451,-0.007530909366898264,-0.0657906637403981
2024-02-04,Public Utilities,2024-02-11,2024-02-18,116569.79410619533,116117.87018611655,1741.6529638179957,1638.1175621364853,85917.0,78855.0,1221.0,1058.0,1.069894259587216,1.0657464371468508,1.1342578728870047,1.066830063260492,0.07144309223779444,0.06728926520139855,0.07909105564931584,0.014942727469941408
2024-02-04,Recreation and Culture,2024-02-11,2024-02-18,259656.86631040383,263736.0712347914,2360.9752945242626,2166.55549163943,281811.0,285889.0,2836.0,2152.0,0.924382973541608,0.9389050142304272,1.0021117548914527,0.9195906161457682,-0.0774644130235066,-0.06297139474599789,-0.09610440485288563,-0.17053771376744642
2024-02-04,Restaurants & Café,2024-02-11,2024-02-18,1743349.435224507,1663301.7503170976,51992.42933118163,48881.54112623587,1801314.0,1843265.0,56774.0,55507.0,0.9962899126718089,0.9505442351876427,1.0184609075647724,0.9575228428253842,-0.040841911910208806,-0.08488264342420804,-0.07601867191786693,-0.13130369422008403
2024-02-04,Telecommunication,2024-02-11,2024-02-18,94260.75952669402,93164.63292014884,722.3418114280489,719.02565816547,96927.0,88718.0,766.0,729.0,0.9816988432032954,0.9702829981893899,1.0630490234408372,1.058168739022031,-0.03483653454538549,-0.04606009522389398,-0.060673847297725736,-0.06498614022695715
2024-02-04,Transportation,2024-02-11,2024-02-18,647641.8044456202,628998.3067228791,2466.4496652321436,2309.5363576209247,643506.0,617109.0,2550.0,2454.0,0.9492240483574986,0.9218989802991256,0.9702791759371139,0.9085508881278225,0.05326449356083218,0.02294444001834317,-0.027808567113857485,-0.08965851098899302
2024-02-11,Beverage and Food,2024-02-18,2024-02-25,1829542.3549249403,2060424.842940578,42674.1263971927,44923.38807883425,1787582.0,2722047.0,42886.0,47800.0,1.009096469995279,1.1364412690993508,1.018026083881644,1.071684055460817,-0.024152477819283202,0.09899640869787141,-0.044273893144774035,0.0061003802565284815
2024-02-11,Clothing and Footwear,2024-02-18,2024-02-25,701451.6374760763,889546.6058813937,5410.540179834663,7075.969996259539,798824.0,1181859.0,6223.0,8152.0,0.9139708909531833,1.1590531128377706,0.9718951284057236,1.271056223506294,-0.03044644353730208,0.22954032650760237,-0.009784008082967977,0.295016470764923
2024-02-11,Construction & Building Materials,2024-02-18,2024-02-25,363162.24430515175,381486.64943040523,1452.7546714509467,1673.6688165750043,369912.0,442864.0,1489.0,1800.0,1.0671387139675468,1.1209842951815243,1.055014285730535,1.215445763671027,-0.0016075890518636449,0.04876919790515166,-0.07290703800194853,0.06807199526164909
2024-02-11,Education,2024-02-18,2024-02-25,107784.30947843399,163675.42499467285,118.16876990030305,127.78660612082116,107846.0,105979.0,123.0,128.0,0.7489078075515487,1.1372509067041374,0.9231935148461176,0.9983328603189153,-0.10636982872275202,0.35701846381574986,-0.17938354235900666,-0.11259301304985303
2024-02-11,Electronic & Electric Devices,2024-02-18,2024-02-25,234929.8504550103,249552.07802725144,1029.8129403506675,1271.430270516227,290901.0,306987.0,1036.0,1349.0,1.0400487439543407,1.1047822352108563,0.9873566062806016,1.2190127234096135,0.05738998940048479,0.12320281406996814,-0.014533071434767897,0.21667968470452337
2024-02-11,Furniture,2024-02-18,2024-02-25,315349.3936705999,346319.21039942,1185.1228709760803,1439.59001215332,363753.0,480665.0,1263.0,1713.0,1.0850731825224944,1.1916359927721978,1.0529745632839451,1.279067092095353,-0.01906079230987001,0.07727523399627345,-0.03648547075115416,0.1703983838644878
2024-02-11,Gas Stations,2024-02-18,2024-02-25,793583.02937164,916702.7295897859,13944.66881053389,14820.76668537052,819699.0,964947.0,15164.0,16177.0,1.0464187206567155,1.2087643787939897,1.0301532013839538,1.0948743534422132,-0.03970843422704318,0.10927510665537166,-0.07528721415557749,-0.017190538105403164
2024-02-11,Health,2024-02-18,2024-02-25,708313.9684782737,830731.2146810262,7177.915062557303,7972.526895534583,719517.0,945208.0,7050.0,8543.0,0.9352037503509073,1.0968341471118264,0.9385349192674298,1.0424329099809861,-0.04765020628020322,0.11694352525300866,-0.06097395832583685,0.042978400776371384
2024-02-11,Hotels,2024-02-18,2024-02-25,307246.25265943265,334587.44053936534,650.556021676804,754.0010912879162,373474.0,432248.0,744.0,911.0,1.0503947879934998,1.1438671769910833,0.9709791368310507,1.125374763116293,-0.031120405343699753,0.05509812067977027,-0.014309058065448466,0.14242589589078203
2024-02-11,Jewelry,2024-02-18,2024-02-25,253385.3841460839,232346.46189011322,214.50546402201002,232.09032781955946,239663.0,287358.0,209.0,268.0,1.2367019256671152,1.134016935545826,0.986232018492,1.0670819669864804,-0.10297802931921551,-0.17745894528305894,-0.0632949169344541,0.013494881308119933
2024-02-11,Miscellaneous Goods and Services,2024-02-18,2024-02-25,1393821.174995401,1684082.293736182,21387.269984981504,23008.765900539933,1424205.0,1948683.0,21612.0,25324.0,1.0765970187377412,1.3007966942038838,1.081804248102251,1.1638222509124903,-0.03074397857947464,0.17110209907441698,-0.03725996016288524,0.035731078124687565
2024-02-11,Other,2024-02-18,2024-02-25,1783662.89961072,2047319.3890661234,26141.01545371801,28325.928616972968,1928690.0,2723327.0,26648.0,32083.0,0.9461667300714932,1.0860266770068658,1.0356568857698987,1.122218953962718,-0.020964916249938237,0.1237535466903148,-0.036204864737749864,0.044350868892562234
2024-02-11,Public Utilities,2024-02-18,2024-02-25,110114.34458266868,131513.0759122531,1622.3454052444263,1805.30001478812,78855.0,103257.0,1058.0,1229.0,1.0106452196345141,1.2070458394307082,1.0565583883063667,1.1757082479896581,0.28163628365362703,0.5306991155679677,0.32870221559740065,0.4785421906536609
2024-02-11,Recreation and Culture,2024-02-18,2024-02-25,279095.3830766525,329470.3433581731,2597.0155127634416,2598.364300864406,285889.0,356119.0,2152.0,2578.0,0.9909808354296687,1.1698466399234937,1.102298604738303,1.102871095443296,-0.009636305620957075,0.16911810879693512,-0.08426815487889927,-0.08379255963878496
2024-02-11,Restaurants & Café,2024-02-18,2024-02-25,1750317.545586146,2054172.6507861284,50505.50244244063,52909.456403067634,1843265.0,2243060.0,55507.0,60450.0,0.9995263365018162,1.173044096689843,0.9857136363491706,1.0326314984741183,-0.02831069675462139,0.14037455478951943,-0.11041141292773748,-0.06806889768084623
2024-02-11,Telecommunication,2024-02-18,2024-02-25,102995.93115191263,116013.68407882149,756.9862415586261,925.8066745571015,88718.0,140043.0,729.0,1113.0,1.070593695221249,1.2059070425897072,1.0970815095052553,1.3417488037059442,0.06261342197646314,0.19691813507919864,-0.011767308670200816,0.20862490151057633
2024-02-11,Transportation,2024-02-18,2024-02-25,677361.8915315539,763319.5271003346,2402.2048572689264,2808.305555065788,617109.0,824584.0,2454.0,3151.0,0.9927836536633915,1.118768502482223,0.9425955884908481,1.1019444987505544,0.052611617500930796,0.1861886712794203,-0.057958879502381766,0.10129629610423074
2024-02-18,Beverage and Food,2024-02-25,2024-03-03,1986042.3604026316,1950831.2893480065,44592.497841556906,45842.51087708633,2722047.0,2673222.0,47800.0,48040.0,1.0954151073619764,1.0759942027787466,1.0607033180280183,1.0904368615284388,0.11102168202780716,0.09132408434858186,0.039791490033038945,0.0689388349831257
2024-02-18,Clothing and Footwear,2024-02-25,2024-03-03,1029595.4073073062,865706.5523752118,7327.722059069864,6378.556170627311,1181859.0,1032259.0,8152.0,7239.0,1.332862213080654,1.1206999789314813,1.2854525145285263,1.1189467889882134,0.2888889258551397,0.08372626808309702,0.1775224263329367,0.024996974229039237
2024-02-18,Construction & Building Materials,2024-02-25,2024-03-03,362052.4211857767,388106.61824896466,1642.9575606787391,1639.11185565278,442864.0,403168.0,1800.0,1804.0,1.0638775401122984,1.1404368267216884,1.1849675879399488,1.182193909594504,-0.02124715828149204,0.04918634228942187,0.10339661563380731,0.10081387216439208
2024-02-18,Education,2024-02-25,2024-03-03,126628.23696116432,121721.48933160544,112.4847243481564,128.12046507288892,105979.0,303314.0,128.0,187.0,0.8798393363152563,0.8457462329011926,0.8787869089699719,1.0009411333819447,0.17415793781099276,0.12866021300377795,-0.08549004594994791,0.04162979734056038
2024-02-18,Electronic & Electric Devices,2024-02-25,2024-03-03,298058.3668208601,253972.23842334413,1238.185767719485,1125.893565605288,306987.0,279682.0,1349.0,1283.0,1.3195225274128481,1.124350554260688,1.1871387993475409,1.0794760935812924,0.024604132749148633,-0.1269461486095128,0.1951600074512403,0.08676985097035517
2024-02-18,Furniture,2024-02-25,2024-03-03,366682.29887771193,344687.0434423513,1526.4825352386956,1385.910037177073,480665.0,444899.0,1713.0,1741.0,1.2617025337727723,1.1860199344252946,1.3472926171568365,1.2232215685587582,0.008052988917512494,-0.05241456856066817,0.20861641744948178,0.09731594392484011
2024-02-18,Gas Stations,2024-02-25,2024-03-03,913266.9326862621,861292.9681869429,14656.763565125699,15323.336768386656,964947.0,882543.0,16177.0,15559.0,1.19688342012845,1.1287688589183924,1.0782978528692808,1.127337632399239,0.11414913606855936,0.050742977833256875,-0.03345004186720535,0.010507568477094109
2024-02-18,Health,2024-02-25,2024-03-03,827434.4690909237,776029.731798657,7857.735371195271,7567.612970937704,945208.0,805557.0,8543.0,7936.0,1.0924813756333245,1.024610480464037,1.0274235579491724,0.9894891436895533,0.14998598933857532,0.07854259426623278,0.11457239307734346,0.0734202795656318
2024-02-18,Hotels,2024-02-25,2024-03-03,359823.86970285693,347501.5572312919,769.85763766068,729.4953154259013,432248.0,358373.0,911.0,735.0,1.2227636080444793,1.1808895787600269,1.143919223864309,1.0839454909745931,-0.03654907783980432,-0.06954284038168146,0.03475488932887094,-0.019495543782390823
2024-02-18,Jewelry,2024-02-25,2024-03-03,222885.19175901025,230243.79214611044,219.0711306891206,219.69236881166262,287358.0,233972.0,268.0,223.0,1.0878391694926508,1.12375440311834,1.007223589375267,1.0100798566053453,-0.0700058341963079,-0.03930188578916882,0.048187228177610564,0.05115965938594558
2024-02-18,Miscellaneous Goods and Services,2024-02-25,2024-03-03,1752833.8514037095,1610729.9540764075,22669.14225633206,23702.5821475008,1948683.0,1720774.0,25324.0,23977.0,1.343105435651228,1.2342186083146394,1.136468755017399,1.1882780441921492,0.2307454695101545,0.13096777084507316,0.04891459635073381,0.0967324702711827
2024-02-18,Other,2024-02-25,2024-03-03,2080010.432415516,1920027.0733670671,28316.084890950115,27466.580115374378,2723327.0,2428544.0,32083.0,31145.0,1.0999904451583562,1.0153850203032189,1.1178872834958593,1.0843497874210177,0.07845762274679502,-0.004491611732799439,0.06259700131154733,0.030718257106513658
2024-02-18,Public Utilities,2024-02-25,2024-03-03,110169.07511584972,121850.18985864722,1515.655056730229,1548.854241800659,103257.0,94729.0,1229.0,1194.0,1.0111475443038123,1.1183584877967154,0.9870759079975442,1.0086969988932981,0.3971095696639366,0.545243673307301,0.43256621619114277,0.4639454081291674
2024-02-18,Recreation and Culture,2024-02-25,2024-03-03,306769.33241318754,316114.63130758126,2453.7531056427415,2449.1828471498866,356119.0,318366.0,2578.0,3048.0,1.0807445214486087,1.11366789257559,1.0414911314273096,1.0395512933573372,0.07303650162541242,0.10572505870313753,0.14021984462952664,0.13809611856407367
2024-02-18,Restaurants & Café,2024-02-25,2024-03-03,2014301.875692075,1908875.2450631843,53024.26039380142,53691.27587274734,2243060.0,1961939.0,60450.0,58386.0,1.1486771524444082,1.0885564906290113,1.0313696428581431,1.0443436949466043,0.09279017162050751,0.0355945808460445,-0.044728405538014604,-0.03271162425014251
2024-02-18,Telecommunication,2024-02-25,2024-03-03,100222.27277639651,100543.93834340782,839.3655522343477,827.1364567924849,140043.0,113049.0,1113.0,943.0,1.041762836212407,1.0451063967216483,1.2112057030798669,1.1935591007106563,0.12967236385397007,0.13329807190657839,0.15139307576728078,0.13461791055210548
2024-02-18,Transportation,2024-02-25,2024-03-03,738250.3507900734,716358.2965496157,2680.8597878203714,2694.3683843825947,824584.0,714369.0,3151.0,2785.0,1.082025560839375,1.0499392066072277,1.0519363499393257,1.057236956791287,0.1963046249367184,0.16082944269102484,0.09244490131229477,0.09794962688777287
2024-02-25,Beverage and Food,2024-03-03,2024-03-10,1896257.5826221695,1964832.8435031092,46480.863971230276,45932.88832871191,2673222.0,2264918.0,48040.0,45812.0,1.0458937054257573,1.0837168547492397,1.1042027811526511,1.091185031980708,-0.3033707417167413,-0.27817820797983683,-0.027596988049575777,-0.03906091362527386
2024-02-25,Clothing and Footwear,2024-03-03,2024-03-10,906496.7513235064,876682.7851094422,6554.793372096633,6337.753852257454,1032259.0,914909.0,7239.0,6283.0,1.1735049103213866,1.134909255458555,1.1498628843253458,1.111789115385923,-0.2329907786601394,-0.2582171095626109,-0.19592819282425988,-0.2225522752382907
2024-02-25,Construction & Building Materials,2024-03-03,2024-03-10,329361.76160081034,374448.99690655887,1616.846706915187,1638.7085732067678,403168.0,307596.0,1804.0,1522.0,0.9678172558308219,1.100304415647193,1.166135381835692,1.1819030459479032,-0.2562914086473267,-0.15448309885978795,-0.1017518294915628,-0.08960634821846236
2024-02-25,Education,2024-03-03,2024-03-10,147192.9275730538,185928.18496696482,110.48696284734513,143.0003809881603,303314.0,140314.0,187.0,107.0,1.0294831534545912,1.3004017063311697,0.8734147260659694,1.1304377943728086,0.38888768126755124,0.7543870480657944,-0.1368206027551162,0.11719047647000225
2024-02-25,Electronic & Electric Devices,2024-03-03,2024-03-10,248833.465925034,251207.05678710484,1099.106866315688,1145.179045206886,279682.0,224001.0,1283.0,1171.0,1.1016008957052374,1.1121089268897677,1.052280389004967,1.096389703405348,-0.18943321402849633,-0.18170132029335173,-0.18524324216776278,-0.1510904038496026
2024-02-25,Furniture,2024-03-03,2024-03-10,321320.87321021385,337213.00995499524,1404.069186002883,1405.2431046421566,444899.0,314338.0,1741.0,1349.0,1.1056202088953595,1.1603028299526719,1.2392490609028093,1.2402851762066696,-0.3315076545822686,-0.2984448421353848,-0.18034490017344829,-0.17965960032565287
2024-02-25,Gas Stations,2024-03-03,2024-03-10,819120.6797732213,880684.4538137354,14767.200070250074,16394.5816828881,882543.0,771934.0,15559.0,13957.0,1.073499899773237,1.1541824010140203,1.0864226647231983,1.2061491030265292,-0.15112365780377446,-0.08732349671667416,-0.08714841625455438,0.013450063849174798
2024-02-25,Health,2024-03-03,2024-03-10,764893.3821482633,775470.7234875174,7978.864503517758,7641.224166183377,805557.0,693529.0,7936.0,7248.0,1.0099068936060198,1.0238724085180917,1.0432615721126774,0.9991140384653997,-0.1907671304641272,-0.1795766397581089,-0.06603482342060663,-0.1055572789203586
2024-02-25,Hotels,2024-03-03,2024-03-10,320934.83076542494,340805.2316343209,714.9396502808771,706.8277627910976,358373.0,271299.0,735.0,467.0,1.0906097806628072,1.1581339365221885,1.062317459555538,1.0502641349050483,-0.2575215367903959,-0.21155162861523724,-0.21521443437883958,-0.22411881142579848
2024-02-25,Jewelry,2024-03-03,2024-03-10,239523.81388277194,234354.5376636708,231.80840611700955,233.8763372602136,233972.0,189110.0,223.0,167.0,1.1690475473564677,1.1438177817328044,1.0657857752506186,1.0752935046446603,-0.1664619955498996,-0.18445097173675062,-0.135043260757427,-0.12732709977532242
2024-02-25,Miscellaneous Goods and Services,2024-03-03,2024-03-10,1600518.570010681,1561830.222170887,23676.45674680864,25416.439577395082,1720774.0,1386411.0,23977.0,20176.0,1.226394155681427,1.1967492864667095,1.1761192562122418,1.2625522615565585,-0.17866653015873746,-0.19852011734546504,-0.06505857104688684,0.0036502755249991914
2024-02-25,Other,2024-03-03,2024-03-10,1856422.032385638,1951651.0375674933,29500.462461231917,27798.77501455022,2428544.0,1901933.0,31145.0,27163.0,0.9817481999040887,1.0321090029892583,1.164645182046266,1.0974644695835065,-0.3183256978006541,-0.2833578055196848,-0.08049551285004775,-0.13353567264438426
2024-02-25,Public Utilities,2024-03-03,2024-03-10,100861.20473444767,112188.06486312988,1427.3260858373983,1401.6824261918744,94729.0,85506.0,1194.0,1272.0,0.9284283342564209,1.0326921878294117,0.9465027094412456,0.9294976301007124,-0.023202255203543798,0.0864935535908451,0.16137191687339159,0.14050644930176914
2024-02-25,Recreation and Culture,2024-03-03,2024-03-10,287594.9574733843,325941.2259800357,2412.217479839372,2550.4837268365363,318366.0,224061.0,3048.0,2071.0,1.0131934383420267,1.1482868627093032,1.0238614090999032,1.082548271153029,-0.19241894570807994,-0.08474070190010718,-0.06430664086913418,-0.010673496184431253
2024-02-25,Restaurants & Café,2024-03-03,2024-03-10,1848148.654587747,1900734.6469044252,52027.000298329294,52444.46786292513,1961939.0,1225844.0,58386.0,36428.0,1.0539265039985237,1.0839142276072462,1.011972035407045,1.0200921557030067,-0.17605919833274764,-0.1526153348976732,-0.1393382911773483,-0.1324322934172849
2024-02-25,Telecommunication,2024-03-03,2024-03-10,95768.9383159097,106385.60160681939,770.2584607368628,840.1035783455093,113049.0,98986.0,943.0,860.0,0.9954725435495191,1.1058277066750453,1.0879356790068684,1.1865869750642786,-0.31614619569768065,-0.24033617098448767,-0.30794388073956613,-0.24518995656288478
2024-02-25,Transportation,2024-03-03,2024-03-10,675451.6567637979,727098.6595492449,2777.197149624995,2698.2883123768347,714369.0,673465.0,2785.0,2561.0,0.9899838949586323,1.0656809496160258,1.0897379437414145,1.0587750882388993,-0.18085767276129794,-0.11822366241735849,-0.11862991125833233,-0.14367238578964303
2024-03-03,Beverage and Food,2024-03-10,2024-03-17,1908145.008514742,1802900.9253742897,46611.542023343645,44400.78509789103,2264918.0,1735056.0,45812.0,40682.0,1.0524502956425592,0.9944022091913018,1.1052460584578674,1.0528249139945232,-0.28620031987064976,-0.32557007035918084,-0.029734762211830912,-0.07575384891983705
2024-03-03,Clothing and Footwear,2024-03-10,2024-03-17,898389.2420070574,1036830.7060469695,6188.503720832711,7004.4419165964655,914909.0,1192886.0,6283.0,7595.0,1.1630093382419078,1.3422286653996947,1.0856071784637682,1.228741674694582,-0.12968621052753482,0.004428836219368959,-0.1451162148317846,-0.03240200074644761
2024-03-03,Construction & Building Materials,2024-03-10,2024-03-17,317902.1377638298,328300.81893448764,1595.15491452698,1531.194271524828,307596.0,291311.0,1522.0,1389.0,0.9341435784711466,0.9646997153643037,1.1504903819163217,1.1043593736205035,-0.21148965750300175,-0.18569723059744914,-0.11576778573892454,-0.15122268762481816
2024-03-03,Education,2024-03-10,2024-03-17,189348.15668925265,214357.0708619751,145.6972069575609,136.6610881568867,140314.0,95603.0,107.0,87.0,1.3156303879132631,1.4893975268685475,1.1250749572012424,1.0552979780454572,-0.37573551933226745,-0.2932832943353254,-0.22087055102908615,-0.26919204194178237
2024-03-03,Electronic & Electric Devices,2024-03-10,2024-03-17,211729.18580550322,230104.5261129859,1059.7861280743887,1083.1038343072735,224001.0,213699.0,1171.0,1060.0,0.9373379897403007,1.018686739460766,1.0122121567090627,1.0344831273230883,-0.24296456044542292,-0.17726372768720933,-0.173978076325496,-0.1558037144916029
2024-03-03,Furniture,2024-03-10,2024-03-17,296562.82234006043,301984.4031278363,1282.8405561504064,1246.3328771478289,314338.0,296724.0,1349.0,1191.0,1.0204312166539713,1.0390861182893292,1.1322511528247188,1.1000290177827263,-0.3334153991353983,-0.3212293056899739,-0.2631587845201572,-0.2841281578702879
2024-03-03,Gas Stations,2024-03-10,2024-03-17,836592.8178650577,822996.1222803532,15688.204781327337,15684.5501416069,771934.0,742481.0,13957.0,13622.0,1.0963980379274383,1.07857886706794,1.1479734217274504,1.1477059960198228,-0.052065658143503835,-0.0674719279623166,0.008304182873406729,0.008069293759682461
2024-03-03,Health,2024-03-10,2024-03-17,750674.1319076223,693802.6798369961,7783.541422880347,6958.631304059411,693529.0,726877.0,7248.0,7166.0,0.991132879900213,0.9160441514107608,1.0155977848225923,0.9079633747467917,-0.06813033477752373,-0.13872925213610443,-0.01921101022173044,-0.1231563376941266
2024-03-03,Hotels,2024-03-10,2024-03-17,272935.719068348,310832.96201570856,688.6420554356276,663.4724198411126,271299.0,307124.0,467.0,549.0,0.9274978474547203,1.0562813257701524,1.0232422814793873,0.9858431201205239,-0.23840323052141765,-0.13265518882363192,-0.06307203342091483,-0.09731643559032299
2024-03-03,Jewelry,2024-03-10,2024-03-17,191347.26226239855,202703.35800970183,204.06954356373137,204.75575470061594,189110.0,302794.0,167.0,238.0,0.9339115139119839,0.9893373843743988,0.9382507750056615,0.941405768738464,-0.18217879805105508,-0.1336426666024062,-0.08488993917609255,-0.08181275919006303
2024-03-03,Miscellaneous Goods and Services,2024-03-10,2024-03-17,1481936.333712546,1440377.6513470607,24531.366302068127,24501.227188119854,1386411.0,1356710.0,20176.0,19179.0,1.1355307541010902,1.1036864967923408,1.2129229321170891,1.211432741068967,-0.1387966498142429,-0.16294780642486417,0.023120753308092157,0.021863752267583747
2024-03-03,Other,2024-03-10,2024-03-17,1760050.825218232,1813816.7374181172,28963.197084291067,27279.557283717062,1901933.0,1778313.0,27163.0,25124.0,0.9307833559684665,0.9592168622496898,1.1384009544961506,1.0722253472100096,-0.2752650043737185,-0.2531258493080145,-0.07005307162334029,-0.12411118048749203
2024-03-03,Public Utilities,2024-03-10,2024-03-17,90848.37867865348,101040.89765364904,1231.6600537761549,1246.3398065015535,85506.0,73599.0,1272.0,1089.0,0.8378489325296248,0.9318494118688841,0.8235774348219023,0.8333933844878325,-0.04096550498101448,0.06663110191862098,0.03154108356461882,0.04383568383714698
2024-03-03,Recreation and Culture,2024-03-10,2024-03-17,261785.55413370847,280652.4379776256,2552.042169166235,2263.5393334797604,224061.0,246451.0,2071.0,1882.0,0.9222672331643772,0.988735028985822,1.0684706590605966,0.9476823669582417,-0.17772138314484442,-0.11845976650262413,-0.16271582376435856,-0.2573689850788188
2024-03-03,Restaurants & Café,2024-03-10,2024-03-17,1773577.9728941189,1772969.3052699855,51456.38786653259,49469.83990681145,1225844.0,1279615.0,36428.0,35823.0,1.011401776529735,1.0110546773179874,1.0008731094508543,0.9622329616294303,-0.09600758591672887,-0.09631782370910336,-0.11868619418126625,-0.1527105828998141
2024-03-03,Telecommunication,2024-03-10,2024-03-17,93033.74193345991,90828.65282675221,725.1599533377268,725.1316233659743,98986.0,101985.0,860.0,871.0,0.9670414786570265,0.9441206266521026,1.000910908678712,1.0008718058881634,-0.17704940394466195,-0.19655500865330777,-0.2310074726005018,-0.23103751498836234
2024-03-03,Transportation,2024-03-10,2024-03-17,636157.5936714526,655750.9170962481,2531.9796147688758,2361.675396423498,673465.0,719752.0,2561.0,2699.0,0.9291034454793776,0.9577193489653478,0.9911840339670682,0.9245157159614399,-0.1094832031184827,-0.0820557483649933,-0.09085112575623855,-0.1520016529897673
2024-03-10,Beverage and Food,2024-03-17,2024-03-24,1819486.1997654962,1912019.1557419228,45095.29819970118,44640.894102410544,1735056.0,2028315.0,40682.0,40927.0,1.0035499295471697,1.0545871077697375,1.0675591112934242,1.0568018205416603,-0.19666575135810827,-0.15581087008804606,-0.01564441195099142,-0.025563299956113172
2024-03-10,Clothing and Footwear,2024-03-17,2024-03-24,910205.9868697966,1159305.0273117488,6749.72008444982,7371.663573345361,1192886.0,1818419.0,7595.0,11482.0,1.1783066993192568,1.5007777359646546,1.1840575536268434,1.2931608759486644,-0.005140416292990224,0.26712605003530276,0.07428299927579496,0.17327129927508533
2024-03-10,Construction & Building Materials,2024-03-17,2024-03-24,310155.53682006715,312674.4327002855,1514.9879536344529,1560.486084227754,291311.0,294121.0,1389.0,1467.0,0.9141324350446068,0.9215564663813219,1.0926707202556458,1.1254858162479293,0.008321099169258162,0.01651007392906778,-0.0046071263899784,0.02528652051757807
2024-03-10,Education,2024-03-17,2024-03-24,185420.4876900749,138614.42757396607,129.2973255645226,104.00727960587977,95603.0,110388.0,87.0,88.0,1.2968508170171873,0.9694842025770912,1.0221132455693487,0.8221919336433183,0.321468190558853,-0.012112636130635068,0.20838622022918307,-0.027969349477759087
2024-03-10,Electronic & Electric Devices,2024-03-17,2024-03-24,224119.66362136533,234000.19408834336,1096.749177831261,1155.6273687188145,213699.0,213469.0,1060.0,1170.0,1.0002930705158815,1.0443919505491683,1.041052850338169,1.0969410239381248,0.0005297459447293207,0.04463906004144347,-0.06340804625853025,-0.013127780769586206
2024-03-10,Furniture,2024-03-17,2024-03-24,300196.32472666,299547.72118574067,1251.6795517613953,1350.406334374132,296724.0,346074.0,1191.0,1475.0,1.0329335904573247,1.0307018363380325,1.1047480598070567,1.1918855554934968,-0.04498875501320243,-0.047052150278551585,-0.0721426599248367,0.0010425013892749746
2024-03-10,Gas Stations,2024-03-17,2024-03-24,768554.100984711,822053.5712593356,15971.475971678114,15642.550177272014,742481.0,804895.0,13622.0,13851.0,1.0057008835866525,1.075708270779917,1.154801053590117,1.1310184141767843,-0.004378481858927086,0.06492727520660524,0.14433445379939203,0.12076736958314926
2024-03-10,Health,2024-03-17,2024-03-24,723482.9476951153,763583.3234894024,7111.632418790276,7211.762309183492,726877.0,875285.0,7166.0,7871.0,0.9552317137737696,1.0081771920535028,0.9279269857502969,0.9409919505719588,0.04319062028424958,0.10101138307035806,-0.01881451175630855,-0.00499968140404361
2024-03-10,Hotels,2024-03-17,2024-03-24,292736.25975510525,317148.46959164896,595.330144703547,701.777304049262,307124.0,362942.0,549.0,633.0,1.0234782052894902,1.108829315300796,0.8845915968849138,1.042759738557596,0.07901709831258219,0.16899977365065455,0.2747968837335055,0.502735126443816
2024-03-10,Jewelry,2024-03-17,2024-03-24,197955.67272840388,231629.23296371015,193.59578388813046,220.19306276250472,302794.0,403931.0,238.0,368.0,0.9770811935320701,1.143289122669461,0.8942068539867457,1.01705802661665,0.04677527750200339,0.2248386281196666,0.15925619094688903,0.31852133390721393
2024-03-10,Miscellaneous Goods and Services,2024-03-17,2024-03-24,1358299.4850924,1599990.0977669058,23502.271615424113,24012.57770815453,1356710.0,1683110.0,19179.0,21039.0,1.0381032769794034,1.2228194016531135,1.1617821308200456,1.1870079689638662,-0.02027646557016638,0.15405179111165856,0.16486278823474,0.19015551685936405
2024-03-10,Other,2024-03-17,2024-03-24,1810630.4165104774,1807110.8015414737,26769.20205511931,27964.979271948345,1778313.0,2235975.0,25124.0,27874.0,0.9575318117811968,0.9556705024453372,1.0466122709903158,1.0933643223188156,-0.04800515238419156,-0.04985569862793604,-0.014497586602388979,0.029524694324940093
2024-03-10,Public Utilities,2024-03-17,2024-03-24,95519.11384720408,123843.0962125556,1267.0308561939678,1327.6066467814915,73599.0,79086.0,1089.0,1108.0,0.883875633021686,1.145968494173192,0.8472289242353512,0.8877343007565974,0.11710422481701954,0.448355626652581,-0.00390655959593722,0.043715917281046845
2024-03-10,Recreation and Culture,2024-03-17,2024-03-24,259663.29905031715,309526.99409980385,2128.708956112702,2214.615015070647,246451.0,308992.0,1882.0,2018.0,0.9219835533883943,1.0990340141772037,0.9035267216098055,0.9399893951912763,0.15889556437897334,0.38144074202919676,0.027865261280879627,0.06934573397906663
2024-03-10,Restaurants & Café,2024-03-17,2024-03-24,1534535.217273818,1682103.856046675,41032.65347175478,45595.2492460269,1279615.0,1496980.0,35823.0,38515.0,0.8750850927436713,0.9592376846770243,0.7981220830311269,0.886868682026918,0.25181933204699636,0.37220058673589373,0.12640423497734643,0.25165392681527665
2024-03-10,Telecommunication,2024-03-17,2024-03-24,94965.76579495295,109574.19771349189,770.0939749855007,876.7616796803748,101985.0,130966.0,871.0,1042.0,0.9826094664054358,1.1337627096014018,1.057095367172959,1.203516375676561,-0.04061416973154841,0.1069666186480096,-0.10454188955174337,0.019490325209738035
2024-03-10,Transportation,2024-03-17,2024-03-24,670894.2206039345,732373.1393334946,2501.3939664348145,2836.007231446156,719752.0,835595.0,2699.0,3135.0,0.9798360313800479,1.0696255360314395,0.9771070181385995,1.1078153247836546,-0.0038172427610425608,0.08747023131639287,-0.02327451525387958,0.10738275339560954
2024-03-17,Beverage and Food,2024-03-24,2024-03-31,1907346.260792439,1867447.4408913532,41831.57749625528,43172.41226538514,2028315.0,2149965.0,40927.0,44882.0,1.0618593421466538,1.0396468390875642,0.990295739882705,1.0220378600519664,0.09929953891542365,0.07630384315627459,0.0282576445665228,0.06121656421476662
2024-03-17,Clothing and Footwear,2024-03-24,2024-03-31,1471445.3895014194,1168995.873332817,9682.604995084417,8246.841481351807,1818419.0,2478665.0,11482.0,16819.0,1.9048588837506457,1.5133230157732016,1.6450229349446852,1.4010943733183499,0.23351719233977053,-0.020027166608697633,0.27486570047194436,0.0858250798356559
2024-03-17,Construction & Building Materials,2024-03-24,2024-03-31,317598.0097055871,315790.98035741487,1596.8159017561975,1647.645061781299,294121.0,315828.0,1467.0,1742.0,0.9360678998483216,0.9307419780376783,1.1471378604570384,1.1836530616244965,0.09023692790724391,0.08403383448415913,0.14961548002606007,0.18620954771871778
2024-03-17,Education,2024-03-24,2024-03-31,164170.0159901849,163979.73011832478,108.94229697678232,89.82796638295235,110388.0,35223.0,88.0,64.0,1.1602859262439653,1.1589410642254616,0.8612039286702159,0.7101025010510068,0.7172056942793104,0.7152153187486248,0.2522103100779576,0.03250536072359034
2024-03-17,Electronic & Electric Devices,2024-03-24,2024-03-31,248695.00283533955,238035.81393750303,1229.0518486204182,1233.1577273584612,213469.0,241004.0,1170.0,1398.0,1.1102306792111694,1.0626456517881593,1.1605777607369387,1.1644548889126167,0.16376306316519762,0.1138836117038593,0.1594828760569984,0.16335634656458597
2024-03-17,Furniture,2024-03-24,2024-03-31,325068.6132966672,322474.40851633,1434.0146783685657,1518.7603754049278,346074.0,421348.0,1475.0,1993.0,1.118515658655199,1.1095893626368345,1.2656793277745504,1.3404769421049672,0.09552517927996118,0.08678235840825144,0.204042551107108,0.2751976283836506
2024-03-17,Gas Stations,2024-03-24,2024-03-31,866567.9904116875,817739.5968571622,15199.551386482573,15246.653719115733,804895.0,834638.0,13851.0,14367.0,1.1339581592607768,1.0700631667300171,1.0989878447259733,1.1023935301771977,0.16712480240125682,0.10136097335441874,0.11580908724728922,0.1192669005370528
2024-03-17,Health,2024-03-24,2024-03-31,846228.8743365961,766323.9485014791,7956.538818227655,7686.00427121888,875285.0,954186.0,7871.0,8976.0,1.1172960751219267,1.0117957043286538,1.038170513860602,1.0028711209836743,0.1641981715429104,0.05426908335451408,0.11031800421820459,0.072565485796662
2024-03-17,Hotels,2024-03-24,2024-03-31,326870.65275511646,316013.91825058043,701.8308437095176,643.7718675284706,362942.0,398742.0,633.0,672.0,1.1107810581236903,1.0738873971630927,1.0428392922875447,0.95657038265746,0.06429537501177518,0.028945697016776295,0.2783804074854601,0.17262635251087532
2024-03-17,Jewelry,2024-03-24,2024-03-31,389333.799479847,312313.0799929817,292.48678382455046,283.1481963784927,403931.0,601483.0,368.0,594.0,1.8772845600594383,1.5059070744916954,1.3416824946080297,1.2988449375160216,0.2858042084052095,0.03143747892290372,0.22893606648970777,0.18969830411131383
2024-03-17,Miscellaneous Goods and Services,2024-03-24,2024-03-31,1656195.6168893753,1670783.0734479174,22287.98135753631,23059.03442752689,1683110.0,2099679.0,21039.0,25759.0,1.261308351479159,1.272417715974813,1.1017564130372135,1.1398716936912376,0.22074401816849232,0.23149609971763851,0.16210341297962927,0.20230639905766146
2024-03-17,Other,2024-03-24,2024-03-31,1926349.8624457123,2000826.4936094573,29045.37009813673,29698.161745800862,2235975.0,2707706.0,27874.0,32977.0,1.021856849027761,1.061363927742198,1.1356050396112418,1.1611276438128342,0.08324567297529306,0.12512616935795728,0.1560806439315685,0.1820634351934749
2024-03-17,Public Utilities,2024-03-24,2024-03-31,95568.88689360922,111667.76485880582,1293.165934048739,1318.9727125502548,79086.0,82817.0,1108.0,1159.0,0.884336202442055,1.033305402210689,0.864704736909889,0.8819610247744933,0.2985079538255848,0.5172456807674808,0.1874801965553159,0.21117788112971048
2024-03-17,Recreation and Culture,2024-03-24,2024-03-31,300677.64066658827,308723.3625509736,2310.8087096655936,2472.3416293605005,308992.0,398036.0,2018.0,2561.0,1.0676127145426917,1.0961805686817663,0.9808186373792842,1.0493809971818764,0.22003011010946705,0.25267644501736086,0.2278473483876693,0.31367780518623833
2024-03-17,Restaurants & Café,2024-03-24,2024-03-31,1646395.0175876664,1708085.7151015792,39230.078364811685,45238.03402632203,1496980.0,1835158.0,38515.0,44553.0,0.9388743382624763,0.9740541172259665,0.763060372967365,0.8799205241302438,0.2866331026032567,0.3348434608078048,0.09510868338251077,0.2628209258387635
2024-03-17,Telecommunication,2024-03-24,2024-03-31,119895.12942001164,100887.90237526044,1024.877122342504,944.2277592727642,130966.0,136702.0,1042.0,1166.0,1.2322845924252186,1.0369279240994957,1.404903526172041,1.2943492245000194,0.17561532990157014,-0.010757441042698046,0.1766671898306591,0.08407320237975213
2024-03-17,Transportation,2024-03-24,2024-03-31,785755.220766973,704484.6595359121,3053.2968202250513,3047.914206907737,835595.0,846686.0,3135.0,3493.0,1.143838410540236,1.0255313511337312,1.1915304664292883,1.1894299344030193,0.09170272644879485,-0.021211945870366344,0.13126966292147135,0.1292753638042745
2024-03-24,Beverage and Food,2024-03-31,2024-04-07,2153162.0398706314,1960061.3555854545,43266.81107055396,43575.05480494126,2149965.0,1708827.0,44882.0,39746.0,1.1987101000959683,1.0912069320566544,1.0242726008913974,1.031569778652303,0.061552096134294354,-0.03365041643657196,0.057170353814204766,0.06470190350969429
2024-03-24,Clothing and Footwear,2024-03-31,2024-04-07,1539850.1652281866,1059615.766818464,9689.999965760413,7951.329847988043,2478665.0,1187274.0,16819.0,9261.0,1.993412251523441,1.3717250542817083,1.6462793010126424,1.3508885232735377,-0.15319287511393875,-0.4172873431159353,-0.15607037399752544,-0.3074960940613096
2024-03-24,Construction & Building Materials,2024-03-31,2024-04-07,308319.9071844046,289910.8923591526,1536.9255156739202,1508.44871774171,315828.0,119430.0,1742.0,1113.0,0.9087222185903325,0.8544646750316547,1.0993744747309873,1.0790048052515808,0.04827573408360708,-0.014314202796969266,0.047665654856114736,0.02825406799025898
2024-03-24,Education,2024-03-31,2024-04-07,235599.1501679981,147224.9279348403,102.76130216813424,87.18614125655021,35223.0,4749.0,64.0,37.0,1.6980547269156203,1.0611073283638888,0.8123423096295197,0.6892185079569187,1.1342822604630767,0.3337040976812724,0.16774207009243458,-0.009248394811929406
2024-03-24,Electronic & Electric Devices,2024-03-31,2024-04-07,245189.2834824643,229197.3156180592,1143.2364364361194,1174.0073735433702,241004.0,118323.0,1398.0,985.0,1.0967984052000193,1.0252619799510587,1.0709474814389879,1.0997727152631103,0.14859433211597128,0.07367962382387705,-0.02287484065288936,0.0034251055926242113
2024-03-24,Furniture,2024-03-31,2024-04-07,328672.57600866095,286281.84178484406,1503.3962912188922,1415.0357242573673,421348.0,197099.0,1993.0,1223.0,1.1309163905674355,0.985055799689786,1.3269164088427998,1.2489282650109155,-0.05028237888815412,-0.17277275442580475,0.019251722860265996,-0.04065374626619167
2024-03-24,Gas Stations,2024-03-31,2024-04-07,915264.5096642564,787848.4445375765,14778.090046232619,15244.39214290444,834638.0,789755.0,14367.0,13996.0,1.196666657511334,1.0300759559617654,1.0628660850282379,1.0964033474470973,0.13712286654067474,-0.021178607722030174,0.06693307676215565,0.10059866745393409
2024-03-24,Health,2024-03-31,2024-04-07,864158.7302710527,716651.2616208734,7964.650750554845,7453.691033997729,954186.0,516859.0,8976.0,6979.0,1.1409692896276062,0.9462116764426165,1.0392289601454652,0.972558850991353,-0.012711596484513366,-0.18123666963232166,0.011898202331958485,-0.053018544784940946
2024-03-24,Hotels,2024-03-31,2024-04-07,378149.74019848043,270509.17071775306,635.2998228362782,637.0672438014999,398742.0,328661.0,672.0,723.0,1.2850390972895067,0.9192518825088203,0.94398190614603,0.9466080888580979,0.04190129607066817,-0.2546765854661266,0.003633211431719019,0.006425345657977699
2024-03-24,Jewelry,2024-03-31,2024-04-07,359569.6957243625,283217.0895915325,369.66230356420954,267.1397770294406,601483.0,375938.0,594.0,380.0,1.7337683986092158,1.3656124131670098,1.695698640202796,1.2254118212359661,-0.1098239656665061,-0.2988478487872125,0.004517129250569463,-0.274076692854781
2024-03-24,Miscellaneous Goods and Services,2024-03-31,2024-04-07,1802783.1530263661,1500152.5973532367,22489.800230323926,21716.01725169955,2099679.0,1359091.0,25759.0,23621.0,1.3728283994355468,1.1423737157052312,1.1074355047431519,1.0693331323468362,0.07110239558101727,-0.10870198777665352,0.06895766102590084,0.03217915545888839
2024-03-24,Other,2024-03-31,2024-04-07,2160966.444658931,1913193.337730063,29522.203484286325,28618.002639560873,2707706.0,1738368.0,32977.0,27452.0,1.1463122068544438,1.0148778027225274,1.1451591731685928,1.1100854398588391,-0.033546240606925015,-0.14435835028116917,0.05913049739134402,0.026691635199859176
2024-03-24,Public Utilities,2024-03-31,2024-04-07,98277.04196383571,101428.8127396541,1174.7291894823506,1306.1568191541364,82817.0,53184.0,1159.0,873.0,0.912227840715804,0.9414832292765828,0.7913298682939378,0.8798631317980037,0.2426604198446718,0.28251286877138937,0.06022490025482918,0.17884189454344446
2024-03-24,Recreation and Culture,2024-03-31,2024-04-07,306031.79651998664,274694.7907805202,2522.3907202120276,2251.945877103752,398036.0,311474.0,2561.0,2267.0,1.0866236554695223,0.9753557018931214,1.0706242445721679,0.9558344130321529,-0.009580194568187372,-0.11099707830455097,0.24994584747870552,0.11592957240027357
2024-03-24,Restaurants & Café,2024-03-31,2024-04-07,1835993.9075176425,1508997.6351420903,41209.97266695963,44142.718337573955,1835158.0,2151949.0,44553.0,47651.0,1.046995129698744,0.8605220138539644,0.8015711011536257,0.8586156470356624,0.22646522165803318,0.008027919639601144,0.06997202822172222,0.14611757334996645
2024-03-24,Telecommunication,2024-03-31,2024-04-07,130086.36952414578,99018.0348419832,954.7954978127316,864.6779133814657,136702.0,74962.0,1166.0,853.0,1.3370303666596,1.0177093873475842,1.3034750823382002,1.1804476633194072,-0.00671647966536526,-0.24394090953390035,-0.08368954144651475,-0.17017474723467785
2024-03-24,Transportation,2024-03-31,2024-04-07,747340.5082960814,687181.1796463863,2902.163103036693,2695.3305997571556,846686.0,315403.0,3493.0,2062.0,1.0879174029633791,1.000342355361828,1.1325514548435875,1.0518363316125485,-0.10561874078221933,-0.17761453856666654,-0.0742701425720278,-0.1402454227249902
2024-03-31,Beverage and Food,2024-04-07,2024-04-14,2043113.2072712588,1806270.7770692168,43909.20694585994,43511.42634413188,1708827.0,1622188.0,39746.0,40322.0,1.1374436256282294,1.0055885176719699,1.0382513494640753,1.0288456627012965,-0.04969931730457988,-0.159860380485628,-0.02167445867252027,-0.030537267855000105
2024-03-31,Clothing and Footwear,2024-04-07,2024-04-14,1003167.5859755802,713002.6665648285,7001.761935163375,5383.0677232227845,1187274.0,489441.0,9261.0,3675.0,1.2986500903603058,0.9230172408940787,1.1895620005374405,0.9145544891645914,-0.5952790772550627,-0.7123440777334458,-0.5836992725391893,-0.679941273368049
2024-03-31,Construction & Building Materials,2024-04-07,2024-04-14,247333.0737735801,272823.95602704113,1525.8734787827098,1461.9068355127697,119430.0,280541.0,1113.0,1267.0,0.7289735573119124,0.80410374039586,1.0879668297915934,1.042357814982367,-0.2168741410717856,-0.13616286071202954,-0.12406803743816897,-0.1607882689364123
2024-03-31,Education,2024-04-07,2024-04-14,60276.325002692865,137904.37770740376,88.9029023181788,93.57661325518774,4749.0,147090.0,37.0,110.0,0.43443492270214285,0.9939304970388714,0.7027897416456822,0.7397360731635394,0.7112774324359896,2.9151797889845774,0.3891078487215438,0.4621345821123084
2024-03-31,Electronic & Electric Devices,2024-04-07,2024-04-14,198213.24576749833,224693.48555550724,1162.1561968247386,1120.3456524549204,118323.0,184271.0,985.0,970.0,0.8866618016886528,1.0051151221449663,1.0770678376503602,1.0383184916171644,-0.1775520498933697,-0.06767735989648616,-0.16870086064038725,-0.19860826004655197
2024-03-31,Furniture,2024-04-07,2024-04-14,283442.03597055824,282434.0652998415,1351.246612857071,1309.9940831133067,197099.0,200954.0,1223.0,848.0,0.9752844248449316,0.9718161386661214,1.1926271958138315,1.1562171960399883,-0.3272970656783508,-0.3296893178564001,-0.3220037065443697,-0.34270241690250536
2024-03-31,Gas Stations,2024-04-07,2024-04-14,814648.9775826305,746901.7055278111,14435.81390884193,15168.497070617854,789755.0,761536.0,13996.0,13760.0,1.0608617226345847,0.9726390774050573,1.0329002510619585,1.0853246329863948,-0.02394933182693515,-0.10511897909295875,0.004789720111500584,0.05578736483732527
2024-03-31,Health,2024-04-07,2024-04-14,792904.1852694264,760973.8540419909,7775.8376363936195,7902.9678484137685,516859.0,651763.0,6979.0,7408.0,1.0468902220380867,1.0047318475844558,1.0145925934751592,1.0311805647721515,-0.16902555133964825,-0.20248897589988646,-0.13370792820926702,-0.11954458016780656
2024-03-31,Hotels,2024-04-07,2024-04-14,316590.18442253734,292622.60231757886,633.8578345545018,639.7305259386758,328661.0,237556.0,723.0,598.0,1.0758456810985022,0.9943983685703955,0.9418392786842523,0.9505654174423117,-0.20602749541674237,-0.2661354903231191,-0.05675917477008663,-0.0480200506864944
2024-03-31,Jewelry,2024-04-07,2024-04-14,325191.27566381404,225524.73285165918,300.817621064789,210.90994986482792,375938.0,196125.0,380.0,158.0,1.568002987886775,1.087432171210361,1.3798973443338947,0.9674768342423299,-0.45935084505494916,-0.625052191247867,-0.49357302851045615,-0.6449327443353066
2024-03-31,Miscellaneous Goods and Services,2024-04-07,2024-04-14,1640814.5658189142,1465966.5776098105,22000.955866116277,23032.510146290617,1359091.0,1227447.0,23621.0,19884.0,1.2338384916284744,1.102358565419675,1.080490907873307,1.1311516622282005,-0.21854027886219074,-0.3018139546045798,-0.14589246996714633,-0.1058461063593068
2024-03-31,Other,2024-04-07,2024-04-14,2051910.2707460183,1907300.7373392168,30343.670013339484,29859.785743515895,1738368.0,1602286.0,27452.0,25044.0,1.0884619687361266,1.0117519977037417,1.1706436995173506,1.1519756850182634,-0.24219606163076113,-0.29560272151436795,-0.07985353387696015,-0.09452692047439448
2024-03-31,Public Utilities,2024-04-07,2024-04-14,87756.4615917452,89718.50853728724,1221.1076783979843,1150.7931903414087,53184.0,63796.0,873.0,907.0,0.8145736365992333,0.8327857623688865,0.8225716930939604,0.7752059214155667,0.0596430876721592,0.08333444265413181,0.05358729801379147,-0.007080940171347083
2024-03-31,Recreation and Culture,2024-04-07,2024-04-14,323695.79243831034,291464.0452383332,2380.894852320087,2265.3545801415858,311474.0,210164.0,2267.0,2026.0,1.149343006965778,1.0348981049559915,0.9968159314716714,0.9484423613739107,-0.18676754756275726,-0.26774451246034736,-0.07032610217880242,-0.11544139783616336
2024-03-31,Restaurants & Café,2024-04-07,2024-04-14,1638524.2618199498,1490998.5227713091,45768.312197032974,49368.01058099903,2151949.0,1613514.0,47651.0,50914.0,0.9329059329433329,0.8489110599791325,0.8902349123646066,0.9602522894877416,-0.10714812467376111,-0.18753670105173004,0.027277898166969017,0.10807376789439616
2024-03-31,Telecommunication,2024-04-07,2024-04-14,101749.12059126396,101008.76068320782,904.4395920272102,941.3335382070854,74962.0,80293.0,853.0,912.0,1.0457795425383005,1.0381701082605255,1.2205662510488666,1.27035565210133,-0.2556866718024319,-0.2611025392224853,-0.2243228198737477,-0.19268135659769692
2024-03-31,Transportation,2024-04-07,2024-04-14,731703.2787181811,732804.2366103195,2803.511934229412,2793.1326777606328,315403.0,569802.0,2062.0,2234.0,1.0651539985940395,1.0667566833642228,1.092774092469075,1.088728387355538,-0.13580326269929932,-0.13450294842442245,-0.1973913729661002,-0.20036281770379827
2024-04-07,Beverage and Food,2024-04-14,2024-04-21,1678816.2126480006,1861416.1764277783,40898.86158914798,41288.64650866723,1622188.0,1731175.0,40322.0,43140.0,0.9346319102053885,1.036289108691541,0.9670704890852294,0.9762871146369183,-0.017562215105449197,0.08929468953134423,0.029005726089367023,0.038812622871917446
2024-04-07,Clothing and Footwear,2024-04-14,2024-04-21,974572.8000829718,796717.9563550332,8078.553977431389,7216.691771413777,489441.0,540555.0,3675.0,4008.0,1.2616327247651484,1.031390826893532,1.3725032241643542,1.2260774331318003,-0.17915089517417904,-0.32895190465298385,-0.1276801665660955,-0.22074378885500734
2024-04-07,Construction & Building Materials,2024-04-14,2024-04-21,283187.64593692624,293147.9697973691,1396.8928355500955,1297.5475337449784,280541.0,304062.0,1267.0,1350.0,0.8346490119409126,0.8640054283948342,0.9960020217825992,0.9251675819928544,1.3711600597582372,1.4545589031011397,0.2550699331088009,0.16581090183735703
2024-04-07,Education,2024-04-14,2024-04-21,76363.24027041193,131057.95616585317,78.3585238180951,118.59448556116098,147090.0,164771.0,110.0,156.0,0.5503795790914504,0.944585673626745,0.6194349708940323,0.937505814712735,15.079856868901228,26.59695855250646,1.1177979410295973,2.2052563665178644
2024-04-07,Electronic & Electric Devices,2024-04-14,2024-04-21,197772.4767391403,221736.0111253456,1035.774105659502,1054.8904722887994,184271.0,200637.0,970.0,1038.0,0.887136642716955,0.9946284929153564,0.9599389301756275,0.9776556740396658,0.6714626635492702,0.873989090247421,0.051547315390357396,0.07095479420182671
2024-04-07,Furniture,2024-04-14,2024-04-21,238982.62867073214,279347.07246367785,1231.695687184739,1260.7934200187822,200954.0,225216.0,848.0,928.0,0.8242656213853227,0.9634850430224735,1.0871100504719673,1.1127920741560302,0.21250046256313904,0.41729320018710325,0.007110128523907688,0.0309022240546053
2024-04-07,Gas Stations,2024-04-14,2024-04-21,785824.8387262526,824394.7642577329,14855.411068727703,15373.820800220608,761536.0,792107.0,13760.0,14805.0,1.0188395588793022,1.0688463338982708,1.0614419683989642,1.098483141025373,-0.004976431011829541,0.04386140544565453,0.061404048923099586,0.09844389827240696
2024-04-07,Health,2024-04-14,2024-04-21,669955.465579895,756802.7729153007,7169.708374997288,7082.137956077574,651763.0,706733.0,7408.0,7383.0,0.8951759045116456,1.0112188669062878,0.9431344876344762,0.9316150955113883,0.29620547495524874,0.46423448738495554,0.027326031666039308,0.014778328711502198
2024-04-07,Hotels,2024-04-14,2024-04-21,302408.54249553825,318118.56150541216,698.1359672517074,695.2415946599939,237556.0,261263.0,598.0,621.0,1.0276532260927453,1.081039455146488,1.0358100404328003,1.0315157190801096,-0.07987700854212021,-0.032076937922625004,-0.03439008678878652,-0.038393368381751225
2024-04-07,Jewelry,2024-04-14,2024-04-21,295558.73977135005,244224.97832379036,257.45945682723203,221.76571750524937,196125.0,213598.0,158.0,165.0,1.425121218616678,1.1776007672609858,1.1810066826937249,1.0172739335103183,-0.21380988415283886,-0.35035836142185584,-0.3224751136125473,-0.41640600656513327
2024-04-07,Miscellaneous Goods and Services,2024-04-14,2024-04-21,1346525.3825988811,1527258.8186567863,23932.295794728063,24549.84976476302,1227447.0,1307238.0,19884.0,21058.0,1.0125400572537793,1.1484452886431364,1.1710278316156022,1.2012452788943104,-0.009245604158307885,0.12373551046750086,0.013178772902419977,0.03932305003018599
2024-04-07,Other,2024-04-14,2024-04-21,1696948.591747372,1843098.8233283707,26967.59781262427,28111.865710652,1602286.0,1712572.0,25044.0,26709.0,0.910707003612011,0.9891419309442985,1.0361194049610707,1.0800832085544905,-0.023826605329037354,0.06024663553883336,-0.017645424281499733,0.024037072368206402
2024-04-07,Public Utilities,2024-04-14,2024-04-21,75451.9513105424,101463.30481120283,1049.0282839545064,1010.1917645462307,63796.0,70888.0,907.0,1000.0,0.7003606259042484,0.941803391822402,0.706654283566525,0.6804929367101588,0.41869643709654025,0.9077787456980075,0.20163606409450896,0.1571497875672747
2024-04-07,Recreation and Culture,2024-04-14,2024-04-21,291805.8457057497,314014.2191008107,2439.8345048954925,2309.3810119922173,210164.0,214277.0,2026.0,2356.0,1.0361117320286317,1.114966753483885,1.0214923612708782,0.9668750311878658,-0.06314541276077712,0.008155477185288973,0.0762393052031285,0.01869475606185156
2024-04-07,Restaurants & Café,2024-04-14,2024-04-21,1883648.8960662119,1654523.7920516757,47260.15383908589,49778.1512486344,1613514.0,1646082.0,50914.0,52822.0,1.0701006196072906,0.9399346867279812,0.919252576545829,0.9682298950358266,-0.12467772420897905,-0.23115102074831895,-0.008202265658939112,0.044640222631936455
2024-04-07,Telecommunication,2024-04-14,2024-04-21,89328.30628103747,86775.44111142389,854.7750375365691,868.8045425151498,80293.0,91427.0,912.0,1110.0,0.9242787507156232,0.8978642900821436,1.1336538959370943,1.152260666465716,0.1916478519921756,0.15759239496576782,0.00208093497839279,0.01852818583253213
2024-04-07,Transportation,2024-04-14,2024-04-21,595416.2512811447,749054.9485585976,2439.730548303614,2708.957844183177,569802.0,669030.0,2234.0,2387.0,0.8696010172055442,1.0939891946312257,0.9509766315742014,1.0559180838757267,0.8877951423453319,1.3749138358182948,0.18318649287275157,0.31375259174741843
2024-04-14,Beverage and Food,2024-04-21,2024-04-28,1854572.11662501,2054337.0618242233,40996.66097881585,45057.106745397046,1731175.0,2421625.0,43140.0,49636.0,1.0324788782215053,1.143692178949119,0.9693829960823298,1.0653939147440277,0.1432535049112742,0.266398877210424,0.01673183321303151,0.11743233831151834
2024-04-14,Clothing and Footwear,2024-04-21,2024-04-28,554132.6229284507,660882.6152100629,3740.7656460140606,6046.571312137212,540555.0,814409.0,4008.0,6089.0,0.7220185398760494,0.8611106459347485,0.656217111834762,1.0607089399416212,0.13217450709779266,0.35028045302715327,0.017895413881376943,0.6453255271121665
2024-04-14,Construction & Building Materials,2024-04-21,2024-04-28,295611.1400898829,325492.06120417715,1470.5029842823528,1604.3865997360276,304062.0,344652.0,1350.0,1616.0,0.8712652177266992,0.9593343183451806,1.048486976315403,1.14394766469592,0.053718137776235464,0.16022991721059365,0.16061798285899975,0.2662877661689247
2024-04-14,Education,2024-04-21,2024-04-28,154613.95620709332,148661.48535738033,98.52812161839674,115.52574965484641,164771.0,206364.0,156.0,187.0,1.0927476391225825,1.0506780315170599,0.7788784317659821,0.9132470328446356,0.05115205797194444,0.010683835457069302,-0.10428980346912053,0.05023408777133098
2024-04-14,Electronic & Electric Devices,2024-04-21,2024-04-28,222874.7974265038,226575.93712146697,1114.7877397753332,1332.4770601058206,200637.0,251746.0,1038.0,1302.0,0.9997366812367984,1.0163386710452533,1.0331675067426629,1.2349184987078967,0.20949469762742812,0.22958000510914345,0.14926571110859088,0.37368769083074294
2024-04-14,Furniture,2024-04-21,2024-04-28,265477.8900664061,285287.988584163,1128.31107254731,1349.5063431606309,225216.0,306708.0,928.0,1306.0,0.9156493894003673,0.9839756240529328,1.0024976210993426,1.1990282924572464,0.3210878612339447,0.4196681259599859,0.3305555100793751,0.5913989895762157
2024-04-14,Gas Stations,2024-04-21,2024-04-28,787338.0637014357,883717.1165791798,14564.855471178129,14943.304578145928,792107.0,972469.0,14805.0,16556.0,1.0208014890579153,1.1457590965042899,1.040681324081178,1.0677220948266177,0.03388160730607037,0.16044036864859934,0.05849240342864315,0.08599597224897737
2024-04-14,Health,2024-04-21,2024-04-28,845838.3853280682,890803.3341883442,8254.877176834383,8227.161475349474,706733.0,945859.0,7383.0,8941.0,1.1301857818285492,1.190266698897383,1.0858822910858172,1.0822364476913278,0.29776987237395836,0.3667595954178806,0.11431927333077518,0.11057795293594408
2024-04-14,Hotels,2024-04-21,2024-04-28,270778.9033005162,290988.0846219153,618.0935266944186,728.8213606725077,261263.0,324853.0,621.0,823.0,0.9467098685079633,1.0173661536108023,0.9170527102291077,1.0813373303746405,0.13985293278433808,0.2249241636578967,0.03360121520805803,0.21876481717810647
2024-04-14,Jewelry,2024-04-21,2024-04-28,201663.87169907783,227314.64530420615,175.28949489514733,230.02584479612148,213598.0,278494.0,165.0,239.0,0.9953843390099548,1.1219929284162615,0.809651246628856,1.0624750337003301,0.028241538299950797,0.15902942156382993,0.10942718288067921,0.4558597771906423
2024-04-14,Miscellaneous Goods and Services,2024-04-21,2024-04-28,1488395.9296891678,1933284.3135046347,21778.402666136502,23989.231405938386,1307238.0,1803940.0,21058.0,26009.0,1.119221753514247,1.4537622794051315,1.0656359869910703,1.1738137400762532,0.21259486534992367,0.5750450434964889,0.09527271505413903,0.206459032686501
2024-04-14,Other,2024-04-21,2024-04-28,1956759.4165036844,2186324.979848154,27874.88149358477,30560.249430546362,1712572.0,2380894.0,26709.0,32633.0,1.0623863123189985,1.1870246864696334,1.0709780614190672,1.1741523169934247,0.221229803233433,0.3645035779181456,0.11303631582753426,0.22026231554649267
2024-04-14,Public Utilities,2024-04-21,2024-04-28,67660.70278150469,86249.29784947028,977.7957171483273,1121.8532232585803,70888.0,91258.0,1000.0,1162.0,0.6280406447560607,0.8005838308547083,0.6586700688099207,0.7557111642024792,0.060579076768209505,0.3519546342947879,0.07805481493751643,0.23688337735234866
2024-04-14,Recreation and Culture,2024-04-21,2024-04-28,239789.95818904665,294577.884011692,2131.9853800703654,2371.003440246348,214277.0,293506.0,2356.0,2611.0,0.8536564340695331,1.0487024057234116,0.8926043039859181,0.9926746662115754,0.14096590371827067,0.4016572010986279,0.052312625898502274,0.17028797642958926
2024-04-14,Restaurants & Café,2024-04-21,2024-04-28,1676411.171008109,1890388.306410688,50240.94853314885,52691.66690177657,1646082.0,2090474.0,52822.0,60778.0,0.954477125501239,1.0763065935065288,0.9772317192291383,1.0249003997505726,0.03898148451647088,0.1715970895887411,-0.013219379087307082,0.03491509018691463
2024-04-14,Telecommunication,2024-04-21,2024-04-28,99542.21156198719,95140.50520397886,963.365664490509,1087.086911726907,91427.0,134284.0,1110.0,1422.0,1.0299618875177807,0.9844174926560078,1.263430379659684,1.425687753084468,0.2397371073691006,0.18491655815549124,0.05632200053783887,0.19198126285845052
2024-04-14,Transportation,2024-04-21,2024-04-28,728740.5794616884,825536.0276856099,2513.4271543166183,3111.304277188599,669030.0,811977.0,2387.0,3231.0,1.0643202092910526,1.2056892432320554,0.9797026522380115,1.2127477205958288,0.278936506824631,0.44881209206989414,0.1250792991569465,0.39270558513366116
2024-04-21,Beverage and Food,2024-04-28,2024-05-05,2042543.9248409756,1865377.6779088567,44889.331468914184,44514.380170931676,2421625.0,1956354.0,49636.0,48702.0,1.145292863361776,1.0459524106193738,1.0537772801604326,1.0449752965698715,0.1798598783144254,0.07752115061091835,0.04055010359096389,0.03185860386953343
2024-04-21,Clothing and Footwear,2024-04-28,2024-05-05,682389.0626080164,615602.2227661419,5107.882905035044,4763.844930914944,814409.0,695339.0,6089.0,5356.0,0.8891329155245257,0.8021116238872851,0.896041207794938,0.8356889625322241,0.2623859969994107,0.13883364831727008,0.2744218824937734,0.18858406459953692
2024-04-21,Construction & Building Materials,2024-04-28,2024-05-05,333758.8669193328,331462.91689546924,1613.2225597864913,1359.9195831479083,344652.0,341413.0,1616.0,1575.0,0.9836993685903419,0.9769324334984408,1.1502478144645214,0.9696396314780095,0.09766714327779469,0.09011621608576292,0.19497967391591953,0.007347839368820885
2024-04-21,Education,2024-04-28,2024-05-05,111346.8776605159,143421.780402549,136.2274755611182,123.393330668259,206364.0,198297.0,187.0,184.0,0.7787720281898612,1.0031073448797818,1.0519496182325732,0.9528442522645483,-0.3242325551188262,-0.12956903579787105,-0.12674695153129356,-0.20901711110090382
2024-04-21,Electronic & Electric Devices,2024-04-28,2024-05-05,216006.31691353433,206035.12080500688,1259.5731288111406,1194.6790974017686,251746.0,226532.0,1302.0,1196.0,0.9689271325912631,0.9241999107581718,1.1673522973226511,1.1072095434678115,0.07660260526988716,0.026904911880694327,0.21346158845003904,0.15094325375892925
2024-04-21,Furniture,2024-04-28,2024-05-05,283052.5597238802,275810.5731774537,1304.7667852718791,1116.5688033230463,306708.0,277739.0,1306.0,1203.0,0.9762654939533831,0.9512874418917882,1.1592774635911853,0.9920646853159008,0.25680484390043423,0.22464910653529824,0.40599869102573183,0.20319914151190321
2024-04-21,Gas Stations,2024-04-28,2024-05-05,852014.3110982869,858242.6304051566,14849.174430377523,15511.866931108843,972469.0,889469.0,16556.0,16032.0,1.10156933641684,1.1096219306942958,1.0589911874466926,1.1062520989237514,0.07563032658250313,0.08349330381521258,0.0029837507853780476,0.047745149011066745
2024-04-21,Health,2024-04-28,2024-05-05,863179.2087899133,723931.2237351296,8114.520753631326,7604.927863881249,945859.0,830953.0,8941.0,8365.0,1.153356108999472,0.9672968149463287,1.067419199372708,1.0003851438938764,0.22136536540661522,0.02433482479964799,0.09908177619278424,0.030059307040667615
2024-04-21,Hotels,2024-04-28,2024-05-05,304520.4273931148,322197.04003505514,703.8101860962632,742.139783019619,324853.0,264559.0,823.0,707.0,1.0805877271676476,1.1433130124376536,1.045780365670525,1.1027337043382155,0.16557043053595333,0.23322873899118957,0.13334973606483613,0.19507211436331562
2024-04-21,Jewelry,2024-04-28,2024-05-05,205983.51955460818,234607.74220397882,211.03644643591875,208.19212463391284,278494.0,252507.0,239.0,210.0,0.9932086076348566,1.1312285054581606,0.9747641867709873,0.9616264417270801,-0.03564865048077148,0.0983611372951938,0.2790087662782954,0.26177045232674456
2024-04-21,Miscellaneous Goods and Services,2024-04-28,2024-05-05,1834388.5698730624,1522911.5927712447,23177.25089080906,23922.64632030175,1803940.0,1551069.0,26009.0,24322.0,1.3793961343528944,1.1451763266139574,1.1314807113263552,1.1678698652754222,0.4032552372812468,0.1649841825063567,0.10063875443105053,0.13603601103151997
2024-04-21,Other,2024-04-28,2024-05-05,2116330.162236643,1869774.5449957238,29673.20692353272,29256.764099235046,2380894.0,2052763.0,32633.0,30974.0,1.1490222956102594,1.0151594861238784,1.133733501071055,1.1178223397866138,0.23576127732827756,0.09179324723032001,0.11098157637997375,0.09538972253678701
2024-04-21,Public Utilities,2024-04-28,2024-05-05,80138.95696746687,77313.0671322342,1057.3479238975779,1086.3666975635506,91258.0,82211.0,1162.0,1108.0,0.7438663823291551,0.717635888095887,0.7122586216891733,0.7318064651825871,0.1305010293345401,0.09063687975728185,0.05734792389757781,0.08636669756355064
2024-04-21,Recreation and Culture,2024-04-28,2024-05-05,278610.8988101862,285788.6639907798,2466.767347922232,2440.171860075712,293506.0,249688.0,2611.0,2450.0,0.9918596598765962,1.0174126291290588,1.0327684102667918,1.0216336027112045,0.30023707075507966,0.3337346705002393,0.04701500336257736,0.035726595957433105
2024-04-21,Restaurants & Café,2024-04-28,2024-05-05,2043865.7274006093,2044972.746563581,51163.311083442575,52577.394799553345,2090474.0,1824272.0,60778.0,57572.0,1.1655362545510277,1.166167544048977,0.9946598056581238,1.022150837893257,0.24165486737635744,0.24232738500486684,-0.03140147886406086,-0.0046307447738944685
2024-04-21,Telecommunication,2024-04-28,2024-05-05,111464.12433245165,90397.73745268071,1089.7141265632706,977.4757953735327,134284.0,105638.0,1422.0,1267.0,1.1533177542120165,0.9353441402707879,1.4244629105402231,1.27774613774318,0.21915981419549646,-0.011257752603927584,-0.018275561654711114,-0.11939117533915966
2024-04-21,Transportation,2024-04-28,2024-05-05,787318.2857564945,687518.9297076149,3062.383857374881,2800.3089400204835,811977.0,723496.0,3231.0,2879.0,1.1498725147075173,1.0041162956761605,1.1936791492398677,1.09152560515318,0.176805652596288,0.027635426972803856,0.28294254603053237,0.17314995392563204
2024-04-28,Beverage and Food,2024-05-05,2024-05-12,2138642.949873955,1786160.8867729213,49570.95889610325,43667.54390020799,1956354.0,1773961.0,48702.0,46742.0,1.199177397352821,1.0015340632619378,1.152464578060197,1.0152173505732682,-0.11685626392444948,-0.2624122699538858,-0.0013103615097258547,-0.12024450197018322
2024-04-28,Clothing and Footwear,2024-05-05,2024-05-12,720907.5590552026,605256.8949141412,5640.561476138137,5042.2370367259045,695339.0,649958.0,5356.0,4905.0,0.9332505154639796,0.7835350067726184,0.9583013041349195,0.8566491737556753,-0.11480894850719647,-0.2568145797576633,-0.07364731874886898,-0.17191048830252842
2024-04-28,Construction & Building Materials,2024-05-05,2024-05-12,423420.8312883364,296341.4009981287,1452.8298431891385,1297.076936171833,341413.0,342551.0,1575.0,1513.0,1.2442063250067186,0.8707881574020719,1.0260097762635159,0.9160147854320855,0.2285459863524264,-0.14017211274523667,-0.10097163168988954,-0.19735338108178646
2024-04-28,Education,2024-05-05,2024-05-12,244193.8112426087,149560.85731390456,190.49306716586614,140.5919554120555,198297.0,152327.0,184.0,164.0,1.7079177579871567,1.046044708530395,1.470988935643754,1.085652165344058,0.18331594290965825,-0.27525703458982886,0.018679503560781408,-0.24817136143285823
2024-04-28,Electronic & Electric Devices,2024-05-05,2024-05-12,280078.0939079957,207176.9579135615,1104.5251056905586,1096.6764793805132,226532.0,219531.0,1196.0,1103.0,1.25633022362272,0.929321783911173,1.0133257850372097,1.0061252104408378,0.11254237965248981,-0.17703972292087466,-0.15167042573689815,-0.1576985565433846
2024-04-28,Furniture,2024-05-05,2024-05-12,345364.1736795893,270616.4576017497,1196.01568138033,1015.8916957309547,277739.0,266215.0,1203.0,1104.0,1.1883498449190169,0.931153402500644,1.0556184301679876,0.8966387429222901,0.12603575283197466,-0.11767395176601303,-0.08421463906559723,-0.22213499561182648
2024-04-28,Gas Stations,2024-05-05,2024-05-12,940736.6215776601,788036.1361687377,15983.896926289595,14854.360872162972,889469.0,842870.0,16032.0,15514.0,1.2126660748733307,1.0158259667870275,1.1367943477322708,1.056460358604813,-0.03263073519293669,-0.18965423456301678,-0.03455563383126392,-0.10278081226365232
2024-04-28,Health,2024-05-05,2024-05-12,863000.7012402616,706927.9911287372,8529.416247573188,7547.160173572016,830953.0,767137.0,8365.0,7660.0,1.153117592164501,0.9445775673096602,1.1219963493255969,0.9927861317511202,-0.08760111048236408,-0.252607427609467,-0.04603330191553645,-0.15589305742399995
2024-04-28,Hotels,2024-05-05,2024-05-12,344447.4220759831,277110.37466898066,737.8783063354057,696.3089900004919,264559.0,254881.0,707.0,657.0,1.1705109306590968,0.9416842796911032,1.0947749352157354,1.0330993916921245,0.06031781167476691,-0.14696685987514146,-0.10342854637253263,-0.15393804374180808
2024-04-28,Jewelry,2024-05-05,2024-05-12,250244.671766231,194676.9498849684,200.2902853284379,193.03834696590962,252507.0,229109.0,210.0,193.0,1.1954839210138828,0.9300224525735981,0.9208748750732777,0.8875326297283201,-0.10143603895871722,-0.30096537130075185,-0.16196533335381635,-0.19230817169075476
2024-04-28,Miscellaneous Goods and Services,2024-05-05,2024-05-12,1796613.8999345815,1427190.0311974662,25535.068644498817,24537.746264505688,1551069.0,1440838.0,24322.0,22922.0,1.3330874097706416,1.0589749205484762,1.2415855223056338,1.193092955267337,-0.0040611661504365015,-0.2088483922982659,-0.0182218215041402,-0.0565671012147454
2024-04-28,Other,2024-05-05,2024-05-12,2184783.9925873657,1798412.281495199,33054.78595047269,28107.345826065663,2052763.0,1868309.0,30974.0,29077.0,1.175851590482984,0.9679061860188451,1.260454382370405,1.0717972058977545,-0.08236822278212907,-0.24464832054883623,0.01292513561341857,-0.138683362667678
2024-04-28,Public Utilities,2024-05-05,2024-05-12,78064.22669786659,73421.3519442258,975.3425454357136,1031.1149547510354,82211.0,77848.0,1108.0,1051.0,0.7246083066271856,0.6815121823788978,0.6570175449213295,0.694587372685103,-0.14457662125110582,-0.19545298007598466,-0.16063464248217418,-0.11263773257225873
2024-04-28,Recreation and Culture,2024-05-05,2024-05-12,319891.9990180206,227624.52523190825,2615.052825854207,2176.4322140597687,249688.0,240494.0,2450.0,2307.0,1.1358369204806233,0.808223839792598,1.0948515075797391,0.9112129847434661,0.08989935135234228,-0.2244638091490182,0.001552212123403729,-0.16643729833023024
2024-04-28,Restaurants & Café,2024-05-05,2024-05-12,2274185.505754847,1743305.012304741,55968.15961369927,51200.857783045074,1824272.0,1725943.0,57572.0,54938.0,1.2968785674109977,0.9941382975122611,1.0880702907130773,0.99538974655012,0.08788031123795226,-0.1660718993373077,-0.07913785228702386,-0.15757580402374094
2024-04-28,Telecommunication,2024-05-05,2024-05-12,104702.39194070068,87172.1450559065,1009.1029723068285,860.4911518026075,105638.0,95014.0,1267.0,1147.0,1.0833542025908924,0.9019689803138913,1.317366804578105,1.1233565950425686,-0.22029138288477645,-0.35083744112547666,-0.2903635919079969,-0.39487260773375
2024-04-28,Transportation,2024-05-05,2024-05-12,852721.992713847,626253.623631544,2875.460843564206,2526.770060452605,723496.0,707037.0,2879.0,2649.0,1.2453941434449762,0.914638770720255,1.1201639437336213,0.9843280328993397,0.05017998380969768,-0.22872984871302515,-0.11003997413673605,-0.21796036507192673
2024-05-05,Beverage and Food,2024-05-12,2024-05-19,1845715.5226616624,1780162.0959498133,46095.417899306405,42077.55393234656,1773961.0,1669720.0,46742.0,44554.0,1.0228973809079764,0.9865676065360323,1.0678269044838455,0.9747507715838665,-0.05655340359584082,-0.09006136110856555,-0.05352104843114436,-0.13602000056780916
2024-05-05,Clothing and Footwear,2024-05-12,2024-05-19,623856.7861180363,727112.5982381656,4497.031307098217,4784.134966398072,649958.0,637003.0,4905.0,4651.0,0.8076134865105176,0.9412832457956795,0.7640216287968429,0.8127990089021528,-0.10280196261386709,0.045695118838675164,-0.16037503601601621,-0.10677091740140554
2024-05-05,Construction & Building Materials,2024-05-12,2024-05-19,325383.08352169604,319031.0776250997,1478.6978036840205,1333.2737474463613,342551.0,333051.0,1513.0,1420.0,0.9538920865105377,0.9352705647871211,1.0351402195897939,0.9333382901269592,-0.04695168748203482,-0.06555673736764656,-0.06114425162919335,-0.153476985748342
2024-05-05,Education,2024-05-12,2024-05-19,162117.56101585377,138533.60983739916,154.2378624628833,144.41913778505847,152327.0,152487.0,164.0,148.0,1.1338676436212256,0.9689189546425078,1.1910259649643498,1.1152056971819186,-0.18245076316911613,-0.3013832290080074,-0.16175074748432994,-0.21511338160294313
2024-05-05,Electronic & Electric Devices,2024-05-12,2024-05-19,226173.43942494225,244705.38376944885,1110.4275849498972,1088.7733611333274,219531.0,240427.0,1103.0,1071.0,1.0117353586443403,1.0946337900668703,1.0099386857206887,0.9902440756101204,-0.0015828252743883553,0.08022435580601783,-0.07154884201513612,-0.08965438032330486
2024-05-05,Furniture,2024-05-12,2024-05-19,262176.1657583187,307525.48608455155,1004.569543319522,1070.3647892342901,266215.0,257131.0,1104.0,1037.0,0.9021115380931395,1.058152210183403,0.8750605778044617,0.932373509785967,-0.05603402562002935,0.10724632149086566,-0.1649463480303225,-0.1102537080346715
2024-05-05,Gas Stations,2024-05-12,2024-05-19,795456.0278842119,806520.7263271902,14803.473759222587,14381.691162633224,842870.0,793077.0,15514.0,14967.0,1.023202482942525,1.037435107403212,1.0508233369457027,1.0208831348807967,-0.10569561403015526,-0.09325594671968307,-0.07662963078701435,-0.10293842548445464
2024-05-05,Health,2024-05-12,2024-05-19,775724.4780187733,744693.0560261292,7812.04491672412,7292.765901057944,767137.0,720518.0,7660.0,7067.0,1.036501524263583,0.995038199195396,1.027630217932665,0.959322007505649,-0.06646407435947255,-0.10380845122873472,-0.06610341700847333,-0.12818100405762778
2024-05-05,Hotels,2024-05-12,2024-05-19,240111.18171137132,275313.0323115187,601.1198140071813,595.877890482206,254881.0,227139.0,657.0,592.0,0.8159525801433757,0.9355765002719217,0.8892304940934634,0.8814761693523757,-0.09240970176266416,0.04064889991086562,-0.14975981045660358,-0.15717412944525322
2024-05-05,Jewelry,2024-05-12,2024-05-19,225160.29067610367,237637.40288426515,186.13694823313483,213.34119148604165,229109.0,224702.0,193.0,183.0,1.0416082578948755,1.0993283073391058,0.8558020608419992,0.980879041315134,-0.10830079690422967,-0.05888786099290255,-0.11363357984221512,0.015910435647817467
2024-05-05,Miscellaneous Goods and Services,2024-05-12,2024-05-19,1453726.722934721,1425881.0196635327,23714.240125563396,23442.745007490987,1440838.0,1367337.0,22922.0,21694.0,1.0728107745022437,1.0522614029995885,1.1443991953268697,1.1312974137385863,-0.06275818617049211,-0.08071077452806241,-0.024988071475890328,-0.03615060408309401
2024-05-05,Other,2024-05-12,2024-05-19,1802800.9671388222,1831579.161711282,28964.80247510417,27271.27919667442,1868309.0,1840975.0,29077.0,27775.0,0.9563187620372328,0.9715845223229506,1.1020985284365112,1.0376606813414158,-0.12176857867234447,-0.1077493301899527,-0.06486722815573798,-0.11954286831941563
2024-05-05,Public Utilities,2024-05-12,2024-05-19,72491.50256650941,78561.5070399137,1014.590649509417,1083.2750931894518,77848.0,72752.0,1051.0,996.0,0.6728811280342087,0.7292241656680284,0.6834561465203213,0.7297238755065354,-0.11822624020496753,-0.04439178406887512,-0.08430446795178981,-0.022314897843455084
2024-05-05,Recreation and Culture,2024-05-12,2024-05-19,235786.7847715844,256720.36270801802,2150.981993954756,2075.1770129360407,240494.0,232990.0,2307.0,2190.0,0.8372054828726648,0.911534102440985,0.8947512454054726,0.8632183914043431,-0.055674342493093776,0.02816460025318812,-0.12204816573275268,-0.15298897431182013
2024-05-05,Restaurants & Café,2024-05-12,2024-05-19,1483429.103340603,1666894.170209827,49657.80491627129,49675.239655625424,1725943.0,1643162.0,54938.0,52487.0,0.8446013549229505,0.9490585505582703,0.958469101540669,0.9588056178041754,-0.18683776139709263,-0.08626884027720272,-0.13746604397500017,-0.1371632103170739
2024-05-05,Telecommunication,2024-05-12,2024-05-19,95878.41320378179,91320.9520756472,1050.66397595512,958.1167174856802,95014.0,95012.0,1147.0,1151.0,0.9854402919346502,0.9385986132447424,1.3698356922491786,1.2491743383124905,-0.0923870841573885,-0.13552933531828315,-0.17074666459737975,-0.24379106749354362
2024-05-05,Transportation,2024-05-12,2024-05-19,692275.2219693713,693849.4235904107,2532.5335961662854,2349.756942850049,707037.0,699059.0,2649.0,2480.0,1.007757847005982,1.0100494414268526,0.9854216327495274,0.9143023123930153,-0.0431526615636143,-0.040976835268735745,-0.12034262029653164,-0.18382877983673174
2024-05-12,Beverage and Food,2024-05-19,2024-05-26,1750172.226633745,2148490.9682091707,42846.052234538045,45192.39294952584,1669720.0,2400298.0,44554.0,51050.0,0.9699471910925186,1.1906958343810063,0.9913592761262403,1.0456482131798341,-0.013409975397573604,0.21112638226498248,-0.08335004418856606,-0.033152348005523025
2024-05-12,Clothing and Footwear,2024-05-19,2024-05-26,704495.867435314,848369.4561893597,4734.406070366382,5651.375628070024,637003.0,999085.0,4651.0,7151.0,0.9120047683893202,1.0982562498446342,0.8043503347547369,0.960138570857972,0.08390983330509671,0.30526811915440644,-0.03477959829431565,0.15216628502956642
2024-05-12,Construction & Building Materials,2024-05-19,2024-05-26,356293.1853475476,360623.5572787293,1514.465873783663,1656.9157731514222,333051.0,377008.0,1420.0,1687.0,1.0418477737060652,1.0545103463887844,1.0594374772883266,1.159087634243737,0.04011719524259916,0.05275873454968538,0.0009688524677218258,0.09511947994145542
2024-05-12,Education,2024-05-19,2024-05-26,125237.62386668989,126740.02284926198,155.9381173911586,131.89750502827928,152487.0,237594.0,148.0,160.0,0.8696090980633394,0.8800412652015192,1.18584119689094,1.0030228519260782,-0.1778369962863453,-0.1679740108499348,-0.049157820785618256,-0.19574692055927267
2024-05-12,Electronic & Electric Devices,2024-05-19,2024-05-26,237112.53217503475,265738.326686676,1134.1374150341653,1300.2385527733284,240427.0,313719.0,1071.0,1407.0,1.0606688981213812,1.1887198688735228,1.0286960680581998,1.1793546963930417,0.0800867858071741,0.2104820125024529,0.028229750710938584,0.1788200841099985
2024-05-12,Furniture,2024-05-19,2024-05-26,278614.9530769078,312863.8550626098,1058.457492399103,1248.8467714227793,257131.0,336112.0,1037.0,1370.0,0.9586751073614032,1.0765207916132808,0.9220012999992188,1.0878456197062538,0.04657871673988234,0.17523000230118435,-0.041252271377623995,0.1312017857090393
2024-05-12,Gas Stations,2024-05-19,2024-05-26,838249.8704809955,888425.4573016518,15275.121930576941,15745.205251847976,793077.0,974059.0,14967.0,16990.0,1.076889014549721,1.1413489568038673,1.082881180389688,1.1162062421556767,-0.0054814259838462664,0.05404802318465696,-0.015397580857487325,0.014903007080570907
2024-05-12,Health,2024-05-19,2024-05-26,733258.285958599,891974.6521488866,7317.619744418287,7856.767426237498,720518.0,965442.0,7067.0,8579.0,0.9681383249826364,1.1776953117269657,0.9563015870907328,1.0267599877466673,-0.04416253425581229,0.16273188771873426,-0.044697161303095645,0.025687653555809042
2024-05-12,Hotels,2024-05-19,2024-05-26,272883.2226523974,300088.5431867441,618.0719638705376,750.0996044157314,227139.0,214587.0,592.0,654.0,0.9273194526555366,1.0197693391015223,0.914307638861742,1.1096147994315553,0.07062991220372417,0.17736725447069057,-0.05925119654408273,0.1417041163100934
2024-05-12,Jewelry,2024-05-19,2024-05-26,221856.37029542314,245226.15539436572,201.08686645282057,229.89485321823017,224702.0,295559.0,183.0,278.0,1.0120145983894133,1.1186176391308635,0.9245373170244624,1.0569878308884146,-0.03165580446240379,0.07034710724749238,0.04190086244984759,0.19116504258150346
2024-05-12,Miscellaneous Goods and Services,2024-05-19,2024-05-26,1393908.1436762568,1741652.595888405,21956.674272817363,24492.086385741088,1367337.0,1879834.0,21694.0,26545.0,1.0265171444271923,1.2826069331945935,1.0517411574170652,1.1731892982895162,-0.03257122336011631,0.20877752799995908,-0.04211350349806464,0.06849691936746738
2024-05-12,Other,2024-05-19,2024-05-26,1761566.2155453244,2190835.5398329804,27812.115387299702,30652.95996885755,1840975.0,2577979.0,27775.0,33830.0,0.9344452622357596,1.1621566492752582,1.0527116481121785,1.1602399730826682,-0.05713336736839336,0.17263019116911615,-0.04350120757644527,0.054199538083624654
2024-05-12,Public Utilities,2024-05-19,2024-05-26,79347.85799199138,88091.78278053441,1051.4748294257026,1222.6159734713817,72752.0,94662.0,996.0,1171.0,0.7365232379307304,0.8176861572641104,0.7083023438367818,0.8235877221093848,0.01926649357711674,0.13158697436715672,0.0004517882261680928,0.16328827161882176
2024-05-12,Recreation and Culture,2024-05-19,2024-05-26,265940.9323879811,299005.6554367773,2210.068778114594,2383.8982463099956,232990.0,323604.0,2190.0,2881.0,0.9442734754247284,1.0616760154056477,0.9193297745900973,0.9916382056197984,0.1058110904554006,0.24329777639682182,-0.04201613432397322,0.03333257317294991
2024-05-12,Restaurants & Café,2024-05-19,2024-05-26,1551579.6897604822,1944033.014568201,50634.034033305856,52139.99854422513,1643162.0,2073533.0,52487.0,61010.0,0.8834033964222048,1.1068496057018873,0.9665842765189294,0.9953325610481178,-0.10102495287475766,0.12635991719784556,-0.07834223973741572,-0.05093016592840793
2024-05-12,Telecommunication,2024-05-19,2024-05-26,93587.78119595945,116309.21823114273,1155.181834390587,1298.1949635050755,95012.0,148632.0,1151.0,1574.0,0.9618971293073586,1.1954285238824476,1.5031643908790984,1.6892582478920957,-0.015010617425227246,0.2241271626406922,0.007133247071130722,0.13181775370974336
2024-05-12,Transportation,2024-05-19,2024-05-26,740911.8490099137,855091.3416808326,2579.3485970442744,3323.342059070142,699059.0,1011045.0,2480.0,3346.0,1.0730776792258927,1.2384461575060395,0.9999413053088871,1.288366760639714,0.04791099901407381,0.20940112282784717,-0.026293470349462278,0.2545647637108879
2024-05-19,Beverage and Food,2024-05-26,2024-06-02,2062197.6975038103,2137869.048805823,42611.070116707284,46783.99706268432,2400298.0,1948219.0,51050.0,48482.0,1.142872017811915,1.1848091560687215,0.9825690067725986,1.078792562609457,0.23505599591776472,0.2803757808529712,-0.04360842760005201,0.050051556822829024
2024-05-19,Clothing and Footwear,2024-05-26,2024-06-02,792269.7645319076,910012.1769172989,5789.3955044760805,6622.151100581414,999085.0,999077.0,7151.0,7125.0,1.0256324224217366,1.1780558027434078,0.9835874115657629,1.1250681448490338,0.2437457351565182,0.42858381658689026,0.24476360018836396,0.42381232005620584
2024-05-19,Construction & Building Materials,2024-05-26,2024-06-02,358172.0648472527,377507.2117642523,1569.3768807931722,1701.9972678564604,377008.0,354705.0,1687.0,1641.0,1.0473418625753772,1.1038803555867043,1.097850213916175,1.1906241817813643,0.07542708127960185,0.13348169428781853,0.10519498647406489,0.1985896252510284
2024-05-19,Education,2024-05-26,2024-06-02,140601.8749395717,120767.22879898567,149.43892848096186,143.71476777682267,237594.0,224932.0,160.0,126.0,0.9684358518958407,0.8318190219960511,1.1152158841862825,1.072498266991214,-0.07794189052462386,-0.20801623221005283,0.009722489736228912,-0.028954271778225182
2024-05-19,Electronic & Electric Devices,2024-05-26,2024-06-02,247619.8211277477,266424.80782241235,1271.3327916426988,1386.142166112715,313719.0,286514.0,1407.0,1289.0,1.1076708616763484,1.1917906858528846,1.1531363189502937,1.2572718059979273,0.029916860950507607,0.10813181473966038,0.18705209303706694,0.29425038852727825
2024-05-19,Furniture,2024-05-26,2024-06-02,295995.0115711732,318783.9757690886,1212.787446340884,1313.4539852729831,336112.0,311222.0,1370.0,1299.0,1.0184774591696282,1.0968910994205199,1.0564350577882264,1.144123680551379,0.15114479223109312,0.23977262861766424,0.16951537737790145,0.2665901497328671
2024-05-19,Gas Stations,2024-05-26,2024-06-02,899894.6239629321,912025.0302938244,15415.857601628039,16094.054603263976,974059.0,873069.0,16990.0,15831.0,1.1547236601878212,1.170289112880814,1.0920839899141428,1.1401285493952944,0.13468758262177838,0.14998295284546703,0.029989817707492428,0.07530263935751824
2024-05-19,Health,2024-05-26,2024-06-02,826298.3185233453,867338.779916241,7842.396999613698,8198.079229922525,965442.0,851939.0,8579.0,7917.0,1.090981289062894,1.1451679846792815,1.0248819915856897,1.0713642485523425,0.14681148635196517,0.20377114786339967,0.10972081500123076,0.16005083202526182
2024-05-19,Hotels,2024-05-26,2024-06-02,269414.9159431607,291973.6432505868,699.2630129030056,729.4011254022789,214587.0,192351.0,654.0,588.0,0.9155333551153892,0.9921930575917668,1.0344127409807775,1.0789957476365073,0.1861235452439287,0.28544038342418876,0.1811875217956176,0.23209649561195755
2024-05-19,Jewelry,2024-05-26,2024-06-02,244403.82609136958,268823.1245147941,217.58644574561077,261.8460813279164,295559.0,288140.0,278.0,275.0,1.1107573441833611,1.2217372559850845,1.0003974517039576,1.2038900290938686,0.08767979853926344,0.1963539466261719,0.1889969712874906,0.43085290343123717
2024-05-19,Miscellaneous Goods and Services,2024-05-26,2024-06-02,1627119.6040434833,1695505.9067737802,23120.21514453857,25046.314785922874,1879834.0,1747039.0,26545.0,24979.0,1.195505175152868,1.2457511304105346,1.1012772765808598,1.193022520049675,0.1899916436427036,0.24000587036976273,0.06574237782513936,0.15452727878320616
2024-05-19,Other,2024-05-26,2024-06-02,2168105.93206879,2155683.6586345746,30434.23271512017,31823.185869053403,2577979.0,2281028.0,33830.0,31869.0,1.150099438992561,1.1435098856426142,1.147985089778589,1.2003766688941724,0.17769439132459142,0.1709467312888957,0.09574195193952018,0.1457492662125437
2024-05-19,Public Utilities,2024-05-26,2024-06-02,82462.85460141176,90174.5098272022,1088.4490609772142,1177.7627167067508,94662.0,83967.0,1171.0,1083.0,0.7654372810690481,0.8370184607056538,0.7332092024097098,0.7933733356057601,0.1334788679543073,0.23947808757425504,0.09282034234660053,0.1824926874565771
2024-05-19,Recreation and Culture,2024-05-26,2024-06-02,274887.2597945656,295625.0474531409,2189.0359417438767,2500.9822229498423,323604.0,311957.0,2881.0,2711.0,0.9760390994550248,1.0496725286874022,0.9105806746022782,1.0403420228576714,0.17982428342231693,0.2688314839827499,-0.0004402092493713816,0.14200101504559015
2024-05-19,Restaurants & Café,2024-05-26,2024-06-02,1754841.8002380272,1965464.1063318353,51098.26084579022,52807.270656297806,2073533.0,1896152.0,61010.0,58167.0,0.9991321855683993,1.1190515566412895,0.9726147447663592,1.0051443869329768,0.06796639664137016,0.19614749265856646,-0.026458726050446413,0.006101904401047964
2024-05-19,Telecommunication,2024-05-26,2024-06-02,115901.96190374007,114534.26092132032,1270.811925108403,1338.206744266924,148632.0,116129.0,1574.0,1403.0,1.191242735019683,1.1771854763484282,1.6387000968515837,1.7256050860953243,0.21986656321033204,0.20547152908390864,0.10409376638436418,0.1626470410659635
2024-05-19,Transportation,2024-05-26,2024-06-02,783412.0631248585,782230.1658012432,3047.442326422419,3172.441528634265,1011045.0,875380.0,3346.0,3024.0,1.127260260334775,1.125559615236979,1.1814081513558514,1.229866845758583,0.12066658626075699,0.11897588873220033,0.22880738968645908,0.2792102938041392
2024-05-26,Beverage and Food,2024-06-02,2024-06-09,2185491.105684443,1760575.7835338218,49535.27251845883,45787.15701253011,1948219.0,2017066.0,48482.0,48018.0,1.2112013474202596,0.9757128526880117,1.1422342453584253,1.0558064199167594,-0.08949176073785714,-0.2665178308969045,-0.029671449197672284,-0.1030919292354533
2024-05-26,Clothing and Footwear,2024-06-02,2024-06-09,1165085.5895416203,788827.643493545,8251.290102349409,6313.636758456453,999077.0,1356983.0,7125.0,10654.0,1.5082609598717105,1.0211764263748213,1.4018501702938173,1.0726532039511474,0.16615261918817747,-0.2104499181815912,0.15386520799180659,-0.11709736282247896
2024-05-26,Construction & Building Materials,2024-06-02,2024-06-09,377136.64057199506,266620.9055893235,1632.7494125945686,1438.337919518805,354705.0,310196.0,1641.0,1681.0,1.1027967570573745,0.7796343245823566,1.1346417043742658,0.99953990237582,0.0003412144357548552,-0.29279775073917935,-0.032158024543824215,-0.1473989807238857
2024-05-26,Education,2024-06-02,2024-06-09,194762.3400019108,88172.21025695279,171.81345011420112,131.7606529353443,224932.0,172445.0,126.0,90.0,1.3414816320055571,0.6073114571937968,1.2587065942432316,0.965279508683841,-0.18027248162028164,-0.6288954676593146,0.07383406321375707,-0.17649591915409812
2024-05-26,Electronic & Electric Devices,2024-06-02,2024-06-09,275978.60529795696,210512.8771926806,1384.5008909285257,1218.6159192396349,286514.0,236818.0,1289.0,1328.0,1.23452742249142,0.941681400996111,1.2557831210236061,1.105320561668603,-0.12029999681894632,-0.3289763221459949,-0.015990838003890784,-0.13389060466266178
2024-05-26,Furniture,2024-06-02,2024-06-09,327374.1393107403,241205.93225551365,1382.936987540093,1151.9605071908595,311222.0,322524.0,1299.0,1539.0,1.1264486513917946,0.8299558959329502,1.2046489438502552,1.003449919155801,-0.02599687214160673,-0.2823644134826675,0.009443056598608113,-0.15915291445922664
2024-05-26,Gas Stations,2024-06-02,2024-06-09,927290.1347703321,779044.5445041592,16326.030289552997,15378.292691683217,873069.0,882726.0,15831.0,16000.0,1.1898769366602664,0.9996516746790253,1.1565620777524084,1.0894228316579213,-0.04801440696063364,-0.20020805258802676,-0.03908003004396721,-0.094862113497162
2024-05-26,Health,2024-06-02,2024-06-09,919558.0536103544,741299.295059591,8855.097789805415,7791.150404891444,851939.0,799149.0,7917.0,7965.0,1.2141143315997762,0.9787550602194258,1.1572265799536612,1.0181848412037957,-0.04752636242223307,-0.23216589390186992,0.03218298051118018,-0.09183466547482877
2024-05-26,Hotels,2024-06-02,2024-06-09,244421.26103631902,212290.48232259625,647.2886351299935,627.6420155912859,192351.0,201783.0,588.0,588.0,0.8305992130937776,0.7214114959428426,0.9603688948516225,0.9312196077022047,0.13903107381304092,-0.010702035432732404,-0.010262025795116925,-0.040302728453691206
2024-05-26,Jewelry,2024-06-02,2024-06-09,300501.4536778431,237456.4170706522,333.04363523815596,261.4812452020115,288140.0,337375.0,275.0,331.0,1.3657077384936525,1.0791830201794372,1.5312351045432457,1.2022126216184437,0.016722392746771675,-0.1965853955702509,0.1979986879070359,-0.05941998128772841
2024-05-26,Miscellaneous Goods and Services,2024-06-02,2024-06-09,1963597.6599108563,1417940.5272002844,27336.87888982729,25667.930092936094,1747039.0,1883675.0,24979.0,26963.0,1.4427280935635238,1.041813542234001,1.2995901540207888,1.2202486376484951,0.044559072721770177,-0.24570971309153655,0.029831564883303407,-0.03304087048649107
2024-05-26,Other,2024-06-02,2024-06-09,2245660.5209490615,1859887.3370553907,33809.28637598774,29800.179427475574,2281028.0,2371260.0,31869.0,33756.0,1.191239259627335,0.9866009549153822,1.2752927605894813,1.1240684782722483,-0.12890658886319029,-0.27854829808334713,-0.0006122856639746432,-0.11911973315177138
2024-05-26,Public Utilities,2024-06-02,2024-06-09,79479.11084563046,70945.98204745268,1096.0124801566553,1043.1473627448033,83967.0,86955.0,1083.0,1114.0,0.7400151844996412,0.6605648130151457,0.7405489730788212,0.7048292991518942,-0.16039053848819518,-0.2505336666513207,-0.06403716468261711,-0.1091824400129775
2024-05-26,Recreation and Culture,2024-06-02,2024-06-09,294521.25988513697,251486.36629230142,2436.506540570577,2324.2069485748116,311957.0,348584.0,2711.0,2354.0,1.0457533225929863,0.8929498102771185,1.0135218554786094,0.9668082148813693,-0.0898713863699554,-0.22285767081895957,-0.15428443576168804,-0.19326381514237712
2024-05-26,Restaurants & Café,2024-06-02,2024-06-09,2015941.6793321008,1699855.4938168717,54397.8043204195,50436.08438733338,1896152.0,2013391.0,58167.0,56530.0,1.147791336960577,0.9678253244579271,1.0354189299050098,0.9600107426639013,-0.027774489563416216,-0.18021295353540467,-0.1083788834548517,-0.17331446668852024
2024-05-26,Telecommunication,2024-06-02,2024-06-09,123458.85149842073,91908.3615782616,1226.5661471066298,1143.3941955081063,116129.0,125830.0,1403.0,1464.0,1.2689126008368439,0.9446360201270527,1.5506525247871425,1.4455046719445086,-0.16936560432194459,-0.3816381292167125,-0.22073307045322121,-0.2735742086987889
2024-05-26,Transportation,2024-06-02,2024-06-09,885802.7821562096,679717.8078026255,3425.1330266593936,2658.8241609918655,875380.0,768137.0,3024.0,3005.0,1.2745913955367996,0.9780534523830172,1.327828271626049,1.0307517584771722,-0.12387402919137169,-0.3277076610807378,0.023650037853973016,-0.20537233682251477
2024-06-02,Beverage and Food,2024-06-09,2024-06-16,1833947.753006367,1618961.0567628734,47838.01073469676,41970.1750099919,2017066.0,1364079.0,48018.0,38746.0,1.0034963339091656,0.885860288298852,1.0999519609734603,0.965031271067391,-0.05865421032934848,-0.1690045848218945,-0.013283058976594098,-0.13431428138294832
2024-06-02,Clothing and Footwear,2024-06-09,2024-06-16,1040395.2438511495,718737.3655835426,6914.539229721325,4804.454321399729,1356983.0,483381.0,10654.0,3602.0,1.3468431360087996,0.9304410926043586,1.1616193582060184,0.8071321833514875,0.04135641582295402,-0.2805986269491314,-0.029538353723322808,-0.3256906215579327
2024-06-02,Construction & Building Materials,2024-06-09,2024-06-16,328712.05282377504,260702.25493071333,1550.6624422053717,1323.9835796404134,310196.0,155945.0,1681.0,977.0,0.9611969425986603,0.7623274176147088,1.0661137450707265,0.9102671568514358,-0.07328046454441006,-0.265016690120767,-0.055050309442186696,-0.19318489967068042
2024-06-02,Education,2024-06-09,2024-06-16,172473.55290819652,85471.2967953884,112.06383742848155,84.33015806463935,172445.0,4786.0,90.0,33.0,1.1879612004600804,0.5887081389224635,0.8209804939815498,0.6178033557849036,-0.23321913774742353,-0.6200127292008767,-0.1106044648533211,-0.3307130312330211
2024-06-02,Electronic & Electric Devices,2024-06-09,2024-06-16,272450.5217223045,203071.34844634304,1227.4848566104572,1087.6486818673682,236818.0,117103.0,1328.0,833.0,1.2187453443180698,0.9083934173399375,1.1113488968858825,0.9847430347373184,-0.04908478565688057,-0.2912341161467048,-0.04772315235806268,-0.15620738412151425
2024-06-02,Furniture,2024-06-09,2024-06-16,305802.50287074805,228048.04443148896,1214.8016329799439,992.8974752433412,322524.0,150777.0,1539.0,760.0,1.0477963319573487,0.7813798194004823,1.0458903426430854,0.8548407018883696,-0.017413605494637108,-0.26724960179071866,-0.06481783450350742,-0.23564474577109995
2024-06-02,Gas Stations,2024-06-09,2024-06-16,953063.2038500141,774868.3891556445,16195.565815385597,14537.334314234302,882726.0,695377.0,16000.0,13062.0,1.2206497753218584,0.9924241344183689,1.1467917022754892,1.0293739999457816,0.09162414866409652,-0.11247749129147355,0.02302860308164978,-0.0817172437474385
2024-06-02,Health,2024-06-09,2024-06-16,791585.4146645446,685808.702816536,7980.112539703441,7139.723737466527,799149.0,432629.0,7965.0,5373.0,1.0451490178963871,0.9054895137465981,1.0343632585487286,0.9254340554071974,-0.070842613538593,-0.19500257316951575,0.007971774624661032,-0.09817813092503125
2024-06-02,Hotels,2024-06-09,2024-06-16,260198.1267739113,218289.5004874249,626.6221341485546,567.1532452725382,201783.0,191394.0,588.0,618.0,0.884212602580313,0.7417975284259234,0.9297064304874697,0.8414736576743891,0.3527256254134956,0.13484983435191333,0.06568390161318804,-0.03545366450248599
2024-06-02,Jewelry,2024-06-09,2024-06-16,295685.49479255633,209160.22608156636,258.6064911698994,199.43973499392652,337375.0,166697.0,331.0,144.0,1.3438203491402734,0.9505835524207285,1.188995361700687,0.9169642988226506,0.026186904950913803,-0.274102082038015,-0.05961275938218391,-0.27476460002208536
2024-06-02,Miscellaneous Goods and Services,2024-06-09,2024-06-16,1560663.102574104,1344651.9655871077,26806.701498597125,23446.60822310803,1883675.0,991698.0,26963.0,18565.0,1.1446624387703364,0.9862298888771105,1.2735682589541832,1.1139324998507272,-0.10668101709572364,-0.23032515840395795,0.07316952234265295,-0.06134720272596861
2024-06-02,Other,2024-06-09,2024-06-16,1949072.5539743574,1763625.7558571952,31966.998761728144,27423.83650389333,2371260.0,1347661.0,33756.0,23837.0,1.0339103905051186,0.9355377716571074,1.2031690602479637,1.0321742069288768,-0.14552887821878668,-0.22682853702050332,0.0030750497890785766,-0.13948236518581292
2024-06-02,Public Utilities,2024-06-09,2024-06-16,76469.17349049976,50540.52790167324,1066.4364064779527,878.5732045047577,86955.0,47853.0,1114.0,745.0,0.7119902189018804,0.47057343347119457,0.7205651395121302,0.5936305435842957,-0.08929491954577684,-0.3980905843763236,-0.0152941768439957,-0.18875973729939277
2024-06-02,Recreation and Culture,2024-06-09,2024-06-16,315531.3166720388,247489.22972468706,2540.518914240649,2218.6684513522546,348584.0,211264.0,2354.0,1557.0,1.1116128824098601,0.8719014610698858,1.0567882338771417,0.9229070097139163,0.011457722288773065,-0.20665595026017347,-0.06288494494996355,-0.18160514520388982
2024-06-02,Restaurants & Café,2024-06-09,2024-06-16,2031674.3085606976,1590986.9016024817,54861.3768133063,47885.564166586046,2013391.0,1610982.0,56530.0,44019.0,1.151321176349646,0.9015898381899156,1.0409239593071995,0.9085668997255651,0.07147228099893765,-0.16093915382180246,-0.05682987237941961,-0.17675719623521846
2024-06-02,Telecommunication,2024-06-09,2024-06-16,103777.54924097071,89485.42834307841,1320.2632778867537,1022.0161526204342,125830.0,62064.0,1464.0,1014.0,1.0666277736879666,0.9197330627789548,1.635000963327249,1.2656546781677205,-0.10635974441379237,-0.2294308196653858,-0.05897129159889258,-0.2715494279255636
2024-06-02,Transportation,2024-06-09,2024-06-16,736449.9371550346,609168.6910733521,2774.2989428538604,2341.8977468160665,768137.0,309322.0,3005.0,1758.0,1.058658462986532,0.8756896533694324,1.0684763885437552,0.90194405808437,-0.1587082899369021,-0.30410942553707865,-0.08257310090811498,-0.2255629144126764
2024-06-09,Beverage and Food,2024-06-16,2024-06-23,1749336.4617645827,1959509.9053880237,46119.654877061395,43952.649132986015,1364079.0,1887182.0,38746.0,44245.0,0.9537256495847308,1.0683106985026682,1.0585428831752255,1.008805552869839,-0.1327321655490784,-0.028534561889385968,-0.039534031466087804,-0.08466306108155242
2024-06-09,Clothing and Footwear,2024-06-16,2024-06-23,890869.4121017634,639093.2348223804,7598.651026402479,4726.771323222687,483381.0,717162.0,3602.0,5306.0,1.1532745462465035,0.8273378234640725,1.2722730893934666,0.791422574001287,-0.3434925772085845,-0.529033720523853,-0.2867795169511471,-0.5563383402268925
2024-06-09,Construction & Building Materials,2024-06-16,2024-06-23,265952.1964479275,296220.01751467644,1388.7556714981906,1484.8366841722927,155945.0,328516.0,977.0,1460.0,0.7796646735166193,0.8683977283484744,0.9495765275201303,1.0152729464425934,-0.1426317668573176,-0.04505532787438771,-0.17385147442106452,-0.11669441750607212
2024-06-09,Education,2024-06-16,2024-06-23,164381.40865542262,93937.26428065116,92.54969057673068,77.97346261977194,4786.0,99064.0,33.0,100.0,1.1322242295522085,0.6470199248587223,0.6780197111848402,0.5712341583866076,-0.04676036617227164,-0.45526246466611875,0.02832989529700769,-0.13362819311364516
2024-06-09,Electronic & Electric Devices,2024-06-16,2024-06-23,209542.0979278632,222424.6880917995,1096.2522630561646,1240.458008367351,117103.0,220385.0,833.0,1185.0,0.9373388410998129,0.9949661735262783,0.9911864946258269,1.1215714361368454,-0.11517664228283664,-0.06077794723458729,-0.17450883806011708,-0.06592017442217535
2024-06-09,Furniture,2024-06-16,2024-06-23,291088.16285994457,260983.81457502197,1246.3132391661488,1268.1504294831138,150777.0,276319.0,760.0,1101.0,0.9893167891947142,0.887001611231367,1.0602409520766898,1.078817889819748,-0.09746821055194477,-0.19080808071640565,-0.19017983160094298,-0.17599062411753486
2024-06-09,Gas Stations,2024-06-16,2024-06-23,857568.918503534,911249.8870576948,15722.159832526706,15513.133601095848,695377.0,834527.0,13062.0,14976.0,1.092465357304323,1.1608500634505052,1.107428318132472,1.0927050504399414,-0.02849930952126245,0.03231340988901965,-0.017365010467080833,-0.03042914993150958
2024-06-09,Health,2024-06-16,2024-06-23,699664.9259124978,761437.0071566115,7279.926144208361,7530.928123901371,432629.0,801254.0,5373.0,7519.0,0.9237842140937929,1.0053433596385106,0.9357231547825656,0.9679856200387366,-0.12448751620474052,-0.047190189618442235,-0.08601052803410414,-0.054497410684071435
2024-06-09,Hotels,2024-06-16,2024-06-23,222371.91610976242,235103.27664670954,611.2761451644761,652.5895258140763,191394.0,220379.0,618.0,675.0,0.7556705081702323,0.7989345761108282,0.9069379008375017,0.968233717825039,0.10203493906702943,0.1651292559170472,0.03958528089196611,0.10984613233686447
2024-06-09,Jewelry,2024-06-16,2024-06-23,307717.1889092083,270470.859747415,313.58222046423367,217.54683050443893,166697.0,240048.0,144.0,206.0,1.398501541398052,1.2292258212836455,1.441757335467741,1.0002153126640871,-0.08790755417796725,-0.19830793702137084,-0.052621690440381674,-0.3427588202282812
2024-06-09,Miscellaneous Goods and Services,2024-06-16,2024-06-23,1540336.6201763882,1619076.099718376,23895.49109805626,24148.165694776555,991698.0,1606265.0,18565.0,23124.0,1.1279480848488446,1.1856069394057203,1.1254735227400918,1.137374452807223,-0.18227049773639925,-0.14046950789367807,-0.11376734421035273,-0.1043961838528148
2024-06-09,Other,2024-06-16,2024-06-23,1834409.523280995,1978339.8663482992,29973.905612802246,30641.406466593802,1347661.0,2075654.0,23837.0,29774.0,0.9730859237099053,1.0494356095657813,1.1252522050793898,1.1503108950387162,-0.22639882455698868,-0.1657009917308523,-0.11204213731478119,-0.09226784966839074
2024-06-09,Public Utilities,2024-06-16,2024-06-23,73966.01101397921,75247.0663348607,1027.7400542040748,1062.8138029266718,47853.0,72410.0,745.0,959.0,0.6919113105955904,0.7038948778295873,0.6944189555432938,0.7181174344099134,-0.14937598741901892,-0.13464359341198662,-0.07743262638772463,-0.0459481122740828
2024-06-09,Recreation and Culture,2024-06-16,2024-06-23,319699.22660778253,269769.3849693301,2385.489824295074,2385.4778491246398,211264.0,257753.0,1557.0,1965.0,1.1178920030763349,0.9433023699554175,1.0120873246903157,1.0120822440070598,-0.0828631646668162,-0.2260993477344626,0.013377155605384106,0.01337206844717076
2024-06-09,Restaurants & Café,2024-06-16,2024-06-23,1699040.3517858903,1784694.3045017188,51135.1750009855,46984.723521089574,1610982.0,1806086.0,44019.0,52937.0,0.9565903806035161,1.00481510177774,0.9679467522451991,0.8893821236849347,-0.15612995598674562,-0.11358782049700289,-0.09543295593515833,-0.1688532899152737
2024-06-09,Telecommunication,2024-06-16,2024-06-23,100171.58536120053,107446.78184567511,1340.5729489908304,1326.8633060846296,62064.0,116483.0,1014.0,1437.0,1.0187856064480423,1.0927773021543472,1.610297836625622,1.5938297970986541,-0.2039133325820509,-0.14609566998589274,-0.08430809495161862,-0.09367260513344977
2024-06-09,Transportation,2024-06-16,2024-06-23,649605.563570369,728934.2728401757,2493.311804105231,3006.9843973766283,309322.0,790057.0,1758.0,2722.0,0.9338182988155143,1.0478545763535478,0.9532830449647223,1.149678607293683,-0.15431028114728362,-0.05103611355763926,-0.17027893374201952,0.0006603651835701552
2024-06-16,Beverage and Food,2024-06-23,2024-06-30,1890487.7138307989,1853625.36967697,42693.665088640104,44598.61700512031,1887182.0,2057259.0,44245.0,47127.0,1.030680296394503,1.0105832116473736,0.9799092264830522,1.0236318714021508,0.3859077911402484,0.35888417729249555,0.10188574533216599,0.15105086989935246
2024-06-16,Clothing and Footwear,2024-06-23,2024-06-30,559342.6720471877,639020.7018984057,4006.280380595034,4831.10402755375,717162.0,783653.0,5306.0,6080.0,0.7288070809251452,0.8326252146949104,0.6730416431071036,0.8116092444441411,0.1571465821933169,0.3219814223116044,0.11223775141450143,0.3412282142014853
2024-06-16,Construction & Building Materials,2024-06-23,2024-06-30,304962.9426396573,322937.82498748915,1393.1892682028256,1484.7563489776844,328516.0,346716.0,1460.0,1583.0,0.8961222360515797,0.9489407576164635,0.9526080466344107,1.015218016394998,0.9555801252983891,1.0708443681265134,0.42598696847781525,0.5197096714203526
2024-06-16,Education,2024-06-23,2024-06-30,114326.83159524498,98373.55899207458,90.33921137766325,113.84919071923001,99064.0,113256.0,100.0,113.0,0.7938481251752929,0.6830738181318367,0.6618257243784853,0.8340600052690843,22.887762556465727,19.55444191225963,1.7375518599291895,2.4499754763403034
2024-06-16,Electronic & Electric Devices,2024-06-23,2024-06-30,223781.67703651456,235404.92513557148,1144.6428428117833,1187.4143847269575,220385.0,230511.0,1185.0,1282.0,1.0038046190299554,1.0559423556153358,1.034939279214994,1.0736115594276288,0.9109815891694881,1.010238210255685,0.3741210597980593,0.42546744865180974
2024-06-16,Furniture,2024-06-23,2024-06-30,270485.82677973603,276804.03348541964,1075.7146999771387,1140.3329441767582,276319.0,300065.0,1101.0,1241.0,0.9272962559257029,0.9489567232858507,0.9151124627623468,0.970083321290309,0.7939462038622338,0.8358505175551951,0.41541407891728777,0.5004380844431029
2024-06-16,Gas Stations,2024-06-23,2024-06-30,893075.9488934474,871037.9451028369,17541.821091189053,14718.810014419973,834527.0,871325.0,14976.0,15390.0,1.1376981074714134,1.1096236808382796,1.2356005558349688,1.0367549492442045,0.28430469931195224,0.2526125326302666,0.342965938691552,0.1268419854861409
2024-06-16,Health,2024-06-23,2024-06-30,722087.8232356446,780012.3836668682,6372.360286512494,7142.850848750762,801254.0,855868.0,7519.0,8038.0,0.9648337143459398,1.0422309048182614,0.8190694455671587,0.9181042222044682,0.6690693948756201,0.8029590796429924,0.1859967032407397,0.3293971428905198
2024-06-16,Hotels,2024-06-23,2024-06-30,237178.56490409595,271422.7591299081,707.7302666398342,748.6281337268852,220379.0,260245.0,675.0,794.0,0.8059868791151557,0.9223564643811593,1.0500449059938193,1.11072423401615,0.23921630199533928,0.4181361961707688,0.14519460621332403,0.21137238467133512
2024-06-16,Jewelry,2024-06-23,2024-06-30,222530.87762476603,235123.75720533406,162.62998546207842,205.79568139508262,240048.0,231573.0,206.0,226.0,1.0271232659592393,1.0852475125387844,0.75818175040596,0.9594204260843012,0.3349423062488588,0.41048583481006884,0.12937489904221122,0.4291366763547404
2024-06-16,Miscellaneous Goods and Services,2024-06-23,2024-06-30,1275311.563229565,1613344.912438119,24171.571285953713,24093.439041573933,1606265.0,1772780.0,23124.0,25334.0,0.9338771905362148,1.1814101413604101,1.1384768521279096,1.1347968368496777,0.28598783422933693,0.626851029686577,0.30199683737967753,0.2977882597131125
2024-06-16,Other,2024-06-23,2024-06-30,1686721.3451491375,1941319.1867927904,28829.07628307101,29727.42305242605,2075654.0,2272821.0,29774.0,32333.0,0.9001053383405695,1.0359694376789084,1.0822740979097516,1.115998988359495,0.2515917171671047,0.44051002944567696,0.20942552683101945,0.24711260026119275
2024-06-16,Public Utilities,2024-06-23,2024-06-30,75911.1572137109,88212.64745969899,1018.4751148708862,1088.3732808123634,72410.0,74955.0,959.0,1027.0,0.7124129061396547,0.8278602361193654,0.6881588613992474,0.7353873519002455,0.5863406100706519,0.8434089285875281,0.3670806911018607,0.4609037326340448
2024-06-16,Recreation and Culture,2024-06-23,2024-06-30,264953.5650457717,273466.60454501933,2219.179600670868,2263.617335576016,257753.0,275382.0,1965.0,2228.0,0.933428095986513,0.9634194276731348,0.9415271958722392,0.9603807108935155,0.2541349451197161,0.2944306864634738,0.4252919721713988,0.4538325854695029
2024-06-16,Restaurants & Café,2024-06-23,2024-06-30,1885246.0751019898,1796460.7003313235,45677.019014392936,47384.20956254978,1806086.0,1971786.0,52937.0,57728.0,1.0614275632815338,1.0114397949777234,0.8646283542859051,0.8969440654674992,0.1702465174049057,0.1151339371459914,0.03766598546975031,0.07644902343419391
2024-06-16,Telecommunication,2024-06-23,2024-06-30,107308.12661450199,112124.21053702167,1352.406452999511,1253.5594835992972,116483.0,125453.0,1437.0,1535.0,1.1029151201449405,1.152414929205218,1.5882635971808703,1.4721779020543713,0.7289914703290472,0.806590141418885,0.33373417455573073,0.23625195621232464
2024-06-16,Transportation,2024-06-23,2024-06-30,685360.3078176571,768288.9521340869,2767.9551927878188,2839.169197425236,790057.0,778280.0,2722.0,2972.0,0.992621253836466,1.1127284937238298,1.0582891197812345,1.0855168026860011,1.215685621513042,1.4837837338892381,0.5744910084117285,0.6149995434728304
2024-06-23,Beverage and Food,2024-06-30,2024-07-07,2068616.544817159,1833494.1744477395,45663.29512543829,45169.76573437641,2057259.0,1796452.0,47127.0,46261.0,1.127794853116695,0.9996078288856447,1.0460397247743776,1.0347341160359744,0.09614045959380646,-0.028448674029457943,0.03205548933073321,0.020901022361315524
2024-06-23,Clothing and Footwear,2024-06-30,2024-07-07,730031.2997464077,624553.0127242499,5120.785970832094,4741.6661535377725,783653.0,677641.0,6080.0,5409.0,0.9682453027147607,0.8283487585760638,0.8892569194811312,0.8234203618195316,0.017944759686664424,-0.1291325910683362,-0.034906526416868866,-0.1063576793181733
2024-06-23,Construction & Building Materials,2024-06-30,2024-07-07,326638.53606305027,305473.8659457306,1634.251359125578,1560.9748416722887,346716.0,329784.0,1583.0,1527.0,0.9598151591267191,0.8976235651361113,1.1174368267525319,1.0673332250750691,-0.00571498477075616,-0.07014006640245651,0.1193502459764233,0.06916085046047171
2024-06-23,Education,2024-06-30,2024-07-07,117169.54736233896,94772.84010106957,112.54115818877781,99.74949055543095,113256.0,85225.0,113.0,102.0,0.8135870136813893,0.658071603856999,0.8244773493683356,0.7307654985745857,0.1827661649271073,-0.043317046544965154,0.12541158188777812,-0.00250509444569047
2024-06-23,Electronic & Electric Devices,2024-06-30,2024-07-07,238555.64672208315,211960.17409880413,1226.819527884738,1220.935246695377,230511.0,210624.0,1282.0,1189.0,1.0700753665199854,0.9507775820987161,1.101274262015025,1.095992142455455,0.08244956200323594,-0.038227764599205405,0.035290740831002365,0.030325102696520556
2024-06-23,Furniture,2024-06-30,2024-07-07,284447.3319004023,249380.50001845768,1210.7065831890754,1264.3901346268105,300065.0,261071.0,1241.0,1126.0,0.9751599520742779,0.8549416681869557,1.0423646863444471,1.0885838438457258,0.029416478419516334,-0.0974905814712066,0.09964267319625386,0.14840157550119026
2024-06-23,Gas Stations,2024-06-30,2024-07-07,947605.4153290937,825746.703209179,16434.492113670098,14995.937670578032,871325.0,841492.0,15390.0,15206.0,1.2008039299988198,1.046384782481211,1.148743026852836,1.048190519734249,0.13550000818319075,-0.010521285459692775,0.09738862938502257,0.0013313081315460273
2024-06-23,Health,2024-06-30,2024-07-07,899999.9137110517,755988.4739667543,8207.348022774524,7796.711540713352,855868.0,775298.0,8038.0,7571.0,1.1882912551143423,0.9981495319013378,1.0549290517705043,1.002148012945161,0.12323921466981957,-0.056493354208834834,0.09154781523800026,0.03693463767965843
2024-06-23,Hotels,2024-06-30,2024-07-07,240126.44170810858,228585.08468245104,731.0267284004783,672.4201916613019,260245.0,269636.0,794.0,803.0,0.8160044370940683,0.7767842726005996,1.0830025605933011,0.9961780617204473,0.08960673071439929,0.0372362370391508,0.08300256059330113,-0.0038219382795526835
2024-06-23,Jewelry,2024-06-30,2024-07-07,248923.69580606214,218795.2204276875,226.2790405292864,201.8181881722561,231573.0,191719.0,226.0,193.0,1.1489431136028199,1.0098808029728785,1.0698772601857514,0.9542231119255608,0.03697467092440743,-0.08853554110974671,0.09844194431692421,-0.02030005741623253
2024-06-23,Miscellaneous Goods and Services,2024-06-30,2024-07-07,1740527.5256290666,1712163.4126346977,26214.93472954963,25352.058701757844,1772780.0,1570301.0,25334.0,24123.0,1.2641153261874847,1.2435149568041068,1.2188174316921045,1.1786995235259476,0.08358678401700015,0.06592835717312995,0.13366782258906884,0.09635265100146362
2024-06-23,Other,2024-06-30,2024-07-07,2241081.539893841,1911077.2013755357,31985.77293389176,31734.632426218213,2272821.0,1999211.0,32333.0,30900.0,1.195935216872821,1.0198310443430003,1.2007798379687193,1.191351756967366,0.07969899602430885,-0.07928912941389288,0.07428538099992466,0.06585048788265646
2024-06-23,Public Utilities,2024-06-30,2024-07-07,79130.75954505846,71258.40774280633,1058.798756346707,1079.8564613233586,74955.0,69683.0,1027.0,1003.0,0.7426283097466891,0.6687476678035412,0.7154045650991264,0.7296327441374045,0.09281535071203506,-0.015903773749394667,0.10406543936048696,0.12602342160934166
2024-06-23,Recreation and Culture,2024-06-30,2024-07-07,278394.86608163366,246393.21228163544,2309.485812299359,2256.16881271554,275382.0,237876.0,2228.0,2047.0,0.9884935176198798,0.8748656056556628,0.9798412440811876,0.9572205399726517,0.08008390234695106,-0.04407237827829191,0.17531084595387236,0.1481775128323357
2024-06-23,Restaurants & Café,2024-06-30,2024-07-07,2051953.6831177026,1723155.9893640652,53098.444822601996,50919.67134060095,1971786.0,1842814.0,57728.0,55898.0,1.1552869551633274,0.9701679197744691,1.0040170332905116,0.962819486075728,0.1361328769049217,-0.045916977727491814,0.00304975390751272,-0.03810810320567937
2024-06-23,Telecommunication,2024-06-30,2024-07-07,132501.3642697792,92795.56899316871,1474.7427850840943,1291.227942589677,125453.0,102935.0,1535.0,1409.0,1.3475925559731217,0.9437685316799852,1.7218246177280727,1.507563272142063,0.13751675583372003,-0.20335526219990296,0.026264986140636326,-0.10144193278380165
2024-06-23,Transportation,2024-06-30,2024-07-07,910799.196134529,746191.1978658461,3209.32188631568,2904.2842972711633,778280.0,733168.0,2972.0,2757.0,1.3092882875298073,1.0726616797313082,1.2131248861522133,1.097820562189062,0.15282719618271723,-0.05552232577415794,0.1790308178970168,0.06696704528698127
2024-06-30,Beverage and Food,2024-07-07,2024-07-14,2103616.066179076,1491925.9397523743,46217.76827465973,44206.78167679629,1796452.0,1642995.0,46261.0,44007.0,1.1450007926000487,0.8120571101264925,1.0574817419926492,1.0114695330518193,0.022533412749233817,-0.2747991673618274,-0.019293223106505275,-0.06196486776590304
2024-06-30,Clothing and Footwear,2024-07-07,2024-07-14,749801.6219527491,558317.1101605743,5541.045704934329,4325.211020742418,677641.0,601187.0,5409.0,4715.0,0.9769695013045981,0.7274708038945458,0.9308770608877495,0.726620919066345,-0.04319689715633179,-0.2875454950589428,-0.08864379853053805,-0.2886166084305233
2024-06-30,Construction & Building Materials,2024-07-07,2024-07-14,338749.0136737358,236180.17327690942,1610.4148840124997,1150.1341223377894,329784.0,312644.0,1527.0,1422.0,0.9930756078629414,0.6923850983313626,1.099634608407306,0.785342521227579,-0.022978421319651332,-0.31880797748904166,0.017318309546746402,-0.27344654305888216
2024-06-30,Education,2024-07-07,2024-07-14,111258.38253140227,99440.16332768081,112.80990726282307,107.96095753141995,85225.0,94126.0,102.0,93.0,0.7725418184882393,0.6904799697789191,0.8264462070536489,0.7909227657979484,-0.017638071877849604,-0.12198767987849812,-0.0016822366121851395,-0.044593296182124376
2024-06-30,Electronic & Electric Devices,2024-07-07,2024-07-14,238501.31893500555,159999.76053936183,1181.8061820493733,916.4961398368536,210624.0,186905.0,1189.0,1076.0,1.0698316714850193,0.7177017385873448,1.0518969132615694,0.8157509032815786,0.034663503845827615,-0.3058909963543526,-0.07815430417365576,-0.2851044151038584
2024-06-30,Furniture,2024-07-07,2024-07-14,301160.45226349984,208118.43518827678,1239.2718313269186,932.0352399727652,261071.0,241084.0,1126.0,1010.0,1.0235493217534488,0.7073288726335446,1.0542508135490587,0.7928840833456106,0.003650716556412359,-0.3064221579048647,-0.0013925613804040005,-0.24896435135151873
2024-06-30,Gas Stations,2024-07-07,2024-07-14,936824.4263459112,725918.93778456,16303.531403781248,14180.496595174684,841492.0,776563.0,15206.0,14315.0,1.1850856487262826,0.9182895867293096,1.1357784251476017,0.9878781284736273,0.0751722105367243,-0.1668792496662439,0.05935876567779386,-0.07859021473848715
2024-06-30,Health,2024-07-07,2024-07-14,874520.0055272644,611745.5237509954,8239.965285323125,6848.014343343019,775298.0,696385.0,7571.0,6882.0,1.1430886942386307,0.7996150888843806,1.054918100796713,0.8767141650675995,0.021793086699426034,-0.285233793352485,0.025126310689614906,-0.1480449933636453
2024-06-30,Hotels,2024-07-07,2024-07-14,255234.76364517375,197141.1195126086,775.5763725886741,632.4135813416943,269636.0,270268.0,803.0,770.0,0.867345962208895,0.6699305045777824,1.1473023263146067,0.935523049322033,-0.01925199851995718,-0.24247874305900752,-0.02320356097144327,-0.2035093433983699
2024-06-30,Jewelry,2024-07-07,2024-07-14,256840.4290655591,153960.97202862287,219.80400511104818,174.92880546406315,191719.0,176812.0,193.0,160.0,1.1854839344004353,0.710629006222455,1.0392624355132303,0.8270865506575089,0.10911215498162163,-0.3351514553569592,-0.027415906588282413,-0.2259787368846764
2024-06-30,Miscellaneous Goods and Services,2024-07-07,2024-07-14,1715623.3478009545,1300853.5874068823,27138.90003044357,22402.798921758207,1570301.0,1414636.0,24123.0,22102.0,1.221040345383283,0.9258411618706106,1.255413439594938,1.0363269999656854,-0.03224125509033582,-0.2662069814602589,0.07124417898648328,-0.1157022609237307
2024-06-30,Other,2024-07-07,2024-07-14,2200347.107902442,1391432.1047936836,34662.08391015837,28512.949445637234,1999211.0,1798079.0,30900.0,28878.0,1.1706838417391714,0.7403045983558124,1.299251603731783,1.068761341366165,-0.031887197494900765,-0.38779512121998005,0.07203426561588366,-0.11814711144535817
2024-06-30,Public Utilities,2024-07-07,2024-07-14,74218.30243085038,63465.22991610265,1076.28109035984,869.5087750604937,69683.0,64222.0,1003.0,957.0,0.6965257606949499,0.5956100597447577,0.7272169529458378,0.5875059290949282,-0.009828531374152738,-0.15328890779664262,0.04798548233674782,-0.15335075456621838
2024-06-30,Recreation and Culture,2024-07-07,2024-07-14,293690.5902114759,178182.64663552953,2211.493179053256,1850.1236441700337,237876.0,215602.0,2047.0,1814.0,1.0428038731320302,0.6326711179362315,0.9382660920887806,0.78494851258805,0.06648433888734884,-0.3529618978890068,-0.007408806529059286,-0.16960339130608904
2024-06-30,Restaurants & Café,2024-07-07,2024-07-14,1986165.5863458794,1619411.4956346678,53045.50910488332,49294.13749362719,1842814.0,1673682.0,55898.0,51824.0,1.1123899527782672,0.9069823228947663,0.9997268960588639,0.9290263379876967,0.007292670881058783,-0.178708290030121,-0.0811129936099757,-0.14609656503556
2024-06-30,Telecommunication,2024-07-07,2024-07-14,114149.7305725539,78021.21188394692,1483.538821871024,1059.4204772020182,102935.0,89584.0,1409.0,1294.0,1.1472853603685986,0.7841682476488576,1.7140829830976592,1.2240560106320257,-0.09009963434470358,-0.3780841280483773,-0.033525197478160185,-0.3098237933537341
2024-06-30,Transportation,2024-07-07,2024-07-14,774180.5352191583,582151.8196191455,3098.2121160175825,2297.4646484106456,733168.0,679802.0,2757.0,2468.0,1.107611458128256,0.8328781162107712,1.163866309548303,0.8630595974495288,-0.005267339236318169,-0.25200208200243424,0.04246706460887695,-0.2269634426612902
2024-07-07,Beverage and Food,2024-07-14,2024-07-21,1581537.425305163,1775693.6508546981,44025.31805653327,43310.571388985605,1642995.0,1650262.0,44007.0,43272.0,0.8608327510971279,0.9665122216605205,1.0042385989012939,0.9879348849550201,-0.1196327954739882,-0.011555192760675959,-0.04832757492200179,-0.06377788225534242
2024-07-07,Clothing and Footwear,2024-07-14,2024-07-21,588189.9459721487,705924.7412828058,4605.107880825535,4637.040077645666,601187.0,647721.0,4715.0,4892.0,0.7663942319732692,0.9197992138954076,0.7736426511256674,0.7790071529014139,-0.1320036037191541,0.04173853306220532,-0.14862120894332864,-0.1427176783794294
2024-07-07,Construction & Building Materials,2024-07-14,2024-07-21,291694.07522089494,332417.4605698009,1272.7755793561546,1352.5748187351335,312644.0,321769.0,1422.0,1448.0,0.8551294892891022,0.9745140454860761,0.8681961660001054,0.9226294807197364,-0.11549961422963229,0.007985410358904321,-0.16648619557553723,-0.11422736166657921
2024-07-07,Education,2024-07-14,2024-07-21,102591.04086877606,177210.5994014156,101.35780177892583,116.40847527166424,94126.0,116189.0,93.0,98.0,0.7123586328517392,1.230492441127483,0.7425479983804091,0.8528093426495549,0.2037669799797719,1.0793264816827879,-0.006296060990923169,0.14125956148690433
2024-07-07,Electronic & Electric Devices,2024-07-14,2024-07-21,207220.7298398363,228884.49718603824,974.5783255924581,1094.9444786034517,186905.0,190947.0,1076.0,1093.0,0.9295181291274587,1.0266940463682588,0.8647545036312849,0.9715567689471621,-0.016158035932105075,0.08669713416342972,-0.18033782540583843,-0.07910472783561673
2024-07-07,Furniture,2024-07-14,2024-07-21,239732.87784909934,248067.98448109627,866.1170808357281,975.3124058855764,241084.0,259377.0,1010.0,1043.0,0.8147763847484016,0.8431047813748571,0.7368073848028311,0.829700047541962,-0.08173302339555388,-0.049806433954379226,-0.2308018820286607,-0.13382557203767642
2024-07-07,Gas Stations,2024-07-14,2024-07-21,782319.5559389077,805880.5332894842,14761.63955795664,15879.32151139502,776563.0,782418.0,14315.0,14544.0,0.9881664948046549,1.0179269273874105,1.0261471313445232,1.1038421682524082,-0.07031848676053054,-0.04231943584789377,-0.029222704330090776,0.044279988911943846
2024-07-07,Health,2024-07-14,2024-07-21,690761.8946497289,763411.1953339403,6355.920428074003,7403.456345498609,696385.0,706348.0,6882.0,6851.0,0.8956771528780518,0.9898779466673673,0.8137140478906674,0.9478243945075674,-0.10903691915917635,-0.015331917102920034,-0.16049129202562362,-0.02212965982055093
2024-07-07,Hotels,2024-07-14,2024-07-21,257692.54761078744,268640.38983171736,785.3841798468509,734.4590358269351,270268.0,293646.0,770.0,809.0,0.8756980729014665,0.9129013386698566,1.1618109169332114,1.0864778636493122,-0.0442947247000125,-0.0036924230009444114,-0.021937509530696286,-0.08535611976720414
2024-07-07,Jewelry,2024-07-14,2024-07-21,184819.45326510695,196990.0302010168,181.01671866310681,199.37702268721847,176812.0,209978.0,160.0,172.0,0.8530607638664646,0.9092358118618206,0.8640416165303428,0.9516802992229999,-0.035987808902054885,0.02749352020935225,-0.062089540605664184,0.03304156832755689
2024-07-07,Miscellaneous Goods and Services,2024-07-14,2024-07-21,1420059.3419493139,1537391.4165063412,23665.82342576276,24210.435470783563,1414636.0,1425362.0,22102.0,22032.0,0.9972694512608884,1.0796686089243748,1.093008656279455,1.1181616234428027,-0.09567698043285089,-0.02095750018223186,-0.018951895462307355,0.0036245687013871652
2024-07-07,Other,2024-07-14,2024-07-21,1606403.0402466925,1821280.3672019662,29309.364539758968,29534.910032555756,1798079.0,1851267.0,28878.0,29095.0,0.8495284291880432,0.9631639200723273,1.0897497551545414,1.0981357488262258,-0.19648149182517882,-0.089000427067495,-0.05147687573595572,-0.04417766884932828
2024-07-07,Public Utilities,2024-07-14,2024-07-21,71192.16174265993,76755.74041558756,856.2326341798689,931.0609100049882,64222.0,65462.0,957.0,957.0,0.6681259607025473,0.720339171466262,0.5785355636350465,0.6290952094628298,0.021657531143319364,0.10149879332961498,-0.14632838067809684,-0.071723918240291
2024-07-07,Recreation and Culture,2024-07-14,2024-07-21,239194.2979001386,233058.65867367625,1872.4999822598743,2014.1695359045084,215602.0,222808.0,1814.0,1817.0,0.8493045013861484,0.8275187562422928,0.7944420798726662,0.8545479575326722,0.005541954212020528,-0.02025148113438824,-0.08524671115785332,-0.016038331263063754
2024-07-07,Restaurants & Café,2024-07-14,2024-07-21,1730561.5664820133,1732465.18094236,50482.73946636245,49735.807790235245,1673682.0,1696664.0,51824.0,52094.0,0.9634219253679444,0.9644816876694231,0.9444322950323172,0.9304586794049959,-0.06091359926611517,-0.05988060599585199,-0.09687753647067066,-0.1102399407807928
2024-07-07,Telecommunication,2024-07-14,2024-07-21,87742.44694363506,97514.97732099814,1119.7809600966525,1176.04126891828,89584.0,96881.0,1294.0,1387.0,0.8771963983727737,0.9748963001719366,1.2761036582298033,1.340217970277242,-0.147593656738378,-0.05265480817022261,-0.20526546480010466,-0.16533621794302344
2024-07-07,Transportation,2024-07-14,2024-07-21,603132.0984638187,746780.3471268481,2319.7679147268154,2531.6518564964167,679802.0,706377.0,2468.0,2495.0,0.862894367183172,1.0684103145896613,0.8668788919009026,0.9460582423379733,-0.17736167090787014,0.01856647743334139,-0.1585898024204514,-0.0817367223444263
2024-07-14,Beverage and Food,2024-07-21,2024-07-28,1761530.5073419577,2133059.6132202535,44714.68684898798,47452.90358898988,1650262.0,2229903.0,43272.0,49022.0,0.9588032053582959,1.1610269511948248,1.0169825065726887,1.0792599979300828,0.07214599395735077,0.2982751701741353,0.016081233644374304,0.07830353327856665
2024-07-14,Clothing and Footwear,2024-07-21,2024-07-28,646607.6180420725,821184.1435573341,4656.208835206992,5828.605357169034,647721.0,977726.0,4892.0,7345.0,0.8425107436992542,1.069978831362157,0.7822274397659794,0.979186116282072,0.07555156389288609,0.3659379586673266,-0.012468963900956087,0.2361835328036126
2024-07-14,Construction & Building Materials,2024-07-21,2024-07-28,317759.4184673102,368244.2579756935,1496.0203797059826,1641.4388545009795,321769.0,360501.0,1448.0,1701.0,0.9315425725564704,1.0795437789332314,1.02047774877625,1.1196717970675167,0.016361799578147096,0.17783887736752835,0.052053712873405544,0.15431705661109674
2024-07-14,Education,2024-07-21,2024-07-28,189919.71498335648,272884.41452555783,105.5578020077579,139.9629865490731,116189.0,233320.0,98.0,123.0,1.3187403828974313,1.8948201208585007,0.7733172308260652,1.0253698648283742,1.0177178992346056,1.8991396056940468,0.13503012911567636,0.5049783499900333
2024-07-14,Electronic & Electric Devices,2024-07-21,2024-07-28,204170.67146006288,245844.7787155856,1198.7332923807485,1345.7489485232022,190947.0,226737.0,1093.0,1317.0,0.9158366573891447,1.1027718073577348,1.0636497714114894,1.1940984458945894,0.09237672325546598,0.31534618504366163,0.11406439812337221,0.2506960488133849
2024-07-14,Furniture,2024-07-21,2024-07-28,273535.10617632605,304858.8427622086,1084.5120495890985,1240.9515110720718,259377.0,325092.0,1043.0,1363.0,0.9296594898110028,1.0361189837329063,0.9225963841676721,1.0556797201804098,0.13460497659042514,0.26453370095986717,0.07377430652385986,0.22866486244759576
2024-07-14,Gas Stations,2024-07-21,2024-07-28,832144.094038057,951425.6208517044,15455.519072825522,17374.391685497343,782418.0,956596.0,14544.0,16463.0,1.0511010575353636,1.2017683997379074,1.0743817783758314,1.2077711365956931,0.07157319372421433,0.22517506094380546,0.07967300543664146,0.2137192934332759
2024-07-14,Health,2024-07-21,2024-07-28,826497.5124846835,918671.0140632344,7802.694754029263,8307.054343813212,706348.0,897305.0,6851.0,8206.0,1.071678887583183,1.1911957574396774,0.9989367243668241,1.0635071493807722,0.18683991252638066,0.3191998880837963,0.1337830215096285,0.2070697971248492
2024-07-14,Hotels,2024-07-21,2024-07-28,260740.92498265923,297319.0331754398,734.121730204505,790.4657577591449,293646.0,351598.0,809.0,989.0,0.8860571547405597,1.0103579121810842,1.0859788908350665,1.1693280440224036,-0.035250473668139715,0.10008966350230075,-0.04659515557856497,0.026578906180707795
2024-07-14,Jewelry,2024-07-21,2024-07-28,189532.91209584172,242991.75796659934,173.46734549720765,237.1353956798527,209978.0,258589.0,172.0,243.0,0.8748164109023432,1.1215634014830034,0.8280064224210388,1.1319111965625428,0.07194597705948524,0.3742944933975032,0.08417090935754779,0.4820962229990795
2024-07-14,Miscellaneous Goods and Services,2024-07-21,2024-07-28,1553082.2501104204,1863584.565170707,24681.928386569612,26148.700314232057,1425362.0,1847327.0,22032.0,25170.0,1.0906878590049285,1.3087452768944832,1.1380716258936998,1.2057037608867807,0.09786704856261275,0.3173597767699301,0.11672827737623792,0.18309204208813945
2024-07-14,Other,2024-07-21,2024-07-28,1935843.6811860008,2160829.231822668,30145.87714466375,31683.695410707354,1851267.0,2566117.0,29095.0,35486.0,1.0237494579062743,1.1427305707613788,1.112291380672032,1.1690322077560134,0.07661770210652641,0.2017432114065445,0.043904603665896325,0.09715684641274858
2024-07-14,Public Utilities,2024-07-21,2024-07-28,76433.03026556177,89567.49395559661,964.8725889044551,1137.351166097971,65462.0,80232.0,957.0,1104.0,0.717310593266968,0.8405752330307974,0.6519409384489562,0.7684805176337641,0.19013780738005304,0.394654385655953,0.008226320694310507,0.1884547190156436
2024-07-14,Recreation and Culture,2024-07-21,2024-07-28,219175.5385838373,271802.9945480557,1979.9604839348885,2301.012264829699,222808.0,316506.0,1817.0,2401.0,0.7782241179959107,0.9650878335581121,0.8400341467691509,0.9762461878785316,0.016574700530780362,0.26067009836669275,0.09148869015153727,0.2684742364000545
2024-07-14,Restaurants & Café,2024-07-21,2024-07-28,1679169.2638017624,2023776.9775150935,52892.40842830032,54289.85851935706,1696664.0,2110223.0,52094.0,60608.0,0.9348112869738702,1.1266580455478845,0.9895124394945152,1.0156559691571485,0.003278558173991364,0.20917652069813353,0.020616093476001796,0.047581400882931835
2024-07-14,Telecommunication,2024-07-21,2024-07-28,104053.98449177733,122798.2936619176,1327.724782052454,1479.8836081158906,96881.0,139343.0,1387.0,1749.0,1.0402693748803045,1.227663744045724,1.4893155154822815,1.6599928301916889,0.16152420623970043,0.3707614491641098,0.026062428170366303,0.14365039267070379
2024-07-14,Transportation,2024-07-21,2024-07-28,772501.2275491488,817058.8776744695,2627.1244550262954,2889.2839117780873,706377.0,834027.0,2495.0,3189.0,1.1052088913723008,1.1689570245026488,0.9817355960486903,1.0797025081382987,0.13636209888930728,0.2019071401297281,0.06447506281454429,0.17069850558269328
2024-07-21,Beverage and Food,2024-07-28,2024-08-04,2085958.8435757386,1944075.352548983,47092.28012806697,46211.874236180396,2229903.0,1782952.0,49022.0,46089.0,1.137249749593348,1.0598958913719603,1.0710580451252494,1.051034257555049,0.26401677041326677,0.17804042785265795,0.08828526825815697,0.06793941200268994
2024-07-21,Clothing and Footwear,2024-07-28,2024-08-04,767217.4149527377,747918.7637482955,5792.419565224152,5215.016735515586,977726.0,871005.0,7345.0,6614.0,0.9996617683041156,0.9745161923396994,0.9731070248171613,0.8761052894608293,0.1844874798759617,0.15469278246080553,0.1840596004137678,0.06602958616426546
2024-07-21,Construction & Building Materials,2024-07-28,2024-08-04,364899.40095134976,353186.91111735045,1704.0777827684517,1610.8028839009094,360501.0,334203.0,1701.0,1602.0,1.0697380059609622,1.0354017053608662,1.1623995789689303,1.0987741363580554,0.1340415047793595,0.09764119948581262,0.1768492974920246,0.11243293087079387
2024-07-21,Education,2024-07-28,2024-08-04,153937.2026127638,255786.7166924598,112.15806573178234,118.76843900869318,233320.0,444756.0,123.0,146.0,1.0688895859679743,1.7760992993310452,0.8216708112218487,0.8700984542761405,0.3248861993197618,1.2014710230095775,0.14447005848757488,0.21192284702748143
2024-07-21,Electronic & Electric Devices,2024-07-28,2024-08-04,231034.62919618317,233589.4897564279,1300.2604192616664,1222.4188723757388,226737.0,203411.0,1317.0,1163.0,1.038061628237259,1.0495408715105032,1.1573301462053105,1.0880452802632299,0.20994113128869873,0.22332107734831075,0.18962526922384848,0.1184070195569431
2024-07-21,Furniture,2024-07-28,2024-08-04,298533.6413479666,279292.86907062086,1305.6363244147915,1126.9970189753521,325092.0,283564.0,1363.0,1219.0,1.0146216205537701,0.9492283085618666,1.1107072092001629,0.9587384253299466,0.15096420017182188,0.076783481459886,0.25180855648589784,0.08053405462641616
2024-07-21,Gas Stations,2024-07-28,2024-08-04,884636.359337147,889797.5781786792,16076.744069596034,16659.57035998515,956596.0,873049.0,16463.0,15573.0,1.1174052901359461,1.1239245487852276,1.1159368388988327,1.156392625549936,0.1306441816741779,0.13724067976283671,0.10538669345407281,0.1454600082498041
2024-07-21,Health,2024-07-28,2024-08-04,847905.034687371,797198.9094082407,8247.23034482539,7808.503374980661,897305.0,766369.0,8206.0,7456.0,1.1083001564438546,1.0420219716466121,1.0558482069933925,0.9996803706286853,0.20040693070182258,0.12862060826708754,0.20379949566857247,0.13976111151374404
2024-07-21,Hotels,2024-07-28,2024-08-04,303638.18349092995,306322.7896521436,852.3809077692994,792.8093281443535,351598.0,317705.0,989.0,889.0,1.0381129762878794,1.0472914151131185,1.2609185026173069,1.1727948641188661,0.03402799115577926,0.04317031273078342,0.05362287734153193,-0.020013191416126785
2024-07-21,Jewelry,2024-07-28,2024-08-04,230712.16225576738,216815.2608315891,233.00170647061518,201.31983589449214,258589.0,244875.0,243.0,212.0,1.064885161654927,1.0007420147358541,1.1175141797151806,0.9655627620838951,0.098744450636578,0.03256179614811594,0.3546610841314837,0.17046416217728
2024-07-21,Miscellaneous Goods and Services,2024-07-28,2024-08-04,1831276.765194215,1634425.8777474652,26932.211588515467,25868.510876640572,1847327.0,1516009.0,25170.0,20780.0,1.285301777564251,1.1471398129943708,1.238518847049526,1.1896029466620943,0.28478012265951747,0.14667423275453184,0.2224133800161341,0.17413357283226993
2024-07-21,Other,2024-07-28,2024-08-04,2141128.4544219836,2027381.2079341393,32288.33055087084,32747.967854278028,2566117.0,2284162.0,35486.0,33414.0,1.1391768488151268,1.078658186542526,1.1895638120646517,1.2064977288537755,0.15657463478903022,0.09513171678322974,0.10975530334665207,0.12555311408413905
2024-07-21,Public Utilities,2024-07-28,2024-08-04,87858.0301377751,82941.6379867981,1042.3452114120544,1029.00412062614,80232.0,72213.0,1104.0,1030.0,0.8298710217557946,0.7834327921336939,0.7127146744697808,0.7035925611118906,0.34212260758570023,0.2670196142311281,0.08917994922889694,0.0752394154923095
2024-07-21,Recreation and Culture,2024-07-28,2024-08-04,287230.95293977275,278002.4522092372,2559.87396978827,2242.1507737211073,316506.0,284672.0,2401.0,2208.0,1.019867711775585,0.987100178099839,1.0860729613017692,0.9512731326776017,0.28914111225706773,0.247722039645063,0.4088464335653661,0.23398501580688347
2024-07-21,Restaurants & Café,2024-07-28,2024-08-04,2051207.8109831896,1932278.3678487511,54491.379955146374,52181.6362338886,2110223.0,1957000.0,60608.0,59216.0,1.1419290806304467,1.075719801916115,1.0194260369885015,0.976215296314306,0.2089652464973557,0.13886919734770764,0.0460202701874759,0.0016822711615271935
2024-07-21,Telecommunication,2024-07-28,2024-08-04,129719.58443773855,112422.958751369,1669.7636070632038,1388.6015695285987,139343.0,106819.0,1749.0,1501.0,1.3037733810849592,1.129930084791463,1.844023862024521,1.5335191270332398,0.3389579426073075,0.160423186707084,0.20386705628205037,0.0011547004532075356
2024-07-21,Transportation,2024-07-28,2024-08-04,810766.6698163911,762503.0458859247,3117.39040940883,2788.1697347449717,834027.0,751019.0,3189.0,2871.0,1.1599548328903793,1.0909046043657824,1.1706310211824371,1.0470032800394187,0.14778180747163505,0.07945621939265402,0.24945507391135457,0.11750289969738348
2024-07-28,Beverage and Food,2024-08-04,2024-08-11,1863924.4340222774,1835835.4926736243,47862.237612728626,45549.755380290306,1782952.0,1737181.0,46089.0,46242.0,1.0161981874096322,1.0008842987327398,1.0846720213191459,1.032265679651233,-0.16412308785526664,-0.1767195735986613,-0.023657998190024343,-0.07083033372179215
2024-07-28,Clothing and Footwear,2024-08-04,2024-08-11,792725.6592444683,691921.3352066982,5921.789391510241,5497.561013073073,871005.0,931595.0,6614.0,7338.0,1.0328982617648064,0.9015531868794742,0.9948407209593013,0.9235717787607011,-0.18921491374427157,-0.29231570480206304,-0.19376590993733955,-0.2515233474372943
2024-07-28,Construction & Building Materials,2024-08-04,2024-08-11,306875.1397317419,290527.5099919429,1620.7168626262805,1382.0651381937182,334203.0,332513.0,1602.0,1606.0,0.8996342531661011,0.8517095901097969,1.1010304773276363,0.9389029471424716,-0.14875370739126403,-0.19410068212864073,-0.04719761162476155,-0.1874984490336754
2024-07-28,Education,2024-08-04,2024-08-11,225011.81126241083,274528.79210104136,108.2299343972814,125.45358987120859,444756.0,1011702.0,146.0,232.0,1.5624084217198841,1.9062381409082418,0.7928932922877758,0.9190739184703927,-0.035608557935835616,0.17661920153026478,-0.12008183416844398,0.019947885131777143
2024-07-28,Electronic & Electric Devices,2024-08-04,2024-08-11,204228.92385499462,203652.99174963287,1246.0819767546172,1092.7345769178644,203411.0,196900.0,1163.0,1134.0,0.9176209210180224,0.915033200635472,1.1091072334264507,0.972616445854797,-0.09926953318163945,-0.10180962194245813,-0.05384815736171811,-0.17028505928787818
2024-07-28,Furniture,2024-08-04,2024-08-11,272382.04146808916,265334.10569139296,1248.7882061834246,1095.0532819646435,283564.0,277052.0,1219.0,1247.0,0.9257311480064002,0.9017776830772495,1.051611120996568,0.9221501321807524,-0.16213859009729814,-0.18381840927678017,-0.08379441952793498,-0.19658600002594018
2024-07-28,Gas Stations,2024-08-04,2024-08-11,930159.2075967055,824232.959407445,15429.979964268097,16353.923273067474,873049.0,879343.0,15573.0,15997.0,1.1735662328117185,1.0399208664829382,1.0693357333426727,1.1333672873673706,-0.027636319201935322,-0.1383687999871993,-0.06274798248994129,-0.006625568057615605
2024-07-28,Health,2024-08-04,2024-08-11,837760.5228657856,731737.3888461203,7876.501758610959,7177.4208496978235,766369.0,744390.0,7456.0,7403.0,1.0950402233393708,0.9564569490178686,1.0047199130825892,0.9155457426746378,-0.06635923920429998,-0.18451653691206404,-0.040153331877777365,-0.12534476606168365
2024-07-28,Hotels,2024-08-04,2024-08-11,299753.6505981732,259736.54885547914,846.943957020992,720.7245809607316,317705.0,267059.0,889.0,764.0,1.0248320906086632,0.888017042794481,1.2528756760665563,1.0661606227229758,-0.1474534821069141,-0.26126841206298346,-0.143636039412546,-0.27125927102049385
2024-07-28,Jewelry,2024-08-04,2024-08-11,231239.5922641079,197408.93354558578,207.67053921379073,188.03297947466635,244875.0,209936.0,212.0,183.0,1.0657331987450647,0.9098150197743806,0.9960217708095479,0.9018368320127882,-0.10576400286126675,-0.23659191401959956,-0.14538872751526444,-0.2262017305569286
2024-07-28,Miscellaneous Goods and Services,2024-08-04,2024-08-11,1703296.5572317601,1555476.3103414364,25715.5019341996,24812.98435658262,1516009.0,1472747.0,20780.0,20792.0,1.1954774583168322,1.0917281891188637,1.1770993950609756,1.1357876253213384,-0.07796694508781599,-0.15798539709459325,0.02167270298766799,-0.014184173357861707
2024-07-28,Other,2024-08-04,2024-08-11,2051048.9287416493,1949775.473685147,33226.41553721422,31238.859486486974,2284162.0,2357851.0,33414.0,34577.0,1.0912504808312935,1.0373684378545533,1.224124655978124,1.1508992921374561,-0.20071885703510428,-0.24018449911475315,-0.06367537797401168,-0.11968496064681922
2024-07-28,Public Utilities,2024-08-04,2024-08-11,71275.06171295044,76089.9688659818,991.361708208936,987.1067127643037,72213.0,75706.0,1030.0,1072.0,0.6771720002370498,0.7229175980578582,0.6858261558000249,0.6828825408262218,-0.11163797845061274,-0.051625674718543624,-0.10202743821654348,-0.10588160075697128
2024-07-28,Recreation and Culture,2024-08-04,2024-08-11,284006.015731076,261574.86791215348,2449.308218110162,2062.23112551573,284672.0,318197.0,2208.0,2499.0,1.0084169635258198,0.928770939431121,1.0293373473881748,0.8666657388172851,-0.10268362770034056,-0.17355478912831512,0.02012004086220842,-0.14109490815671377
2024-07-28,Restaurants & Café,2024-08-04,2024-08-11,1926958.851400392,1783349.6426401276,51189.955299396686,51247.42982170277,1957000.0,1871199.0,59216.0,58870.0,1.0727583708535247,0.9928096056179487,0.9502144954595465,0.951281367346725,-0.08684586823269769,-0.15489991217035948,-0.15539276499147492,-0.15444446571900128
2024-07-28,Telecommunication,2024-08-04,2024-08-11,100986.46970492725,93397.83097338049,1496.5658989545827,1357.0935366039048,106819.0,104956.0,1501.0,1509.0,1.0149852978770624,0.9387141224817253,1.6329142378118742,1.4807349008225912,-0.2752670051245685,-0.3297271411310184,-0.14433053233014137,-0.22407459313670397
2024-07-28,Transportation,2024-08-04,2024-08-11,767443.2007547074,702341.5713761842,2882.694611866484,2560.6822926095315,751019.0,779770.0,2871.0,2808.0,1.0979724288442716,1.0048322537014556,1.0824989154586873,0.9615780295191632,-0.07983410518519496,-0.15789108580875166,-0.09605060775588459,-0.19702656236766025
2024-08-04,Beverage and Food,2024-08-11,2024-08-18,1836302.6472547932,1624128.8649118305,45914.302122972,41742.86679287012,1737181.0,1541070.0,46242.0,43530.0,1.0011389880484431,0.8854633688563684,1.0341175491384362,0.9401652449435268,0.02992264921029464,-0.08907874978584363,-0.003790446245915402,-0.09429870917420391
2024-08-04,Clothing and Footwear,2024-08-11,2024-08-18,922108.8588305748,664535.7106666414,7119.513240670427,5422.911736750994,931595.0,599410.0,7338.0,4774.0,1.201480772492954,0.8658705220699009,1.1960543033465647,0.911030951155144,0.05867229100932225,-0.2370471918454643,0.07643078933632097,-0.18008591824145836
2024-08-04,Construction & Building Materials,2024-08-11,2024-08-18,315511.2192685457,246529.38584930619,1559.2228888174393,1281.7718810320664,332513.0,315086.0,1606.0,1433.0,0.9249517584262767,0.722724819338298,1.05139776724035,0.8643101018422565,-0.05592942233150011,-0.2623364067668268,-0.026702316593358755,-0.1998927084693718
2024-08-04,Education,2024-08-11,2024-08-18,454911.67983827146,384042.8809769588,209.5191731193074,185.45905398141178,1011702.0,840784.0,232.0,235.0,3.158757914664145,2.6666681547672395,1.5182548776761406,1.3439061882710999,0.02283427281087036,-0.13650882511543683,0.4350628295842973,0.2702674930233684
2024-08-04,Electronic & Electric Devices,2024-08-11,2024-08-18,212786.05418490834,176098.3552430845,1197.757587515057,1004.5993228971063,196900.0,178433.0,1134.0,1017.0,0.9573357246620462,0.7922758245328161,1.0543640735167754,0.8843303898742133,0.046089219289558336,-0.13427319445317865,0.02988614575671278,-0.13620006629655523
2024-08-04,Furniture,2024-08-11,2024-08-18,267942.10183422826,202258.97604036497,1190.5569757576568,941.5618425423646,277052.0,240185.0,1247.0,1025.0,0.9106413484286454,0.6874074115726231,0.9946173565226873,0.7866013722158435,-0.05509126040601675,-0.28672547981984675,-0.023333079772225762,-0.2275948789644261
2024-08-04,Gas Stations,2024-08-11,2024-08-18,823901.6012014851,751395.1430013743,15546.492853873566,14381.635581059489,879343.0,810905.0,15997.0,15369.0,1.031184027256404,0.9404359312946339,1.0723937955351843,0.9920421867323921,-0.056293975250547024,-0.13934367601202868,-0.001702122014154872,-0.07650192120596622
2024-08-04,Health,2024-08-11,2024-08-18,754189.6973650344,652092.1249940817,7701.429777437053,6525.7283920135305,744390.0,673098.0,7403.0,6700.0,0.9836149286211262,0.8504591765458781,0.9823878790021116,0.8324164030886575,-0.015892217241258,-0.14911468888475177,0.03291708388372494,-0.12476818776642562
2024-08-04,Hotels,2024-08-11,2024-08-18,298230.84132820833,210145.47426498443,817.7199204111998,672.6662895377533,267059.0,224627.0,764.0,608.0,1.0196257359750431,0.7184694007668093,1.2096448526792898,0.9950684756475641,-0.061296355650026446,-0.33855156744469106,-0.08018006702902158,-0.24334500614425947
2024-08-04,Jewelry,2024-08-11,2024-08-18,261873.03028784576,167657.9318263292,216.13906330755464,163.86266021766573,209936.0,183177.0,183.0,140.0,1.1768040582928327,0.7534205960855853,1.036638193321605,0.7859120394132649,0.06941513134393373,-0.31533259080621046,0.019523883526201047,-0.22706292350157675
2024-08-04,Miscellaneous Goods and Services,2024-08-11,2024-08-18,1651748.6127131842,1365617.196001939,25021.928138585903,22067.719031344976,1472747.0,1254010.0,20792.0,18286.0,1.1541593532322318,0.9542250240558239,1.1453518018257343,1.0101260628176127,0.08953747155405023,-0.0992024480052961,0.20413513660182403,0.0619691545401817
2024-08-04,Other,2024-08-11,2024-08-18,2048351.5665603604,1835969.2569160354,33958.55161473991,28881.39546083883,2357851.0,2029106.0,34577.0,30983.0,1.0898153625676283,0.9768184007342411,1.2455911533851707,1.0593623394651663,-0.10323717557670586,-0.19621758136417844,0.01629710943735896,-0.13564986350515262
2024-08-04,Public Utilities,2024-08-11,2024-08-18,77825.10496324133,63915.45766312166,1023.305641267107,897.817070620112,75706.0,66156.0,1072.0,994.0,0.7467960020270347,0.6133214760595869,0.7538163103256774,0.6613753743057915,0.07771599245622451,-0.11490372006256955,-0.006499377410575713,-0.1283329411455224
2024-08-04,Recreation and Culture,2024-08-11,2024-08-18,282940.4680445331,199206.25679194622,2213.618713887295,1887.414437787633,318197.0,294076.0,2499.0,2926.0,0.9989371897992811,0.7033088611377436,0.9302873351070793,0.793197914598711,-0.006082550990146207,-0.30022532320724826,0.0025447073764923722,-0.14519273650922415
2024-08-04,Restaurants & Café,2024-08-11,2024-08-18,1861381.2286657975,1637012.764772824,55334.036278391904,44830.60253650154,1871199.0,1594594.0,58870.0,53572.0,1.0362506147703652,0.9113423181444079,1.0242301948799983,0.8298121709671733,-0.048859872935208215,-0.16350906245640062,-0.06555599367752118,-0.2429309217694282
2024-08-04,Telecommunication,2024-08-11,2024-08-18,108311.50619623829,86124.79234519109,1457.928964904948,1190.3069300414888,104956.0,92954.0,1509.0,1399.0,1.0724442417569018,0.852762932275767,1.5821258436298948,1.2917058383521312,0.013972291411062487,-0.19373152393121928,-0.028694893467722804,-0.206990719492679
2024-08-04,Transportation,2024-08-11,2024-08-18,741334.712645211,618024.7877618273,2879.0419504315278,2296.173789440302,779770.0,723427.0,2808.0,2438.0,1.0606193060661364,0.8842011716795534,1.0710721541783959,0.8542313204763028,-0.012894863318756222,-0.17708501680806032,0.002801097328989144,-0.200218115834099
2024-08-11,Beverage and Food,2024-08-18,2024-08-25,1572092.1324016557,1905929.1176546812,42919.982623259224,44013.31108908651,1541070.0,2169987.0,43530.0,51296.0,0.8570933167821825,1.0390988386328426,0.9622775096297119,0.9867902267605293,-0.09503262331233442,0.09713905324470007,-0.07183982908915654,-0.04819620498493782
2024-08-11,Clothing and Footwear,2024-08-18,2024-08-25,710136.3983186895,713542.9628488378,5633.704736263098,5803.802269907519,599410.0,785040.0,4774.0,6033.0,0.9252868793705734,0.9297255329460529,0.9464434668228641,0.975019280958844,-0.2377198264066579,-0.23406312523270534,-0.23225610026395493,-0.20907573318240402
2024-08-11,Construction & Building Materials,2024-08-18,2024-08-25,278019.1645066156,276897.7559140416,1345.5859546010192,1433.2771542530636,315086.0,343589.0,1433.0,1615.0,0.8150401614331276,0.8117526433156409,0.8964596632918183,0.9548815151586033,-0.16388482703949736,-0.1672573526026303,-0.16215071319986352,-0.10754847182250082
2024-08-11,Education,2024-08-18,2024-08-25,439335.0203472256,177330.5047569813,214.7498143734255,134.75603926764072,840784.0,516276.0,235.0,236.0,3.0505986858906344,1.2313250246985148,1.55615807516975,0.9764930381713095,-0.5657466127899069,-0.8247206146108426,-0.07435424839040738,-0.41915500315672105
2024-08-11,Electronic & Electric Devices,2024-08-18,2024-08-25,200897.42583243857,198416.2405144241,1054.5354490449017,1111.760096251749,178433.0,211594.0,1017.0,1214.0,0.9038481562090915,0.8926851720861844,0.9246255581279279,0.9748006104793941,0.02030180717338026,0.007700561271833939,-0.07007455992513079,-0.01961190806724067
2024-08-11,Furniture,2024-08-18,2024-08-25,255378.24483606883,234020.14738637468,1039.7126745407222,1109.72309622409,240185.0,293466.0,1025.0,1232.0,0.8679411994041107,0.7953525075624194,0.8606893001164919,0.9186449472053726,-0.07822991771916887,-0.15532049078738042,-0.16622880951024677,-0.1100857287697754
2024-08-11,Gas Stations,2024-08-18,2024-08-25,777769.9275930934,819411.9602947868,15097.784271514982,14742.253870592023,810905.0,983459.0,15369.0,17455.0,0.9590831604517575,1.0104327574396088,1.0322212608289736,1.007913982879843,-0.11551018477079666,-0.06815433761935119,-0.056211522690818194,-0.07843633990173016
2024-08-11,Health,2024-08-18,2024-08-25,624453.8931837461,772368.2768041396,6793.220718118566,7445.71724185739,673098.0,870547.0,6700.0,8222.0,0.8144133680386593,1.0073234494082706,0.8665374983249653,0.9497694038978749,-0.16111998658801685,0.03758550867709087,-0.0823692127355713,0.005770260956016404
2024-08-11,Hotels,2024-08-18,2024-08-25,248727.65767947497,249861.6583494668,702.9545394568158,737.2179495296512,224627.0,238306.0,608.0,671.0,0.8503785855591035,0.8542556368479208,1.03987357907813,1.0905590969373538,-0.06864154482913898,-0.06439528961964658,-0.07990243526594787,-0.03505503988265557
2024-08-11,Jewelry,2024-08-18,2024-08-25,198724.09190549966,208021.785878636,172.66092870995914,193.32662810030007,183177.0,229916.0,140.0,198.0,0.893025591745344,0.9348075346522745,0.8281099698319383,0.927226034054197,-0.05340631475545088,-0.009118084184532416,-0.05649765732262768,0.05642966175027353
2024-08-11,Miscellaneous Goods and Services,2024-08-18,2024-08-25,1337966.531714152,1538104.0244231499,21729.840077558893,23467.369475475214,1254010.0,1583684.0,18286.0,21417.0,0.9307839314807292,1.070013693873751,0.9946600177400907,1.0741935539091028,-0.09151637605498286,0.04437763201904321,0.04510581365712252,0.12867302209865406
2024-08-11,Other,2024-08-18,2024-08-25,1734774.1777156736,1969807.4155087594,29943.16034080763,32095.524414003306,2029106.0,2484242.0,30983.0,32993.0,0.9228975294597839,1.0479348958712433,1.092517024201683,1.171048961561737,-0.26425623259668507,-0.16457510864394764,-0.13401508688412445,-0.07176665372926205
2024-08-11,Public Utilities,2024-08-18,2024-08-25,74205.19803545905,55717.72420233789,920.3240379256825,935.293225619477,66156.0,78844.0,994.0,1060.0,0.7496004569561387,0.5628450921008343,0.7359648444027849,0.7479354063330483,-0.01982408216707987,-0.26402498874147495,-0.14148877059171405,-0.12752497610123414
2024-08-11,Recreation and Culture,2024-08-18,2024-08-25,272293.12600714323,267824.4743654137,2216.235109238762,2204.4031911039383,294076.0,334261.0,2926.0,3325.0,0.9613461516308283,0.9455693264066661,0.9137229887605698,0.9088448530628482,-0.14426243488422819,-0.1583060985319984,-0.11315121679121165,-0.11788587790958849
2024-08-11,Restaurants & Café,2024-08-18,2024-08-25,1742856.2128167318,1839446.4400514222,52083.019550206955,46963.579926332466,1594594.0,1951412.0,53572.0,61139.0,0.9667096699280686,1.020285349896192,0.9607906426152163,0.8663508476776237,-0.06858852916406444,-0.016969098395508864,-0.11528759045002623,-0.20224936425458695
2024-08-11,Telecommunication,2024-08-18,2024-08-25,99686.25887675717,89712.02076898579,1359.9453865201617,1457.9543556082917,92954.0,131956.0,1399.0,1725.0,0.9729285465231033,0.875580917128497,1.4583864734800662,1.5634899255852994,-0.050209050680693146,-0.1452416177351863,-0.09877707984084716,-0.03382746480563836
2024-08-11,Transportation,2024-08-18,2024-08-25,635251.5826674175,690946.2610144335,2422.943719451008,2627.4320212741322,723427.0,838635.0,2438.0,3009.0,0.9039921884275306,0.9832482745773318,0.8975527762367134,0.9733032121778596,-0.18533467218869992,-0.1139101773414809,-0.1371283050388149,-0.06430483572858536
2024-08-18,Beverage and Food,2024-08-25,2024-09-01,1969932.7816912916,1843074.8462803075,46058.84137350743,44196.50833715509,2169987.0,2106198.0,51296.0,52937.0,1.073993175653375,1.00483114221998,1.0326515637802238,0.990897558144837,0.2782889691521422,0.1959708814526968,0.05809421946950222,0.015311471103953478
2024-08-18,Clothing and Footwear,2024-08-25,2024-09-01,663369.3134737682,704436.4624696979,5315.820921517434,5406.255244217009,785040.0,757906.0,6033.0,6123.0,0.8643507407697797,0.9178600302936738,0.8930400540138486,0.9082327163741301,0.10670378117443513,0.17521640024306895,0.11349411845777824,0.13243721077021564
2024-08-18,Construction & Building Materials,2024-08-25,2024-09-01,336327.47850191727,341560.4183899447,1603.122721141919,1541.0173102355898,343589.0,350032.0,1615.0,1643.0,0.9859766425061557,1.0013175136244352,1.0680364564569746,1.026660433201592,0.06741485975866035,0.08402283309935932,0.11871787937328615,0.07537844398854832
2024-08-18,Education,2024-08-25,2024-09-01,314729.19025296625,180172.7136867116,167.03624224796,156.48941520581315,516276.0,291049.0,236.0,202.0,2.18537655713925,1.2510603938917315,1.2104075525214493,1.1339812696073417,-0.6256717655747894,-0.7857086794150322,-0.289207479795915,-0.3340875948688802
2024-08-18,Electronic & Electric Devices,2024-08-25,2024-09-01,211495.18509425008,226709.88156833805,1196.826416084119,1122.0202281804911,211594.0,209866.0,1214.0,1219.0,0.9515280362724899,1.019979761317764,1.0493874757423227,0.9837967805177475,0.185291874789137,0.27056027510795677,0.17682046812597751,0.1032647278077592
2024-08-18,Furniture,2024-08-25,2024-09-01,260900.43883018408,269063.3761611511,1158.9859954112546,1106.2180510501812,293466.0,309318.0,1232.0,1282.0,0.8867092024564899,0.9144521671019241,0.9594254928901115,0.9157434197435275,0.08624784574467226,0.12023388705019511,0.13071804430366307,0.07923712297578644
2024-08-18,Gas Stations,2024-08-25,2024-09-01,899543.9162281618,830214.4888694611,15799.392106502337,14971.368511638524,983459.0,963749.0,17455.0,17257.0,1.105149865168669,1.0199740267071533,1.0737659444408276,1.0174914035366673,0.10930863199531604,0.023812270080294295,0.02800391089220744,-0.02587230713523825
2024-08-18,Health,2024-08-25,2024-09-01,846196.2324359084,754732.4841943749,7743.480533766965,7481.467604227764,870547.0,874802.0,8222.0,8657.0,1.1036099401448816,0.9843228317259598,0.9877518379701467,0.9543296899327463,0.25716646377779817,0.12128172152402006,0.15574336324880078,0.11663695585489009
2024-08-18,Hotels,2024-08-25,2024-09-01,258591.34988887765,269346.54922902613,719.1057663055888,719.0266802931048,238306.0,245355.0,671.0,671.0,0.8841017054874523,0.9208728120367196,1.0637659264875574,1.0636489353448297,0.15120332768935896,0.19908358847790386,0.18273974721313935,0.18260967153471186
2024-08-18,Jewelry,2024-08-25,2024-09-01,199926.43683256526,217992.7763723698,167.2111468504252,194.38858158638027,229916.0,247840.0,198.0,225.0,0.8984286849469744,0.9796151349818216,0.8019719273401688,0.9323193361457087,0.09143853667526636,0.1900663094841044,0.19436533464589423,0.3884898684741447
2024-08-18,Miscellaneous Goods and Services,2024-08-25,2024-09-01,1660913.3102888842,1514106.1478131986,24181.916332254987,22619.94355338672,1583684.0,1573368.0,21417.0,21603.0,1.1554484990134586,1.0533190775221875,1.1069011664227673,1.0354035453453285,0.324481710902532,0.2074115420237468,0.3224278864844683,0.23700883481279234
2024-08-18,Other,2024-08-25,2024-09-01,2221219.2335891514,2017360.1764411055,33741.93808754099,32046.296308716213,2484242.0,2264065.0,32993.0,31147.0,1.1744230686528996,1.066636869142267,1.2219363024441303,1.1605300417808757,0.09467875684619309,-0.005788669275481162,0.08904683495920307,0.03431870085905864
2024-08-18,Public Utilities,2024-08-25,2024-09-01,79552.34419187924,74492.15797118885,997.8116885563995,997.3146430626492,78844.0,59090.0,1060.0,791.0,0.840085792797749,0.7866493969743953,0.8145401539235915,0.8141344025001218,0.20249628441682144,0.12600758768953457,0.0038346967368203533,0.0033346509684599734
2024-08-18,Recreation and Culture,2024-08-25,2024-09-01,310402.5241327193,280677.58706526144,2573.1601576724397,2377.518508288326,334261.0,293458.0,3325.0,3100.0,1.095893518897193,0.9909479615990645,1.0608782344557575,0.980217896635055,0.05551804340619193,-0.04556105542355904,-0.12058777933272735,-0.18745095410515178
2024-08-18,Restaurants & Café,2024-08-25,2024-09-01,1872429.6004603188,1786317.0141652315,53402.01175805435,50812.78708178669,1951412.0,1926100.0,61139.0,61889.0,1.0385801121821396,0.9908160629956392,0.9851224763285159,0.9373582940274439,0.17423595000377445,0.12023312151258025,-0.0031730800034653894,-0.05150475842255853
2024-08-18,Telecommunication,2024-08-25,2024-09-01,112215.69784998069,109111.47229097736,1640.2405986787578,1452.8594033419006,131956.0,120875.0,1725.0,1726.0,1.0952146969547207,1.064917746349574,1.7375430070749553,1.53904597811642,0.20721752533490423,0.17382223778403683,0.1724378832585831,0.03849850131658372
2024-08-18,Transportation,2024-08-25,2024-09-01,804346.4820708875,737343.7693513292,2813.8733009943817,2802.0978755826554,838635.0,757652.0,3009.0,2982.0,1.1381611927869506,1.0433514445892416,1.0423683278364073,1.03800625137346,0.11185576716225332,0.019237282201699957,0.15417280598621064,0.14934285298714323
2024-08-25,Beverage and Food,2024-09-01,2024-09-08,1973104.3367501118,1871476.1159066074,48135.60688492999,45731.06884047541,2106198.0,1849996.0,52937.0,52684.0,1.075722284646859,1.0203153100261269,1.0792132029579058,1.0253028157721071,-0.09072988144624283,-0.13756344351067207,-0.06161090757700427,-0.10848664924213558
2024-08-25,Clothing and Footwear,2024-09-01,2024-09-08,809353.8809923999,670151.012388186,5854.55534069054,5900.544343647309,757906.0,689857.0,6123.0,5699.0,1.047748656733243,0.8675436536823602,0.9835456263234843,0.9912716243002618,0.03097151863905001,-0.14634794101168613,-0.029578097017977756,-0.021955189184931445
2024-08-25,Construction & Building Materials,2024-09-01,2024-09-08,343610.823324656,285632.4828659658,1637.1007429331926,1507.1839770725685,350032.0,348575.0,1643.0,1590.0,1.0073284746743905,0.8373593430465913,1.0788143281273097,0.9932019618270632,6.351578384644618e-05,-0.1686797805926098,0.013684670546868505,-0.06675914732348698
2024-08-25,Education,2024-09-01,2024-09-08,229095.54704189333,124462.25308680882,150.68290824039667,138.95022215496581,291049.0,165034.0,202.0,174.0,1.590764547285672,0.8642251769720644,1.0919051321767874,1.0068856677896074,-0.556253734355474,-0.758923031311142,-0.3615131006762853,-0.4112278722247211
2024-08-25,Electronic & Electric Devices,2024-09-01,2024-09-08,229956.265724005,183514.45122906493,1164.4185605751377,1116.8059301780427,209866.0,208946.0,1219.0,1145.0,1.037502777986343,0.8279694069276179,1.020971995243435,0.9792248401385731,0.08678065410174685,-0.13270484404536553,-0.04084138338127041,-0.0800610130329138
2024-08-25,Furniture,2024-09-01,2024-09-08,289039.9305741739,246727.4732101947,1186.5189039184963,1156.1522128168783,309318.0,314343.0,1282.0,1232.0,0.98583335092413,0.8415175411808062,0.9797843962993363,0.9547086811039458,-0.015082051841869504,-0.1592638560848797,-0.036916474092129614,-0.06156476232396235
2024-08-25,Gas Stations,2024-09-01,2024-09-08,907651.4678025219,863452.2944013975,16279.700332236023,16094.75556076492,963749.0,921638.0,17257.0,17060.0,1.1151105345341206,1.0608088938430953,1.1064088848875917,1.0938395786845807,-0.07708255473535564,-0.12202512316080538,-0.06733312333222441,-0.07792864160613466
2024-08-25,Health,2024-09-01,2024-09-08,836045.880961227,749315.8226671021,7932.815809116104,7324.258279997182,874802.0,837095.0,8657.0,8387.0,1.0903718419898285,0.9772584165527909,1.0119032858110981,0.934276201287988,-0.039631540903332096,-0.13925862398342415,-0.03517200083725325,-0.10918775480452658
2024-08-25,Hotels,2024-09-01,2024-09-08,260802.7798044319,227211.76740771733,738.27032398104,674.4527463416546,245355.0,247434.0,671.0,656.0,0.8916623952040559,0.7768175971791129,1.0937338133052443,0.9991892538394883,0.09440290972292731,-0.046554566785069085,0.1002538360373173,0.005145672640319843
2024-08-25,Jewelry,2024-09-01,2024-09-08,244570.58318603804,189279.41425804043,213.91085250499054,178.75819648363856,247840.0,237990.0,225.0,224.0,1.0778521595379489,0.8341772863947345,1.0284175601201468,0.8594144061713392,0.06373885760903142,-0.17674535805233027,0.08035784093429577,-0.09718082584020926
2024-08-25,Miscellaneous Goods and Services,2024-09-01,2024-09-08,1708013.8866501567,1500146.2854774632,24200.862109731308,23392.462965965387,1573368.0,1467353.0,21603.0,21465.0,1.18821498352663,1.0436076122203322,1.1129135733706426,1.0757381051695931,0.07850675175739386,-0.0527489792929251,0.129983756349223,0.09223808030841796
2024-08-25,Other,2024-09-01,2024-09-08,2234285.8238979494,2042755.5473102373,32903.20292688383,31818.38139880011,2264065.0,1941954.0,31147.0,28646.0,1.1813317541420365,1.0800641386952645,1.1915622042437153,1.1522762923497605,-0.10061667748232683,-0.17771475270515624,-0.0027217007582265307,-0.03560205501772773
2024-08-25,Public Utilities,2024-09-01,2024-09-08,75849.68197982943,64866.749292782864,1029.1616021186785,1003.6133441041376,59090.0,54769.0,791.0,755.0,0.8159389197485954,0.6977920534937916,0.8523077450258207,0.831149767374027,-0.03797775379446211,-0.17727729069069476,-0.02909282818992598,-0.05319495839232302
2024-08-25,Recreation and Culture,2024-09-01,2024-09-08,317563.23526568187,266130.38040594023,2502.0500044664755,2257.7737813612807,293458.0,246716.0,3100.0,2807.0,1.1211748111264834,0.9395882326775569,1.0315605048305403,0.9308488069929007,-0.04995427146546605,-0.20382461487897108,-0.2475037580551953,-0.3209702913199156
2024-08-25,Restaurants & Café,2024-09-01,2024-09-08,1973012.8051721335,1911737.8056274117,53763.103239354736,50708.02074756334,1926100.0,1805361.0,61889.0,60558.0,1.094370576083989,1.060383185644598,0.9851864661839007,0.9292033524378722,0.011069320662234983,-0.020331018960931035,-0.12064143608245581,-0.17061089079698155
2024-08-25,Telecommunication,2024-09-01,2024-09-08,122508.32254575362,88861.77408107553,1553.4101470095072,1502.3080133707672,120875.0,98264.0,1726.0,1567.0,1.195669749616959,0.8672825891184417,1.6223604668506604,1.5689900922932294,-0.07159717977391233,-0.3265802685662226,-0.09947237854521318,-0.12909680384303357
2024-08-25,Transportation,2024-09-01,2024-09-08,808508.434622267,695528.6260354323,2858.29046785471,2712.424641488586,757652.0,767632.0,2982.0,2760.0,1.1440504121542125,0.9841824490707356,1.0588221773864457,1.0047877908829732,-0.03592333420109217,-0.1706420241995238,-0.0500862519592189,-0.09856276454350743
2024-09-01,Beverage and Food,2024-09-08,2024-09-15,1689545.9851912186,1676662.4453936843,50512.22933391195,44042.61323384645,1849996.0,1676630.0,52684.0,49690.0,0.9196219420837476,0.9126094156456579,1.1300022221854533,0.9852713190722009,-0.19782186423535753,-0.20393882940080454,-0.04580483718548556,-0.168018338140687
2024-09-01,Clothing and Footwear,2024-09-08,2024-09-15,655584.2098551427,653057.2310630125,6391.554054171033,5409.148741490821,689857.0,755085.0,5699.0,6152.0,0.8486862068407137,0.8454149077251756,1.070163927027381,0.905675804351749,-0.13500591121439498,-0.13834006979359903,0.0438598814586042,-0.11658521288733947
2024-09-01,Construction & Building Materials,2024-09-08,2024-09-15,306226.6298700543,324249.6394171235,1700.8193809458571,1383.3738098887209,348575.0,355850.0,1590.0,1478.0,0.8954466313140876,0.9481482634089616,1.1174897378093673,0.9089184033434434,-0.12514675838193556,-0.07365715301137177,0.03519134567611504,-0.15801959227710238
2024-09-01,Education,2024-09-08,2024-09-15,177363.95515942777,123648.71411546721,158.8287567782024,150.16697581073058,165034.0,127125.0,174.0,154.0,1.2315572933523204,0.8585762284431397,1.1509330201319015,1.0881664913821056,-0.3906044852948205,-0.5751618658182395,-0.2137190258504832,-0.25659912964984866
2024-09-01,Electronic & Electric Devices,2024-09-08,2024-09-15,187461.81296947334,196431.95237352914,1215.2318617200265,1009.6843455799147,208946.0,247262.0,1145.0,1077.0,0.8471625029124527,0.8876996428698636,1.065525525401163,0.8852997330819068,-0.10675472458867408,-0.06401250143649218,-0.0030911716816846013,-0.1717109552256647
2024-09-01,Furniture,2024-09-08,2024-09-15,252974.47102511913,269483.45286090457,1286.4149001509836,1005.9051209229168,314343.0,339555.0,1232.0,1223.0,0.8589760889388678,0.9150324198097314,1.0535748567985124,0.8238371178729867,-0.18215405820185337,-0.12878185924871954,0.003443759868162033,-0.21536262018493224
2024-09-01,Gas Stations,2024-09-08,2024-09-15,842202.6732002664,854474.0057752512,17158.535433970817,15834.803512836916,921638.0,887748.0,17060.0,16601.0,1.0291428743205306,1.0441380232078816,1.1645933032864437,1.074748261637555,-0.12611823908479647,-0.1133853256654469,-0.005705775397182755,-0.08241273032178731
2024-09-01,Health,2024-09-08,2024-09-15,722022.8131904348,727927.8715700852,7883.9036444085905,7009.203461673578,837095.0,802827.0,8387.0,7685.0,0.9416628473451487,0.9493642301628884,1.0041270641799134,0.8927215769819242,-0.17464430443639267,-0.1678941388221733,-0.08930303287413766,-0.19034267509835068
2024-09-01,Hotels,2024-09-08,2024-09-15,234221.57644548535,250499.63341837405,738.558034922381,642.3961514179739,247434.0,292429.0,656.0,732.0,0.8007835346634689,0.856436819036427,1.0941600517368608,0.9516980021007021,-0.04537679507046788,0.02096812136852333,0.10068261538357826,-0.0426286864113653
2024-09-01,Jewelry,2024-09-08,2024-09-15,202237.61460417957,202049.25875537016,200.11643667252935,162.88566748552122,237990.0,237550.0,224.0,226.0,0.8811616561371585,0.880340978183629,0.9597910631775988,0.7812262229521402,-0.1839992954963704,-0.1847592852026705,-0.11059361478875851,-0.2760637000643501
2024-09-01,Miscellaneous Goods and Services,2024-09-08,2024-09-15,1451342.5102042032,1435769.8228338705,22749.16713738475,20995.56663425528,1467353.0,1455507.0,21465.0,20742.0,1.0082723500569344,0.9974537390252916,1.0461551648563956,0.9655131698169864,-0.07755686514267279,-0.08745454157331878,0.053055924519036735,-0.028118009801635035
2024-09-01,Other,2024-09-08,2024-09-15,1914256.1880746146,2037380.3130014322,33191.536308579554,30591.659478832094,1941954.0,1866165.0,28646.0,26016.0,1.0092322310456148,1.0741456089255184,1.1928888680328327,1.099450465554892,-0.15450475667676744,-0.10012287058833014,0.06564151631231119,-0.01782966324743651
2024-09-01,Public Utilities,2024-09-08,2024-09-15,56475.15344460108,65900.94113210149,883.4352047886946,870.8593936662496,54769.0,49163.0,755.0,680.0,0.6337938696346628,0.7395750156509513,0.7470910822737376,0.736456146863636,-0.04425193019798479,0.11526385398716354,0.11685866597812211,0.10096004256163038
2024-09-01,Recreation and Culture,2024-09-08,2024-09-15,237184.73937879474,260301.283554966,2673.1046554280406,2306.774246895716,246716.0,247350.0,2807.0,2383.0,0.8314088743492624,0.9124398041750699,1.1020839643075822,0.9510510191283099,-0.19175916356413958,-0.11298624145545189,-0.137708175668374,-0.25587927519493037
2024-09-01,Restaurants & Café,2024-09-08,2024-09-15,1746967.8137498973,1694503.462030371,56720.01119655608,52183.77715603025,1805361.0,1773804.0,60558.0,58379.0,0.967709543165597,0.938647614585469,1.0351405925148707,0.9523542902304108,-0.09300253686210613,-0.12024118060829092,-0.08352031545903016,-0.1568166046303826
2024-09-01,Telecommunication,2024-09-08,2024-09-15,100925.33581388266,98391.08920841034,1704.4315904971281,1460.851246934526,98264.0,96173.0,1567.0,1469.0,0.9716270987401157,0.9472294323176041,1.743664031199108,1.4944769789611518,-0.16504375748597588,-0.1860096032396249,-0.01249618163549937,-0.15362036678185054
2024-09-01,Transportation,2024-09-08,2024-09-15,680489.272202285,708868.4313596844,2878.959557053121,2498.8362816775652,767632.0,762051.0,2760.0,2575.0,0.9574875471220539,0.997418656400331,1.0647039782001186,0.9241258438156676,-0.10184455105736534,-0.0643878306139436,-0.03455413915052952,-0.16202673317318406
2024-09-08,Beverage and Food,2024-09-15,2024-09-22,1670265.3333940152,1743107.5748546566,50022.18435427523,42674.89523520727,1676630.0,2146237.0,49690.0,51867.0,0.9053164165756157,0.9447983334280006,1.117452096064409,0.9533200468051082,-0.09715192173711984,-0.0577776520302441,-0.05052417519028107,-0.1899837666994293
2024-09-08,Clothing and Footwear,2024-09-15,2024-09-22,637158.2701893994,596829.048772895,5125.09203594444,5312.635904604093,755085.0,818066.0,6152.0,6568.0,0.8248329159784294,0.7726247428188362,0.8581150332263608,0.8895162669910579,-0.07639080245703189,-0.13485106511509626,-0.10070327497026854,-0.06779506850252792
2024-09-08,Construction & Building Materials,2024-09-15,2024-09-22,356471.0087788852,283561.5723608249,1579.8256698423247,1412.2308712319673,355850.0,363148.0,1478.0,1535.0,1.0390620245981437,0.8265414415740954,1.0362910264626597,0.926356753841894,0.022652252108972704,-0.1865120207679125,-0.006398949784701458,-0.11180448350190741
2024-09-08,Education,2024-09-15,2024-09-22,101047.55700552391,85706.89703977725,162.75960640353142,149.83708528323095,127125.0,100015.0,154.0,126.0,0.7016411857399449,0.595120660480622,1.1794174377067494,1.0857759803132678,-0.3877167310643631,-0.4806712735571018,-0.06459996319809524,-0.13886732595844287
2024-09-08,Electronic & Electric Devices,2024-09-15,2024-09-22,220138.41709639586,181778.17520264327,1123.2379461829526,1077.8304858297097,247262.0,259821.0,1077.0,1180.0,1.000820234301075,0.8264222042510082,0.9857287812048728,0.945880198183159,0.05356607494948862,-0.1300231868394549,-0.019006160538906025,-0.05866333115309197
2024-09-08,Furniture,2024-09-15,2024-09-22,301715.9999329718,247916.1078030933,1111.6657095069472,1040.8428172453264,339555.0,395543.0,1223.0,1402.0,1.0244781955368525,0.8418003911726828,0.9063723681263328,0.848628469013719,-0.040169496591392906,-0.211319775521983,-0.0976739370885169,-0.15516005093723506
2024-09-08,Gas Stations,2024-09-15,2024-09-22,895738.1592457616,941038.4577223352,17071.197785343626,16428.86934428999,887748.0,928067.0,16601.0,16844.0,1.0891671688462599,1.1442497812484886,1.1552937289171066,1.1118241359110743,-0.02810196710013957,0.021049975936685783,0.000656376632099942,-0.03699476293728077
2024-09-08,Health,2024-09-15,2024-09-22,779623.0525593562,733888.7160193259,7603.90730372997,7225.463719970417,802827.0,896293.0,7685.0,8219.0,1.0167851349252708,0.9571383692262383,0.9684655548277361,0.9202653913227302,-0.06865642184058418,-0.12329100517942904,-0.0933698218993716,-0.13849246214732125
2024-09-08,Hotels,2024-09-15,2024-09-22,271105.6115524472,222995.09354378175,696.5281204718553,660.4421690253697,292429.0,238909.0,732.0,674.0,0.9268868956511312,0.7624011499306191,1.031893511810156,0.9784328430005477,0.09566838652912368,-0.09876939489406567,0.06178067145099897,0.006771599124039129
2024-09-08,Jewelry,2024-09-15,2024-09-22,204222.9803550964,155933.95417345496,179.0039496927585,176.43447827806824,237550.0,243937.0,226.0,233.0,0.8876539163217205,0.6777659637956842,0.8544341274117352,0.8421693473893472,-0.14188419532292784,-0.3447877886740831,-0.20087522458589946,-0.21234607911576675
2024-09-08,Miscellaneous Goods and Services,2024-09-15,2024-09-22,1434218.7862114438,1308456.2175556547,21623.10884994021,21047.4864496792,1455507.0,1627324.0,20742.0,22629.0,0.9880663282755663,0.9014256004864173,0.9943716562019825,0.9679007817561887,-0.02258094254658294,-0.10828804142176107,0.007365890982539591,-0.019450899153077073
2024-09-08,Other,2024-09-15,2024-09-22,1916714.6342203866,1828565.3188802646,32264.12021356463,30297.214685772986,1866165.0,2165243.0,26016.0,28357.0,1.0007325879995952,0.9547091002587645,1.1520431412398997,1.0818115648708486,-0.012996891676946731,-0.058388963445959785,0.12630455259249573,0.05764206820404194
2024-09-08,Public Utilities,2024-09-15,2024-09-22,60480.48152973499,59337.54285331565,842.5880179423675,888.4416466220779,49163.0,54028.0,680.0,735.0,0.6997140257500924,0.6864910784084832,0.7223214898777262,0.761630215706882,0.10428310777510985,0.08341475749631466,0.11601061979121519,0.17674390281069918
2024-09-08,Recreation and Culture,2024-09-15,2024-09-22,250071.93376708962,215508.88581765565,2378.1636606745374,2468.267149983139,247350.0,308293.0,2383.0,2871.0,0.876582639777656,0.7554280289667736,0.9804838840134147,1.0176323026110654,0.013602416410324558,-0.12649002976030876,-0.1527739007215756,-0.12067433203308198
2024-09-08,Restaurants & Café,2024-09-15,2024-09-22,1660881.0150905815,1751978.6377257055,54951.83087647847,51138.58480102387,1773804.0,1988800.0,58379.0,60038.0,0.9197870078617139,0.9702363832146536,1.0015917556248297,0.9320887787371409,-0.08002830730774535,-0.02956880218100122,-0.09257520267382569,-0.15554369693477543
2024-09-08,Telecommunication,2024-09-15,2024-09-22,103864.71485322132,83390.61848403467,1491.6534652915273,1457.6325541472556,96173.0,116334.0,1469.0,1667.0,0.9999250509347645,0.8028170929171308,1.5067206720116437,1.4723561153002582,0.0569966096761918,-0.15136144993044587,-0.048083302302790565,-0.06979415817022616
2024-09-08,Transportation,2024-09-15,2024-09-22,735686.1696192186,710048.2548874673,2694.276612410851,2566.702600163332,762051.0,741977.0,2575.0,2776.0,1.025975032259089,0.9902208459222998,0.9925498664250695,0.9455526248529498,-0.04161607434393233,-0.07501477936372214,-0.023812821590271316,-0.07003528979589413
2024-09-15,Beverage and Food,2024-09-22,2024-09-29,1847725.9207363203,2051755.8332010922,46823.75904275136,48118.31121347862,2146237.0,2226981.0,51867.0,54604.0,1.0015035191898327,1.1120917146901883,1.044928287851092,1.073817770689428,0.10204751241258969,0.2237379941913793,-0.05768245033706265,-0.03162988099258157
2024-09-15,Clothing and Footwear,2024-09-22,2024-09-29,728897.6275654257,776155.2035440531,5765.427561255932,6338.72101104538,818066.0,757310.0,6568.0,6131.0,0.9435940546072379,1.004771325656292,0.9595452377891208,1.0549589766240126,-0.03468135697911401,0.027904412806575518,-0.06283687235761826,0.030351269675776837
2024-09-15,Construction & Building Materials,2024-09-22,2024-09-29,373284.10809703567,360349.54066317005,1681.0833761419162,1691.786405240408,363148.0,381121.0,1535.0,1687.0,1.0847482439931235,1.0471609237553998,1.1027112995355306,1.1097319811350659,0.04899285681336418,0.01264448689945219,0.1374041787157756,0.14464574102869276
2024-09-15,Education,2024-09-22,2024-09-29,132405.32248277075,104945.8292313197,137.84470564462106,171.6388996798501,100015.0,196833.0,126.0,197.0,0.9193792528800324,0.7287095130493814,0.9881340906424448,1.2303863776333341,0.041536460041461165,-0.1744674200092845,-0.10490450880116198,0.11453830960941636
2024-09-15,Electronic & Electric Devices,2024-09-22,2024-09-29,269399.79323474556,247373.25245099902,1261.1561853929197,1354.5845342404307,259821.0,238024.0,1180.0,1256.0,1.224778336022084,1.124638578505892,1.1165614744514563,1.1992780294293321,0.08953172438444068,0.000449937519712007,0.1709899585820982,0.2577386576048568
2024-09-15,Furniture,2024-09-22,2024-09-29,342992.69876095833,316238.49923637207,1238.0478192514556,1363.296291945189,395543.0,349398.0,1402.0,1370.0,1.1646334340472666,1.0737894149761196,1.0094152623330255,1.1115338703181321,0.010124129407484306,-0.06866781747766326,0.012304022282465743,0.1147148748529756
2024-09-15,Gas Stations,2024-09-22,2024-09-29,941434.5561897764,1054175.1552854995,17559.81362044764,17753.780855645262,928067.0,958064.0,16844.0,17341.0,1.1400880601409815,1.276618220497943,1.1850726249669403,1.1981630407049275,0.06047499537005585,0.18747116894152338,0.057756377353631594,0.06944044669870864
2024-09-15,Health,2024-09-22,2024-09-29,825509.324438971,921746.8953982447,7994.8323065227,8335.832680201022,896293.0,922640.0,8219.0,8789.0,1.0703975524919638,1.1951841022775607,1.0182554042568552,1.0616866433421666,0.02825306627576185,0.14812642748468186,0.04031650052344826,0.08468870269369178
2024-09-15,Hotels,2024-09-22,2024-09-29,302673.3440554095,300418.37629770197,745.1130134788143,766.5483185545589,238909.0,264287.0,674.0,694.0,1.032882631251664,1.0251874804340808,1.0973682083634968,1.1289371407283637,0.03503190195024941,0.027320738701366754,0.017913952839910152,0.0471971564952991
2024-09-15,Jewelry,2024-09-22,2024-09-29,214685.834370549,224233.34637869464,200.24614394847907,219.08968342477303,243937.0,263504.0,233.0,237.0,0.9297824346166463,0.9711317345622745,0.9490338575757302,1.0383397318709622,-0.09624990793286037,-0.05605831875944167,-0.11395511527221647,-0.030576622014278687
2024-09-15,Miscellaneous Goods and Services,2024-09-22,2024-09-29,1537415.9816652555,1554652.5307997086,22642.36019053282,23066.16614018604,1627324.0,1779380.0,22629.0,24081.0,1.0538363154808312,1.0656512709958517,1.0412434844235736,1.0607328477241746,0.056275223454957946,0.06811752248509184,0.0916189466075028,0.1120512072213884
2024-09-15,Other,2024-09-22,2024-09-29,2123473.05506483,2155264.5835115374,31512.318245566963,32739.39681833519,2165243.0,2180725.0,28357.0,30016.0,1.1086828722454964,1.125281492598743,1.1251988233081112,1.1690136691542952,0.13788065635398272,0.1549164106665475,0.21126684523243244,0.2584331495362542
2024-09-15,Public Utilities,2024-09-22,2024-09-29,62269.627105069536,78711.99252343092,813.2158702408063,823.756255276724,54028.0,61551.0,735.0,783.0,0.7265025942267903,0.9183364253738521,0.7007461182600658,0.7098287421600379,0.2665953482307739,0.6010412815212847,0.19590569153059745,0.2114062577598883
2024-09-15,Recreation and Culture,2024-09-22,2024-09-29,276634.1459241258,284455.7154667729,2490.95479345442,2724.9103901133635,308293.0,301043.0,2871.0,3065.0,0.9696917452266306,0.9971088646674866,1.0269861032588827,1.1234427499952024,0.11839153395644142,0.15001299966352488,0.045302053484859384,0.1434789719317513
2024-09-15,Restaurants & Café,2024-09-22,2024-09-29,1870974.6952029709,1968762.6932585821,54345.93865501932,55300.77177964995,1988800.0,1950826.0,60038.0,63367.0,1.0361357623151999,1.090290231731814,0.9896103840379362,1.0069973829295376,0.05478096520414377,0.10990994115391683,-0.06908411149524107,-0.0527283478708106
2024-09-15,Telecommunication,2024-09-22,2024-09-29,112382.53038317074,121975.04647633822,1663.1380324636189,1684.7028442174162,116334.0,136555.0,1667.0,1903.0,1.0819276553772244,1.1742766033005676,1.6556874389881722,1.6771556438202253,0.16854554171306657,0.26828784041610665,0.13215659119375012,0.1468365175067503
2024-09-15,Transportation,2024-09-22,2024-09-29,796318.1656187882,777995.5066643952,2691.520438601463,2956.439457182336,741977.0,769133.0,2776.0,3004.0,1.103561187654183,1.078169106762772,0.9915345141283709,1.0891285530235166,0.044967024016487445,0.02092314906009607,0.04525065576755849,0.148131828031975
2024-09-22,Beverage and Food,2024-09-29,2024-10-06,2061216.7806204574,1914391.302337674,50106.35200337659,46345.97579718589,2226981.0,1908005.0,54604.0,52702.0,1.1172197328821873,1.0376374574176856,1.1181832830112717,1.0342659822404547,-0.03961362113296096,-0.10802427581964436,-0.03394543730355348,-0.10644579796043929
2024-09-22,Clothing and Footwear,2024-09-29,2024-10-06,774029.4451005282,749557.101062671,6653.174682933899,6045.846498985766,757310.0,671244.0,6131.0,5499.0,0.9926075926469403,0.961224504244289,1.098518068675621,0.9982409805970058,-0.053830075934547805,-0.08374495326456421,0.012968130775563136,-0.07949961952104667
2024-09-22,Construction & Building Materials,2024-09-29,2024-10-06,361036.3100612383,331053.7837920662,1691.7484716584836,1571.617568981087,381121.0,345550.0,1687.0,1622.0,1.0491566473407958,0.9620286608675339,1.1060794191948242,1.0275368218248362,-0.005814956818602113,-0.08837778593833312,0.1021162681814225,0.023855093798753835
2024-09-22,Education,2024-09-29,2024-10-06,112413.34613022511,87149.96501460388,114.96876224705464,144.18990298845986,196833.0,125999.0,197.0,167.0,0.786231023274467,0.6095362208361726,0.8331069728047438,1.0448543694815933,0.12396486657226524,-0.12863105519568185,-0.08754950597575684,0.14436430943222112
2024-09-22,Electronic & Electric Devices,2024-09-29,2024-10-06,246107.65735127375,223768.16294559694,1297.87694106493,1241.953045063858,238024.0,199826.0,1256.0,1147.0,1.1188847750537545,1.017322229451063,1.149072103643143,1.099560022190224,-0.05277996254623851,-0.13876028902360882,0.0998957127668898,0.052502580562591605
2024-09-22,Furniture,2024-09-29,2024-10-06,355785.9584108789,281312.5589928673,1541.1035892362409,1367.2072554836698,349398.0,274650.0,1370.0,1228.0,1.208073011544306,0.9551982091864278,1.2565051685578807,1.114722589061288,-0.10051256523088792,-0.28879398954635194,0.09921796664496485,-0.02481650821421555
2024-09-22,Gas Stations,2024-09-29,2024-10-06,961210.3737907256,1047465.8973540737,17870.52352947151,17923.75111255525,958064.0,918809.0,17341.0,16893.0,1.1640368023856025,1.2684932320855964,1.2047002514137461,1.2082884665333187,0.03571226408300876,0.12865331635978183,0.06094297847729213,0.06410301071926194
2024-09-22,Health,2024-09-29,2024-10-06,857106.364143463,854784.873916496,8387.941549819117,8029.86805995432,922640.0,814879.0,8789.0,8344.0,1.1113678879738373,1.1083577251767447,1.0683234477258,1.0227177048913354,-0.04372078757341302,-0.04631088950098228,0.020555000586338634,-0.023011551289168986
2024-09-22,Hotels,2024-09-29,2024-10-06,244407.2446590916,244018.37500691216,729.2842068680827,708.125721085701,264287.0,270756.0,694.0,690.0,0.834047671916023,0.8327206415797028,1.0740562693197095,1.0428950236902812,0.023013970420082908,0.021386280997836682,0.08202404579834233,0.05063163365831014
2024-09-22,Jewelry,2024-09-29,2024-10-06,235481.943953979,217548.0696164906,233.53692942948902,208.35710589117207,263504.0,261473.0,237.0,216.0,1.019848262460985,0.9421784833043477,1.1068100920828863,0.9874744355031851,-0.034660818350725764,-0.10817928556762357,0.0023044181523133034,-0.1057634940293044
2024-09-22,Miscellaneous Goods and Services,2024-09-29,2024-10-06,1662014.6705838968,1563358.079634707,23741.149540809598,23202.06984152907,1779380.0,1508733.0,24081.0,22320.0,1.1392436644414803,1.0716185717250766,1.09177298939135,1.0669825868124012,0.021317617502044417,-0.03930742763290718,0.04914709182065491,0.025324576496048135
2024-09-22,Other,2024-09-29,2024-10-06,2174130.9169201786,2015837.8670542515,32719.771473941517,30725.435113046424,2180725.0,1891206.0,30016.0,28393.0,1.1351317615542842,1.0524856489684584,1.1659606761315462,1.0948930107098949,0.004104812679305958,-0.06900155453487133,0.15385165828336977,0.08352206203217638
2024-09-22,Public Utilities,2024-09-29,2024-10-06,61143.489889576435,75781.58793176073,820.8074444446779,828.2622063294996,61551.0,55232.0,783.0,738.0,0.7215720485219054,0.8943204868239865,0.7222238842452071,0.7287832875754505,0.13170004237759003,0.40263544702303866,0.11674482237371153,0.1268873555503396
2024-09-22,Recreation and Culture,2024-09-29,2024-10-06,295096.4285545164,269019.4090567179,2731.7384952098755,2560.2136293277053,301043.0,293006.0,3065.0,2646.0,1.0344079898714298,0.942999640903314,1.126257882997269,1.0555405604319543,-0.04280529056930771,-0.12739047251569813,-0.0485062712609281,-0.1082502161867972
2024-09-22,Restaurants & Café,2024-09-29,2024-10-06,2035081.5918118008,1862799.8988727638,54959.97217601635,53738.58124261821,1950826.0,1863281.0,63367.0,61429.0,1.1270172824420799,1.03160860390462,0.995245998931891,0.9731283669268542,0.02327111414511296,-0.06335483765448313,-0.08458022958765532,-0.10492386084449501
2024-09-22,Telecommunication,2024-09-29,2024-10-06,122805.95480251004,105375.85254328937,1728.2781756459606,1593.2399112917374,136555.0,121507.0,1903.0,1696.0,1.1822759132832081,1.0144730563266444,1.720535764704789,1.5861024502655425,0.05563253049418093,-0.09419557014037716,0.03675955347688098,-0.04424720378420077
2024-09-22,Transportation,2024-09-29,2024-10-06,754124.4144163341,761166.1837400717,2919.2650254391224,2866.170423419905,769133.0,751959.0,3004.0,2768.0,1.0450878434571653,1.0548465349621519,1.0754337909151308,1.0558741659310757,0.016371685936806823,0.0258622352715403,0.05160843855876163,0.03248214100140667
2024-09-29,Beverage and Food,2024-10-06,2024-10-13,1932167.5142446724,1759497.2528264672,50604.98357687016,47516.51631033275,1908005.0,1744746.0,52702.0,50388.0,1.0472725112873789,0.9536818588377731,1.1293108440403512,1.0603879963475693,-0.132382577918414,-0.20991815699080185,-0.07323669370613584,-0.12979788458111585
2024-09-29,Clothing and Footwear,2024-10-06,2024-10-13,713033.3697840644,750029.0487657364,5753.787022619959,6326.780686254193,671244.0,615115.0,5499.0,4961.0,0.9143868377854464,0.9618297252424824,0.9463465497730196,1.040588928660229,-0.05846566163913802,-0.009614228300515726,-0.06152552232589148,0.03193291245379104
2024-09-29,Construction & Building Materials,2024-10-06,2024-10-13,362301.240005421,333718.8461290249,1612.500328674075,1399.7220471777453,345550.0,331245.0,1622.0,1542.0,1.0528324816609909,0.9697732222550675,1.0522024983191354,0.9133585952220198,-0.04938001315744611,-0.12437560216040333,-0.04416103813036454,-0.17028924292961156
2024-09-29,Education,2024-10-06,2024-10-13,180926.4775986961,148151.95093237318,194.74250628216726,190.5618890451251,125999.0,94103.0,167.0,144.0,1.2654192274917109,1.0361906658905995,1.411177581754835,1.3808832539501819,-0.08081227437118721,-0.24732158259858272,-0.011459358973770262,-0.03268076626840055
2024-09-29,Electronic & Electric Devices,2024-10-06,2024-10-13,209333.4100281667,217770.39682866368,1161.2617109859962,1049.445015407497,199826.0,185694.0,1147.0,1059.0,0.9516971877729689,0.9900544505253898,1.028120151382024,0.9291235196170846,-0.12053654241519052,-0.08509059242486605,-0.07542857405573555,-0.16445460556727942
2024-09-29,Furniture,2024-10-06,2024-10-13,306530.28994709515,277886.2394852831,1291.6296395880477,1205.8473899912476,274650.0,250454.0,1228.0,1115.0,1.0350997175186236,0.9383737184445089,1.0492523473501605,0.9795673354924839,-0.1226901987215292,-0.2046713504791582,-0.05720464263646152,-0.11981942336405282
2024-09-29,Gas Stations,2024-10-06,2024-10-13,968757.2478858881,953383.4519333655,16499.28396915705,15965.087175395896,918809.0,866483.0,16893.0,16218.0,1.168164013083204,1.1496257103087855,1.1071487313643382,1.0713026120044218,0.011161308519981983,-0.004885423172809378,-0.048539071036442394,-0.0793444913559831
2024-09-29,Health,2024-10-06,2024-10-13,844122.7680806305,804516.404681985,8106.128777712971,7665.772690074717,814879.0,743324.0,8344.0,7808.0,1.0945326941889033,1.0431770605334876,1.0324305900417718,0.9763449901387908,-0.08510061553733805,-0.12802782809981683,-0.07769612268597437,-0.12779921605703537
2024-09-29,Hotels,2024-10-06,2024-10-13,264746.2827435307,276837.8675818674,697.4352692913524,689.4477723186,270756.0,293870.0,690.0,714.0,0.9034553009206354,0.944718227468728,1.017411042000514,1.0057589676420131,0.0017378181428926442,0.04748953819850166,0.004949955751228252,-0.006559405880979918
2024-09-29,Jewelry,2024-10-06,2024-10-13,240319.50398000382,220649.60333436963,205.24388636136064,201.3498042446946,261473.0,233955.0,216.0,192.0,1.0407992411400822,0.9556109092476348,0.9727198405751689,0.9542644750933393,-0.08798536652193578,-0.1626328126541926,-0.13399204066936443,-0.15042276690002276
2024-09-29,Miscellaneous Goods and Services,2024-10-06,2024-10-13,1590217.0135966986,1459700.5879092598,22524.13522041085,22072.378539633155,1508733.0,1382802.0,22320.0,21000.0,1.0856216835262316,0.9965197178378186,1.0310180221276108,1.0103393467893327,-0.10630836943390476,-0.1796577527513742,-0.06465116812379668,-0.08341104855972947
2024-09-29,Other,2024-10-06,2024-10-13,2072970.8721790074,1879773.1313546123,30871.340976652515,28691.12742034504,1891206.0,1765005.0,28393.0,27305.0,1.0711245323408753,0.9712973507016467,1.0926554577893894,1.0154893170879729,-0.049412066088568074,-0.13800541959457868,0.028496167932186678,-0.04413887858658583
2024-09-29,Public Utilities,2024-10-06,2024-10-13,60870.84932884756,61424.58663634257,789.161259836475,690.2815922205386,55232.0,48402.0,738.0,689.0,0.7299363167791582,0.7365764897873005,0.7103161654693744,0.6213155645549403,-0.011050196928602984,-0.002053798697948639,0.007868786508907988,-0.11841431389458668
2024-09-29,Recreation and Culture,2024-10-06,2024-10-13,261345.7343841446,255059.70489973226,2608.958298136332,2168.5316847708386,293006.0,239656.0,2646.0,2265.0,0.9161009405975683,0.8940663834357142,1.0756373111260902,0.8940555286624773,-0.13186576540844797,-0.15274660131698048,-0.14879011480054427,-0.2924855840878178
2024-09-29,Restaurants & Café,2024-10-06,2024-10-13,1800872.7295592364,1738413.0676809687,56436.7630940371,54356.38801631246,1863281.0,1769330.0,61429.0,58740.0,0.9939499052254698,0.9594767445265937,1.0131818696474504,0.9758339036185533,-0.0768665531630005,-0.10888358691089384,-0.10936665624004449,-0.1421972317402992
2024-09-29,Telecommunication,2024-10-06,2024-10-13,107378.45973008338,103687.91295349064,1625.7035081703289,1460.4532461083422,121507.0,103608.0,1696.0,1564.0,1.033752530555088,0.9982229459528811,1.5814236460800863,1.4206743639186208,-0.2136614570679698,-0.24068754015971117,-0.1457154449971998,-0.23255215653791794
2024-09-29,Transportation,2024-10-06,2024-10-13,776151.0753593775,705172.4727782421,2873.914925539205,2462.368639619174,751959.0,690321.0,2768.0,2545.0,1.0728298262718576,0.9747201098859333,1.0587271783161558,0.9071168316887728,0.009124657711185868,-0.08315925492958687,-0.04330395288308764,-0.18030338228389686
2024-10-06,Beverage and Food,2024-10-13,2024-10-20,1788252.7093154187,1778819.5340742692,50840.751202211206,46078.75004475466,1744746.0,1705695.0,50388.0,48509.0,0.9631440536092836,0.9580633921385424,1.134572281099546,1.0283025193817221,-0.06276309060226848,-0.06770708982719165,-0.03531647371615487,-0.12567359787570376
2024-10-06,Clothing and Footwear,2024-10-13,2024-10-20,758997.9620656439,745321.0803214516,6185.817290273756,6126.581100932788,615115.0,655458.0,4961.0,4942.0,0.9733313696510153,0.9557922737562121,1.0174041595844994,1.007661365284998,0.13073332806795124,0.11035790311936,0.12489857979155405,0.11412640497050153
2024-10-06,Construction & Building Materials,2024-10-13,2024-10-20,350134.12130095065,295242.76462625264,1553.9818210405792,1420.7642718405386,331245.0,324158.0,1542.0,1505.0,1.014584487732434,0.8555256711115083,1.013025958957353,0.9261827065453315,0.013266159169297298,-0.14558597995585987,-0.041934758914562775,-0.12406641686773201
2024-10-06,Education,2024-10-13,2024-10-20,119307.92609031749,103513.85495384697,168.22653157889644,156.3420145082211,94103.0,99106.0,144.0,142.0,0.8344524564376736,0.7239870256078541,1.219032837528235,1.132913148610298,-0.0531041826497235,-0.17845494842144016,0.007344500472433735,-0.06382027240586174
2024-10-06,Electronic & Electric Devices,2024-10-13,2024-10-20,207059.48751185674,202378.95934067928,1077.5264663142761,1043.5024386784337,185694.0,186365.0,1059.0,1033.0,0.9413592027198681,0.9200800122781589,0.9456133973797948,0.9157546631666816,0.03619893062893098,0.012775911746615964,-0.06056977653506879,-0.09023327055062447
2024-10-06,Furniture,2024-10-13,2024-10-20,266355.2675148144,246530.27727098533,1230.0994983015385,1149.2454690742054,250454.0,245620.0,1115.0,1076.0,0.8994356225342897,0.8324900629136117,0.9992684795300881,0.933586896079777,-0.030201101347844928,-0.10238384390684385,0.0017096891706338546,-0.06413235417409979
2024-10-06,Gas Stations,2024-10-13,2024-10-20,952989.1357181123,918515.4029321832,16407.939562748987,15658.547891969654,866483.0,840293.0,16218.0,15970.0,1.1435455665122272,1.1021785846538554,1.0959449328890885,1.0458903845285812,0.037200479880053816,-0.000319540914179961,-0.028713694266916057,-0.07307477109041294
2024-10-06,Health,2024-10-13,2024-10-20,835556.2075082009,789998.2548410728,8227.396047843304,7499.178894243849,743324.0,710093.0,7808.0,7417.0,1.0834248542184286,1.0243520859434243,1.0478756986363502,0.9551269049536839,0.02537457402657428,-0.03053305479577606,-0.013974586787715237,-0.10124893405514757
2024-10-06,Hotels,2024-10-13,2024-10-20,280003.4940982939,251873.67919524317,705.7209663917124,669.2453567741982,293870.0,293789.0,714.0,645.0,0.9555210309202539,0.8595271226216548,1.0242684563014695,0.9713285294255416,0.034154345973104405,-0.06973925159463445,0.022784009263351335,-0.030079193080872257
2024-10-06,Jewelry,2024-10-13,2024-10-20,250715.62037035066,206292.47170485876,212.5554936503406,208.30685446345464,233955.0,218327.0,192.0,169.0,1.0858237600437883,0.8934316376634752,1.0073720078215194,0.9872362770779841,-0.04114145487162857,-0.21103719426151546,-0.015946788655830546,-0.03561641452104336
2024-10-06,Miscellaneous Goods and Services,2024-10-13,2024-10-20,1500704.511318245,1396071.0519300804,22481.55150591438,21511.174560868632,1382802.0,1321473.0,21000.0,20024.0,1.0208526997845278,0.9496758966906435,1.0235636271132025,0.9793832890579417,-0.005321344917725734,-0.07467321790530168,0.007237970695088691,-0.03623769888581396
2024-10-06,Other,2024-10-13,2024-10-20,2041798.078970214,1798010.2192568835,29700.883803765497,28262.9754871286,1765005.0,1770783.0,27305.0,26936.0,1.0550172420766228,0.9290496461347949,1.0492601983207213,0.9984623845098687,0.07962753870821793,-0.04927849252969618,0.0460636003157644,-0.004579456657324066
2024-10-06,Public Utilities,2024-10-13,2024-10-20,54988.62523409736,63251.5393455272,750.4091488016152,697.7743003372142,48402.0,45564.0,689.0,664.0,0.6664157019911452,0.7665552432984366,0.6772645747306996,0.6297601988603017,-0.004406408710577958,0.14519733751316632,0.016814564771836293,-0.0545063681067558
2024-10-06,Recreation and Culture,2024-10-13,2024-10-20,304431.66996809555,245360.06183926115,2501.678879946716,2337.8668174248005,239656.0,210540.0,2265.0,2194.0,1.0645059512703352,0.8579503113435057,1.0314074953398127,0.9638700545969081,0.0389946621164603,-0.16261079350163088,-0.05454312927183835,-0.11645244995283432
2024-10-06,Restaurants & Café,2024-10-13,2024-10-20,1825282.090864216,1740548.2689763806,56018.736200656385,52899.8470897683,1769330.0,1695745.0,58740.0,56836.0,1.002391413641793,0.9558580827497968,0.9988363205309247,0.9432252886700003,-0.020393547261944978,-0.06586914750036066,-0.0880734473838678,-0.13884570659186546
2024-10-06,Telecommunication,2024-10-13,2024-10-20,110030.05047584347,102424.85439457935,1597.4643626407758,1515.5456509198657,103608.0,103449.0,1564.0,1567.0,1.049074211033661,0.9765629739288478,1.4846323072869663,1.4084996755760835,-0.0944550480561328,-0.15704564844346947,-0.0580988427825615,-0.10639996997649426
2024-10-06,Transportation,2024-10-13,2024-10-20,788248.8969150339,660519.9936652514,2803.5744773807387,2556.4871360468064,690321.0,671105.0,2545.0,2469.0,1.0822659129559513,0.9068941000330226,1.0301578090687997,0.9393669432470353,0.04826047286492208,-0.12160105316213865,0.012852051076856386,-0.07641360691950638
2024-10-13,Beverage and Food,2024-10-20,2024-10-27,1860430.1735839874,2060416.236139226,48922.791238837985,49514.9366700707,1705695.0,2526078.0,48509.0,55263.0,1.0020184784334356,1.1097299813722734,1.0905052379791136,1.1037043559781712,0.06630430652025421,0.1809261841776546,-0.02907852586254689,-0.017326810548727756
2024-10-13,Clothing and Footwear,2024-10-20,2024-10-27,739105.1128844095,805715.2821463278,6202.888556089196,6548.448375906322,655458.0,1073053.0,4942.0,7669.0,0.9478209794951096,1.033241192092178,1.0202119335673019,1.0770474302477504,0.20157224727800416,0.3098612164332324,0.2503302874600273,0.3199855625693051
2024-10-13,Construction & Building Materials,2024-10-20,2024-10-27,360292.4727039734,373971.81100574404,1628.7421988398808,1663.2023929666957,324158.0,386087.0,1505.0,1852.0,1.0440203670924553,1.0836590186807458,1.0610698363777724,1.0835194742454044,0.08769180728455805,0.12898854625954814,0.056253047237276865,0.07860077364895957
2024-10-13,Education,2024-10-20,2024-10-27,135709.33722717044,130561.49739548264,170.07956520122872,175.94079838672934,99106.0,177651.0,142.0,170.0,0.9491656884976338,0.9131611435049756,1.2148540371516336,1.2567199884766382,0.4421361404755475,0.3874318289053764,0.18110809167519948,0.22181109990784265
2024-10-13,Electronic & Electric Devices,2024-10-20,2024-10-27,218295.37007787067,231699.72858487448,1110.041137552071,1206.0942553588475,186365.0,233304.0,1033.0,1307.0,0.9924411482095249,1.0533816846164925,0.9741475537973417,1.0584416457734511,0.1755650159825879,0.24775021586521095,0.048197485884863944,0.1388992024162865
2024-10-13,Furniture,2024-10-20,2024-10-27,284784.5764722223,315721.85181655886,1194.2009840564856,1342.092300571501,245620.0,334915.0,1076.0,1452.0,0.9616682080943292,1.0661380305554167,0.970106404595033,1.0902455731693754,0.13707338062966556,0.26059816100584876,0.07103227269639967,0.20367022472780372
2024-10-13,Gas Stations,2024-10-20,2024-10-27,928559.0022242534,948804.7911792244,16658.876776123216,18294.325558855366,840293.0,1011936.0,15970.0,17615.0,1.1126030107559808,1.1368615938858344,1.1087069832034353,1.2175518657519129,0.07164133886556723,0.09500681626670615,0.02718441090906487,0.1280259932701544
2024-10-13,Health,2024-10-20,2024-10-27,834434.3912829671,900977.3156080528,7916.672242638466,8053.916775243646,710093.0,933429.0,7417.0,8843.0,1.0819702500046577,1.168253204326993,1.008300610410554,1.0257806502252622,0.12257157213135472,0.21209232529563526,0.01391806386250849,0.03149548863263907
2024-10-13,Hotels,2024-10-20,2024-10-27,305983.71711713704,307228.1709249583,710.520801640515,721.8745865341822,293789.0,328481.0,645.0,728.0,1.0416183290910785,1.045854652213585,1.0275065822711713,1.0439256493625195,0.041221346572079653,0.04545605514328899,-0.004872826834012689,0.011028832680927358
2024-10-13,Jewelry,2024-10-20,2024-10-27,238146.75653133294,238428.91742828322,209.707891653813,229.86467059634424,218327.0,288706.0,169.0,239.0,1.0231253824961462,1.0243376012969498,0.9938762637621469,1.089406021783622,0.017916935014566704,0.019122982745755523,0.09222860236360941,0.19721182602262632
2024-10-13,Miscellaneous Goods and Services,2024-10-20,2024-10-27,1491921.0167385659,1767815.4879900143,21403.32391952548,23844.934380795512,1321473.0,1845570.0,20024.0,24650.0,1.0148777366338328,1.2025546668412737,0.9744729520818375,1.0856371508284244,0.07891152655157119,0.278429947302661,0.01920590092978469,0.13547306575216722
2024-10-13,Other,2024-10-20,2024-10-27,2091129.9720884673,2092264.9543166508,29116.856670487887,32146.729084135717,1770783.0,2503776.0,26936.0,33342.0,1.0805075186911879,1.081093975223064,1.02862793600367,1.1356659807512661,0.18477283185513205,0.18541587945453464,0.06635622305394206,0.17732023747063597
2024-10-13,Public Utilities,2024-10-20,2024-10-27,56718.20060627999,65168.97130051457,738.9220461369268,739.7669455415917,45564.0,61109.0,664.0,829.0,0.6983151087615963,0.8023610903580279,0.6681031158561725,0.6688670393685278,0.17181522677327377,0.3464107123778888,0.07245579990845696,0.07368206900085883
2024-10-13,Recreation and Culture,2024-10-20,2024-10-27,270778.9254874402,297188.1797918397,2465.123439977432,2694.315297952999,210540.0,296595.0,2194.0,2999.0,0.946832429392694,1.039177645574017,1.0163361945897473,1.1108288179562973,0.12986499602530377,0.24006150395500092,0.08835471963683528,0.18954317790419384
2024-10-13,Restaurants & Café,2024-10-20,2024-10-27,1841222.6641543054,1966227.4477604318,55484.99711561685,56712.47545828892,1695745.0,2125307.0,56836.0,65483.0,1.0111455091728283,1.0797944716417496,0.9842302677762239,1.0060041057630986,0.04063270512245043,0.1112836202180667,-0.05541373654040094,-0.03451693125146538
2024-10-13,Telecommunication,2024-10-20,2024-10-27,114629.16220168059,121758.250008229,1632.2934252384944,1772.4714217401802,103449.0,157105.0,1567.0,2014.0,1.0929241364346995,1.160895950804506,1.4685500901830808,1.594666146414917,0.10637366035132989,0.17518193583728103,0.043665872914638415,0.13329374791571613
2024-10-13,Transportation,2024-10-20,2024-10-27,756356.2395872653,773043.1604289047,2733.0040439096992,2761.90970409882,671105.0,881580.0,2469.0,3317.0,1.0384772872635903,1.0613884333365893,1.0042270967884253,1.0148483204478487,0.09565874366746097,0.11983144135685375,0.07387192295076583,0.08522974620778778
2024-10-20,Beverage and Food,2024-10-27,2024-11-03,2181959.0236273143,2027572.414195002,49879.42238896528,49499.04251982918,2526078.0,1913262.0,55263.0,51481.0,1.1826643856465178,1.0989838294952943,1.1007872527219924,1.092392662506575,0.2792199212797799,0.18870748533295933,0.028250889298177206,0.020409460508960864
2024-10-20,Clothing and Footwear,2024-10-27,2024-11-03,846934.3122307586,757015.8406270796,6298.954505171338,6588.712130470563,1073053.0,942631.0,7669.0,7117.0,1.0861000626200747,0.9707895170097226,1.0360122541400227,1.0836697583010795,0.29212598248973776,0.15494179737996872,0.2745759824304608,0.3332076346561237
2024-10-20,Construction & Building Materials,2024-10-27,2024-11-03,358407.3273078528,360952.6006851697,1709.24605193652,1630.8378510795947,386087.0,355721.0,1852.0,1728.0,1.0415169317371467,1.0489133913416075,1.1135153432811205,1.0624350821365438,0.10565627659305887,0.11350822958301099,0.1357116624162924,0.08361319008610946
2024-10-20,Education,2024-10-27,2024-11-03,162212.15252985078,130868.61790847218,175.79178805511785,170.57333535886949,177651.0,171857.0,170.0,149.0,1.1345292268353466,0.9153091773773648,1.24234479190896,1.205465267553848,0.6367541070152238,0.3204913719499545,0.23797033841632298,0.2012206715413345
2024-10-20,Electronic & Electric Devices,2024-10-27,2024-11-03,227096.4720081439,222641.90794401016,1235.021987813993,1183.6226298257532,233304.0,222326.0,1307.0,1197.0,1.0384187622832028,1.0180498729689598,1.0934236279893697,1.0479173349497592,0.21855751889112174,0.19465515490575025,0.1955682360251627,0.1458108710801096
2024-10-20,Furniture,2024-10-27,2024-11-03,312415.31328712986,294033.9255831786,1262.7900709154846,1250.0321994060312,334915.0,298846.0,1452.0,1357.0,1.0549724224245949,0.9929016586405522,1.025824590508111,1.0154607631243144,0.27194574255813797,0.19710905294022707,0.17359672018167727,0.16173996227326315
2024-10-20,Gas Stations,2024-10-27,2024-11-03,932425.5358133528,943463.1610158746,17683.158181192084,17381.45144658684,1011936.0,947774.0,17615.0,16956.0,1.113389788371405,1.1265695852735123,1.1728176541994417,1.1528072589346272,0.10964334561082012,0.12277879384437873,0.10727352418234726,0.08838143059404135
2024-10-20,Health,2024-10-27,2024-11-03,885095.3374017251,877168.9787680906,8407.430606505772,8527.596934669195,933429.0,798210.0,8843.0,8040.0,1.154342190251261,1.1440046256983547,1.0751190033894849,1.0904855415177999,0.24644988389087774,0.23528746061162487,0.133535203789372,0.1497366771833888
2024-10-20,Hotels,2024-10-27,2024-11-03,334390.5769942931,329132.1708075076,723.9106593478793,735.3945166324024,328481.0,358874.0,728.0,786.0,1.1384768595480115,1.1205739215658161,1.0468700785941856,1.0634772474799745,0.13819978622172058,0.12030120531234179,0.12234210751609198,0.1401465374145774
2024-10-20,Jewelry,2024-10-27,2024-11-03,249906.39894047484,244229.3501179849,210.80340457029718,219.1470787428548,288706.0,358892.0,239.0,246.0,1.0736471230107527,1.0492574028543284,0.9990682681056738,1.0386117475964682,0.1446426641710592,0.11864015956791829,0.2473574234928826,0.2967282765849397
2024-10-20,Miscellaneous Goods and Services,2024-10-27,2024-11-03,1681373.936483722,1613739.917835967,22770.09030761993,23255.01747639384,1845570.0,1654447.0,24650.0,23035.0,1.1437528903668053,1.097744918768727,1.0367005239309748,1.0587787960477983,0.272348308655358,0.22116752883787028,0.13713994744406355,0.1613572451255414
2024-10-20,Other,2024-10-27,2024-11-03,2199889.748413655,2028652.8313413723,31214.05922089938,30292.29197864205,2503776.0,2161558.0,33342.0,31292.0,1.1367047697559656,1.0482249627407596,1.1027170162647937,1.0701532149379842,0.24232599274651667,0.14562474980919315,0.15882310739899697,0.12460246430955046
2024-10-20,Public Utilities,2024-10-27,2024-11-03,58129.38447015385,70146.8837103234,777.0903001626245,768.2811681533121,61109.0,52875.0,829.0,724.0,0.7297277704986737,0.8805895593758821,0.7087006841428405,0.7006668200212605,0.27577439360358724,0.5395242671917171,0.17031671711238627,0.15704995203812078
2024-10-20,Recreation and Culture,2024-10-27,2024-11-03,263260.7180937554,275586.1126236952,2791.3370030502365,2460.521926091745,296595.0,309479.0,2999.0,2457.0,0.9205435202450327,0.9636417164026492,1.1508295209442327,1.014439054253451,0.250407134481597,0.30894895328058913,0.2722593450548023,0.1214776326762741
2024-10-20,Restaurants & Café,2024-10-27,2024-11-03,1977654.2173890248,1942971.4300203915,57285.79713399359,56547.77014558918,2125307.0,1991103.0,65483.0,63256.0,1.0860697185302681,1.0670229484811402,1.0138361378662324,1.000774638000658,0.16624505299383152,0.14579222113017676,0.007913947744274674,-0.005071255092033544
2024-10-20,Telecommunication,2024-10-27,2024-11-03,133928.99683495157,116386.14969684467,1812.2481188965671,1662.9014255517209,157105.0,126533.0,2014.0,1826.0,1.2851960659343393,1.1168531479703736,1.6037593972535993,1.4715941819041778,0.29463790693918335,0.12505823832849683,0.15650805290144687,0.06120065446823286
2024-10-20,Transportation,2024-10-27,2024-11-03,809128.3650304775,771856.5468415334,2975.972240971342,2902.4422847654214,881580.0,771015.0,3317.0,2932.0,1.1184124725786757,1.0668937418805746,1.0935044060155583,1.066486233608459,0.20566582730046346,0.15012784413993852,0.20533505102119975,0.17555378078793904
2024-10-27,Beverage and Food,2024-11-03,2024-11-10,2155378.363413093,1922756.980800095,51217.580387096445,50010.50460819405,1913262.0,1901273.0,51481.0,50916.0,1.168257148919372,1.0421718184538649,1.118837428586018,1.0924691083653335,-0.14674908557333022,-0.2388370506373536,-0.07320304024217927,-0.09504542626723034
2024-10-27,Clothing and Footwear,2024-11-03,2024-11-10,926089.1961626456,798385.7871619335,7049.412677301019,6799.358982065234,942631.0,927247.0,7117.0,7189.0,1.1876074914177919,1.0238419212791243,1.1594428745560887,1.118315622050203,-0.13695856946241647,-0.25596798372314,-0.08079114913273966,-0.11339692501431298
2024-10-27,Construction & Building Materials,2024-11-03,2024-11-10,353986.90530619165,350202.40758260764,1647.5295468846316,1604.257477142561,355721.0,350978.0,1728.0,1704.0,1.028671367460502,1.0176737729446739,1.0733091510649067,1.0451188776173035,-0.08314212779453423,-0.09294431674050763,-0.11040521226531774,-0.13377026072215936
2024-10-27,Education,2024-11-03,2024-11-10,157578.87577515794,110801.5513315407,170.46422988640194,144.4216158528991,171857.0,89571.0,149.0,101.0,1.102123591300435,0.7749579572418087,1.2046942041441833,1.0206474618579442,-0.11298627210002787,-0.37629649519822184,0.002730764037658373,-0.1504610832182406
2024-10-27,Electronic & Electric Devices,2024-11-03,2024-11-10,211691.03129288083,222289.18344209332,1150.2503825149008,1118.7021436542566,222326.0,198097.0,1197.0,1164.0,0.9679760181114789,1.016437008896398,1.018371299260647,0.9904401448908867,-0.09263865474710753,-0.04721229193630061,-0.11993084734896642,-0.14406875007325437
2024-10-27,Furniture,2024-11-03,2024-11-10,309930.7292514796,292421.3663916771,1256.6798853139221,1226.7969694549913,298846.0,304810.0,1357.0,1349.0,1.0465824123088028,0.9874563254439754,1.0208609953809278,0.9965856778675802,-0.07459884074622036,-0.1268788606312733,-0.13451798532099024,-0.1550985058849922
2024-10-27,Gas Stations,2024-11-03,2024-11-10,1020147.8008101409,939395.8829078481,17419.276411416748,16269.043185115754,947774.0,931846.0,16956.0,16560.0,1.2135515040031177,1.1174903142974295,1.153976575781169,1.0777769582719943,0.008114940875846743,-0.07168449100748653,-0.011111188679151396,-0.07640969712655388
2024-10-27,Health,2024-11-03,2024-11-10,848897.7572982878,821559.379895149,8314.002936888763,8312.933716668518,798210.0,765856.0,8040.0,7856.0,1.1071332714685014,1.0714785333675239,1.063171731059944,1.063035002131524,-0.09055990621858989,-0.11984802283285712,-0.05982099548922737,-0.05994190696952184
2024-10-27,Hotels,2024-11-03,2024-11-10,304538.19678969146,315144.0701552902,716.8511084360822,707.4083947626402,358874.0,399754.0,786.0,948.0,1.0368404905723747,1.0729495864403387,1.0366610389531197,1.0230056323393206,-0.0728894615223058,-0.04060183037895593,-0.015314411488898116,-0.028285172029340333
2024-10-27,Jewelry,2024-11-03,2024-11-10,270459.526249351,247844.38581653524,227.21677542132167,214.9400757001232,358892.0,343681.0,246.0,248.0,1.1559902559559545,1.0593292792103692,1.0768567555512876,1.0186733445503469,-0.06320088169504279,-0.14153365078475943,-0.049302194889867534,-0.10066913933002841
2024-10-27,Miscellaneous Goods and Services,2024-11-03,2024-11-10,1634588.3881502438,1554315.5465126045,22672.81435944901,22313.181038308165,1654447.0,1587174.0,23035.0,22865.0,1.1119270692495111,1.0573215513163527,1.032271642662949,1.0158978800905192,-0.11431785944166639,-0.15781273725049472,-0.08021037081342752,-0.09479995787796491
2024-10-27,Other,2024-11-03,2024-11-10,2166851.0282813013,1977152.5339245729,30971.141081205333,31209.643476510326,2161558.0,2157118.0,31292.0,31700.0,1.119633336613391,1.0216142501994876,1.0914939588089985,1.099899329568646,-0.1345667390847659,-0.21033170142833346,-0.07110727967112551,-0.06395406764710199
2024-10-27,Public Utilities,2024-11-03,2024-11-10,57473.28202379098,43269.203045243994,717.0208894168951,678.8786443624192,52875.0,52975.0,724.0,716.0,0.7277816656066629,0.5479160325088989,0.6602402296656492,0.6251184570556346,-0.05949562218673232,-0.2919340351626766,-0.13507733484089857,-0.18108728062434354
2024-10-27,Recreation and Culture,2024-11-03,2024-11-10,271650.88376455003,281000.6562288118,2645.411644982742,2415.2573477431533,309479.0,309537.0,2457.0,2341.0,0.9498814051294828,0.9825747462403903,1.0906665202979766,0.9957770965752024,-0.08410160736172212,-0.05257790512715399,-0.11790208570098637,-0.19464576600761807
2024-10-27,Restaurants & Café,2024-11-03,2024-11-10,1988210.0650600076,1849248.408179764,57073.73184021655,57000.63390755256,1991103.0,2075742.0,63256.0,61849.0,1.091866680611945,1.0155530125058598,1.0100830355411394,1.0087893584091845,-0.06450688532997462,-0.12989116011015633,-0.12841910358082942,-0.12953539227658228
2024-10-27,Telecommunication,2024-11-03,2024-11-10,111956.09868750573,112360.5787022878,1739.44030349999,1748.1161001682453,126533.0,117177.0,1826.0,1778.0,1.074341934837737,1.0782233655661968,1.5138731971279287,1.5214239340019542,-0.2873804227268023,-0.2848058387556869,-0.13632556926514894,-0.13201782513989802
2024-10-27,Transportation,2024-11-03,2024-11-10,785230.1272116681,725838.4955923378,2919.828580720494,2820.284927178708,771015.0,722014.0,2932.0,2863.0,1.085379287234591,1.0032855868520132,1.0728747311117008,1.0362979706701114,-0.10929226251540636,-0.1766617940602806,-0.11973814268299854,-0.14974828845984078
2024-11-03,Beverage and Food,2024-11-10,2024-11-17,1809084.6669463492,1366892.0092036102,51447.90225566684,43754.77002884769,1901273.0,1714826.0,50916.0,48110.0,0.9743640428271119,0.7362012671545136,1.1196374850255566,0.9522153192859205,-0.05445011349917095,-0.285569875320991,-0.0006429118380210097,-0.15007925197941585
2024-11-03,Clothing and Footwear,2024-11-10,2024-11-17,793768.1695482251,588430.4239711121,6473.497519827914,5018.277460742431,927247.0,694069.0,7189.0,5303.0,1.012012126717242,0.7502174408518584,1.0639325367454868,0.824764148367562,-0.1579226976958904,-0.3757574024500445,-0.09041765915021571,-0.29488865241781215
2024-11-03,Construction & Building Materials,2024-11-10,2024-11-17,335958.4015296492,238927.1959981717,1661.2369828245091,1297.412735093139,350978.0,340525.0,1704.0,1532.0,0.9762812780106074,0.6943125910783335,1.0797770444098207,0.8432971953806558,-0.05555645708392476,-0.32832979779610516,-0.03863600530989053,-0.24918244496924824
2024-11-03,Education,2024-11-10,2024-11-17,152420.56024345825,93151.50412200642,146.3314275671285,124.68106162815306,89571.0,249543.0,101.0,164.0,1.049811522561761,0.6415900992296664,1.0232966962736258,0.8718955358612102,-0.11309658469856765,-0.45797084714613656,-0.017909882099808816,-0.16321435148890562
2024-11-03,Electronic & Electric Devices,2024-11-10,2024-11-17,217603.69660557367,170119.4269066875,1085.865679661589,912.2188684607717,198097.0,179683.0,1164.0,1048.0,0.9950122047219919,0.7778861695501601,0.9529317065920043,0.8005431052749202,-0.021240445986642764,-0.2348199180181918,-0.09284404372465416,-0.2379123905925049
2024-11-03,Furniture,2024-11-10,2024-11-17,270921.02357061225,205633.76547878876,1219.3765380810491,948.022651938009,304810.0,271289.0,1349.0,1131.0,0.9097873417754831,0.6905444044488096,0.989753683507345,0.7694989057938384,-0.09344269767501578,-0.31190725163198185,-0.10141743693364103,-0.3013834547251224
2024-11-03,Gas Stations,2024-11-10,2024-11-17,870490.6393271446,714970.5407057875,16496.39602346758,14596.17119734818,931846.0,825343.0,16560.0,15503.0,1.034783776992063,0.8499113983827095,1.0898061718615035,0.9642710707107207,-0.08154197168613553,-0.2456318270961353,-0.027105683919109502,-0.13917367319248763
2024-11-03,Health,2024-11-10,2024-11-17,781286.7683137977,615336.4138832833,8119.380800273394,6988.685758792199,765856.0,710026.0,7856.0,7278.0,1.0130563275778852,0.7978766222022753,1.0357013585398807,0.8914708538544803,-0.02120147791458682,-0.22910460419778844,0.00987323386484995,-0.13076047776216437
2024-11-03,Hotels,2024-11-10,2024-11-17,335183.49585362466,227083.08714531473,788.0602241541541,592.7543913885656,399754.0,305632.0,948.0,652.0,1.1407414703207972,0.7728396472965264,1.1363521617219237,0.8547287547059346,-0.06601343130562631,-0.36723449693955335,0.0026211503233513067,-0.24585955294075623
2024-11-03,Jewelry,2024-11-10,2024-11-17,359084.5627582008,175181.76578617934,228.76264494500643,160.3055180417399,343681.0,277473.0,248.0,188.0,1.5230872059339788,0.7430481113762638,1.0689843221729272,0.7490912058025229,0.0005365479258405692,-0.5118816641603063,-0.07007054900403886,-0.34835155267585405
2024-11-03,Miscellaneous Goods and Services,2024-11-10,2024-11-17,1479151.884556771,1139037.491835675,22381.00999372793,19007.902324535564,1587174.0,1371099.0,22865.0,20436.0,1.0025765975995338,0.7720453491124143,1.0142298451863838,0.8613722900501003,-0.10595390208524602,-0.3115297789317669,-0.02839114418372346,-0.1748251649865178
2024-11-03,Other,2024-11-10,2024-11-17,1858286.620216064,1455339.1033148752,30420.00880427089,25606.810174741557,2157118.0,1815221.0,31700.0,28684.0,0.9430138652992524,0.7385324406945029,1.0666389243945682,0.897870235268555,-0.1403022170970828,-0.3267175327634627,-0.02786626600182507,-0.1816818939428111
2024-11-03,Public Utilities,2024-11-10,2024-11-17,49007.106613665106,36954.93869868923,682.1170116501245,534.1126129170149,52975.0,46748.0,716.0,665.0,0.6215271702885257,0.4686768933054646,0.6330552312298139,0.4956961604798282,-0.07315164796850859,-0.3010886298120241,-0.05784943142248,-0.2622753965234601
2024-11-03,Recreation and Culture,2024-11-10,2024-11-17,279731.54559628293,199891.3842207673,2381.4527527347122,1844.431581603404,309537.0,265523.0,2341.0,2685.0,0.9661156672898898,0.6903697530440861,0.9818399310388424,0.7604335525060417,-0.0961210757554376,-0.3541035604329622,-0.03074776038473248,-0.2493155956030101
2024-11-03,Restaurants & Café,2024-11-10,2024-11-17,1822222.1563965078,1377908.6395110327,56862.14569204589,49661.03900229346,2075742.0,1669690.0,61849.0,56150.0,0.9959049121838689,0.7530728225494313,1.0037094134725322,0.8765981607408999,-0.08481773348917276,-0.3079671722100601,-0.10107901713598888,-0.2149197071851926
2024-11-03,Telecommunication,2024-11-10,2024-11-17,101347.24706382302,79343.1199974735,1673.615474250089,1382.093523855692,117177.0,104028.0,1778.0,1667.0,0.9725383322344808,0.7613845253046618,1.4446400295641684,1.1930026101473388,-0.19904493638953458,-0.3729452396017362,-0.08345264279841791,-0.2431032180417897
2024-11-03,Transportation,2024-11-10,2024-11-17,704930.0788458547,538979.5430185078,2699.9950761332034,2153.2201724398665,722014.0,659671.0,2863.0,2393.0,0.9678691569859003,0.7400190339275328,0.9855795130984498,0.7859902071326397,-0.08571158946861634,-0.30094804508536444,-0.07912855520695661,-0.2656138566030469
2024-11-10,Beverage and Food,2024-11-17,2024-11-24,1848597.7352515254,1973858.473372809,50403.6817320151,49020.16113832014,1714826.0,2225249.0,48110.0,52042.0,0.9890327948565124,1.056049526267268,1.0918040903275195,1.0618353778973506,-0.02770526102694071,0.03817730193023783,-0.010062028988626293,-0.03723463865346577
2024-11-10,Clothing and Footwear,2024-11-17,2024-11-24,912455.7339560267,941496.8491864088,6936.343507665255,7683.471157090802,694069.0,1126828.0,5303.0,8010.0,1.1605536764067093,1.1974911099646588,1.1359881276883812,1.2583477165232233,-0.015951807926014583,0.01536791080090727,-0.035144873046980774,0.06878163264582038
2024-11-10,Construction & Building Materials,2024-11-17,2024-11-24,348455.0769070287,344242.64372229495,1650.745383178762,1718.4927958663286,340525.0,365936.0,1532.0,1713.0,1.009719116742718,0.9975127389439467,1.066372986549588,1.110137465029928,-0.007188265626253854,-0.019190252032050603,-0.03125270940213498,0.008505161893385349
2024-11-10,Education,2024-11-17,2024-11-24,163718.1148698181,197682.89822933276,131.6774807798091,169.057837407274,249543.0,229751.0,164.0,170.0,1.1276245354819292,1.3615603042206013,0.9208215439147489,1.1822226392117063,0.8278026913824574,1.206996664426352,0.3037374334634564,0.6738399743294456
2024-11-10,Electronic & Electric Devices,2024-11-17,2024-11-24,199146.58740781262,216571.35009174148,1087.3876269375914,1176.050604251829,179683.0,216738.0,1048.0,1224.0,0.910615435723407,0.9902917087157723,0.9488548228076714,1.026222167759013,0.005298350847375843,0.09325911089891048,-0.06581818991615851,0.010352752793667541
2024-11-10,Furniture,2024-11-17,2024-11-24,308561.2249863301,303087.9206940824,1317.920470197902,1293.254782318347,271289.0,343237.0,1131.0,1403.0,1.0304076064267649,1.0121300850847035,1.0658475294766696,1.0458995408963583,0.012306764825071648,-0.005649681132238515,-0.02303893980881988,-0.041323363737326146
2024-11-10,Gas Stations,2024-11-17,2024-11-24,934883.4462790554,926787.3444654751,16562.29776789635,17615.529696510395,825343.0,965966.0,15503.0,17284.0,1.1100742551530556,1.1004609988416683,1.0907012030224794,1.1600612246631805,0.003259601134796286,-0.005428638996706425,0.00013875410002128774,0.06373971597284989
2024-11-10,Health,2024-11-17,2024-11-24,754581.2210363548,821661.7380053111,7792.860836727426,8085.606516515309,710026.0,862034.0,7278.0,8228.0,0.9784285510071475,1.0654085754087674,0.9910168292398329,1.0282452491276541,-0.014721800134287921,0.07286714213286971,-0.008037062534696271,0.029226898741765428
2024-11-10,Hotels,2024-11-17,2024-11-24,368153.17244191177,300620.61725907796,876.9524830610437,712.6568000776331,305632.0,324642.0,652.0,714.0,1.252948299751767,1.023112441940234,1.2645313382278929,1.02762335988123,-0.07905068506653645,-0.2479859682227621,-0.07494463812126184,-0.248252320593214
2024-11-10,Jewelry,2024-11-17,2024-11-24,320648.8686895171,240096.94926036097,213.5308099656093,224.60384313445417,277473.0,266210.0,188.0,223.0,1.348567391552833,1.0097865553280942,0.9728055123717964,1.0232521327309985,-0.06701601575438532,-0.30139591871426996,-0.13898866949351085,-0.09433934219978157
2024-11-10,Miscellaneous Goods and Services,2024-11-17,2024-11-24,1552187.0045960178,1636517.174782721,22257.112487076967,23071.766686084145,1371099.0,1704320.0,20436.0,23489.0,1.0394038642790608,1.0958745759316066,1.0044503232202977,1.0412151854179725,-0.02204357896738618,0.031088699022741695,-0.026585939773585476,0.009042934007616354
2024-11-10,Other,2024-11-17,2024-11-24,1952322.1153274842,2047672.7070134892,29036.36392221109,30519.27940711737,1815221.0,2384783.0,28684.0,33447.0,0.9692991466796105,1.0166393096737367,1.0095391114043213,1.06109726052143,-0.09493958358908317,-0.05073681318616352,-0.08402637469365648,-0.037246706400082985
2024-11-10,Public Utilities,2024-11-17,2024-11-24,51959.93991258675,43242.87504442866,681.3304187294232,706.0852695265698,46748.0,56769.0,665.0,766.0,0.6632111392105117,0.5519474516175512,0.6391467342677516,0.6623689207566321,-0.019161115382977822,-0.18371165560304548,-0.04842120289186713,-0.013847388929371762
2024-11-10,Recreation and Culture,2024-11-17,2024-11-24,307618.8399023387,280965.5818309298,2446.087758361957,2626.943900031182,265523.0,310739.0,2685.0,2941.0,1.049062994155954,0.9581682143522187,1.0084880471498483,1.083052525265381,-0.006196868541277212,-0.09230372514132468,0.04489011463560755,0.12214604871045776
2024-11-10,Restaurants & Café,2024-11-17,2024-11-24,1897835.5350324654,1905633.542851641,56967.86983117832,54275.014624422794,1669690.0,2001715.0,56150.0,62554.0,1.0320010783292888,1.0362414628777168,1.0028671742131559,0.9554619245563383,-0.08570740726329895,-0.0819506745772639,-0.07892011461497639,-0.12245930209990796
2024-11-10,Telecommunication,2024-11-17,2024-11-24,110690.64940047852,117324.61520268484,1689.4416739018093,1880.179491234893,104028.0,143332.0,1667.0,1982.0,1.0553726476214307,1.118623754113487,1.3887724405275867,1.5455647276900066,-0.05535515160416704,0.0012597626043067134,-0.049807832451175926,0.05746878022209967
2024-11-10,Transportation,2024-11-17,2024-11-24,727743.723421041,780225.2579787243,2663.703346549492,2895.113958289056,659671.0,802398.0,2393.0,2955.0,0.9991922961246259,1.0712494548896991,0.9656347096427377,1.049524726586571,0.0079357511364615,0.08062344771531338,-0.06961112589958363,0.011216890775080701
2024-11-17,Beverage and Food,2024-11-24,2024-12-01,2215879.9627892124,2068232.5775688358,48757.5491377161,49188.76215803668,2225249.0,2206680.0,52042.0,52248.0,1.1855353443705086,1.1065413570507654,1.054183088931518,1.063506311320426,0.2921893899376451,0.20608888456836771,0.013459761748412014,0.022422825982886696
2024-11-17,Clothing and Footwear,2024-11-24,2024-12-01,814252.3353858516,919448.0897658718,6369.756447176099,6893.796105350896,1126828.0,1100672.0,8010.0,8194.0,1.0381283468286677,1.172247329166219,1.0431962736940876,1.1290199976008675,0.17315761889070336,0.3247214466657806,0.2011609366728453,0.2999804083256452
2024-11-17,Construction & Building Materials,2024-11-24,2024-12-01,373584.747114733,378447.95193663903,1769.6438578060379,1736.4767977620993,365936.0,382060.0,1713.0,1805.0,1.0825374227102587,1.0966295430515676,1.143180786696407,1.1217550373140177,0.09708464023121066,0.11136613152232289,0.15512001162274003,0.13347049462278027
2024-11-17,Education,2024-11-24,2024-12-01,205983.4463214261,193457.95237080258,173.05825214452037,186.79190003405733,229751.0,215789.0,170.0,175.0,1.3758968015939383,1.2922309178891151,1.2017934176702803,1.2971659724587314,-0.1745573054686923,-0.22475103540951824,0.05523324478366076,0.13897500020766662
2024-11-17,Electronic & Electric Devices,2024-11-24,2024-12-01,207826.01583719536,231683.1720961424,1201.1980182730263,1161.0415848692992,216738.0,221302.0,1224.0,1265.0,0.9503028921038039,1.0593918552873638,1.0481658100113667,1.0131252922070673,0.156625923638827,0.2893995096705999,0.1461813151460174,0.10786410769971289
2024-11-17,Furniture,2024-11-24,2024-12-01,288317.64162388333,323732.4631892786,1383.0678182611741,1341.6897795380285,343237.0,348524.0,1403.0,1459.0,0.9628062988453487,1.0810703533222086,1.1185344264142127,1.0850705859587775,0.06276937739415644,0.19331216226709746,0.2228716341831778,0.18628627722195268
2024-11-17,Gas Stations,2024-11-24,2024-12-01,941946.1338505456,985085.3855176024,17424.3275293321,17243.088017135964,965966.0,930337.0,17284.0,16552.0,1.1184604424114835,1.1696836968746653,1.1397761262032444,1.127920720663023,0.14127839437730216,0.19354666546829913,0.12393262783539316,0.11224201877933071
2024-11-17,Health,2024-11-24,2024-12-01,845795.5237697358,873765.7834177617,9250.115086792453,9507.379871852829,862034.0,867531.0,8228.0,8743.0,1.0967016746504532,1.1329693418753617,1.1763356122327784,1.2090519325812716,0.19121767902828313,0.23061096835575268,0.2709693716395236,0.30631765208200457
2024-11-17,Hotels,2024-11-24,2024-12-01,282693.80504284415,321840.6368653767,640.0080898321698,683.2336332814111,324642.0,316305.0,714.0,703.0,0.9621015079930509,1.095331261379054,0.9255359216661893,0.9880457458877963,-0.07505167965774473,0.05303317998565826,-0.01839250025740824,0.04790434552363676
2024-11-17,Jewelry,2024-11-24,2024-12-01,239161.77640764043,255266.47851570655,196.5178524936664,202.59611112500838,266210.0,288130.0,223.0,238.0,1.0014038492698274,1.0688364922473284,0.8952977334563389,0.922989116742635,-0.13807189741834192,-0.08003128767229051,0.04530772603014044,0.07763888896281057
2024-11-17,Miscellaneous Goods and Services,2024-11-24,2024-12-01,1651840.0867871838,1691024.2064150725,22752.009966691166,22461.290274680527,1704320.0,1763837.0,23489.0,23772.0,1.1061353846500712,1.132374571834995,1.026784753782574,1.0136647460198356,0.20475624793481995,0.2333348696301818,0.11332990637557083,0.09910404554122754
2024-11-17,Other,2024-11-24,2024-12-01,2166623.780397532,2114306.6446575634,30358.07085093717,29800.189022399994,2384783.0,2370502.0,33447.0,35115.0,1.075696763883047,1.0497220773129639,1.0547955543913403,1.0354118697196064,0.193586775603374,0.1647654168046555,0.058362531409049234,0.03891329739227434
2024-11-17,Public Utilities,2024-11-24,2024-12-01,50544.69976570682,43697.419729696885,717.7128681956292,668.1450056437377,56769.0,63321.0,766.0,803.0,0.6583312680321818,0.5691472671463704,0.6777269765775535,0.6309206852159941,0.08121630370725641,-0.06525584560415665,0.07926747097087095,0.0047293317950942715
2024-11-17,Recreation and Culture,2024-11-24,2024-12-01,274547.6229228188,323544.2651942555,2745.4367608290872,2700.08047537349,310739.0,299716.0,2941.0,2851.0,0.9482118270126797,1.1174327264365524,1.1189878788787802,1.1005015183914775,0.03398810243488826,0.2185169088713803,0.022509035690535306,0.005616564384912426
2024-11-17,Restaurants & Café,2024-11-24,2024-12-01,1952646.408453865,1963512.635839159,56207.085598878046,52865.16432590375,2001715.0,1973320.0,62554.0,62580.0,1.0618060216085738,1.067714836240819,0.9894742645696337,0.9306428012657997,0.1694664329629243,0.17597436400718625,0.0010166624911496225,-0.05850108057161618
2024-11-17,Telecommunication,2024-11-24,2024-12-01,117490.5527711227,122452.80395700809,1882.2049130300363,1800.8784441896798,143332.0,138845.0,1982.0,2003.0,1.12020587484266,1.1675181293156,1.4698984092386072,1.4063869146346581,0.1294127808967076,0.17711389200030836,0.12909712839234322,0.08031100431294536
2024-11-17,Transportation,2024-11-24,2024-12-01,802534.3480407342,783507.326080675,2927.2117163891267,2883.0883258646627,802398.0,739171.0,2955.0,3190.0,1.101879840568222,1.0757557351327074,1.0611606729705008,1.0451652441053698,0.2165675738977979,0.18772437484848514,0.22323932987426942,0.20480080479091622
2024-11-24,Beverage and Food,2024-12-01,2024-12-08,2072926.7903200588,2004249.8517811936,51266.61700697986,49410.2181955835,2206680.0,1862515.0,52248.0,49966.0,1.1090528446872907,1.0723094563502706,1.1084314456175446,1.0682943946808967,-0.06845175963676031,-0.0993143455940465,-0.014899177453213563,-0.05057034326921528
2024-11-24,Clothing and Footwear,2024-12-01,2024-12-08,1036787.8666640571,1040306.6828014082,7827.172507785365,8398.074690689475,1100672.0,911329.0,8194.0,7071.0,1.3218492932193324,1.326335596323064,1.2818821663585596,1.3753807223533367,-0.07990583597136636,-0.07678307354679847,-0.022824905395085526,0.04844877536697556
2024-11-24,Construction & Building Materials,2024-12-01,2024-12-08,381499.81103312154,345540.0932737632,1746.5287085237317,1684.6227709871503,382060.0,358287.0,1805.0,1722.0,1.1054729225157898,1.0012723616383703,1.1282485197181729,1.088257603996867,0.04253151106510855,-0.055736267342477386,0.019573093125354157,-0.01656580794678908
2024-11-24,Education,2024-12-01,2024-12-08,165494.13106811684,158979.1592645851,164.9185125602918,138.834946898496,215789.0,119873.0,175.0,130.0,1.1054424502824947,1.0619247354998886,1.1452674483353595,0.9641315756840001,-0.279680475522993,-0.3080371390566957,-0.029891102586518947,-0.18332384177355288
2024-11-24,Electronic & Electric Devices,2024-12-01,2024-12-08,230922.87542842375,200569.2804085971,1195.651602327736,1185.3805753563881,221302.0,187279.0,1265.0,1164.0,1.0627013383851842,0.9230148478522447,1.0433260055215847,1.0343635038013859,0.06544710862157888,-0.07460029893882436,-0.023160455614594677,-0.031551817519290704
2024-11-24,Furniture,2024-12-01,2024-12-08,341957.4785726946,319219.698077209,1449.2729643979374,1366.3616920198492,348524.0,318420.0,1459.0,1344.0,1.1419308664315553,1.0660004510760663,1.1720768009688132,1.1050236085886367,-0.0037278073963629144,-0.06997293975530317,0.032981442906584,-0.02611426085541757
2024-11-24,Gas Stations,2024-12-01,2024-12-08,913000.4337859404,1006870.1866954145,17763.57485711744,16840.53562184043,930337.0,904580.0,16552.0,16307.0,1.0840905147301356,1.1955508218487647,1.155016408668516,1.0949989025547273,-0.054831708584007766,0.04234536898339525,0.027746751742504072,-0.025657508572064947
2024-11-24,Health,2024-12-01,2024-12-08,843770.9090870747,826873.594407283,8402.443391342156,9366.133984430724,867531.0,791090.0,8743.0,8401.0,1.0940764558468585,1.0721665346121982,1.0685373423211237,1.1910897163388725,-0.021186044764968992,-0.040787724837671124,0.021201190002692716,0.13832449980927608
2024-11-24,Hotels,2024-12-01,2024-12-08,329577.2927267925,300890.0059483578,729.9604250855213,782.4224108590853,316305.0,349289.0,703.0,770.0,1.1216616872260698,1.0240292616920963,1.0556188359877385,1.1314857713074262,0.015202261958688457,-0.0731636511962167,0.022353536534343466,0.0958297070855536
2024-11-24,Jewelry,2024-12-01,2024-12-08,282274.67272894946,244262.56356858005,220.55267702942766,219.38453832953053,288130.0,260028.0,238.0,215.0,1.1768530333010894,1.0183738274443574,1.0047957951226771,0.9994739787222348,0.06034586502742001,-0.08244407209128113,-0.010974542468934256,-0.016212832603002103
2024-11-24,Miscellaneous Goods and Services,2024-12-01,2024-12-08,1744912.0796765778,1609666.1646783177,24188.358221324215,23525.321902192147,1763837.0,1570763.0,23772.0,22478.0,1.1684599555806001,1.077894111219768,1.0916063010277868,1.0616838640788928,0.023817170294649914,-0.055537595828061836,0.02977386101256818,0.0015463366764079112
2024-11-24,Other,2024-12-01,2024-12-08,2073850.152769864,2057071.5713139116,31827.32894946376,32134.030512688907,2370502.0,2106687.0,35115.0,33623.0,1.0296360255510497,1.0213057072290546,1.1058451391356714,1.11650152922723,-0.1303820294048288,-0.1374177141845142,-0.048425002258386085,-0.039255224304454606
2024-11-24,Public Utilities,2024-12-01,2024-12-08,53176.41445725638,52160.23354989017,698.1570678128312,648.6998756310295,63321.0,55976.0,803.0,835.0,0.7059081574827777,0.6924185230403378,0.6620740330135905,0.6151729498634704,-0.06328428442888934,-0.08118456287956166,-0.08856779658899316,-0.15313332163050974
2024-11-24,Recreation and Culture,2024-12-01,2024-12-08,312725.89054861054,304372.832127749,2655.387612472331,2356.937855054855,299716.0,260371.0,2851.0,2355.0,1.0800690418457066,1.051219880078914,1.0822855563367968,0.960643103751724,0.006394081684663044,-0.020487186585047334,-0.09711403860172352,-0.19859304486404117
2024-11-24,Restaurants & Café,2024-12-01,2024-12-08,1951274.1023570853,1931336.5525684685,57076.25021268212,56160.311007405006,1973320.0,1966517.0,62580.0,61586.0,1.0610597918402236,1.0502181922910063,1.0047751115690893,0.9886508407253763,-0.02519884081545809,-0.03515907480911695,-0.08756833755343996,-0.10221071382477531
2024-11-24,Telecommunication,2024-12-01,2024-12-08,124866.6880085992,119280.94574310293,1850.9076636595335,1774.1357058941378,138845.0,114211.0,2003.0,1820.0,1.1905331465404232,1.137276257764394,1.3807591672208381,1.3234880312526205,-0.12882895648843806,-0.1677996138817366,-0.0661414411404978,-0.10487603133494561
2024-11-24,Transportation,2024-12-01,2024-12-08,827908.5976715207,733426.8141165313,2904.636449729479,2815.0027648019886,739171.0,712709.0,3190.0,2913.0,1.1367186910248632,1.006995180929207,1.0529767807610944,1.0204831483784624,0.03179294772858432,-0.08595632826037547,-0.017043502629617957,-0.04737639092995305
2024-12-01,Beverage and Food,2024-12-08,2024-12-15,1985420.9621142698,1742073.5758607923,50845.25751264751,48239.14463204821,1862515.0,1695088.0,49966.0,46699.0,1.0555118530455665,0.9261407748210887,1.093411126794781,1.037367496361369,-0.1002678403238032,-0.21054544570993883,-0.026847773835409705,-0.07672744158535816
2024-12-01,Clothing and Footwear,2024-12-08,2024-12-15,1015805.536689976,710575.3673062781,7380.0029870029675,7391.764657911675,911329.0,864151.0,7071.0,6550.0,1.295097940374536,0.905945736108057,1.2045051390571189,1.206424785035364,-0.07710422660885718,-0.35441678601229243,-0.09934061667037253,-0.09790521626657611
2024-12-01,Construction & Building Materials,2024-12-08,2024-12-15,339980.0716874413,323613.8896796234,1645.992713925029,1604.2372763129551,358287.0,355076.0,1722.0,1607.0,0.9851610736782603,0.9377367486029407,1.0547854623037674,1.0280277323376836,-0.11013958098874177,-0.15297626111180596,-0.08809267926591191,-0.11122588569919378
2024-12-01,Education,2024-12-08,2024-12-15,123398.47450572583,123723.00528209013,143.49968502484938,141.86749390676218,119873.0,136541.0,130.0,126.0,0.8242583053448924,0.8264260565170991,0.996525590450343,0.9851909299080707,-0.4281521555513681,-0.42664822914008527,-0.18000179985800346,-0.18932860624707326
2024-12-01,Electronic & Electric Devices,2024-12-08,2024-12-15,187028.97166390298,201385.55837316238,1122.074577482708,1074.8969272176446,187279.0,170941.0,1164.0,1054.0,0.8607026832456027,0.9267713387751493,0.9752929834704112,0.9342867685507559,-0.15486994395033493,-0.08999666350434077,-0.11298452372908452,-0.15027910891885798
2024-12-01,Furniture,2024-12-08,2024-12-15,297306.29144593584,277561.8018691537,1324.1371975517968,1189.1815524120695,318420.0,297805.0,1344.0,1229.0,0.9928229451318672,0.9268883085104588,1.0708752103128159,0.961731946956789,-0.1469560447890652,-0.20360778061438045,-0.09243509420713036,-0.18493382288411953
2024-12-01,Gas Stations,2024-12-08,2024-12-15,863069.992082662,900223.802361778,15986.029166053353,15494.323507182036,904580.0,819623.0,16307.0,15230.0,1.017459859963445,1.0612599120455215,1.0349288943160815,1.0030960740091306,-0.07230391558901561,-0.03236805333790016,-0.03419350132592114,-0.06390022310403354
2024-12-01,Health,2024-12-08,2024-12-15,766562.6606857914,744826.6460800788,9333.585757519702,8408.403480982875,791090.0,733055.0,8401.0,7746.0,0.974335892395579,0.9467084324707327,1.1869505636828006,1.0692952859391969,-0.11638585746700536,-0.14144088674631938,0.06754955478893998,-0.0382702183480641
2024-12-01,Hotels,2024-12-08,2024-12-15,277546.8101386391,286678.16877715965,729.9679986263047,672.5561191556897,349289.0,325443.0,770.0,623.0,0.9303255427278884,0.960933482977611,1.0525854342124077,0.9697997392295453,-0.12253423076258951,-0.09366539012295205,0.038361306723050825,-0.04330566265193503
2024-12-01,Jewelry,2024-12-08,2024-12-15,269938.56350109365,231502.13392525923,207.8129876432846,204.90262298618669,260028.0,249763.0,215.0,184.0,1.1172329505639944,0.9581506576629999,0.9318968055752672,0.9188458429873843,-0.06313621108147827,-0.1965358208959177,-0.12683618637275373,-0.13906460930173659
2024-12-01,Miscellaneous Goods and Services,2024-12-08,2024-12-15,1619710.3513871734,1436073.8303496032,22846.316865200424,21808.643887719805,1570763.0,1427775.0,22478.0,20547.0,1.0709742195447898,0.9495512875806288,1.0259937965735006,0.9793934607710701,-0.08171199981224264,-0.1858239563238535,-0.038940061198030285,-0.0825911203213947
2024-12-01,Other,2024-12-08,2024-12-15,1967908.3287493766,1794846.742244518,31902.33068924365,29984.619443311523,2106687.0,1952325.0,33623.0,31476.0,0.9657315346151514,0.8808032739453654,1.1009345419461185,1.0347552219243041,-0.16983477392156743,-0.24284107659705922,-0.09148994192670801,-0.14610225136518518
2024-12-01,Public Utilities,2024-12-08,2024-12-15,52041.59242990814,49891.3972310197,710.0957601308887,639.2707365007853,55976.0,48610.0,835.0,695.0,0.7006420888014881,0.6716937575699031,0.6824562807601045,0.6143880216249739,-0.17813059759150773,-0.2120876607915273,-0.11569643819316477,-0.20389696575244665
2024-12-01,Recreation and Culture,2024-12-08,2024-12-15,254801.46647186193,254656.89073127307,2336.8585905667724,2338.423839260784,260371.0,224178.0,2355.0,2327.0,0.8800140444731324,0.879514719708758,0.952459176917372,0.9530971425558524,-0.14985697636475215,-0.1503393521491243,-0.1803372183210199,-0.17978820089064051
2024-12-01,Restaurants & Café,2024-12-08,2024-12-15,1933226.8524915585,1708437.6431496912,56663.71446898389,52391.49511219476,1966517.0,1695581.0,61586.0,56179.0,1.0489340312519393,0.9269674595415297,0.9955586599489408,0.9204974851263651,-0.02031761068070126,-0.1342318310513798,-0.09453955786219415,-0.1628076843688917
2024-12-01,Telecommunication,2024-12-08,2024-12-15,89156.75713979239,100450.67977374893,1728.199914331139,1675.0441133876832,114211.0,102274.0,1820.0,1635.0,0.846716973321105,0.9539747549668929,1.240631668579425,1.2024724432072385,-0.3578684350189608,-0.27652648799921553,-0.13719425145724462,-0.16373234478897492
2024-12-01,Transportation,2024-12-08,2024-12-15,672857.711085811,689447.1270800412,2840.9030432980385,2497.4379663563395,712709.0,705593.0,2913.0,2579.0,0.9139983537565887,0.9365331314052555,1.0278230981541383,0.9035593221260273,-0.08971305545562391,-0.06726978320301902,-0.10943478266519169,-0.2171040857817117
2024-12-08,Beverage and Food,2024-12-15,2024-12-22,1814037.3492828645,1802664.5023871071,50016.85487727769,47013.66428724447,1695088.0,2083055.0,46699.0,49601.0,0.9643989665528787,0.9583528055973899,1.067652593570152,1.0035469189870212,-0.026028059219461608,-0.032134236563406415,0.001017789642510758,-0.059086893342583546
2024-12-08,Clothing and Footwear,2024-12-15,2024-12-22,733637.1359076215,810620.6078284362,6274.4967423896815,7339.652787963332,864151.0,1002025.0,6550.0,7302.0,0.9331140608154814,1.0310294423901012,1.021655416818315,1.1950912298238756,-0.19498102671195428,-0.11050717377759711,-0.11264365119648123,0.037993605991137436
2024-12-08,Construction & Building Materials,2024-12-15,2024-12-22,369744.442572848,324448.4869270333,1689.1580331771142,1609.1721180387224,355076.0,384984.0,1607.0,1678.0,1.0714093629773545,0.9401551630596066,1.0762395878796522,1.025276914965736,0.03197839322344387,-0.09444527173178685,-0.019071990024904673,-0.06552141809598
2024-12-08,Education,2024-12-15,2024-12-22,145113.5594124339,118720.46289371086,114.53095035515398,126.92351520261995,136541.0,164790.0,126.0,130.0,0.9693074168295983,0.7930108370180108,0.7953538219107915,0.8814133000181941,0.21056083865786213,-0.009614651391799067,-0.11899268957573861,-0.023665267672154155
2024-12-08,Electronic & Electric Devices,2024-12-15,2024-12-22,205459.30374035286,193956.77160883002,1097.1473567438895,1098.9981451847739,170941.0,171313.0,1054.0,1122.0,0.9455186137946638,0.8925842465592413,0.9470413092308066,0.9486388823347206,0.09707604024131311,0.03565680940644711,-0.05743354231624609,-0.05584351788249664
2024-12-08,Furniture,2024-12-15,2024-12-22,302411.22563037917,276916.987645165,1297.4599505392687,1224.5180552092909,297805.0,346002.0,1229.0,1359.0,0.9999131246303092,0.9156172354458856,1.0454955282347047,0.9867188196690498,-0.05027565595634953,-0.13034046967789392,-0.03462801299161555,-0.08890025654070621
2024-12-08,Gas Stations,2024-12-15,2024-12-22,859824.2966115916,935378.8108491361,16548.737462996825,16624.930069640483,819623.0,914137.0,15230.0,16371.0,0.9997189711156953,1.0875663156654676,1.0670753111517441,1.0719882689905846,-0.04947677749719026,0.03404763630539698,0.014824153001583795,0.0194965395008575
2024-12-08,Health,2024-12-15,2024-12-22,763206.5104983806,791180.0933111085,8735.495746177841,8955.965856612374,733055.0,853558.0,7746.0,8428.0,0.9604310205730581,0.9956334151023829,1.1108915554368717,1.138928703072725,-0.03524692449862765,0.00011388503344567091,0.03981618214234506,0.066059499656276
2024-12-08,Hotels,2024-12-15,2024-12-22,350220.42881190963,305473.6901829704,758.939907323912,680.3051516941533,325443.0,348101.0,623.0,664.0,1.1739245367153806,1.0239353010996783,1.0943617985925191,0.9809735424573227,0.0026666422701819847,-0.12544142477154918,-0.014363756722192145,-0.11648681598161903
2024-12-08,Jewelry,2024-12-15,2024-12-22,235008.6515365874,218649.0823356147,198.81614670465564,199.01372349610034,249763.0,315021.0,184.0,231.0,0.9648981003973895,0.8977290104846266,0.8915522273751374,0.892438221955607,-0.09621790139297537,-0.15913254597345405,-0.07527373625741562,-0.07435477443674265
2024-12-08,Miscellaneous Goods and Services,2024-12-15,2024-12-22,1480907.2504810144,1499743.1177053042,22250.01899640044,21733.29592212844,1427775.0,1658832.0,20547.0,22371.0,0.9656795493828422,0.9779621631437506,0.9933487654091896,0.9702797411548927,-0.05720516049778712,-0.04521362057464795,-0.01014240606813599,-0.03313035313958357
2024-12-08,Other,2024-12-15,2024-12-22,1889254.1239771047,1950127.8270619889,31166.148070442396,30313.658525771247,1952325.0,2372644.0,31476.0,34923.0,0.9217820759102311,0.9514828386005381,1.0715171584419445,1.0422078844038798,-0.10321081205840987,-0.074315345819294,-0.07307057459351052,-0.09842493157150622
2024-12-08,Public Utilities,2024-12-15,2024-12-22,55445.48859733901,48210.987199567346,742.4007550931751,657.9903573501696,48610.0,53670.0,695.0,739.0,0.7577056336798383,0.6588405572844374,0.721828638884954,0.6397572750123185,-0.0094774796816669,-0.13872039446249562,-0.11089729928961067,-0.2119875959878209
2024-12-08,Recreation and Culture,2024-12-15,2024-12-22,261537.30883007296,245645.1600011394,2397.745599916553,2280.245708511195,224178.0,286309.0,2327.0,2637.0,0.9035742538113922,0.848669136894046,0.9885572458942705,0.9401136707941435,0.004479411417066315,-0.05655714345630125,0.01815099784142382,-0.031742798933675154
2024-12-08,Restaurants & Café,2024-12-15,2024-12-22,1822578.252344226,1857202.9465662108,55400.35252337751,53781.3055030629,1695581.0,1939673.0,56179.0,59672.0,0.983437546623852,1.0021205437980323,0.9693595535266355,0.9410305154381406,-0.07319476396887192,-0.055587647314408795,-0.10043918222684523,-0.1267283878955786
2024-12-08,Telecommunication,2024-12-15,2024-12-22,108813.8294916786,103977.7972998647,1770.0631198524916,1682.7294790295148,102274.0,132510.0,1635.0,1861.0,1.0243374376149395,0.9788126284364808,1.2634283510724422,1.2010917052316308,-0.047256135646491226,-0.08959909903717944,-0.02743784623489476,-0.07542336317059628
2024-12-08,Transportation,2024-12-15,2024-12-22,714616.664218576,707623.2569583426,2636.9727834279074,2553.9796445639176,705593.0,806107.0,2579.0,2882.0,0.9707229981934542,0.9612232739312653,0.9512888829105005,0.9213490781255114,0.0026766383174283703,-0.007135791805151004,-0.0947570259430458,-0.12324763317407561
2024-12-15,Beverage and Food,2024-12-22,2024-12-29,1931598.3920948487,2082690.4650747594,46659.81753685407,49029.68764452007,2083055.0,2164980.0,49601.0,50789.0,1.0268980921853121,1.107223361724973,0.9959937571237327,1.046580663739155,0.13952691075321666,0.22866214914786687,-0.0008390428734219579,0.049908727050259616
2024-12-15,Clothing and Footwear,2024-12-22,2024-12-29,1023768.8467809455,1182006.0204299542,7869.154670894161,9402.56828015201,1002025.0,1124568.0,7302.0,8679.0,1.2908177383536283,1.4903308914011424,1.271782573073804,1.519606994772042,0.1847105966213607,0.36782347116413017,0.20139765967849788,0.4355066076567955
2024-12-15,Construction & Building Materials,2024-12-22,2024-12-29,410934.8462126891,379155.3799325555,1720.801074242532,1883.9244324439162,384984.0,399904.0,1678.0,1788.0,1.190766894945796,1.0986794588614797,1.0936136474372622,1.197282766090827,0.15731518382737542,0.06781472116548426,0.07081585204886864,0.17232385341874057
2024-12-15,Education,2024-12-22,2024-12-29,159018.43371040217,169402.85237296254,115.75968920098029,136.18029167134875,164790.0,207363.0,130.0,131.0,1.0621870749516706,1.1315513305721623,0.8038867305623631,0.945696469939922,0.16462039761245473,0.24067388090729191,-0.08127230792872786,0.08079596564562497
2024-12-15,Electronic & Electric Devices,2024-12-22,2024-12-29,198894.2100219408,217066.50960340624,1146.9407222558614,1200.8290407544312,171313.0,176046.0,1122.0,1208.0,0.9153062155286326,0.9989346869433048,0.9900222030693667,1.036537799529073,0.16352548552974877,0.2698329224902525,0.08817905337368259,0.13930649027934638
2024-12-15,Furniture,2024-12-22,2024-12-29,334673.0962275593,353495.4719294509,1318.761459448619,1407.6394291289985,346002.0,379494.0,1359.0,1557.0,1.1065859763672141,1.1688215645528446,1.0626603218764052,1.1342783474045113,0.12379945342609866,0.187003146117261,0.07303617530400253,0.14535348179739493
2024-12-15,Gas Stations,2024-12-22,2024-12-29,925143.5510476405,1009413.9117532423,17157.242425041055,16364.032009328776,914137.0,983180.0,16371.0,16856.0,1.0756657640781526,1.1736470361033249,1.1063121788078185,1.0551653615326289,0.12874278912090142,0.2315587919729465,0.12654250985167792,0.07446040770379359
2024-12-15,Health,2024-12-22,2024-12-29,811078.0972689036,899134.876470561,9097.375805169919,9608.821659466226,853558.0,911040.0,8428.0,9203.0,1.0206733747799706,1.1314854042289826,1.1569117829426996,1.221952268006133,0.10643552976093695,0.2265585480906085,0.17446111608183812,0.24048820803850068
2024-12-15,Hotels,2024-12-22,2024-12-29,344712.5845385743,354018.49708325847,667.3295820562828,717.9723199906086,348101.0,400693.0,664.0,796.0,1.1554624682437888,1.1866555060394206,0.9622632762167019,1.0352881326468761,0.05921032112712288,0.08780492154773167,0.07115502737766088,0.15244353128508603
2024-12-15,Jewelry,2024-12-22,2024-12-29,256005.23684879584,275273.09343055345,206.21261589836513,241.70065837429559,315021.0,355404.0,231.0,285.0,1.047458887461011,1.1262943357796185,0.9247202506653145,1.0838594545932538,0.02499264041829985,0.10213719978761238,0.12072073857807131,0.31359053464291087
2024-12-15,Miscellaneous Goods and Services,2024-12-22,2024-12-29,1578440.929144559,1733704.0970321316,22075.71578162573,23213.024838934478,1658832.0,1863368.0,22371.0,24121.0,1.0292799395023922,1.1305249472182524,0.9855670244933136,1.0363420170067628,0.10552498057786353,0.21426982334900924,0.07440092381494767,0.1297525107769737
2024-12-15,Other,2024-12-22,2024-12-29,2072559.7044034281,2219326.9048086884,31274.04561048922,31735.865319392,2372644.0,2613262.0,34923.0,37681.0,1.0112183228962157,1.0828272043844813,1.0625503893755044,1.078240930907213,0.061585394031950624,0.13676099256460295,-0.006416138947476835,0.008255982951836272
2024-12-15,Public Utilities,2024-12-22,2024-12-29,52097.89169978033,51955.441501018446,703.8762416015708,666.6706670999638,53670.0,57563.0,739.0,775.0,0.7177896653363873,0.7158270277485629,0.69347412965672,0.6568183912314914,0.0717525550253102,0.06882208395429834,0.012771570649742214,-0.040761630071994515
2024-12-15,Recreation and Culture,2024-12-22,2024-12-29,257728.23229388535,285194.30672618176,2398.5940749884394,2491.668812921463,286309.0,328633.0,2637.0,2598.0,0.890414435411898,0.9853058213533776,1.0027567203128926,1.0416675639303776,0.1496588973667592,0.27217794219852864,0.030766684567442804,0.07076442325804178
2024-12-15,Restaurants & Café,2024-12-22,2024-12-29,1907217.7249524575,1911808.0689937936,56824.572433663074,55015.47439692404,1939673.0,2135760.0,59672.0,63238.0,1.0291078135560479,1.0315846985273047,0.9942796327946436,0.962625204883932,0.12481664099353407,0.12752388060127684,0.011491347899803772,-0.02071104154712544
2024-12-15,Telecommunication,2024-12-22,2024-12-29,116836.7147251168,120979.40213340933,1795.968384557569,1914.9199381671665,132510.0,140912.0,1861.0,2009.0,1.0998622283578965,1.1388601188326044,1.2773601597137758,1.361962971669393,0.14238921646867042,0.18289498927791348,0.09845161135019498,0.171204855148114
2024-12-15,Transportation,2024-12-22,2024-12-29,780392.2920125264,774966.1301777652,2681.3532259226513,3122.269620515961,806107.0,858885.0,2882.0,3230.0,1.060071480837669,1.0527006758331676,0.96729914355074,1.126359891961025,0.10600911858894069,0.0983189036424188,0.03968717561948476,0.21065126813336987
2024-12-22,Beverage and Food,2024-12-29,2025-01-05,2158185.106073248,1967363.5402259536,50344.70415575954,49424.04575202224,2164980.0,1912858.0,50789.0,48677.0,1.147358673044779,1.0459119630462863,1.0702530645357045,1.050681244728364,0.03606726950236472,-0.05553932074479384,0.014993733105371554,-0.00356755404080078
2024-12-22,Clothing and Footwear,2024-12-29,2025-01-05,1026596.4079962684,1006284.092664215,8156.498752730067,8112.610448496424,1124568.0,914336.0,8679.0,7564.0,1.2943828655642247,1.268772106826948,1.3182220206432431,1.3111289613731596,0.024521751449583018,0.004250485431216866,0.11702256268557476,0.11101211291378044
2024-12-22,Construction & Building Materials,2024-12-29,2025-01-05,374102.7107574969,359515.90311249596,1758.531859581803,1848.4451921687034,399904.0,347410.0,1788.0,1724.0,1.0840383272070984,1.0417700995143333,1.1136997210777726,1.1706429336090585,-0.028264263560311864,-0.0661536502491118,0.047992764947439204,0.101576395809716
2024-12-22,Education,2024-12-29,2025-01-05,142096.95193191824,141156.24648529952,120.60678870903837,137.48982630387954,207363.0,115270.0,131.0,96.0,0.9491575423701276,0.9428739616341058,0.8375471438127664,0.9547904604436079,-0.13770889051569724,-0.14341740102373013,-0.07225547146893563,0.057614048491380965
2024-12-22,Electronic & Electric Devices,2024-12-29,2025-01-05,189964.4936860946,178478.1621557243,1229.3145720793923,1171.728453022278,176046.0,152049.0,1208.0,1133.0,0.8826587569660349,0.8292881985318377,1.0643416208479588,1.0144835091101974,0.10887377890816574,0.041824976246544576,0.09564578616701636,0.04432125937814435
2024-12-22,Furniture,2024-12-29,2025-01-05,348757.93690855335,306708.4869176795,1442.4710825436707,1367.7253481356188,379494.0,306708.0,1557.0,1393.0,1.1531570552876325,1.0141218827614944,1.162345755474352,1.102115510181804,0.00796508953287356,-0.11356441027023112,0.06142095845744722,0.006420418054171373
2024-12-22,Gas Stations,2024-12-29,2025-01-05,951912.9790293585,933878.5796322908,16210.935582821272,16238.192385163728,983180.0,952206.0,16856.0,16281.0,1.0955329691535065,1.074777627485074,1.043409750125271,1.0451641222388393,0.0413241987025561,0.021595865425303673,-0.009777314591578268,-0.008112370340008113
2024-12-22,Health,2024-12-29,2025-01-05,883735.1749573406,834025.8433438237,9502.332370054392,9457.332504635511,911040.0,812434.0,9203.0,8722.0,1.1121061787671813,1.049551177680518,1.2084100426088118,1.2026874171342927,0.03535456870809073,-0.022883221358333428,0.12747180470507735,0.12213247563306973
2024-12-22,Hotels,2024-12-29,2025-01-05,336096.01157661085,346062.19166629703,676.3337691101883,728.3749404237494,400693.0,405292.0,796.0,895.0,1.1265800685026828,1.1599862960728349,0.9780676342880525,1.053326016520245,-0.03448708398823663,-0.005856944776668205,0.01857495347919924,0.09695021148155036
2024-12-22,Jewelry,2024-12-29,2025-01-05,292454.6149249876,287845.6498122123,238.2625192207894,227.92365658419115,355404.0,286621.0,285.0,234.0,1.1871147211876545,1.1684062787299443,1.068441790227755,1.0220791775075837,-0.07163454206231457,-0.08626520196363963,0.031439477146274486,-0.013317503964540456
2024-12-22,Miscellaneous Goods and Services,2024-12-29,2025-01-05,1808071.9476206729,1583444.1617835492,23222.754416713993,23284.68585250484,1863368.0,1619352.0,24121.0,22860.0,1.179019214784021,1.0325424797044935,1.0392586613284103,1.0420302008236486,0.08996688490496507,-0.045446337071174625,0.03807404303401696,0.04084242333846677
2024-12-22,Other,2024-12-29,2025-01-05,2227174.9701306787,2026397.7746428465,32705.432096539444,32931.575719516484,2613262.0,2346190.0,37681.0,37050.0,1.086656337719469,0.9886955511299931,1.0985114483681062,1.1061071700232257,-0.061310938290498385,-0.14593264954925955,-0.06349878027261568,-0.0570232878184439
2024-12-22,Public Utilities,2024-12-29,2025-01-05,54784.666128421595,67206.70607492141,743.6978366402396,768.4734754996742,57563.0,51204.0,775.0,739.0,0.7576203802772947,0.9294055036186695,0.7425839606991909,0.7673224917620312,0.020768886313053736,0.2522210932536131,0.006357018457699093,0.03988291677899092
2024-12-22,Recreation and Culture,2024-12-29,2025-01-05,293173.6598179556,271693.805403314,2601.343784678525,2368.668129308132,328633.0,276372.0,2598.0,2242.0,1.0247280130932146,0.9496496157040535,1.0875183046314905,0.9902458734565769,0.02397640248108024,-0.05104692691003776,-0.013521507516676134,-0.10175649248838381
2024-12-22,Restaurants & Café,2024-12-29,2025-01-05,2018759.9272486793,1932267.0079056106,58688.84862192509,58100.10419282419,2135760.0,2115087.0,63238.0,62106.0,1.089294414394792,1.0426240537177256,1.0217595818507477,1.0115096744863976,0.04077332996266869,-0.003818165275481733,-0.01647592468955139,-0.026342267850512968
2024-12-22,Telecommunication,2024-12-29,2025-01-05,127119.40289668048,118358.34276823187,1938.8862045468047,1763.57907692443,140912.0,112209.0,2009.0,1812.0,1.1966600572979988,1.1141863319940681,1.3697535885177003,1.2459053881486613,-0.04068068148305426,-0.106796900096356,0.04185180255067422,-0.052348695903046805
2024-12-22,Transportation,2024-12-29,2025-01-05,785242.2198708236,729602.6386011697,3136.2387580158907,2995.7468979367277,858885.0,679101.0,3230.0,2992.0,1.0666595395093434,0.9910796883070675,1.131399263353496,1.0807167741474486,-0.025883387849474637,-0.0949059633508087,0.08821608536290437,0.039468042309759754
2024-12-29,Beverage and Food,2025-01-05,2025-01-12,1927614.94299958,1737896.741785931,49629.71226336014,47891.40166607428,1912858.0,1736601.0,48677.0,46841.0,1.024780366112962,0.9239202392478539,1.045639539084984,1.0090153837385418,-0.1096384525494093,-0.1972689162089576,-0.02282556728110141,-0.057051690994619375
2024-12-29,Clothing and Footwear,2025-01-05,2025-01-12,1035932.253023922,929657.0829047195,8013.569482083971,7447.688375571532,914336.0,663166.0,7564.0,5393.0,1.3061539547139946,1.1721570322956583,1.2951223405388235,1.2036668081731767,-0.0788175966024981,-0.17332070367935104,-0.07667133516718849,-0.14187252269022566
2024-12-29,Construction & Building Materials,2025-01-05,2025-01-12,355257.8740778844,338954.476328769,1740.5496477278775,1606.4823262070174,347410.0,340128.0,1724.0,1580.0,1.029431598511405,0.982189203533948,1.1023113665154385,1.017404893101341,-0.11164210891142767,-0.15241038767111859,-0.026538228340113212,-0.10151995178578443
2024-12-29,Education,2025-01-05,2025-01-12,144954.68422682752,176759.14140015902,120.72489672365992,127.5894304809472,115270.0,220760.0,96.0,153.0,0.968246186601479,1.1806887478009533,0.8383673383587494,0.8860377116732444,-0.3009616748078128,-0.14758591744834415,-0.07843590287282498,-0.02603488182483049
2024-12-29,Electronic & Electric Devices,2025-01-05,2025-01-12,195234.9818570332,179230.0620901522,1129.9175981071774,988.1892709940582,152049.0,144025.0,1133.0,1013.0,0.914089921796732,0.8391549090294789,0.9711367409601868,0.8493246849970418,0.10899981741722731,0.01808653471338295,-0.06463774991127702,-0.18196252401154123
2024-12-29,Furniture,2025-01-05,2025-01-12,329120.27407864865,299068.8107415662,1422.3352878913815,1284.052632617599,306708.0,266508.0,1393.0,1135.0,1.0882257460753004,0.9888615358266293,1.1461202964475274,1.0346918876854143,-0.13273918934515794,-0.21192743299876626,-0.08648986005691617,-0.17530338303301274
2024-12-29,Gas Stations,2025-01-05,2025-01-12,1004950.9348511905,854203.315475404,16318.192634873732,15358.89642764564,952206.0,866427.0,16281.0,15413.0,1.152219575447915,0.9793809303227451,1.048322795507756,0.9866951321884646,0.022143386614038585,-0.13118318570820808,-0.03190598986273541,-0.08881725037697907
2024-12-29,Health,2025-01-05,2025-01-12,817552.7555965362,745768.5208830104,9296.648272373224,8607.900333954347,812434.0,764030.0,8722.0,8114.0,1.0288211861782373,0.9384867814547415,1.1822532297797703,1.0946652678774524,-0.10261596022508757,-0.18140968466476737,0.010175841831274957,-0.06466366033311455
2024-12-29,Hotels,2025-01-05,2025-01-12,358371.80268087453,306670.560576579,787.9339992475902,644.5803589842919,405292.0,324454.0,895.0,662.0,1.2012476081455103,1.027947161650166,1.1394562534310777,0.9321480245615212,-0.10562000663631621,-0.2346495681816777,-0.01013316677438414,-0.190225679667975
2024-12-29,Jewelry,2025-01-05,2025-01-12,357420.38525184046,253566.16897955321,250.36019143867057,198.06710554437467,286621.0,233628.0,234.0,178.0,1.4508199882359598,1.0292610088166718,1.1226914414290161,0.8881932984052676,0.005673501850965268,-0.2865410378623954,-0.12154318793448926,-0.30502769984429945
2024-12-29,Miscellaneous Goods and Services,2025-01-05,2025-01-12,1622669.0822604892,1461104.2546610252,23541.892778916394,21624.061228536295,1619352.0,1419601.0,22860.0,20627.0,1.0581205187872555,0.9527662841708135,1.053540658249598,0.9677143598727392,-0.12917411790881395,-0.21587992567167347,-0.024008425068761885,-0.10351721617941645
2024-12-29,Other,2025-01-05,2025-01-12,2119869.898231818,1895051.4903328572,34327.92828109888,33723.595792887405,2346190.0,2031447.0,37050.0,33696.0,1.026965007765358,0.9180523626042898,1.148283267472784,1.1280680981062854,-0.1888031516809957,-0.2748329519455541,-0.08898574132589687,-0.10502386367433436
2024-12-29,Public Utilities,2025-01-05,2025-01-12,49627.70210615905,46003.165018451364,756.0629846755295,638.8521893758714,51204.0,48123.0,739.0,698.0,0.6936038477181717,0.6429468000705986,0.7575781409574444,0.6401324542844402,-0.13785414057364886,-0.2008205788709525,-0.024434858483187716,-0.17567459435371435
2024-12-29,Recreation and Culture,2025-01-05,2025-01-12,305839.59479868616,263853.11241123686,2420.522230407142,2226.8036035748855,276372.0,221898.0,2242.0,2068.0,1.0689991744070624,0.922244091769761,1.0119240093675343,0.9309379613607381,-0.06935823609106162,-0.1971192411862568,-0.06831322925052263,-0.14287775074099862
2024-12-29,Restaurants & Café,2025-01-05,2025-01-12,1913619.7527883651,1716491.5791975195,58732.29093051281,55662.4708170081,2115087.0,1734319.0,62106.0,56771.0,1.0325622575780067,0.9261946724511281,1.0187734766784529,0.9655242119168794,-0.10400992958555033,-0.1963087710241228,-0.07125002481873532,-0.11979394008336597
2024-12-29,Telecommunication,2025-01-05,2025-01-12,103554.77509750109,102797.79862687824,1780.5432424329547,1582.7430413179463,112209.0,99526.0,1812.0,1628.0,0.9748304371943601,0.9677045108128067,1.2455706487813605,1.1072004486309523,-0.26511031638539595,-0.2704822965618383,-0.11371665384123708,-0.21217369770137062
2024-12-29,Transportation,2025-01-05,2025-01-12,724150.656743325,687433.5839901591,2957.61375773051,2558.6965230488368,679101.0,661625.0,2992.0,2601.0,0.9836738098268468,0.933797969068481,1.0669602300615115,0.9230506937405616,-0.15687122636520034,-0.19962092248652719,-0.08433010596578638,-0.20783389379292982
2025-01-05,Beverage and Food,2025-01-12,2025-01-19,1843574.4330363292,1806282.0001658073,48637.544197372714,46940.99429985946,1736601.0,1649093.0,46841.0,45443.0,0.9732592484463082,0.9535718387394372,1.0152068337342193,0.9797949090955659,-0.03621992168978083,-0.05571558361059348,-0.0008105635644614084,-0.035663777556968146
2025-01-05,Clothing and Footwear,2025-01-12,2025-01-19,883678.7220123276,915225.1516838773,7533.625832546401,6939.569849459716,663166.0,614134.0,5393.0,4858.0,1.095537621673159,1.13464719812188,1.2175556901085094,1.1215466423369238,-0.03352955367356458,0.0009724561691515365,-0.004015622349761827,-0.08255290197518295
2025-01-05,Construction & Building Materials,2025-01-12,2025-01-19,325856.5152863321,326754.2700775006,1692.332582324693,1585.1030524171633,340128.0,330338.0,1580.0,1493.0,0.94423521023217,0.946836636455706,1.0667082145128857,0.9991194783593844,-0.06204048448135602,-0.05945634818370049,-0.018368571737417017,-0.08056667493203984
2025-01-05,Education,2025-01-12,2025-01-19,103199.13759871315,117873.69870043767,94.93460009367298,118.19811550589812,220760.0,141297.0,153.0,149.0,0.6893338561184779,0.7873547507351798,0.6592680562060624,0.8208202465687369,-0.10471816085093133,0.022587825977597564,-0.011097915690906457,0.2312303698531053
2025-01-05,Electronic & Electric Devices,2025-01-12,2025-01-19,170376.62258409397,186361.00482005483,1062.431655768335,1001.4001288164426,144025.0,145855.0,1013.0,973.0,0.7977031172002302,0.8725419732754084,0.9131342120913924,0.8606790965332554,0.12053760685104131,0.2256641268278965,-0.06228450505883931,-0.11615169566068617
2025-01-05,Furniture,2025-01-12,2025-01-19,273239.54315104836,290987.3965726859,1347.8300954471988,1240.9134193885536,266508.0,261060.0,1135.0,1091.0,0.8936435007671021,0.9516887371187305,1.0839003582205056,0.9979199190901115,-0.10912156464439027,-0.05125592885517849,-0.03242634928413579,-0.10917916770383806
2025-01-05,Gas Stations,2025-01-12,2025-01-19,880558.6575378231,886160.2154846309,15952.417617718378,15451.793812040425,866427.0,835626.0,15413.0,15282.0,1.008590092465484,1.015006105526237,1.0159481351240847,0.9840653300242278,-0.07524353182208143,-0.06936081532291238,-0.020181953337118252,-0.05093091259502336
2025-01-05,Health,2025-01-12,2025-01-19,770852.6845986722,782226.0913522873,8799.543030672698,8584.889970173364,764030.0,723221.0,8114.0,7561.0,0.9651589712753016,0.9793992350527181,1.1190364380584596,1.091739043704885,-0.05118116105594772,-0.037181984810720214,0.008890510281208241,-0.015720021764117798
2025-01-05,Hotels,2025-01-12,2025-01-19,356670.6873963497,307609.666393542,752.4392619146106,628.5448818974365,324454.0,317737.0,662.0,630.0,1.1955455393682553,1.031095005894561,1.0881261922120182,0.9089586144576088,-0.11996612961432829,-0.24101717676751078,-0.1592857408775301,-0.2977152157570542
2025-01-05,Jewelry,2025-01-12,2025-01-19,251954.71618630824,247613.77689736534,200.84815505221115,186.88292918833565,233628.0,226215.0,178.0,162.0,1.0126736220895303,0.9952262220982001,0.9006643724314402,0.8380400412032989,-0.12094816434836164,-0.13609338849084562,-0.14167455105892668,-0.2013550034686511
2025-01-05,Miscellaneous Goods and Services,2025-01-12,2025-01-19,1573410.6615058254,1452821.2060069323,22324.948773056964,21762.596301550628,1419601.0,1354005.0,20627.0,19656.0,1.0081538949280766,0.9308868900559256,0.9990802968408388,0.9739140454029056,-0.02837019900193083,-0.10283792158410754,-0.023405565483072488,-0.04800541113076873
2025-01-05,Other,2025-01-12,2025-01-19,2083623.2548070443,1931265.5253044982,34861.94060274588,32586.617335515464,2031447.0,1930071.0,33696.0,32309.0,0.9963908991672579,0.9235332677581757,1.1445906035440896,1.0698869701068836,-0.11191197012729392,-0.1768503295536601,-0.05905693379903154,-0.12046916773237615
2025-01-05,Public Utilities,2025-01-12,2025-01-19,54586.370103778,45472.20009927133,703.741339293837,628.3782375335635,48123.0,45243.0,698.0,657.0,0.7766377148028825,0.6469641689860829,0.7072777279335045,0.6315359171191592,0.0660567554053979,-0.11194047146177388,-0.047711313540139466,-0.14969115354050944
2025-01-05,Recreation and Culture,2025-01-12,2025-01-19,257307.9812057161,248237.2825349566,2227.453425249326,2169.3192583121227,221898.0,214383.0,2068.0,2041.0,0.9019473157321166,0.8701515965337856,0.9312096259403536,0.9069060444448673,-0.06897955941370293,-0.10180017319063939,-0.006488213537321208,-0.03241781520422715
2025-01-05,Restaurants & Café,2025-01-12,2025-01-19,1933686.1879586428,1762294.4712809878,55808.867767025346,54317.39826151965,1734319.0,1654029.0,56771.0,55089.0,1.043389823279486,0.950909267701514,0.9630936238323542,0.9373553347688796,-0.08576517752761814,-0.16679811691860058,-0.10139329908502648,-0.12540820111551776
2025-01-05,Telecommunication,2025-01-12,2025-01-19,107289.7636526859,92928.63150789065,1708.0870096610251,1619.8340072552364,99526.0,96678.0,1628.0,1633.0,0.9796899360144448,0.8485548104159345,1.177584977360238,1.1167418181697597,-0.04383994463290919,-0.1718255085787178,-0.05734712491113403,-0.10605187237569735
2025-01-05,Transportation,2025-01-12,2025-01-19,691630.8640988901,704449.5689249325,2678.2095993799394,2502.230082063759,661625.0,633926.0,2601.0,2423.0,0.9394994822508812,0.9569121906367114,0.9632115084984497,0.8999209070540402,0.018450663596269345,0.037326655276509024,-0.1048764707954748,-0.16369315439045495
2025-01-12,Beverage and Food,2025-01-19,2025-01-26,1931458.043071914,2025547.094401534,46403.661024094574,49872.633091742406,1649093.0,2543903.0,45443.0,53023.0,1.019654736863399,1.0693261999424746,0.9685792027404991,1.0409867267474255,0.11220599497058559,0.16638600023928007,-0.00933667035087693,0.06472178415794727
2025-01-12,Clothing and Footwear,2025-01-19,2025-01-26,798458.1730246439,883240.7103438627,5843.525266993287,7468.447048469707,614134.0,960923.0,4858.0,7466.0,0.9898857425116445,1.0949945982308353,0.944408123958511,1.2070217452072254,0.2040095134923141,0.33185463419997796,0.08353889616044641,0.38484091386421415
2025-01-12,Construction & Building Materials,2025-01-19,2025-01-26,366547.5431317617,361158.6494062649,1685.8803163482578,1798.4622394509129,330338.0,386946.0,1493.0,1824.0,1.0621456997567718,1.0465302894116937,1.062641233122129,1.1336036807128351,0.07767529615839242,0.06183157342607748,0.06701285844826432,0.13826724015880565
2025-01-12,Education,2025-01-19,2025-01-26,181155.49848735152,178357.49079959813,160.42243939144663,163.88263309254063,141297.0,184029.0,149.0,178.0,1.2100548631998285,1.1913651582882612,1.1140447179961572,1.138073840920421,-0.1794007135017598,-0.1920751458615776,0.0485126757610892,0.07112832086627852
2025-01-12,Electronic & Electric Devices,2025-01-19,2025-01-26,186152.15574016713,198103.36783341182,1071.1230261844862,1189.305672236238,145855.0,182933.0,973.0,1268.0,0.8715641421649896,0.9275197010703602,0.9206042339359573,1.0221793487204451,0.29249891157901153,0.3754790337331144,0.05737712357797253,0.1740431117830583
2025-01-12,Furniture,2025-01-19,2025-01-26,283999.87115724554,316341.94472649344,1229.0916601655433,1403.3750538330282,261060.0,361488.0,1091.0,1544.0,0.9288356880982915,1.0346120465022892,0.9884130761283019,1.128568599785306,0.06563356881311466,0.18698855091214317,0.08290014111501609,0.2364537919233729
2025-01-12,Gas Stations,2025-01-19,2025-01-26,933703.8850458186,942129.6060447663,16067.682851611527,17087.1947063522,835626.0,1054140.0,15282.0,17647.0,1.0694625277854288,1.079113331452704,1.023288934633265,1.0882177242613806,0.07764864789049586,0.08737332290517985,0.04247601710319393,0.10862224786558095
2025-01-12,Health,2025-01-19,2025-01-26,803688.8787564642,848165.2069058946,8766.236430525372,9420.067463331847,723221.0,951535.0,7561.0,9338.0,1.006272076291509,1.0619594053758667,1.1104935939353144,1.1933199218814095,0.051907488915964306,0.11012029227372566,0.08038408066617841,0.16096468613900017
2025-01-12,Hotels,2025-01-19,2025-01-26,307391.08314231987,323163.3206985743,635.3512337519752,681.8145579081925,317737.0,358202.0,630.0,757.0,1.0254880989298447,1.0781058968896662,0.9188014949413958,0.985993576150676,-0.05258963322283017,-0.003978003974140276,-0.040254933909403046,0.029931356356786232
2025-01-12,Jewelry,2025-01-19,2025-01-26,244329.8472444208,261254.51797365016,198.13345487586685,229.4833752207094,226215.0,292023.0,162.0,229.0,0.9820272275063486,1.0500520212846391,0.8884908290397616,1.029073431483002,0.04580721165451407,0.11825002984937671,0.11310929705543171,0.2892324450601651
2025-01-12,Miscellaneous Goods and Services,2025-01-19,2025-01-26,1533059.7981477715,1673104.217424872,22177.819023308733,22762.836969329874,1354005.0,1917534.0,19656.0,24957.0,0.9822993096927128,1.0720319714900008,0.9924959845744662,1.0186765554286041,0.07992301931864754,0.17857356921055434,0.07518393480916918,0.10354569105201317
2025-01-12,Other,2025-01-19,2025-01-26,2105592.2335005286,2058306.8875032014,33353.410399451626,33530.05092121678,1930071.0,2799764.0,32309.0,40582.0,1.0068964885936027,0.9842845848787564,1.07810745707249,1.0838171419729379,0.03649872898506756,0.013222046897212403,-0.010167070291677738,-0.004924889565029011
2025-01-12,Public Utilities,2025-01-19,2025-01-26,55754.06411084572,51551.10932199356,713.2713283493308,701.7372762760856,45243.0,63641.0,657.0,850.0,0.8208844898864939,0.7590030745513963,0.7304365881713577,0.7186249629043375,0.15857415603444758,0.07123640093081396,0.02187869391021602,0.00535426400585326
2025-01-12,Recreation and Culture,2025-01-19,2025-01-26,252723.70674324041,292568.6704038991,2219.624708708395,2254.6539031783805,214383.0,301140.0,2041.0,2700.0,0.8858779578107877,1.0255473837289935,0.927936751132272,0.9425810632016641,0.13891836223508292,0.318482683052119,0.07331949163848872,0.0902581736839363
2025-01-12,Restaurants & Café,2025-01-19,2025-01-26,1816303.0357238664,1888939.4177808112,56508.26080991591,58226.98954660824,1654029.0,2172361.0,55089.0,64920.0,0.9800515281471571,1.0192450965296593,0.975163049482996,1.0048231510696448,0.04727160097067862,0.0891533897632506,-0.004628052880591982,0.025646713050822445
2025-01-12,Telecommunication,2025-01-19,2025-01-26,113724.8573187811,117251.94851373539,1717.9347082131462,1876.072240470418,96678.0,155421.0,1633.0,2093.0,1.0384504019466105,1.0706571626799806,1.171452238808828,1.279285537313616,0.14266480436047968,0.17810369665951997,0.05524244976237491,0.15237852608748037
2025-01-12,Transportation,2025-01-19,2025-01-26,752931.1778704945,796868.8565862888,2579.177524008136,2976.0775364672086,633926.0,810125.0,2423.0,3297.0,1.0227687752215957,1.0824529630557755,0.927594865674568,1.0703389809268868,0.1380029138416694,0.20441164796718492,-0.008390033061077995,0.1442051274383731
2025-01-19,Beverage and Food,2025-01-26,2025-02-02,2157286.74503155,2058339.156907354,48777.452218404134,50021.231259355256,2543903.0,2036965.0,53023.0,50097.0,1.1388741558400721,1.0866377755086725,1.018127120549461,1.0440884021656736,0.30816560681025873,0.24816438909591754,0.07337658645785128,0.10074667736186549
2025-01-19,Clothing and Footwear,2025-01-26,2025-02-02,920935.9862648217,910396.8135009407,6900.524246158776,6670.536510935447,960923.0,909882.0,7466.0,7127.0,1.1417271854280464,1.1286612826553148,1.1152362418034385,1.07806650681785,0.4995684757151073,0.48240744446804884,0.4204455014736055,0.3731034398796722
2025-01-19,Construction & Building Materials,2025-01-26,2025-02-02,379825.678985973,373396.07893209794,1811.790623606314,1741.8017942957097,386946.0,381865.0,1824.0,1784.0,1.1006217860451666,1.0819907184624151,1.1420048052986538,1.0978895646364384,0.14980922263249452,0.13034552165387558,0.2135235255233181,0.16664554206008675
2025-01-19,Education,2025-01-26,2025-02-02,159120.73962949024,159093.21498149203,154.12603975733379,158.74984431570326,184029.0,165473.0,178.0,168.0,1.0628704424230437,1.0626865874782796,1.0703197205370403,1.102429474414606,0.12614379377828433,0.12594899383208435,0.034402951391501846,0.06543519674968623
2025-01-19,Electronic & Electric Devices,2025-01-26,2025-02-02,177883.23224449827,193005.0239983197,1206.180507914452,1167.1321971184336,182933.0,169687.0,1268.0,1202.0,0.8328490535082135,0.9036492621091453,1.0366828602616691,1.0031217852328609,0.219589539230731,0.32326642212004875,0.23965108727076245,0.1995192159490582
2025-01-19,Furniture,2025-01-26,2025-02-02,334089.54673945345,329896.41864732915,1472.1777284566913,1373.7178396849927,361488.0,356060.0,1544.0,1469.0,1.0926564606093474,1.0789426268640634,1.1838984547299487,1.104718809557694,0.2797423838943287,0.26368045141855956,0.3493838024350975,0.25913642500915923
2025-01-19,Gas Stations,2025-01-26,2025-02-02,986886.106176193,968100.0114178351,17307.391871724685,16561.52610428771,1054140.0,937676.0,17647.0,16241.0,1.1303773355250826,1.108859780859982,1.1022412349843769,1.0547399123861745,0.1810141213607439,0.1585326586509217,0.1325344766211678,0.08372766027272016
2025-01-19,Health,2025-01-26,2025-02-02,897825.8393348233,865758.4461187434,9816.557517325438,9569.784489012105,951535.0,857333.0,9338.0,8784.0,1.1241378291728075,1.0839873142089453,1.2435466832183226,1.212285848620738,0.24142667225484793,0.19708698464057783,0.29831470934075366,0.2656770915238864
2025-01-19,Hotels,2025-01-26,2025-02-02,374654.0641871651,358069.52959491126,757.093634484871,787.0663187872796,358202.0,357064.0,757.0,724.0,1.2498842845800853,1.1945565806116119,1.0988296581783323,1.1423313770497525,0.1791326291466373,0.12693683642418496,0.2017359277537636,0.24931161712266592
2025-01-19,Jewelry,2025-01-26,2025-02-02,306701.05252949725,284970.5991951951,224.77863036746186,219.47050757795935,292023.0,279800.0,229.0,218.0,1.232713840268235,1.145373316459889,1.0079759209303223,0.9841726797217908,0.35579449872686264,0.25973343586939457,0.3875224096756904,0.3547562196170331
2025-01-19,Miscellaneous Goods and Services,2025-01-26,2025-02-02,1851440.2208373859,1758227.9780167602,24043.443405463255,23820.632471089746,1917534.0,1724903.0,24957.0,23232.0,1.1862997471221841,1.1265745349104785,1.075985921347173,1.0660147444044548,0.36738063806070564,0.29853876316317907,0.22321140646434956,0.21187588884257957
2025-01-19,Other,2025-01-26,2025-02-02,2354341.393990943,2233119.356730365,35394.56572249042,35195.88469826607,2799764.0,2448892.0,40582.0,38333.0,1.1258486067926758,1.0678800971658529,1.1425526001094444,1.1361390867300247,0.21982113300025907,0.15701409778726538,0.09550174014950708,0.08935233830406597
2025-01-19,Public Utilities,2025-01-26,2025-02-02,55609.271717013246,62505.12136424745,760.6847250668295,734.451782986325,63641.0,58433.0,850.0,781.0,0.8450101310916933,0.9497959452999961,0.7940341597774838,0.7666511304658925,0.2291243223706041,0.3815423681950234,0.15781541106062336,0.11788703650886623
2025-01-19,Recreation and Culture,2025-01-26,2025-02-02,307291.85728311824,293891.5803100638,2463.7906373714077,2276.1821093365847,301140.0,269673.0,2700.0,2560.0,1.0771568939451461,1.0301846088676365,1.0300128082656386,0.9515811493882044,0.43337791374837664,0.3708716657107316,0.20714876892278666,0.11522886297725865
2025-01-19,Restaurants & Café,2025-01-26,2025-02-02,2069444.723886448,2036543.301540345,60436.554694947794,59577.57225442089,2172361.0,1966055.0,64920.0,62080.0,1.1166432165614284,1.0988900726122621,1.042953616548562,1.0281301566835652,0.2511538333889236,0.23126214929747002,0.09707118834881356,0.08147855750550725
2025-01-19,Telecommunication,2025-01-26,2025-02-02,135691.2050048134,105568.71131148696,1995.1326490885672,1900.6010747148073,155421.0,119238.0,2093.0,1867.0,1.2390306719215207,0.9639745723057048,1.3435236694199106,1.2798660435789948,0.40353756805905605,0.09196209387334209,0.22175912375294993,0.16387083571023098
2025-01-19,Transportation,2025-01-26,2025-02-02,859624.8183616942,754418.2652600561,3076.785151899253,3068.167480366059,810125.0,693154.0,3297.0,2915.0,1.1676995832640367,1.0247888091805706,1.1065582276206627,1.1034589032066386,0.35603338301583176,0.19007307676299146,0.26982466029684393,0.26626804802561255
2025-01-26,Beverage and Food,2025-02-02,2025-02-09,2174106.839622099,2023804.846753252,51961.14163761413,49860.7681062494,2036965.0,1977627.0,50097.0,49564.0,1.147753815010129,1.068406433099114,1.0818701542321125,1.0381387933592081,-0.14536566857222977,-0.20444889339206251,-0.02002637275118102,-0.059638871692484385
2025-01-26,Clothing and Footwear,2025-02-02,2025-02-09,979471.4524248303,823685.0227827297,8273.894393852443,6247.407178899772,909882.0,844146.0,7127.0,6368.0,1.2142963259799797,1.0211606417457735,1.33719505355191,1.0096819683070337,0.019302745823370104,-0.14281891183504847,0.10820980362341848,-0.16321896880528108
2025-01-26,Construction & Building Materials,2025-02-02,2025-02-09,369927.73949057254,354358.03323806985,1764.2827520492356,1617.3540687880786,381865.0,378464.0,1784.0,1755.0,1.0719405028979125,1.0268241275396763,1.112059723951614,1.0194478845181711,-0.04398097023726166,-0.08421838386216718,-0.03273971927125241,-0.11329272544513236
2025-01-26,Education,2025-02-02,2025-02-09,153767.14060141062,137808.46638859686,160.8835515996426,139.99837486647738,165473.0,132592.0,168.0,145.0,1.0271102883364045,0.9205119708540054,1.117246886108629,0.9722109365727596,-0.16444070988045023,-0.2511589673986335,-0.09615982247391797,-0.21349227603102594
2025-01-26,Electronic & Electric Devices,2025-02-02,2025-02-09,174462.39619386915,182628.17524130974,1149.5513738931265,1089.3709540781365,169687.0,164048.0,1202.0,1160.0,0.8208778284342281,0.8592993285292285,0.9880114945364216,0.93628788489741,-0.046304405471570775,-0.0016663191370078767,-0.0934137429864933,-0.14087464189421417
2025-01-26,Furniture,2025-02-02,2025-02-09,360121.95870515803,316395.2112331058,1453.7974440447256,1278.7868149131923,356060.0,347996.0,1469.0,1405.0,1.1777967572668606,1.0347862572585134,1.1691173655365705,1.0283770123950078,-0.003778939535591719,-0.1247421457057889,-0.0584213445306182,-0.17177019759508272
2025-01-26,Gas Stations,2025-02-02,2025-02-09,1032946.3479407086,991619.7014839005,17029.61161362101,16008.953438520024,937676.0,933109.0,16241.0,16400.0,1.1831346426080123,1.1357991859472276,1.0710110759800642,1.0068207564869045,-0.020105158763818243,-0.05930929337289115,-0.034985458513004386,-0.09282294789369161
2025-01-26,Health,2025-02-02,2025-02-09,856529.5165984723,849406.39259138,9701.450924407336,9348.60456225395,857333.0,808336.0,8784.0,8176.0,1.0724320789484045,1.0635134526319756,1.2289651538392876,1.1842671094823853,-0.09984444439934181,-0.10733037398374201,0.03892170961740593,0.0011356352809970272
2025-01-26,Hotels,2025-02-02,2025-02-09,366880.28189759306,323269.9859665999,772.3829759409791,689.4373129718742,357064.0,359803.0,724.0,711.0,1.2239501516178197,1.0784617431354688,1.1210202843845851,1.0006347067806594,0.024227340711646006,-0.09752043269831023,0.02032097218094986,-0.08925057731588604
2025-01-26,Jewelry,2025-02-02,2025-02-09,300614.5624759898,260065.9362664802,239.17897789769245,201.841198414343,279800.0,297396.0,218.0,213.0,1.208250603296161,1.045274792420786,1.0725514703932397,0.9051174816786682,0.02942084176927784,-0.1094333793349147,0.04444968514276182,-0.11859738683693011
2025-01-26,Miscellaneous Goods and Services,2025-02-02,2025-02-09,1791817.775688583,1701376.1772396462,24732.904148854417,22538.154894552536,1724903.0,1609308.0,23232.0,22498.0,1.148097005922773,1.0901470682678736,1.1068404890852483,1.0086216416975469,-0.06556140559250423,-0.11272698307323559,-0.00897927840467938,-0.09692050749078274
2025-01-26,Other,2025-02-02,2025-02-09,2308648.4738856554,2182718.887875403,37521.80107195429,35837.990498649524,2448892.0,2403597.0,38333.0,37939.0,1.1039982028656465,1.0437785383235862,1.2078869775931718,1.1536824136830262,-0.17541318700945674,-0.22039183021304554,-0.07540778985869878,-0.11689935196270451
2025-01-26,Public Utilities,2025-02-02,2025-02-09,70171.12421681629,73463.18543840606,765.8176399536676,728.4111274126158,58433.0,56651.0,781.0,766.0,1.0821863023474951,1.132956809450758,0.8002274189693497,0.7611401540361711,0.10260876191160229,0.15433738373699435,-0.09903807064274406,-0.14304573245574614
2025-01-26,Recreation and Culture,2025-02-02,2025-02-09,280631.75858000194,285411.8345215254,2444.150579013043,2275.5080401892737,269673.0,267474.0,2560.0,2826.0,0.983704664637092,1.0004603697817602,1.021802081527192,0.9512993479052148,-0.06810201706846664,-0.052228749015323706,-0.09475904480998398,-0.1572192443743431
2025-01-26,Restaurants & Café,2025-02-02,2025-02-09,2024407.8852315072,1880167.0187380274,59397.13436469035,57531.803166822385,1966055.0,1936425.0,62080.0,62073.0,1.092341972948134,1.014511633600677,1.0250163400438388,0.9928263198036565,-0.06810705714588539,-0.13450526006587882,-0.08507186745701867,-0.11380463390600148
2025-01-26,Telecommunication,2025-02-02,2025-02-09,121580.48092951368,109542.03815454202,1950.9151927079906,1788.6764097443968,119238.0,108605.0,1867.0,1807.0,1.1101820856649713,1.0002560234722686,1.296289164590027,1.1884893088002637,-0.21773453439680812,-0.29519152396045567,-0.06788571776971308,-0.14540066424061315
2025-01-26,Transportation,2025-02-02,2025-02-09,721804.0821105337,712878.8744699752,3136.318685410839,2687.2311251712786,693154.0,695193.0,2915.0,2846.0,0.9804862631643035,0.9683624144575064,1.127969316817421,0.9664560781051172,-0.1090213459521262,-0.12003842065116466,-0.048735612553582386,-0.18494658017249666
2025-02-02,Beverage and Food,2025-02-09,2025-02-16,1907658.5379596362,1447368.9862461544,49512.434898446256,43573.585809054115,1977627.0,1904558.0,49564.0,47717.0,1.0015853597241453,0.7599177514721448,1.0298998418813574,0.9063668395019057,-0.06347996261122002,-0.2894482790592109,-0.011668664821321562,-0.13021566542798735
2025-02-02,Clothing and Footwear,2025-02-09,2025-02-16,799003.6541820394,637561.7249488381,6487.027955003441,5219.186566288034,844146.0,873160.0,6368.0,6553.0,0.9788862361531288,0.7810983015958445,1.0374265080766738,0.8346692093855803,-0.12186013770792314,-0.29929185878076703,-0.08979543215891106,-0.26768814840914357
2025-02-02,Construction & Building Materials,2025-02-09,2025-02-16,372993.98053721024,279510.085411943,1738.7199645213059,1370.1665582089086,378464.0,360041.0,1755.0,1694.0,1.0808255569737852,0.8099370486087927,1.089423536667485,0.8585003497549553,-0.023230773867177534,-0.2680395285979522,-0.025381185806442885,-0.2319694180443338
2025-02-02,Education,2025-02-09,2025-02-16,150792.562408897,109044.48164961663,156.0715638095507,116.76889160161257,132592.0,123522.0,145.0,129.0,0.9894070640383775,0.7154821081027554,1.0838303042329909,0.810895080566754,-0.08871802403475482,-0.34101344841988346,-0.07100259637172202,-0.30494707379992525
2025-02-02,Electronic & Electric Devices,2025-02-09,2025-02-16,172858.08588490688,141369.41899646117,1134.2019647996215,897.3194255917165,164048.0,170651.0,1160.0,1109.0,0.8188096475512976,0.6696513128121547,0.9744003134017366,0.7708929773124712,0.0186878540189106,-0.1668812637593854,-0.05640435540796884,-0.2534780153147117
2025-02-02,Furniture,2025-02-09,2025-02-16,353241.9539058412,243726.2257916962,1381.6260979614547,1035.1911213402548,347996.0,359354.0,1405.0,1386.0,1.1552953597632163,0.7971187300838117,1.1106319115445777,0.8321472036497225,-0.007914525906192127,-0.3154911369103629,-0.05947849015557882,-0.29530897117749844
2025-02-02,Gas Stations,2025-02-09,2025-02-16,915863.3428407194,798350.0576947815,15863.328091071573,14222.868687890155,933109.0,915084.0,16400.0,16383.0,1.0452602959129695,0.9111442488350702,0.9924815022411595,0.889846947657907,-0.023262467162730616,-0.14858644383051134,-0.02325422750621431,-0.12426151789359308
2025-02-02,Health,2025-02-09,2025-02-16,842297.7310187367,663860.0104907259,9455.362598540098,8116.4263909904,808336.0,749698.0,8176.0,7331.0,1.05260703837563,0.8296160535699144,1.1928799089812776,1.0239609400101433,-0.017537256796674394,-0.2256684269814344,0.07643016832196015,-0.07599881705482692
2025-02-02,Hotels,2025-02-09,2025-02-16,354534.791811108,276608.63258912734,716.422303042601,617.1650810796287,359803.0,367052.0,711.0,723.0,1.182764333767387,0.922794694893853,1.0352923454372847,0.8918570535832785,-0.0070833469319001585,-0.22532478046196946,-0.010466432261600822,-0.14756204270769513
2025-02-02,Jewelry,2025-02-09,2025-02-16,259254.14693726876,188659.28394821,204.035454594648,180.27852573434674,297396.0,262777.0,213.0,201.0,1.0323298104098144,0.7512265671778526,0.9149571954916951,0.8084238822168015,-0.07343049700761706,-0.3257352253459256,-0.0640575477309725,-0.17303428562226264
2025-02-02,Miscellaneous Goods and Services,2025-02-09,2025-02-16,1591393.88996218,1267976.7921644878,22870.984382730356,19536.01841612317,1609308.0,1549191.0,22498.0,21511.0,1.0132833268995347,0.8073549549862644,1.0199105613382842,0.8711908143380307,-0.07740093792973868,-0.26489965397214355,-0.015539584076689206,-0.15909011638588288
2025-02-02,Other,2025-02-09,2025-02-16,2165616.986571695,1610511.7885877073,37372.15256719189,31296.49305747916,2403597.0,2401325.0,37939.0,37188.0,1.015814272262308,0.7554340728939092,1.1999021565270627,1.0048318582636346,-0.11567476778408559,-0.3423508310747443,-0.025065803167195533,-0.18356264687138601
2025-02-02,Public Utilities,2025-02-09,2025-02-16,61595.38933406684,54980.50636408794,769.0804845131436,653.4432762451768,56651.0,52307.0,766.0,717.0,0.9622926359428648,0.8589496221482594,0.8251936529110983,0.7011193951128506,0.054119920833550106,-0.05908465483394765,-0.015261863619534521,-0.16332487036469046
2025-02-02,Recreation and Culture,2025-02-09,2025-02-16,253474.4958030017,217636.9297854085,2356.8117285320914,1926.371110735253,267474.0,269754.0,2826.0,2408.0,0.8885097151855864,0.7628875082082669,0.9852891841689345,0.8053390931167446,-0.06006720805196786,-0.19295988183685986,-0.07937041854215177,-0.24751128486904173
2025-02-02,Restaurants & Café,2025-02-09,2025-02-16,1857655.098972458,1512514.358863622,57538.951888899945,49963.63840845711,1936425.0,1903717.0,62073.0,60583.0,0.9948668082155792,0.8100267554591921,0.9874032894977081,0.8574063186802998,-0.055135741893050816,-0.23068563246520468,-0.07314832653189518,-0.19517335037923467
2025-02-02,Telecommunication,2025-02-09,2025-02-16,107637.76475648364,86611.39863520254,1726.430482511262,1532.270866282996,108605.0,102808.0,1807.0,1698.0,0.9556842798611693,0.7689973153912628,1.1343170055921563,1.0067482695683285,-0.09728639564162733,-0.2736258689746345,-0.07529165371651747,-0.17928716321210714
2025-02-02,Transportation,2025-02-09,2025-02-16,695537.5917888747,598758.9181651268,2715.3235540550595,2220.3231169970322,695193.0,680972.0,2846.0,2757.0,0.9448063140199027,0.8133438266121142,0.9709721273216734,0.7939649980321946,0.003438762221489977,-0.13618197663848608,-0.06849963840306705,-0.2383111090919272
2025-02-09,Beverage and Food,2025-02-16,2025-02-23,1779148.1363365022,2193420.9886643556,48297.34919064192,47879.95784980926,1904558.0,3330995.0,47717.0,54714.0,0.9312807794137095,1.1481285713014864,1.0000279358671924,0.9913855774765873,-0.10036213283065909,0.10911763879859837,-0.02555586331527071,-0.033977123520917196
2025-02-09,Clothing and Footwear,2025-02-16,2025-02-23,822688.9656362128,1024850.6199651848,5730.327245454259,7996.606486435685,873160.0,1256520.0,6553.0,8571.0,0.9898724899546061,1.233116618054959,0.9059089788086727,1.2641856748771931,-0.025418629435888018,0.2140679692436911,-0.1001370531635899,0.2557485060357545
2025-02-09,Construction & Building Materials,2025-02-16,2025-02-23,364360.90775966714,357263.6056460345,1637.71717320035,1756.0604814249727,360041.0,441197.0,1694.0,2025.0,1.0558094811654186,1.0352436117137722,1.021020681546353,1.0948007988933746,-0.03726402574705345,-0.05601693781697992,-0.06682782153826206,0.0006042629202123173
2025-02-09,Education,2025-02-16,2025-02-23,102477.18124270326,153776.40536417006,136.21744475349576,139.38272445264343,123522.0,82059.0,129.0,108.0,0.6723915649721027,1.008985186796998,0.9426812785709049,0.9645863283919961,-0.2271239498408406,0.15977136904315548,-0.060569346527615475,-0.038739831361079835
2025-02-09,Electronic & Electric Devices,2025-02-16,2025-02-23,173153.90909891238,200892.9615020685,1089.1429676667947,1159.6344068592007,170651.0,224820.0,1109.0,1395.0,0.8235815791049127,0.9555183785681871,0.9356898347652876,0.9962494904288666,0.05550758984512072,0.22459866320874688,-0.061083648563107995,-0.00031516650068907914
2025-02-09,Furniture,2025-02-16,2025-02-23,336743.88443614746,333964.05686993815,1354.6482254993311,1430.392131495882,359354.0,524589.0,1386.0,1973.0,1.1013376039172926,1.0922460397565996,1.0794009764934909,1.139754686450902,-0.03233403706896787,-0.04032213913396088,-0.035837561922184236,0.018072691456143763
2025-02-09,Gas Stations,2025-02-16,2025-02-23,885700.5693025889,964995.802143586,15900.73334213506,17714.428103165294,915084.0,1001329.0,16383.0,16806.0,1.005400541581679,1.0954123049318583,0.9938890109782205,1.107255561656736,-0.050806958991297946,0.0341726445073256,-0.030443088894203663,0.08014805507105449
2025-02-09,Health,2025-02-16,2025-02-23,780805.797631701,864454.8681488112,8636.251753170689,9028.029615273654,749698.0,940312.0,7331.0,8334.0,0.9735241519994327,1.0778194718955105,1.0862526574643971,1.1355297925003023,-0.034057869955438136,0.06942517486393185,0.05629302264807845,0.10421105861957614
2025-02-09,Hotels,2025-02-16,2025-02-23,358135.4552346979,363429.0234890176,712.0581060769753,732.4722397396721,367052.0,365247.0,723.0,737.0,1.1947765152900172,1.212436400509148,1.01941031650247,1.048635991037469,-0.004634604951326393,0.01007780226684507,0.0014881942010904758,0.030200055892647182
2025-02-09,Jewelry,2025-02-16,2025-02-23,288171.3345943624,295718.88886078564,209.6500650142487,222.79170094665528,262777.0,334264.0,201.0,245.0,1.1474757982533794,1.1775295711899403,0.9507939456428512,1.0103932015721329,-0.03101812198428222,-0.00563931975956089,-0.015727394299301922,0.045970426979602186
2025-02-09,Miscellaneous Goods and Services,2025-02-16,2025-02-23,1460944.0173916575,1785842.2126350778,21699.223337512027,22640.16259793857,1549191.0,2120655.0,21511.0,24684.0,0.9293149791733598,1.135984609187771,0.9649245525396668,1.0067663908724018,-0.09219116701609797,0.10969572799928784,-0.035504340940882395,0.006318899366102304
2025-02-09,Other,2025-02-16,2025-02-23,2029017.7268394567,2205516.4551337063,36696.367327697335,34812.6379402004,2401325.0,3444269.0,37188.0,43879.0,0.9396480434463973,1.0213854686638713,1.1754309751180299,1.1150927446051475,-0.1558411302562548,-0.08241004830106446,-0.03275343768424743,-0.08240496744246284
2025-02-09,Public Utilities,2025-02-16,2025-02-23,54101.18421734558,53301.97109538734,735.8094150300633,772.8731555847601,52307.0,81525.0,717.0,955.0,0.8490655652180384,0.8365226911397371,0.8267521517191723,0.8683968040278203,-0.04500919282368221,-0.05911685415284218,-0.03941329630540036,0.008972787969660612
2025-02-09,Recreation and Culture,2025-02-16,2025-02-23,254362.5802909141,288060.8902733491,2492.324524185715,2365.2217495155296,269754.0,338139.0,2408.0,2576.0,0.8916227372390125,1.0097461630688012,1.0419416907130914,0.9888050792289004,-0.04901941762222084,0.07696781845468759,-0.11807341677787864,-0.16304962862153938
2025-02-09,Restaurants & Café,2025-02-16,2025-02-23,1769185.9603533803,1992453.4649510877,56351.73398170781,55502.549811312805,1903717.0,2103089.0,60583.0,59195.0,0.9392201365645942,1.0577477197909553,0.9652161860438969,0.9506710026345704,-0.08636484224621133,0.028933971081290366,-0.09216996146943424,-0.10585037276573062
2025-02-09,Telecommunication,2025-02-16,2025-02-23,103373.5461648794,109019.06216682753,1714.5074601710298,2025.365834767225,102808.0,146940.0,1698.0,2065.0,0.917823528264296,0.9679484161879047,1.1064907777805937,1.3071092834896578,-0.04816954868671419,0.0038125516028499895,-0.051185688892623205,0.12084440219547576
2025-02-09,Transportation,2025-02-16,2025-02-23,695646.7831459973,785847.8170660444,2631.659381382273,2855.5700631234495,680972.0,839122.0,2757.0,3137.0,0.9449546376833017,1.0674821723340133,0.9309017974468599,1.0101061418901485,0.000652744124289617,0.13040237324893145,-0.07531293697038899,0.0033626363750700605
2025-02-16,Beverage and Food,2025-02-23,2025-03-02,2376834.63018563,2169056.3440964213,47662.61133786435,50559.51129242346,3330995.0,2060794.0,54714.0,47175.0,1.2441349664647123,1.1353750941064473,0.986885276997357,1.0468674691987632,0.2479717762261009,0.13887649737966568,-0.00113981730066115,0.05957020123694834
2025-02-16,Clothing and Footwear,2025-02-23,2025-03-02,1181080.223027937,1141174.6031507684,8527.131046780216,8402.739567437371,1256520.0,1227495.0,8571.0,8051.0,1.3827574748746114,1.3360377067345648,1.3201936904753393,1.3009350623064517,0.3526503997296453,0.30694787112415645,0.30125607306275226,0.282273701730104
2025-02-16,Construction & Building Materials,2025-02-23,2025-03-02,377061.3715215059,376143.0917181241,1791.4008611256434,1887.8371142687977,441197.0,314024.0,2025.0,1642.0,1.0926116456385402,1.0899507440376124,1.1150954628855545,1.1751242541355729,0.04727342586401506,0.04472293910450231,0.05749755674477175,0.11442568728972713
2025-02-16,Education,2025-02-23,2025-03-02,156869.08356229452,168257.73603946282,122.56447466966796,135.89113416715838,82059.0,200706.0,108.0,116.0,1.029277418768787,1.1040026773013236,0.8481970565374946,0.9404230738211653,0.26996877934533536,0.36216816469505697,-0.04988779325838788,0.05341964470665417
2025-02-16,Electronic & Electric Devices,2025-02-23,2025-03-02,188147.0571273256,215111.08905780045,1224.775631883705,1261.4478122074438,224820.0,159177.0,1395.0,1152.0,0.8984797815121133,1.02724415278359,1.0522127421681315,1.0837180517246081,0.10252537123911143,0.26053225036947003,0.10439642189693865,0.137464212991383
2025-02-16,Furniture,2025-02-23,2025-03-02,400283.8533893104,361688.7067551642,1645.9254352413311,1528.5055924764251,524589.0,321514.0,1973.0,1413.0,1.3091482291259142,1.1829208846024621,1.3016413090085655,1.208782595869059,0.1138984215823684,0.006496954966868973,0.1875363890630095,0.10281788778962841
2025-02-16,Gas Stations,2025-02-23,2025-03-02,993891.7786061282,1008974.0385921289,17218.725204020837,16672.11250019493,1001329.0,840759.0,16806.0,14400.0,1.126051359431484,1.1431391347065278,1.075095230021281,1.040966065196986,0.08612081361506507,0.10260264477592096,0.051011731918503056,0.017647103716958323
2025-02-16,Health,2025-02-23,2025-03-02,870985.7908153093,879646.3212777841,9168.032725991168,9423.15218487444,940312.0,812015.0,8334.0,7678.0,1.0859623557854114,1.0967604769058221,1.153139139172526,1.1852276190018791,0.1617821987190966,0.1733342242846907,0.2505841939696041,0.28538428384591996
2025-02-16,Hotels,2025-02-23,2025-03-02,390854.09754266293,364795.54362345755,779.8068859422202,706.2268846952475,365247.0,296121.0,737.0,540.0,1.3039292530889404,1.2169952514702456,1.1164021273331715,1.011062111231564,0.06484666353176904,-0.006147511460344757,0.07857107322575407,-0.02319932960546689
2025-02-16,Jewelry,2025-02-23,2025-03-02,266558.2436492556,286584.3161702481,216.60110758421774,235.55533909305308,334264.0,319704.0,245.0,231.0,1.043084835918323,1.1214500452762224,0.9823179482277449,1.068278181827905,0.01438955330662739,0.09059893434451305,0.07761745066775005,0.17191710991568687
2025-02-16,Miscellaneous Goods and Services,2025-02-23,2025-03-02,1924912.5526620017,1896994.8237598704,23549.700168965846,23355.578340384745,2120655.0,1667944.0,24684.0,21061.0,1.2244480606323347,1.2066894310446163,1.0472118538316366,1.03857961314411,0.2425275854700948,0.22450674175093344,0.0947747742534446,0.08575046908022621
2025-02-16,Other,2025-02-23,2025-03-02,2504168.281662558,2333964.700889185,37132.7030832282,35563.05496353731,3444269.0,2338859.0,43879.0,36008.0,1.1575148853217692,1.078840788327998,1.183173052613695,1.133158774010238,0.042827722887388564,-0.028051304638403773,-0.0014869559205065164,-0.043695413479151624
2025-02-16,Public Utilities,2025-02-23,2025-03-02,53121.27207052515,59747.77368956066,773.1708338932449,785.7727696733009,81525.0,64008.0,955.0,922.0,0.8368058485298774,0.94119143821869,0.8974704978447416,0.912098397763553,0.015567172090258374,0.14225196798823592,0.07834146986505552,0.09591739145509193
2025-02-16,Recreation and Culture,2025-02-23,2025-03-02,306248.6976377802,300042.2448561238,2471.7406977440396,2548.5637841363696,338139.0,266522.0,2576.0,2387.0,1.0917100891829525,1.0695854330716443,1.0279645239110167,1.059914237528122,0.13528880994454284,0.11228098510540652,0.026470389428587815,0.058373664508459155
2025-02-16,Restaurants & Café,2025-02-23,2025-03-02,2164584.33209038,2133639.4586831415,59774.571014163506,59973.74410053173,2103089.0,1298511.0,59195.0,37982.0,1.1392941872945515,1.1230068503325465,1.020688335880394,1.0240893414021093,0.13703052086543344,0.12077554525338674,-0.013344155717552653,-0.01005654885806695
2025-02-16,Telecommunication,2025-02-23,2025-03-02,123710.09488660717,128746.80556092689,1932.7032322971816,1890.6385599248733,146940.0,117988.0,2065.0,1778.0,1.0983858054906566,1.1431052886994193,1.2345597140192792,1.2076899137175812,0.20331194932891572,0.2523033767890328,0.1382233405754898,0.1134502708627052
2025-02-16,Transportation,2025-02-23,2025-03-02,802504.0038109813,765870.9668526368,3038.7530464791344,3066.6049007136166,839122.0,790836.0,3137.0,2944.0,1.0901076502231908,1.0403459622446145,1.0749038013721735,1.0847558898880851,0.17846843014247482,0.12467321248544261,0.10219551921622583,0.11229775143765575
2025-02-23,Beverage and Food,2025-03-02,2025-03-09,2455521.8854307616,2074183.0725540936,53266.991152052615,47958.571712616176,2060794.0,1926115.0,47175.0,47029.0,1.2853231772145517,1.0857144433360177,1.0983903898723102,0.9889282863897924,-0.26282630702514964,-0.37730825997814665,-0.0264467750109183,-0.12346800247439094
2025-02-23,Clothing and Footwear,2025-03-02,2025-03-09,1439258.90754575,1067973.0913267806,8602.22682488024,7755.440880056422,1227495.0,1507834.0,8051.0,9811.0,1.6850218756407698,1.2503365531014579,1.3318202237003003,1.200718513710547,0.1454325498565483,-0.15005484088850107,0.0036433117349479183,-0.09515332165950041
2025-02-23,Construction & Building Materials,2025-03-02,2025-03-09,354691.23900063586,337518.4403156084,1846.9036728455815,1724.0523274822576,314024.0,307944.0,1642.0,1628.0,1.0277896586814754,0.9780279985152416,1.1496443652944797,1.0731729396092484,-0.19607060111325358,-0.2349938002397831,-0.08794880353304624,-0.1486161345766629
2025-02-23,Education,2025-03-02,2025-03-09,119924.90806783445,142286.4659717565,134.2614897146094,166.7210440310038,200706.0,140655.0,116.0,98.0,0.7868727031424702,0.9335953464851122,0.9291452575405496,1.1537788514256317,0.4614473496854026,0.7339532040575256,0.24316194180193906,0.5437133706574426
2025-02-23,Electronic & Electric Devices,2025-03-02,2025-03-09,192793.89765784433,200123.80720046355,1275.1353123291628,1159.808836000629,159177.0,150523.0,1152.0,1119.0,0.9206703612018965,0.9556737018063645,1.0954770724477345,0.9963993436431521,-0.14245219438731282,-0.10984873587552912,-0.08592450729092271,-0.16859581648700428
2025-02-23,Furniture,2025-03-02,2025-03-09,377351.5003452952,322768.28630066925,1690.907313049517,1373.4807398913285,321514.0,320680.0,1413.0,1442.0,1.2341468291866966,1.055629715889538,1.3372141661127062,1.0861848476799751,-0.2806721064580173,-0.384721589090375,-0.1429765265841273,-0.30386176386653396
2025-02-23,Gas Stations,2025-03-02,2025-03-09,1087320.5308422004,944033.90966165,16564.09232297389,16002.97069962701,840759.0,865804.0,14400.0,15089.0,1.231903501213923,1.0695637998080179,1.034221548637231,0.9991864822444437,0.08587739977789566,-0.05721904622591578,-0.01439412573045995,-0.04778229801100731
2025-02-23,Health,2025-03-02,2025-03-09,918827.4935279808,829493.4760841382,9304.270618693809,9124.317805497587,812015.0,837288.0,7678.0,7690.0,1.1456123394367002,1.0342289149789046,1.1702749033009003,1.1476407528454295,-0.02284827426643421,-0.11785292957641913,0.11642316039042577,0.0948305502156932
2025-02-23,Hotels,2025-03-02,2025-03-09,343631.3343979051,326365.13530853216,726.1228889724333,660.6407241568575,296121.0,352694.0,540.0,649.0,1.1463892844324293,1.0887874779684876,1.0395460114136483,0.9457991756003686,-0.059180953168937456,-0.10645361821306631,-0.014758630973631837,-0.10360824402054614
2025-02-23,Jewelry,2025-03-02,2025-03-09,286930.7769667586,276780.08752555226,232.8085628819367,198.81744292879432,319704.0,419215.0,231.0,300.0,1.122805801519709,1.083084538034155,1.0558211468568557,0.901666407840337,-0.14160430986657668,-0.17197159273642315,-0.04976096782882977,-0.18850023294369667
2025-02-23,Miscellaneous Goods and Services,2025-03-02,2025-03-09,1984820.9854246292,1674800.9044428791,24915.196306778096,22362.471694820226,1667944.0,1667143.0,21061.0,21502.0,1.2625561628473045,1.0653505877731424,1.107932955655376,0.9944179871407073,-0.06405285846843112,-0.21024357830817408,0.009366241564499056,-0.09404992323690542
2025-02-23,Other,2025-03-02,2025-03-09,2523719.45085573,2223532.7056365814,40471.15551177503,35816.85849873413,2338859.0,2358562.0,36008.0,37475.0,1.16655212516394,1.027795225912438,1.289547397137874,1.1412458099265272,-0.26726993424272893,-0.3544253640942152,-0.07766458871498816,-0.18373576201066266
2025-02-23,Public Utilities,2025-03-02,2025-03-09,72834.9011308292,64853.551259181215,850.0251910457666,758.1511337857271,64008.0,54897.0,922.0,834.0,1.1473496184815803,1.021621449869744,0.9866804306973496,0.880036139043212,-0.10659428235720092,-0.20449492475705344,-0.1099212659206632,-0.20612446724007638
2025-02-23,Recreation and Culture,2025-03-02,2025-03-09,281827.1083663635,270542.84572239144,2498.2386540627026,2369.7686220602336,266522.0,261965.0,2387.0,2324.0,1.0046524278536568,0.964426482494747,1.038984676258142,0.9855556756332849,-0.16653474350381503,-0.19990641208972804,-0.0301868578949136,-0.0800587647281702
2025-02-23,Restaurants & Café,2025-03-02,2025-03-09,2174023.183829718,1990501.0576070573,60586.049769803176,56122.41168249237,1298511.0,1448386.0,37982.0,41307.0,1.1442621752643145,1.0476682525671581,1.0345448452060717,0.9583254218959474,0.03372856965621418,-0.05353455911420901,0.023499447078354274,-0.05190621365837711
2025-02-23,Telecommunication,2025-03-02,2025-03-09,107253.03722093492,107382.47128269871,1907.7128030090587,1766.7077487485667,117988.0,114644.0,1778.0,1743.0,0.9522683964248543,0.9534176036606798,1.2174299955386463,1.1274459149639864,-0.27008957927769894,-0.2692087159201122,-0.07616813413604906,-0.14445145339052456
2025-02-23,Transportation,2025-03-02,2025-03-09,742770.5595024885,695328.8017428855,3026.1696432928343,2678.1313748157486,790836.0,889271.0,2944.0,3086.0,1.008966765809353,0.9445226972088432,1.070452650616496,0.9473404226444105,-0.11482411436896134,-0.1713614924374698,-0.03533004676670892,-0.14627625922354204
2025-03-02,Beverage and Food,2025-03-09,2025-03-16,1946049.9513198964,1786807.5785305954,44492.28175342285,46514.3345462624,1926115.0,1886990.0,47029.0,45810.0,1.0186441918068752,0.9352900528129877,0.917451758481155,0.9591474373140271,-0.05567953355847488,-0.13295187266141328,-0.056867371416579715,-0.014004567116854272
2025-03-02,Clothing and Footwear,2025-03-09,2025-03-16,1262091.2262180333,1022689.0803213783,7805.424199448065,7539.051556689218,1507834.0,1877616.0,9811.0,12014.0,1.47760164212433,1.1973199980113274,1.20845706757208,1.1672165283618545,0.02818441314875697,-0.1668486793662065,-0.03050252149446464,-0.0635881807614932
2025-03-02,Construction & Building Materials,2025-03-09,2025-03-16,298499.7232182435,285088.2698269012,1661.1318217410749,1623.8363096494102,307944.0,308044.0,1628.0,1629.0,0.867427901616566,0.8284547704275136,1.034006736222269,1.0107913536566513,-0.049436593323301636,-0.09214496399351257,0.011651535774101607,-0.011061930785986496
2025-03-02,Education,2025-03-09,2025-03-16,168524.79281644386,119981.39224088291,138.8786530486453,142.15931545482547,140655.0,88299.0,98.0,76.0,1.10575493787322,0.7872433171762643,0.9711793919485686,0.9941210870966817,-0.16034003559214038,-0.40220326128325556,0.1972297676607353,0.22551134012780572
2025-03-02,Electronic & Electric Devices,2025-03-09,2025-03-16,173680.85962289438,147197.61433762917,1117.6606810158228,1057.7295212734377,150523.0,155338.0,1119.0,1103.0,0.8423810417812448,0.7139328995876348,0.9606022183204321,0.9090928416617428,0.09111780987764795,-0.07525827011673059,-0.029808436618209422,-0.08183201278347418
2025-03-02,Furniture,2025-03-09,2025-03-16,309789.35528781137,288985.88477563276,1346.9538384973057,1340.4298199008674,320680.0,343796.0,1442.0,1577.0,1.0131814772020165,0.9451426933487903,1.0652066733865604,1.060047307157665,-0.03646698032492712,-0.10117169151068772,-0.04674179865725003,-0.05135893849903228
2025-03-02,Gas Stations,2025-03-09,2025-03-16,916320.3453543514,843293.6634854365,15544.893854141239,15412.701147866701,865804.0,837263.0,15089.0,14703.0,1.0400504694814465,0.9571630435419232,0.9705852806032242,0.9623314902514174,0.08987277609202105,0.003014732504126094,0.0795065176486971,0.07032646860185432
2025-03-02,Health,2025-03-09,2025-03-16,845357.2298892468,714288.961563221,8640.547685889516,8491.045199459784,837288.0,862122.0,7690.0,7698.0,1.0540081578040594,0.89058964174904,1.0880931477004805,1.069266490298424,0.04106110095164106,-0.12035004086966261,0.12536437690668345,0.10589283660585891
2025-03-02,Hotels,2025-03-09,2025-03-16,310299.0644439642,316685.6458111375,618.7586239381011,650.5060047622705,352694.0,440048.0,649.0,669.0,1.0518772809889108,1.0735270396027652,0.894159861182227,0.9400375791362291,0.04787929408574265,0.06944676605555666,0.145849303589076,0.2046407495597602
2025-03-02,Jewelry,2025-03-09,2025-03-16,331396.8967965548,256134.6121334461,224.93617360677783,217.84619965124372,419215.0,544449.0,300.0,403.0,1.2780024441796347,0.9877601857765792,1.0201187011645252,0.987964624268679,0.03657413356277939,-0.19883826247577108,-0.026250330706589442,-0.056942858652624606
2025-03-02,Miscellaneous Goods and Services,2025-03-09,2025-03-16,1680572.3172799463,1489382.2011103157,22469.40213065134,21122.95857343199,1667143.0,1763090.0,21502.0,21509.0,1.0690218170171322,0.9474046730942927,1.0020023693126419,0.9419589544218151,0.0075711878096305085,-0.10705503235701219,0.06687251937948524,0.002941862847537724
2025-03-02,Other,2025-03-09,2025-03-16,2294864.9359820993,1922185.99751922,35261.588521421436,34120.690764984094,2358562.0,2450358.0,37475.0,37037.0,1.0607674981965194,0.8885021509051236,1.116296964715127,1.0801788896094748,-0.01881005396986335,-0.17815225393269962,-0.020729045728131612,-0.052413609059539734
2025-03-02,Public Utilities,2025-03-09,2025-03-16,71751.55232668715,46978.8595166826,843.5261883070415,737.8255579276133,54897.0,52411.0,834.0,782.0,1.1302839011150918,0.7400459904015784,0.9791366085978427,0.8564428995097079,0.12097788286912792,-0.2660470641688133,-0.08511259402706994,-0.1997553601652784
2025-03-02,Recreation and Culture,2025-03-09,2025-03-16,267090.4271985982,234517.4381929561,2449.4596285171533,2218.8651026705097,261965.0,299976.0,2324.0,2124.0,0.9681503974546564,0.8500797028855471,1.023166093783272,0.9268442367044736,0.0021327590165098886,-0.12008225139779793,0.026166580861815447,-0.07043774500607047
2025-03-02,Restaurants & Café,2025-03-09,2025-03-16,1690799.2712541264,1649425.989720825,44332.71457695903,48932.60241982906,1448386.0,1501780.0,41307.0,41686.0,0.8976064461496295,0.875642322534229,0.75705418552001,0.8356048535221281,0.30210623649251067,0.27024414095900995,0.16720326936335717,0.2883103159346285
2025-03-02,Telecommunication,2025-03-09,2025-03-16,110848.31591887519,87629.55678370377,1823.5203437035702,1701.7922665666001,114644.0,114837.0,1743.0,1720.0,0.9791389092736966,0.7740443139625808,1.1611081462614266,1.083599023601783,-0.0605119510554023,-0.25730110872543166,0.0256019930841227,-0.04286149236974124
2025-03-02,Transportation,2025-03-09,2025-03-16,773435.8113011499,666863.7113144337,2865.7699427690764,2706.9225722311253,889271.0,950859.0,3086.0,3106.0,1.0443734337164818,0.9004687057801566,1.0039481319912686,0.9483000778529078,-0.022002271898155956,-0.15676105878534397,-0.02657270965724312,-0.08052901758453623
2025-03-09,Beverage and Food,2025-03-16,2025-03-23,1941404.0234665493,2169164.015497562,45090.52588901243,48145.85720061153,1886990.0,2579096.0,45810.0,51314.0,1.016212318246715,1.1354314538352002,0.9297878336961662,0.9927902011652943,0.007937752141772059,0.1261861391960304,-0.041218697207841326,0.023748265976557548
2025-03-09,Clothing and Footwear,2025-03-16,2025-03-23,1373671.3965217776,1137326.7989261083,9538.991095190284,9179.998451929565,1877616.0,3163574.0,12014.0,21547.0,1.608234863752354,1.3315328645149038,1.4560010829871455,1.4012055944332695,-0.08897703824043124,-0.245721479336513,-0.027724890919347267,-0.06431572195193513
2025-03-09,Construction & Building Materials,2025-03-16,2025-03-23,309994.0849654178,324933.47651111765,1685.2863056019455,1930.2510034459624,308044.0,307966.0,1629.0,1989.0,0.9008300434452984,0.9442432999810173,1.046111921540624,1.1981694621017769,0.006657330441306897,0.055170669053846266,0.035188148404143416,0.18565786452454702
2025-03-09,Education,2025-03-16,2025-03-23,118809.32634923572,105161.25128821563,101.80228946075795,139.74791504576902,88299.0,33850.0,76.0,59.0,0.7795529493345825,0.6900027642314043,0.7119041221032024,0.9772581471732099,-0.15531387900013705,-0.2523461569925305,0.03879887204855059,0.4259991331200921
2025-03-09,Electronic & Electric Devices,2025-03-16,2025-03-23,174343.03410545608,169790.63752415703,1052.758086079654,1187.5132093591274,155338.0,171233.0,1103.0,1446.0,0.8629817947642661,0.8404478553248972,0.9063780336458493,1.0223962198528862,0.15824846771228374,0.12800460742980824,-0.05919742084034496,0.0612271754773257
2025-03-09,Furniture,2025-03-16,2025-03-23,331659.73205685045,336009.4357927972,1347.4202874142363,1635.4785585005868,343796.0,448486.0,1577.0,2377.0,1.0847096309735786,1.098935553140863,1.0655755535106652,1.2933796429423383,0.03423890500452309,0.04780290567792567,-0.06558925976821339,0.13417375762870098
2025-03-09,Gas Stations,2025-03-16,2025-03-23,935547.8768829897,925964.1494454893,15482.542752282023,15851.359342203074,837263.0,976687.0,14703.0,16184.0,1.0618742817483193,1.0509964699969063,0.9666922297878385,0.989720238649043,0.08055388619478498,0.06948472107484993,0.02608143364583615,0.05052417934939846
2025-03-09,Health,2025-03-16,2025-03-23,808088.2694471201,869437.9203470637,8533.400430105236,8604.788478107474,862122.0,976596.0,7698.0,9569.0,1.0031117515076007,1.0792674860918028,1.0746002304628177,1.0835900362810067,-0.0348741777654521,0.038397684365551354,0.1096749584012009,0.11895818961085491
2025-03-09,Hotels,2025-03-16,2025-03-23,363940.1417703644,356196.99941387295,688.1617560326744,696.5961855694811,440048.0,409234.0,669.0,711.0,1.2095997586064862,1.1838644740080164,0.9944534046714948,1.0066418866611,0.03188639945778604,0.009932120801241062,0.06034168880227164,0.07333772815020212
2025-03-09,Jewelry,2025-03-16,2025-03-23,389618.9287709588,338883.8550757174,329.7537720864698,306.35670690673453,544449.0,985781.0,403.0,837.0,1.4942212144212907,1.2996479587794363,1.4754083762258157,1.3707235208355013,-0.07059878875765702,-0.19162278287819523,0.09917924028823255,0.021189023022448517
2025-03-09,Miscellaneous Goods and Services,2025-03-16,2025-03-23,1609878.053232484,1794815.722288734,21522.780605180244,22941.018162802255,1763090.0,2747764.0,21509.0,32265.0,1.019861600779768,1.1370200568687079,0.9597886510370462,1.0230336534951618,-0.034349151073132855,0.07658174631014503,0.0009664498735115767,0.06692485177203311
2025-03-09,Other,2025-03-16,2025-03-23,2334787.06043639,2182456.253853848,35984.32965937601,35676.94758378234,2450358.0,3422292.0,37037.0,47466.0,1.0744612295518006,1.0043590996776084,1.1321345202654127,1.122463703496432,-0.010080269063781344,-0.07466657486474881,-0.03977772756835196,-0.04798005113322634
2025-03-09,Public Utilities,2025-03-16,2025-03-23,57473.89376660967,53838.24327801955,746.2638405259165,796.3989880607234,52411.0,62240.0,782.0,892.0,0.920524917781563,0.8622948824078985,0.8857731044818,0.9452806979949239,0.04694052073172794,-0.019286240085623074,-0.10519923198331349,-0.045085146210163796
2025-03-09,Recreation and Culture,2025-03-16,2025-03-23,273132.4020663887,287984.75495709496,2294.0167245336143,2319.0579070364984,299976.0,491973.0,2124.0,3287.0,0.9900513709602058,1.0438882362686812,0.9582358916180511,0.9686958676008766,0.042629366771853805,0.09932531046931836,-0.01290158152598353,-0.0021265460256031377
2025-03-09,Restaurants & Café,2025-03-16,2025-03-23,1735274.9714926165,1920696.0173403807,46790.170273964635,51952.78762796694,1501780.0,2182073.0,41686.0,49938.0,0.9212175725025974,1.0196533412152893,0.7990192927529203,0.8871794948380185,0.19807494099819833,0.3260940228229081,0.1327419147835629,0.25772357295293635
2025-03-09,Telecommunication,2025-03-16,2025-03-23,111083.72701182461,115422.93442916335,1798.830787986708,1982.4043862974502,114837.0,165821.0,1720.0,2161.0,0.9707782395999617,1.0086992587373083,1.1235670131084996,1.2382288484056527,-0.03105503112396102,0.00679437588677434,0.03203143315359025,0.13735191411213443
2025-03-09,Transportation,2025-03-16,2025-03-23,798190.1664183385,855240.3705319192,2765.832427493121,3090.810908200978,950859.0,973385.0,3106.0,3710.0,1.0692462222515513,1.1456700092055427,0.9647130894639417,1.0780644953613456,-0.10242190916116845,-0.0382680076917844,-0.10374840327507417,0.0015589462738101467
2025-03-16,Beverage and Food,2025-03-23,2025-03-30,2012063.00179268,2085308.4697403004,42501.56675334819,46011.3911458118,2579096.0,1646640.0,51314.0,44412.0,1.0531981920276545,1.0915379429936642,0.8764022796619931,0.9487765080432576,0.06628175125076452,0.10509778522424629,-0.07222076504369812,0.004396226714948659
2025-03-16,Clothing and Footwear,2025-03-23,2025-03-30,1479070.7234486695,1081262.6420787638,9469.29197633671,8681.270097916624,3163574.0,569928.0,21547.0,4554.0,1.7316318221581721,1.2658953824525405,1.445362432471451,1.3250812940420704,-0.21226133381443835,-0.42413004465302606,-0.21181188810248797,-0.2774038540106023
2025-03-16,Construction & Building Materials,2025-03-23,2025-03-30,271095.58175282757,313792.49972195836,1628.131084543293,1671.8283306678727,307966.0,148813.0,1989.0,1105.0,0.7877925951892653,0.9118680802857091,1.007818684335062,1.0348674284542696,-0.11994526186899412,0.01866129423705165,-0.0005334042091510449,0.026291179047190028
2025-03-16,Education,2025-03-23,2025-03-30,58354.64257513119,66536.03019376413,73.02322915587074,78.95845016560436,33850.0,10222.0,59.0,36.0,0.38288689217116795,0.4365680722917198,0.5106519521389562,0.5521569941650655,-0.3391245362333527,-0.24646904049010598,-0.03916803742275343,0.03892697586321536
2025-03-16,Electronic & Electric Devices,2025-03-23,2025-03-30,146583.54712449072,187573.17662572337,1071.2556322243038,1109.2236586506806,171233.0,89160.0,1446.0,877.0,0.73207036417592,0.9367815584746824,0.922303600709689,0.9549923879902545,-0.056357445541395434,0.20751636190580136,-0.028780025181954882,0.00564248291086189
2025-03-16,Furniture,2025-03-23,2025-03-30,308912.77435120684,326284.272167013,1424.447382870289,1431.212199409842,448486.0,141063.0,2377.0,876.0,1.007188512693529,1.0638270673311847,1.1037949499188602,1.109036961960358,-0.10146489676666737,-0.050936392026047383,-0.09673596520590433,-0.09244629079908562
2025-03-16,Gas Stations,2025-03-23,2025-03-30,870491.5779265051,855652.4739055105,14173.53548423283,14776.159606105606,976687.0,905097.0,16184.0,15355.0,0.9880334742016403,0.9711906558772789,0.8849610067577941,0.9225873879936067,0.03968714481173197,0.02196379620920852,-0.036010645158618626,0.004975828477562727
2025-03-16,Health,2025-03-23,2025-03-30,870102.2224951759,807249.063149982,7528.387055799615,8174.009312862051,976596.0,476152.0,9569.0,6521.0,1.0739675817093652,0.9963878976221596,0.9480401782898394,1.0293425655285293,0.009256488635223104,-0.06364869107854576,-0.022033378046295793,0.06183545243726307
2025-03-16,Hotels,2025-03-23,2025-03-30,347796.9111704114,333515.64838260505,614.5526231523215,636.6399105899058,409234.0,369475.0,711.0,903.0,1.1559457490711684,1.1084802182377322,0.8880818253646265,0.9199998707946615,-0.2096386958458818,-0.2420925708499867,-0.08138621352418307,-0.0483708361884817
2025-03-16,Jewelry,2025-03-23,2025-03-30,355858.77190075826,322922.52583906683,322.68135521589056,260.28101229416114,985781.0,249070.0,837.0,184.0,1.364748186104181,1.2384349247233153,1.4437644528675193,1.1645682876696248,-0.3463873165333057,-0.4068819561812643,-0.1993018480995271,-0.35414140869935196
2025-03-16,Miscellaneous Goods and Services,2025-03-23,2025-03-30,1745804.2927411553,1629044.6970700223,20128.02583149407,21192.487438036147,2747764.0,1128374.0,32265.0,19296.0,1.1011557709245607,1.0275103439321611,0.8975908417799313,0.9450595303367365,-0.009804211503011584,-0.07602862186841153,-0.06420448038058169,-0.01471535459407003
2025-03-16,Other,2025-03-23,2025-03-30,2215603.469002811,2209512.8596797436,34578.775205180755,34736.82718528958,3422292.0,1860226.0,47466.0,34811.0,1.0032845649479525,1.0005265739940425,1.0775896788675483,1.0825151044061696,-0.09580417677628705,-0.09828977656336602,-0.06637213583225543,-0.06210472810190948
2025-03-16,Public Utilities,2025-03-23,2025-03-30,51505.31099657026,54654.99698669023,761.915630543818,827.6529853533607,62240.0,32514.0,892.0,555.0,0.8398061470172878,0.8911625140500609,0.9130205279135027,0.991795069326975,-0.017280513698073707,0.0428153820131314,-0.025683336900488518,0.05837977666670158
2025-03-16,Recreation and Culture,2025-03-23,2025-03-30,270057.47864057973,285923.4322666898,1942.1259197995812,2188.559663363638,491973.0,265233.0,3287.0,2051.0,0.962696254270894,1.0192549328276919,0.8112472513782711,0.9141853230424553,-0.09973638344207625,-0.046845640095575014,-0.08562809802279603,0.030395321734292713
2025-03-16,Restaurants & Café,2025-03-23,2025-03-30,1678041.706172727,1714577.5114834826,42497.293591507536,47885.40171376898,2182073.0,2238903.0,49938.0,56150.0,0.8908337482611666,0.9102297670078963,0.7257113464340975,0.8177221751170857,0.11736852679668597,0.14169686071427412,0.019462015820840062,0.14871663661106793
2025-03-16,Telecommunication,2025-03-23,2025-03-30,97703.87871893097,108042.61567928981,1680.2512022372848,1691.492843365576,165821.0,86621.0,2161.0,1758.0,0.851520419720421,0.9416258050059901,1.030512850191527,1.0374074476329813,-0.14919513119525096,-0.05916546340212814,-0.023109766141113486,-0.01657392827582793
2025-03-16,Transportation,2025-03-23,2025-03-30,936549.9609623012,891117.0883141388,2679.9301443976583,3111.505487578909,973385.0,322805.0,3710.0,2147.0,1.2462590416656814,1.1858019057020646,0.9321496154426637,1.0822627782883163,-0.015048539307824571,-0.06282941181169988,-0.13717638622097283,0.0017725330260494054
2025-03-23,Beverage and Food,2025-03-30,2025-04-06,1940701.4706837598,1874919.1719471572,48066.00970959897,45890.70637446147,1646640.0,1816055.0,44412.0,48720.0,1.0158445726443266,0.9814113575635438,0.9891550163521283,0.9443892407231798,-0.2475264702501342,-0.2730324222335434,-0.06329637701993662,-0.1056883818361174
2025-03-23,Clothing and Footwear,2025-03-30,2025-04-06,1008304.6550894473,716822.5051657407,8326.868815541908,5583.793533528267,569928.0,634290.0,4554.0,4932.0,1.1804793371286695,0.8392246841921993,1.2709866161248429,0.8522923809094508,-0.6812767284440171,-0.7734137070396517,-0.6135485768068916,-0.7408551754987578
2025-03-23,Construction & Building Materials,2025-03-30,2025-04-06,204369.45344434213,242275.6772825344,1579.145631771465,1605.9436083565647,148813.0,311546.0,1105.0,1518.0,0.5938892145174208,0.7040431397796248,0.975383342663042,0.9919355209120226,-0.3363895577942301,-0.21330381508824225,-0.2060605169575339,-0.1925874266683938
2025-03-23,Education,2025-03-30,2025-04-06,45641.984386156095,49986.52584416611,60.48466845268489,85.66265266150515,10222.0,256879.0,36.0,182.0,0.29947433114067,0.3279805116836242,0.42296970945933493,0.5990395291014347,0.348359952323666,0.47670681962086014,0.02516387207940496,0.45190936714415497
2025-03-23,Electronic & Electric Devices,2025-03-30,2025-04-06,116070.89225440197,149102.05711372392,1121.4711137202125,1067.5957933754657,89160.0,154942.0,877.0,1080.0,0.5833836810357882,0.7494015531332641,0.9655369037625592,0.9191526417352266,-0.32214647728882884,-0.1292446133997307,-0.2244321481879581,-0.2616903227002312
2025-03-23,Furniture,2025-03-30,2025-04-06,250068.54899189057,256987.2852609993,1497.358760965656,1330.938813611743,141063.0,228558.0,876.0,1086.0,0.8153310281828011,0.8378890842788558,1.160293499392217,1.0313357718804672,-0.4424161534766067,-0.42698928113475265,-0.370063626013607,-0.44007622481626296
2025-03-23,Gas Stations,2025-03-30,2025-04-06,819839.3677388232,787262.682063726,14977.831230092606,14752.495109901247,905097.0,907827.0,15355.0,15947.0,0.9261241540274787,0.8893241946097215,0.9298380450765213,0.9158489638627544,-0.160591501946045,-0.19394577580767836,-0.07452847070609203,-0.08845185924979937
2025-03-23,Health,2025-03-30,2025-04-06,777436.97395054,792272.0218056699,8553.336611299035,8029.707546077614,476152.0,778096.0,6521.0,8173.0,0.9595908219275205,0.9779017284596607,1.0689666451664106,1.0035252822692762,-0.20393184699656774,-0.18874127909015614,-0.10614101668941,-0.16086241550030156
2025-03-23,Hotels,2025-03-30,2025-04-06,286392.1679313339,267212.8692790323,645.0186625736137,636.202562734526,369475.0,288641.0,903.0,662.0,0.9518595434716034,0.8881147888885715,0.9234340194325178,0.9108125450744825,-0.30017503938740697,-0.34704137662307555,-0.09280075587396097,-0.10520033370671444
2025-03-23,Jewelry,2025-03-30,2025-04-06,346118.4163173898,242032.77804630235,342.937337528253,218.05161057837188,249070.0,327696.0,184.0,206.0,1.327393106887196,0.9282159690827145,1.5343952462114228,0.9756224186951762,-0.6488891383406763,-0.7544761178737445,-0.5902779718897814,-0.7394843362265568
2025-03-23,Miscellaneous Goods and Services,2025-03-30,2025-04-06,1734167.3832852668,1691809.7889776116,26689.803718146937,23313.87293373804,1128374.0,1517272.0,19296.0,21855.0,1.0938158588528826,1.0670990558250237,1.186846483375442,1.0367250504152454,-0.3688805212946721,-0.384295816897808,-0.17279393404162602,-0.2774252926162083
2025-03-23,Other,2025-03-30,2025-04-06,2162810.0340217566,2159122.7079845243,38402.50218758795,36061.6785855984,1860226.0,2217192.0,34811.0,38412.0,0.9731888498767126,0.9715296821602479,1.1881594686918087,1.1157352367067355,-0.3680229407596556,-0.3691003841914938,-0.19094715822719532,-0.24026295483928706
2025-03-23,Public Utilities,2025-03-30,2025-04-06,52086.06454449924,59785.33360149213,809.4799359473172,800.5693110853988,32514.0,50264.0,555.0,717.0,0.8492754695010475,0.974813852951119,0.9700178980794695,0.9593400971664455,-0.1631416364958348,-0.03943872748245292,-0.09251128257027219,-0.10250077232578614
2025-03-23,Recreation and Culture,2025-03-30,2025-04-06,308061.86979003774,263567.26640785637,2565.841979439847,2257.0101100141483,265233.0,250598.0,2051.0,2581.0,1.0981736540807414,0.9395600573497136,1.067100012243646,0.9386608900038046,-0.37382362489397236,-0.4642647738638983,-0.21939702481294587,-0.31335256768659925
2025-03-23,Restaurants & Café,2025-03-30,2025-04-06,1716750.5894419998,1550418.1272074147,47452.70801529282,50410.971804383684,2238903.0,1759487.0,56150.0,58410.0,0.9035840916842132,0.8160376724605057,0.8103332169040517,0.8608504479099665,-0.2132478659320748,-0.28947467513350167,-0.04976755145795153,0.009471180351309227
2025-03-23,Telecommunication,2025-03-30,2025-04-06,94322.59691717234,86172.68348892318,1800.970383745601,1724.3333086192185,86621.0,111474.0,1758.0,1871.0,0.8220514719490707,0.7510223808413174,1.1021850573718488,1.055283542606621,-0.43117821676885115,-0.4803270786636,-0.16660324676279448,-0.20206695575232825
2025-03-23,Transportation,2025-03-30,2025-04-06,778224.7543481797,852610.7034777468,3589.92105273181,3985.189362672684,322805.0,693948.0,2147.0,2726.0,1.035577040180468,1.1345617879672847,1.2486681922545426,1.3861528217991945,-0.20049645890559264,-0.12407659510086266,-0.032366293064202134,0.07417503036999573
2025-03-30,Beverage and Food,2025-04-06,2025-04-13,2003352.0151247424,1855512.2712335177,45238.81441178071,45026.84004822368,1816055.0,1646799.0,48720.0,47167.0,1.0509213959872885,0.9733674020513328,0.9309738936015621,0.926611652876416,0.21663023801483172,0.1268475630578132,0.018616914612733293,0.013844007210296327
2025-03-30,Clothing and Footwear,2025-04-06,2025-04-13,662924.0149483109,815001.1922807838,4228.049123257269,5022.426927265907,634290.0,607735.0,4932.0,4692.0,0.7976407521402936,0.9806224383902701,0.6545980992811996,0.7775858379417722,0.16317151455677026,0.4300072856234187,-0.07157463257416152,0.10286054617169671
2025-03-30,Construction & Building Materials,2025-04-06,2025-04-13,289945.9654653008,269991.5803647292,1422.0202105798548,1442.578806312838,311546.0,317089.0,1518.0,1499.0,0.8425710338829008,0.784584412625023,0.8802353516433642,0.8929611923942049,0.9483913735043361,0.8143010379787332,0.2868961181718144,0.3055011821835638
2025-03-30,Education,2025-04-06,2025-04-13,73024.37413481402,175136.4384769756,87.72619503003722,113.70210356117335,256879.0,166401.0,182.0,158.0,0.47914055217158014,1.1491364469937444,0.6134698953149456,0.7951196053228905,6.1438440750160455,16.13328492241984,1.436838750834367,2.1583917655881484
2025-03-30,Electronic & Electric Devices,2025-04-06,2025-04-13,161746.2111970141,168890.9289302568,1006.2828885309156,988.619677927871,154942.0,147540.0,1080.0,1021.0,0.8189743780181323,0.8551504387641263,0.8704869277949097,0.8552073338476393,0.8141118348700551,0.8942455016852491,0.1474149242085696,0.12727443321307974
2025-03-30,Furniture,2025-04-06,2025-04-13,281226.43879030616,232857.18046817367,1218.6354141883803,1162.3243123266977,228558.0,227926.0,1086.0,1045.0,0.9197650397545327,0.7615709773650936,0.9637290740912458,0.9191967673599823,0.9936229825702427,0.6507318040036982,0.39113631756664424,0.326854237815865
2025-03-30,Gas Stations,2025-04-06,2025-04-13,948393.6771011415,929971.5863967355,15814.964239226372,15332.03466649884,907827.0,863995.0,15947.0,15577.0,1.067279546730806,1.0465481552300429,0.9818080605429831,0.95182733216407,0.04783650492835734,0.027482785156436762,0.029955339578402684,-0.0014956257571580034
2025-03-30,Health,2025-04-06,2025-04-13,749799.5939416937,797499.0601985382,7411.89388875669,7539.835895419939,778096.0,758183.0,8173.0,7731.0,0.9307557260707869,0.9899669495867746,0.9333703423695617,0.9494819160584232,0.5747063835533477,0.6748833569921753,0.13661921312017933,0.1562392110749793
2025-03-30,Hotels,2025-04-06,2025-04-13,387340.6677454976,291397.00955825596,766.6753670389792,726.760833187441,288641.0,295012.0,662.0,677.0,1.2873742806284227,0.9684937492900109,1.0874827901262116,1.0308664300531079,0.048354199189383884,-0.2113214437830544,-0.15096858578186134,-0.195170727367175
2025-03-30,Jewelry,2025-04-06,2025-04-13,266237.34943228995,246629.49175824842,186.43978057283073,183.43750732892096,327696.0,271435.0,206.0,178.0,1.0267204871120306,0.9511045405694315,0.8455318846840396,0.8319161330109794,0.06892580171152662,-0.009798483324975238,0.013259677026253858,-0.0030570253862991503
2025-03-30,Miscellaneous Goods and Services,2025-04-06,2025-04-13,1511913.2043202335,1659443.9706742505,21769.731929538986,20297.523811509833,1517272.0,1385814.0,21855.0,20888.0,0.9578006344654656,1.0512617281402084,0.9708012187357126,0.9051494486615012,0.33990432633172474,0.47065066252346344,0.12819920862038692,0.051903182603121545
2025-03-30,Other,2025-04-06,2025-04-13,2296101.426931109,2054478.8008569318,35508.51039731037,34608.869810674274,2217192.0,2033864.0,38412.0,36988.0,1.0566582298494185,0.9454643020182992,1.0986204138891238,1.0707858609162548,0.2343131570739838,0.10442430159396321,0.020037068665375024,-0.00580650338472688
2025-03-30,Public Utilities,2025-04-06,2025-04-13,54969.652967009664,47209.574480748415,728.6057026146882,709.4181725946826,50264.0,45850.0,717.0,675.0,0.9146440979876649,0.7855235814066409,0.8762546032648084,0.8531788004746633,0.6906456593162842,0.45197682477543255,0.3128030677742131,0.27823094161204076
2025-03-30,Recreation and Culture,2025-04-06,2025-04-13,272133.23563007877,265029.6981047089,2126.3689422761254,2089.9676343886244,250598.0,227119.0,2581.0,2428.0,0.9864295886575495,0.9606806587889128,0.8882075782272871,0.8730023535457914,0.026015750792996117,-0.0007665030191985611,0.036747412128778745,0.018999334172903115
2025-03-30,Restaurants & Café,2025-04-06,2025-04-13,1948290.9656458853,1690302.1732559954,56299.719097673384,50316.73015953186,1759487.0,1678147.0,58410.0,56976.0,1.017432929900246,0.8827064965537493,0.9614105157604382,0.859241116463287,-0.12980108309922966,-0.2450310829651864,0.0026664131375491174,-0.10388726340994026
2025-03-30,Telecommunication,2025-04-06,2025-04-13,107387.51023501364,82709.98475521889,1765.8414448412004,1669.1721694097193,111474.0,96092.0,1871.0,1732.0,0.9384764172512171,0.7228156234752913,1.0695587188620232,1.0110067652390788,0.2397399041227144,-0.045150890024140966,0.004460435063253998,-0.05052777621745197
2025-03-30,Transportation,2025-04-06,2025-04-13,751750.9887109306,795169.297863245,2717.787677123003,2866.2102786667583,693948.0,685007.0,2726.0,2531.0,1.0070368423102682,1.0651995020257858,0.947955241410186,0.999724547843306,1.3288083787764458,1.4633115901650995,0.26585359903260497,0.33498382797706494
2025-04-06,Beverage and Food,2025-04-13,2025-04-20,1946016.6080975547,2326980.471744648,48390.75496298322,49718.19909537697,1646799.0,1657448.0,47167.0,47134.0,1.0208443024272935,1.2206908957279647,0.9938642820933307,1.0211277399722112,0.07156259479892113,0.28133810470753806,-0.006757903058636661,0.020488487179330273
2025-04-06,Clothing and Footwear,2025-04-13,2025-04-20,766464.585211176,946130.2791060373,4727.633554977818,8450.115027976211,607735.0,607094.0,4692.0,4604.0,0.9390215289191883,1.1591360101760055,0.7552130279517281,1.3498586306671265,0.208381947076536,0.49163675780169536,-0.04143682989095343,0.7133242149181289
2025-04-06,Construction & Building Materials,2025-04-13,2025-04-20,310117.8991429449,318885.803940202,1530.6488435224765,1750.7188254328053,317089.0,313559.0,1499.0,1482.0,0.9011898423457623,0.9266690125703119,0.9474768452630619,1.0837009132979296,-0.004583916522937548,0.023559294422659915,0.008332571490432539,0.1533062091125199
2025-04-06,Education,2025-04-13,2025-04-20,213270.1953730685,148812.18965373992,190.96529181895207,162.093805292473,166401.0,137239.0,158.0,145.0,1.344459054605832,0.9381146552883768,1.3215591129339244,1.1217564380101939,-0.16976399249036123,-0.4206914942298128,0.04925984515907733,-0.10937469619520324
2025-04-06,Electronic & Electric Devices,2025-04-13,2025-04-20,157746.94819003015,202611.38349080744,1080.5135841406798,1246.2105601969533,147540.0,152704.0,1021.0,1029.0,0.7987247912770484,1.0258882142943235,0.9347003323016261,1.0780368167793715,0.018103214041577775,0.3076595338307717,0.00047554087099976883,0.15389866684903097
2025-04-06,Furniture,2025-04-13,2025-04-20,261999.78829984338,271104.89738495805,1268.284982086139,1451.336626145218,227926.0,224952.0,1045.0,1021.0,0.8568833241207728,0.8866620357371592,1.00299326380873,1.1477553389839603,0.14631641990148392,0.1861536125839307,0.16784989142370077,0.33640573309872734
2025-04-06,Gas Stations,2025-04-13,2025-04-20,897292.4028667787,964431.3338546895,15458.84036380837,16612.377074003725,863995.0,859311.0,15577.0,15751.0,1.0002986572460157,1.0751449195141152,0.9596995507703234,1.0313122097096925,-0.011604190152112004,0.06235145446730428,-0.030611377449779376,0.04172427879875373
2025-04-06,Health,2025-04-13,2025-04-20,847405.8123079403,955800.1121133333,8106.605302898243,8908.126679292694,758183.0,732047.0,7731.0,7325.0,1.0519181638455455,1.1864722714130518,1.0131356999185457,1.1133070898322432,0.08907617094541065,0.22838327418896043,-0.00812366292692479,0.08994575789706283
2025-04-06,Hotels,2025-04-13,2025-04-20,267196.68611338676,264795.0056987662,625.015010490822,687.7156801468082,295012.0,254681.0,677.0,641.0,0.9057652951092026,0.897623881377059,0.8947960064292368,0.9845607446625743,-0.07429406732450772,-0.0826147162088331,-0.05586856421325992,0.03884543828822995
2025-04-06,Jewelry,2025-04-13,2025-04-20,361615.89604154107,292303.0119399667,205.718136615595,232.19715555746515,271435.0,320755.0,178.0,181.0,1.394539307587453,1.1272403794706565,0.9480098461548156,1.0700329749191944,0.10351025353236243,-0.10800555411122903,-0.0013682688563348977,0.1271706580459473
2025-04-06,Miscellaneous Goods and Services,2025-04-13,2025-04-20,1618221.4155880706,2160626.3900945717,22138.717774224056,27441.63227112805,1385814.0,1348345.0,20888.0,20587.0,1.025147140806088,1.3687619906764739,0.99074613565255,1.228060784995997,0.06653349932515118,0.4240204723309806,0.01298182448977614,0.25562261592898894
2025-04-06,Other,2025-04-13,2025-04-20,2331757.4048618,2321800.043530497,36801.908677112144,38209.85497280938,2033864.0,2103358.0,36988.0,37058.0,1.0603917285668647,1.0558635115353459,1.1329590455657466,1.1763031423455155,0.05167139555879685,0.04718041718105459,-0.04191636267020349,-0.0052625488699006295
2025-04-06,Public Utilities,2025-04-13,2025-04-20,54466.65343184383,68547.41803706704,749.5163335061104,833.0694193088059,45850.0,43892.0,675.0,670.0,0.9062746517332728,1.1405655294481158,0.9185249185123903,1.0209184060156935,0.08361159939208629,0.3637477725025273,0.045350534876025694,0.16188203529819511
2025-04-06,Recreation and Culture,2025-04-13,2025-04-20,268708.6600176263,290470.8981564116,2417.8908721661046,2849.7337666149224,227119.0,210410.0,2428.0,2435.0,0.9858408177688734,1.0656823183807769,1.0055690880291557,1.1851668815200342,0.07226977077880226,0.15911099911576154,-0.06319609757221833,0.10412001806079907
2025-04-06,Restaurants & Café,2025-04-13,2025-04-20,1660476.4890824177,2010984.20735118,53578.23698253405,53169.92748675642,1678147.0,1642117.0,56976.0,55432.0,0.8739651230515671,1.0584492293556331,0.9146946134448835,0.9077239007555514,-0.0562723742304333,0.142937803661624,-0.08272150346628915,-0.08971190743440471
2025-04-06,Telecommunication,2025-04-13,2025-04-20,117619.90413060428,107135.89196012735,1770.9888789397098,2093.5112834931233,96092.0,94018.0,1732.0,1774.0,1.0278989240401502,0.9362774853957951,1.0623808511935873,1.2558555989760787,0.055133072560455965,-0.038915873117252864,-0.05345329826846079,0.11892639417056294
2025-04-06,Transportation,2025-04-13,2025-04-20,798737.5386311227,863781.6860931639,2949.050263350552,3256.1408401507633,685007.0,666043.0,2531.0,2482.0,1.0699794756732406,1.1571118557493307,1.0286188571156443,1.135731022026775,0.15100488600172146,0.24473546446299133,0.08182328075955692,0.19447573006264252
2025-04-13,Beverage and Food,2025-04-20,2025-04-27,2025122.8161047108,1899672.0750392112,46959.905426466,51350.96100754486,1657448.0,2402232.0,47134.0,54636.0,1.0623419553222915,0.9965328179700695,0.9644770520639152,1.0546619087800215,0.22973284299098484,0.15355430446533624,-0.004390666642652641,0.08870526019345859
2025-04-13,Clothing and Footwear,2025-04-20,2025-04-27,651697.5208835334,748468.3767322548,6326.449760465555,5139.231770514674,607094.0,917669.0,4604.0,6961.0,0.7984165403862643,0.916973768948688,1.0106149777101525,0.8209635416157627,0.0723383068007164,0.23157030075979623,0.34834820129274413,0.09531793915487508
2025-04-13,Construction & Building Materials,2025-04-20,2025-04-27,320095.98837998847,305569.88407046907,1750.0071218921862,1383.2991412492051,313559.0,354787.0,1482.0,1784.0,0.9301857587094883,0.8879734978603979,1.0832603663832783,0.8562668779010865,0.009483105311090867,-0.036327705879204086,0.16744971440439382,-0.0771853627423581
2025-04-13,Education,2025-04-20,2025-04-27,109897.73988358378,129814.27169850704,135.0737985795377,155.6171785518833,137239.0,239744.0,145.0,192.0,0.6669341328833435,0.787801176100977,0.9283422582786097,1.06953387320882,-0.339560820646608,-0.21987084393418888,-0.14510254063583727,-0.01508114840580177
2025-04-13,Electronic & Electric Devices,2025-04-20,2025-04-27,152145.32878453567,150732.53526854308,1210.847376721073,1103.3461361646457,152704.0,189380.0,1029.0,1286.0,0.7703619459617955,0.7632085067407757,1.047445827613385,0.9544516748829115,0.031214103189207476,0.021638438854162168,0.18594258248880813,0.08065243502903585
2025-04-13,Furniture,2025-04-20,2025-04-27,274419.34811996145,255936.22191782872,1230.4638379125706,1050.730305775691,224952.0,294221.0,1021.0,1384.0,0.8975021115321592,0.8370521290226247,0.9730833040036145,0.8309452793797477,0.20398439897142695,0.12289173643124829,0.17747735685413457,0.005483546196833444
2025-04-13,Gas Stations,2025-04-20,2025-04-27,912419.186990338,974350.4168368459,16019.169932651737,17338.295289661255,859311.0,1083701.0,15751.0,18320.0,1.0171619470709419,1.0862026810157872,0.9944853447139147,1.0763779047467876,0.056046837065420574,0.1277269160548915,0.028386077720468528,0.11307025034738749
2025-04-13,Health,2025-04-20,2025-04-27,810255.5133415037,804807.5815589256,7993.540736086048,7941.671608435919,732047.0,953366.0,7325.0,9030.0,1.005802036592826,0.9990393046003733,0.9990052785210333,0.9925228530195487,0.06868066593619715,0.061495155600858276,0.0339594795092546,0.027250240387520108
2025-04-13,Hotels,2025-04-20,2025-04-27,314451.38754020573,298937.39510315045,688.9470574507103,796.9015635909076,254681.0,306090.0,641.0,828.0,1.0638938700434784,1.0114048618606994,0.9863236327139733,1.1408755384264961,0.06589354853431639,0.013305882822225668,0.01764705679573164,0.17710718403383696
2025-04-13,Jewelry,2025-04-20,2025-04-27,237402.52600955832,286447.9639560458,204.2815086911424,190.08895340160552,320755.0,361085.0,181.0,248.0,0.9104585648332729,1.098551925906358,0.9413894409730064,0.8759859603760624,-0.12537982938987857,0.055309609873619214,0.14764892523113704,0.06791546854834563
2025-04-13,Miscellaneous Goods and Services,2025-04-20,2025-04-27,1570617.0893617056,1584231.4880207127,24202.324638459228,22844.85867199671,1348345.0,1906771.0,20587.0,25771.0,0.9949896861766645,1.0036144403200915,1.0830961329332183,1.02234716931806,0.13335345822866973,0.14317757507191642,0.15867122934025413,0.09368339103775902
2025-04-13,Other,2025-04-20,2025-04-27,2231931.9366930933,2091416.3582567223,37493.33181759956,38339.06691598533,2103358.0,3018699.0,37058.0,45961.0,1.0149950245505284,0.9510940557799169,1.1426365104562082,1.1684109016543849,0.09738504476852605,0.02829705341985611,0.013662047626245233,0.036527168702966684
2025-04-13,Public Utilities,2025-04-20,2025-04-27,51037.087493550935,48641.229558965526,737.2420436162738,715.5036815382773,43892.0,56515.0,670.0,799.0,0.8685463695370427,0.8277737899639309,0.9250213847130161,0.8977461499852915,0.11313167924865719,0.06087741677133107,0.09221043498707227,0.06000545413078129
2025-04-13,Recreation and Culture,2025-04-20,2025-04-27,253766.6358281649,275494.62689601706,2704.657038423463,2735.932549100892,210410.0,291647.0,2435.0,2884.0,0.9310213811898862,1.0107372358311213,1.1185512979418788,1.1314857523163326,0.11732895895176054,0.21299682939787967,0.11394441450719217,0.12682559682903305
2025-04-13,Restaurants & Café,2025-04-20,2025-04-27,2015420.4171067977,2133523.4521289193,56859.010886999466,60216.58833284232,1642117.0,2115412.0,55432.0,65303.0,1.060784157088993,1.1229457921464763,0.9707044112163801,1.0280254090113927,0.20097966215522112,0.27135671197393285,-0.0020533051284845616,0.056876374839271326
2025-04-13,Telecommunication,2025-04-20,2025-04-27,109943.98791960973,99408.48929972874,1847.14388375007,1858.7229071960853,94018.0,136452.0,1774.0,2212.0,0.9608178796146882,0.8687464927550522,1.0985095948558252,1.1053957223883946,0.14415339382685066,0.03451368792124976,0.06648030239611424,0.07316565080605386
2025-04-13,Transportation,2025-04-20,2025-04-27,737554.038760623,733995.6559169423,2774.8849886731796,2787.202380472486,666043.0,852004.0,2482.0,3407.0,0.9880187740096061,0.9832520059222426,0.9678705924915171,0.972166857506971,0.07671022158988583,0.07151555519424213,0.09635914210714325,0.10122575285360957
2025-04-20,Beverage and Food,2025-04-27,2025-05-04,1955402.027727983,1931307.6955131055,49950.559973162904,50025.28625806858,2402232.0,1891964.0,54636.0,50638.0,1.0257677198923574,1.0131282790674438,1.025900039498514,1.0274347910343828,0.17976674244258817,0.165229736023758,0.059756438519177335,0.06134183939552296
2025-04-20,Clothing and Footwear,2025-04-27,2025-05-04,755764.9243166882,839758.21459516,5743.4498713305165,6284.159877756642,917669.0,768455.0,6961.0,5983.0,0.9259130146761062,1.028816018126048,0.9174840050048748,1.0038594053924348,0.24488946409730317,0.38324248731689003,0.24749128395536846,0.36493481271864514
2025-04-20,Construction & Building Materials,2025-04-27,2025-05-04,332733.14928243135,328530.81476652913,1507.5378256936244,1575.554933790726,354787.0,335759.0,1784.0,1671.0,0.9669088278159289,0.9546970167907147,0.9331710465451095,0.9752738680227335,0.06115005240618632,0.04774799883444314,0.017232001142796438,0.06312748568874893
2025-04-20,Education,2025-04-27,2025-05-04,160795.5730186593,158089.1038524267,164.36902420045362,171.64862792261354,239744.0,162362.0,192.0,144.0,1.0135974118430224,0.9965368044480166,1.1335794772445078,1.1837836408456106,0.17164634701986548,0.1519255011507421,0.1335794772445078,0.1837836408456106
2025-04-20,Electronic & Electric Devices,2025-04-27,2025-05-04,169198.3580269818,154667.70997485894,1158.903021465155,1116.4468090222008,189380.0,161107.0,1286.0,1140.0,0.8725005377222553,0.7975707429726616,1.0025112642432137,0.9657844368704159,0.10801523225967746,0.012859584391102574,0.12624200336749758,0.08498232169310094
2025-04-20,Furniture,2025-04-27,2025-05-04,240476.67675281505,277077.1798018558,1104.9983375625052,1181.0171881000242,294221.0,272040.0,1384.0,1264.0,0.7864909185103792,0.9061946820922878,0.8738618723309649,0.9339795872677139,0.06901328618022973,0.23171689872442047,0.08227065383203258,0.15672594329091494
2025-04-20,Gas Stations,2025-04-27,2025-05-04,972568.3334557482,978830.3009363145,16344.824518591466,16885.692263745594,1083701.0,946004.0,18320.0,16586.0,1.0842160202488875,1.0911968412638835,1.0147022919413624,1.048279877312242,0.13180016717550247,0.13908736294114066,0.03770075033911913,0.07203937932484239
2025-04-20,Health,2025-04-27,2025-05-04,788126.8505893867,830333.5483389737,7676.2475229498195,8400.03627602488,953366.0,830128.0,9030.0,8207.0,0.9783328571837693,1.0307256911175016,0.9593510620445941,1.0498076955601925,0.07660689899608442,0.13426262021287383,0.04795188026618691,0.14676263153923297
2025-04-20,Hotels,2025-04-27,2025-05-04,284621.889007972,270176.70265726163,771.3476800768431,722.9376342687005,306090.0,266552.0,828.0,774.0,0.9629707325017279,0.9140978516078839,1.1042915963877495,1.0349858758320696,0.11756231916779014,0.06084357552099151,0.20335051494047285,0.1278278225720757
2025-04-20,Jewelry,2025-04-27,2025-05-04,303234.3082632163,320499.45315719245,207.41330659711315,221.02367295113473,361085.0,291867.0,248.0,224.0,1.156830932811507,1.2226970077527608,0.9558216893876182,1.0185422716642154,-0.054623284864721455,-0.0007967041598962998,0.1459298707022827,0.22112526492339635
2025-04-20,Miscellaneous Goods and Services,2025-04-27,2025-05-04,1684991.6281795567,1605015.4276417703,22930.273099876373,23323.683602962337,1906771.0,1609828.0,25771.0,23217.0,1.0674462303310537,1.0167811158268982,1.026169613563195,1.0437754180019394,0.24967395449944685,0.19035960947811592,0.11382295137107756,0.132932608100371
2025-04-20,Other,2025-04-27,2025-05-04,2169548.476954708,2184421.6333431858,38606.87778762521,38040.189263935594,3018699.0,2529902.0,45961.0,42077.0,0.9866254760854777,0.9933892037267578,1.1639972197972477,1.1469115629437128,0.031468954383755854,0.03854010270395514,0.04179604370514367,0.026504108800679882
2025-04-20,Public Utilities,2025-04-27,2025-05-04,55308.58846744799,65649.27284383649,758.9164583906927,757.3643432246881,56515.0,49155.0,799.0,727.0,0.9536292366538155,1.1319230463780905,0.9643157031647938,0.9623435110860078,0.26010636260475684,0.4957001923775741,0.13271113192640693,0.13039454212640011
2025-04-20,Recreation and Culture,2025-04-27,2025-05-04,278870.12938149594,261906.4423865191,2515.5362729986987,2488.2253737615974,291647.0,252966.0,2884.0,2503.0,1.023121310577529,0.9608847787947195,1.034561494138885,1.0233293743621623,0.3253653789339668,0.2447433220213826,0.033074444763325994,0.021858469717288553
2025-04-20,Restaurants & Café,2025-04-27,2025-05-04,2223108.7073486606,1870023.871006837,58001.447643578715,59934.51884483108,2115412.0,1901301.0,65303.0,61077.0,1.1700975519675338,0.9842570209693213,0.9902082397537979,1.0232098821140603,0.35380652374262045,0.13878844869570028,0.046353146983307836,0.08122598579937734
2025-04-20,Telecommunication,2025-04-27,2025-05-04,112495.42148610069,108101.09437059323,1914.5882124699651,1900.25338273966,136452.0,104105.0,2212.0,1905.0,0.983115260633158,0.9447125417455876,1.1282193355745227,1.1197721760398704,0.19653068014742603,0.14979146940578647,0.07924927422207739,0.07116876140905304
2025-04-20,Transportation,2025-04-27,2025-05-04,753565.666474496,708016.1582821298,2808.485191225465,2724.559678271715,852004.0,727533.0,3407.0,2959.0,1.0094677634427633,0.9484501743904602,0.979590230633228,0.9503172927351639,0.13140693089559696,0.06301869140900784,0.1315411729353202,0.09772750937619445
2025-04-27,Beverage and Food,2025-05-04,2025-05-11,1913093.4294581474,1946374.591076506,49592.013358458775,51576.354115856826,1891964.0,1802312.0,50638.0,51044.0,1.0035734121419881,1.021032093673734,1.0185360983057696,1.059291102103263,-0.20361837263921745,-0.18976410643247366,-0.0923198374980091,-0.05600054696799128
2025-04-27,Clothing and Footwear,2025-05-04,2025-05-11,786606.2413598764,935905.2613763337,6016.671919211585,6903.867397042237,768455.0,688287.0,5983.0,5494.0,0.9464571803835808,1.1260961434237433,0.9315175598717426,1.0688755839978692,-0.14282138618622142,0.01987237378219553,-0.1356598305973875,-0.008207528078977622
2025-04-27,Construction & Building Materials,2025-05-04,2025-05-11,304409.1057393564,334379.7724931049,1727.8570463229216,1758.6054125528271,335759.0,330167.0,1671.0,1652.0,0.8834476230175812,0.9704276568097435,1.0675669115371773,1.086564975318398,-0.14199475815247897,-0.05751965970256823,-0.031470265514057405,-0.014234634219267295
2025-04-27,Education,2025-05-04,2025-05-11,218283.21674496526,189647.04970375294,169.7632070165141,151.59345830578127,162362.0,164678.0,144.0,125.0,1.3759788244654687,1.1954667354000004,1.1707807380449247,1.0454721262467674,-0.08951541333687074,-0.20896018376371073,-0.11581663012232246,-0.21045073799072256
2025-04-27,Electronic & Electric Devices,2025-05-04,2025-05-11,165188.0958823528,174636.00543319352,1185.7378195616218,1214.1167731295418,161107.0,153806.0,1140.0,1118.0,0.8686635231385245,0.9183466092767198,1.0257247574062471,1.0502740251985656,-0.12774265560062947,-0.07785402136871089,-0.07796437048085403,-0.055896754953700056
2025-04-27,Furniture,2025-05-04,2025-05-11,272441.9245917676,297430.8381649502,1291.2471642910516,1271.7120048274194,272040.0,261840.0,1264.0,1218.0,0.9008205814152266,0.983445631460881,1.0211523640103215,1.0057034439125498,-0.07402284476034138,0.010909616121725474,-0.06701794487640778,-0.08113294448885888
2025-04-27,Gas Stations,2025-05-04,2025-05-11,959189.8290653847,1096424.3979817305,15639.418543488237,16921.345127410466,946004.0,929744.0,16586.0,16757.0,1.069301706993939,1.222290358827134,0.970910016357601,1.0504932410858248,-0.11489439516491662,0.011740690450346092,-0.14631994849955043,-0.07634578998851171
2025-04-27,Health,2025-05-04,2025-05-11,829381.5897923682,905800.6077429135,8237.612964769194,9216.248987965892,830128.0,790199.0,8207.0,7834.0,1.0295439875324448,1.124405920124672,1.0295085877359489,1.1518151581535827,-0.13004912091225385,-0.04989205851381995,-0.08775050224039926,0.020625580062668014
2025-04-27,Hotels,2025-05-04,2025-05-11,253535.57314044493,304774.0251574801,672.2127181816996,668.1802207772726,266552.0,218217.0,774.0,619.0,0.8577953629401334,1.0311521270424087,0.9623660961799565,0.9565930147133466,-0.1716959941832633,-0.004299306878760789,-0.18814889108490385,-0.1930190570322795
2025-04-27,Jewelry,2025-05-04,2025-05-11,360717.42304153857,333524.6612170254,201.96478272158828,219.68017908949176,291867.0,330450.0,224.0,227.0,1.376127508026852,1.2723878348765871,0.9307132844312824,1.0123510557119435,-0.001017979031146199,-0.0763264571582164,-0.18562587612262793,-0.1141928262520494
2025-04-27,Miscellaneous Goods and Services,2025-05-04,2025-05-11,1592679.10418049,1689799.346360006,23421.911926116056,24027.393769082682,1609828.0,1525934.0,23217.0,22718.0,1.0089660253809503,1.070491931308072,1.048171306353228,1.0752676721972068,-0.16472449802284073,-0.11379009521331829,-0.09115238344976695,-0.06765768619445567
2025-04-27,Other,2025-05-04,2025-05-11,2133800.9406977654,2238582.0185279204,40819.5291075799,42591.95101354358,2529902.0,2348385.0,42077.0,41591.0,0.9703688999577598,1.0180192207028556,1.2229471240811285,1.2760486252484744,-0.29313888509660435,-0.25842821078619616,-0.11186594922695536,-0.07330234299637572
2025-04-27,Public Utilities,2025-05-04,2025-05-11,49484.243550286614,83250.0717000546,822.3283469212837,787.6595789181771,49155.0,47046.0,727.0,724.0,0.8656236845377779,1.4562864587351678,1.0448898944361928,1.000838092653338,-0.12440513933846564,0.47306151818197995,0.029196929813871897,-0.014193267937200105
2025-04-27,Recreation and Culture,2025-05-04,2025-05-11,268787.3211449111,282103.14621322806,2527.1394697341393,2561.453851427286,252966.0,229483.0,2503.0,2449.0,0.9861294104403713,1.0349826326392975,1.0393335265203123,1.0534459598713903,-0.07838132692977773,-0.032723990943750336,-0.12373804794239274,-0.11183985734144042
2025-04-27,Restaurants & Café,2025-05-04,2025-05-11,1517874.1339300252,1815404.765956837,52082.557216251866,57687.44893439277,1901301.0,1764003.0,61077.0,59327.0,0.798908664446077,0.9555091325289566,0.8891601744131774,0.9848476130498126,-0.28246878909166384,-0.14181976562634746,-0.20244770965726133,-0.11661870152377729
2025-04-27,Telecommunication,2025-05-04,2025-05-11,99696.62032996031,112752.23543839887,2056.4520120813236,2126.4766755666838,104105.0,98396.0,1905.0,1904.0,0.8712645153477994,0.9853595983343066,1.2033072042605755,1.2442812613029162,-0.2693649024568324,-0.17368572510187563,-0.070320066871011,-0.03866334739300015
2025-04-27,Transportation,2025-05-04,2025-05-11,736268.2743645008,772019.8942126354,2854.54816055207,2988.482513230261,727533.0,703758.0,2959.0,2821.0,0.9862963790452228,1.034188831333286,0.9956568400948971,1.042372693836854,-0.13583941581905623,-0.09387761769588487,-0.16215199279363957,-0.12284047160837663
2025-05-04,Beverage and Food,2025-05-11,2025-05-18,1769406.4387137746,1713668.1647691298,49604.54820288423,48243.44014155578,1802312.0,1650038.0,51044.0,48294.0,0.9298397320920317,0.9005487446863142,1.0186052589481038,0.9906555672465431,-0.06477795628575678,-0.09423849250348848,-0.02040862192653281,-0.04728780477989292
2025-05-04,Clothing and Footwear,2025-05-11,2025-05-18,765366.5178994322,846347.3640167465,5629.975766894695,6156.100441152206,688287.0,702606.0,5494.0,5380.0,0.9209012062233123,1.0183386523701508,0.8716482066720382,0.9531042639963162,-0.004019079972890749,0.10136229709839428,-0.059004551747502076,0.02893204766040558
2025-05-04,Construction & Building Materials,2025-05-11,2025-05-18,313377.4359028011,323644.96137996373,1676.2360313767679,1631.722838207034,330167.0,325685.0,1652.0,1564.0,0.9094752608771267,0.939273387168521,1.0315298654626264,1.0041371312043286,-0.06665961030738976,-0.03607956486657471,0.0031334717993822814,-0.023505183598423685
2025-05-04,Education,2025-05-11,2025-05-18,160219.5192955726,178089.7851029269,134.5814744188389,117.10661643724156,164678.0,149858.0,125.0,112.0,1.017754665224108,1.1312710861582975,0.9313596845594387,0.8104264113303914,-0.01319570283950311,0.09686863368846699,-0.06540642764695215,-0.18675960807471137
2025-05-04,Electronic & Electric Devices,2025-05-11,2025-05-18,153019.53061290045,155391.51609298703,1075.9663174805441,1065.4118436558003,153806.0,152061.0,1118.0,1043.0,0.8125096207067956,0.8251044902311483,0.936029854267546,0.9268480588567206,-0.05019936680032244,-0.035476322611760924,-0.05616989694689112,-0.06542820731947341
2025-05-04,Furniture,2025-05-11,2025-05-18,272665.6394139378,278233.2186157235,1243.5844981809478,1116.0859325985673,261840.0,254463.0,1218.0,1144.0,0.9015602873781783,0.9199693113973085,0.97689277154827,0.8767367891583404,0.002299806697315887,0.02276583816984079,-0.016151504603680533,-0.11702062294417148
2025-05-04,Gas Stations,2025-05-11,2025-05-18,891115.7424530443,970961.1134248408,16107.785502407205,15645.446547360903,929744.0,872039.0,16757.0,16164.0,0.9848340255780941,1.0730767020024468,0.9942463738292208,0.9657086937448863,-0.05802116856477957,0.026381615114567047,-0.028832418762377632,-0.056707672292240274
2025-05-04,Health,2025-05-11,2025-05-18,809173.369937508,770022.2167621527,7773.79086524047,7178.8454117436495,790199.0,742224.0,7834.0,7205.0,1.0044587294240348,0.9558588631468731,0.9715416940874174,0.8971874538203649,-0.025242649401648887,-0.07240544017048844,-0.05278532164731686,-0.12527776145441094
2025-05-04,Hotels,2025-05-11,2025-05-18,253459.3072069887,277799.5345653294,688.6996959247715,708.8871604011489,218217.0,190475.0,619.0,574.0,0.8575373298631229,0.939888433111768,0.9859695002502098,1.014870666286541,-0.04911871902297216,0.0421963990715859,-0.11020711120830551,-0.08412511576078952
2025-05-04,Jewelry,2025-05-11,2025-05-18,261580.3956206142,283108.34401940514,198.17774541629652,185.45507706749774,330450.0,287976.0,227.0,210.0,0.9940712114654119,1.0758828231283484,0.898765285334678,0.8410661091496496,-0.10376851229973172,-0.030009065706622762,-0.11527792224867628,-0.17207554880581366
2025-05-04,Miscellaneous Goods and Services,2025-05-11,2025-05-18,1561220.6571350652,1459005.2855454548,22444.674194897016,21395.551878103568,1525934.0,1458484.0,22718.0,21167.0,0.9847307303796419,0.9202589870284036,1.0044382177573568,0.9574881688977006,-0.030194121896833015,-0.09368871361073683,-0.03326552978864561,-0.07845320764510622
2025-05-04,Other,2025-05-11,2025-05-18,2164904.5014225384,2088281.3763104514,41725.97852591532,39579.37986938331,2348385.0,2220423.0,41591.0,39514.0,0.9662041259506153,0.932006968719023,1.248141024690487,1.1839302394335505,-0.14427337445381738,-0.17456036782829876,-0.008342359818539258,-0.05935832237604133
2025-05-04,Public Utilities,2025-05-11,2025-05-18,45316.24306347459,48585.714041334,711.0839622171673,706.9859655111115,47046.0,42853.0,724.0,658.0,0.7990873402129182,0.8567397997061189,0.9087334980411084,0.9034964415477463,-0.07809494327180166,-0.011581445604028073,-0.021892761737046462,-0.02752962103010792
2025-05-04,Recreation and Culture,2025-05-11,2025-05-18,259936.3880369534,265398.389826779,2355.962722347682,2339.174896392512,229483.0,227679.0,2449.0,2271.0,0.9536570251715293,0.9736960678684916,0.9689338771736302,0.9620295687404944,0.027554643853139993,0.049146485404279794,-0.0587444177596157,-0.06545149964342312
2025-05-04,Restaurants & Café,2025-05-11,2025-05-18,1645530.421530339,1732962.333084988,55140.78085665878,56071.496474268824,1764003.0,1646028.0,59327.0,56292.0,0.8649264847264002,0.9108825940297722,0.9376886464868426,0.9535157975387948,-0.13452398040587,-0.08853867268518345,-0.09719238245724615,-0.08195398473617199
2025-05-04,Telecommunication,2025-05-11,2025-05-18,107353.74803153577,93085.49696022432,1852.2263197661282,1916.9432152081931,98396.0,94264.0,1904.0,1784.0,0.9381813640211991,0.8134888637803354,1.075312812636359,1.112884304910417,0.031206455324295446,-0.10584989231809883,-0.02770271928287238,0.0062694043087627715
2025-05-04,Transportation,2025-05-11,2025-05-18,714395.5850550332,701063.941201686,2840.100508632397,2566.435425411593,703758.0,693233.0,2821.0,2605.0,0.9569959799691804,0.9391370656072568,0.9906175474825243,0.8951640828083687,-0.018057483227519322,-0.03638193566245651,-0.0401823221924984,-0.13266798735667695
2025-05-11,Beverage and Food,2025-05-18,2025-05-25,1798102.7542644183,2135194.187448801,49070.24130111659,51281.27884946086,1650038.0,2213643.0,48294.0,53185.0,0.9449199159208164,1.1220646357911326,1.0040768820183053,1.0493192046297573,-0.002335470071542445,0.1846973151423288,-0.03866779051178215,0.004648515975645751
2025-05-11,Clothing and Footwear,2025-05-18,2025-05-25,769590.2795098932,947694.4051073287,6267.1252618438075,7265.474252188075,702606.0,1213516.0,5380.0,8692.0,0.9259833035856956,1.1402810292638108,0.970293429608888,1.1248605437665389,0.11812409577675176,0.37688842751254725,0.14072174405602622,0.3224379781922233
2025-05-11,Construction & Building Materials,2025-05-18,2025-05-25,318149.80773477955,338233.6891919071,1616.115778003278,1806.7042543873945,325685.0,367604.0,1564.0,1802.0,0.9233255054053814,0.9816123864471671,0.9923953196212943,1.1094284644687715,-0.03639731488979958,0.02443214855484377,-0.021721684017386278,0.09364664309164317
2025-05-11,Education,2025-05-18,2025-05-25,161066.54410859203,241294.53382483506,120.61631018708509,133.84299251054676,149858.0,242188.0,112.0,130.0,0.9849959889224073,1.4756270414923867,0.8376132651880909,0.9294652257676859,-0.021930408988498518,0.4652505727834626,-0.0350695185033193,0.07074394008437412
2025-05-11,Electronic & Electric Devices,2025-05-18,2025-05-25,160306.62302489756,168971.0925086895,1078.4232140578802,1230.000238951675,152061.0,187226.0,1043.0,1487.0,0.8568331250128148,0.9031444022656742,0.9381672153613573,1.070030655895324,0.042265080847935454,0.09859883560257399,-0.03539962964411436,0.10017910460793833
2025-05-11,Furniture,2025-05-18,2025-05-25,274413.0811607512,296453.3675859389,1186.9281963777078,1323.5112863154063,254463.0,318960.0,1144.0,1494.0,0.9073381480826656,0.9802136559981447,0.9323866428732975,1.039678936618544,0.0480181834736908,0.1321928184614225,-0.025510512005166075,0.08662667185172923
2025-05-11,Gas Stations,2025-05-18,2025-05-25,996914.9732669351,1032374.1887045319,16121.162240619984,17860.626723904705,872039.0,1029333.0,16164.0,17975.0,1.0997868341606545,1.138905093323859,0.9933246397375141,1.100503818596057,0.0722467402499345,0.1103854272837812,-0.037944605799368425,0.06586063877213721
2025-05-11,Health,2025-05-18,2025-05-25,820692.1757618438,896120.2978524566,7528.864564399265,8393.06476590282,742224.0,952880.0,7205.0,8512.0,1.0187574761359885,1.112389370724696,0.9409316458663082,1.0489364201590727,0.038589236080840195,0.1340438267480173,-0.03895014495796978,0.07136389659213949
2025-05-11,Hotels,2025-05-18,2025-05-25,242228.1582085781,275780.1630301927,617.0208468677017,713.5513535669372,190475.0,207597.0,574.0,652.0,0.8195386087685109,0.9330562260276206,0.8833512482000024,1.0215481081845916,0.11003339890374297,0.2637886279721229,-0.003197339470594973,0.15274855180442204
2025-05-11,Jewelry,2025-05-18,2025-05-25,321686.2204971467,346377.4050920073,212.3913776975618,251.9452920599024,287976.0,368098.0,210.0,313.0,1.2145656731638081,1.307790260752056,0.9502969919353996,1.1272720002680197,-0.026520742934947106,0.048199137818148996,-0.06435516432792154,0.1098911544489094
2025-05-11,Miscellaneous Goods and Services,2025-05-18,2025-05-25,1621999.7234852468,1740171.7413087862,22414.86276329593,24690.11933774914,1458484.0,1960054.0,21167.0,24742.0,1.0230667683543362,1.0976030722970163,1.0031041043295486,1.1049257943545296,0.06295535946197339,0.14039777690829758,-0.01334348255586193,0.08680866879783178
2025-05-11,Other,2025-05-18,2025-05-25,2277314.54400103,2340185.7242704253,42489.71811008462,42805.927701278604,2220423.0,3055201.0,39514.0,46802.0,1.0039108516286412,1.0316264170051552,1.2670260357860332,1.2764552766148383,-0.030263545372232525,-0.003491452947270046,0.021608475633781765,0.029211312574321413
2025-05-11,Public Utilities,2025-05-18,2025-05-25,44415.62823147513,39622.74420937127,720.269794728886,755.2490665174666,42853.0,55334.0,658.0,744.0,0.7849641806103447,0.70025880934859,0.9216504091220551,0.9664095540850501,-0.0559106357293897,-0.15778718255810764,-0.0051522172252955745,0.04316169408489867
2025-05-11,Recreation and Culture,2025-05-18,2025-05-25,238489.19528109313,268384.93875243363,2322.6721386255517,2563.0058029129923,227679.0,324369.0,2271.0,2597.0,0.8749713659750709,0.984653146196302,0.9511351919023553,1.0495519258447963,0.03924558804396461,0.16951991542917622,-0.051583446865842486,0.04655198158962537
2025-05-11,Restaurants & Café,2025-05-18,2025-05-25,1624884.3043984463,2013822.74101014,55238.03757746502,57927.904532960325,1646028.0,2046098.0,56292.0,63295.0,0.8540744377022376,1.058508916914527,0.9357224846900439,0.9812883501962534,-0.07886533957229869,0.14162092752117772,-0.06892245390016327,-0.023582777943258137
2025-05-11,Telecommunication,2025-05-18,2025-05-25,104428.3279855971,116655.22026459937,1997.6561459899722,2222.798148286605,94264.0,136255.0,1784.0,2139.0,0.9126156560756558,1.0194683993323228,1.1577259611648636,1.2882052438635785,0.06130663833486216,0.18556872499491206,0.04918915230565757,0.16743600225136812
2025-05-11,Transportation,2025-05-18,2025-05-25,750949.1774586438,809177.0625711281,2721.5508401169473,3153.5153201061953,693233.0,898823.0,2605.0,3395.0,1.00596274532369,1.0839641399858113,0.9492678200617186,1.099935584271432,0.06705597301720734,0.1497944784586862,-0.03525315841299281,0.11787143569875758
2025-05-18,Beverage and Food,2025-05-25,2025-06-01,2226233.0572936386,2109671.49025422,49686.3946783287,51051.235174696616,2213643.0,2123685.0,53185.0,51553.0,1.1699064184897536,1.1086522182693976,1.0166846325700047,1.0446120434346875,0.3492010834257384,0.2785593363632959,0.028831628739153903,0.057092706644647606
2025-05-18,Clothing and Footwear,2025-05-25,2025-06-01,1020406.1308476444,971996.1301101288,9659.727453945083,8412.983238345027,1213516.0,1350795.0,8692.0,10901.0,1.2277689378342165,1.1695212525359326,1.495545355928949,1.302521015380868,0.45231627803867935,0.38341564135536665,0.7954883743392347,0.5637515312908972
2025-05-18,Construction & Building Materials,2025-05-25,2025-06-01,364226.6426181868,361129.45208395005,1871.1671309426802,1805.5872000061863,367604.0,248512.0,1802.0,1640.0,1.057048411476311,1.0480598314242846,1.1490126686783422,1.108742523798702,0.11834024477082683,0.10883047141854885,0.19639842131884921,0.15446751918554114
2025-05-18,Education,2025-05-25,2025-06-01,161774.82041621974,115614.09071396578,106.55653430296735,80.99996091920201,242188.0,62468.0,130.0,65.0,0.9893274242674887,0.7070333336225891,0.7451505895312402,0.5664332931412728,0.07952074908393092,-0.2285090504746775,-0.04860237229493436,-0.27678606322141064
2025-05-18,Electronic & Electric Devices,2025-05-25,2025-06-01,181997.22807214304,193665.2901153296,1293.9299492086684,1241.98759532112,187226.0,154570.0,1487.0,1698.0,0.9751505777166289,1.0376686586938657,1.1256458888287677,1.080458978095798,0.19686986191162137,0.27360263391224326,0.24058480269287474,0.19078388813146674
2025-05-18,Furniture,2025-05-25,2025-06-01,317991.91035276157,319815.98670389014,1449.2495167358002,1536.0696378527139,318960.0,273574.0,1494.0,1546.0,1.0514301644232662,1.0574614150159625,1.1384520948435193,1.2066532897507571,0.2496587336970859,0.25682706996258853,0.26682650064318203,0.34271821490621845
2025-05-18,Gas Stations,2025-05-25,2025-06-01,1016268.263957598,1061658.4252147446,17179.556846135303,17927.971145796637,1029333.0,911748.0,17975.0,16076.0,1.121137194893551,1.1712111762155994,1.0585388857411075,1.1046533254750077,0.1653931348914417,0.2174437441613788,0.06282831267850186,0.10912961802750787
2025-05-18,Health,2025-05-25,2025-06-01,865943.474357559,895042.3726416917,8274.65301430076,8719.078341850793,952880.0,743947.0,8512.0,7771.0,1.0749296928461727,1.1110512997650663,1.0341377259639768,1.0896804776417912,0.16668751530206372,0.2058925238764735,0.1484598215545816,0.2101427261416784
2025-05-18,Hotels,2025-05-25,2025-06-01,249201.30808724498,282932.08883302845,667.0129794341524,745.9617474730989,207597.0,197582.0,652.0,616.0,0.843131099387938,0.957253575195526,0.954921946219259,1.0679480994604136,0.3083150444270637,0.48540275014058776,0.1620435181779658,0.29958492591132213
2025-05-18,Jewelry,2025-05-25,2025-06-01,316914.6243478454,312779.4665692372,303.6614191772661,316.0582136506956,368098.0,344343.0,313.0,337.0,1.1788991782601732,1.1635166943586834,1.3586640679072308,1.4141307098465128,0.10048970868352014,0.08613032533696274,0.44600675798698153,0.5050391126223601
2025-05-18,Miscellaneous Goods and Services,2025-05-25,2025-06-01,2057431.8514794016,1781503.2333100217,26092.34627535015,24870.60647105735,1960054.0,1772224.0,24742.0,25029.0,1.2977130174100522,1.1236726673411561,1.1676778892998658,1.113002907567848,0.41066467063018974,0.22147602120422416,0.23268986041244166,0.17497077862036892
2025-05-18,Other,2025-05-25,2025-06-01,2460571.109137495,2427975.809644989,42508.04739952812,43253.58011745536,3055201.0,2807143.0,46802.0,45790.0,1.0846960268067105,1.0703270082805647,1.2628841010570009,1.2850333521726516,0.10815421617299714,0.09347444592538867,0.07577181251020204,0.09463937129765054
2025-05-18,Public Utilities,2025-05-25,2025-06-01,50893.99483575951,51841.96102883512,756.2735936360355,748.271490138535,55334.0,45842.0,744.0,753.0,0.9048545187750044,0.9217085994228004,0.9720740278098142,0.9617885477359062,0.1876413514983668,0.2097627010672558,0.149351966012212,0.13719071449625386
2025-05-18,Recreation and Culture,2025-05-25,2025-06-01,304953.28884805396,303014.99641148077,2637.7815588663816,2753.536465435589,324369.0,293183.0,2597.0,2340.0,1.1188154473307723,1.111704222107807,1.080172628528412,1.1275743101701838,0.3394001592068392,0.3308868908045133,0.16150663094072293,0.21247752771272088
2025-05-18,Restaurants & Café,2025-05-25,2025-06-01,2173740.8478885987,2037228.906213823,57720.30910113389,59430.10246758643,2046098.0,2057239.0,63295.0,57078.0,1.1425653428649214,1.0708117050767292,0.9777717206815549,1.0067353147433435,0.3205977346002611,0.23766357936427762,0.025373216462976744,0.05574686398753692
2025-05-18,Telecommunication,2025-05-25,2025-06-01,132854.43957838937,141210.871255872,2207.1113445636693,2186.089031681428,136255.0,119722.0,2139.0,2140.0,1.1610359361026796,1.2340641126990628,1.27652477996742,1.2643661259001897,0.409386824009053,0.49803606101875597,0.23717003619039767,0.22538622852097978
2025-05-18,Transportation,2025-05-25,2025-06-01,868155.1401860208,791234.8361469433,3253.3294696200674,3237.7455064312235,898823.0,613190.0,3395.0,2844.0,1.1629704837601986,1.0599289430741183,1.1347504253993956,1.129314791221215,0.2523280631274345,0.14136925989810534,0.2488788750940758,0.24289654757436607
2025-05-25,Beverage and Food,2025-06-01,2025-06-08,1843523.2628292644,1872294.1892473877,50963.37643791833,49358.92599261358,2123685.0,1727516.0,51553.0,48030.0,0.968788820538413,0.9839082130800804,1.0428142750898963,1.0099839576152234,-0.16719938001327928,-0.1542022858937111,-0.0417716191046662,-0.07193896789294763
2025-05-25,Clothing and Footwear,2025-06-01,2025-06-08,904132.9836866683,838726.9660438324,7007.746211792111,5955.2102136371095,1350795.0,655950.0,10901.0,5002.0,1.087867231961589,1.0091696679410718,1.0849583854764069,0.9220018909486158,-0.25494762023189776,-0.30884556442285693,-0.19377056928300607,-0.31486306792025887
2025-05-25,Construction & Building Materials,2025-06-01,2025-06-08,330915.3606646947,251887.25869723645,1569.1774569598579,1657.7472924805872,248512.0,242108.0,1640.0,1466.0,0.9603733373519556,0.7310201822774113,0.9635722793735695,1.0179596515078828,-0.0998047881288161,-0.3147864041271682,-0.1292022991343741,-0.0800514470141025
2025-05-25,Education,2025-06-01,2025-06-08,137665.58991037114,54969.019841248155,114.32178788710203,74.1488333890562,62468.0,25232.0,65.0,56.0,0.8418883923090211,0.3361608356240714,0.8375222555831651,0.5432148966231223,-0.4315755119561203,-0.7730316124611948,-0.12060163163767668,-0.42962435854572156
2025-05-25,Electronic & Electric Devices,2025-06-01,2025-06-08,169445.74740245048,138586.07693723688,1197.6008474005312,1226.2480868546959,154570.0,133385.0,1698.0,1457.0,0.9078990939665683,0.7425513807015666,1.0418450173123368,1.0667664957413623,-0.09496679199229552,-0.25979256653863847,-0.19461947047711425,-0.17535434643261882
2025-05-25,Furniture,2025-06-01,2025-06-08,252546.53956676595,211583.64012508182,1249.1880902595335,1360.4447548850694,273574.0,218883.0,1546.0,1108.0,0.835037121940123,0.6995945943379436,0.9812946506359258,1.068691873436818,-0.2082187748721911,-0.3366452215792519,-0.16386339340057998,-0.08939440770745022
2025-05-25,Gas Stations,2025-06-01,2025-06-08,1039926.9094336907,1032797.0728165129,16412.81861189804,16849.213775867265,911748.0,857454.0,16076.0,15449.0,1.147237180856661,1.139371614934231,1.011295394922705,1.0381844034546515,0.010292013793097743,0.0033653568053417793,-0.08690856122959434,-0.06263066615481139
2025-05-25,Health,2025-06-01,2025-06-08,758904.2100872092,802879.4883150633,7963.20740522626,8171.763836516637,743947.0,610075.0,7771.0,6982.0,0.942057644182754,0.9966458866235921,0.995214322967726,1.0212789897540007,-0.20356790982368267,-0.15741805021087307,-0.06447281423563678,-0.03997135379268835
2025-05-25,Hotels,2025-06-01,2025-06-08,231475.23271429053,240860.45288089864,741.1163698476748,657.8661294249742,197582.0,182260.0,616.0,652.0,0.7831578772096652,0.8149112057046337,1.0610112667826412,0.9418269569434133,0.11502205096552709,0.16023089389971257,0.13668154884612704,0.008997131019899074
2025-05-25,Jewelry,2025-06-01,2025-06-08,334378.15018084383,316512.7704385916,287.55460489605525,238.39935698796006,344343.0,300056.0,337.0,247.0,1.2438622145871117,1.1774043111666308,1.2865977847698222,1.0666637896553024,-0.09160563170448133,-0.14013993436913108,-0.0812951920253826,-0.23834071249853017
2025-05-25,Miscellaneous Goods and Services,2025-06-01,2025-06-08,1526792.8488235683,1608122.8498174401,22971.710813234742,23664.128457585437,1772224.0,1278711.0,25029.0,20634.0,0.9630155931445484,1.0143140120544283,1.0280240233261615,1.0590109175263671,-0.22104551771350778,-0.1795517624425449,-0.07154996308969597,-0.04356444678742877
2025-05-25,Other,2025-06-01,2025-06-08,2157465.6891840976,2300909.243476561,43415.78443707533,41878.91942454409,2807143.0,2237319.0,45790.0,40124.0,0.9510777609065326,1.0143121266333608,1.2898523280819778,1.244193152736793,-0.29383837947680114,-0.24688776827561887,-0.07235194143251722,-0.10518953411084808
2025-05-25,Public Utilities,2025-06-01,2025-06-08,50607.18936993544,32491.475997091,703.0657284376348,624.2710610636441,45842.0,39240.0,753.0,665.0,0.9093017585111031,0.5838015631496003,0.9124798552078323,0.8102155237685192,-0.08542325929924743,-0.4128117252125094,-0.055019182207480144,-0.16092599319402678
2025-05-25,Recreation and Culture,2025-06-01,2025-06-08,301210.9919452399,280249.30837871233,2537.1968372046827,2429.0485355412507,293183.0,231439.0,2340.0,2318.0,1.1050856738327313,1.028181255241673,1.0389831438184614,0.9946963700005121,-0.07139402364208702,-0.13601697949337843,-0.023027786983179532,-0.06467133787398893
2025-05-25,Restaurants & Café,2025-06-01,2025-06-08,2071977.673464734,1881093.4941838651,58979.043896392555,57240.76609258329,2057239.0,1803002.0,57078.0,55283.0,1.0890764109209123,0.9887435455936687,0.9990944631583035,0.9696483478182915,0.01264830592900923,-0.0806435008568186,-0.0681879469722323,-0.09565106102246168
2025-05-25,Telecommunication,2025-06-01,2025-06-08,102888.44825307184,103141.98421440629,2052.4366436135538,2029.7355188932058,119722.0,85199.0,2140.0,1807.0,0.8991584038196399,0.9013740946398924,1.1812584999214697,1.1681931043989673,-0.24488313637611947,-0.2430223902652653,-0.040469077319516655,-0.05108203885310625
2025-05-25,Transportation,2025-06-01,2025-06-08,662477.4814833374,669562.21563944,2795.5311678661365,2875.406504181873,613190.0,488366.0,2844.0,2505.0,0.8874470949464531,0.8969377220561073,0.975071910661366,1.0029321605098964,-0.2629500118673672,-0.25506777681541304,-0.17657403008361228,-0.15304668507161323
2025-06-01,Beverage and Food,2025-06-08,2025-06-15,1836237.6089914818,1571019.8273052298,50060.42279004566,48174.48937217887,1727516.0,1602710.0,48030.0,47848.0,0.9649601408951064,0.825585701154481,1.0155685957447438,0.977308935795729,-0.13535312017013734,-0.26023877020121633,-0.028952286190024656,-0.0655347046305963
2025-06-01,Clothing and Footwear,2025-06-08,2025-06-15,804766.1050949891,561695.2018354214,7226.324998981289,5131.955113286672,655950.0,576313.0,5002.0,4597.0,0.9683074181813018,0.6758406290357926,1.118799349586823,0.794543290491821,-0.40422780281612747,-0.5841743552238339,-0.3370952207154124,-0.5292216206507043
2025-06-01,Construction & Building Materials,2025-06-08,2025-06-15,223485.79444058758,238801.24723449972,1577.0052025091443,1500.287471583525,242108.0,304105.0,1466.0,1543.0,0.6533583421493715,0.6981329054353506,0.9683790006196772,0.9212695557774179,-0.10070421371769744,-0.039075588967535935,-0.03841146188466815,-0.08519056610760667
2025-06-01,Education,2025-06-08,2025-06-15,38109.999786777,83784.95289819874,71.13304466260372,109.37004901960611,25232.0,193267.0,56.0,110.0,0.24412273260378578,0.5367045858574001,0.5211212063194411,0.8012457803634148,-0.3899276463665077,0.34124596430490395,0.09435453327082644,0.6826161387631711
2025-06-01,Electronic & Electric Devices,2025-06-08,2025-06-15,119997.66732620791,120336.67771347897,1281.9961761622894,1094.2815091489642,133385.0,155807.0,1457.0,1486.0,0.6450464433125279,0.6468687907750059,1.115264181089421,0.9519630353623003,-0.22366780535545117,-0.22147455707136587,-0.24499636268416403,-0.3555468143999033
2025-06-01,Furniture,2025-06-08,2025-06-15,212742.07402003394,210096.76574363647,1273.5750282900972,1086.278405378028,218883.0,228408.0,1108.0,1071.0,0.710429676596469,0.7015959491264527,1.0004517111469735,0.8533216067384353,-0.2223600414511835,-0.23202948473306506,-0.17621278894560333,-0.2973619628861397
2025-06-01,Gas Stations,2025-06-08,2025-06-15,935998.1282542509,876236.2410765912,15939.760136116687,15307.095613337911,857454.0,813506.0,15449.0,15608.0,1.0288096157116369,0.9631218730490265,0.9821473327038225,0.9431649535314034,0.02659740219254747,-0.038949094402629725,-0.008474736494358814,-0.04782933482595719
2025-06-01,Health,2025-06-08,2025-06-15,717381.4437212978,670177.5010131849,8178.352637732599,7250.944700899889,610075.0,712587.0,6982.0,7061.0,0.8944454098281792,0.8355905979974638,1.0221024355099166,0.9061981754545884,-0.03570893662949404,-0.09915961619149627,0.05241959049447931,-0.06692257098186993
2025-06-01,Hotels,2025-06-08,2025-06-15,193393.05883572262,197682.1174456438,642.1041459335472,670.769534284479,182260.0,165650.0,652.0,538.0,0.6543131878468048,0.668824502931299,0.9192614830831026,0.9602999775010438,-0.021201026228489295,0.0005067133931420109,0.04237686028173249,0.08891158163064783
2025-06-01,Jewelry,2025-06-08,2025-06-15,295952.6085635943,232923.1003914682,273.3318592760796,198.48804325899917,300056.0,261784.0,247.0,221.0,1.1009220156928616,0.8664568642560359,1.222961339042862,0.888089679011182,-0.14052962144258985,-0.3235724251938671,-0.18892623360213756,-0.41101470843026955
2025-06-01,Miscellaneous Goods and Services,2025-06-08,2025-06-15,1462354.905107737,1349576.0239812508,23234.426183207877,21193.10619182847,1278711.0,1306036.0,20634.0,20037.0,0.9223717398305046,0.8512371250817607,1.0397809931846627,0.9484283722372947,-0.17484758974726833,-0.2384845121264294,-0.07169978092581097,-0.15325797307809064
2025-06-01,Other,2025-06-08,2025-06-15,2199350.754550657,1971112.1414896124,43499.41680057652,40782.71615580932,2237319.0,2124084.0,40124.0,39767.0,0.9695419962285394,0.8689273398051494,1.2897887920469822,1.209236676623653,-0.21651631051547537,-0.2978226825318082,-0.0500236558074576,-0.10935321782464902
2025-06-01,Public Utilities,2025-06-08,2025-06-15,37859.66226566647,30976.526447236098,691.2328375652622,630.292466030976,39240.0,40617.0,665.0,657.0,0.6848337149877263,0.5603264375528842,0.9023927383358514,0.8228361175339113,-0.17412717015692003,-0.3242762870896536,-0.08202810416299833,-0.16295821244226294
2025-06-01,Recreation and Culture,2025-06-08,2025-06-15,258902.09081367895,219945.76785235488,2423.2875055933346,2195.2388712374304,231439.0,197358.0,2318.0,2200.0,0.9498623859502178,0.8069390678742732,0.9966224575748857,0.9028331775601195,-0.11692666077610592,-0.24980040502909484,0.03559295110826266,-0.06186373024041436
2025-06-01,Restaurants & Café,2025-06-08,2025-06-15,1721046.3707240515,1658375.4731077482,57332.74917164304,55213.85320325881,1803002.0,1544745.0,55283.0,55418.0,0.8987616748915426,0.8660337938380598,0.9712065247387971,0.935312805713104,-0.16341933498049988,-0.1938829309050878,0.004463176208750141,-0.03265963763168278
2025-06-01,Telecommunication,2025-06-08,2025-06-15,93238.45473677448,85413.15170784148,2039.7828890451135,1862.597465792575,85199.0,89326.0,1807.0,1864.0,0.8148255859542023,0.7464390265263287,1.1682605320991486,1.0667797627677977,-0.22120867729594829,-0.286570958488486,-0.046830425679853516,-0.1296273524333762
2025-06-01,Transportation,2025-06-08,2025-06-15,605626.3938759423,582876.4820411621,2508.5839141230163,2535.1310945073783,488366.0,628665.0,2505.0,2487.0,0.8177797139461315,0.7870604180556732,0.8788172759232847,0.8881173916648724,-0.012334849107222379,-0.04943576698712948,-0.11793814552636561,-0.10860369391442393
2025-06-08,Beverage and Food,2025-06-15,2025-06-22,1745089.2357114074,1997076.7618706776,49328.988283970844,49601.478491968985,1602710.0,1989218.0,47848.0,49632.0,0.9201055645673641,1.0529670367924164,1.0007300891398545,1.00625805879068,0.010172545846989234,0.15603951678055528,0.02704535257070262,0.03271868607055972
2025-06-08,Clothing and Footwear,2025-06-15,2025-06-22,663242.2378764678,668928.145121502,4893.412789957759,4833.624096127622,576313.0,830956.0,4597.0,6182.0,0.8274465167948567,0.8345401303737894,0.7816953338590669,0.772144424301537,0.01111706361226883,0.019785265830478016,-0.021708758505046166,-0.03366171608804047
2025-06-08,Construction & Building Materials,2025-06-15,2025-06-22,294052.5999906042,312599.73585993017,1654.8778653281533,1700.1401767251293,304105.0,328047.0,1543.0,1652.0,0.8596596473412449,0.9138820017129606,1.018386378663479,1.0462401087539257,0.21455135720671858,0.29115822632845734,0.12883892587186452,0.15971362668835565
2025-06-08,Education,2025-06-15,2025-06-22,91578.93579241935,97514.92516720029,99.89868593896368,125.79923274994418,193267.0,212059.0,110.0,118.0,0.6290734199475836,0.6698488788940619,0.731858505047353,0.9216061007321918,2.629475895387577,2.8647322910272783,0.783905106052923,1.2464148705347173
2025-06-08,Electronic & Electric Devices,2025-06-15,2025-06-22,139161.99678696968,144470.59477273904,1223.1120632637387,1331.9288715528025,155807.0,182154.0,1486.0,1609.0,0.7550287786134476,0.7838307816450724,1.064038332547837,1.1587028025687713,0.04331069300873169,0.08310975576518387,-0.16052706708048137,-0.08584154320329274
2025-06-08,Furniture,2025-06-15,2025-06-22,243474.8236028283,262525.94343352556,1176.5792301479187,1290.599720463318,228408.0,268403.0,1071.0,1274.0,0.8161381564862149,0.8799983354876655,0.9371399682579997,1.0279567665976248,0.11235145535664404,0.1993893698164113,0.06189461204685798,0.16480119175389696
2025-06-08,Gas Stations,2025-06-15,2025-06-22,945644.4521031458,978771.674337625,16436.367033160044,17221.81414370814,813506.0,963503.0,15608.0,17172.0,1.039412447525544,1.0758244912549635,1.0127463589858001,1.0611426195328346,0.10285152568318034,0.1414859273356064,0.06391138799663687,0.11475267937783284
2025-06-08,Health,2025-06-15,2025-06-22,758326.1049183393,778857.9188010824,7453.713446632622,7716.047002389923,712587.0,839976.0,7061.0,7604.0,0.9454960253482702,0.9710954980466477,0.9379279535211554,0.9709383418132532,0.24300472059720413,0.27665929402300105,0.06756136445611904,0.10513420257661465
2025-06-08,Hotels,2025-06-15,2025-06-22,229564.23799979858,251489.34356288487,692.3196807959289,709.1785860422103,165650.0,212495.0,538.0,680.0,0.7766923450384214,0.8508722861450295,0.9911520125925969,1.0152878826660134,0.2595426204312443,0.37983838232681255,0.06184000122074984,0.08769721785615081
2025-06-08,Jewelry,2025-06-15,2025-06-22,304972.12286677124,295254.6407131277,201.27916903426686,221.63451725753788,261784.0,352701.0,221.0,280.0,1.134473947927615,1.0983256264379941,0.9005779375134982,0.9916533210628093,0.016384017872567824,-0.01600154400136078,-0.18510457880863618,-0.10269426211523125
2025-06-08,Miscellaneous Goods and Services,2025-06-15,2025-06-22,1456379.8298153998,1613914.7352472828,21661.458641297337,23217.92929541457,1306036.0,1648868.0,20037.0,22442.0,0.9226201087694469,1.022418848499982,0.9752581442212118,1.045334712323379,0.13894369393506412,0.2621419032504473,0.04979444806132283,0.12522677597240328
2025-06-08,Other,2025-06-15,2025-06-22,2198883.801452649,2317462.2284882856,42398.42165347973,42617.34725298359,2124084.0,2683876.0,39767.0,43600.0,0.9769812135346146,1.0296665329988668,1.242026032354803,1.2484392732993597,-0.017179132053744328,0.03582110038322006,0.05668481839995332,0.06214104408791732
2025-06-08,Public Utilities,2025-06-15,2025-06-22,49204.666772906494,36490.106976100426,703.5033165971719,650.1725358208462,40617.0,52296.0,657.0,690.0,0.893582376538541,0.6626793483296938,0.9250536707392135,0.8549277262601528,0.2539415589425711,-0.07007882323903092,0.05789972420627354,-0.022296938615268935
2025-06-08,Recreation and Culture,2025-06-15,2025-06-22,244471.04379985287,274024.8008669918,2436.5105054364076,2340.7876205079174,197358.0,294652.0,2200.0,2267.0,0.9064101122111161,1.0159847425768151,1.0020606643785348,0.9626928317943316,0.05630876299955001,0.18400442823807484,0.05112618871285912,0.00983072498184523
2025-06-08,Restaurants & Café,2025-06-15,2025-06-22,1735464.6503824182,1937399.7910083574,57061.99186561291,56436.762291762934,1544745.0,1886642.0,55418.0,59806.0,0.9121978662820613,1.0183393566119043,0.9666199443630696,0.956028667120026,-0.03745827770439625,0.0745411214232472,0.03217972732328045,0.020870110011449006
2025-06-08,Telecommunication,2025-06-15,2025-06-22,97519.7826741322,105004.71182348588,1937.8054940801094,2095.8288633268326,89326.0,123899.0,1864.0,2051.0,0.8614060831563661,0.9275215248077544,1.1051072107670998,1.1952260412471243,0.1446118226051034,0.23246413483122907,0.07238820923082967,0.15983888396614976
2025-06-08,Transportation,2025-06-15,2025-06-22,620422.5957219631,778711.666729735,2578.5250498438313,2920.570395272251,628665.0,746012.0,2487.0,2895.0,0.8427713939819065,1.057788548329882,0.9063356941454591,1.026562529093937,0.27040497438798594,0.5945247349932938,0.029351317302926727,0.16589636537814423
2025-06-15,Beverage and Food,2025-06-22,2025-06-29,1876788.1204353834,2164541.3744468633,48349.27166034817,49172.31235597109,1989218.0,2126081.0,49632.0,51918.0,0.9895443498180491,1.1412634509506594,0.9808547189326713,0.9975516271269975,0.17100917847607078,0.35055086350422937,0.010476334650312724,0.027677486122117623
2025-06-15,Clothing and Footwear,2025-06-22,2025-06-29,632821.9224578092,719280.0557063621,5031.6145699467515,5022.497652994336,830956.0,892607.0,6182.0,7029.0,0.7894947962989461,0.897358073273211,0.8037722955186504,0.8023159190086798,0.09805248616257001,0.24807189098000926,0.09454308678415302,0.09255985490414087
2025-06-15,Construction & Building Materials,2025-06-22,2025-06-29,328714.04014905845,328816.4181409319,1734.9066796047907,1651.458915624421,328047.0,343554.0,1652.0,1764.0,0.9609919988453925,0.9612912998153288,1.0676348797567943,1.0162824096150282,0.08092283964110569,0.08125949307289226,0.12437244303615724,0.07029093689204213
2025-06-15,Education,2025-06-22,2025-06-29,147913.14743177703,96226.83685663884,100.2202278847478,121.12752350757732,212059.0,141123.0,118.0,112.0,0.9474930973786243,0.6164040539147962,0.734214123697786,0.8873811245976361,-0.23466940847751017,-0.5021041519936729,-0.08890701922956545,0.10115930461433931
2025-06-15,Electronic & Electric Devices,2025-06-22,2025-06-29,139328.5400484187,156725.10593305068,1589.3686443664026,1610.5565127995185,182154.0,187555.0,1609.0,1612.0,0.7559323654991019,0.8503181043876368,1.3748863705591718,1.3932149764701718,-0.1057620001128402,0.005892584627460229,0.06956167184818485,0.08381999515445382
2025-06-15,Furniture,2025-06-22,2025-06-29,266310.81660072174,273824.25462480687,1335.1346262703587,1408.1513849692774,268403.0,289991.0,1274.0,1396.0,0.8926853943116554,0.9178707640641074,1.0634286151098038,1.1215861290077875,0.16594347221078842,0.19883828335612974,0.2466243009060305,0.3148005461898016
2025-06-15,Gas Stations,2025-06-22,2025-06-29,915802.910332385,992943.4609036986,16899.829609466677,16378.069903950192,963503.0,974026.0,17172.0,16974.0,1.0066118850087356,1.091401520578925,1.0413031584131782,1.0091543118364825,0.12574819402977355,0.2205730024163295,0.08276714566034582,0.04933815376410755
2025-06-15,Health,2025-06-22,2025-06-29,795679.2940673468,822180.8110684901,8001.732030702336,7560.810422664132,839976.0,871370.0,7604.0,8002.0,0.9920687222993687,1.0251113392259994,1.0068871310812049,0.9514043566961283,0.11660652533283211,0.15379709574899647,0.1332292919844691,0.07078465127660838
2025-06-15,Hotels,2025-06-22,2025-06-29,205030.00341657316,242904.72852532496,645.7832123810826,693.6289669112259,212495.0,260741.0,680.0,802.0,0.6936848506734463,0.8218276716925801,0.9245285789278206,0.993026437954511,0.23773017456428103,0.4663732479645335,0.20034054345926133,0.289273172697446
2025-06-15,Jewelry,2025-06-22,2025-06-29,272912.1289939428,301271.60377400095,209.0283242018256,216.8534045920981,352701.0,331586.0,280.0,282.0,1.0152131201590002,1.1207082880860082,0.9352497727151033,0.97026131808545,0.04250882022561653,0.15084040191150327,-0.0541704787247711,-0.018762875148877423
2025-06-15,Miscellaneous Goods and Services,2025-06-22,2025-06-29,1577660.8813505014,1772521.7257106702,23880.589722567263,23671.876430221935,1648868.0,1791273.0,22442.0,23652.0,0.9994519452644438,1.1228967566645531,1.0751694981120734,1.065772654550535,0.2079765652328891,0.3571767743849865,0.19182461059875555,0.18140821631092163
2025-06-15,Other,2025-06-22,2025-06-29,2438008.9006316937,2441840.2529803934,43049.684485064434,42931.24734630125,2683876.0,2878692.0,43600.0,46887.0,1.0832263591071962,1.0849286588215505,1.2408394674890308,1.2374257031850249,0.1477930725111123,0.14959683938130186,0.08254795395841863,0.07956967702620887
2025-06-15,Public Utilities,2025-06-22,2025-06-29,50489.941931471985,35760.56382512175,717.3061760744949,705.547226065821,52296.0,56917.0,690.0,740.0,0.916923642845608,0.6494304647299395,0.9432033873431886,0.9277412571542681,0.2430741298341086,-0.11956658972544121,0.09179022233560885,0.07389227711692681
2025-06-15,Recreation and Culture,2025-06-22,2025-06-29,223507.7358051369,257192.39358466712,2282.997832471052,2309.2986496335043,294652.0,287788.0,2267.0,2324.0,0.8286857565718324,0.9535762710604665,0.9389256970886497,0.9497424016588544,0.13249899069273563,0.3031769352378273,0.037726287486841814,0.04968120437886547
2025-06-15,Restaurants & Café,2025-06-22,2025-06-29,1795817.1774444676,2057435.352701258,57312.272911403445,55892.643706245624,1886642.0,1953552.0,59806.0,61437.0,0.9439204636847802,1.0814326516727426,0.9708596605497556,0.9468113955235781,0.16253308956783652,0.33189319447627796,0.034181545912942424,0.008564793140236393
2025-06-15,Telecommunication,2025-06-22,2025-06-29,108986.0363965863,115738.25573855088,2221.3447980225983,2299.18309174683,123899.0,136090.0,2051.0,2356.0,0.9626891299053645,1.02233244182096,1.2578396364793876,1.3019156804908438,0.22009310163430928,0.2956838517178748,0.19170858263014923,0.2334673238985141
2025-06-15,Transportation,2025-06-22,2025-06-29,773676.6481369226,743566.5172415595,2974.6121689234215,2961.552857438218,746012.0,776283.0,2895.0,3202.0,1.050949065584655,1.0100479811260308,1.0455578801136807,1.0409676124563156,0.230666011527479,0.18277066043371182,0.19606440246217183,0.1908133725123513
2025-06-22,Beverage and Food,2025-06-29,2025-07-06,2147079.5763569647,1907712.4434968464,50313.008233788554,49131.36605212562,2126081.0,1848795.0,51918.0,50562.0,1.128310519493359,1.002520838942584,1.0147331867854295,0.9909013472924039,0.07935861044740422,-0.040973667291947735,0.01372115235711946,-0.010086918678964829
2025-06-22,Clothing and Footwear,2025-06-29,2025-07-06,822251.9207953673,730190.2152893513,6246.528421060235,5585.790353008735,892607.0,827144.0,7029.0,6723.0,0.9972600981616586,0.8856039704617056,0.9954626965833043,0.8901657933081649,-0.010474777490784959,-0.12126488611990127,0.010438114050507208,-0.09644284163559769
2025-06-22,Construction & Building Materials,2025-06-29,2025-07-06,312821.87625408574,314250.32042176474,1737.864255960088,1498.694541682694,343554.0,330834.0,1764.0,1742.0,0.9145314267916919,0.918707468117199,1.067156435959526,0.9202913980243747,-0.04641140978553149,-0.042057021031240205,0.051975941864460085,-0.09279991423565737
2025-06-22,Education,2025-06-29,2025-07-06,138384.66336577255,104497.96743586852,93.86805959498065,89.61294913060655,141123.0,102218.0,112.0,101.0,0.846285857178159,0.6390531276655365,0.6876780922709205,0.6565051218359454,-0.34742376713191825,-0.5072222002562092,-0.20450796953406225,-0.24056822770672415
2025-06-22,Electronic & Electric Devices,2025-06-29,2025-07-06,174328.7667111459,157899.44027856973,1615.852521948526,1449.7962702545738,187555.0,167707.0,1612.0,1412.0,0.954998489188308,0.8649962353004611,1.3977962992634307,1.254149022711569,-0.04295943700854277,-0.13315414276617732,0.004258870073664323,-0.09894576118423015
2025-06-22,Furniture,2025-06-29,2025-07-06,268769.4671609836,252075.80929176422,1408.3441616020543,1186.134266619257,289991.0,275701.0,1396.0,1345.0,0.9009268975028404,0.8449690331257778,1.1098062739180885,0.9346999736952379,0.0013653616426925197,-0.06083088008791171,0.10545067629674598,-0.06896839354846385
2025-06-22,Gas Stations,2025-06-29,2025-07-06,928068.8772273234,937155.0879157828,16608.761850541603,16385.51781354573,974026.0,948992.0,16974.0,16773.0,1.0165688170145692,1.0265214818192634,1.021386252416309,1.007657451174327,-0.03677634918902861,-0.027345957494908868,-0.03279979906000452,-0.04580026708911411
2025-06-22,Health,2025-06-29,2025-07-06,821183.1116956254,773937.6222369835,8020.999649383799,7259.377377120887,871370.0,805092.0,8002.0,7637.0,1.0193668942194245,0.9607192099582519,1.0093116458265758,0.9134739369725541,-0.02237312530878821,-0.07861936265204783,0.05483951201785886,-0.045321228679525594
2025-06-22,Hotels,2025-06-29,2025-07-06,237240.50193938988,231944.69235098345,705.1862562994838,711.2632060909594,260741.0,281566.0,802.0,839.0,0.8026637049171333,0.7847462156603792,1.0095723067995475,1.0182723065010157,0.1164521609420921,0.09153011765445518,0.03703861220512339,0.045975303074940355
2025-06-22,Jewelry,2025-06-29,2025-07-06,358315.5580476689,296900.2246503024,291.0265648024272,208.82832502346525,331586.0,305494.0,282.0,251.0,1.3055577912789353,1.0817850155228286,1.2992257357251213,0.9322693081404699,0.015918747175848402,-0.158209858632943,0.039380588580097076,-0.25418455348762414
2025-06-22,Miscellaneous Goods and Services,2025-06-29,2025-07-06,1749864.3996709716,1568350.6453199168,24465.721109341095,22093.994135243032,1791273.0,1511567.0,23652.0,21444.0,1.1085432863766398,0.9935538884503118,1.101513714346094,0.9947320757842075,0.06125196175253045,-0.04883189841763147,0.09017561310672373,-0.01550690066647209
2025-06-22,Other,2025-06-29,2025-07-06,2428494.63506073,2298517.2470688852,44371.845046666094,42734.24873198922,2878692.0,2653904.0,46887.0,45388.0,1.0705557226082956,1.0132576604608912,1.2726028923241488,1.225635951816595,-0.09515393592672317,-0.14358291997510864,0.017702868042800413,-0.01985668045896294
2025-06-22,Public Utilities,2025-06-29,2025-07-06,54580.988660291325,44045.246570484946,752.3351165965024,683.2010949664771,56917.0,48432.0,740.0,693.0,0.9954040205768666,0.8032616594110289,0.9977919318256,0.9061022479661499,0.04369337349493896,-0.1577702583278846,0.09034074869058317,-0.009853485555830321
2025-06-22,Recreation and Culture,2025-06-29,2025-07-06,294556.02248459257,264444.02293621557,2564.068917008809,2293.9204861193366,287788.0,259885.0,2324.0,2229.0,1.080669860308593,0.9701946777912872,1.0545214546612416,0.9434178433556802,-0.0003257317629183909,-0.10252086211457734,0.13104054565893652,0.011874938738128282
2025-06-22,Restaurants & Café,2025-06-29,2025-07-06,2071571.8286507449,1899834.971019006,59759.91467000961,57622.5558214929,1953552.0,1920901.0,61437.0,61107.0,1.088863090083014,0.9985944723620263,1.0093642426803187,0.9732635620253676,0.09802062534956013,0.006992832248516656,-0.0007705803763902175,-0.0365087813682089
2025-06-22,Telecommunication,2025-06-29,2025-07-06,122617.78157829655,95044.81526195057,2308.9817414861545,2072.3224678311417,136090.0,117630.0,2356.0,2305.0,1.083100270102434,0.8395443446864285,1.3001023319178797,1.1668482363914086,-0.010340829398973739,-0.2328847265760775,0.12578339419120166,0.010396132535905211
2025-06-22,Transportation,2025-06-29,2025-07-06,717024.2700611223,695215.1958052316,3202.13929114359,2620.4702282556145,776283.0,722360.0,3202.0,3020.0,0.9739934486026958,0.9443683768551014,1.1217864043242565,0.9180137426013714,-0.03885692179063838,-0.06809113552431922,0.1060930193932954,-0.09482893669926962
2025-06-29,Beverage and Food,2025-07-06,2025-07-13,1704089.1849770544,1761099.1858939286,47726.716757722665,47851.92585016189,1848795.0,,50562.0,,0.8955149006758599,0.9254741925713089,0.961912201741813,0.9644357391223058,-0.19848341386002966,-0.17166881887664265,-0.08072890408485178,-0.0783172339041972
2025-06-29,Clothing and Footwear,2025-07-06,2025-07-13,665667.53834014,662295.855144905,5876.353960111168,5113.572258339236,827144.0,,6723.0,,0.7947785129981816,0.7907528677595813,0.9097931506597257,0.7916972067408633,-0.2542434258972426,-0.2580207693364437,-0.16398435622262508,-0.27250359107423017
2025-06-29,Construction & Building Materials,2025-07-06,2025-07-13,294040.3226179806,265647.8509541154,1729.7163827251632,1536.5782178839274,330834.0,,1742.0,,0.8596677360889038,0.776658400430697,1.058254134429589,0.9400906808711701,-0.1441219644714351,-0.2267653674411726,-0.01943515718528166,-0.12892391276421344
2025-06-29,Education,2025-07-06,2025-07-13,69872.99682013203,135685.91161854294,81.52445286896904,102.5712923287167,102218.0,,101.0,,0.42730550892937885,0.8297817491349251,0.5972487389668061,0.7514380390382175,-0.5048787453488657,-0.03852730158412909,-0.27210309938420507,-0.08418488992217232
2025-06-29,Electronic & Electric Devices,2025-07-06,2025-07-13,151706.34405425808,143270.75898781593,1367.2721220748708,1231.076305123181,167707.0,,1412.0,,0.831069548103647,0.7848581789426408,1.1827613512758397,1.064944900625589,-0.1911367649262452,-0.23611335881306317,-0.15181630144238778,-0.23630502163574374
2025-06-29,Furniture,2025-07-06,2025-07-13,250746.65495500487,221573.50587948365,1200.184873918497,989.8367163416742,275701.0,,1345.0,,0.8470798747183566,0.7485262670203121,0.9391117949284015,0.7745201223330784,-0.13532952762325434,-0.23592971547570907,-0.14026871495809667,-0.2909479109300328
2025-06-29,Gas Stations,2025-07-06,2025-07-13,844151.8206251719,807572.9076800118,15921.906292144828,15506.871406242384,948992.0,,16773.0,,0.922963185558412,0.882969206760705,0.9771637591840449,0.9516921201818083,-0.13333748726915717,-0.17089183689140552,-0.061982662180698256,-0.08643387497099186
2025-06-29,Health,2025-07-06,2025-07-13,763396.2609678113,676435.1005094914,7948.678575659901,6596.255814776644,805092.0,,7637.0,,0.9476338036161597,0.8396854948996364,1.0024818483616977,0.8319152244642003,-0.12391261924577235,-0.22371082260177488,-0.0066635121644712525,-0.1756741046267628
2025-06-29,Hotels,2025-07-06,2025-07-13,235799.72200880002,224149.76356412214,742.0611467102984,634.6994803683958,281566.0,,839.0,,0.7977890661113489,0.758373373045058,1.0623638463998546,0.9086606733978466,-0.09565537445664463,-0.1403355683834835,-0.07473672480012661,-0.20860413919152643
2025-06-29,Jewelry,2025-07-06,2025-07-13,231016.41308524786,254134.5550749682,230.20835807644247,195.8221027568022,305494.0,,251.0,,0.8290960196716792,0.9120648410203552,1.0277158842698324,0.8742058158785813,-0.3032986522795056,-0.23357875460674393,-0.18365830469346645,-0.30559538029502764
2025-06-29,Miscellaneous Goods and Services,2025-07-06,2025-07-13,1421547.372594657,1381430.7184809656,21699.265473517804,20749.86490787622,1511567.0,,21444.0,,0.9005536637310104,0.8751396673104944,0.9769603112654902,0.9342156997828203,-0.20640384095854913,-0.22879945241123734,-0.08256107417902059,-0.12270146677337135
2025-06-29,Other,2025-07-06,2025-07-13,2222658.328495483,2091536.172249147,42345.320147119484,40234.679470513765,2653904.0,,45388.0,,0.9773735253299727,0.9197149448561591,1.2092098617070586,1.1489385610815204,-0.22789297066324465,-0.2734421840720901,-0.09686437291531802,-0.14187985005409254
2025-06-29,Public Utilities,2025-07-06,2025-07-13,47226.83683429689,42184.18962769566,695.0109397750418,591.8894866570208,48432.0,,693.0,,0.8612849348803985,0.7693212048893123,0.9285383296927746,0.7907675172438487,-0.17025077157445245,-0.25884727537123076,-0.060796027331024516,-0.2001493423553773
2025-06-29,Recreation and Culture,2025-07-06,2025-07-13,233429.08974352048,218692.69317132857,2325.689469125013,2152.458661518,259885.0,,2229.0,,0.8548543367044252,0.8008873160088645,0.9564834337343258,0.8852390135792721,-0.18888525670451695,-0.2400909934697466,0.0007269660606770145,-0.07381296836574869
2025-06-29,Restaurants & Café,2025-07-06,2025-07-13,1773121.438873143,1643382.2561026027,58816.11376571869,56035.689603735475,1920901.0,,61107.0,,0.9319910911712601,0.8637973623791544,0.9923169443276902,0.9454069764344664,-0.09236025512853363,-0.15877219746256932,-0.042659736547704274,-0.0879162458496432
2025-06-29,Telecommunication,2025-07-06,2025-07-13,92941.55392281484,86199.44374763645,2078.361395174443,1879.924957858098,117630.0,,2305.0,,0.8209659387228587,0.7614119225124676,1.168932168264591,1.0573256230922936,-0.3170581679563903,-0.36659972262740503,-0.11784321087672212,-0.2020692029464779
2025-06-29,Transportation,2025-07-06,2025-07-13,676018.5291022112,594310.1085369491,3050.4953167333197,2298.6593277450947,722360.0,,3020.0,,0.9182919546411679,0.8073006400522559,1.0686618730892694,0.8052756446821141,-0.12915968905384867,-0.23441565957653443,-0.04731564124505949,-0.2821176365568099
2025-07-06,Beverage and Food,2025-07-13,2025-07-20,1676770.0490619033,1913388.2668508482,49381.01959655562,47800.41229326847,,,,,0.8811584377035676,1.0055035375195842,0.9943621674262625,0.9625342279307398,-0.0930470662989118,0.034938036316004784,-0.023357074550935053,-0.05461784950618109
2025-07-06,Clothing and Footwear,2025-07-13,2025-07-20,698803.126764238,781422.0610079586,6031.653369937665,5996.755818654539,,,,,0.8343409855211659,0.9329844522995717,0.9206522735156323,0.9153256229343721,-0.15516146310166312,-0.05527687922785074,-0.1028330551929697,-0.1080238258731906
2025-07-06,Construction & Building Materials,2025-07-13,2025-07-20,292196.6662012995,327364.22165451513,1722.667068400438,1586.9667363228277,,,,,0.85427755040368,0.9570947848260658,1.0497666474103826,0.9670729654618085,-0.11678767538614676,-0.010487973864490518,-0.011098123765534984,-0.08899728110055816
2025-07-06,Education,2025-07-13,2025-07-20,198743.01617890905,237698.98068528398,119.94582923234597,132.44434559199848,,,,,1.2154049423856963,1.453638580511766,0.8787240236801903,0.970288246095227,0.9443054665412065,1.3254121650324207,0.18758246764698971,0.3113301543762226
2025-07-06,Electronic & Electric Devices,2025-07-13,2025-07-20,149165.54125048718,157399.98428180887,1414.804462049356,1475.3489998463724,,,,,0.8244902608107362,0.8700049153724404,1.2238792924302389,1.2762534600747166,-0.11055864543228855,-0.06145847053606068,0.001986162924473067,0.044864730769385464
2025-07-06,Furniture,2025-07-13,2025-07-20,253654.38268448997,270546.0345759835,1218.2057091930692,1250.884855223441,,,,,0.8569028477955022,0.9139667331366645,0.9278032819444548,0.9526921974283633,-0.0799656777288078,-0.018697666762240717,-0.09427084818359166,-0.06997408533573157
2025-07-06,Gas Stations,2025-07-13,2025-07-20,844311.2481883983,906114.7495206445,16057.193007660308,16401.703419826943,,,,,0.9207857254358878,0.9881871510722213,0.9827524945015182,1.0038376534565727,-0.11030730692313706,-0.0451818882344166,-0.042676145730620174,-0.022136563535029907
2025-07-06,Health,2025-07-13,2025-07-20,769502.491232048,827628.9087534188,7934.328661814962,7538.7238931693,,,,,0.9538727370939987,1.0259260515541058,1.0006720471452848,0.9507786471395258,-0.04420551783889537,0.027992960746621387,0.03893265180240446,-0.012868417812059718
2025-07-06,Hotels,2025-07-13,2025-07-20,250000.42733684726,265051.74629675207,775.6608713865172,670.8231785820415,,,,,0.8458347862049564,0.896758415776998,1.110466530259867,0.9603767767817344,-0.11210718859220481,-0.058651448339813506,-0.0754935978706589,-0.20044913160662514
2025-07-06,Jewelry,2025-07-13,2025-07-20,274528.65194314043,321708.3770889068,203.73362894966692,222.69794646881581,,,,,0.9693448934384157,1.1359337916105046,0.9074994608002981,0.9919730354958388,-0.10136155884193987,0.05307592649579651,-0.18831223526029117,-0.1127571853832039
2025-07-06,Miscellaneous Goods and Services,2025-07-13,2025-07-20,1451906.0815732626,1505551.3626114035,22055.171773767834,20834.99733684945,,,,,0.9197859785478748,0.9537703925126374,0.9994639857600868,0.9441699069583291,-0.03946958251055854,-0.003979735855967004,0.02850082884573002,-0.028399676513269467
2025-07-06,Other,2025-07-13,2025-07-20,2205083.2737205303,2338751.5338762226,43741.99268875315,42291.996220981426,,,,,0.9539577145423005,1.011784949225289,1.2391323830753997,1.1980565776966736,-0.16911716711662128,-0.11875051476005816,-0.03626525317808349,-0.0682119454265131
2025-07-06,Public Utilities,2025-07-13,2025-07-20,46308.84575834655,48160.68961841056,681.9515014112658,660.9768474872437,,,,,0.8512890200712621,0.8853312061621287,0.9190721043278515,0.8908043766674444,-0.043837839479134666,-0.005601882672395142,-0.015942999406542868,-0.04620945528536258
2025-07-06,Recreation and Culture,2025-07-13,2025-07-20,242168.8339972106,263153.2311272887,2226.8275630709472,2322.5070333327735,,,,,0.8868606658434522,0.9637088551993083,0.9158246198112059,0.9551745972991049,-0.0681692517951763,0.012575682041244152,-0.0009746240148285068,0.04195021683839095
2025-07-06,Restaurants & Café,2025-07-13,2025-07-20,1619215.479124471,1803916.1661147615,57997.574948923895,55924.54774890261,,,,,0.8467331791695124,0.9433183476701524,0.9747573500436792,0.9399162639837748,-0.15705417451265258,-0.060901021908593145,-0.05088492400340561,-0.08480946947317647
2025-07-06,Telecommunication,2025-07-13,2025-07-20,96987.31829645901,114006.57078982727,2100.564640398596,2165.7265376900386,,,,,0.8475874968557296,0.9963214331330079,1.1794298935421652,1.216017146372846,-0.17548824027493826,-0.030803614810615776,-0.08869212997891707,-0.060422326381761926
2025-07-06,Transportation,2025-07-13,2025-07-20,679611.0607151107,737061.3717197097,2812.2390519638247,2647.33007399135,,,,,0.9267187663156448,1.0050581054114665,0.9808995646891611,0.9233798653614755,-0.05917954937273551,0.020351862948820187,-0.06879501590601833,-0.12340063775120858
