week_start,week_end,sector,value_thousand_sar,source,data_status
2023-01-01,2023-01-07,Beverage and Food,1746125.0,Saudi Central Bank (SAMA) weekly POS via KAPSARC Data Portal,REAL_OFFICIAL_AGGREGATE
2023-01-01,2023-01-07,Clothing and Footwear,863494.0,Saudi Central Bank (SAMA) weekly POS via KAPSARC Data Portal,REAL_OFFICIAL_AGGREGATE
2023-01-01,2023-01-07,Construction & Building Materials,319512.0,Saudi Central Bank (SAMA) weekly POS via KAPSARC Data Portal,REAL_OFFICIAL_AGGREGATE
2023-01-01,2023-01-07,Education,127602.0,Saudi Central Bank (SAMA) weekly POS via KAPSARC Data Portal,REAL_OFFICIAL_AGGREGATE
2023-01-01,2023-01-07,Electronic & Electric Devices,234654.0,Saudi Central Bank (SAMA) weekly POS via KAPSARC Data Portal,REAL_OFFICIAL_AGGREGATE
2023-01-01,2023-01-07,Furniture,309902.0,Saudi Central Bank (SAMA) weekly POS via KAPSARC Data Portal,REAL_OFFICIAL_AGGREGATE
2023-01-01,2023-01-07,Gas Stations,728190.0,Saudi Central Bank (SAMA) weekly POS via KAPSARC Data Portal,REAL_OFFICIAL_AGGREGATE
2023-01-01,2023-01-07,Health,718576.0,Saudi Central Bank (SAMA) weekly POS via KAPSARC Data Portal,REAL_OFFICIAL_AGGREGATE
2023-01-01,2023-01-07,Hotels,242118.0,Saudi Central Bank (SAMA) weekly POS via KAPSARC Data Portal,REAL_OFFICIAL_AGGREGATE
2023-01-01,2023-01-07,Jewelry,177937.0,Saudi Central Bank (SAMA) weekly POS via KAPSARC Data Portal,REAL_OFFICIAL_AGGREGATE
2023-01-01,2023-01-07,Miscellaneous Goods and Services,1233890.0,Saudi Central Bank (SAMA) weekly POS via KAPSARC Data Portal,REAL_OFFICIAL_AGGREGATE
2023-01-01,2023-01-07,Other,1729010.0,Saudi Central Bank (SAMA) weekly POS via KAPSARC Data Portal,REAL_OFFICIAL_AGGREGATE
2023-01-01,2023-01-07,Public Utilities,87232.0,Saudi Central Bank (SAMA) weekly POS via KAPSARC Data Portal,REAL_OFFICIAL_AGGREGATE
2023-01-01,2023-01-07,Recreation and Culture,304813.0,Saudi Central Bank (SAMA) weekly POS via KAPSARC Data Portal,REAL_OFFICIAL_AGGREGATE
2023-01-01,2023-01-07,Restaurants & Café,1713036.0,Saudi Central Bank (SAMA) weekly POS via KAPSARC Data Portal,REAL_OFFICIAL_AGGREGATE
2023-01-01,2023-01-07,Telecommunication,95323.0,Saudi Central Bank (SAMA) weekly POS via KAPSARC Data Portal,REAL_OFFICIAL_AGGREGATE
2023-01-01,2023-01-07,Transportation,542391.0,Saudi Central Bank (SAMA) weekly POS via KAPSARC Data Portal,REAL_OFFICIAL_AGGREGATE
2023-01-08,2023-01-14,Beverage and Food,1567098.0,Saudi Central Bank (SAMA) weekly POS via KAPSARC Data Portal,REAL_OFFICIAL_AGGREGATE
2023-01-08,2023-01-14,Clothing and Footwear,759215.0,Saudi Central Bank (SAMA) weekly POS via KAPSARC Data Portal,REAL_OFFICIAL_AGGREGATE
2023-01-08,2023-01-14,Construction & Building Materials,329833.0,Saudi Central Bank (SAMA) weekly POS via KAPSARC Data Portal,REAL_OFFICIAL_AGGREGATE
2023-01-08,2023-01-14,Education,159412.0,Saudi Central Bank (SAMA) weekly POS via KAPSARC Data Portal,REAL_OFFICIAL_AGGREGATE
2023-01-08,2023-01-14,Electronic & Electric Devices,210012.0,Saudi Central Bank (SAMA) weekly POS via KAPSARC Data Portal,REAL_OFFICIAL_AGGREGATE
2023-01-08,2023-01-14,Furniture,275780.0,Saudi Central Bank (SAMA) weekly POS via KAPSARC Data Portal,REAL_OFFICIAL_AGGREGATE
2023-01-08,2023-01-14,Gas Stations,744710.0,Saudi Central Bank (SAMA) weekly POS via KAPSARC Data Portal,REAL_OFFICIAL_AGGREGATE
2023-01-08,2023-01-14,Health,703248.0,Saudi Central Bank (SAMA) weekly POS via KAPSARC Data Portal,REAL_OFFICIAL_AGGREGATE
2023-01-08,2023-01-14,Hotels,293546.0,Saudi Central Bank (SAMA) weekly POS via KAPSARC Data Portal,REAL_OFFICIAL_AGGREGATE
2023-01-08,2023-01-14,Jewelry,166885.0,Saudi Central Bank (SAMA) weekly POS via KAPSARC Data Portal,REAL_OFFICIAL_AGGREGATE
2023-01-08,2023-01-14,Miscellaneous Goods and Services,1179351.0,Saudi Central Bank (SAMA) weekly POS via KAPSARC Data Portal,REAL_OFFICIAL_AGGREGATE
2023-01-08,2023-01-14,Other,1629119.0,Saudi Central Bank (SAMA) weekly POS via KAPSARC Data Portal,REAL_OFFICIAL_AGGREGATE
2023-01-08,2023-01-14,Public Utilities,86857.0,Saudi Central Bank (SAMA) weekly POS via KAPSARC Data Portal,REAL_OFFICIAL_AGGREGATE
2023-01-08,2023-01-14,Recreation and Culture,252311.0,Saudi Central Bank (SAMA) weekly POS via KAPSARC Data Portal,REAL_OFFICIAL_AGGREGATE
2023-01-08,2023-01-14,Restaurants & Café,1644321.0,Saudi Central Bank (SAMA) weekly POS via KAPSARC Data Portal,REAL_OFFICIAL_AGGREGATE
2023-01-08,2023-01-14,Telecommunication,89202.0,Saudi Central Bank (SAMA) weekly POS via KAPSARC Data Portal,REAL_OFFICIAL_AGGREGATE
2023-01-08,2023-01-14,Transportation,582909.0,Saudi Central Bank (SAMA) weekly POS via KAPSARC Data Portal,REAL_OFFICIAL_AGGREGATE
2023-01-15,2023-01-21,Beverage and Food,1449441.0,Saudi Central Bank (SAMA) weekly POS via KAPSARC Data Portal,REAL_OFFICIAL_AGGREGATE
2023-01-15,2023-01-21,Clothing and Footwear,590527.0,Saudi Central Bank (SAMA) weekly POS via KAPSARC Data Portal,REAL_OFFICIAL_AGGREGATE
2023-01-15,2023-01-21,Construction & Building Materials,336114.0,Saudi Central Bank (SAMA) weekly POS via KAPSARC Data Portal,REAL_OFFICIAL_AGGREGATE
2023-01-15,2023-01-21,Education,123147.0,Saudi Central Bank (SAMA) weekly POS via KAPSARC Data Portal,REAL_OFFICIAL_AGGREGATE
2023-01-15,2023-01-21,Electronic & Electric Devices,194907.0,Saudi Central Bank (SAMA) weekly POS via KAPSARC Data Portal,REAL_OFFICIAL_AGGREGATE
2023-01-15,2023-01-21,Furniture,252647.0,Saudi Central Bank (SAMA) weekly POS via KAPSARC Data Portal,REAL_OFFICIAL_AGGREGATE
2023-01-15,2023-01-21,Gas Stations,673358.0,Saudi Central Bank (SAMA) weekly POS via KAPSARC Data Portal,REAL_OFFICIAL_AGGREGATE
2023-01-15,2023-01-21,Health,652294.0,Saudi Central Bank (SAMA) weekly POS via KAPSARC Data Portal,REAL_OFFICIAL_AGGREGATE
2023-01-15,2023-01-21,Hotels,271801.0,Saudi Central Bank (SAMA) weekly POS via KAPSARC Data Portal,REAL_OFFICIAL_AGGREGATE
2023-01-15,2023-01-21,Jewelry,151849.0,Saudi Central Bank (SAMA) weekly POS via KAPSARC Data Portal,REAL_OFFICIAL_AGGREGATE
2023-01-15,2023-01-21,Miscellaneous Goods and Services,1060407.0,Saudi Central Bank (SAMA) weekly POS via KAPSARC Data Portal,REAL_OFFICIAL_AGGREGATE
2023-01-15,2023-01-21,Other,1474081.0,Saudi Central Bank (SAMA) weekly POS via KAPSARC Data Portal,REAL_OFFICIAL_AGGREGATE
2023-01-15,2023-01-21,Public Utilities,79204.0,Saudi Central Bank (SAMA) weekly POS via KAPSARC Data Portal,REAL_OFFICIAL_AGGREGATE
2023-01-15,2023-01-21,Recreation and Culture,244487.0,Saudi Central Bank (SAMA) weekly POS via KAPSARC Data Portal,REAL_OFFICIAL_AGGREGATE
2023-01-15,2023-01-21,Restaurants & Café,1516549.0,Saudi Central Bank (SAMA) weekly POS via KAPSARC Data Portal,REAL_OFFICIAL_AGGREGATE
2023-01-15,2023-01-21,Telecommunication,90532.0,Saudi Central Bank (SAMA) weekly POS via KAPSARC Data Portal,REAL_OFFICIAL_AGGREGATE
2023-01-15,2023-01-21,Transportation,551645.0,Saudi Central Bank (SAMA) weekly POS via KAPSARC Data Portal,REAL_OFFICIAL_AGGREGATE
2023-01-22,2023-01-28,Beverage and Food,1651201.0,Saudi Central Bank (SAMA) weekly POS via KAPSARC Data Portal,REAL_OFFICIAL_AGGREGATE
2023-01-22,2023-01-28,Clothing and Footwear,610148.0,Saudi Central Bank (SAMA) weekly POS via KAPSARC Data Portal,REAL_OFFICIAL_AGGREGATE
2023-01-22,2023-01-28,Construction & Building Materials,295869.0,Saudi Central Bank (SAMA) weekly POS via KAPSARC Data Portal,REAL_OFFICIAL_AGGREGATE
2023-01-22,2023-01-28,Education,167544.0,Saudi Central Bank (SAMA) weekly POS via KAPSARC Data Portal,REAL_OFFICIAL_AGGREGATE
2023-01-22,2023-01-28,Electronic & Electric Devices,198439.0,Saudi Central Bank (SAMA) weekly POS via KAPSARC Data Portal,REAL_OFFICIAL_AGGREGATE
2023-01-22,2023-01-28,Furniture,243086.0,Saudi Central Bank (SAMA) weekly POS via KAPSARC Data Portal,REAL_OFFICIAL_AGGREGATE
2023-01-22,2023-01-28,Gas Stations,687439.0,Saudi Central Bank (SAMA) weekly POS via KAPSARC Data Portal,REAL_OFFICIAL_AGGREGATE
2023-01-22,2023-01-28,Health,666163.0,Saudi Central Bank (SAMA) weekly POS via KAPSARC Data Portal,REAL_OFFICIAL_AGGREGATE
2023-01-22,2023-01-28,Hotels,259339.0,Saudi Central Bank (SAMA) weekly POS via KAPSARC Data Portal,REAL_OFFICIAL_AGGREGATE
2023-01-22,2023-01-28,Jewelry,151758.0,Saudi Central Bank (SAMA) weekly POS via KAPSARC Data Portal,REAL_OFFICIAL_AGGREGATE
2023-01-22,2023-01-28,Miscellaneous Goods and Services,1122451.0,Saudi Central Bank (SAMA) weekly POS via KAPSARC Data Portal,REAL_OFFICIAL_AGGREGATE
2023-01-22,2023-01-28,Other,1527233.0,Saudi Central Bank (SAMA) weekly POS via KAPSARC Data Portal,REAL_OFFICIAL_AGGREGATE
2023-01-22,2023-01-28,Public Utilities,79998.0,Saudi Central Bank (SAMA) weekly POS via KAPSARC Data Portal,REAL_OFFICIAL_AGGREGATE
2023-01-22,2023-01-28,Recreation and Culture,252843.0,Saudi Central Bank (SAMA) weekly POS via KAPSARC Data Portal,REAL_OFFICIAL_AGGREGATE
2023-01-22,2023-01-28,Restaurants & Café,1522190.0,Saudi Central Bank (SAMA) weekly POS via KAPSARC Data Portal,REAL_OFFICIAL_AGGREGATE
2023-01-22,2023-01-28,Telecommunication,95658.0,Saudi Central Bank (SAMA) weekly POS via KAPSARC Data Portal,REAL_OFFICIAL_AGGREGATE
2023-01-22,2023-01-28,Transportation,574086.0,Saudi Central Bank (SAMA) weekly POS via KAPSARC Data Portal,REAL_OFFICIAL_AGGREGATE
2023-01-29,2023-02-04,Beverage and Food,1880301.0,Saudi Central Bank (SAMA) weekly POS via KAPSARC Data Portal,REAL_OFFICIAL_AGGREGATE
2023-01-29,2023-02-04,Clothing and Footwear,757362.0,Saudi Central Bank (SAMA) weekly POS via KAPSARC Data Portal,REAL_OFFICIAL_AGGREGATE
2023-01-29,2023-02-04,Construction & Building Materials,373495.0,Saudi Central Bank (SAMA) weekly POS via KAPSARC Data Portal,REAL_OFFICIAL_AGGREGATE
2023-01-29,2023-02-04,Education,196390.0,Saudi Central Bank (SAMA) weekly POS via KAPSARC Data Portal,REAL_OFFICIAL_AGGREGATE
2023-01-29,2023-02-04,Electronic & Electric Devices,251109.0,Saudi Central Bank (SAMA) weekly POS via KAPSARC Data Portal,REAL_OFFICIAL_AGGREGATE
2023-01-29,2023-02-04,Furniture,313760.0,Saudi Central Bank (SAMA) weekly POS via KAPSARC Data Portal,REAL_OFFICIAL_AGGREGATE
2023-01-29,2023-02-04,Gas Stations,769704.0,Saudi Central Bank (SAMA) weekly POS via KAPSARC Data Portal,REAL_OFFICIAL_AGGREGATE
2023-01-29,2023-02-04,Health,822762.0,Saudi Central Bank (SAMA) weekly POS via KAPSARC Data Portal,REAL_OFFICIAL_AGGREGATE
2023-01-29,2023-02-04,Hotels,299369.0,Saudi Central Bank (SAMA) weekly POS via KAPSARC Data Portal,REAL_OFFICIAL_AGGREGATE
2023-01-29,2023-02-04,Jewelry,208015.0,Saudi Central Bank (SAMA) weekly POS via KAPSARC Data Portal,REAL_OFFICIAL_AGGREGATE
2023-01-29,2023-02-04,Miscellaneous Goods and Services,1344798.0,Saudi Central Bank (SAMA) weekly POS via KAPSARC Data Portal,REAL_OFFICIAL_AGGREGATE
2023-01-29,2023-02-04,Other,1872686.0,Saudi Central Bank (SAMA) weekly POS via KAPSARC Data Portal,REAL_OFFICIAL_AGGREGATE
2023-01-29,2023-02-04,Public Utilities,93480.0,Saudi Central Bank (SAMA) weekly POS via KAPSARC Data Portal,REAL_OFFICIAL_AGGREGATE
2023-01-29,2023-02-04,Recreation and Culture,306129.0,Saudi Central Bank (SAMA) weekly POS via KAPSARC Data Portal,REAL_OFFICIAL_AGGREGATE
2023-01-29,2023-02-04,Restaurants & Café,1767285.0,Saudi Central Bank (SAMA) weekly POS via KAPSARC Data Portal,REAL_OFFICIAL_AGGREGATE
2023-01-29,2023-02-04,Telecommunication,105444.0,Saudi Central Bank (SAMA) weekly POS via KAPSARC Data Portal,REAL_OFFICIAL_AGGREGATE
2023-01-29,2023-02-04,Transportation,658364.0,Saudi Central Bank (SAMA) weekly POS via KAPSARC Data Portal,REAL_OFFICIAL_AGGREGATE
2023-02-05,2023-02-11,Beverage and Food,1657584.0,Saudi Central Bank (SAMA) weekly POS via KAPSARC Data Portal,REAL_OFFICIAL_AGGREGATE
2023-02-05,2023-02-11,Clothing and Footwear,684856.0,Saudi Central Bank (SAMA) weekly POS via KAPSARC Data Portal,REAL_OFFICIAL_AGGREGATE
2023-02-05,2023-02-11,Construction & Building Materials,360917.0,Saudi Central Bank (SAMA) weekly POS via KAPSARC Data Portal,REAL_OFFICIAL_AGGREGATE
2023-02-05,2023-02-11,Education,128279.0,Saudi Central Bank (SAMA) weekly POS via KAPSARC Data Portal,REAL_OFFICIAL_AGGREGATE
2023-02-05,2023-02-11,Electronic & Electric Devices,231123.0,Saudi Central Bank (SAMA) weekly POS via KAPSARC Data Portal,REAL_OFFICIAL_AGGREGATE
2023-02-05,2023-02-11,Furniture,291229.0,Saudi Central Bank (SAMA) weekly POS via KAPSARC Data Portal,REAL_OFFICIAL_AGGREGATE
2023-02-05,2023-02-11,Gas Stations,737830.0,Saudi Central Bank (SAMA) weekly POS via KAPSARC Data Portal,REAL_OFFICIAL_AGGREGATE
2023-02-05,2023-02-11,Health,749579.0,Saudi Central Bank (SAMA) weekly POS via KAPSARC Data Portal,REAL_OFFICIAL_AGGREGATE
2023-02-05,2023-02-11,Hotels,302787.0,Saudi Central Bank (SAMA) weekly POS via KAPSARC Data Portal,REAL_OFFICIAL_AGGREGATE
2023-02-05,2023-02-11,Jewelry,202909.0,Saudi Central Bank (SAMA) weekly POS via KAPSARC Data Portal,REAL_OFFICIAL_AGGREGATE
2023-02-05,2023-02-11,Miscellaneous Goods and Services,1161663.0,Saudi Central Bank (SAMA) weekly POS via KAPSARC Data Portal,REAL_OFFICIAL_AGGREGATE
2023-02-05,2023-02-11,Other,1688532.0,Saudi Central Bank (SAMA) weekly POS via KAPSARC Data Portal,REAL_OFFICIAL_AGGREGATE
2023-02-05,2023-02-11,Public Utilities,94819.0,Saudi Central Bank (SAMA) weekly POS via KAPSARC Data Portal,REAL_OFFICIAL_AGGREGATE
2023-02-05,2023-02-11,Recreation and Culture,262624.0,Saudi Central Bank (SAMA) weekly POS via KAPSARC Data Portal,REAL_OFFICIAL_AGGREGATE
2023-02-05,2023-02-11,Restaurants & Café,1677125.0,Saudi Central Bank (SAMA) weekly POS via KAPSARC Data Portal,REAL_OFFICIAL_AGGREGATE
2023-02-05,2023-02-11,Telecommunication,89379.0,Saudi Central Bank (SAMA) weekly POS via KAPSARC Data Portal,REAL_OFFICIAL_AGGREGATE
2023-02-05,2023-02-11,Transportation,591018.0,Saudi Central Bank (SAMA) weekly POS via KAPSARC Data Portal,REAL_OFFICIAL_AGGREGATE
2023-02-12,2023-02-18,Beverage and Food,1514572.0,Saudi Central Bank (SAMA) weekly POS via KAPSARC Data Portal,REAL_OFFICIAL_AGGREGATE
2023-02-12,2023-02-18,Clothing and Footwear,689682.0,Saudi Central Bank (SAMA) weekly POS via KAPSARC Data Portal,REAL_OFFICIAL_AGGREGATE
2023-02-12,2023-02-18,Construction & Building Materials,359048.0,Saudi Central Bank (SAMA) weekly POS via KAPSARC Data Portal,REAL_OFFICIAL_AGGREGATE
2023-02-12,2023-02-18,Education,116068.0,Saudi Central Bank (SAMA) weekly POS via KAPSARC Data Portal,REAL_OFFICIAL_AGGREGATE
2023-02-12,2023-02-18,Electronic & Electric Devices,226580.0,Saudi Central Bank (SAMA) weekly POS via KAPSARC Data Portal,REAL_OFFICIAL_AGGREGATE
2023-02-12,2023-02-18,Furniture,297057.0,Saudi Central Bank (SAMA) weekly POS via KAPSARC Data Portal,REAL_OFFICIAL_AGGREGATE
2023-02-12,2023-02-18,Gas Stations,674116.0,Saudi Central Bank (SAMA) weekly POS via KAPSARC Data Portal,REAL_OFFICIAL_AGGREGATE
2023-02-12,2023-02-18,Health,700312.0,Saudi Central Bank (SAMA) weekly POS via KAPSARC Data Portal,REAL_OFFICIAL_AGGREGATE
2023-02-12,2023-02-18,Hotels,288279.0,Saudi Central Bank (SAMA) weekly POS via KAPSARC Data Portal,REAL_OFFICIAL_AGGREGATE
2023-02-12,2023-02-18,Jewelry,233235.0,Saudi Central Bank (SAMA) weekly POS via KAPSARC Data Portal,REAL_OFFICIAL_AGGREGATE
2023-02-12,2023-02-18,Miscellaneous Goods and Services,1058506.0,Saudi Central Bank (SAMA) weekly POS via KAPSARC Data Portal,REAL_OFFICIAL_AGGREGATE
2023-02-12,2023-02-18,Other,1603379.0,Saudi Central Bank (SAMA) weekly POS via KAPSARC Data Portal,REAL_OFFICIAL_AGGREGATE
2023-02-12,2023-02-18,Public Utilities,101567.0,Saudi Central Bank (SAMA) weekly POS via KAPSARC Data Portal,REAL_OFFICIAL_AGGREGATE
2023-02-12,2023-02-18,Recreation and Culture,255334.0,Saudi Central Bank (SAMA) weekly POS via KAPSARC Data Portal,REAL_OFFICIAL_AGGREGATE
2023-02-12,2023-02-18,Restaurants & Café,1557547.0,Saudi Central Bank (SAMA) weekly POS via KAPSARC Data Portal,REAL_OFFICIAL_AGGREGATE
2023-02-12,2023-02-18,Telecommunication,82481.0,Saudi Central Bank (SAMA) weekly POS via KAPSARC Data Portal,REAL_OFFICIAL_AGGREGATE
2023-02-12,2023-02-18,Transportation,589518.0,Saudi Central Bank (SAMA) weekly POS via KAPSARC Data Portal,REAL_OFFICIAL_AGGREGATE
2023-02-19,2023-02-25,Beverage and Food,1532150.0,Saudi Central Bank (SAMA) weekly POS via KAPSARC Data Portal,REAL_OFFICIAL_AGGREGATE
2023-02-19,2023-02-25,Clothing and Footwear,690997.0,Saudi Central Bank (SAMA) weekly POS via KAPSARC Data Portal,REAL_OFFICIAL_AGGREGATE
2023-02-19,2023-02-25,Construction & Building Materials,371889.0,Saudi Central Bank (SAMA) weekly POS via KAPSARC Data Portal,REAL_OFFICIAL_AGGREGATE
2023-02-19,2023-02-25,Education,73683.0,Saudi Central Bank (SAMA) weekly POS via KAPSARC Data Portal,REAL_OFFICIAL_AGGREGATE
2023-02-19,2023-02-25,Electronic & Electric Devices,283836.0,Saudi Central Bank (SAMA) weekly POS via KAPSARC Data Portal,REAL_OFFICIAL_AGGREGATE
2023-02-19,2023-02-25,Furniture,348555.0,Saudi Central Bank (SAMA) weekly POS via KAPSARC Data Portal,REAL_OFFICIAL_AGGREGATE
2023-02-19,2023-02-25,Gas Stations,641947.0,Saudi Central Bank (SAMA) weekly POS via KAPSARC Data Portal,REAL_OFFICIAL_AGGREGATE
2023-02-19,2023-02-25,Health,693015.0,Saudi Central Bank (SAMA) weekly POS via KAPSARC Data Portal,REAL_OFFICIAL_AGGREGATE
2023-02-19,2023-02-25,Hotels,293676.0,Saudi Central Bank (SAMA) weekly POS via KAPSARC Data Portal,REAL_OFFICIAL_AGGREGATE
2023-02-19,2023-02-25,Jewelry,212522.0,Saudi Central Bank (SAMA) weekly POS via KAPSARC Data Portal,REAL_OFFICIAL_AGGREGATE
2023-02-19,2023-02-25,Miscellaneous Goods and Services,1040330.0,Saudi Central Bank (SAMA) weekly POS via KAPSARC Data Portal,REAL_OFFICIAL_AGGREGATE
2023-02-19,2023-02-25,Other,1664265.0,Saudi Central Bank (SAMA) weekly POS via KAPSARC Data Portal,REAL_OFFICIAL_AGGREGATE
2023-02-19,2023-02-25,Public Utilities,96328.0,Saudi Central Bank (SAMA) weekly POS via KAPSARC Data Portal,REAL_OFFICIAL_AGGREGATE
2023-02-19,2023-02-25,Recreation and Culture,238919.0,Saudi Central Bank (SAMA) weekly POS via KAPSARC Data Portal,REAL_OFFICIAL_AGGREGATE
2023-02-19,2023-02-25,Restaurants & Café,1578710.0,Saudi Central Bank (SAMA) weekly POS via KAPSARC Data Portal,REAL_OFFICIAL_AGGREGATE
2023-02-19,2023-02-25,Telecommunication,77209.0,Saudi Central Bank (SAMA) weekly POS via KAPSARC Data Portal,REAL_OFFICIAL_AGGREGATE
2023-02-19,2023-02-25,Transportation,561406.0,Saudi Central Bank (SAMA) weekly POS via KAPSARC Data Portal,REAL_OFFICIAL_AGGREGATE
2023-02-26,2023-03-04,Beverage and Food,2397654.0,Saudi Central Bank (SAMA) weekly POS via KAPSARC Data Portal,REAL_OFFICIAL_AGGREGATE
2023-02-26,2023-03-04,Clothing and Footwear,1080939.0,Saudi Central Bank (SAMA) weekly POS via KAPSARC Data Portal,REAL_OFFICIAL_AGGREGATE
2023-02-26,2023-03-04,Construction & Building Materials,433654.0,Saudi Central Bank (SAMA) weekly POS via KAPSARC Data Portal,REAL_OFFICIAL_AGGREGATE
2023-02-26,2023-03-04,Education,232873.0,Saudi Central Bank (SAMA) weekly POS via KAPSARC Data Portal,REAL_OFFICIAL_AGGREGATE
2023-02-26,2023-03-04,Electronic & Electric Devices,294980.0,Saudi Central Bank (SAMA) weekly POS via KAPSARC Data Portal,REAL_OFFICIAL_AGGREGATE
2023-02-26,2023-03-04,Furniture,438745.0,Saudi Central Bank (SAMA) weekly POS via KAPSARC Data Portal,REAL_OFFICIAL_AGGREGATE
2023-02-26,2023-03-04,Gas Stations,845431.0,Saudi Central Bank (SAMA) weekly POS via KAPSARC Data Portal,REAL_OFFICIAL_AGGREGATE
2023-02-26,2023-03-04,Health,936587.0,Saudi Central Bank (SAMA) weekly POS via KAPSARC Data Portal,REAL_OFFICIAL_AGGREGATE
2023-02-26,2023-03-04,Hotels,357803.0,Saudi Central Bank (SAMA) weekly POS via KAPSARC Data Portal,REAL_OFFICIAL_AGGREGATE
2023-02-26,2023-03-04,Jewelry,274601.0,Saudi Central Bank (SAMA) weekly POS via KAPSARC Data Portal,REAL_OFFICIAL_AGGREGATE
2023-02-26,2023-03-04,Miscellaneous Goods and Services,1508705.0,Saudi Central Bank (SAMA) weekly POS via KAPSARC Data Portal,REAL_OFFICIAL_AGGREGATE
2023-02-26,2023-03-04,Other,2423161.0,Saudi Central Bank (SAMA) weekly POS via KAPSARC Data Portal,REAL_OFFICIAL_AGGREGATE
2023-02-26,2023-03-04,Public Utilities,127308.0,Saudi Central Bank (SAMA) weekly POS via KAPSARC Data Portal,REAL_OFFICIAL_AGGREGATE
2023-02-26,2023-03-04,Recreation and Culture,341186.0,Saudi Central Bank (SAMA) weekly POS via KAPSARC Data Portal,REAL_OFFICIAL_AGGREGATE
2023-02-26,2023-03-04,Restaurants & Café,1985419.0,Saudi Central Bank (SAMA) weekly POS via KAPSARC Data Portal,REAL_OFFICIAL_AGGREGATE
2023-02-26,2023-03-04,Telecommunication,124508.0,Saudi Central Bank (SAMA) weekly POS via KAPSARC Data Portal,REAL_OFFICIAL_AGGREGATE
2023-02-26,2023-03-04,Transportation,770501.0,Saudi Central Bank (SAMA) weekly POS via KAPSARC Data Portal,REAL_OFFICIAL_AGGREGATE
2023-03-05,2023-03-11,Beverage and Food,2025940.0,Saudi Central Bank (SAMA) weekly POS via KAPSARC Data Portal,REAL_OFFICIAL_AGGREGATE
2023-03-05,2023-03-11,Clothing and Footwear,1127332.0,Saudi Central Bank (SAMA) weekly POS via KAPSARC Data Portal,REAL_OFFICIAL_AGGREGATE
2023-03-05,2023-03-11,Construction & Building Materials,395496.0,Saudi Central Bank (SAMA) weekly POS via KAPSARC Data Portal,REAL_OFFICIAL_AGGREGATE
2023-03-05,2023-03-11,Education,93661.0,Saudi Central Bank (SAMA) weekly POS via KAPSARC Data Portal,REAL_OFFICIAL_AGGREGATE
2023-03-05,2023-03-11,Electronic & Electric Devices,286340.0,Saudi Central Bank (SAMA) weekly POS via KAPSARC Data Portal,REAL_OFFICIAL_AGGREGATE
2023-03-05,2023-03-11,Furniture,401946.0,Saudi Central Bank (SAMA) weekly POS via KAPSARC Data Portal,REAL_OFFICIAL_AGGREGATE
2023-03-05,2023-03-11,Gas Stations,774597.0,Saudi Central Bank (SAMA) weekly POS via KAPSARC Data Portal,REAL_OFFICIAL_AGGREGATE
2023-03-05,2023-03-11,Health,769432.0,Saudi Central Bank (SAMA) weekly POS via KAPSARC Data Portal,REAL_OFFICIAL_AGGREGATE
2023-03-05,2023-03-11,Hotels,388748.0,Saudi Central Bank (SAMA) weekly POS via KAPSARC Data Portal,REAL_OFFICIAL_AGGREGATE
2023-03-05,2023-03-11,Jewelry,253570.0,Saudi Central Bank (SAMA) weekly POS via KAPSARC Data Portal,REAL_OFFICIAL_AGGREGATE
2023-03-05,2023-03-11,Miscellaneous Goods and Services,1315434.0,Saudi Central Bank (SAMA) weekly POS via KAPSARC Data Portal,REAL_OFFICIAL_AGGREGATE
2023-03-05,2023-03-11,Other,2209986.0,Saudi Central Bank (SAMA) weekly POS via KAPSARC Data Portal,REAL_OFFICIAL_AGGREGATE
2023-03-05,2023-03-11,Public Utilities,116939.0,Saudi Central Bank (SAMA) weekly POS via KAPSARC Data Portal,REAL_OFFICIAL_AGGREGATE
2023-03-05,2023-03-11,Recreation and Culture,317148.0,Saudi Central Bank (SAMA) weekly POS via KAPSARC Data Portal,REAL_OFFICIAL_AGGREGATE
2023-03-05,2023-03-11,Restaurants & Café,1973004.0,Saudi Central Bank (SAMA) weekly POS via KAPSARC Data Portal,REAL_OFFICIAL_AGGREGATE
2023-03-05,2023-03-11,Telecommunication,96664.0,Saudi Central Bank (SAMA) weekly POS via KAPSARC Data Portal,REAL_OFFICIAL_AGGREGATE
2023-03-05,2023-03-11,Transportation,663102.0,Saudi Central Bank (SAMA) weekly POS via KAPSARC Data Portal,REAL_OFFICIAL_AGGREGATE
2023-03-12,2023-03-18,Beverage and Food,1996224.0,Saudi Central Bank (SAMA) weekly POS via KAPSARC Data Portal,REAL_OFFICIAL_AGGREGATE
2023-03-12,2023-03-18,Clothing and Footwear,906769.0,Saudi Central Bank (SAMA) weekly POS via KAPSARC Data Portal,REAL_OFFICIAL_AGGREGATE
2023-03-12,2023-03-18,Construction & Building Materials,375911.0,Saudi Central Bank (SAMA) weekly POS via KAPSARC Data Portal,REAL_OFFICIAL_AGGREGATE
2023-03-12,2023-03-18,Education,223448.0,Saudi Central Bank (SAMA) weekly POS via KAPSARC Data Portal,REAL_OFFICIAL_AGGREGATE
2023-03-12,2023-03-18,Electronic & Electric Devices,259111.0,Saudi Central Bank (SAMA) weekly POS via KAPSARC Data Portal,REAL_OFFICIAL_AGGREGATE
2023-03-12,2023-03-18,Furniture,371574.0,Saudi Central Bank (SAMA) weekly POS via KAPSARC Data Portal,REAL_OFFICIAL_AGGREGATE
2023-03-12,2023-03-18,Gas Stations,712330.0,Saudi Central Bank (SAMA) weekly POS via KAPSARC Data Portal,REAL_OFFICIAL_AGGREGATE
2023-03-12,2023-03-18,Health,703282.0,Saudi Central Bank (SAMA) weekly POS via KAPSARC Data Portal,REAL_OFFICIAL_AGGREGATE
2023-03-12,2023-03-18,Hotels,316787.0,Saudi Central Bank (SAMA) weekly POS via KAPSARC Data Portal,REAL_OFFICIAL_AGGREGATE
2023-03-12,2023-03-18,Jewelry,204724.0,Saudi Central Bank (SAMA) weekly POS via KAPSARC Data Portal,REAL_OFFICIAL_AGGREGATE
2023-03-12,2023-03-18,Miscellaneous Goods and Services,1163955.0,Saudi Central Bank (SAMA) weekly POS via KAPSARC Data Portal,REAL_OFFICIAL_AGGREGATE
2023-03-12,2023-03-18,Other,1996673.0,Saudi Central Bank (SAMA) weekly POS via KAPSARC Data Portal,REAL_OFFICIAL_AGGREGATE
2023-03-12,2023-03-18,Public Utilities,109112.0,Saudi Central Bank (SAMA) weekly POS via KAPSARC Data Portal,REAL_OFFICIAL_AGGREGATE
2023-03-12,2023-03-18,Recreation and Culture,287590.0,Saudi Central Bank (SAMA) weekly POS via KAPSARC Data Portal,REAL_OFFICIAL_AGGREGATE
2023-03-12,2023-03-18,Restaurants & Café,1653130.0,Saudi Central Bank (SAMA) weekly POS via KAPSARC Data Portal,REAL_OFFICIAL_AGGREGATE
2023-03-12,2023-03-18,Telecommunication,86193.0,Saudi Central Bank (SAMA) weekly POS via KAPSARC Data Portal,REAL_OFFICIAL_AGGREGATE
2023-03-12,2023-03-18,Transportation,632350.0,Saudi Central Bank (SAMA) weekly POS via KAPSARC Data Portal,REAL_OFFICIAL_AGGREGATE
2023-03-19,2023-03-25,Beverage and Food,2198152.0,Saudi Central Bank (SAMA) weekly POS via KAPSARC Data Portal,REAL_OFFICIAL_AGGREGATE
2023-03-19,2023-03-25,Clothing and Footwear,790704.0,Saudi Central Bank (SAMA) weekly POS via KAPSARC Data Portal,REAL_OFFICIAL_AGGREGATE
2023-03-19,2023-03-25,Construction & Building Materials,336386.0,Saudi Central Bank (SAMA) weekly POS via KAPSARC Data Portal,REAL_OFFICIAL_AGGREGATE
2023-03-19,2023-03-25,Education,144557.0,Saudi Central Bank (SAMA) weekly POS via KAPSARC Data Portal,REAL_OFFICIAL_AGGREGATE
2023-03-19,2023-03-25,Electronic & Electric Devices,253754.0,Saudi Central Bank (SAMA) weekly POS via KAPSARC Data Portal,REAL_OFFICIAL_AGGREGATE
2023-03-19,2023-03-25,Furniture,340780.0,Saudi Central Bank (SAMA) weekly POS via KAPSARC Data Portal,REAL_OFFICIAL_AGGREGATE
2023-03-19,2023-03-25,Gas Stations,632683.0,Saudi Central Bank (SAMA) weekly POS via KAPSARC Data Portal,REAL_OFFICIAL_AGGREGATE
2023-03-19,2023-03-25,Health,644610.0,Saudi Central Bank (SAMA) weekly POS via KAPSARC Data Portal,REAL_OFFICIAL_AGGREGATE
2023-03-19,2023-03-25,Hotels,265474.0,Saudi Central Bank (SAMA) weekly POS via KAPSARC Data Portal,REAL_OFFICIAL_AGGREGATE
2023-03-19,2023-03-25,Jewelry,189269.0,Saudi Central Bank (SAMA) weekly POS via KAPSARC Data Portal,REAL_OFFICIAL_AGGREGATE
2023-03-19,2023-03-25,Miscellaneous Goods and Services,1067072.0,Saudi Central Bank (SAMA) weekly POS via KAPSARC Data Portal,REAL_OFFICIAL_AGGREGATE
2023-03-19,2023-03-25,Other,1900174.0,Saudi Central Bank (SAMA) weekly POS via KAPSARC Data Portal,REAL_OFFICIAL_AGGREGATE
2023-03-19,2023-03-25,Public Utilities,103964.0,Saudi Central Bank (SAMA) weekly POS via KAPSARC Data Portal,REAL_OFFICIAL_AGGREGATE
2023-03-19,2023-03-25,Recreation and Culture,242327.0,Saudi Central Bank (SAMA) weekly POS via KAPSARC Data Portal,REAL_OFFICIAL_AGGREGATE
2023-03-19,2023-03-25,Restaurants & Café,1238943.0,Saudi Central Bank (SAMA) weekly POS via KAPSARC Data Portal,REAL_OFFICIAL_AGGREGATE
2023-03-19,2023-03-25,Telecommunication,83679.0,Saudi Central Bank (SAMA) weekly POS via KAPSARC Data Portal,REAL_OFFICIAL_AGGREGATE
2023-03-19,2023-03-25,Transportation,607837.0,Saudi Central Bank (SAMA) weekly POS via KAPSARC Data Portal,REAL_OFFICIAL_AGGREGATE
2023-03-26,2023-04-01,Beverage and Food,2113056.0,Saudi Central Bank (SAMA) weekly POS via KAPSARC Data Portal,REAL_OFFICIAL_AGGREGATE
2023-03-26,2023-04-01,Clothing and Footwear,1421974.0,Saudi Central Bank (SAMA) weekly POS via KAPSARC Data Portal,REAL_OFFICIAL_AGGREGATE
2023-03-26,2023-04-01,Construction & Building Materials,317139.0,Saudi Central Bank (SAMA) weekly POS via KAPSARC Data Portal,REAL_OFFICIAL_AGGREGATE
2023-03-26,2023-04-01,Education,152592.0,Saudi Central Bank (SAMA) weekly POS via KAPSARC Data Portal,REAL_OFFICIAL_AGGREGATE
2023-03-26,2023-04-01,Electronic & Electric Devices,256361.0,Saudi Central Bank (SAMA) weekly POS via KAPSARC Data Portal,REAL_OFFICIAL_AGGREGATE
2023-03-26,2023-04-01,Furniture,348345.0,Saudi Central Bank (SAMA) weekly POS via KAPSARC Data Portal,REAL_OFFICIAL_AGGREGATE
2023-03-26,2023-04-01,Gas Stations,730328.0,Saudi Central Bank (SAMA) weekly POS via KAPSARC Data Portal,REAL_OFFICIAL_AGGREGATE
2023-03-26,2023-04-01,Health,844255.0,Saudi Central Bank (SAMA) weekly POS via KAPSARC Data Portal,REAL_OFFICIAL_AGGREGATE
2023-03-26,2023-04-01,Hotels,322037.0,Saudi Central Bank (SAMA) weekly POS via KAPSARC Data Portal,REAL_OFFICIAL_AGGREGATE
2023-03-26,2023-04-01,Jewelry,251950.0,Saudi Central Bank (SAMA) weekly POS via KAPSARC Data Portal,REAL_OFFICIAL_AGGREGATE
2023-03-26,2023-04-01,Miscellaneous Goods and Services,1317474.0,Saudi Central Bank (SAMA) weekly POS via KAPSARC Data Portal,REAL_OFFICIAL_AGGREGATE
2023-03-26,2023-04-01,Other,2088552.0,Saudi Central Bank (SAMA) weekly POS via KAPSARC Data Portal,REAL_OFFICIAL_AGGREGATE
2023-03-26,2023-04-01,Public Utilities,117248.0,Saudi Central Bank (SAMA) weekly POS via KAPSARC Data Portal,REAL_OFFICIAL_AGGREGATE
2023-03-26,2023-04-01,Recreation and Culture,295434.0,Saudi Central Bank (SAMA) weekly POS via KAPSARC Data Portal,REAL_OFFICIAL_AGGREGATE
2023-03-26,2023-04-01,Restaurants & Café,1236735.0,Saudi Central Bank (SAMA) weekly POS via KAPSARC Data Portal,REAL_OFFICIAL_AGGREGATE
2023-03-26,2023-04-01,Telecommunication,126353.0,Saudi Central Bank (SAMA) weekly POS via KAPSARC Data Portal,REAL_OFFICIAL_AGGREGATE
2023-03-26,2023-04-01,Transportation,764369.0,Saudi Central Bank (SAMA) weekly POS via KAPSARC Data Portal,REAL_OFFICIAL_AGGREGATE
2023-04-02,2023-04-08,Beverage and Food,1826893.0,Saudi Central Bank (SAMA) weekly POS via KAPSARC Data Portal,REAL_OFFICIAL_AGGREGATE
2023-04-02,2023-04-08,Clothing and Footwear,1640375.0,Saudi Central Bank (SAMA) weekly POS via KAPSARC Data Portal,REAL_OFFICIAL_AGGREGATE
2023-04-02,2023-04-08,Construction & Building Materials,307266.0,Saudi Central Bank (SAMA) weekly POS via KAPSARC Data Portal,REAL_OFFICIAL_AGGREGATE
2023-04-02,2023-04-08,Education,119344.0,Saudi Central Bank (SAMA) weekly POS via KAPSARC Data Portal,REAL_OFFICIAL_AGGREGATE
2023-04-02,2023-04-08,Electronic & Electric Devices,227727.0,Saudi Central Bank (SAMA) weekly POS via KAPSARC Data Portal,REAL_OFFICIAL_AGGREGATE
2023-04-02,2023-04-08,Furniture,349436.0,Saudi Central Bank (SAMA) weekly POS via KAPSARC Data Portal,REAL_OFFICIAL_AGGREGATE
2023-04-02,2023-04-08,Gas Stations,697517.0,Saudi Central Bank (SAMA) weekly POS via KAPSARC Data Portal,REAL_OFFICIAL_AGGREGATE
2023-04-02,2023-04-08,Health,823017.0,Saudi Central Bank (SAMA) weekly POS via KAPSARC Data Portal,REAL_OFFICIAL_AGGREGATE
2023-04-02,2023-04-08,Hotels,340487.0,Saudi Central Bank (SAMA) weekly POS via KAPSARC Data Portal,REAL_OFFICIAL_AGGREGATE
2023-04-02,2023-04-08,Jewelry,337657.0,Saudi Central Bank (SAMA) weekly POS via KAPSARC Data Portal,REAL_OFFICIAL_AGGREGATE
2023-04-02,2023-04-08,Miscellaneous Goods and Services,1287394.0,Saudi Central Bank (SAMA) weekly POS via KAPSARC Data Portal,REAL_OFFICIAL_AGGREGATE
2023-04-02,2023-04-08,Other,2057611.0,Saudi Central Bank (SAMA) weekly POS via KAPSARC Data Portal,REAL_OFFICIAL_AGGREGATE
2023-04-02,2023-04-08,Public Utilities,106462.0,Saudi Central Bank (SAMA) weekly POS via KAPSARC Data Portal,REAL_OFFICIAL_AGGREGATE
2023-04-02,2023-04-08,Recreation and Culture,292656.0,Saudi Central Bank (SAMA) weekly POS via KAPSARC Data Portal,REAL_OFFICIAL_AGGREGATE
2023-04-02,2023-04-08,Restaurants & Café,1338026.0,Saudi Central Bank (SAMA) weekly POS via KAPSARC Data Portal,REAL_OFFICIAL_AGGREGATE
2023-04-02,2023-04-08,Telecommunication,116492.0,Saudi Central Bank (SAMA) weekly POS via KAPSARC Data Portal,REAL_OFFICIAL_AGGREGATE
2023-04-02,2023-04-08,Transportation,712434.0,Saudi Central Bank (SAMA) weekly POS via KAPSARC Data Portal,REAL_OFFICIAL_AGGREGATE
2023-04-09,2023-04-15,Beverage and Food,1771701.0,Saudi Central Bank (SAMA) weekly POS via KAPSARC Data Portal,REAL_OFFICIAL_AGGREGATE
2023-04-09,2023-04-15,Clothing and Footwear,1862843.0,Saudi Central Bank (SAMA) weekly POS via KAPSARC Data Portal,REAL_OFFICIAL_AGGREGATE
2023-04-09,2023-04-15,Construction & Building Materials,288662.0,Saudi Central Bank (SAMA) weekly POS via KAPSARC Data Portal,REAL_OFFICIAL_AGGREGATE
2023-04-09,2023-04-15,Education,72235.0,Saudi Central Bank (SAMA) weekly POS via KAPSARC Data Portal,REAL_OFFICIAL_AGGREGATE
2023-04-09,2023-04-15,Electronic & Electric Devices,224005.0,Saudi Central Bank (SAMA) weekly POS via KAPSARC Data Portal,REAL_OFFICIAL_AGGREGATE
2023-04-09,2023-04-15,Furniture,354299.0,Saudi Central Bank (SAMA) weekly POS via KAPSARC Data Portal,REAL_OFFICIAL_AGGREGATE
2023-04-09,2023-04-15,Gas Stations,697815.0,Saudi Central Bank (SAMA) weekly POS via KAPSARC Data Portal,REAL_OFFICIAL_AGGREGATE
2023-04-09,2023-04-15,Health,818571.0,Saudi Central Bank (SAMA) weekly POS via KAPSARC Data Portal,REAL_OFFICIAL_AGGREGATE
2023-04-09,2023-04-15,Hotels,385459.0,Saudi Central Bank (SAMA) weekly POS via KAPSARC Data Portal,REAL_OFFICIAL_AGGREGATE
2023-04-09,2023-04-15,Jewelry,425613.0,Saudi Central Bank (SAMA) weekly POS via KAPSARC Data Portal,REAL_OFFICIAL_AGGREGATE
2023-04-09,2023-04-15,Miscellaneous Goods and Services,1341994.0,Saudi Central Bank (SAMA) weekly POS via KAPSARC Data Portal,REAL_OFFICIAL_AGGREGATE
2023-04-09,2023-04-15,Other,2125241.0,Saudi Central Bank (SAMA) weekly POS via KAPSARC Data Portal,REAL_OFFICIAL_AGGREGATE
2023-04-09,2023-04-15,Public Utilities,98923.0,Saudi Central Bank (SAMA) weekly POS via KAPSARC Data Portal,REAL_OFFICIAL_AGGREGATE
2023-04-09,2023-04-15,Recreation and Culture,303433.0,Saudi Central Bank (SAMA) weekly POS via KAPSARC Data Portal,REAL_OFFICIAL_AGGREGATE
2023-04-09,2023-04-15,Restaurants & Café,1402898.0,Saudi Central Bank (SAMA) weekly POS via KAPSARC Data Portal,REAL_OFFICIAL_AGGREGATE
2023-04-09,2023-04-15,Telecommunication,111340.0,Saudi Central Bank (SAMA) weekly POS via KAPSARC Data Portal,REAL_OFFICIAL_AGGREGATE
2023-04-09,2023-04-15,Transportation,754287.0,Saudi Central Bank (SAMA) weekly POS via KAPSARC Data Portal,REAL_OFFICIAL_AGGREGATE
2023-04-16,2023-04-22,Beverage and Food,1676289.0,Saudi Central Bank (SAMA) weekly POS via KAPSARC Data Portal,REAL_OFFICIAL_AGGREGATE
2023-04-16,2023-04-22,Clothing and Footwear,1615770.0,Saudi Central Bank (SAMA) weekly POS via KAPSARC Data Portal,REAL_OFFICIAL_AGGREGATE
2023-04-16,2023-04-22,Construction & Building Materials,182824.0,Saudi Central Bank (SAMA) weekly POS via KAPSARC Data Portal,REAL_OFFICIAL_AGGREGATE
2023-04-16,2023-04-22,Education,11176.0,Saudi Central Bank (SAMA) weekly POS via KAPSARC Data Portal,REAL_OFFICIAL_AGGREGATE
2023-04-16,2023-04-22,Electronic & Electric Devices,159807.0,Saudi Central Bank (SAMA) weekly POS via KAPSARC Data Portal,REAL_OFFICIAL_AGGREGATE
2023-04-16,2023-04-22,Furniture,277848.0,Saudi Central Bank (SAMA) weekly POS via KAPSARC Data Portal,REAL_OFFICIAL_AGGREGATE
2023-04-16,2023-04-22,Gas Stations,662575.0,Saudi Central Bank (SAMA) weekly POS via KAPSARC Data Portal,REAL_OFFICIAL_AGGREGATE
2023-04-16,2023-04-22,Health,630265.0,Saudi Central Bank (SAMA) weekly POS via KAPSARC Data Portal,REAL_OFFICIAL_AGGREGATE
2023-04-16,2023-04-22,Hotels,315922.0,Saudi Central Bank (SAMA) weekly POS via KAPSARC Data Portal,REAL_OFFICIAL_AGGREGATE
2023-04-16,2023-04-22,Jewelry,498205.0,Saudi Central Bank (SAMA) weekly POS via KAPSARC Data Portal,REAL_OFFICIAL_AGGREGATE
2023-04-16,2023-04-22,Miscellaneous Goods and Services,1283015.0,Saudi Central Bank (SAMA) weekly POS via KAPSARC Data Portal,REAL_OFFICIAL_AGGREGATE
2023-04-16,2023-04-22,Other,1902871.0,Saudi Central Bank (SAMA) weekly POS via KAPSARC Data Portal,REAL_OFFICIAL_AGGREGATE
2023-04-16,2023-04-22,Public Utilities,82339.0,Saudi Central Bank (SAMA) weekly POS via KAPSARC Data Portal,REAL_OFFICIAL_AGGREGATE
2023-04-16,2023-04-22,Recreation and Culture,317432.0,Saudi Central Bank (SAMA) weekly POS via KAPSARC Data Portal,REAL_OFFICIAL_AGGREGATE
2023-04-16,2023-04-22,Restaurants & Café,1790583.0,Saudi Central Bank (SAMA) weekly POS via KAPSARC Data Portal,REAL_OFFICIAL_AGGREGATE
2023-04-16,2023-04-22,Telecommunication,91109.0,Saudi Central Bank (SAMA) weekly POS via KAPSARC Data Portal,REAL_OFFICIAL_AGGREGATE
2023-04-16,2023-04-22,Transportation,505947.0,Saudi Central Bank (SAMA) weekly POS via KAPSARC Data Portal,REAL_OFFICIAL_AGGREGATE
2023-04-23,2023-04-29,Beverage and Food,1804883.0,Saudi Central Bank (SAMA) weekly POS via KAPSARC Data Portal,REAL_OFFICIAL_AGGREGATE
2023-04-23,2023-04-29,Clothing and Footwear,584942.0,Saudi Central Bank (SAMA) weekly POS via KAPSARC Data Portal,REAL_OFFICIAL_AGGREGATE
2023-04-23,2023-04-29,Construction & Building Materials,218759.0,Saudi Central Bank (SAMA) weekly POS via KAPSARC Data Portal,REAL_OFFICIAL_AGGREGATE
2023-04-23,2023-04-29,Education,59831.0,Saudi Central Bank (SAMA) weekly POS via KAPSARC Data Portal,REAL_OFFICIAL_AGGREGATE
2023-04-23,2023-04-29,Electronic & Electric Devices,176863.0,Saudi Central Bank (SAMA) weekly POS via KAPSARC Data Portal,REAL_OFFICIAL_AGGREGATE
2023-04-23,2023-04-29,Furniture,200171.0,Saudi Central Bank (SAMA) weekly POS via KAPSARC Data Portal,REAL_OFFICIAL_AGGREGATE
2023-04-23,2023-04-29,Gas Stations,749258.0,Saudi Central Bank (SAMA) weekly POS via KAPSARC Data Portal,REAL_OFFICIAL_AGGREGATE
2023-04-23,2023-04-29,Health,613241.0,Saudi Central Bank (SAMA) weekly POS via KAPSARC Data Portal,REAL_OFFICIAL_AGGREGATE
2023-04-23,2023-04-29,Hotels,280707.0,Saudi Central Bank (SAMA) weekly POS via KAPSARC Data Portal,REAL_OFFICIAL_AGGREGATE
2023-04-23,2023-04-29,Jewelry,193692.0,Saudi Central Bank (SAMA) weekly POS via KAPSARC Data Portal,REAL_OFFICIAL_AGGREGATE
2023-04-23,2023-04-29,Miscellaneous Goods and Services,1021440.0,Saudi Central Bank (SAMA) weekly POS via KAPSARC Data Portal,REAL_OFFICIAL_AGGREGATE
2023-04-23,2023-04-29,Other,1616052.0,Saudi Central Bank (SAMA) weekly POS via KAPSARC Data Portal,REAL_OFFICIAL_AGGREGATE
2023-04-23,2023-04-29,Public Utilities,90971.0,Saudi Central Bank (SAMA) weekly POS via KAPSARC Data Portal,REAL_OFFICIAL_AGGREGATE
2023-04-23,2023-04-29,Recreation and Culture,270604.0,Saudi Central Bank (SAMA) weekly POS via KAPSARC Data Portal,REAL_OFFICIAL_AGGREGATE
2023-04-23,2023-04-29,Restaurants & Café,1934591.0,Saudi Central Bank (SAMA) weekly POS via KAPSARC Data Portal,REAL_OFFICIAL_AGGREGATE
2023-04-23,2023-04-29,Telecommunication,83262.0,Saudi Central Bank (SAMA) weekly POS via KAPSARC Data Portal,REAL_OFFICIAL_AGGREGATE
2023-04-23,2023-04-29,Transportation,478322.0,Saudi Central Bank (SAMA) weekly POS via KAPSARC Data Portal,REAL_OFFICIAL_AGGREGATE
2023-04-30,2023-05-06,Beverage and Food,1876734.0,Saudi Central Bank (SAMA) weekly POS via KAPSARC Data Portal,REAL_OFFICIAL_AGGREGATE
2023-04-30,2023-05-06,Clothing and Footwear,633334.0,Saudi Central Bank (SAMA) weekly POS via KAPSARC Data Portal,REAL_OFFICIAL_AGGREGATE
2023-04-30,2023-05-06,Construction & Building Materials,330234.0,Saudi Central Bank (SAMA) weekly POS via KAPSARC Data Portal,REAL_OFFICIAL_AGGREGATE
2023-04-30,2023-05-06,Education,214287.0,Saudi Central Bank (SAMA) weekly POS via KAPSARC Data Portal,REAL_OFFICIAL_AGGREGATE
2023-04-30,2023-05-06,Electronic & Electric Devices,224103.0,Saudi Central Bank (SAMA) weekly POS via KAPSARC Data Portal,REAL_OFFICIAL_AGGREGATE
2023-04-30,2023-05-06,Furniture,261800.0,Saudi Central Bank (SAMA) weekly POS via KAPSARC Data Portal,REAL_OFFICIAL_AGGREGATE
2023-04-30,2023-05-06,Gas Stations,752670.0,Saudi Central Bank (SAMA) weekly POS via KAPSARC Data Portal,REAL_OFFICIAL_AGGREGATE
2023-04-30,2023-05-06,Health,814075.0,Saudi Central Bank (SAMA) weekly POS via KAPSARC Data Portal,REAL_OFFICIAL_AGGREGATE
2023-04-30,2023-05-06,Hotels,235641.0,Saudi Central Bank (SAMA) weekly POS via KAPSARC Data Portal,REAL_OFFICIAL_AGGREGATE
2023-04-30,2023-05-06,Jewelry,209732.0,Saudi Central Bank (SAMA) weekly POS via KAPSARC Data Portal,REAL_OFFICIAL_AGGREGATE
2023-04-30,2023-05-06,Miscellaneous Goods and Services,1255410.0,Saudi Central Bank (SAMA) weekly POS via KAPSARC Data Portal,REAL_OFFICIAL_AGGREGATE
2023-04-30,2023-05-06,Other,1847140.0,Saudi Central Bank (SAMA) weekly POS via KAPSARC Data Portal,REAL_OFFICIAL_AGGREGATE
2023-04-30,2023-05-06,Public Utilities,105275.0,Saudi Central Bank (SAMA) weekly POS via KAPSARC Data Portal,REAL_OFFICIAL_AGGREGATE
2023-04-30,2023-05-06,Recreation and Culture,271586.0,Saudi Central Bank (SAMA) weekly POS via KAPSARC Data Portal,REAL_OFFICIAL_AGGREGATE
2023-04-30,2023-05-06,Restaurants & Café,1763729.0,Saudi Central Bank (SAMA) weekly POS via KAPSARC Data Portal,REAL_OFFICIAL_AGGREGATE
2023-04-30,2023-05-06,Telecommunication,98418.0,Saudi Central Bank (SAMA) weekly POS via KAPSARC Data Portal,REAL_OFFICIAL_AGGREGATE
2023-04-30,2023-05-06,Transportation,698754.0,Saudi Central Bank (SAMA) weekly POS via KAPSARC Data Portal,REAL_OFFICIAL_AGGREGATE
2023-05-07,2023-05-13,Beverage and Food,1698814.0,Saudi Central Bank (SAMA) weekly POS via KAPSARC Data Portal,REAL_OFFICIAL_AGGREGATE
2023-05-07,2023-05-13,Clothing and Footwear,594526.0,Saudi Central Bank (SAMA) weekly POS via KAPSARC Data Portal,REAL_OFFICIAL_AGGREGATE
2023-05-07,2023-05-13,Construction & Building Materials,329545.0,Saudi Central Bank (SAMA) weekly POS via KAPSARC Data Portal,REAL_OFFICIAL_AGGREGATE
2023-05-07,2023-05-13,Education,155925.0,Saudi Central Bank (SAMA) weekly POS via KAPSARC Data Portal,REAL_OFFICIAL_AGGREGATE
2023-05-07,2023-05-13,Electronic & Electric Devices,213432.0,Saudi Central Bank (SAMA) weekly POS via KAPSARC Data Portal,REAL_OFFICIAL_AGGREGATE
2023-05-07,2023-05-13,Furniture,255390.0,Saudi Central Bank (SAMA) weekly POS via KAPSARC Data Portal,REAL_OFFICIAL_AGGREGATE
2023-05-07,2023-05-13,Gas Stations,744014.0,Saudi Central Bank (SAMA) weekly POS via KAPSARC Data Portal,REAL_OFFICIAL_AGGREGATE
2023-05-07,2023-05-13,Health,768340.0,Saudi Central Bank (SAMA) weekly POS via KAPSARC Data Portal,REAL_OFFICIAL_AGGREGATE
2023-05-07,2023-05-13,Hotels,241236.0,Saudi Central Bank (SAMA) weekly POS via KAPSARC Data Portal,REAL_OFFICIAL_AGGREGATE
2023-05-07,2023-05-13,Jewelry,196266.0,Saudi Central Bank (SAMA) weekly POS via KAPSARC Data Portal,REAL_OFFICIAL_AGGREGATE
2023-05-07,2023-05-13,Miscellaneous Goods and Services,1141892.0,Saudi Central Bank (SAMA) weekly POS via KAPSARC Data Portal,REAL_OFFICIAL_AGGREGATE
2023-05-07,2023-05-13,Other,1720290.0,Saudi Central Bank (SAMA) weekly POS via KAPSARC Data Portal,REAL_OFFICIAL_AGGREGATE
2023-05-07,2023-05-13,Public Utilities,103269.0,Saudi Central Bank (SAMA) weekly POS via KAPSARC Data Portal,REAL_OFFICIAL_AGGREGATE
2023-05-07,2023-05-13,Recreation and Culture,241569.0,Saudi Central Bank (SAMA) weekly POS via KAPSARC Data Portal,REAL_OFFICIAL_AGGREGATE
2023-05-07,2023-05-13,Restaurants & Café,1721895.0,Saudi Central Bank (SAMA) weekly POS via KAPSARC Data Portal,REAL_OFFICIAL_AGGREGATE
2023-05-07,2023-05-13,Telecommunication,86199.0,Saudi Central Bank (SAMA) weekly POS via KAPSARC Data Portal,REAL_OFFICIAL_AGGREGATE
2023-05-07,2023-05-13,Transportation,677625.0,Saudi Central Bank (SAMA) weekly POS via KAPSARC Data Portal,REAL_OFFICIAL_AGGREGATE
2023-05-14,2023-05-20,Beverage and Food,1562638.0,Saudi Central Bank (SAMA) weekly POS via KAPSARC Data Portal,REAL_OFFICIAL_AGGREGATE
2023-05-14,2023-05-20,Clothing and Footwear,546585.0,Saudi Central Bank (SAMA) weekly POS via KAPSARC Data Portal,REAL_OFFICIAL_AGGREGATE
2023-05-14,2023-05-20,Construction & Building Materials,322755.0,Saudi Central Bank (SAMA) weekly POS via KAPSARC Data Portal,REAL_OFFICIAL_AGGREGATE
2023-05-14,2023-05-20,Education,129418.0,Saudi Central Bank (SAMA) weekly POS via KAPSARC Data Portal,REAL_OFFICIAL_AGGREGATE
2023-05-14,2023-05-20,Electronic & Electric Devices,201680.0,Saudi Central Bank (SAMA) weekly POS via KAPSARC Data Portal,REAL_OFFICIAL_AGGREGATE
2023-05-14,2023-05-20,Furniture,242273.0,Saudi Central Bank (SAMA) weekly POS via KAPSARC Data Portal,REAL_OFFICIAL_AGGREGATE
2023-05-14,2023-05-20,Gas Stations,694371.0,Saudi Central Bank (SAMA) weekly POS via KAPSARC Data Portal,REAL_OFFICIAL_AGGREGATE
2023-05-14,2023-05-20,Health,697517.0,Saudi Central Bank (SAMA) weekly POS via KAPSARC Data Portal,REAL_OFFICIAL_AGGREGATE
2023-05-14,2023-05-20,Hotels,232179.0,Saudi Central Bank (SAMA) weekly POS via KAPSARC Data Portal,REAL_OFFICIAL_AGGREGATE
2023-05-14,2023-05-20,Jewelry,196416.0,Saudi Central Bank (SAMA) weekly POS via KAPSARC Data Portal,REAL_OFFICIAL_AGGREGATE
2023-05-14,2023-05-20,Miscellaneous Goods and Services,1047356.0,Saudi Central Bank (SAMA) weekly POS via KAPSARC Data Portal,REAL_OFFICIAL_AGGREGATE
2023-05-14,2023-05-20,Other,1608151.0,Saudi Central Bank (SAMA) weekly POS via KAPSARC Data Portal,REAL_OFFICIAL_AGGREGATE
2023-05-14,2023-05-20,Public Utilities,96053.0,Saudi Central Bank (SAMA) weekly POS via KAPSARC Data Portal,REAL_OFFICIAL_AGGREGATE
2023-05-14,2023-05-20,Recreation and Culture,217816.0,Saudi Central Bank (SAMA) weekly POS via KAPSARC Data Portal,REAL_OFFICIAL_AGGREGATE
2023-05-14,2023-05-20,Restaurants & Café,1588494.0,Saudi Central Bank (SAMA) weekly POS via KAPSARC Data Portal,REAL_OFFICIAL_AGGREGATE
2023-05-14,2023-05-20,Telecommunication,77505.0,Saudi Central Bank (SAMA) weekly POS via KAPSARC Data Portal,REAL_OFFICIAL_AGGREGATE
2023-05-14,2023-05-20,Transportation,630808.0,Saudi Central Bank (SAMA) weekly POS via KAPSARC Data Portal,REAL_OFFICIAL_AGGREGATE
2023-05-21,2023-05-27,Beverage and Food,1646527.0,Saudi Central Bank (SAMA) weekly POS via KAPSARC Data Portal,REAL_OFFICIAL_AGGREGATE
2023-05-21,2023-05-27,Clothing and Footwear,631881.0,Saudi Central Bank (SAMA) weekly POS via KAPSARC Data Portal,REAL_OFFICIAL_AGGREGATE
2023-05-21,2023-05-27,Construction & Building Materials,326059.0,Saudi Central Bank (SAMA) weekly POS via KAPSARC Data Portal,REAL_OFFICIAL_AGGREGATE
2023-05-21,2023-05-27,Education,130551.0,Saudi Central Bank (SAMA) weekly POS via KAPSARC Data Portal,REAL_OFFICIAL_AGGREGATE
2023-05-21,2023-05-27,Electronic & Electric Devices,285260.0,Saudi Central Bank (SAMA) weekly POS via KAPSARC Data Portal,REAL_OFFICIAL_AGGREGATE
2023-05-21,2023-05-27,Furniture,256459.0,Saudi Central Bank (SAMA) weekly POS via KAPSARC Data Portal,REAL_OFFICIAL_AGGREGATE
2023-05-21,2023-05-27,Gas Stations,722604.0,Saudi Central Bank (SAMA) weekly POS via KAPSARC Data Portal,REAL_OFFICIAL_AGGREGATE
2023-05-21,2023-05-27,Health,704234.0,Saudi Central Bank (SAMA) weekly POS via KAPSARC Data Portal,REAL_OFFICIAL_AGGREGATE
2023-05-21,2023-05-27,Hotels,262771.0,Saudi Central Bank (SAMA) weekly POS via KAPSARC Data Portal,REAL_OFFICIAL_AGGREGATE
2023-05-21,2023-05-27,Jewelry,218734.0,Saudi Central Bank (SAMA) weekly POS via KAPSARC Data Portal,REAL_OFFICIAL_AGGREGATE
2023-05-21,2023-05-27,Miscellaneous Goods and Services,1103091.0,Saudi Central Bank (SAMA) weekly POS via KAPSARC Data Portal,REAL_OFFICIAL_AGGREGATE
2023-05-21,2023-05-27,Other,1693213.0,Saudi Central Bank (SAMA) weekly POS via KAPSARC Data Portal,REAL_OFFICIAL_AGGREGATE
2023-05-21,2023-05-27,Public Utilities,98531.0,Saudi Central Bank (SAMA) weekly POS via KAPSARC Data Portal,REAL_OFFICIAL_AGGREGATE
2023-05-21,2023-05-27,Recreation and Culture,227934.0,Saudi Central Bank (SAMA) weekly POS via KAPSARC Data Portal,REAL_OFFICIAL_AGGREGATE
2023-05-21,2023-05-27,Restaurants & Café,1659220.0,Saudi Central Bank (SAMA) weekly POS via KAPSARC Data Portal,REAL_OFFICIAL_AGGREGATE
2023-05-21,2023-05-27,Telecommunication,87530.0,Saudi Central Bank (SAMA) weekly POS via KAPSARC Data Portal,REAL_OFFICIAL_AGGREGATE
2023-05-21,2023-05-27,Transportation,650400.0,Saudi Central Bank (SAMA) weekly POS via KAPSARC Data Portal,REAL_OFFICIAL_AGGREGATE
2023-05-28,2023-06-03,Beverage and Food,2227716.0,Saudi Central Bank (SAMA) weekly POS via KAPSARC Data Portal,REAL_OFFICIAL_AGGREGATE
2023-05-28,2023-06-03,Clothing and Footwear,913035.0,Saudi Central Bank (SAMA) weekly POS via KAPSARC Data Portal,REAL_OFFICIAL_AGGREGATE
2023-05-28,2023-06-03,Construction & Building Materials,367216.0,Saudi Central Bank (SAMA) weekly POS via KAPSARC Data Portal,REAL_OFFICIAL_AGGREGATE
2023-05-28,2023-06-03,Education,196008.0,Saudi Central Bank (SAMA) weekly POS via KAPSARC Data Portal,REAL_OFFICIAL_AGGREGATE
2023-05-28,2023-06-03,Electronic & Electric Devices,380901.0,Saudi Central Bank (SAMA) weekly POS via KAPSARC Data Portal,REAL_OFFICIAL_AGGREGATE
2023-05-28,2023-06-03,Furniture,330831.0,Saudi Central Bank (SAMA) weekly POS via KAPSARC Data Portal,REAL_OFFICIAL_AGGREGATE
2023-05-28,2023-06-03,Gas Stations,847581.0,Saudi Central Bank (SAMA) weekly POS via KAPSARC Data Portal,REAL_OFFICIAL_AGGREGATE
2023-05-28,2023-06-03,Health,910428.0,Saudi Central Bank (SAMA) weekly POS via KAPSARC Data Portal,REAL_OFFICIAL_AGGREGATE
2023-05-28,2023-06-03,Hotels,252288.0,Saudi Central Bank (SAMA) weekly POS via KAPSARC Data Portal,REAL_OFFICIAL_AGGREGATE
2023-05-28,2023-06-03,Jewelry,268415.0,Saudi Central Bank (SAMA) weekly POS via KAPSARC Data Portal,REAL_OFFICIAL_AGGREGATE
2023-05-28,2023-06-03,Miscellaneous Goods and Services,1460224.0,Saudi Central Bank (SAMA) weekly POS via KAPSARC Data Portal,REAL_OFFICIAL_AGGREGATE
2023-05-28,2023-06-03,Other,2271377.0,Saudi Central Bank (SAMA) weekly POS via KAPSARC Data Portal,REAL_OFFICIAL_AGGREGATE
2023-05-28,2023-06-03,Public Utilities,122029.0,Saudi Central Bank (SAMA) weekly POS via KAPSARC Data Portal,REAL_OFFICIAL_AGGREGATE
2023-05-28,2023-06-03,Recreation and Culture,311125.0,Saudi Central Bank (SAMA) weekly POS via KAPSARC Data Portal,REAL_OFFICIAL_AGGREGATE
2023-05-28,2023-06-03,Restaurants & Café,2017234.0,Saudi Central Bank (SAMA) weekly POS via KAPSARC Data Portal,REAL_OFFICIAL_AGGREGATE
2023-05-28,2023-06-03,Telecommunication,130136.0,Saudi Central Bank (SAMA) weekly POS via KAPSARC Data Portal,REAL_OFFICIAL_AGGREGATE
2023-05-28,2023-06-03,Transportation,808670.0,Saudi Central Bank (SAMA) weekly POS via KAPSARC Data Portal,REAL_OFFICIAL_AGGREGATE
2023-06-04,2023-06-10,Beverage and Food,1708704.0,Saudi Central Bank (SAMA) weekly POS via KAPSARC Data Portal,REAL_OFFICIAL_AGGREGATE
2023-06-04,2023-06-10,Clothing and Footwear,785465.0,Saudi Central Bank (SAMA) weekly POS via KAPSARC Data Portal,REAL_OFFICIAL_AGGREGATE
2023-06-04,2023-06-10,Construction & Building Materials,348234.0,Saudi Central Bank (SAMA) weekly POS via KAPSARC Data Portal,REAL_OFFICIAL_AGGREGATE
2023-06-04,2023-06-10,Education,202204.0,Saudi Central Bank (SAMA) weekly POS via KAPSARC Data Portal,REAL_OFFICIAL_AGGREGATE
2023-06-04,2023-06-10,Electronic & Electric Devices,328054.0,Saudi Central Bank (SAMA) weekly POS via KAPSARC Data Portal,REAL_OFFICIAL_AGGREGATE
2023-06-04,2023-06-10,Furniture,286737.0,Saudi Central Bank (SAMA) weekly POS via KAPSARC Data Portal,REAL_OFFICIAL_AGGREGATE
2023-06-04,2023-06-10,Gas Stations,739487.0,Saudi Central Bank (SAMA) weekly POS via KAPSARC Data Portal,REAL_OFFICIAL_AGGREGATE
2023-06-04,2023-06-10,Health,764442.0,Saudi Central Bank (SAMA) weekly POS via KAPSARC Data Portal,REAL_OFFICIAL_AGGREGATE
2023-06-04,2023-06-10,Hotels,195574.0,Saudi Central Bank (SAMA) weekly POS via KAPSARC Data Portal,REAL_OFFICIAL_AGGREGATE
2023-06-04,2023-06-10,Jewelry,249387.0,Saudi Central Bank (SAMA) weekly POS via KAPSARC Data Portal,REAL_OFFICIAL_AGGREGATE
2023-06-04,2023-06-10,Miscellaneous Goods and Services,1231554.0,Saudi Central Bank (SAMA) weekly POS via KAPSARC Data Portal,REAL_OFFICIAL_AGGREGATE
2023-06-04,2023-06-10,Other,1938679.0,Saudi Central Bank (SAMA) weekly POS via KAPSARC Data Portal,REAL_OFFICIAL_AGGREGATE
2023-06-04,2023-06-10,Public Utilities,105603.0,Saudi Central Bank (SAMA) weekly POS via KAPSARC Data Portal,REAL_OFFICIAL_AGGREGATE
2023-06-04,2023-06-10,Recreation and Culture,272870.0,Saudi Central Bank (SAMA) weekly POS via KAPSARC Data Portal,REAL_OFFICIAL_AGGREGATE
2023-06-04,2023-06-10,Restaurants & Café,1728386.0,Saudi Central Bank (SAMA) weekly POS via KAPSARC Data Portal,REAL_OFFICIAL_AGGREGATE
2023-06-04,2023-06-10,Telecommunication,103947.0,Saudi Central Bank (SAMA) weekly POS via KAPSARC Data Portal,REAL_OFFICIAL_AGGREGATE
2023-06-04,2023-06-10,Transportation,697520.0,Saudi Central Bank (SAMA) weekly POS via KAPSARC Data Portal,REAL_OFFICIAL_AGGREGATE
2023-06-11,2023-06-17,Beverage and Food,1714566.0,Saudi Central Bank (SAMA) weekly POS via KAPSARC Data Portal,REAL_OFFICIAL_AGGREGATE
2023-06-11,2023-06-17,Clothing and Footwear,824541.0,Saudi Central Bank (SAMA) weekly POS via KAPSARC Data Portal,REAL_OFFICIAL_AGGREGATE
2023-06-11,2023-06-17,Construction & Building Materials,355438.0,Saudi Central Bank (SAMA) weekly POS via KAPSARC Data Portal,REAL_OFFICIAL_AGGREGATE
2023-06-11,2023-06-17,Education,204323.0,Saudi Central Bank (SAMA) weekly POS via KAPSARC Data Portal,REAL_OFFICIAL_AGGREGATE
2023-06-11,2023-06-17,Electronic & Electric Devices,259225.0,Saudi Central Bank (SAMA) weekly POS via KAPSARC Data Portal,REAL_OFFICIAL_AGGREGATE
2023-06-11,2023-06-17,Furniture,290785.0,Saudi Central Bank (SAMA) weekly POS via KAPSARC Data Portal,REAL_OFFICIAL_AGGREGATE
2023-06-11,2023-06-17,Gas Stations,740819.0,Saudi Central Bank (SAMA) weekly POS via KAPSARC Data Portal,REAL_OFFICIAL_AGGREGATE
2023-06-11,2023-06-17,Health,768123.0,Saudi Central Bank (SAMA) weekly POS via KAPSARC Data Portal,REAL_OFFICIAL_AGGREGATE
2023-06-11,2023-06-17,Hotels,183853.0,Saudi Central Bank (SAMA) weekly POS via KAPSARC Data Portal,REAL_OFFICIAL_AGGREGATE
2023-06-11,2023-06-17,Jewelry,250072.0,Saudi Central Bank (SAMA) weekly POS via KAPSARC Data Portal,REAL_OFFICIAL_AGGREGATE
2023-06-11,2023-06-17,Miscellaneous Goods and Services,1232102.0,Saudi Central Bank (SAMA) weekly POS via KAPSARC Data Portal,REAL_OFFICIAL_AGGREGATE
2023-06-11,2023-06-17,Other,1910856.0,Saudi Central Bank (SAMA) weekly POS via KAPSARC Data Portal,REAL_OFFICIAL_AGGREGATE
2023-06-11,2023-06-17,Public Utilities,108476.0,Saudi Central Bank (SAMA) weekly POS via KAPSARC Data Portal,REAL_OFFICIAL_AGGREGATE
2023-06-11,2023-06-17,Recreation and Culture,273886.0,Saudi Central Bank (SAMA) weekly POS via KAPSARC Data Portal,REAL_OFFICIAL_AGGREGATE
2023-06-11,2023-06-17,Restaurants & Café,1706795.0,Saudi Central Bank (SAMA) weekly POS via KAPSARC Data Portal,REAL_OFFICIAL_AGGREGATE
2023-06-11,2023-06-17,Telecommunication,95993.0,Saudi Central Bank (SAMA) weekly POS via KAPSARC Data Portal,REAL_OFFICIAL_AGGREGATE
2023-06-11,2023-06-17,Transportation,731945.0,Saudi Central Bank (SAMA) weekly POS via KAPSARC Data Portal,REAL_OFFICIAL_AGGREGATE
2023-06-18,2023-06-24,Beverage and Food,1661173.0,Saudi Central Bank (SAMA) weekly POS via KAPSARC Data Portal,REAL_OFFICIAL_AGGREGATE
2023-06-18,2023-06-24,Clothing and Footwear,1025299.0,Saudi Central Bank (SAMA) weekly POS via KAPSARC Data Portal,REAL_OFFICIAL_AGGREGATE
2023-06-18,2023-06-24,Construction & Building Materials,347955.0,Saudi Central Bank (SAMA) weekly POS via KAPSARC Data Portal,REAL_OFFICIAL_AGGREGATE
2023-06-18,2023-06-24,Education,277314.0,Saudi Central Bank (SAMA) weekly POS via KAPSARC Data Portal,REAL_OFFICIAL_AGGREGATE
2023-06-18,2023-06-24,Electronic & Electric Devices,270478.0,Saudi Central Bank (SAMA) weekly POS via KAPSARC Data Portal,REAL_OFFICIAL_AGGREGATE
2023-06-18,2023-06-24,Furniture,297374.0,Saudi Central Bank (SAMA) weekly POS via KAPSARC Data Portal,REAL_OFFICIAL_AGGREGATE
2023-06-18,2023-06-24,Gas Stations,738993.0,Saudi Central Bank (SAMA) weekly POS via KAPSARC Data Portal,REAL_OFFICIAL_AGGREGATE
2023-06-18,2023-06-24,Health,765688.0,Saudi Central Bank (SAMA) weekly POS via KAPSARC Data Portal,REAL_OFFICIAL_AGGREGATE
2023-06-18,2023-06-24,Hotels,197497.0,Saudi Central Bank (SAMA) weekly POS via KAPSARC Data Portal,REAL_OFFICIAL_AGGREGATE
2023-06-18,2023-06-24,Jewelry,300039.0,Saudi Central Bank (SAMA) weekly POS via KAPSARC Data Portal,REAL_OFFICIAL_AGGREGATE
2023-06-18,2023-06-24,Miscellaneous Goods and Services,1353417.0,Saudi Central Bank (SAMA) weekly POS via KAPSARC Data Portal,REAL_OFFICIAL_AGGREGATE
2023-06-18,2023-06-24,Other,1998171.0,Saudi Central Bank (SAMA) weekly POS via KAPSARC Data Portal,REAL_OFFICIAL_AGGREGATE
2023-06-18,2023-06-24,Public Utilities,107090.0,Saudi Central Bank (SAMA) weekly POS via KAPSARC Data Portal,REAL_OFFICIAL_AGGREGATE
2023-06-18,2023-06-24,Recreation and Culture,342598.0,Saudi Central Bank (SAMA) weekly POS via KAPSARC Data Portal,REAL_OFFICIAL_AGGREGATE
2023-06-18,2023-06-24,Restaurants & Café,1751215.0,Saudi Central Bank (SAMA) weekly POS via KAPSARC Data Portal,REAL_OFFICIAL_AGGREGATE
2023-06-18,2023-06-24,Telecommunication,101066.0,Saudi Central Bank (SAMA) weekly POS via KAPSARC Data Portal,REAL_OFFICIAL_AGGREGATE
2023-06-18,2023-06-24,Transportation,760347.0,Saudi Central Bank (SAMA) weekly POS via KAPSARC Data Portal,REAL_OFFICIAL_AGGREGATE
2023-06-25,2023-07-01,Beverage and Food,2021323.0,Saudi Central Bank (SAMA) weekly POS via KAPSARC Data Portal,REAL_OFFICIAL_AGGREGATE
2023-06-25,2023-07-01,Clothing and Footwear,1174331.0,Saudi Central Bank (SAMA) weekly POS via KAPSARC Data Portal,REAL_OFFICIAL_AGGREGATE
2023-06-25,2023-07-01,Construction & Building Materials,176418.0,Saudi Central Bank (SAMA) weekly POS via KAPSARC Data Portal,REAL_OFFICIAL_AGGREGATE
2023-06-25,2023-07-01,Education,33519.0,Saudi Central Bank (SAMA) weekly POS via KAPSARC Data Portal,REAL_OFFICIAL_AGGREGATE
2023-06-25,2023-07-01,Electronic & Electric Devices,191451.0,Saudi Central Bank (SAMA) weekly POS via KAPSARC Data Portal,REAL_OFFICIAL_AGGREGATE
2023-06-25,2023-07-01,Furniture,244654.0,Saudi Central Bank (SAMA) weekly POS via KAPSARC Data Portal,REAL_OFFICIAL_AGGREGATE
2023-06-25,2023-07-01,Gas Stations,778505.0,Saudi Central Bank (SAMA) weekly POS via KAPSARC Data Portal,REAL_OFFICIAL_AGGREGATE
2023-06-25,2023-07-01,Health,626268.0,Saudi Central Bank (SAMA) weekly POS via KAPSARC Data Portal,REAL_OFFICIAL_AGGREGATE
2023-06-25,2023-07-01,Hotels,214344.0,Saudi Central Bank (SAMA) weekly POS via KAPSARC Data Portal,REAL_OFFICIAL_AGGREGATE
2023-06-25,2023-07-01,Jewelry,258742.0,Saudi Central Bank (SAMA) weekly POS via KAPSARC Data Portal,REAL_OFFICIAL_AGGREGATE
2023-06-25,2023-07-01,Miscellaneous Goods and Services,1268540.0,Saudi Central Bank (SAMA) weekly POS via KAPSARC Data Portal,REAL_OFFICIAL_AGGREGATE
2023-06-25,2023-07-01,Other,2046647.0,Saudi Central Bank (SAMA) weekly POS via KAPSARC Data Portal,REAL_OFFICIAL_AGGREGATE
2023-06-25,2023-07-01,Public Utilities,96120.0,Saudi Central Bank (SAMA) weekly POS via KAPSARC Data Portal,REAL_OFFICIAL_AGGREGATE
2023-06-25,2023-07-01,Recreation and Culture,352908.0,Saudi Central Bank (SAMA) weekly POS via KAPSARC Data Portal,REAL_OFFICIAL_AGGREGATE
2023-06-25,2023-07-01,Restaurants & Café,2082077.0,Saudi Central Bank (SAMA) weekly POS via KAPSARC Data Portal,REAL_OFFICIAL_AGGREGATE
2023-06-25,2023-07-01,Telecommunication,94892.0,Saudi Central Bank (SAMA) weekly POS via KAPSARC Data Portal,REAL_OFFICIAL_AGGREGATE
2023-06-25,2023-07-01,Transportation,462404.0,Saudi Central Bank (SAMA) weekly POS via KAPSARC Data Portal,REAL_OFFICIAL_AGGREGATE
2023-07-02,2023-07-08,Beverage and Food,1667361.0,Saudi Central Bank (SAMA) weekly POS via KAPSARC Data Portal,REAL_OFFICIAL_AGGREGATE
2023-07-02,2023-07-08,Clothing and Footwear,680068.0,Saudi Central Bank (SAMA) weekly POS via KAPSARC Data Portal,REAL_OFFICIAL_AGGREGATE
2023-07-02,2023-07-08,Construction & Building Materials,328416.0,Saudi Central Bank (SAMA) weekly POS via KAPSARC Data Portal,REAL_OFFICIAL_AGGREGATE
2023-07-02,2023-07-08,Education,75419.0,Saudi Central Bank (SAMA) weekly POS via KAPSARC Data Portal,REAL_OFFICIAL_AGGREGATE
2023-07-02,2023-07-08,Electronic & Electric Devices,227664.0,Saudi Central Bank (SAMA) weekly POS via KAPSARC Data Portal,REAL_OFFICIAL_AGGREGATE
2023-07-02,2023-07-08,Furniture,261325.0,Saudi Central Bank (SAMA) weekly POS via KAPSARC Data Portal,REAL_OFFICIAL_AGGREGATE
2023-07-02,2023-07-08,Gas Stations,718893.0,Saudi Central Bank (SAMA) weekly POS via KAPSARC Data Portal,REAL_OFFICIAL_AGGREGATE
2023-07-02,2023-07-08,Health,723417.0,Saudi Central Bank (SAMA) weekly POS via KAPSARC Data Portal,REAL_OFFICIAL_AGGREGATE
2023-07-02,2023-07-08,Hotels,217284.0,Saudi Central Bank (SAMA) weekly POS via KAPSARC Data Portal,REAL_OFFICIAL_AGGREGATE
2023-07-02,2023-07-08,Jewelry,267385.0,Saudi Central Bank (SAMA) weekly POS via KAPSARC Data Portal,REAL_OFFICIAL_AGGREGATE
2023-07-02,2023-07-08,Miscellaneous Goods and Services,1267682.0,Saudi Central Bank (SAMA) weekly POS via KAPSARC Data Portal,REAL_OFFICIAL_AGGREGATE
2023-07-02,2023-07-08,Other,1879522.0,Saudi Central Bank (SAMA) weekly POS via KAPSARC Data Portal,REAL_OFFICIAL_AGGREGATE
2023-07-02,2023-07-08,Public Utilities,103820.0,Saudi Central Bank (SAMA) weekly POS via KAPSARC Data Portal,REAL_OFFICIAL_AGGREGATE
2023-07-02,2023-07-08,Recreation and Culture,274271.0,Saudi Central Bank (SAMA) weekly POS via KAPSARC Data Portal,REAL_OFFICIAL_AGGREGATE
2023-07-02,2023-07-08,Restaurants & Café,1747116.0,Saudi Central Bank (SAMA) weekly POS via KAPSARC Data Portal,REAL_OFFICIAL_AGGREGATE
2023-07-02,2023-07-08,Telecommunication,86023.0,Saudi Central Bank (SAMA) weekly POS via KAPSARC Data Portal,REAL_OFFICIAL_AGGREGATE
2023-07-02,2023-07-08,Transportation,663945.0,Saudi Central Bank (SAMA) weekly POS via KAPSARC Data Portal,REAL_OFFICIAL_AGGREGATE
2023-07-09,2023-07-15,Beverage and Food,1654055.0,Saudi Central Bank (SAMA) weekly POS via KAPSARC Data Portal,REAL_OFFICIAL_AGGREGATE
2023-07-09,2023-07-15,Clothing and Footwear,613910.0,Saudi Central Bank (SAMA) weekly POS via KAPSARC Data Portal,REAL_OFFICIAL_AGGREGATE
2023-07-09,2023-07-15,Construction & Building Materials,327547.0,Saudi Central Bank (SAMA) weekly POS via KAPSARC Data Portal,REAL_OFFICIAL_AGGREGATE
2023-07-09,2023-07-15,Education,91253.0,Saudi Central Bank (SAMA) weekly POS via KAPSARC Data Portal,REAL_OFFICIAL_AGGREGATE
2023-07-09,2023-07-15,Electronic & Electric Devices,217586.0,Saudi Central Bank (SAMA) weekly POS via KAPSARC Data Portal,REAL_OFFICIAL_AGGREGATE
2023-07-09,2023-07-15,Furniture,259269.0,Saudi Central Bank (SAMA) weekly POS via KAPSARC Data Portal,REAL_OFFICIAL_AGGREGATE
2023-07-09,2023-07-15,Gas Stations,720116.0,Saudi Central Bank (SAMA) weekly POS via KAPSARC Data Portal,REAL_OFFICIAL_AGGREGATE
2023-07-09,2023-07-15,Health,732797.0,Saudi Central Bank (SAMA) weekly POS via KAPSARC Data Portal,REAL_OFFICIAL_AGGREGATE
2023-07-09,2023-07-15,Hotels,233435.0,Saudi Central Bank (SAMA) weekly POS via KAPSARC Data Portal,REAL_OFFICIAL_AGGREGATE
2023-07-09,2023-07-15,Jewelry,197356.0,Saudi Central Bank (SAMA) weekly POS via KAPSARC Data Portal,REAL_OFFICIAL_AGGREGATE
2023-07-09,2023-07-15,Miscellaneous Goods and Services,1215495.0,Saudi Central Bank (SAMA) weekly POS via KAPSARC Data Portal,REAL_OFFICIAL_AGGREGATE
2023-07-09,2023-07-15,Other,1801250.0,Saudi Central Bank (SAMA) weekly POS via KAPSARC Data Portal,REAL_OFFICIAL_AGGREGATE
2023-07-09,2023-07-15,Public Utilities,105795.0,Saudi Central Bank (SAMA) weekly POS via KAPSARC Data Portal,REAL_OFFICIAL_AGGREGATE
2023-07-09,2023-07-15,Recreation and Culture,244170.0,Saudi Central Bank (SAMA) weekly POS via KAPSARC Data Portal,REAL_OFFICIAL_AGGREGATE
2023-07-09,2023-07-15,Restaurants & Café,1720977.0,Saudi Central Bank (SAMA) weekly POS via KAPSARC Data Portal,REAL_OFFICIAL_AGGREGATE
2023-07-09,2023-07-15,Telecommunication,82917.0,Saudi Central Bank (SAMA) weekly POS via KAPSARC Data Portal,REAL_OFFICIAL_AGGREGATE
2023-07-09,2023-07-15,Transportation,701232.0,Saudi Central Bank (SAMA) weekly POS via KAPSARC Data Portal,REAL_OFFICIAL_AGGREGATE
2023-07-16,2023-07-22,Beverage and Food,1517997.0,Saudi Central Bank (SAMA) weekly POS via KAPSARC Data Portal,REAL_OFFICIAL_AGGREGATE
2023-07-16,2023-07-22,Clothing and Footwear,561133.0,Saudi Central Bank (SAMA) weekly POS via KAPSARC Data Portal,REAL_OFFICIAL_AGGREGATE
2023-07-16,2023-07-22,Construction & Building Materials,321589.0,Saudi Central Bank (SAMA) weekly POS via KAPSARC Data Portal,REAL_OFFICIAL_AGGREGATE
2023-07-16,2023-07-22,Education,81678.0,Saudi Central Bank (SAMA) weekly POS via KAPSARC Data Portal,REAL_OFFICIAL_AGGREGATE
2023-07-16,2023-07-22,Electronic & Electric Devices,208532.0,Saudi Central Bank (SAMA) weekly POS via KAPSARC Data Portal,REAL_OFFICIAL_AGGREGATE
2023-07-16,2023-07-22,Furniture,243361.0,Saudi Central Bank (SAMA) weekly POS via KAPSARC Data Portal,REAL_OFFICIAL_AGGREGATE
2023-07-16,2023-07-22,Gas Stations,665915.0,Saudi Central Bank (SAMA) weekly POS via KAPSARC Data Portal,REAL_OFFICIAL_AGGREGATE
2023-07-16,2023-07-22,Health,672303.0,Saudi Central Bank (SAMA) weekly POS via KAPSARC Data Portal,REAL_OFFICIAL_AGGREGATE
2023-07-16,2023-07-22,Hotels,254943.0,Saudi Central Bank (SAMA) weekly POS via KAPSARC Data Portal,REAL_OFFICIAL_AGGREGATE
2023-07-16,2023-07-22,Jewelry,176609.0,Saudi Central Bank (SAMA) weekly POS via KAPSARC Data Portal,REAL_OFFICIAL_AGGREGATE
2023-07-16,2023-07-22,Miscellaneous Goods and Services,1121659.0,Saudi Central Bank (SAMA) weekly POS via KAPSARC Data Portal,REAL_OFFICIAL_AGGREGATE
2023-07-16,2023-07-22,Other,1664628.0,Saudi Central Bank (SAMA) weekly POS via KAPSARC Data Portal,REAL_OFFICIAL_AGGREGATE
2023-07-16,2023-07-22,Public Utilities,99376.0,Saudi Central Bank (SAMA) weekly POS via KAPSARC Data Portal,REAL_OFFICIAL_AGGREGATE
2023-07-16,2023-07-22,Recreation and Culture,221527.0,Saudi Central Bank (SAMA) weekly POS via KAPSARC Data Portal,REAL_OFFICIAL_AGGREGATE
2023-07-16,2023-07-22,Restaurants & Café,1579839.0,Saudi Central Bank (SAMA) weekly POS via KAPSARC Data Portal,REAL_OFFICIAL_AGGREGATE
2023-07-16,2023-07-22,Telecommunication,74515.0,Saudi Central Bank (SAMA) weekly POS via KAPSARC Data Portal,REAL_OFFICIAL_AGGREGATE
2023-07-16,2023-07-22,Transportation,655320.0,Saudi Central Bank (SAMA) weekly POS via KAPSARC Data Portal,REAL_OFFICIAL_AGGREGATE
2023-07-23,2023-07-29,Beverage and Food,1945168.0,Saudi Central Bank (SAMA) weekly POS via KAPSARC Data Portal,REAL_OFFICIAL_AGGREGATE
2023-07-23,2023-07-29,Clothing and Footwear,714467.0,Saudi Central Bank (SAMA) weekly POS via KAPSARC Data Portal,REAL_OFFICIAL_AGGREGATE
2023-07-23,2023-07-29,Construction & Building Materials,328788.0,Saudi Central Bank (SAMA) weekly POS via KAPSARC Data Portal,REAL_OFFICIAL_AGGREGATE
2023-07-23,2023-07-29,Education,107369.0,Saudi Central Bank (SAMA) weekly POS via KAPSARC Data Portal,REAL_OFFICIAL_AGGREGATE
2023-07-23,2023-07-29,Electronic & Electric Devices,235399.0,Saudi Central Bank (SAMA) weekly POS via KAPSARC Data Portal,REAL_OFFICIAL_AGGREGATE
2023-07-23,2023-07-29,Furniture,274442.0,Saudi Central Bank (SAMA) weekly POS via KAPSARC Data Portal,REAL_OFFICIAL_AGGREGATE
2023-07-23,2023-07-29,Gas Stations,754561.0,Saudi Central Bank (SAMA) weekly POS via KAPSARC Data Portal,REAL_OFFICIAL_AGGREGATE
2023-07-23,2023-07-29,Health,781196.0,Saudi Central Bank (SAMA) weekly POS via KAPSARC Data Portal,REAL_OFFICIAL_AGGREGATE
2023-07-23,2023-07-29,Hotels,298321.0,Saudi Central Bank (SAMA) weekly POS via KAPSARC Data Portal,REAL_OFFICIAL_AGGREGATE
2023-07-23,2023-07-29,Jewelry,185579.0,Saudi Central Bank (SAMA) weekly POS via KAPSARC Data Portal,REAL_OFFICIAL_AGGREGATE
2023-07-23,2023-07-29,Miscellaneous Goods and Services,1317697.0,Saudi Central Bank (SAMA) weekly POS via KAPSARC Data Portal,REAL_OFFICIAL_AGGREGATE
2023-07-23,2023-07-29,Other,1989284.0,Saudi Central Bank (SAMA) weekly POS via KAPSARC Data Portal,REAL_OFFICIAL_AGGREGATE
2023-07-23,2023-07-29,Public Utilities,113366.0,Saudi Central Bank (SAMA) weekly POS via KAPSARC Data Portal,REAL_OFFICIAL_AGGREGATE
2023-07-23,2023-07-29,Recreation and Culture,265425.0,Saudi Central Bank (SAMA) weekly POS via KAPSARC Data Portal,REAL_OFFICIAL_AGGREGATE
2023-07-23,2023-07-29,Restaurants & Café,1755953.0,Saudi Central Bank (SAMA) weekly POS via KAPSARC Data Portal,REAL_OFFICIAL_AGGREGATE
2023-07-23,2023-07-29,Telecommunication,100047.0,Saudi Central Bank (SAMA) weekly POS via KAPSARC Data Portal,REAL_OFFICIAL_AGGREGATE
2023-07-23,2023-07-29,Transportation,750220.0,Saudi Central Bank (SAMA) weekly POS via KAPSARC Data Portal,REAL_OFFICIAL_AGGREGATE
2023-07-30,2023-08-05,Beverage and Food,1896056.0,Saudi Central Bank (SAMA) weekly POS via KAPSARC Data Portal,REAL_OFFICIAL_AGGREGATE
2023-07-30,2023-08-05,Clothing and Footwear,833357.0,Saudi Central Bank (SAMA) weekly POS via KAPSARC Data Portal,REAL_OFFICIAL_AGGREGATE
2023-07-30,2023-08-05,Construction & Building Materials,343434.0,Saudi Central Bank (SAMA) weekly POS via KAPSARC Data Portal,REAL_OFFICIAL_AGGREGATE
2023-07-30,2023-08-05,Education,184409.0,Saudi Central Bank (SAMA) weekly POS via KAPSARC Data Portal,REAL_OFFICIAL_AGGREGATE
2023-07-30,2023-08-05,Electronic & Electric Devices,246390.0,Saudi Central Bank (SAMA) weekly POS via KAPSARC Data Portal,REAL_OFFICIAL_AGGREGATE
2023-07-30,2023-08-05,Furniture,295542.0,Saudi Central Bank (SAMA) weekly POS via KAPSARC Data Portal,REAL_OFFICIAL_AGGREGATE
2023-07-30,2023-08-05,Gas Stations,780127.0,Saudi Central Bank (SAMA) weekly POS via KAPSARC Data Portal,REAL_OFFICIAL_AGGREGATE
2023-07-30,2023-08-05,Health,798563.0,Saudi Central Bank (SAMA) weekly POS via KAPSARC Data Portal,REAL_OFFICIAL_AGGREGATE
2023-07-30,2023-08-05,Hotels,356209.0,Saudi Central Bank (SAMA) weekly POS via KAPSARC Data Portal,REAL_OFFICIAL_AGGREGATE
2023-07-30,2023-08-05,Jewelry,219711.0,Saudi Central Bank (SAMA) weekly POS via KAPSARC Data Portal,REAL_OFFICIAL_AGGREGATE
2023-07-30,2023-08-05,Miscellaneous Goods and Services,1428443.0,Saudi Central Bank (SAMA) weekly POS via KAPSARC Data Portal,REAL_OFFICIAL_AGGREGATE
2023-07-30,2023-08-05,Other,2097341.0,Saudi Central Bank (SAMA) weekly POS via KAPSARC Data Portal,REAL_OFFICIAL_AGGREGATE
2023-07-30,2023-08-05,Public Utilities,114488.0,Saudi Central Bank (SAMA) weekly POS via KAPSARC Data Portal,REAL_OFFICIAL_AGGREGATE
2023-07-30,2023-08-05,Recreation and Culture,300937.0,Saudi Central Bank (SAMA) weekly POS via KAPSARC Data Portal,REAL_OFFICIAL_AGGREGATE
2023-07-30,2023-08-05,Restaurants & Café,1908749.0,Saudi Central Bank (SAMA) weekly POS via KAPSARC Data Portal,REAL_OFFICIAL_AGGREGATE
2023-07-30,2023-08-05,Telecommunication,102336.0,Saudi Central Bank (SAMA) weekly POS via KAPSARC Data Portal,REAL_OFFICIAL_AGGREGATE
2023-07-30,2023-08-05,Transportation,758623.0,Saudi Central Bank (SAMA) weekly POS via KAPSARC Data Portal,REAL_OFFICIAL_AGGREGATE
2023-08-06,2023-08-12,Beverage and Food,1739793.0,Saudi Central Bank (SAMA) weekly POS via KAPSARC Data Portal,REAL_OFFICIAL_AGGREGATE
2023-08-06,2023-08-12,Clothing and Footwear,822608.0,Saudi Central Bank (SAMA) weekly POS via KAPSARC Data Portal,REAL_OFFICIAL_AGGREGATE
2023-08-06,2023-08-12,Construction & Building Materials,328324.0,Saudi Central Bank (SAMA) weekly POS via KAPSARC Data Portal,REAL_OFFICIAL_AGGREGATE
2023-08-06,2023-08-12,Education,295901.0,Saudi Central Bank (SAMA) weekly POS via KAPSARC Data Portal,REAL_OFFICIAL_AGGREGATE
2023-08-06,2023-08-12,Electronic & Electric Devices,223099.0,Saudi Central Bank (SAMA) weekly POS via KAPSARC Data Portal,REAL_OFFICIAL_AGGREGATE
2023-08-06,2023-08-12,Furniture,272042.0,Saudi Central Bank (SAMA) weekly POS via KAPSARC Data Portal,REAL_OFFICIAL_AGGREGATE
2023-08-06,2023-08-12,Gas Stations,762199.0,Saudi Central Bank (SAMA) weekly POS via KAPSARC Data Portal,REAL_OFFICIAL_AGGREGATE
2023-08-06,2023-08-12,Health,743636.0,Saudi Central Bank (SAMA) weekly POS via KAPSARC Data Portal,REAL_OFFICIAL_AGGREGATE
2023-08-06,2023-08-12,Hotels,335924.0,Saudi Central Bank (SAMA) weekly POS via KAPSARC Data Portal,REAL_OFFICIAL_AGGREGATE
2023-08-06,2023-08-12,Jewelry,197470.0,Saudi Central Bank (SAMA) weekly POS via KAPSARC Data Portal,REAL_OFFICIAL_AGGREGATE
2023-08-06,2023-08-12,Miscellaneous Goods and Services,1301915.0,Saudi Central Bank (SAMA) weekly POS via KAPSARC Data Portal,REAL_OFFICIAL_AGGREGATE
2023-08-06,2023-08-12,Other,1946310.0,Saudi Central Bank (SAMA) weekly POS via KAPSARC Data Portal,REAL_OFFICIAL_AGGREGATE
2023-08-06,2023-08-12,Public Utilities,109274.0,Saudi Central Bank (SAMA) weekly POS via KAPSARC Data Portal,REAL_OFFICIAL_AGGREGATE
2023-08-06,2023-08-12,Recreation and Culture,279175.0,Saudi Central Bank (SAMA) weekly POS via KAPSARC Data Portal,REAL_OFFICIAL_AGGREGATE
2023-08-06,2023-08-12,Restaurants & Café,1813657.0,Saudi Central Bank (SAMA) weekly POS via KAPSARC Data Portal,REAL_OFFICIAL_AGGREGATE
2023-08-06,2023-08-12,Telecommunication,94343.0,Saudi Central Bank (SAMA) weekly POS via KAPSARC Data Portal,REAL_OFFICIAL_AGGREGATE
2023-08-06,2023-08-12,Transportation,703402.0,Saudi Central Bank (SAMA) weekly POS via KAPSARC Data Portal,REAL_OFFICIAL_AGGREGATE
2023-08-13,2023-08-19,Beverage and Food,1678827.0,Saudi Central Bank (SAMA) weekly POS via KAPSARC Data Portal,REAL_OFFICIAL_AGGREGATE
2023-08-13,2023-08-19,Clothing and Footwear,850786.0,Saudi Central Bank (SAMA) weekly POS via KAPSARC Data Portal,REAL_OFFICIAL_AGGREGATE
2023-08-13,2023-08-19,Construction & Building Materials,315008.0,Saudi Central Bank (SAMA) weekly POS via KAPSARC Data Portal,REAL_OFFICIAL_AGGREGATE
2023-08-13,2023-08-19,Education,875402.0,Saudi Central Bank (SAMA) weekly POS via KAPSARC Data Portal,REAL_OFFICIAL_AGGREGATE
2023-08-13,2023-08-19,Electronic & Electric Devices,219633.0,Saudi Central Bank (SAMA) weekly POS via KAPSARC Data Portal,REAL_OFFICIAL_AGGREGATE
2023-08-13,2023-08-19,Furniture,263803.0,Saudi Central Bank (SAMA) weekly POS via KAPSARC Data Portal,REAL_OFFICIAL_AGGREGATE
2023-08-13,2023-08-19,Gas Stations,729221.0,Saudi Central Bank (SAMA) weekly POS via KAPSARC Data Portal,REAL_OFFICIAL_AGGREGATE
2023-08-13,2023-08-19,Health,683766.0,Saudi Central Bank (SAMA) weekly POS via KAPSARC Data Portal,REAL_OFFICIAL_AGGREGATE
2023-08-13,2023-08-19,Hotels,272285.0,Saudi Central Bank (SAMA) weekly POS via KAPSARC Data Portal,REAL_OFFICIAL_AGGREGATE
2023-08-13,2023-08-19,Jewelry,185716.0,Saudi Central Bank (SAMA) weekly POS via KAPSARC Data Portal,REAL_OFFICIAL_AGGREGATE
2023-08-13,2023-08-19,Miscellaneous Goods and Services,1235825.0,Saudi Central Bank (SAMA) weekly POS via KAPSARC Data Portal,REAL_OFFICIAL_AGGREGATE
2023-08-13,2023-08-19,Other,1890771.0,Saudi Central Bank (SAMA) weekly POS via KAPSARC Data Portal,REAL_OFFICIAL_AGGREGATE
2023-08-13,2023-08-19,Public Utilities,105341.0,Saudi Central Bank (SAMA) weekly POS via KAPSARC Data Portal,REAL_OFFICIAL_AGGREGATE
2023-08-13,2023-08-19,Recreation and Culture,305519.0,Saudi Central Bank (SAMA) weekly POS via KAPSARC Data Portal,REAL_OFFICIAL_AGGREGATE
2023-08-13,2023-08-19,Restaurants & Café,1638677.0,Saudi Central Bank (SAMA) weekly POS via KAPSARC Data Portal,REAL_OFFICIAL_AGGREGATE
2023-08-13,2023-08-19,Telecommunication,84666.0,Saudi Central Bank (SAMA) weekly POS via KAPSARC Data Portal,REAL_OFFICIAL_AGGREGATE
2023-08-13,2023-08-19,Transportation,685402.0,Saudi Central Bank (SAMA) weekly POS via KAPSARC Data Portal,REAL_OFFICIAL_AGGREGATE
2023-08-20,2023-08-26,Beverage and Food,1723963.0,Saudi Central Bank (SAMA) weekly POS via KAPSARC Data Portal,REAL_OFFICIAL_AGGREGATE
2023-08-20,2023-08-26,Clothing and Footwear,602733.0,Saudi Central Bank (SAMA) weekly POS via KAPSARC Data Portal,REAL_OFFICIAL_AGGREGATE
2023-08-20,2023-08-26,Construction & Building Materials,309099.0,Saudi Central Bank (SAMA) weekly POS via KAPSARC Data Portal,REAL_OFFICIAL_AGGREGATE
2023-08-20,2023-08-26,Education,884071.0,Saudi Central Bank (SAMA) weekly POS via KAPSARC Data Portal,REAL_OFFICIAL_AGGREGATE
2023-08-20,2023-08-26,Electronic & Electric Devices,220520.0,Saudi Central Bank (SAMA) weekly POS via KAPSARC Data Portal,REAL_OFFICIAL_AGGREGATE
2023-08-20,2023-08-26,Furniture,241673.0,Saudi Central Bank (SAMA) weekly POS via KAPSARC Data Portal,REAL_OFFICIAL_AGGREGATE
2023-08-20,2023-08-26,Gas Stations,713996.0,Saudi Central Bank (SAMA) weekly POS via KAPSARC Data Portal,REAL_OFFICIAL_AGGREGATE
2023-08-20,2023-08-26,Health,666400.0,Saudi Central Bank (SAMA) weekly POS via KAPSARC Data Portal,REAL_OFFICIAL_AGGREGATE
2023-08-20,2023-08-26,Hotels,222721.0,Saudi Central Bank (SAMA) weekly POS via KAPSARC Data Portal,REAL_OFFICIAL_AGGREGATE
2023-08-20,2023-08-26,Jewelry,171337.0,Saudi Central Bank (SAMA) weekly POS via KAPSARC Data Portal,REAL_OFFICIAL_AGGREGATE
2023-08-20,2023-08-26,Miscellaneous Goods and Services,1174899.0,Saudi Central Bank (SAMA) weekly POS via KAPSARC Data Portal,REAL_OFFICIAL_AGGREGATE
2023-08-20,2023-08-26,Other,1768212.0,Saudi Central Bank (SAMA) weekly POS via KAPSARC Data Portal,REAL_OFFICIAL_AGGREGATE
2023-08-20,2023-08-26,Public Utilities,105167.0,Saudi Central Bank (SAMA) weekly POS via KAPSARC Data Portal,REAL_OFFICIAL_AGGREGATE
2023-08-20,2023-08-26,Recreation and Culture,310327.0,Saudi Central Bank (SAMA) weekly POS via KAPSARC Data Portal,REAL_OFFICIAL_AGGREGATE
2023-08-20,2023-08-26,Restaurants & Café,1505523.0,Saudi Central Bank (SAMA) weekly POS via KAPSARC Data Portal,REAL_OFFICIAL_AGGREGATE
2023-08-20,2023-08-26,Telecommunication,86651.0,Saudi Central Bank (SAMA) weekly POS via KAPSARC Data Portal,REAL_OFFICIAL_AGGREGATE
2023-08-20,2023-08-26,Transportation,660432.0,Saudi Central Bank (SAMA) weekly POS via KAPSARC Data Portal,REAL_OFFICIAL_AGGREGATE
2023-08-27,2023-09-02,Beverage and Food,2312939.0,Saudi Central Bank (SAMA) weekly POS via KAPSARC Data Portal,REAL_OFFICIAL_AGGREGATE
2023-08-27,2023-09-02,Clothing and Footwear,765950.0,Saudi Central Bank (SAMA) weekly POS via KAPSARC Data Portal,REAL_OFFICIAL_AGGREGATE
2023-08-27,2023-09-02,Construction & Building Materials,346511.0,Saudi Central Bank (SAMA) weekly POS via KAPSARC Data Portal,REAL_OFFICIAL_AGGREGATE
2023-08-27,2023-09-02,Education,620328.0,Saudi Central Bank (SAMA) weekly POS via KAPSARC Data Portal,REAL_OFFICIAL_AGGREGATE
2023-08-27,2023-09-02,Electronic & Electric Devices,258102.0,Saudi Central Bank (SAMA) weekly POS via KAPSARC Data Portal,REAL_OFFICIAL_AGGREGATE
2023-08-27,2023-09-02,Furniture,305921.0,Saudi Central Bank (SAMA) weekly POS via KAPSARC Data Portal,REAL_OFFICIAL_AGGREGATE
2023-08-27,2023-09-02,Gas Stations,870628.0,Saudi Central Bank (SAMA) weekly POS via KAPSARC Data Portal,REAL_OFFICIAL_AGGREGATE
2023-08-27,2023-09-02,Health,886942.0,Saudi Central Bank (SAMA) weekly POS via KAPSARC Data Portal,REAL_OFFICIAL_AGGREGATE
2023-08-27,2023-09-02,Hotels,240119.0,Saudi Central Bank (SAMA) weekly POS via KAPSARC Data Portal,REAL_OFFICIAL_AGGREGATE
2023-08-27,2023-09-02,Jewelry,199220.0,Saudi Central Bank (SAMA) weekly POS via KAPSARC Data Portal,REAL_OFFICIAL_AGGREGATE
2023-08-27,2023-09-02,Miscellaneous Goods and Services,1503555.0,Saudi Central Bank (SAMA) weekly POS via KAPSARC Data Portal,REAL_OFFICIAL_AGGREGATE
2023-08-27,2023-09-02,Other,2259820.0,Saudi Central Bank (SAMA) weekly POS via KAPSARC Data Portal,REAL_OFFICIAL_AGGREGATE
2023-08-27,2023-09-02,Public Utilities,130098.0,Saudi Central Bank (SAMA) weekly POS via KAPSARC Data Portal,REAL_OFFICIAL_AGGREGATE
2023-08-27,2023-09-02,Recreation and Culture,367515.0,Saudi Central Bank (SAMA) weekly POS via KAPSARC Data Portal,REAL_OFFICIAL_AGGREGATE
2023-08-27,2023-09-02,Restaurants & Café,1849344.0,Saudi Central Bank (SAMA) weekly POS via KAPSARC Data Portal,REAL_OFFICIAL_AGGREGATE
2023-08-27,2023-09-02,Telecommunication,119984.0,Saudi Central Bank (SAMA) weekly POS via KAPSARC Data Portal,REAL_OFFICIAL_AGGREGATE
2023-08-27,2023-09-02,Transportation,799342.0,Saudi Central Bank (SAMA) weekly POS via KAPSARC Data Portal,REAL_OFFICIAL_AGGREGATE
2023-09-03,2023-09-09,Beverage and Food,1779268.0,Saudi Central Bank (SAMA) weekly POS via KAPSARC Data Portal,REAL_OFFICIAL_AGGREGATE
2023-09-03,2023-09-09,Clothing and Footwear,601913.0,Saudi Central Bank (SAMA) weekly POS via KAPSARC Data Portal,REAL_OFFICIAL_AGGREGATE
2023-09-03,2023-09-09,Construction & Building Materials,322535.0,Saudi Central Bank (SAMA) weekly POS via KAPSARC Data Portal,REAL_OFFICIAL_AGGREGATE
2023-09-03,2023-09-09,Education,274830.0,Saudi Central Bank (SAMA) weekly POS via KAPSARC Data Portal,REAL_OFFICIAL_AGGREGATE
2023-09-03,2023-09-09,Electronic & Electric Devices,221109.0,Saudi Central Bank (SAMA) weekly POS via KAPSARC Data Portal,REAL_OFFICIAL_AGGREGATE
2023-09-03,2023-09-09,Furniture,279767.0,Saudi Central Bank (SAMA) weekly POS via KAPSARC Data Portal,REAL_OFFICIAL_AGGREGATE
2023-09-03,2023-09-09,Gas Stations,774976.0,Saudi Central Bank (SAMA) weekly POS via KAPSARC Data Portal,REAL_OFFICIAL_AGGREGATE
2023-09-03,2023-09-09,Health,775907.0,Saudi Central Bank (SAMA) weekly POS via KAPSARC Data Portal,REAL_OFFICIAL_AGGREGATE
2023-09-03,2023-09-09,Hotels,237942.0,Saudi Central Bank (SAMA) weekly POS via KAPSARC Data Portal,REAL_OFFICIAL_AGGREGATE
2023-09-03,2023-09-09,Jewelry,185095.0,Saudi Central Bank (SAMA) weekly POS via KAPSARC Data Portal,REAL_OFFICIAL_AGGREGATE
2023-09-03,2023-09-09,Miscellaneous Goods and Services,1274214.0,Saudi Central Bank (SAMA) weekly POS via KAPSARC Data Portal,REAL_OFFICIAL_AGGREGATE
2023-09-03,2023-09-09,Other,1822949.0,Saudi Central Bank (SAMA) weekly POS via KAPSARC Data Portal,REAL_OFFICIAL_AGGREGATE
2023-09-03,2023-09-09,Public Utilities,114311.0,Saudi Central Bank (SAMA) weekly POS via KAPSARC Data Portal,REAL_OFFICIAL_AGGREGATE
2023-09-03,2023-09-09,Recreation and Culture,280335.0,Saudi Central Bank (SAMA) weekly POS via KAPSARC Data Portal,REAL_OFFICIAL_AGGREGATE
2023-09-03,2023-09-09,Restaurants & Café,1655866.0,Saudi Central Bank (SAMA) weekly POS via KAPSARC Data Portal,REAL_OFFICIAL_AGGREGATE
2023-09-03,2023-09-09,Telecommunication,83449.0,Saudi Central Bank (SAMA) weekly POS via KAPSARC Data Portal,REAL_OFFICIAL_AGGREGATE
2023-09-03,2023-09-09,Transportation,642402.0,Saudi Central Bank (SAMA) weekly POS via KAPSARC Data Portal,REAL_OFFICIAL_AGGREGATE
2023-09-10,2023-09-16,Beverage and Food,1772520.0,Saudi Central Bank (SAMA) weekly POS via KAPSARC Data Portal,REAL_OFFICIAL_AGGREGATE
2023-09-10,2023-09-16,Clothing and Footwear,590726.0,Saudi Central Bank (SAMA) weekly POS via KAPSARC Data Portal,REAL_OFFICIAL_AGGREGATE
2023-09-10,2023-09-16,Construction & Building Materials,331803.0,Saudi Central Bank (SAMA) weekly POS via KAPSARC Data Portal,REAL_OFFICIAL_AGGREGATE
2023-09-10,2023-09-16,Education,155315.0,Saudi Central Bank (SAMA) weekly POS via KAPSARC Data Portal,REAL_OFFICIAL_AGGREGATE
2023-09-10,2023-09-16,Electronic & Electric Devices,222768.0,Saudi Central Bank (SAMA) weekly POS via KAPSARC Data Portal,REAL_OFFICIAL_AGGREGATE
2023-09-10,2023-09-16,Furniture,300442.0,Saudi Central Bank (SAMA) weekly POS via KAPSARC Data Portal,REAL_OFFICIAL_AGGREGATE
2023-09-10,2023-09-16,Gas Stations,781440.0,Saudi Central Bank (SAMA) weekly POS via KAPSARC Data Portal,REAL_OFFICIAL_AGGREGATE
2023-09-10,2023-09-16,Health,778491.0,Saudi Central Bank (SAMA) weekly POS via KAPSARC Data Portal,REAL_OFFICIAL_AGGREGATE
2023-09-10,2023-09-16,Hotels,243240.0,Saudi Central Bank (SAMA) weekly POS via KAPSARC Data Portal,REAL_OFFICIAL_AGGREGATE
2023-09-10,2023-09-16,Jewelry,184272.0,Saudi Central Bank (SAMA) weekly POS via KAPSARC Data Portal,REAL_OFFICIAL_AGGREGATE
2023-09-10,2023-09-16,Miscellaneous Goods and Services,1243583.0,Saudi Central Bank (SAMA) weekly POS via KAPSARC Data Portal,REAL_OFFICIAL_AGGREGATE
2023-09-10,2023-09-16,Other,1817761.0,Saudi Central Bank (SAMA) weekly POS via KAPSARC Data Portal,REAL_OFFICIAL_AGGREGATE
2023-09-10,2023-09-16,Public Utilities,114203.0,Saudi Central Bank (SAMA) weekly POS via KAPSARC Data Portal,REAL_OFFICIAL_AGGREGATE
2023-09-10,2023-09-16,Recreation and Culture,250479.0,Saudi Central Bank (SAMA) weekly POS via KAPSARC Data Portal,REAL_OFFICIAL_AGGREGATE
2023-09-10,2023-09-16,Restaurants & Café,1636248.0,Saudi Central Bank (SAMA) weekly POS via KAPSARC Data Portal,REAL_OFFICIAL_AGGREGATE
2023-09-10,2023-09-16,Telecommunication,82249.0,Saudi Central Bank (SAMA) weekly POS via KAPSARC Data Portal,REAL_OFFICIAL_AGGREGATE
2023-09-10,2023-09-16,Transportation,680572.0,Saudi Central Bank (SAMA) weekly POS via KAPSARC Data Portal,REAL_OFFICIAL_AGGREGATE
2023-09-17,2023-09-23,Beverage and Food,1568515.0,Saudi Central Bank (SAMA) weekly POS via KAPSARC Data Portal,REAL_OFFICIAL_AGGREGATE
2023-09-17,2023-09-23,Clothing and Footwear,633296.0,Saudi Central Bank (SAMA) weekly POS via KAPSARC Data Portal,REAL_OFFICIAL_AGGREGATE
2023-09-17,2023-09-23,Construction & Building Materials,328178.0,Saudi Central Bank (SAMA) weekly POS via KAPSARC Data Portal,REAL_OFFICIAL_AGGREGATE
2023-09-17,2023-09-23,Education,124529.0,Saudi Central Bank (SAMA) weekly POS via KAPSARC Data Portal,REAL_OFFICIAL_AGGREGATE
2023-09-17,2023-09-23,Electronic & Electric Devices,273688.0,Saudi Central Bank (SAMA) weekly POS via KAPSARC Data Portal,REAL_OFFICIAL_AGGREGATE
2023-09-17,2023-09-23,Furniture,322004.0,Saudi Central Bank (SAMA) weekly POS via KAPSARC Data Portal,REAL_OFFICIAL_AGGREGATE
2023-09-17,2023-09-23,Gas Stations,743365.0,Saudi Central Bank (SAMA) weekly POS via KAPSARC Data Portal,REAL_OFFICIAL_AGGREGATE
2023-09-17,2023-09-23,Health,730446.0,Saudi Central Bank (SAMA) weekly POS via KAPSARC Data Portal,REAL_OFFICIAL_AGGREGATE
2023-09-17,2023-09-23,Hotels,252371.0,Saudi Central Bank (SAMA) weekly POS via KAPSARC Data Portal,REAL_OFFICIAL_AGGREGATE
2023-09-17,2023-09-23,Jewelry,177324.0,Saudi Central Bank (SAMA) weekly POS via KAPSARC Data Portal,REAL_OFFICIAL_AGGREGATE
2023-09-17,2023-09-23,Miscellaneous Goods and Services,1195688.0,Saudi Central Bank (SAMA) weekly POS via KAPSARC Data Portal,REAL_OFFICIAL_AGGREGATE
2023-09-17,2023-09-23,Other,1764819.0,Saudi Central Bank (SAMA) weekly POS via KAPSARC Data Portal,REAL_OFFICIAL_AGGREGATE
2023-09-17,2023-09-23,Public Utilities,107752.0,Saudi Central Bank (SAMA) weekly POS via KAPSARC Data Portal,REAL_OFFICIAL_AGGREGATE
2023-09-17,2023-09-23,Recreation and Culture,260564.0,Saudi Central Bank (SAMA) weekly POS via KAPSARC Data Portal,REAL_OFFICIAL_AGGREGATE
2023-09-17,2023-09-23,Restaurants & Café,1638499.0,Saudi Central Bank (SAMA) weekly POS via KAPSARC Data Portal,REAL_OFFICIAL_AGGREGATE
2023-09-17,2023-09-23,Telecommunication,81217.0,Saudi Central Bank (SAMA) weekly POS via KAPSARC Data Portal,REAL_OFFICIAL_AGGREGATE
2023-09-17,2023-09-23,Transportation,666909.0,Saudi Central Bank (SAMA) weekly POS via KAPSARC Data Portal,REAL_OFFICIAL_AGGREGATE
2023-09-24,2023-09-30,Beverage and Food,2285797.0,Saudi Central Bank (SAMA) weekly POS via KAPSARC Data Portal,REAL_OFFICIAL_AGGREGATE
2023-09-24,2023-09-30,Clothing and Footwear,769004.0,Saudi Central Bank (SAMA) weekly POS via KAPSARC Data Portal,REAL_OFFICIAL_AGGREGATE
2023-09-24,2023-09-30,Construction & Building Materials,409961.0,Saudi Central Bank (SAMA) weekly POS via KAPSARC Data Portal,REAL_OFFICIAL_AGGREGATE
2023-09-24,2023-09-30,Education,145624.0,Saudi Central Bank (SAMA) weekly POS via KAPSARC Data Portal,REAL_OFFICIAL_AGGREGATE
2023-09-24,2023-09-30,Electronic & Electric Devices,314617.0,Saudi Central Bank (SAMA) weekly POS via KAPSARC Data Portal,REAL_OFFICIAL_AGGREGATE
2023-09-24,2023-09-30,Furniture,407645.0,Saudi Central Bank (SAMA) weekly POS via KAPSARC Data Portal,REAL_OFFICIAL_AGGREGATE
2023-09-24,2023-09-30,Gas Stations,831598.0,Saudi Central Bank (SAMA) weekly POS via KAPSARC Data Portal,REAL_OFFICIAL_AGGREGATE
2023-09-24,2023-09-30,Health,976856.0,Saudi Central Bank (SAMA) weekly POS via KAPSARC Data Portal,REAL_OFFICIAL_AGGREGATE
2023-09-24,2023-09-30,Hotels,261534.0,Saudi Central Bank (SAMA) weekly POS via KAPSARC Data Portal,REAL_OFFICIAL_AGGREGATE
2023-09-24,2023-09-30,Jewelry,260407.0,Saudi Central Bank (SAMA) weekly POS via KAPSARC Data Portal,REAL_OFFICIAL_AGGREGATE
2023-09-24,2023-09-30,Miscellaneous Goods and Services,1566230.0,Saudi Central Bank (SAMA) weekly POS via KAPSARC Data Portal,REAL_OFFICIAL_AGGREGATE
2023-09-24,2023-09-30,Other,2218776.0,Saudi Central Bank (SAMA) weekly POS via KAPSARC Data Portal,REAL_OFFICIAL_AGGREGATE
2023-09-24,2023-09-30,Public Utilities,128476.0,Saudi Central Bank (SAMA) weekly POS via KAPSARC Data Portal,REAL_OFFICIAL_AGGREGATE
2023-09-24,2023-09-30,Recreation and Culture,327403.0,Saudi Central Bank (SAMA) weekly POS via KAPSARC Data Portal,REAL_OFFICIAL_AGGREGATE
2023-09-24,2023-09-30,Restaurants & Café,1807176.0,Saudi Central Bank (SAMA) weekly POS via KAPSARC Data Portal,REAL_OFFICIAL_AGGREGATE
2023-09-24,2023-09-30,Telecommunication,126110.0,Saudi Central Bank (SAMA) weekly POS via KAPSARC Data Portal,REAL_OFFICIAL_AGGREGATE
2023-09-24,2023-09-30,Transportation,787360.0,Saudi Central Bank (SAMA) weekly POS via KAPSARC Data Portal,REAL_OFFICIAL_AGGREGATE
2023-10-01,2023-10-07,Beverage and Food,2004231.0,Saudi Central Bank (SAMA) weekly POS via KAPSARC Data Portal,REAL_OFFICIAL_AGGREGATE
2023-10-01,2023-10-07,Clothing and Footwear,659424.0,Saudi Central Bank (SAMA) weekly POS via KAPSARC Data Portal,REAL_OFFICIAL_AGGREGATE
2023-10-01,2023-10-07,Construction & Building Materials,354292.0,Saudi Central Bank (SAMA) weekly POS via KAPSARC Data Portal,REAL_OFFICIAL_AGGREGATE
2023-10-01,2023-10-07,Education,161764.0,Saudi Central Bank (SAMA) weekly POS via KAPSARC Data Portal,REAL_OFFICIAL_AGGREGATE
2023-10-01,2023-10-07,Electronic & Electric Devices,233215.0,Saudi Central Bank (SAMA) weekly POS via KAPSARC Data Portal,REAL_OFFICIAL_AGGREGATE
2023-10-01,2023-10-07,Furniture,290465.0,Saudi Central Bank (SAMA) weekly POS via KAPSARC Data Portal,REAL_OFFICIAL_AGGREGATE
2023-10-01,2023-10-07,Gas Stations,791269.0,Saudi Central Bank (SAMA) weekly POS via KAPSARC Data Portal,REAL_OFFICIAL_AGGREGATE
2023-10-01,2023-10-07,Health,830467.0,Saudi Central Bank (SAMA) weekly POS via KAPSARC Data Portal,REAL_OFFICIAL_AGGREGATE
2023-10-01,2023-10-07,Hotels,257468.0,Saudi Central Bank (SAMA) weekly POS via KAPSARC Data Portal,REAL_OFFICIAL_AGGREGATE
2023-10-01,2023-10-07,Jewelry,338654.0,Saudi Central Bank (SAMA) weekly POS via KAPSARC Data Portal,REAL_OFFICIAL_AGGREGATE
2023-10-01,2023-10-07,Miscellaneous Goods and Services,1423690.0,Saudi Central Bank (SAMA) weekly POS via KAPSARC Data Portal,REAL_OFFICIAL_AGGREGATE
2023-10-01,2023-10-07,Other,1813018.0,Saudi Central Bank (SAMA) weekly POS via KAPSARC Data Portal,REAL_OFFICIAL_AGGREGATE
2023-10-01,2023-10-07,Public Utilities,124728.0,Saudi Central Bank (SAMA) weekly POS via KAPSARC Data Portal,REAL_OFFICIAL_AGGREGATE
2023-10-01,2023-10-07,Recreation and Culture,307118.0,Saudi Central Bank (SAMA) weekly POS via KAPSARC Data Portal,REAL_OFFICIAL_AGGREGATE
2023-10-01,2023-10-07,Restaurants & Café,1751079.0,Saudi Central Bank (SAMA) weekly POS via KAPSARC Data Portal,REAL_OFFICIAL_AGGREGATE
2023-10-01,2023-10-07,Telecommunication,112244.0,Saudi Central Bank (SAMA) weekly POS via KAPSARC Data Portal,REAL_OFFICIAL_AGGREGATE
2023-10-01,2023-10-07,Transportation,692420.0,Saudi Central Bank (SAMA) weekly POS via KAPSARC Data Portal,REAL_OFFICIAL_AGGREGATE
2023-10-08,2023-10-14,Beverage and Food,1833899.0,Saudi Central Bank (SAMA) weekly POS via KAPSARC Data Portal,REAL_OFFICIAL_AGGREGATE
2023-10-08,2023-10-14,Clothing and Footwear,587692.0,Saudi Central Bank (SAMA) weekly POS via KAPSARC Data Portal,REAL_OFFICIAL_AGGREGATE
2023-10-08,2023-10-14,Construction & Building Materials,338760.0,Saudi Central Bank (SAMA) weekly POS via KAPSARC Data Portal,REAL_OFFICIAL_AGGREGATE
2023-10-08,2023-10-14,Education,104978.0,Saudi Central Bank (SAMA) weekly POS via KAPSARC Data Portal,REAL_OFFICIAL_AGGREGATE
2023-10-08,2023-10-14,Electronic & Electric Devices,208939.0,Saudi Central Bank (SAMA) weekly POS via KAPSARC Data Portal,REAL_OFFICIAL_AGGREGATE
2023-10-08,2023-10-14,Furniture,261964.0,Saudi Central Bank (SAMA) weekly POS via KAPSARC Data Portal,REAL_OFFICIAL_AGGREGATE
2023-10-08,2023-10-14,Gas Stations,778294.0,Saudi Central Bank (SAMA) weekly POS via KAPSARC Data Portal,REAL_OFFICIAL_AGGREGATE
2023-10-08,2023-10-14,Health,777856.0,Saudi Central Bank (SAMA) weekly POS via KAPSARC Data Portal,REAL_OFFICIAL_AGGREGATE
2023-10-08,2023-10-14,Hotels,253489.0,Saudi Central Bank (SAMA) weekly POS via KAPSARC Data Portal,REAL_OFFICIAL_AGGREGATE
2023-10-08,2023-10-14,Jewelry,253313.0,Saudi Central Bank (SAMA) weekly POS via KAPSARC Data Portal,REAL_OFFICIAL_AGGREGATE
2023-10-08,2023-10-14,Miscellaneous Goods and Services,1267106.0,Saudi Central Bank (SAMA) weekly POS via KAPSARC Data Portal,REAL_OFFICIAL_AGGREGATE
2023-10-08,2023-10-14,Other,1632938.0,Saudi Central Bank (SAMA) weekly POS via KAPSARC Data Portal,REAL_OFFICIAL_AGGREGATE
2023-10-08,2023-10-14,Public Utilities,119489.0,Saudi Central Bank (SAMA) weekly POS via KAPSARC Data Portal,REAL_OFFICIAL_AGGREGATE
2023-10-08,2023-10-14,Recreation and Culture,263519.0,Saudi Central Bank (SAMA) weekly POS via KAPSARC Data Portal,REAL_OFFICIAL_AGGREGATE
2023-10-08,2023-10-14,Restaurants & Café,1686652.0,Saudi Central Bank (SAMA) weekly POS via KAPSARC Data Portal,REAL_OFFICIAL_AGGREGATE
2023-10-08,2023-10-14,Telecommunication,100005.0,Saudi Central Bank (SAMA) weekly POS via KAPSARC Data Portal,REAL_OFFICIAL_AGGREGATE
2023-10-08,2023-10-14,Transportation,677825.0,Saudi Central Bank (SAMA) weekly POS via KAPSARC Data Portal,REAL_OFFICIAL_AGGREGATE
2023-10-15,2023-10-21,Beverage and Food,1657085.0,Saudi Central Bank (SAMA) weekly POS via KAPSARC Data Portal,REAL_OFFICIAL_AGGREGATE
2023-10-15,2023-10-21,Clothing and Footwear,537346.0,Saudi Central Bank (SAMA) weekly POS via KAPSARC Data Portal,REAL_OFFICIAL_AGGREGATE
2023-10-15,2023-10-21,Construction & Building Materials,325295.0,Saudi Central Bank (SAMA) weekly POS via KAPSARC Data Portal,REAL_OFFICIAL_AGGREGATE
2023-10-15,2023-10-21,Education,82288.0,Saudi Central Bank (SAMA) weekly POS via KAPSARC Data Portal,REAL_OFFICIAL_AGGREGATE
2023-10-15,2023-10-21,Electronic & Electric Devices,192613.0,Saudi Central Bank (SAMA) weekly POS via KAPSARC Data Portal,REAL_OFFICIAL_AGGREGATE
2023-10-15,2023-10-21,Furniture,239244.0,Saudi Central Bank (SAMA) weekly POS via KAPSARC Data Portal,REAL_OFFICIAL_AGGREGATE
2023-10-15,2023-10-21,Gas Stations,711827.0,Saudi Central Bank (SAMA) weekly POS via KAPSARC Data Portal,REAL_OFFICIAL_AGGREGATE
2023-10-15,2023-10-21,Health,703279.0,Saudi Central Bank (SAMA) weekly POS via KAPSARC Data Portal,REAL_OFFICIAL_AGGREGATE
2023-10-15,2023-10-21,Hotels,265073.0,Saudi Central Bank (SAMA) weekly POS via KAPSARC Data Portal,REAL_OFFICIAL_AGGREGATE
2023-10-15,2023-10-21,Jewelry,174234.0,Saudi Central Bank (SAMA) weekly POS via KAPSARC Data Portal,REAL_OFFICIAL_AGGREGATE
2023-10-15,2023-10-21,Miscellaneous Goods and Services,1130507.0,Saudi Central Bank (SAMA) weekly POS via KAPSARC Data Portal,REAL_OFFICIAL_AGGREGATE
2023-10-15,2023-10-21,Other,1465922.0,Saudi Central Bank (SAMA) weekly POS via KAPSARC Data Portal,REAL_OFFICIAL_AGGREGATE
2023-10-15,2023-10-21,Public Utilities,106712.0,Saudi Central Bank (SAMA) weekly POS via KAPSARC Data Portal,REAL_OFFICIAL_AGGREGATE
2023-10-15,2023-10-21,Recreation and Culture,225453.0,Saudi Central Bank (SAMA) weekly POS via KAPSARC Data Portal,REAL_OFFICIAL_AGGREGATE
2023-10-15,2023-10-21,Restaurants & Café,1529958.0,Saudi Central Bank (SAMA) weekly POS via KAPSARC Data Portal,REAL_OFFICIAL_AGGREGATE
2023-10-15,2023-10-21,Telecommunication,83530.0,Saudi Central Bank (SAMA) weekly POS via KAPSARC Data Portal,REAL_OFFICIAL_AGGREGATE
2023-10-15,2023-10-21,Transportation,626193.0,Saudi Central Bank (SAMA) weekly POS via KAPSARC Data Portal,REAL_OFFICIAL_AGGREGATE
2023-10-22,2023-10-28,Beverage and Food,2141697.0,Saudi Central Bank (SAMA) weekly POS via KAPSARC Data Portal,REAL_OFFICIAL_AGGREGATE
2023-10-22,2023-10-28,Clothing and Footwear,741997.0,Saudi Central Bank (SAMA) weekly POS via KAPSARC Data Portal,REAL_OFFICIAL_AGGREGATE
2023-10-22,2023-10-28,Construction & Building Materials,345855.0,Saudi Central Bank (SAMA) weekly POS via KAPSARC Data Portal,REAL_OFFICIAL_AGGREGATE
2023-10-22,2023-10-28,Education,107340.0,Saudi Central Bank (SAMA) weekly POS via KAPSARC Data Portal,REAL_OFFICIAL_AGGREGATE
2023-10-22,2023-10-28,Electronic & Electric Devices,229414.0,Saudi Central Bank (SAMA) weekly POS via KAPSARC Data Portal,REAL_OFFICIAL_AGGREGATE
2023-10-22,2023-10-28,Furniture,278813.0,Saudi Central Bank (SAMA) weekly POS via KAPSARC Data Portal,REAL_OFFICIAL_AGGREGATE
2023-10-22,2023-10-28,Gas Stations,817008.0,Saudi Central Bank (SAMA) weekly POS via KAPSARC Data Portal,REAL_OFFICIAL_AGGREGATE
2023-10-22,2023-10-28,Health,804938.0,Saudi Central Bank (SAMA) weekly POS via KAPSARC Data Portal,REAL_OFFICIAL_AGGREGATE
2023-10-22,2023-10-28,Hotels,311182.0,Saudi Central Bank (SAMA) weekly POS via KAPSARC Data Portal,REAL_OFFICIAL_AGGREGATE
2023-10-22,2023-10-28,Jewelry,182485.0,Saudi Central Bank (SAMA) weekly POS via KAPSARC Data Portal,REAL_OFFICIAL_AGGREGATE
2023-10-22,2023-10-28,Miscellaneous Goods and Services,1362971.0,Saudi Central Bank (SAMA) weekly POS via KAPSARC Data Portal,REAL_OFFICIAL_AGGREGATE
2023-10-22,2023-10-28,Other,1891557.0,Saudi Central Bank (SAMA) weekly POS via KAPSARC Data Portal,REAL_OFFICIAL_AGGREGATE
2023-10-22,2023-10-28,Public Utilities,124108.0,Saudi Central Bank (SAMA) weekly POS via KAPSARC Data Portal,REAL_OFFICIAL_AGGREGATE
2023-10-22,2023-10-28,Recreation and Culture,259789.0,Saudi Central Bank (SAMA) weekly POS via KAPSARC Data Portal,REAL_OFFICIAL_AGGREGATE
2023-10-22,2023-10-28,Restaurants & Café,1804435.0,Saudi Central Bank (SAMA) weekly POS via KAPSARC Data Portal,REAL_OFFICIAL_AGGREGATE
2023-10-22,2023-10-28,Telecommunication,108949.0,Saudi Central Bank (SAMA) weekly POS via KAPSARC Data Portal,REAL_OFFICIAL_AGGREGATE
2023-10-22,2023-10-28,Transportation,789379.0,Saudi Central Bank (SAMA) weekly POS via KAPSARC Data Portal,REAL_OFFICIAL_AGGREGATE
2023-10-29,2023-11-04,Beverage and Food,2070456.0,Saudi Central Bank (SAMA) weekly POS via KAPSARC Data Portal,REAL_OFFICIAL_AGGREGATE
2023-10-29,2023-11-04,Clothing and Footwear,848197.0,Saudi Central Bank (SAMA) weekly POS via KAPSARC Data Portal,REAL_OFFICIAL_AGGREGATE
2023-10-29,2023-11-04,Construction & Building Materials,359401.0,Saudi Central Bank (SAMA) weekly POS via KAPSARC Data Portal,REAL_OFFICIAL_AGGREGATE
2023-10-29,2023-11-04,Education,144745.0,Saudi Central Bank (SAMA) weekly POS via KAPSARC Data Portal,REAL_OFFICIAL_AGGREGATE
2023-10-29,2023-11-04,Electronic & Electric Devices,244948.0,Saudi Central Bank (SAMA) weekly POS via KAPSARC Data Portal,REAL_OFFICIAL_AGGREGATE
2023-10-29,2023-11-04,Furniture,305502.0,Saudi Central Bank (SAMA) weekly POS via KAPSARC Data Portal,REAL_OFFICIAL_AGGREGATE
2023-10-29,2023-11-04,Gas Stations,825114.0,Saudi Central Bank (SAMA) weekly POS via KAPSARC Data Portal,REAL_OFFICIAL_AGGREGATE
2023-10-29,2023-11-04,Health,812987.0,Saudi Central Bank (SAMA) weekly POS via KAPSARC Data Portal,REAL_OFFICIAL_AGGREGATE
2023-10-29,2023-11-04,Hotels,297207.0,Saudi Central Bank (SAMA) weekly POS via KAPSARC Data Portal,REAL_OFFICIAL_AGGREGATE
2023-10-29,2023-11-04,Jewelry,205052.0,Saudi Central Bank (SAMA) weekly POS via KAPSARC Data Portal,REAL_OFFICIAL_AGGREGATE
2023-10-29,2023-11-04,Miscellaneous Goods and Services,1493668.0,Saudi Central Bank (SAMA) weekly POS via KAPSARC Data Portal,REAL_OFFICIAL_AGGREGATE
2023-10-29,2023-11-04,Other,1964644.0,Saudi Central Bank (SAMA) weekly POS via KAPSARC Data Portal,REAL_OFFICIAL_AGGREGATE
2023-10-29,2023-11-04,Public Utilities,129196.0,Saudi Central Bank (SAMA) weekly POS via KAPSARC Data Portal,REAL_OFFICIAL_AGGREGATE
2023-10-29,2023-11-04,Recreation and Culture,301053.0,Saudi Central Bank (SAMA) weekly POS via KAPSARC Data Portal,REAL_OFFICIAL_AGGREGATE
2023-10-29,2023-11-04,Restaurants & Café,1917441.0,Saudi Central Bank (SAMA) weekly POS via KAPSARC Data Portal,REAL_OFFICIAL_AGGREGATE
2023-10-29,2023-11-04,Telecommunication,109563.0,Saudi Central Bank (SAMA) weekly POS via KAPSARC Data Portal,REAL_OFFICIAL_AGGREGATE
2023-10-29,2023-11-04,Transportation,750624.0,Saudi Central Bank (SAMA) weekly POS via KAPSARC Data Portal,REAL_OFFICIAL_AGGREGATE
2023-11-05,2023-11-11,Beverage and Food,1821217.0,Saudi Central Bank (SAMA) weekly POS via KAPSARC Data Portal,REAL_OFFICIAL_AGGREGATE
2023-11-05,2023-11-11,Clothing and Footwear,723266.0,Saudi Central Bank (SAMA) weekly POS via KAPSARC Data Portal,REAL_OFFICIAL_AGGREGATE
2023-11-05,2023-11-11,Construction & Building Materials,352081.0,Saudi Central Bank (SAMA) weekly POS via KAPSARC Data Portal,REAL_OFFICIAL_AGGREGATE
2023-11-05,2023-11-11,Education,133778.0,Saudi Central Bank (SAMA) weekly POS via KAPSARC Data Portal,REAL_OFFICIAL_AGGREGATE
2023-11-05,2023-11-11,Electronic & Electric Devices,222359.0,Saudi Central Bank (SAMA) weekly POS via KAPSARC Data Portal,REAL_OFFICIAL_AGGREGATE
2023-11-05,2023-11-11,Furniture,278036.0,Saudi Central Bank (SAMA) weekly POS via KAPSARC Data Portal,REAL_OFFICIAL_AGGREGATE
2023-11-05,2023-11-11,Gas Stations,765171.0,Saudi Central Bank (SAMA) weekly POS via KAPSARC Data Portal,REAL_OFFICIAL_AGGREGATE
2023-11-05,2023-11-11,Health,744996.0,Saudi Central Bank (SAMA) weekly POS via KAPSARC Data Portal,REAL_OFFICIAL_AGGREGATE
2023-11-05,2023-11-11,Hotels,254455.0,Saudi Central Bank (SAMA) weekly POS via KAPSARC Data Portal,REAL_OFFICIAL_AGGREGATE
2023-11-05,2023-11-11,Jewelry,192350.0,Saudi Central Bank (SAMA) weekly POS via KAPSARC Data Portal,REAL_OFFICIAL_AGGREGATE
2023-11-05,2023-11-11,Miscellaneous Goods and Services,1342001.0,Saudi Central Bank (SAMA) weekly POS via KAPSARC Data Portal,REAL_OFFICIAL_AGGREGATE
2023-11-05,2023-11-11,Other,1735109.0,Saudi Central Bank (SAMA) weekly POS via KAPSARC Data Portal,REAL_OFFICIAL_AGGREGATE
2023-11-05,2023-11-11,Public Utilities,117909.0,Saudi Central Bank (SAMA) weekly POS via KAPSARC Data Portal,REAL_OFFICIAL_AGGREGATE
2023-11-05,2023-11-11,Recreation and Culture,277380.0,Saudi Central Bank (SAMA) weekly POS via KAPSARC Data Portal,REAL_OFFICIAL_AGGREGATE
2023-11-05,2023-11-11,Restaurants & Café,1748604.0,Saudi Central Bank (SAMA) weekly POS via KAPSARC Data Portal,REAL_OFFICIAL_AGGREGATE
2023-11-05,2023-11-11,Telecommunication,110844.0,Saudi Central Bank (SAMA) weekly POS via KAPSARC Data Portal,REAL_OFFICIAL_AGGREGATE
2023-11-05,2023-11-11,Transportation,680553.0,Saudi Central Bank (SAMA) weekly POS via KAPSARC Data Portal,REAL_OFFICIAL_AGGREGATE
2023-11-12,2023-11-18,Beverage and Food,1647870.0,Saudi Central Bank (SAMA) weekly POS via KAPSARC Data Portal,REAL_OFFICIAL_AGGREGATE
2023-11-12,2023-11-18,Clothing and Footwear,735381.0,Saudi Central Bank (SAMA) weekly POS via KAPSARC Data Portal,REAL_OFFICIAL_AGGREGATE
2023-11-12,2023-11-18,Construction & Building Materials,340809.0,Saudi Central Bank (SAMA) weekly POS via KAPSARC Data Portal,REAL_OFFICIAL_AGGREGATE
2023-11-12,2023-11-18,Education,137179.0,Saudi Central Bank (SAMA) weekly POS via KAPSARC Data Portal,REAL_OFFICIAL_AGGREGATE
2023-11-12,2023-11-18,Electronic & Electric Devices,209532.0,Saudi Central Bank (SAMA) weekly POS via KAPSARC Data Portal,REAL_OFFICIAL_AGGREGATE
2023-11-12,2023-11-18,Furniture,273361.0,Saudi Central Bank (SAMA) weekly POS via KAPSARC Data Portal,REAL_OFFICIAL_AGGREGATE
2023-11-12,2023-11-18,Gas Stations,776542.0,Saudi Central Bank (SAMA) weekly POS via KAPSARC Data Portal,REAL_OFFICIAL_AGGREGATE
2023-11-12,2023-11-18,Health,681628.0,Saudi Central Bank (SAMA) weekly POS via KAPSARC Data Portal,REAL_OFFICIAL_AGGREGATE
2023-11-12,2023-11-18,Hotels,348688.0,Saudi Central Bank (SAMA) weekly POS via KAPSARC Data Portal,REAL_OFFICIAL_AGGREGATE
2023-11-12,2023-11-18,Jewelry,191069.0,Saudi Central Bank (SAMA) weekly POS via KAPSARC Data Portal,REAL_OFFICIAL_AGGREGATE
2023-11-12,2023-11-18,Miscellaneous Goods and Services,1308206.0,Saudi Central Bank (SAMA) weekly POS via KAPSARC Data Portal,REAL_OFFICIAL_AGGREGATE
2023-11-12,2023-11-18,Other,1687863.0,Saudi Central Bank (SAMA) weekly POS via KAPSARC Data Portal,REAL_OFFICIAL_AGGREGATE
2023-11-12,2023-11-18,Public Utilities,114275.0,Saudi Central Bank (SAMA) weekly POS via KAPSARC Data Portal,REAL_OFFICIAL_AGGREGATE
2023-11-12,2023-11-18,Recreation and Culture,272604.0,Saudi Central Bank (SAMA) weekly POS via KAPSARC Data Portal,REAL_OFFICIAL_AGGREGATE
2023-11-12,2023-11-18,Restaurants & Café,1756779.0,Saudi Central Bank (SAMA) weekly POS via KAPSARC Data Portal,REAL_OFFICIAL_AGGREGATE
2023-11-12,2023-11-18,Telecommunication,90783.0,Saudi Central Bank (SAMA) weekly POS via KAPSARC Data Portal,REAL_OFFICIAL_AGGREGATE
2023-11-12,2023-11-18,Transportation,698869.0,Saudi Central Bank (SAMA) weekly POS via KAPSARC Data Portal,REAL_OFFICIAL_AGGREGATE
2023-11-19,2023-11-25,Beverage and Food,1596853.0,Saudi Central Bank (SAMA) weekly POS via KAPSARC Data Portal,REAL_OFFICIAL_AGGREGATE
2023-11-19,2023-11-25,Clothing and Footwear,849552.0,Saudi Central Bank (SAMA) weekly POS via KAPSARC Data Portal,REAL_OFFICIAL_AGGREGATE
2023-11-19,2023-11-25,Construction & Building Materials,327733.0,Saudi Central Bank (SAMA) weekly POS via KAPSARC Data Portal,REAL_OFFICIAL_AGGREGATE
2023-11-19,2023-11-25,Education,67888.0,Saudi Central Bank (SAMA) weekly POS via KAPSARC Data Portal,REAL_OFFICIAL_AGGREGATE
2023-11-19,2023-11-25,Electronic & Electric Devices,216151.0,Saudi Central Bank (SAMA) weekly POS via KAPSARC Data Portal,REAL_OFFICIAL_AGGREGATE
2023-11-19,2023-11-25,Furniture,292921.0,Saudi Central Bank (SAMA) weekly POS via KAPSARC Data Portal,REAL_OFFICIAL_AGGREGATE
2023-11-19,2023-11-25,Gas Stations,731626.0,Saudi Central Bank (SAMA) weekly POS via KAPSARC Data Portal,REAL_OFFICIAL_AGGREGATE
2023-11-19,2023-11-25,Health,633053.0,Saudi Central Bank (SAMA) weekly POS via KAPSARC Data Portal,REAL_OFFICIAL_AGGREGATE
2023-11-19,2023-11-25,Hotels,398566.0,Saudi Central Bank (SAMA) weekly POS via KAPSARC Data Portal,REAL_OFFICIAL_AGGREGATE
2023-11-19,2023-11-25,Jewelry,185735.0,Saudi Central Bank (SAMA) weekly POS via KAPSARC Data Portal,REAL_OFFICIAL_AGGREGATE
2023-11-19,2023-11-25,Miscellaneous Goods and Services,1281501.0,Saudi Central Bank (SAMA) weekly POS via KAPSARC Data Portal,REAL_OFFICIAL_AGGREGATE
2023-11-19,2023-11-25,Other,1710580.0,Saudi Central Bank (SAMA) weekly POS via KAPSARC Data Portal,REAL_OFFICIAL_AGGREGATE
2023-11-19,2023-11-25,Public Utilities,109990.0,Saudi Central Bank (SAMA) weekly POS via KAPSARC Data Portal,REAL_OFFICIAL_AGGREGATE
2023-11-19,2023-11-25,Recreation and Culture,305888.0,Saudi Central Bank (SAMA) weekly POS via KAPSARC Data Portal,REAL_OFFICIAL_AGGREGATE
2023-11-19,2023-11-25,Restaurants & Café,1791217.0,Saudi Central Bank (SAMA) weekly POS via KAPSARC Data Portal,REAL_OFFICIAL_AGGREGATE
2023-11-19,2023-11-25,Telecommunication,89971.0,Saudi Central Bank (SAMA) weekly POS via KAPSARC Data Portal,REAL_OFFICIAL_AGGREGATE
2023-11-19,2023-11-25,Transportation,658619.0,Saudi Central Bank (SAMA) weekly POS via KAPSARC Data Portal,REAL_OFFICIAL_AGGREGATE
2023-11-26,2023-12-02,Beverage and Food,2459840.0,Saudi Central Bank (SAMA) weekly POS via KAPSARC Data Portal,REAL_OFFICIAL_AGGREGATE
2023-11-26,2023-12-02,Clothing and Footwear,1104885.0,Saudi Central Bank (SAMA) weekly POS via KAPSARC Data Portal,REAL_OFFICIAL_AGGREGATE
2023-11-26,2023-12-02,Construction & Building Materials,393073.0,Saudi Central Bank (SAMA) weekly POS via KAPSARC Data Portal,REAL_OFFICIAL_AGGREGATE
2023-11-26,2023-12-02,Education,361699.0,Saudi Central Bank (SAMA) weekly POS via KAPSARC Data Portal,REAL_OFFICIAL_AGGREGATE
2023-11-26,2023-12-02,Electronic & Electric Devices,274008.0,Saudi Central Bank (SAMA) weekly POS via KAPSARC Data Portal,REAL_OFFICIAL_AGGREGATE
2023-11-26,2023-12-02,Furniture,378681.0,Saudi Central Bank (SAMA) weekly POS via KAPSARC Data Portal,REAL_OFFICIAL_AGGREGATE
2023-11-26,2023-12-02,Gas Stations,873171.0,Saudi Central Bank (SAMA) weekly POS via KAPSARC Data Portal,REAL_OFFICIAL_AGGREGATE
2023-11-26,2023-12-02,Health,900845.0,Saudi Central Bank (SAMA) weekly POS via KAPSARC Data Portal,REAL_OFFICIAL_AGGREGATE
2023-11-26,2023-12-02,Hotels,322139.0,Saudi Central Bank (SAMA) weekly POS via KAPSARC Data Portal,REAL_OFFICIAL_AGGREGATE
2023-11-26,2023-12-02,Jewelry,200146.0,Saudi Central Bank (SAMA) weekly POS via KAPSARC Data Portal,REAL_OFFICIAL_AGGREGATE
2023-11-26,2023-12-02,Miscellaneous Goods and Services,1718918.0,Saudi Central Bank (SAMA) weekly POS via KAPSARC Data Portal,REAL_OFFICIAL_AGGREGATE
2023-11-26,2023-12-02,Other,2341870.0,Saudi Central Bank (SAMA) weekly POS via KAPSARC Data Portal,REAL_OFFICIAL_AGGREGATE
2023-11-26,2023-12-02,Public Utilities,141578.0,Saudi Central Bank (SAMA) weekly POS via KAPSARC Data Portal,REAL_OFFICIAL_AGGREGATE
2023-11-26,2023-12-02,Recreation and Culture,426646.0,Saudi Central Bank (SAMA) weekly POS via KAPSARC Data Portal,REAL_OFFICIAL_AGGREGATE
2023-11-26,2023-12-02,Restaurants & Café,1986865.0,Saudi Central Bank (SAMA) weekly POS via KAPSARC Data Portal,REAL_OFFICIAL_AGGREGATE
2023-11-26,2023-12-02,Telecommunication,140583.0,Saudi Central Bank (SAMA) weekly POS via KAPSARC Data Portal,REAL_OFFICIAL_AGGREGATE
2023-11-26,2023-12-02,Transportation,849189.0,Saudi Central Bank (SAMA) weekly POS via KAPSARC Data Portal,REAL_OFFICIAL_AGGREGATE
2023-12-03,2023-12-09,Beverage and Food,1839908.0,Saudi Central Bank (SAMA) weekly POS via KAPSARC Data Portal,REAL_OFFICIAL_AGGREGATE
2023-12-03,2023-12-09,Clothing and Footwear,806392.0,Saudi Central Bank (SAMA) weekly POS via KAPSARC Data Portal,REAL_OFFICIAL_AGGREGATE
2023-12-03,2023-12-09,Construction & Building Materials,356638.0,Saudi Central Bank (SAMA) weekly POS via KAPSARC Data Portal,REAL_OFFICIAL_AGGREGATE
2023-12-03,2023-12-09,Education,222127.0,Saudi Central Bank (SAMA) weekly POS via KAPSARC Data Portal,REAL_OFFICIAL_AGGREGATE
2023-12-03,2023-12-09,Electronic & Electric Devices,236652.0,Saudi Central Bank (SAMA) weekly POS via KAPSARC Data Portal,REAL_OFFICIAL_AGGREGATE
2023-12-03,2023-12-09,Furniture,314731.0,Saudi Central Bank (SAMA) weekly POS via KAPSARC Data Portal,REAL_OFFICIAL_AGGREGATE
2023-12-03,2023-12-09,Gas Stations,763876.0,Saudi Central Bank (SAMA) weekly POS via KAPSARC Data Portal,REAL_OFFICIAL_AGGREGATE
2023-12-03,2023-12-09,Health,762963.0,Saudi Central Bank (SAMA) weekly POS via KAPSARC Data Portal,REAL_OFFICIAL_AGGREGATE
2023-12-03,2023-12-09,Hotels,291335.0,Saudi Central Bank (SAMA) weekly POS via KAPSARC Data Portal,REAL_OFFICIAL_AGGREGATE
2023-12-03,2023-12-09,Jewelry,184755.0,Saudi Central Bank (SAMA) weekly POS via KAPSARC Data Portal,REAL_OFFICIAL_AGGREGATE
2023-12-03,2023-12-09,Miscellaneous Goods and Services,1436892.0,Saudi Central Bank (SAMA) weekly POS via KAPSARC Data Portal,REAL_OFFICIAL_AGGREGATE
2023-12-03,2023-12-09,Other,1836566.0,Saudi Central Bank (SAMA) weekly POS via KAPSARC Data Portal,REAL_OFFICIAL_AGGREGATE
2023-12-03,2023-12-09,Public Utilities,122811.0,Saudi Central Bank (SAMA) weekly POS via KAPSARC Data Portal,REAL_OFFICIAL_AGGREGATE
2023-12-03,2023-12-09,Recreation and Culture,325609.0,Saudi Central Bank (SAMA) weekly POS via KAPSARC Data Portal,REAL_OFFICIAL_AGGREGATE
2023-12-03,2023-12-09,Restaurants & Café,1772513.0,Saudi Central Bank (SAMA) weekly POS via KAPSARC Data Portal,REAL_OFFICIAL_AGGREGATE
2023-12-03,2023-12-09,Telecommunication,104810.0,Saudi Central Bank (SAMA) weekly POS via KAPSARC Data Portal,REAL_OFFICIAL_AGGREGATE
2023-12-03,2023-12-09,Transportation,688490.0,Saudi Central Bank (SAMA) weekly POS via KAPSARC Data Portal,REAL_OFFICIAL_AGGREGATE
2023-12-10,2023-12-16,Beverage and Food,1769398.0,Saudi Central Bank (SAMA) weekly POS via KAPSARC Data Portal,REAL_OFFICIAL_AGGREGATE
2023-12-10,2023-12-16,Clothing and Footwear,775935.0,Saudi Central Bank (SAMA) weekly POS via KAPSARC Data Portal,REAL_OFFICIAL_AGGREGATE
2023-12-10,2023-12-16,Construction & Building Materials,352231.0,Saudi Central Bank (SAMA) weekly POS via KAPSARC Data Portal,REAL_OFFICIAL_AGGREGATE
2023-12-10,2023-12-16,Education,136708.0,Saudi Central Bank (SAMA) weekly POS via KAPSARC Data Portal,REAL_OFFICIAL_AGGREGATE
2023-12-10,2023-12-16,Electronic & Electric Devices,208252.0,Saudi Central Bank (SAMA) weekly POS via KAPSARC Data Portal,REAL_OFFICIAL_AGGREGATE
2023-12-10,2023-12-16,Furniture,295548.0,Saudi Central Bank (SAMA) weekly POS via KAPSARC Data Portal,REAL_OFFICIAL_AGGREGATE
2023-12-10,2023-12-16,Gas Stations,770654.0,Saudi Central Bank (SAMA) weekly POS via KAPSARC Data Portal,REAL_OFFICIAL_AGGREGATE
2023-12-10,2023-12-16,Health,740139.0,Saudi Central Bank (SAMA) weekly POS via KAPSARC Data Portal,REAL_OFFICIAL_AGGREGATE
2023-12-10,2023-12-16,Hotels,321147.0,Saudi Central Bank (SAMA) weekly POS via KAPSARC Data Portal,REAL_OFFICIAL_AGGREGATE
2023-12-10,2023-12-16,Jewelry,183183.0,Saudi Central Bank (SAMA) weekly POS via KAPSARC Data Portal,REAL_OFFICIAL_AGGREGATE
2023-12-10,2023-12-16,Miscellaneous Goods and Services,1363882.0,Saudi Central Bank (SAMA) weekly POS via KAPSARC Data Portal,REAL_OFFICIAL_AGGREGATE
2023-12-10,2023-12-16,Other,1756302.0,Saudi Central Bank (SAMA) weekly POS via KAPSARC Data Portal,REAL_OFFICIAL_AGGREGATE
2023-12-10,2023-12-16,Public Utilities,119782.0,Saudi Central Bank (SAMA) weekly POS via KAPSARC Data Portal,REAL_OFFICIAL_AGGREGATE
2023-12-10,2023-12-16,Recreation and Culture,286079.0,Saudi Central Bank (SAMA) weekly POS via KAPSARC Data Portal,REAL_OFFICIAL_AGGREGATE
2023-12-10,2023-12-16,Restaurants & Café,1779771.0,Saudi Central Bank (SAMA) weekly POS via KAPSARC Data Portal,REAL_OFFICIAL_AGGREGATE
2023-12-10,2023-12-16,Telecommunication,94492.0,Saudi Central Bank (SAMA) weekly POS via KAPSARC Data Portal,REAL_OFFICIAL_AGGREGATE
2023-12-10,2023-12-16,Transportation,683999.0,Saudi Central Bank (SAMA) weekly POS via KAPSARC Data Portal,REAL_OFFICIAL_AGGREGATE
2023-12-17,2023-12-23,Beverage and Food,1624550.0,Saudi Central Bank (SAMA) weekly POS via KAPSARC Data Portal,REAL_OFFICIAL_AGGREGATE
2023-12-17,2023-12-23,Clothing and Footwear,706043.0,Saudi Central Bank (SAMA) weekly POS via KAPSARC Data Portal,REAL_OFFICIAL_AGGREGATE
2023-12-17,2023-12-23,Construction & Building Materials,346612.0,Saudi Central Bank (SAMA) weekly POS via KAPSARC Data Portal,REAL_OFFICIAL_AGGREGATE
2023-12-17,2023-12-23,Education,105409.0,Saudi Central Bank (SAMA) weekly POS via KAPSARC Data Portal,REAL_OFFICIAL_AGGREGATE
2023-12-17,2023-12-23,Electronic & Electric Devices,205493.0,Saudi Central Bank (SAMA) weekly POS via KAPSARC Data Portal,REAL_OFFICIAL_AGGREGATE
2023-12-17,2023-12-23,Furniture,284434.0,Saudi Central Bank (SAMA) weekly POS via KAPSARC Data Portal,REAL_OFFICIAL_AGGREGATE
2023-12-17,2023-12-23,Gas Stations,693575.0,Saudi Central Bank (SAMA) weekly POS via KAPSARC Data Portal,REAL_OFFICIAL_AGGREGATE
2023-12-17,2023-12-23,Health,684349.0,Saudi Central Bank (SAMA) weekly POS via KAPSARC Data Portal,REAL_OFFICIAL_AGGREGATE
2023-12-17,2023-12-23,Hotels,320493.0,Saudi Central Bank (SAMA) weekly POS via KAPSARC Data Portal,REAL_OFFICIAL_AGGREGATE
2023-12-17,2023-12-23,Jewelry,181980.0,Saudi Central Bank (SAMA) weekly POS via KAPSARC Data Portal,REAL_OFFICIAL_AGGREGATE
2023-12-17,2023-12-23,Miscellaneous Goods and Services,1261509.0,Saudi Central Bank (SAMA) weekly POS via KAPSARC Data Portal,REAL_OFFICIAL_AGGREGATE
2023-12-17,2023-12-23,Other,1598556.0,Saudi Central Bank (SAMA) weekly POS via KAPSARC Data Portal,REAL_OFFICIAL_AGGREGATE
2023-12-17,2023-12-23,Public Utilities,108385.0,Saudi Central Bank (SAMA) weekly POS via KAPSARC Data Portal,REAL_OFFICIAL_AGGREGATE
2023-12-17,2023-12-23,Recreation and Culture,265949.0,Saudi Central Bank (SAMA) weekly POS via KAPSARC Data Portal,REAL_OFFICIAL_AGGREGATE
2023-12-17,2023-12-23,Restaurants & Café,1599914.0,Saudi Central Bank (SAMA) weekly POS via KAPSARC Data Portal,REAL_OFFICIAL_AGGREGATE
2023-12-17,2023-12-23,Telecommunication,81327.0,Saudi Central Bank (SAMA) weekly POS via KAPSARC Data Portal,REAL_OFFICIAL_AGGREGATE
2023-12-17,2023-12-23,Transportation,632490.0,Saudi Central Bank (SAMA) weekly POS via KAPSARC Data Portal,REAL_OFFICIAL_AGGREGATE
2023-12-24,2023-12-30,Beverage and Food,2253732.0,Saudi Central Bank (SAMA) weekly POS via KAPSARC Data Portal,REAL_OFFICIAL_AGGREGATE
2023-12-24,2023-12-30,Clothing and Footwear,944207.0,Saudi Central Bank (SAMA) weekly POS via KAPSARC Data Portal,REAL_OFFICIAL_AGGREGATE
2023-12-24,2023-12-30,Construction & Building Materials,407784.0,Saudi Central Bank (SAMA) weekly POS via KAPSARC Data Portal,REAL_OFFICIAL_AGGREGATE
2023-12-24,2023-12-30,Education,191099.0,Saudi Central Bank (SAMA) weekly POS via KAPSARC Data Portal,REAL_OFFICIAL_AGGREGATE
2023-12-24,2023-12-30,Electronic & Electric Devices,256222.0,Saudi Central Bank (SAMA) weekly POS via KAPSARC Data Portal,REAL_OFFICIAL_AGGREGATE
2023-12-24,2023-12-30,Furniture,393866.0,Saudi Central Bank (SAMA) weekly POS via KAPSARC Data Portal,REAL_OFFICIAL_AGGREGATE
2023-12-24,2023-12-30,Gas Stations,840967.0,Saudi Central Bank (SAMA) weekly POS via KAPSARC Data Portal,REAL_OFFICIAL_AGGREGATE
2023-12-24,2023-12-30,Health,877607.0,Saudi Central Bank (SAMA) weekly POS via KAPSARC Data Portal,REAL_OFFICIAL_AGGREGATE
2023-12-24,2023-12-30,Hotels,344760.0,Saudi Central Bank (SAMA) weekly POS via KAPSARC Data Portal,REAL_OFFICIAL_AGGREGATE
2023-12-24,2023-12-30,Jewelry,243179.0,Saudi Central Bank (SAMA) weekly POS via KAPSARC Data Portal,REAL_OFFICIAL_AGGREGATE
2023-12-24,2023-12-30,Miscellaneous Goods and Services,1653709.0,Saudi Central Bank (SAMA) weekly POS via KAPSARC Data Portal,REAL_OFFICIAL_AGGREGATE
2023-12-24,2023-12-30,Other,2166217.0,Saudi Central Bank (SAMA) weekly POS via KAPSARC Data Portal,REAL_OFFICIAL_AGGREGATE
2023-12-24,2023-12-30,Public Utilities,131648.0,Saudi Central Bank (SAMA) weekly POS via KAPSARC Data Portal,REAL_OFFICIAL_AGGREGATE
2023-12-24,2023-12-30,Recreation and Culture,363160.0,Saudi Central Bank (SAMA) weekly POS via KAPSARC Data Portal,REAL_OFFICIAL_AGGREGATE
2023-12-24,2023-12-30,Restaurants & Café,1983327.0,Saudi Central Bank (SAMA) weekly POS via KAPSARC Data Portal,REAL_OFFICIAL_AGGREGATE
2023-12-24,2023-12-30,Telecommunication,123453.0,Saudi Central Bank (SAMA) weekly POS via KAPSARC Data Portal,REAL_OFFICIAL_AGGREGATE
2023-12-24,2023-12-30,Transportation,814388.0,Saudi Central Bank (SAMA) weekly POS via KAPSARC Data Portal,REAL_OFFICIAL_AGGREGATE
2023-12-31,2024-01-06,Beverage and Food,1984393.0,Saudi Central Bank (SAMA) weekly POS via KAPSARC Data Portal,REAL_OFFICIAL_AGGREGATE
2023-12-31,2024-01-06,Clothing and Footwear,942442.0,Saudi Central Bank (SAMA) weekly POS via KAPSARC Data Portal,REAL_OFFICIAL_AGGREGATE
2023-12-31,2024-01-06,Construction & Building Materials,374898.0,Saudi Central Bank (SAMA) weekly POS via KAPSARC Data Portal,REAL_OFFICIAL_AGGREGATE
2023-12-31,2024-01-06,Education,196468.0,Saudi Central Bank (SAMA) weekly POS via KAPSARC Data Portal,REAL_OFFICIAL_AGGREGATE
2023-12-31,2024-01-06,Electronic & Electric Devices,240524.0,Saudi Central Bank (SAMA) weekly POS via KAPSARC Data Portal,REAL_OFFICIAL_AGGREGATE
2023-12-31,2024-01-06,Furniture,348184.0,Saudi Central Bank (SAMA) weekly POS via KAPSARC Data Portal,REAL_OFFICIAL_AGGREGATE
2023-12-31,2024-01-06,Gas Stations,853649.0,Saudi Central Bank (SAMA) weekly POS via KAPSARC Data Portal,REAL_OFFICIAL_AGGREGATE
2023-12-31,2024-01-06,Health,833323.0,Saudi Central Bank (SAMA) weekly POS via KAPSARC Data Portal,REAL_OFFICIAL_AGGREGATE
2023-12-31,2024-01-06,Hotels,373024.0,Saudi Central Bank (SAMA) weekly POS via KAPSARC Data Portal,REAL_OFFICIAL_AGGREGATE
2023-12-31,2024-01-06,Jewelry,255947.0,Saudi Central Bank (SAMA) weekly POS via KAPSARC Data Portal,REAL_OFFICIAL_AGGREGATE
2023-12-31,2024-01-06,Miscellaneous Goods and Services,1627297.0,Saudi Central Bank (SAMA) weekly POS via KAPSARC Data Portal,REAL_OFFICIAL_AGGREGATE
2023-12-31,2024-01-06,Other,2046371.0,Saudi Central Bank (SAMA) weekly POS via KAPSARC Data Portal,REAL_OFFICIAL_AGGREGATE
2023-12-31,2024-01-06,Public Utilities,124227.0,Saudi Central Bank (SAMA) weekly POS via KAPSARC Data Portal,REAL_OFFICIAL_AGGREGATE
2023-12-31,2024-01-06,Recreation and Culture,347828.0,Saudi Central Bank (SAMA) weekly POS via KAPSARC Data Portal,REAL_OFFICIAL_AGGREGATE
2023-12-31,2024-01-06,Restaurants & Café,1991213.0,Saudi Central Bank (SAMA) weekly POS via KAPSARC Data Portal,REAL_OFFICIAL_AGGREGATE
2023-12-31,2024-01-06,Telecommunication,113582.0,Saudi Central Bank (SAMA) weekly POS via KAPSARC Data Portal,REAL_OFFICIAL_AGGREGATE
2023-12-31,2024-01-06,Transportation,740438.0,Saudi Central Bank (SAMA) weekly POS via KAPSARC Data Portal,REAL_OFFICIAL_AGGREGATE
2024-01-07,2024-01-13,Beverage and Food,1834528.0,Saudi Central Bank (SAMA) weekly POS via KAPSARC Data Portal,REAL_OFFICIAL_AGGREGATE
2024-01-07,2024-01-13,Clothing and Footwear,787409.0,Saudi Central Bank (SAMA) weekly POS via KAPSARC Data Portal,REAL_OFFICIAL_AGGREGATE
2024-01-07,2024-01-13,Construction & Building Materials,347619.0,Saudi Central Bank (SAMA) weekly POS via KAPSARC Data Portal,REAL_OFFICIAL_AGGREGATE
2024-01-07,2024-01-13,Education,97356.0,Saudi Central Bank (SAMA) weekly POS via KAPSARC Data Portal,REAL_OFFICIAL_AGGREGATE
2024-01-07,2024-01-13,Electronic & Electric Devices,199717.0,Saudi Central Bank (SAMA) weekly POS via KAPSARC Data Portal,REAL_OFFICIAL_AGGREGATE
2024-01-07,2024-01-13,Furniture,289403.0,Saudi Central Bank (SAMA) weekly POS via KAPSARC Data Portal,REAL_OFFICIAL_AGGREGATE
2024-01-07,2024-01-13,Gas Stations,832200.0,Saudi Central Bank (SAMA) weekly POS via KAPSARC Data Portal,REAL_OFFICIAL_AGGREGATE
2024-01-07,2024-01-13,Health,751817.0,Saudi Central Bank (SAMA) weekly POS via KAPSARC Data Portal,REAL_OFFICIAL_AGGREGATE
2024-01-07,2024-01-13,Hotels,414964.0,Saudi Central Bank (SAMA) weekly POS via KAPSARC Data Portal,REAL_OFFICIAL_AGGREGATE
2024-01-07,2024-01-13,Jewelry,220356.0,Saudi Central Bank (SAMA) weekly POS via KAPSARC Data Portal,REAL_OFFICIAL_AGGREGATE
2024-01-07,2024-01-13,Miscellaneous Goods and Services,1477954.0,Saudi Central Bank (SAMA) weekly POS via KAPSARC Data Portal,REAL_OFFICIAL_AGGREGATE
2024-01-07,2024-01-13,Other,1891099.0,Saudi Central Bank (SAMA) weekly POS via KAPSARC Data Portal,REAL_OFFICIAL_AGGREGATE
2024-01-07,2024-01-13,Public Utilities,119301.0,Saudi Central Bank (SAMA) weekly POS via KAPSARC Data Portal,REAL_OFFICIAL_AGGREGATE
2024-01-07,2024-01-13,Recreation and Culture,301104.0,Saudi Central Bank (SAMA) weekly POS via KAPSARC Data Portal,REAL_OFFICIAL_AGGREGATE
2024-01-07,2024-01-13,Restaurants & Café,2019463.0,Saudi Central Bank (SAMA) weekly POS via KAPSARC Data Portal,REAL_OFFICIAL_AGGREGATE
2024-01-07,2024-01-13,Telecommunication,96366.0,Saudi Central Bank (SAMA) weekly POS via KAPSARC Data Portal,REAL_OFFICIAL_AGGREGATE
2024-01-07,2024-01-13,Transportation,666444.0,Saudi Central Bank (SAMA) weekly POS via KAPSARC Data Portal,REAL_OFFICIAL_AGGREGATE
2024-01-14,2024-01-20,Beverage and Food,1665378.0,Saudi Central Bank (SAMA) weekly POS via KAPSARC Data Portal,REAL_OFFICIAL_AGGREGATE
2024-01-14,2024-01-20,Clothing and Footwear,563337.0,Saudi Central Bank (SAMA) weekly POS via KAPSARC Data Portal,REAL_OFFICIAL_AGGREGATE
2024-01-14,2024-01-20,Construction & Building Materials,339819.0,Saudi Central Bank (SAMA) weekly POS via KAPSARC Data Portal,REAL_OFFICIAL_AGGREGATE
2024-01-14,2024-01-20,Education,204308.0,Saudi Central Bank (SAMA) weekly POS via KAPSARC Data Portal,REAL_OFFICIAL_AGGREGATE
2024-01-14,2024-01-20,Electronic & Electric Devices,188874.0,Saudi Central Bank (SAMA) weekly POS via KAPSARC Data Portal,REAL_OFFICIAL_AGGREGATE
2024-01-14,2024-01-20,Furniture,244944.0,Saudi Central Bank (SAMA) weekly POS via KAPSARC Data Portal,REAL_OFFICIAL_AGGREGATE
2024-01-14,2024-01-20,Gas Stations,733847.0,Saudi Central Bank (SAMA) weekly POS via KAPSARC Data Portal,REAL_OFFICIAL_AGGREGATE
2024-01-14,2024-01-20,Health,694442.0,Saudi Central Bank (SAMA) weekly POS via KAPSARC Data Portal,REAL_OFFICIAL_AGGREGATE
2024-01-14,2024-01-20,Hotels,302796.0,Saudi Central Bank (SAMA) weekly POS via KAPSARC Data Portal,REAL_OFFICIAL_AGGREGATE
2024-01-14,2024-01-20,Jewelry,191877.0,Saudi Central Bank (SAMA) weekly POS via KAPSARC Data Portal,REAL_OFFICIAL_AGGREGATE
2024-01-14,2024-01-20,Miscellaneous Goods and Services,1261295.0,Saudi Central Bank (SAMA) weekly POS via KAPSARC Data Portal,REAL_OFFICIAL_AGGREGATE
2024-01-14,2024-01-20,Other,1577990.0,Saudi Central Bank (SAMA) weekly POS via KAPSARC Data Portal,REAL_OFFICIAL_AGGREGATE
2024-01-14,2024-01-20,Public Utilities,107714.0,Saudi Central Bank (SAMA) weekly POS via KAPSARC Data Portal,REAL_OFFICIAL_AGGREGATE
2024-01-14,2024-01-20,Recreation and Culture,245039.0,Saudi Central Bank (SAMA) weekly POS via KAPSARC Data Portal,REAL_OFFICIAL_AGGREGATE
2024-01-14,2024-01-20,Restaurants & Café,1602436.0,Saudi Central Bank (SAMA) weekly POS via KAPSARC Data Portal,REAL_OFFICIAL_AGGREGATE
2024-01-14,2024-01-20,Telecommunication,85838.0,Saudi Central Bank (SAMA) weekly POS via KAPSARC Data Portal,REAL_OFFICIAL_AGGREGATE
2024-01-14,2024-01-20,Transportation,597758.0,Saudi Central Bank (SAMA) weekly POS via KAPSARC Data Portal,REAL_OFFICIAL_AGGREGATE
2024-01-21,2024-01-27,Beverage and Food,1777977.0,Saudi Central Bank (SAMA) weekly POS via KAPSARC Data Portal,REAL_OFFICIAL_AGGREGATE
2024-01-21,2024-01-27,Clothing and Footwear,596748.0,Saudi Central Bank (SAMA) weekly POS via KAPSARC Data Portal,REAL_OFFICIAL_AGGREGATE
2024-01-21,2024-01-27,Construction & Building Materials,338610.0,Saudi Central Bank (SAMA) weekly POS via KAPSARC Data Portal,REAL_OFFICIAL_AGGREGATE
2024-01-21,2024-01-27,Education,142668.0,Saudi Central Bank (SAMA) weekly POS via KAPSARC Data Portal,REAL_OFFICIAL_AGGREGATE
2024-01-21,2024-01-27,Electronic & Electric Devices,192603.0,Saudi Central Bank (SAMA) weekly POS via KAPSARC Data Portal,REAL_OFFICIAL_AGGREGATE
2024-01-21,2024-01-27,Furniture,255561.0,Saudi Central Bank (SAMA) weekly POS via KAPSARC Data Portal,REAL_OFFICIAL_AGGREGATE
2024-01-21,2024-01-27,Gas Stations,764519.0,Saudi Central Bank (SAMA) weekly POS via KAPSARC Data Portal,REAL_OFFICIAL_AGGREGATE
2024-01-21,2024-01-27,Health,693498.0,Saudi Central Bank (SAMA) weekly POS via KAPSARC Data Portal,REAL_OFFICIAL_AGGREGATE
2024-01-21,2024-01-27,Hotels,326063.0,Saudi Central Bank (SAMA) weekly POS via KAPSARC Data Portal,REAL_OFFICIAL_AGGREGATE
2024-01-21,2024-01-27,Jewelry,189456.0,Saudi Central Bank (SAMA) weekly POS via KAPSARC Data Portal,REAL_OFFICIAL_AGGREGATE
2024-01-21,2024-01-27,Miscellaneous Goods and Services,1308681.0,Saudi Central Bank (SAMA) weekly POS via KAPSARC Data Portal,REAL_OFFICIAL_AGGREGATE
2024-01-21,2024-01-27,Other,1670655.0,Saudi Central Bank (SAMA) weekly POS via KAPSARC Data Portal,REAL_OFFICIAL_AGGREGATE
2024-01-21,2024-01-27,Public Utilities,106398.0,Saudi Central Bank (SAMA) weekly POS via KAPSARC Data Portal,REAL_OFFICIAL_AGGREGATE
2024-01-21,2024-01-27,Recreation and Culture,256121.0,Saudi Central Bank (SAMA) weekly POS via KAPSARC Data Portal,REAL_OFFICIAL_AGGREGATE
2024-01-21,2024-01-27,Restaurants & Café,1707851.0,Saudi Central Bank (SAMA) weekly POS via KAPSARC Data Portal,REAL_OFFICIAL_AGGREGATE
2024-01-21,2024-01-27,Telecommunication,96043.0,Saudi Central Bank (SAMA) weekly POS via KAPSARC Data Portal,REAL_OFFICIAL_AGGREGATE
2024-01-21,2024-01-27,Transportation,616454.0,Saudi Central Bank (SAMA) weekly POS via KAPSARC Data Portal,REAL_OFFICIAL_AGGREGATE
2024-01-28,2024-02-03,Beverage and Food,2460192.0,Saudi Central Bank (SAMA) weekly POS via KAPSARC Data Portal,REAL_OFFICIAL_AGGREGATE
2024-01-28,2024-02-03,Clothing and Footwear,863240.0,Saudi Central Bank (SAMA) weekly POS via KAPSARC Data Portal,REAL_OFFICIAL_AGGREGATE
2024-01-28,2024-02-03,Construction & Building Materials,384983.0,Saudi Central Bank (SAMA) weekly POS via KAPSARC Data Portal,REAL_OFFICIAL_AGGREGATE
2024-01-28,2024-02-03,Education,191812.0,Saudi Central Bank (SAMA) weekly POS via KAPSARC Data Portal,REAL_OFFICIAL_AGGREGATE
2024-01-28,2024-02-03,Electronic & Electric Devices,248299.0,Saudi Central Bank (SAMA) weekly POS via KAPSARC Data Portal,REAL_OFFICIAL_AGGREGATE
2024-01-28,2024-02-03,Furniture,354734.0,Saudi Central Bank (SAMA) weekly POS via KAPSARC Data Portal,REAL_OFFICIAL_AGGREGATE
2024-01-28,2024-02-03,Gas Stations,894536.0,Saudi Central Bank (SAMA) weekly POS via KAPSARC Data Portal,REAL_OFFICIAL_AGGREGATE
2024-01-28,2024-02-03,Health,890795.0,Saudi Central Bank (SAMA) weekly POS via KAPSARC Data Portal,REAL_OFFICIAL_AGGREGATE
2024-01-28,2024-02-03,Hotels,351320.0,Saudi Central Bank (SAMA) weekly POS via KAPSARC Data Portal,REAL_OFFICIAL_AGGREGATE
2024-01-28,2024-02-03,Jewelry,254362.0,Saudi Central Bank (SAMA) weekly POS via KAPSARC Data Portal,REAL_OFFICIAL_AGGREGATE
2024-01-28,2024-02-03,Miscellaneous Goods and Services,1754245.0,Saudi Central Bank (SAMA) weekly POS via KAPSARC Data Portal,REAL_OFFICIAL_AGGREGATE
2024-01-28,2024-02-03,Other,2257503.0,Saudi Central Bank (SAMA) weekly POS via KAPSARC Data Portal,REAL_OFFICIAL_AGGREGATE
2024-01-28,2024-02-03,Public Utilities,128324.0,Saudi Central Bank (SAMA) weekly POS via KAPSARC Data Portal,REAL_OFFICIAL_AGGREGATE
2024-01-28,2024-02-03,Recreation and Culture,339998.0,Saudi Central Bank (SAMA) weekly POS via KAPSARC Data Portal,REAL_OFFICIAL_AGGREGATE
2024-01-28,2024-02-03,Restaurants & Café,2043135.0,Saudi Central Bank (SAMA) weekly POS via KAPSARC Data Portal,REAL_OFFICIAL_AGGREGATE
2024-01-28,2024-02-03,Telecommunication,133040.0,Saudi Central Bank (SAMA) weekly POS via KAPSARC Data Portal,REAL_OFFICIAL_AGGREGATE
2024-01-28,2024-02-03,Transportation,776880.0,Saudi Central Bank (SAMA) weekly POS via KAPSARC Data Portal,REAL_OFFICIAL_AGGREGATE
2024-02-04,2024-02-10,Beverage and Food,1863369.0,Saudi Central Bank (SAMA) weekly POS via KAPSARC Data Portal,REAL_OFFICIAL_AGGREGATE
2024-02-04,2024-02-10,Clothing and Footwear,703532.0,Saudi Central Bank (SAMA) weekly POS via KAPSARC Data Portal,REAL_OFFICIAL_AGGREGATE
2024-02-04,2024-02-10,Construction & Building Materials,349844.0,Saudi Central Bank (SAMA) weekly POS via KAPSARC Data Portal,REAL_OFFICIAL_AGGREGATE
2024-02-04,2024-02-10,Education,143287.0,Saudi Central Bank (SAMA) weekly POS via KAPSARC Data Portal,REAL_OFFICIAL_AGGREGATE
2024-02-04,2024-02-10,Electronic & Electric Devices,217858.0,Saudi Central Bank (SAMA) weekly POS via KAPSARC Data Portal,REAL_OFFICIAL_AGGREGATE
2024-02-04,2024-02-10,Furniture,311576.0,Saudi Central Bank (SAMA) weekly POS via KAPSARC Data Portal,REAL_OFFICIAL_AGGREGATE
2024-02-04,2024-02-10,Gas Stations,788530.0,Saudi Central Bank (SAMA) weekly POS via KAPSARC Data Portal,REAL_OFFICIAL_AGGREGATE
2024-02-04,2024-02-10,Health,743960.0,Saudi Central Bank (SAMA) weekly POS via KAPSARC Data Portal,REAL_OFFICIAL_AGGREGATE
2024-02-04,2024-02-10,Hotels,336374.0,Saudi Central Bank (SAMA) weekly POS via KAPSARC Data Portal,REAL_OFFICIAL_AGGREGATE
2024-02-04,2024-02-10,Jewelry,230225.0,Saudi Central Bank (SAMA) weekly POS via KAPSARC Data Portal,REAL_OFFICIAL_AGGREGATE
2024-02-04,2024-02-10,Miscellaneous Goods and Services,1462244.0,Saudi Central Bank (SAMA) weekly POS via KAPSARC Data Portal,REAL_OFFICIAL_AGGREGATE
2024-02-04,2024-02-10,Other,1801867.0,Saudi Central Bank (SAMA) weekly POS via KAPSARC Data Portal,REAL_OFFICIAL_AGGREGATE
2024-02-04,2024-02-10,Public Utilities,108797.0,Saudi Central Bank (SAMA) weekly POS via KAPSARC Data Portal,REAL_OFFICIAL_AGGREGATE
2024-02-04,2024-02-10,Recreation and Culture,281460.0,Saudi Central Bank (SAMA) weekly POS via KAPSARC Data Portal,REAL_OFFICIAL_AGGREGATE
2024-02-04,2024-02-10,Restaurants & Café,1817583.0,Saudi Central Bank (SAMA) weekly POS via KAPSARC Data Portal,REAL_OFFICIAL_AGGREGATE
2024-02-04,2024-02-10,Telecommunication,97663.0,Saudi Central Bank (SAMA) weekly POS via KAPSARC Data Portal,REAL_OFFICIAL_AGGREGATE
2024-02-04,2024-02-10,Transportation,614890.0,Saudi Central Bank (SAMA) weekly POS via KAPSARC Data Portal,REAL_OFFICIAL_AGGREGATE
2024-02-11,2024-02-17,Beverage and Food,1874824.0,Saudi Central Bank (SAMA) weekly POS via KAPSARC Data Portal,REAL_OFFICIAL_AGGREGATE
2024-02-11,2024-02-17,Clothing and Footwear,723479.0,Saudi Central Bank (SAMA) weekly POS via KAPSARC Data Portal,REAL_OFFICIAL_AGGREGATE
2024-02-11,2024-02-17,Construction & Building Materials,363747.0,Saudi Central Bank (SAMA) weekly POS via KAPSARC Data Portal,REAL_OFFICIAL_AGGREGATE
2024-02-11,2024-02-17,Education,120614.0,Saudi Central Bank (SAMA) weekly POS via KAPSARC Data Portal,REAL_OFFICIAL_AGGREGATE
2024-02-11,2024-02-17,Electronic & Electric Devices,222179.0,Saudi Central Bank (SAMA) weekly POS via KAPSARC Data Portal,REAL_OFFICIAL_AGGREGATE
2024-02-11,2024-02-17,Furniture,321477.0,Saudi Central Bank (SAMA) weekly POS via KAPSARC Data Portal,REAL_OFFICIAL_AGGREGATE
2024-02-11,2024-02-17,Gas Stations,826398.0,Saudi Central Bank (SAMA) weekly POS via KAPSARC Data Portal,REAL_OFFICIAL_AGGREGATE
2024-02-11,2024-02-17,Health,743754.0,Saudi Central Bank (SAMA) weekly POS via KAPSARC Data Portal,REAL_OFFICIAL_AGGREGATE
2024-02-11,2024-02-17,Hotels,317115.0,Saudi Central Bank (SAMA) weekly POS via KAPSARC Data Portal,REAL_OFFICIAL_AGGREGATE
2024-02-11,2024-02-17,Jewelry,282474.0,Saudi Central Bank (SAMA) weekly POS via KAPSARC Data Portal,REAL_OFFICIAL_AGGREGATE
2024-02-11,2024-02-17,Miscellaneous Goods and Services,1438032.0,Saudi Central Bank (SAMA) weekly POS via KAPSARC Data Portal,REAL_OFFICIAL_AGGREGATE
2024-02-11,2024-02-17,Other,1821858.0,Saudi Central Bank (SAMA) weekly POS via KAPSARC Data Portal,REAL_OFFICIAL_AGGREGATE
2024-02-11,2024-02-17,Public Utilities,85917.0,Saudi Central Bank (SAMA) weekly POS via KAPSARC Data Portal,REAL_OFFICIAL_AGGREGATE
2024-02-11,2024-02-17,Recreation and Culture,281811.0,Saudi Central Bank (SAMA) weekly POS via KAPSARC Data Portal,REAL_OFFICIAL_AGGREGATE
2024-02-11,2024-02-17,Restaurants & Café,1801314.0,Saudi Central Bank (SAMA) weekly POS via KAPSARC Data Portal,REAL_OFFICIAL_AGGREGATE
2024-02-11,2024-02-17,Telecommunication,96927.0,Saudi Central Bank (SAMA) weekly POS via KAPSARC Data Portal,REAL_OFFICIAL_AGGREGATE
2024-02-11,2024-02-17,Transportation,643506.0,Saudi Central Bank (SAMA) weekly POS via KAPSARC Data Portal,REAL_OFFICIAL_AGGREGATE
2024-02-18,2024-02-24,Beverage and Food,1787582.0,Saudi Central Bank (SAMA) weekly POS via KAPSARC Data Portal,REAL_OFFICIAL_AGGREGATE
2024-02-18,2024-02-24,Clothing and Footwear,798824.0,Saudi Central Bank (SAMA) weekly POS via KAPSARC Data Portal,REAL_OFFICIAL_AGGREGATE
2024-02-18,2024-02-24,Construction & Building Materials,369912.0,Saudi Central Bank (SAMA) weekly POS via KAPSARC Data Portal,REAL_OFFICIAL_AGGREGATE
2024-02-18,2024-02-24,Education,107846.0,Saudi Central Bank (SAMA) weekly POS via KAPSARC Data Portal,REAL_OFFICIAL_AGGREGATE
2024-02-18,2024-02-24,Electronic & Electric Devices,290901.0,Saudi Central Bank (SAMA) weekly POS via KAPSARC Data Portal,REAL_OFFICIAL_AGGREGATE
2024-02-18,2024-02-24,Furniture,363753.0,Saudi Central Bank (SAMA) weekly POS via KAPSARC Data Portal,REAL_OFFICIAL_AGGREGATE
2024-02-18,2024-02-24,Gas Stations,819699.0,Saudi Central Bank (SAMA) weekly POS via KAPSARC Data Portal,REAL_OFFICIAL_AGGREGATE
2024-02-18,2024-02-24,Health,719517.0,Saudi Central Bank (SAMA) weekly POS via KAPSARC Data Portal,REAL_OFFICIAL_AGGREGATE
2024-02-18,2024-02-24,Hotels,373474.0,Saudi Central Bank (SAMA) weekly POS via KAPSARC Data Portal,REAL_OFFICIAL_AGGREGATE
2024-02-18,2024-02-24,Jewelry,239663.0,Saudi Central Bank (SAMA) weekly POS via KAPSARC Data Portal,REAL_OFFICIAL_AGGREGATE
2024-02-18,2024-02-24,Miscellaneous Goods and Services,1424205.0,Saudi Central Bank (SAMA) weekly POS via KAPSARC Data Portal,REAL_OFFICIAL_AGGREGATE
2024-02-18,2024-02-24,Other,1928690.0,Saudi Central Bank (SAMA) weekly POS via KAPSARC Data Portal,REAL_OFFICIAL_AGGREGATE
2024-02-18,2024-02-24,Public Utilities,78855.0,Saudi Central Bank (SAMA) weekly POS via KAPSARC Data Portal,REAL_OFFICIAL_AGGREGATE
2024-02-18,2024-02-24,Recreation and Culture,285889.0,Saudi Central Bank (SAMA) weekly POS via KAPSARC Data Portal,REAL_OFFICIAL_AGGREGATE
2024-02-18,2024-02-24,Restaurants & Café,1843265.0,Saudi Central Bank (SAMA) weekly POS via KAPSARC Data Portal,REAL_OFFICIAL_AGGREGATE
2024-02-18,2024-02-24,Telecommunication,88718.0,Saudi Central Bank (SAMA) weekly POS via KAPSARC Data Portal,REAL_OFFICIAL_AGGREGATE
2024-02-18,2024-02-24,Transportation,617109.0,Saudi Central Bank (SAMA) weekly POS via KAPSARC Data Portal,REAL_OFFICIAL_AGGREGATE
2024-02-25,2024-03-02,Beverage and Food,2722047.0,Saudi Central Bank (SAMA) weekly POS via KAPSARC Data Portal,REAL_OFFICIAL_AGGREGATE
2024-02-25,2024-03-02,Clothing and Footwear,1181859.0,Saudi Central Bank (SAMA) weekly POS via KAPSARC Data Portal,REAL_OFFICIAL_AGGREGATE
2024-02-25,2024-03-02,Construction & Building Materials,442864.0,Saudi Central Bank (SAMA) weekly POS via KAPSARC Data Portal,REAL_OFFICIAL_AGGREGATE
2024-02-25,2024-03-02,Education,105979.0,Saudi Central Bank (SAMA) weekly POS via KAPSARC Data Portal,REAL_OFFICIAL_AGGREGATE
2024-02-25,2024-03-02,Electronic & Electric Devices,306987.0,Saudi Central Bank (SAMA) weekly POS via KAPSARC Data Portal,REAL_OFFICIAL_AGGREGATE
2024-02-25,2024-03-02,Furniture,480665.0,Saudi Central Bank (SAMA) weekly POS via KAPSARC Data Portal,REAL_OFFICIAL_AGGREGATE
2024-02-25,2024-03-02,Gas Stations,964947.0,Saudi Central Bank (SAMA) weekly POS via KAPSARC Data Portal,REAL_OFFICIAL_AGGREGATE
2024-02-25,2024-03-02,Health,945208.0,Saudi Central Bank (SAMA) weekly POS via KAPSARC Data Portal,REAL_OFFICIAL_AGGREGATE
2024-02-25,2024-03-02,Hotels,432248.0,Saudi Central Bank (SAMA) weekly POS via KAPSARC Data Portal,REAL_OFFICIAL_AGGREGATE
2024-02-25,2024-03-02,Jewelry,287358.0,Saudi Central Bank (SAMA) weekly POS via KAPSARC Data Portal,REAL_OFFICIAL_AGGREGATE
2024-02-25,2024-03-02,Miscellaneous Goods and Services,1948683.0,Saudi Central Bank (SAMA) weekly POS via KAPSARC Data Portal,REAL_OFFICIAL_AGGREGATE
2024-02-25,2024-03-02,Other,2723327.0,Saudi Central Bank (SAMA) weekly POS via KAPSARC Data Portal,REAL_OFFICIAL_AGGREGATE
2024-02-25,2024-03-02,Public Utilities,103257.0,Saudi Central Bank (SAMA) weekly POS via KAPSARC Data Portal,REAL_OFFICIAL_AGGREGATE
2024-02-25,2024-03-02,Recreation and Culture,356119.0,Saudi Central Bank (SAMA) weekly POS via KAPSARC Data Portal,REAL_OFFICIAL_AGGREGATE
2024-02-25,2024-03-02,Restaurants & Café,2243060.0,Saudi Central Bank (SAMA) weekly POS via KAPSARC Data Portal,REAL_OFFICIAL_AGGREGATE
2024-02-25,2024-03-02,Telecommunication,140043.0,Saudi Central Bank (SAMA) weekly POS via KAPSARC Data Portal,REAL_OFFICIAL_AGGREGATE
2024-02-25,2024-03-02,Transportation,824584.0,Saudi Central Bank (SAMA) weekly POS via KAPSARC Data Portal,REAL_OFFICIAL_AGGREGATE
2024-03-03,2024-03-09,Beverage and Food,2673222.0,Saudi Central Bank (SAMA) weekly POS via KAPSARC Data Portal,REAL_OFFICIAL_AGGREGATE
2024-03-03,2024-03-09,Clothing and Footwear,1032259.0,Saudi Central Bank (SAMA) weekly POS via KAPSARC Data Portal,REAL_OFFICIAL_AGGREGATE
2024-03-03,2024-03-09,Construction & Building Materials,403168.0,Saudi Central Bank (SAMA) weekly POS via KAPSARC Data Portal,REAL_OFFICIAL_AGGREGATE
2024-03-03,2024-03-09,Education,303314.0,Saudi Central Bank (SAMA) weekly POS via KAPSARC Data Portal,REAL_OFFICIAL_AGGREGATE
2024-03-03,2024-03-09,Electronic & Electric Devices,279682.0,Saudi Central Bank (SAMA) weekly POS via KAPSARC Data Portal,REAL_OFFICIAL_AGGREGATE
2024-03-03,2024-03-09,Furniture,444899.0,Saudi Central Bank (SAMA) weekly POS via KAPSARC Data Portal,REAL_OFFICIAL_AGGREGATE
2024-03-03,2024-03-09,Gas Stations,882543.0,Saudi Central Bank (SAMA) weekly POS via KAPSARC Data Portal,REAL_OFFICIAL_AGGREGATE
2024-03-03,2024-03-09,Health,805557.0,Saudi Central Bank (SAMA) weekly POS via KAPSARC Data Portal,REAL_OFFICIAL_AGGREGATE
2024-03-03,2024-03-09,Hotels,358373.0,Saudi Central Bank (SAMA) weekly POS via KAPSARC Data Portal,REAL_OFFICIAL_AGGREGATE
2024-03-03,2024-03-09,Jewelry,233972.0,Saudi Central Bank (SAMA) weekly POS via KAPSARC Data Portal,REAL_OFFICIAL_AGGREGATE
2024-03-03,2024-03-09,Miscellaneous Goods and Services,1720774.0,Saudi Central Bank (SAMA) weekly POS via KAPSARC Data Portal,REAL_OFFICIAL_AGGREGATE
2024-03-03,2024-03-09,Other,2428544.0,Saudi Central Bank (SAMA) weekly POS via KAPSARC Data Portal,REAL_OFFICIAL_AGGREGATE
2024-03-03,2024-03-09,Public Utilities,94729.0,Saudi Central Bank (SAMA) weekly POS via KAPSARC Data Portal,REAL_OFFICIAL_AGGREGATE
2024-03-03,2024-03-09,Recreation and Culture,318366.0,Saudi Central Bank (SAMA) weekly POS via KAPSARC Data Portal,REAL_OFFICIAL_AGGREGATE
2024-03-03,2024-03-09,Restaurants & Café,1961939.0,Saudi Central Bank (SAMA) weekly POS via KAPSARC Data Portal,REAL_OFFICIAL_AGGREGATE
2024-03-03,2024-03-09,Telecommunication,113049.0,Saudi Central Bank (SAMA) weekly POS via KAPSARC Data Portal,REAL_OFFICIAL_AGGREGATE
2024-03-03,2024-03-09,Transportation,714369.0,Saudi Central Bank (SAMA) weekly POS via KAPSARC Data Portal,REAL_OFFICIAL_AGGREGATE
2024-03-10,2024-03-16,Beverage and Food,2264918.0,Saudi Central Bank (SAMA) weekly POS via KAPSARC Data Portal,REAL_OFFICIAL_AGGREGATE
2024-03-10,2024-03-16,Clothing and Footwear,914909.0,Saudi Central Bank (SAMA) weekly POS via KAPSARC Data Portal,REAL_OFFICIAL_AGGREGATE
2024-03-10,2024-03-16,Construction & Building Materials,307596.0,Saudi Central Bank (SAMA) weekly POS via KAPSARC Data Portal,REAL_OFFICIAL_AGGREGATE
2024-03-10,2024-03-16,Education,140314.0,Saudi Central Bank (SAMA) weekly POS via KAPSARC Data Portal,REAL_OFFICIAL_AGGREGATE
2024-03-10,2024-03-16,Electronic & Electric Devices,224001.0,Saudi Central Bank (SAMA) weekly POS via KAPSARC Data Portal,REAL_OFFICIAL_AGGREGATE
2024-03-10,2024-03-16,Furniture,314338.0,Saudi Central Bank (SAMA) weekly POS via KAPSARC Data Portal,REAL_OFFICIAL_AGGREGATE
2024-03-10,2024-03-16,Gas Stations,771934.0,Saudi Central Bank (SAMA) weekly POS via KAPSARC Data Portal,REAL_OFFICIAL_AGGREGATE
2024-03-10,2024-03-16,Health,693529.0,Saudi Central Bank (SAMA) weekly POS via KAPSARC Data Portal,REAL_OFFICIAL_AGGREGATE
2024-03-10,2024-03-16,Hotels,271299.0,Saudi Central Bank (SAMA) weekly POS via KAPSARC Data Portal,REAL_OFFICIAL_AGGREGATE
2024-03-10,2024-03-16,Jewelry,189110.0,Saudi Central Bank (SAMA) weekly POS via KAPSARC Data Portal,REAL_OFFICIAL_AGGREGATE
2024-03-10,2024-03-16,Miscellaneous Goods and Services,1386411.0,Saudi Central Bank (SAMA) weekly POS via KAPSARC Data Portal,REAL_OFFICIAL_AGGREGATE
2024-03-10,2024-03-16,Other,1901933.0,Saudi Central Bank (SAMA) weekly POS via KAPSARC Data Portal,REAL_OFFICIAL_AGGREGATE
2024-03-10,2024-03-16,Public Utilities,85506.0,Saudi Central Bank (SAMA) weekly POS via KAPSARC Data Portal,REAL_OFFICIAL_AGGREGATE
2024-03-10,2024-03-16,Recreation and Culture,224061.0,Saudi Central Bank (SAMA) weekly POS via KAPSARC Data Portal,REAL_OFFICIAL_AGGREGATE
2024-03-10,2024-03-16,Restaurants & Café,1225844.0,Saudi Central Bank (SAMA) weekly POS via KAPSARC Data Portal,REAL_OFFICIAL_AGGREGATE
2024-03-10,2024-03-16,Telecommunication,98986.0,Saudi Central Bank (SAMA) weekly POS via KAPSARC Data Portal,REAL_OFFICIAL_AGGREGATE
2024-03-10,2024-03-16,Transportation,673465.0,Saudi Central Bank (SAMA) weekly POS via KAPSARC Data Portal,REAL_OFFICIAL_AGGREGATE
2024-03-17,2024-03-23,Beverage and Food,1735056.0,Saudi Central Bank (SAMA) weekly POS via KAPSARC Data Portal,REAL_OFFICIAL_AGGREGATE
2024-03-17,2024-03-23,Clothing and Footwear,1192886.0,Saudi Central Bank (SAMA) weekly POS via KAPSARC Data Portal,REAL_OFFICIAL_AGGREGATE
2024-03-17,2024-03-23,Construction & Building Materials,291311.0,Saudi Central Bank (SAMA) weekly POS via KAPSARC Data Portal,REAL_OFFICIAL_AGGREGATE
2024-03-17,2024-03-23,Education,95603.0,Saudi Central Bank (SAMA) weekly POS via KAPSARC Data Portal,REAL_OFFICIAL_AGGREGATE
2024-03-17,2024-03-23,Electronic & Electric Devices,213699.0,Saudi Central Bank (SAMA) weekly POS via KAPSARC Data Portal,REAL_OFFICIAL_AGGREGATE
2024-03-17,2024-03-23,Furniture,296724.0,Saudi Central Bank (SAMA) weekly POS via KAPSARC Data Portal,REAL_OFFICIAL_AGGREGATE
2024-03-17,2024-03-23,Gas Stations,742481.0,Saudi Central Bank (SAMA) weekly POS via KAPSARC Data Portal,REAL_OFFICIAL_AGGREGATE
2024-03-17,2024-03-23,Health,726877.0,Saudi Central Bank (SAMA) weekly POS via KAPSARC Data Portal,REAL_OFFICIAL_AGGREGATE
2024-03-17,2024-03-23,Hotels,307124.0,Saudi Central Bank (SAMA) weekly POS via KAPSARC Data Portal,REAL_OFFICIAL_AGGREGATE
2024-03-17,2024-03-23,Jewelry,302794.0,Saudi Central Bank (SAMA) weekly POS via KAPSARC Data Portal,REAL_OFFICIAL_AGGREGATE
2024-03-17,2024-03-23,Miscellaneous Goods and Services,1356710.0,Saudi Central Bank (SAMA) weekly POS via KAPSARC Data Portal,REAL_OFFICIAL_AGGREGATE
2024-03-17,2024-03-23,Other,1778313.0,Saudi Central Bank (SAMA) weekly POS via KAPSARC Data Portal,REAL_OFFICIAL_AGGREGATE
2024-03-17,2024-03-23,Public Utilities,73599.0,Saudi Central Bank (SAMA) weekly POS via KAPSARC Data Portal,REAL_OFFICIAL_AGGREGATE
2024-03-17,2024-03-23,Recreation and Culture,246451.0,Saudi Central Bank (SAMA) weekly POS via KAPSARC Data Portal,REAL_OFFICIAL_AGGREGATE
2024-03-17,2024-03-23,Restaurants & Café,1279615.0,Saudi Central Bank (SAMA) weekly POS via KAPSARC Data Portal,REAL_OFFICIAL_AGGREGATE
2024-03-17,2024-03-23,Telecommunication,101985.0,Saudi Central Bank (SAMA) weekly POS via KAPSARC Data Portal,REAL_OFFICIAL_AGGREGATE
2024-03-17,2024-03-23,Transportation,719752.0,Saudi Central Bank (SAMA) weekly POS via KAPSARC Data Portal,REAL_OFFICIAL_AGGREGATE
2024-03-24,2024-03-30,Beverage and Food,2028315.0,Saudi Central Bank (SAMA) weekly POS via KAPSARC Data Portal,REAL_OFFICIAL_AGGREGATE
2024-03-24,2024-03-30,Clothing and Footwear,1818419.0,Saudi Central Bank (SAMA) weekly POS via KAPSARC Data Portal,REAL_OFFICIAL_AGGREGATE
2024-03-24,2024-03-30,Construction & Building Materials,294121.0,Saudi Central Bank (SAMA) weekly POS via KAPSARC Data Portal,REAL_OFFICIAL_AGGREGATE
2024-03-24,2024-03-30,Education,110388.0,Saudi Central Bank (SAMA) weekly POS via KAPSARC Data Portal,REAL_OFFICIAL_AGGREGATE
2024-03-24,2024-03-30,Electronic & Electric Devices,213469.0,Saudi Central Bank (SAMA) weekly POS via KAPSARC Data Portal,REAL_OFFICIAL_AGGREGATE
2024-03-24,2024-03-30,Furniture,346074.0,Saudi Central Bank (SAMA) weekly POS via KAPSARC Data Portal,REAL_OFFICIAL_AGGREGATE
2024-03-24,2024-03-30,Gas Stations,804895.0,Saudi Central Bank (SAMA) weekly POS via KAPSARC Data Portal,REAL_OFFICIAL_AGGREGATE
2024-03-24,2024-03-30,Health,875285.0,Saudi Central Bank (SAMA) weekly POS via KAPSARC Data Portal,REAL_OFFICIAL_AGGREGATE
2024-03-24,2024-03-30,Hotels,362942.0,Saudi Central Bank (SAMA) weekly POS via KAPSARC Data Portal,REAL_OFFICIAL_AGGREGATE
2024-03-24,2024-03-30,Jewelry,403931.0,Saudi Central Bank (SAMA) weekly POS via KAPSARC Data Portal,REAL_OFFICIAL_AGGREGATE
2024-03-24,2024-03-30,Miscellaneous Goods and Services,1683110.0,Saudi Central Bank (SAMA) weekly POS via KAPSARC Data Portal,REAL_OFFICIAL_AGGREGATE
2024-03-24,2024-03-30,Other,2235975.0,Saudi Central Bank (SAMA) weekly POS via KAPSARC Data Portal,REAL_OFFICIAL_AGGREGATE
2024-03-24,2024-03-30,Public Utilities,79086.0,Saudi Central Bank (SAMA) weekly POS via KAPSARC Data Portal,REAL_OFFICIAL_AGGREGATE
2024-03-24,2024-03-30,Recreation and Culture,308992.0,Saudi Central Bank (SAMA) weekly POS via KAPSARC Data Portal,REAL_OFFICIAL_AGGREGATE
2024-03-24,2024-03-30,Restaurants & Café,1496980.0,Saudi Central Bank (SAMA) weekly POS via KAPSARC Data Portal,REAL_OFFICIAL_AGGREGATE
2024-03-24,2024-03-30,Telecommunication,130966.0,Saudi Central Bank (SAMA) weekly POS via KAPSARC Data Portal,REAL_OFFICIAL_AGGREGATE
2024-03-24,2024-03-30,Transportation,835595.0,Saudi Central Bank (SAMA) weekly POS via KAPSARC Data Portal,REAL_OFFICIAL_AGGREGATE
2024-03-31,2024-04-06,Beverage and Food,2149965.0,Saudi Central Bank (SAMA) weekly POS via KAPSARC Data Portal,REAL_OFFICIAL_AGGREGATE
2024-03-31,2024-04-06,Clothing and Footwear,2478665.0,Saudi Central Bank (SAMA) weekly POS via KAPSARC Data Portal,REAL_OFFICIAL_AGGREGATE
2024-03-31,2024-04-06,Construction & Building Materials,315828.0,Saudi Central Bank (SAMA) weekly POS via KAPSARC Data Portal,REAL_OFFICIAL_AGGREGATE
2024-03-31,2024-04-06,Education,35223.0,Saudi Central Bank (SAMA) weekly POS via KAPSARC Data Portal,REAL_OFFICIAL_AGGREGATE
2024-03-31,2024-04-06,Electronic & Electric Devices,241004.0,Saudi Central Bank (SAMA) weekly POS via KAPSARC Data Portal,REAL_OFFICIAL_AGGREGATE
2024-03-31,2024-04-06,Furniture,421348.0,Saudi Central Bank (SAMA) weekly POS via KAPSARC Data Portal,REAL_OFFICIAL_AGGREGATE
2024-03-31,2024-04-06,Gas Stations,834638.0,Saudi Central Bank (SAMA) weekly POS via KAPSARC Data Portal,REAL_OFFICIAL_AGGREGATE
2024-03-31,2024-04-06,Health,954186.0,Saudi Central Bank (SAMA) weekly POS via KAPSARC Data Portal,REAL_OFFICIAL_AGGREGATE
2024-03-31,2024-04-06,Hotels,398742.0,Saudi Central Bank (SAMA) weekly POS via KAPSARC Data Portal,REAL_OFFICIAL_AGGREGATE
2024-03-31,2024-04-06,Jewelry,601483.0,Saudi Central Bank (SAMA) weekly POS via KAPSARC Data Portal,REAL_OFFICIAL_AGGREGATE
2024-03-31,2024-04-06,Miscellaneous Goods and Services,2099679.0,Saudi Central Bank (SAMA) weekly POS via KAPSARC Data Portal,REAL_OFFICIAL_AGGREGATE
2024-03-31,2024-04-06,Other,2707706.0,Saudi Central Bank (SAMA) weekly POS via KAPSARC Data Portal,REAL_OFFICIAL_AGGREGATE
2024-03-31,2024-04-06,Public Utilities,82817.0,Saudi Central Bank (SAMA) weekly POS via KAPSARC Data Portal,REAL_OFFICIAL_AGGREGATE
2024-03-31,2024-04-06,Recreation and Culture,398036.0,Saudi Central Bank (SAMA) weekly POS via KAPSARC Data Portal,REAL_OFFICIAL_AGGREGATE
2024-03-31,2024-04-06,Restaurants & Café,1835158.0,Saudi Central Bank (SAMA) weekly POS via KAPSARC Data Portal,REAL_OFFICIAL_AGGREGATE
2024-03-31,2024-04-06,Telecommunication,136702.0,Saudi Central Bank (SAMA) weekly POS via KAPSARC Data Portal,REAL_OFFICIAL_AGGREGATE
2024-03-31,2024-04-06,Transportation,846686.0,Saudi Central Bank (SAMA) weekly POS via KAPSARC Data Portal,REAL_OFFICIAL_AGGREGATE
2024-04-07,2024-04-13,Beverage and Food,1708827.0,Saudi Central Bank (SAMA) weekly POS via KAPSARC Data Portal,REAL_OFFICIAL_AGGREGATE
2024-04-07,2024-04-13,Clothing and Footwear,1187274.0,Saudi Central Bank (SAMA) weekly POS via KAPSARC Data Portal,REAL_OFFICIAL_AGGREGATE
2024-04-07,2024-04-13,Construction & Building Materials,119430.0,Saudi Central Bank (SAMA) weekly POS via KAPSARC Data Portal,REAL_OFFICIAL_AGGREGATE
2024-04-07,2024-04-13,Education,4749.0,Saudi Central Bank (SAMA) weekly POS via KAPSARC Data Portal,REAL_OFFICIAL_AGGREGATE
2024-04-07,2024-04-13,Electronic & Electric Devices,118323.0,Saudi Central Bank (SAMA) weekly POS via KAPSARC Data Portal,REAL_OFFICIAL_AGGREGATE
2024-04-07,2024-04-13,Furniture,197099.0,Saudi Central Bank (SAMA) weekly POS via KAPSARC Data Portal,REAL_OFFICIAL_AGGREGATE
2024-04-07,2024-04-13,Gas Stations,789755.0,Saudi Central Bank (SAMA) weekly POS via KAPSARC Data Portal,REAL_OFFICIAL_AGGREGATE
2024-04-07,2024-04-13,Health,516859.0,Saudi Central Bank (SAMA) weekly POS via KAPSARC Data Portal,REAL_OFFICIAL_AGGREGATE
2024-04-07,2024-04-13,Hotels,328661.0,Saudi Central Bank (SAMA) weekly POS via KAPSARC Data Portal,REAL_OFFICIAL_AGGREGATE
2024-04-07,2024-04-13,Jewelry,375938.0,Saudi Central Bank (SAMA) weekly POS via KAPSARC Data Portal,REAL_OFFICIAL_AGGREGATE
2024-04-07,2024-04-13,Miscellaneous Goods and Services,1359091.0,Saudi Central Bank (SAMA) weekly POS via KAPSARC Data Portal,REAL_OFFICIAL_AGGREGATE
2024-04-07,2024-04-13,Other,1738368.0,Saudi Central Bank (SAMA) weekly POS via KAPSARC Data Portal,REAL_OFFICIAL_AGGREGATE
2024-04-07,2024-04-13,Public Utilities,53184.0,Saudi Central Bank (SAMA) weekly POS via KAPSARC Data Portal,REAL_OFFICIAL_AGGREGATE
2024-04-07,2024-04-13,Recreation and Culture,311474.0,Saudi Central Bank (SAMA) weekly POS via KAPSARC Data Portal,REAL_OFFICIAL_AGGREGATE
2024-04-07,2024-04-13,Restaurants & Café,2151949.0,Saudi Central Bank (SAMA) weekly POS via KAPSARC Data Portal,REAL_OFFICIAL_AGGREGATE
2024-04-07,2024-04-13,Telecommunication,74962.0,Saudi Central Bank (SAMA) weekly POS via KAPSARC Data Portal,REAL_OFFICIAL_AGGREGATE
2024-04-07,2024-04-13,Transportation,315403.0,Saudi Central Bank (SAMA) weekly POS via KAPSARC Data Portal,REAL_OFFICIAL_AGGREGATE
2024-04-14,2024-04-20,Beverage and Food,1622188.0,Saudi Central Bank (SAMA) weekly POS via KAPSARC Data Portal,REAL_OFFICIAL_AGGREGATE
2024-04-14,2024-04-20,Clothing and Footwear,489441.0,Saudi Central Bank (SAMA) weekly POS via KAPSARC Data Portal,REAL_OFFICIAL_AGGREGATE
2024-04-14,2024-04-20,Construction & Building Materials,280541.0,Saudi Central Bank (SAMA) weekly POS via KAPSARC Data Portal,REAL_OFFICIAL_AGGREGATE
2024-04-14,2024-04-20,Education,147090.0,Saudi Central Bank (SAMA) weekly POS via KAPSARC Data Portal,REAL_OFFICIAL_AGGREGATE
2024-04-14,2024-04-20,Electronic & Electric Devices,184271.0,Saudi Central Bank (SAMA) weekly POS via KAPSARC Data Portal,REAL_OFFICIAL_AGGREGATE
2024-04-14,2024-04-20,Furniture,200954.0,Saudi Central Bank (SAMA) weekly POS via KAPSARC Data Portal,REAL_OFFICIAL_AGGREGATE
2024-04-14,2024-04-20,Gas Stations,761536.0,Saudi Central Bank (SAMA) weekly POS via KAPSARC Data Portal,REAL_OFFICIAL_AGGREGATE
2024-04-14,2024-04-20,Health,651763.0,Saudi Central Bank (SAMA) weekly POS via KAPSARC Data Portal,REAL_OFFICIAL_AGGREGATE
2024-04-14,2024-04-20,Hotels,237556.0,Saudi Central Bank (SAMA) weekly POS via KAPSARC Data Portal,REAL_OFFICIAL_AGGREGATE
2024-04-14,2024-04-20,Jewelry,196125.0,Saudi Central Bank (SAMA) weekly POS via KAPSARC Data Portal,REAL_OFFICIAL_AGGREGATE
2024-04-14,2024-04-20,Miscellaneous Goods and Services,1227447.0,Saudi Central Bank (SAMA) weekly POS via KAPSARC Data Portal,REAL_OFFICIAL_AGGREGATE
2024-04-14,2024-04-20,Other,1602286.0,Saudi Central Bank (SAMA) weekly POS via KAPSARC Data Portal,REAL_OFFICIAL_AGGREGATE
2024-04-14,2024-04-20,Public Utilities,63796.0,Saudi Central Bank (SAMA) weekly POS via KAPSARC Data Portal,REAL_OFFICIAL_AGGREGATE
2024-04-14,2024-04-20,Recreation and Culture,210164.0,Saudi Central Bank (SAMA) weekly POS via KAPSARC Data Portal,REAL_OFFICIAL_AGGREGATE
2024-04-14,2024-04-20,Restaurants & Café,1613514.0,Saudi Central Bank (SAMA) weekly POS via KAPSARC Data Portal,REAL_OFFICIAL_AGGREGATE
2024-04-14,2024-04-20,Telecommunication,80293.0,Saudi Central Bank (SAMA) weekly POS via KAPSARC Data Portal,REAL_OFFICIAL_AGGREGATE
2024-04-14,2024-04-20,Transportation,569802.0,Saudi Central Bank (SAMA) weekly POS via KAPSARC Data Portal,REAL_OFFICIAL_AGGREGATE
2024-04-21,2024-04-27,Beverage and Food,1731175.0,Saudi Central Bank (SAMA) weekly POS via KAPSARC Data Portal,REAL_OFFICIAL_AGGREGATE
2024-04-21,2024-04-27,Clothing and Footwear,540555.0,Saudi Central Bank (SAMA) weekly POS via KAPSARC Data Portal,REAL_OFFICIAL_AGGREGATE
2024-04-21,2024-04-27,Construction & Building Materials,304062.0,Saudi Central Bank (SAMA) weekly POS via KAPSARC Data Portal,REAL_OFFICIAL_AGGREGATE
2024-04-21,2024-04-27,Education,164771.0,Saudi Central Bank (SAMA) weekly POS via KAPSARC Data Portal,REAL_OFFICIAL_AGGREGATE
2024-04-21,2024-04-27,Electronic & Electric Devices,200637.0,Saudi Central Bank (SAMA) weekly POS via KAPSARC Data Portal,REAL_OFFICIAL_AGGREGATE
2024-04-21,2024-04-27,Furniture,225216.0,Saudi Central Bank (SAMA) weekly POS via KAPSARC Data Portal,REAL_OFFICIAL_AGGREGATE
2024-04-21,2024-04-27,Gas Stations,792107.0,Saudi Central Bank (SAMA) weekly POS via KAPSARC Data Portal,REAL_OFFICIAL_AGGREGATE
2024-04-21,2024-04-27,Health,706733.0,Saudi Central Bank (SAMA) weekly POS via KAPSARC Data Portal,REAL_OFFICIAL_AGGREGATE
2024-04-21,2024-04-27,Hotels,261263.0,Saudi Central Bank (SAMA) weekly POS via KAPSARC Data Portal,REAL_OFFICIAL_AGGREGATE
2024-04-21,2024-04-27,Jewelry,213598.0,Saudi Central Bank (SAMA) weekly POS via KAPSARC Data Portal,REAL_OFFICIAL_AGGREGATE
2024-04-21,2024-04-27,Miscellaneous Goods and Services,1307238.0,Saudi Central Bank (SAMA) weekly POS via KAPSARC Data Portal,REAL_OFFICIAL_AGGREGATE
2024-04-21,2024-04-27,Other,1712572.0,Saudi Central Bank (SAMA) weekly POS via KAPSARC Data Portal,REAL_OFFICIAL_AGGREGATE
2024-04-21,2024-04-27,Public Utilities,70888.0,Saudi Central Bank (SAMA) weekly POS via KAPSARC Data Portal,REAL_OFFICIAL_AGGREGATE
2024-04-21,2024-04-27,Recreation and Culture,214277.0,Saudi Central Bank (SAMA) weekly POS via KAPSARC Data Portal,REAL_OFFICIAL_AGGREGATE
2024-04-21,2024-04-27,Restaurants & Café,1646082.0,Saudi Central Bank (SAMA) weekly POS via KAPSARC Data Portal,REAL_OFFICIAL_AGGREGATE
2024-04-21,2024-04-27,Telecommunication,91427.0,Saudi Central Bank (SAMA) weekly POS via KAPSARC Data Portal,REAL_OFFICIAL_AGGREGATE
2024-04-21,2024-04-27,Transportation,669030.0,Saudi Central Bank (SAMA) weekly POS via KAPSARC Data Portal,REAL_OFFICIAL_AGGREGATE
2024-04-28,2024-05-04,Beverage and Food,2421625.0,Saudi Central Bank (SAMA) weekly POS via KAPSARC Data Portal,REAL_OFFICIAL_AGGREGATE
2024-04-28,2024-05-04,Clothing and Footwear,814409.0,Saudi Central Bank (SAMA) weekly POS via KAPSARC Data Portal,REAL_OFFICIAL_AGGREGATE
2024-04-28,2024-05-04,Construction & Building Materials,344652.0,Saudi Central Bank (SAMA) weekly POS via KAPSARC Data Portal,REAL_OFFICIAL_AGGREGATE
2024-04-28,2024-05-04,Education,206364.0,Saudi Central Bank (SAMA) weekly POS via KAPSARC Data Portal,REAL_OFFICIAL_AGGREGATE
2024-04-28,2024-05-04,Electronic & Electric Devices,251746.0,Saudi Central Bank (SAMA) weekly POS via KAPSARC Data Portal,REAL_OFFICIAL_AGGREGATE
2024-04-28,2024-05-04,Furniture,306708.0,Saudi Central Bank (SAMA) weekly POS via KAPSARC Data Portal,REAL_OFFICIAL_AGGREGATE
2024-04-28,2024-05-04,Gas Stations,972469.0,Saudi Central Bank (SAMA) weekly POS via KAPSARC Data Portal,REAL_OFFICIAL_AGGREGATE
2024-04-28,2024-05-04,Health,945859.0,Saudi Central Bank (SAMA) weekly POS via KAPSARC Data Portal,REAL_OFFICIAL_AGGREGATE
2024-04-28,2024-05-04,Hotels,324853.0,Saudi Central Bank (SAMA) weekly POS via KAPSARC Data Portal,REAL_OFFICIAL_AGGREGATE
2024-04-28,2024-05-04,Jewelry,278494.0,Saudi Central Bank (SAMA) weekly POS via KAPSARC Data Portal,REAL_OFFICIAL_AGGREGATE
2024-04-28,2024-05-04,Miscellaneous Goods and Services,1803940.0,Saudi Central Bank (SAMA) weekly POS via KAPSARC Data Portal,REAL_OFFICIAL_AGGREGATE
2024-04-28,2024-05-04,Other,2380894.0,Saudi Central Bank (SAMA) weekly POS via KAPSARC Data Portal,REAL_OFFICIAL_AGGREGATE
2024-04-28,2024-05-04,Public Utilities,91258.0,Saudi Central Bank (SAMA) weekly POS via KAPSARC Data Portal,REAL_OFFICIAL_AGGREGATE
2024-04-28,2024-05-04,Recreation and Culture,293506.0,Saudi Central Bank (SAMA) weekly POS via KAPSARC Data Portal,REAL_OFFICIAL_AGGREGATE
2024-04-28,2024-05-04,Restaurants & Café,2090474.0,Saudi Central Bank (SAMA) weekly POS via KAPSARC Data Portal,REAL_OFFICIAL_AGGREGATE
2024-04-28,2024-05-04,Telecommunication,134284.0,Saudi Central Bank (SAMA) weekly POS via KAPSARC Data Portal,REAL_OFFICIAL_AGGREGATE
2024-04-28,2024-05-04,Transportation,811977.0,Saudi Central Bank (SAMA) weekly POS via KAPSARC Data Portal,REAL_OFFICIAL_AGGREGATE
2024-05-05,2024-05-11,Beverage and Food,1956354.0,Saudi Central Bank (SAMA) weekly POS via KAPSARC Data Portal,REAL_OFFICIAL_AGGREGATE
2024-05-05,2024-05-11,Clothing and Footwear,695339.0,Saudi Central Bank (SAMA) weekly POS via KAPSARC Data Portal,REAL_OFFICIAL_AGGREGATE
2024-05-05,2024-05-11,Construction & Building Materials,341413.0,Saudi Central Bank (SAMA) weekly POS via KAPSARC Data Portal,REAL_OFFICIAL_AGGREGATE
2024-05-05,2024-05-11,Education,198297.0,Saudi Central Bank (SAMA) weekly POS via KAPSARC Data Portal,REAL_OFFICIAL_AGGREGATE
2024-05-05,2024-05-11,Electronic & Electric Devices,226532.0,Saudi Central Bank (SAMA) weekly POS via KAPSARC Data Portal,REAL_OFFICIAL_AGGREGATE
2024-05-05,2024-05-11,Furniture,277739.0,Saudi Central Bank (SAMA) weekly POS via KAPSARC Data Portal,REAL_OFFICIAL_AGGREGATE
2024-05-05,2024-05-11,Gas Stations,889469.0,Saudi Central Bank (SAMA) weekly POS via KAPSARC Data Portal,REAL_OFFICIAL_AGGREGATE
2024-05-05,2024-05-11,Health,830953.0,Saudi Central Bank (SAMA) weekly POS via KAPSARC Data Portal,REAL_OFFICIAL_AGGREGATE
2024-05-05,2024-05-11,Hotels,264559.0,Saudi Central Bank (SAMA) weekly POS via KAPSARC Data Portal,REAL_OFFICIAL_AGGREGATE
2024-05-05,2024-05-11,Jewelry,252507.0,Saudi Central Bank (SAMA) weekly POS via KAPSARC Data Portal,REAL_OFFICIAL_AGGREGATE
2024-05-05,2024-05-11,Miscellaneous Goods and Services,1551069.0,Saudi Central Bank (SAMA) weekly POS via KAPSARC Data Portal,REAL_OFFICIAL_AGGREGATE
2024-05-05,2024-05-11,Other,2052763.0,Saudi Central Bank (SAMA) weekly POS via KAPSARC Data Portal,REAL_OFFICIAL_AGGREGATE
2024-05-05,2024-05-11,Public Utilities,82211.0,Saudi Central Bank (SAMA) weekly POS via KAPSARC Data Portal,REAL_OFFICIAL_AGGREGATE
2024-05-05,2024-05-11,Recreation and Culture,249688.0,Saudi Central Bank (SAMA) weekly POS via KAPSARC Data Portal,REAL_OFFICIAL_AGGREGATE
2024-05-05,2024-05-11,Restaurants & Café,1824272.0,Saudi Central Bank (SAMA) weekly POS via KAPSARC Data Portal,REAL_OFFICIAL_AGGREGATE
2024-05-05,2024-05-11,Telecommunication,105638.0,Saudi Central Bank (SAMA) weekly POS via KAPSARC Data Portal,REAL_OFFICIAL_AGGREGATE
2024-05-05,2024-05-11,Transportation,723496.0,Saudi Central Bank (SAMA) weekly POS via KAPSARC Data Portal,REAL_OFFICIAL_AGGREGATE
2024-05-12,2024-05-18,Beverage and Food,1773961.0,Saudi Central Bank (SAMA) weekly POS via KAPSARC Data Portal,REAL_OFFICIAL_AGGREGATE
2024-05-12,2024-05-18,Clothing and Footwear,649958.0,Saudi Central Bank (SAMA) weekly POS via KAPSARC Data Portal,REAL_OFFICIAL_AGGREGATE
2024-05-12,2024-05-18,Construction & Building Materials,342551.0,Saudi Central Bank (SAMA) weekly POS via KAPSARC Data Portal,REAL_OFFICIAL_AGGREGATE
2024-05-12,2024-05-18,Education,152327.0,Saudi Central Bank (SAMA) weekly POS via KAPSARC Data Portal,REAL_OFFICIAL_AGGREGATE
2024-05-12,2024-05-18,Electronic & Electric Devices,219531.0,Saudi Central Bank (SAMA) weekly POS via KAPSARC Data Portal,REAL_OFFICIAL_AGGREGATE
2024-05-12,2024-05-18,Furniture,266215.0,Saudi Central Bank (SAMA) weekly POS via KAPSARC Data Portal,REAL_OFFICIAL_AGGREGATE
2024-05-12,2024-05-18,Gas Stations,842870.0,Saudi Central Bank (SAMA) weekly POS via KAPSARC Data Portal,REAL_OFFICIAL_AGGREGATE
2024-05-12,2024-05-18,Health,767137.0,Saudi Central Bank (SAMA) weekly POS via KAPSARC Data Portal,REAL_OFFICIAL_AGGREGATE
2024-05-12,2024-05-18,Hotels,254881.0,Saudi Central Bank (SAMA) weekly POS via KAPSARC Data Portal,REAL_OFFICIAL_AGGREGATE
2024-05-12,2024-05-18,Jewelry,229109.0,Saudi Central Bank (SAMA) weekly POS via KAPSARC Data Portal,REAL_OFFICIAL_AGGREGATE
2024-05-12,2024-05-18,Miscellaneous Goods and Services,1440838.0,Saudi Central Bank (SAMA) weekly POS via KAPSARC Data Portal,REAL_OFFICIAL_AGGREGATE
2024-05-12,2024-05-18,Other,1868309.0,Saudi Central Bank (SAMA) weekly POS via KAPSARC Data Portal,REAL_OFFICIAL_AGGREGATE
2024-05-12,2024-05-18,Public Utilities,77848.0,Saudi Central Bank (SAMA) weekly POS via KAPSARC Data Portal,REAL_OFFICIAL_AGGREGATE
2024-05-12,2024-05-18,Recreation and Culture,240494.0,Saudi Central Bank (SAMA) weekly POS via KAPSARC Data Portal,REAL_OFFICIAL_AGGREGATE
2024-05-12,2024-05-18,Restaurants & Café,1725943.0,Saudi Central Bank (SAMA) weekly POS via KAPSARC Data Portal,REAL_OFFICIAL_AGGREGATE
2024-05-12,2024-05-18,Telecommunication,95014.0,Saudi Central Bank (SAMA) weekly POS via KAPSARC Data Portal,REAL_OFFICIAL_AGGREGATE
2024-05-12,2024-05-18,Transportation,707037.0,Saudi Central Bank (SAMA) weekly POS via KAPSARC Data Portal,REAL_OFFICIAL_AGGREGATE
2024-05-19,2024-05-25,Beverage and Food,1669720.0,Saudi Central Bank (SAMA) weekly POS via KAPSARC Data Portal,REAL_OFFICIAL_AGGREGATE
2024-05-19,2024-05-25,Clothing and Footwear,637003.0,Saudi Central Bank (SAMA) weekly POS via KAPSARC Data Portal,REAL_OFFICIAL_AGGREGATE
2024-05-19,2024-05-25,Construction & Building Materials,333051.0,Saudi Central Bank (SAMA) weekly POS via KAPSARC Data Portal,REAL_OFFICIAL_AGGREGATE
2024-05-19,2024-05-25,Education,152487.0,Saudi Central Bank (SAMA) weekly POS via KAPSARC Data Portal,REAL_OFFICIAL_AGGREGATE
2024-05-19,2024-05-25,Electronic & Electric Devices,240427.0,Saudi Central Bank (SAMA) weekly POS via KAPSARC Data Portal,REAL_OFFICIAL_AGGREGATE
2024-05-19,2024-05-25,Furniture,257131.0,Saudi Central Bank (SAMA) weekly POS via KAPSARC Data Portal,REAL_OFFICIAL_AGGREGATE
2024-05-19,2024-05-25,Gas Stations,793077.0,Saudi Central Bank (SAMA) weekly POS via KAPSARC Data Portal,REAL_OFFICIAL_AGGREGATE
2024-05-19,2024-05-25,Health,720518.0,Saudi Central Bank (SAMA) weekly POS via KAPSARC Data Portal,REAL_OFFICIAL_AGGREGATE
2024-05-19,2024-05-25,Hotels,227139.0,Saudi Central Bank (SAMA) weekly POS via KAPSARC Data Portal,REAL_OFFICIAL_AGGREGATE
2024-05-19,2024-05-25,Jewelry,224702.0,Saudi Central Bank (SAMA) weekly POS via KAPSARC Data Portal,REAL_OFFICIAL_AGGREGATE
2024-05-19,2024-05-25,Miscellaneous Goods and Services,1367337.0,Saudi Central Bank (SAMA) weekly POS via KAPSARC Data Portal,REAL_OFFICIAL_AGGREGATE
2024-05-19,2024-05-25,Other,1840975.0,Saudi Central Bank (SAMA) weekly POS via KAPSARC Data Portal,REAL_OFFICIAL_AGGREGATE
2024-05-19,2024-05-25,Public Utilities,72752.0,Saudi Central Bank (SAMA) weekly POS via KAPSARC Data Portal,REAL_OFFICIAL_AGGREGATE
2024-05-19,2024-05-25,Recreation and Culture,232990.0,Saudi Central Bank (SAMA) weekly POS via KAPSARC Data Portal,REAL_OFFICIAL_AGGREGATE
2024-05-19,2024-05-25,Restaurants & Café,1643162.0,Saudi Central Bank (SAMA) weekly POS via KAPSARC Data Portal,REAL_OFFICIAL_AGGREGATE
2024-05-19,2024-05-25,Telecommunication,95012.0,Saudi Central Bank (SAMA) weekly POS via KAPSARC Data Portal,REAL_OFFICIAL_AGGREGATE
2024-05-19,2024-05-25,Transportation,699059.0,Saudi Central Bank (SAMA) weekly POS via KAPSARC Data Portal,REAL_OFFICIAL_AGGREGATE
2024-05-26,2024-06-01,Beverage and Food,2400298.0,Saudi Central Bank (SAMA) weekly POS via KAPSARC Data Portal,REAL_OFFICIAL_AGGREGATE
2024-05-26,2024-06-01,Clothing and Footwear,999085.0,Saudi Central Bank (SAMA) weekly POS via KAPSARC Data Portal,REAL_OFFICIAL_AGGREGATE
2024-05-26,2024-06-01,Construction & Building Materials,377008.0,Saudi Central Bank (SAMA) weekly POS via KAPSARC Data Portal,REAL_OFFICIAL_AGGREGATE
2024-05-26,2024-06-01,Education,237594.0,Saudi Central Bank (SAMA) weekly POS via KAPSARC Data Portal,REAL_OFFICIAL_AGGREGATE
2024-05-26,2024-06-01,Electronic & Electric Devices,313719.0,Saudi Central Bank (SAMA) weekly POS via KAPSARC Data Portal,REAL_OFFICIAL_AGGREGATE
2024-05-26,2024-06-01,Furniture,336112.0,Saudi Central Bank (SAMA) weekly POS via KAPSARC Data Portal,REAL_OFFICIAL_AGGREGATE
2024-05-26,2024-06-01,Gas Stations,974059.0,Saudi Central Bank (SAMA) weekly POS via KAPSARC Data Portal,REAL_OFFICIAL_AGGREGATE
2024-05-26,2024-06-01,Health,965442.0,Saudi Central Bank (SAMA) weekly POS via KAPSARC Data Portal,REAL_OFFICIAL_AGGREGATE
2024-05-26,2024-06-01,Hotels,214587.0,Saudi Central Bank (SAMA) weekly POS via KAPSARC Data Portal,REAL_OFFICIAL_AGGREGATE
2024-05-26,2024-06-01,Jewelry,295559.0,Saudi Central Bank (SAMA) weekly POS via KAPSARC Data Portal,REAL_OFFICIAL_AGGREGATE
2024-05-26,2024-06-01,Miscellaneous Goods and Services,1879834.0,Saudi Central Bank (SAMA) weekly POS via KAPSARC Data Portal,REAL_OFFICIAL_AGGREGATE
2024-05-26,2024-06-01,Other,2577979.0,Saudi Central Bank (SAMA) weekly POS via KAPSARC Data Portal,REAL_OFFICIAL_AGGREGATE
2024-05-26,2024-06-01,Public Utilities,94662.0,Saudi Central Bank (SAMA) weekly POS via KAPSARC Data Portal,REAL_OFFICIAL_AGGREGATE
2024-05-26,2024-06-01,Recreation and Culture,323604.0,Saudi Central Bank (SAMA) weekly POS via KAPSARC Data Portal,REAL_OFFICIAL_AGGREGATE
2024-05-26,2024-06-01,Restaurants & Café,2073533.0,Saudi Central Bank (SAMA) weekly POS via KAPSARC Data Portal,REAL_OFFICIAL_AGGREGATE
2024-05-26,2024-06-01,Telecommunication,148632.0,Saudi Central Bank (SAMA) weekly POS via KAPSARC Data Portal,REAL_OFFICIAL_AGGREGATE
2024-05-26,2024-06-01,Transportation,1011045.0,Saudi Central Bank (SAMA) weekly POS via KAPSARC Data Portal,REAL_OFFICIAL_AGGREGATE
2024-06-02,2024-06-08,Beverage and Food,1948219.0,Saudi Central Bank (SAMA) weekly POS via KAPSARC Data Portal,REAL_OFFICIAL_AGGREGATE
2024-06-02,2024-06-08,Clothing and Footwear,999077.0,Saudi Central Bank (SAMA) weekly POS via KAPSARC Data Portal,REAL_OFFICIAL_AGGREGATE
2024-06-02,2024-06-08,Construction & Building Materials,354705.0,Saudi Central Bank (SAMA) weekly POS via KAPSARC Data Portal,REAL_OFFICIAL_AGGREGATE
2024-06-02,2024-06-08,Education,224932.0,Saudi Central Bank (SAMA) weekly POS via KAPSARC Data Portal,REAL_OFFICIAL_AGGREGATE
2024-06-02,2024-06-08,Electronic & Electric Devices,286514.0,Saudi Central Bank (SAMA) weekly POS via KAPSARC Data Portal,REAL_OFFICIAL_AGGREGATE
2024-06-02,2024-06-08,Furniture,311222.0,Saudi Central Bank (SAMA) weekly POS via KAPSARC Data Portal,REAL_OFFICIAL_AGGREGATE
2024-06-02,2024-06-08,Gas Stations,873069.0,Saudi Central Bank (SAMA) weekly POS via KAPSARC Data Portal,REAL_OFFICIAL_AGGREGATE
2024-06-02,2024-06-08,Health,851939.0,Saudi Central Bank (SAMA) weekly POS via KAPSARC Data Portal,REAL_OFFICIAL_AGGREGATE
2024-06-02,2024-06-08,Hotels,192351.0,Saudi Central Bank (SAMA) weekly POS via KAPSARC Data Portal,REAL_OFFICIAL_AGGREGATE
2024-06-02,2024-06-08,Jewelry,288140.0,Saudi Central Bank (SAMA) weekly POS via KAPSARC Data Portal,REAL_OFFICIAL_AGGREGATE
2024-06-02,2024-06-08,Miscellaneous Goods and Services,1747039.0,Saudi Central Bank (SAMA) weekly POS via KAPSARC Data Portal,REAL_OFFICIAL_AGGREGATE
2024-06-02,2024-06-08,Other,2281028.0,Saudi Central Bank (SAMA) weekly POS via KAPSARC Data Portal,REAL_OFFICIAL_AGGREGATE
2024-06-02,2024-06-08,Public Utilities,83967.0,Saudi Central Bank (SAMA) weekly POS via KAPSARC Data Portal,REAL_OFFICIAL_AGGREGATE
2024-06-02,2024-06-08,Recreation and Culture,311957.0,Saudi Central Bank (SAMA) weekly POS via KAPSARC Data Portal,REAL_OFFICIAL_AGGREGATE
2024-06-02,2024-06-08,Restaurants & Café,1896152.0,Saudi Central Bank (SAMA) weekly POS via KAPSARC Data Portal,REAL_OFFICIAL_AGGREGATE
2024-06-02,2024-06-08,Telecommunication,116129.0,Saudi Central Bank (SAMA) weekly POS via KAPSARC Data Portal,REAL_OFFICIAL_AGGREGATE
2024-06-02,2024-06-08,Transportation,875380.0,Saudi Central Bank (SAMA) weekly POS via KAPSARC Data Portal,REAL_OFFICIAL_AGGREGATE
2024-06-09,2024-06-15,Beverage and Food,2017066.0,Saudi Central Bank (SAMA) weekly POS via KAPSARC Data Portal,REAL_OFFICIAL_AGGREGATE
2024-06-09,2024-06-15,Clothing and Footwear,1356983.0,Saudi Central Bank (SAMA) weekly POS via KAPSARC Data Portal,REAL_OFFICIAL_AGGREGATE
2024-06-09,2024-06-15,Construction & Building Materials,310196.0,Saudi Central Bank (SAMA) weekly POS via KAPSARC Data Portal,REAL_OFFICIAL_AGGREGATE
2024-06-09,2024-06-15,Education,172445.0,Saudi Central Bank (SAMA) weekly POS via KAPSARC Data Portal,REAL_OFFICIAL_AGGREGATE
2024-06-09,2024-06-15,Electronic & Electric Devices,236818.0,Saudi Central Bank (SAMA) weekly POS via KAPSARC Data Portal,REAL_OFFICIAL_AGGREGATE
2024-06-09,2024-06-15,Furniture,322524.0,Saudi Central Bank (SAMA) weekly POS via KAPSARC Data Portal,REAL_OFFICIAL_AGGREGATE
2024-06-09,2024-06-15,Gas Stations,882726.0,Saudi Central Bank (SAMA) weekly POS via KAPSARC Data Portal,REAL_OFFICIAL_AGGREGATE
2024-06-09,2024-06-15,Health,799149.0,Saudi Central Bank (SAMA) weekly POS via KAPSARC Data Portal,REAL_OFFICIAL_AGGREGATE
2024-06-09,2024-06-15,Hotels,201783.0,Saudi Central Bank (SAMA) weekly POS via KAPSARC Data Portal,REAL_OFFICIAL_AGGREGATE
2024-06-09,2024-06-15,Jewelry,337375.0,Saudi Central Bank (SAMA) weekly POS via KAPSARC Data Portal,REAL_OFFICIAL_AGGREGATE
2024-06-09,2024-06-15,Miscellaneous Goods and Services,1883675.0,Saudi Central Bank (SAMA) weekly POS via KAPSARC Data Portal,REAL_OFFICIAL_AGGREGATE
2024-06-09,2024-06-15,Other,2371260.0,Saudi Central Bank (SAMA) weekly POS via KAPSARC Data Portal,REAL_OFFICIAL_AGGREGATE
2024-06-09,2024-06-15,Public Utilities,86955.0,Saudi Central Bank (SAMA) weekly POS via KAPSARC Data Portal,REAL_OFFICIAL_AGGREGATE
2024-06-09,2024-06-15,Recreation and Culture,348584.0,Saudi Central Bank (SAMA) weekly POS via KAPSARC Data Portal,REAL_OFFICIAL_AGGREGATE
2024-06-09,2024-06-15,Restaurants & Café,2013391.0,Saudi Central Bank (SAMA) weekly POS via KAPSARC Data Portal,REAL_OFFICIAL_AGGREGATE
2024-06-09,2024-06-15,Telecommunication,125830.0,Saudi Central Bank (SAMA) weekly POS via KAPSARC Data Portal,REAL_OFFICIAL_AGGREGATE
2024-06-09,2024-06-15,Transportation,768137.0,Saudi Central Bank (SAMA) weekly POS via KAPSARC Data Portal,REAL_OFFICIAL_AGGREGATE
2024-06-16,2024-06-22,Beverage and Food,1364079.0,Saudi Central Bank (SAMA) weekly POS via KAPSARC Data Portal,REAL_OFFICIAL_AGGREGATE
2024-06-16,2024-06-22,Clothing and Footwear,483381.0,Saudi Central Bank (SAMA) weekly POS via KAPSARC Data Portal,REAL_OFFICIAL_AGGREGATE
2024-06-16,2024-06-22,Construction & Building Materials,155945.0,Saudi Central Bank (SAMA) weekly POS via KAPSARC Data Portal,REAL_OFFICIAL_AGGREGATE
2024-06-16,2024-06-22,Education,4786.0,Saudi Central Bank (SAMA) weekly POS via KAPSARC Data Portal,REAL_OFFICIAL_AGGREGATE
2024-06-16,2024-06-22,Electronic & Electric Devices,117103.0,Saudi Central Bank (SAMA) weekly POS via KAPSARC Data Portal,REAL_OFFICIAL_AGGREGATE
2024-06-16,2024-06-22,Furniture,150777.0,Saudi Central Bank (SAMA) weekly POS via KAPSARC Data Portal,REAL_OFFICIAL_AGGREGATE
2024-06-16,2024-06-22,Gas Stations,695377.0,Saudi Central Bank (SAMA) weekly POS via KAPSARC Data Portal,REAL_OFFICIAL_AGGREGATE
2024-06-16,2024-06-22,Health,432629.0,Saudi Central Bank (SAMA) weekly POS via KAPSARC Data Portal,REAL_OFFICIAL_AGGREGATE
2024-06-16,2024-06-22,Hotels,191394.0,Saudi Central Bank (SAMA) weekly POS via KAPSARC Data Portal,REAL_OFFICIAL_AGGREGATE
2024-06-16,2024-06-22,Jewelry,166697.0,Saudi Central Bank (SAMA) weekly POS via KAPSARC Data Portal,REAL_OFFICIAL_AGGREGATE
2024-06-16,2024-06-22,Miscellaneous Goods and Services,991698.0,Saudi Central Bank (SAMA) weekly POS via KAPSARC Data Portal,REAL_OFFICIAL_AGGREGATE
2024-06-16,2024-06-22,Other,1347661.0,Saudi Central Bank (SAMA) weekly POS via KAPSARC Data Portal,REAL_OFFICIAL_AGGREGATE
2024-06-16,2024-06-22,Public Utilities,47853.0,Saudi Central Bank (SAMA) weekly POS via KAPSARC Data Portal,REAL_OFFICIAL_AGGREGATE
2024-06-16,2024-06-22,Recreation and Culture,211264.0,Saudi Central Bank (SAMA) weekly POS via KAPSARC Data Portal,REAL_OFFICIAL_AGGREGATE
2024-06-16,2024-06-22,Restaurants & Café,1610982.0,Saudi Central Bank (SAMA) weekly POS via KAPSARC Data Portal,REAL_OFFICIAL_AGGREGATE
2024-06-16,2024-06-22,Telecommunication,62064.0,Saudi Central Bank (SAMA) weekly POS via KAPSARC Data Portal,REAL_OFFICIAL_AGGREGATE
2024-06-16,2024-06-22,Transportation,309322.0,Saudi Central Bank (SAMA) weekly POS via KAPSARC Data Portal,REAL_OFFICIAL_AGGREGATE
2024-06-23,2024-06-29,Beverage and Food,1887182.0,Saudi Central Bank (SAMA) weekly POS via KAPSARC Data Portal,REAL_OFFICIAL_AGGREGATE
2024-06-23,2024-06-29,Clothing and Footwear,717162.0,Saudi Central Bank (SAMA) weekly POS via KAPSARC Data Portal,REAL_OFFICIAL_AGGREGATE
2024-06-23,2024-06-29,Construction & Building Materials,328516.0,Saudi Central Bank (SAMA) weekly POS via KAPSARC Data Portal,REAL_OFFICIAL_AGGREGATE
2024-06-23,2024-06-29,Education,99064.0,Saudi Central Bank (SAMA) weekly POS via KAPSARC Data Portal,REAL_OFFICIAL_AGGREGATE
2024-06-23,2024-06-29,Electronic & Electric Devices,220385.0,Saudi Central Bank (SAMA) weekly POS via KAPSARC Data Portal,REAL_OFFICIAL_AGGREGATE
2024-06-23,2024-06-29,Furniture,276319.0,Saudi Central Bank (SAMA) weekly POS via KAPSARC Data Portal,REAL_OFFICIAL_AGGREGATE
2024-06-23,2024-06-29,Gas Stations,834527.0,Saudi Central Bank (SAMA) weekly POS via KAPSARC Data Portal,REAL_OFFICIAL_AGGREGATE
2024-06-23,2024-06-29,Health,801254.0,Saudi Central Bank (SAMA) weekly POS via KAPSARC Data Portal,REAL_OFFICIAL_AGGREGATE
2024-06-23,2024-06-29,Hotels,220379.0,Saudi Central Bank (SAMA) weekly POS via KAPSARC Data Portal,REAL_OFFICIAL_AGGREGATE
2024-06-23,2024-06-29,Jewelry,240048.0,Saudi Central Bank (SAMA) weekly POS via KAPSARC Data Portal,REAL_OFFICIAL_AGGREGATE
2024-06-23,2024-06-29,Miscellaneous Goods and Services,1606265.0,Saudi Central Bank (SAMA) weekly POS via KAPSARC Data Portal,REAL_OFFICIAL_AGGREGATE
2024-06-23,2024-06-29,Other,2075654.0,Saudi Central Bank (SAMA) weekly POS via KAPSARC Data Portal,REAL_OFFICIAL_AGGREGATE
2024-06-23,2024-06-29,Public Utilities,72410.0,Saudi Central Bank (SAMA) weekly POS via KAPSARC Data Portal,REAL_OFFICIAL_AGGREGATE
2024-06-23,2024-06-29,Recreation and Culture,257753.0,Saudi Central Bank (SAMA) weekly POS via KAPSARC Data Portal,REAL_OFFICIAL_AGGREGATE
2024-06-23,2024-06-29,Restaurants & Café,1806086.0,Saudi Central Bank (SAMA) weekly POS via KAPSARC Data Portal,REAL_OFFICIAL_AGGREGATE
2024-06-23,2024-06-29,Telecommunication,116483.0,Saudi Central Bank (SAMA) weekly POS via KAPSARC Data Portal,REAL_OFFICIAL_AGGREGATE
2024-06-23,2024-06-29,Transportation,790057.0,Saudi Central Bank (SAMA) weekly POS via KAPSARC Data Portal,REAL_OFFICIAL_AGGREGATE
2024-06-30,2024-07-06,Beverage and Food,2057259.0,Saudi Central Bank (SAMA) weekly POS via KAPSARC Data Portal,REAL_OFFICIAL_AGGREGATE
2024-06-30,2024-07-06,Clothing and Footwear,783653.0,Saudi Central Bank (SAMA) weekly POS via KAPSARC Data Portal,REAL_OFFICIAL_AGGREGATE
2024-06-30,2024-07-06,Construction & Building Materials,346716.0,Saudi Central Bank (SAMA) weekly POS via KAPSARC Data Portal,REAL_OFFICIAL_AGGREGATE
2024-06-30,2024-07-06,Education,113256.0,Saudi Central Bank (SAMA) weekly POS via KAPSARC Data Portal,REAL_OFFICIAL_AGGREGATE
2024-06-30,2024-07-06,Electronic & Electric Devices,230511.0,Saudi Central Bank (SAMA) weekly POS via KAPSARC Data Portal,REAL_OFFICIAL_AGGREGATE
2024-06-30,2024-07-06,Furniture,300065.0,Saudi Central Bank (SAMA) weekly POS via KAPSARC Data Portal,REAL_OFFICIAL_AGGREGATE
2024-06-30,2024-07-06,Gas Stations,871325.0,Saudi Central Bank (SAMA) weekly POS via KAPSARC Data Portal,REAL_OFFICIAL_AGGREGATE
2024-06-30,2024-07-06,Health,855868.0,Saudi Central Bank (SAMA) weekly POS via KAPSARC Data Portal,REAL_OFFICIAL_AGGREGATE
2024-06-30,2024-07-06,Hotels,260245.0,Saudi Central Bank (SAMA) weekly POS via KAPSARC Data Portal,REAL_OFFICIAL_AGGREGATE
2024-06-30,2024-07-06,Jewelry,231573.0,Saudi Central Bank (SAMA) weekly POS via KAPSARC Data Portal,REAL_OFFICIAL_AGGREGATE
2024-06-30,2024-07-06,Miscellaneous Goods and Services,1772780.0,Saudi Central Bank (SAMA) weekly POS via KAPSARC Data Portal,REAL_OFFICIAL_AGGREGATE
2024-06-30,2024-07-06,Other,2272821.0,Saudi Central Bank (SAMA) weekly POS via KAPSARC Data Portal,REAL_OFFICIAL_AGGREGATE
2024-06-30,2024-07-06,Public Utilities,74955.0,Saudi Central Bank (SAMA) weekly POS via KAPSARC Data Portal,REAL_OFFICIAL_AGGREGATE
2024-06-30,2024-07-06,Recreation and Culture,275382.0,Saudi Central Bank (SAMA) weekly POS via KAPSARC Data Portal,REAL_OFFICIAL_AGGREGATE
2024-06-30,2024-07-06,Restaurants & Café,1971786.0,Saudi Central Bank (SAMA) weekly POS via KAPSARC Data Portal,REAL_OFFICIAL_AGGREGATE
2024-06-30,2024-07-06,Telecommunication,125453.0,Saudi Central Bank (SAMA) weekly POS via KAPSARC Data Portal,REAL_OFFICIAL_AGGREGATE
2024-06-30,2024-07-06,Transportation,778280.0,Saudi Central Bank (SAMA) weekly POS via KAPSARC Data Portal,REAL_OFFICIAL_AGGREGATE
2024-07-07,2024-07-13,Beverage and Food,1796452.0,Saudi Central Bank (SAMA) weekly POS via KAPSARC Data Portal,REAL_OFFICIAL_AGGREGATE
2024-07-07,2024-07-13,Clothing and Footwear,677641.0,Saudi Central Bank (SAMA) weekly POS via KAPSARC Data Portal,REAL_OFFICIAL_AGGREGATE
2024-07-07,2024-07-13,Construction & Building Materials,329784.0,Saudi Central Bank (SAMA) weekly POS via KAPSARC Data Portal,REAL_OFFICIAL_AGGREGATE
2024-07-07,2024-07-13,Education,85225.0,Saudi Central Bank (SAMA) weekly POS via KAPSARC Data Portal,REAL_OFFICIAL_AGGREGATE
2024-07-07,2024-07-13,Electronic & Electric Devices,210624.0,Saudi Central Bank (SAMA) weekly POS via KAPSARC Data Portal,REAL_OFFICIAL_AGGREGATE
2024-07-07,2024-07-13,Furniture,261071.0,Saudi Central Bank (SAMA) weekly POS via KAPSARC Data Portal,REAL_OFFICIAL_AGGREGATE
2024-07-07,2024-07-13,Gas Stations,841492.0,Saudi Central Bank (SAMA) weekly POS via KAPSARC Data Portal,REAL_OFFICIAL_AGGREGATE
2024-07-07,2024-07-13,Health,775298.0,Saudi Central Bank (SAMA) weekly POS via KAPSARC Data Portal,REAL_OFFICIAL_AGGREGATE
2024-07-07,2024-07-13,Hotels,269636.0,Saudi Central Bank (SAMA) weekly POS via KAPSARC Data Portal,REAL_OFFICIAL_AGGREGATE
2024-07-07,2024-07-13,Jewelry,191719.0,Saudi Central Bank (SAMA) weekly POS via KAPSARC Data Portal,REAL_OFFICIAL_AGGREGATE
2024-07-07,2024-07-13,Miscellaneous Goods and Services,1570301.0,Saudi Central Bank (SAMA) weekly POS via KAPSARC Data Portal,REAL_OFFICIAL_AGGREGATE
2024-07-07,2024-07-13,Other,1999211.0,Saudi Central Bank (SAMA) weekly POS via KAPSARC Data Portal,REAL_OFFICIAL_AGGREGATE
2024-07-07,2024-07-13,Public Utilities,69683.0,Saudi Central Bank (SAMA) weekly POS via KAPSARC Data Portal,REAL_OFFICIAL_AGGREGATE
2024-07-07,2024-07-13,Recreation and Culture,237876.0,Saudi Central Bank (SAMA) weekly POS via KAPSARC Data Portal,REAL_OFFICIAL_AGGREGATE
2024-07-07,2024-07-13,Restaurants & Café,1842814.0,Saudi Central Bank (SAMA) weekly POS via KAPSARC Data Portal,REAL_OFFICIAL_AGGREGATE
2024-07-07,2024-07-13,Telecommunication,102935.0,Saudi Central Bank (SAMA) weekly POS via KAPSARC Data Portal,REAL_OFFICIAL_AGGREGATE
2024-07-07,2024-07-13,Transportation,733168.0,Saudi Central Bank (SAMA) weekly POS via KAPSARC Data Portal,REAL_OFFICIAL_AGGREGATE
2024-07-14,2024-07-20,Beverage and Food,1642995.0,Saudi Central Bank (SAMA) weekly POS via KAPSARC Data Portal,REAL_OFFICIAL_AGGREGATE
2024-07-14,2024-07-20,Clothing and Footwear,601187.0,Saudi Central Bank (SAMA) weekly POS via KAPSARC Data Portal,REAL_OFFICIAL_AGGREGATE
2024-07-14,2024-07-20,Construction & Building Materials,312644.0,Saudi Central Bank (SAMA) weekly POS via KAPSARC Data Portal,REAL_OFFICIAL_AGGREGATE
2024-07-14,2024-07-20,Education,94126.0,Saudi Central Bank (SAMA) weekly POS via KAPSARC Data Portal,REAL_OFFICIAL_AGGREGATE
2024-07-14,2024-07-20,Electronic & Electric Devices,186905.0,Saudi Central Bank (SAMA) weekly POS via KAPSARC Data Portal,REAL_OFFICIAL_AGGREGATE
2024-07-14,2024-07-20,Furniture,241084.0,Saudi Central Bank (SAMA) weekly POS via KAPSARC Data Portal,REAL_OFFICIAL_AGGREGATE
2024-07-14,2024-07-20,Gas Stations,776563.0,Saudi Central Bank (SAMA) weekly POS via KAPSARC Data Portal,REAL_OFFICIAL_AGGREGATE
2024-07-14,2024-07-20,Health,696385.0,Saudi Central Bank (SAMA) weekly POS via KAPSARC Data Portal,REAL_OFFICIAL_AGGREGATE
2024-07-14,2024-07-20,Hotels,270268.0,Saudi Central Bank (SAMA) weekly POS via KAPSARC Data Portal,REAL_OFFICIAL_AGGREGATE
2024-07-14,2024-07-20,Jewelry,176812.0,Saudi Central Bank (SAMA) weekly POS via KAPSARC Data Portal,REAL_OFFICIAL_AGGREGATE
2024-07-14,2024-07-20,Miscellaneous Goods and Services,1414636.0,Saudi Central Bank (SAMA) weekly POS via KAPSARC Data Portal,REAL_OFFICIAL_AGGREGATE
2024-07-14,2024-07-20,Other,1798079.0,Saudi Central Bank (SAMA) weekly POS via KAPSARC Data Portal,REAL_OFFICIAL_AGGREGATE
2024-07-14,2024-07-20,Public Utilities,64222.0,Saudi Central Bank (SAMA) weekly POS via KAPSARC Data Portal,REAL_OFFICIAL_AGGREGATE
2024-07-14,2024-07-20,Recreation and Culture,215602.0,Saudi Central Bank (SAMA) weekly POS via KAPSARC Data Portal,REAL_OFFICIAL_AGGREGATE
2024-07-14,2024-07-20,Restaurants & Café,1673682.0,Saudi Central Bank (SAMA) weekly POS via KAPSARC Data Portal,REAL_OFFICIAL_AGGREGATE
2024-07-14,2024-07-20,Telecommunication,89584.0,Saudi Central Bank (SAMA) weekly POS via KAPSARC Data Portal,REAL_OFFICIAL_AGGREGATE
2024-07-14,2024-07-20,Transportation,679802.0,Saudi Central Bank (SAMA) weekly POS via KAPSARC Data Portal,REAL_OFFICIAL_AGGREGATE
2024-07-21,2024-07-27,Beverage and Food,1650262.0,Saudi Central Bank (SAMA) weekly POS via KAPSARC Data Portal,REAL_OFFICIAL_AGGREGATE
2024-07-21,2024-07-27,Clothing and Footwear,647721.0,Saudi Central Bank (SAMA) weekly POS via KAPSARC Data Portal,REAL_OFFICIAL_AGGREGATE
2024-07-21,2024-07-27,Construction & Building Materials,321769.0,Saudi Central Bank (SAMA) weekly POS via KAPSARC Data Portal,REAL_OFFICIAL_AGGREGATE
2024-07-21,2024-07-27,Education,116189.0,Saudi Central Bank (SAMA) weekly POS via KAPSARC Data Portal,REAL_OFFICIAL_AGGREGATE
2024-07-21,2024-07-27,Electronic & Electric Devices,190947.0,Saudi Central Bank (SAMA) weekly POS via KAPSARC Data Portal,REAL_OFFICIAL_AGGREGATE
2024-07-21,2024-07-27,Furniture,259377.0,Saudi Central Bank (SAMA) weekly POS via KAPSARC Data Portal,REAL_OFFICIAL_AGGREGATE
2024-07-21,2024-07-27,Gas Stations,782418.0,Saudi Central Bank (SAMA) weekly POS via KAPSARC Data Portal,REAL_OFFICIAL_AGGREGATE
2024-07-21,2024-07-27,Health,706348.0,Saudi Central Bank (SAMA) weekly POS via KAPSARC Data Portal,REAL_OFFICIAL_AGGREGATE
2024-07-21,2024-07-27,Hotels,293646.0,Saudi Central Bank (SAMA) weekly POS via KAPSARC Data Portal,REAL_OFFICIAL_AGGREGATE
2024-07-21,2024-07-27,Jewelry,209978.0,Saudi Central Bank (SAMA) weekly POS via KAPSARC Data Portal,REAL_OFFICIAL_AGGREGATE
2024-07-21,2024-07-27,Miscellaneous Goods and Services,1425362.0,Saudi Central Bank (SAMA) weekly POS via KAPSARC Data Portal,REAL_OFFICIAL_AGGREGATE
2024-07-21,2024-07-27,Other,1851267.0,Saudi Central Bank (SAMA) weekly POS via KAPSARC Data Portal,REAL_OFFICIAL_AGGREGATE
2024-07-21,2024-07-27,Public Utilities,65462.0,Saudi Central Bank (SAMA) weekly POS via KAPSARC Data Portal,REAL_OFFICIAL_AGGREGATE
2024-07-21,2024-07-27,Recreation and Culture,222808.0,Saudi Central Bank (SAMA) weekly POS via KAPSARC Data Portal,REAL_OFFICIAL_AGGREGATE
2024-07-21,2024-07-27,Restaurants & Café,1696664.0,Saudi Central Bank (SAMA) weekly POS via KAPSARC Data Portal,REAL_OFFICIAL_AGGREGATE
2024-07-21,2024-07-27,Telecommunication,96881.0,Saudi Central Bank (SAMA) weekly POS via KAPSARC Data Portal,REAL_OFFICIAL_AGGREGATE
2024-07-21,2024-07-27,Transportation,706377.0,Saudi Central Bank (SAMA) weekly POS via KAPSARC Data Portal,REAL_OFFICIAL_AGGREGATE
2024-07-28,2024-08-03,Beverage and Food,2229903.0,Saudi Central Bank (SAMA) weekly POS via KAPSARC Data Portal,REAL_OFFICIAL_AGGREGATE
2024-07-28,2024-08-03,Clothing and Footwear,977726.0,Saudi Central Bank (SAMA) weekly POS via KAPSARC Data Portal,REAL_OFFICIAL_AGGREGATE
2024-07-28,2024-08-03,Construction & Building Materials,360501.0,Saudi Central Bank (SAMA) weekly POS via KAPSARC Data Portal,REAL_OFFICIAL_AGGREGATE
2024-07-28,2024-08-03,Education,233320.0,Saudi Central Bank (SAMA) weekly POS via KAPSARC Data Portal,REAL_OFFICIAL_AGGREGATE
2024-07-28,2024-08-03,Electronic & Electric Devices,226737.0,Saudi Central Bank (SAMA) weekly POS via KAPSARC Data Portal,REAL_OFFICIAL_AGGREGATE
2024-07-28,2024-08-03,Furniture,325092.0,Saudi Central Bank (SAMA) weekly POS via KAPSARC Data Portal,REAL_OFFICIAL_AGGREGATE
2024-07-28,2024-08-03,Gas Stations,956596.0,Saudi Central Bank (SAMA) weekly POS via KAPSARC Data Portal,REAL_OFFICIAL_AGGREGATE
2024-07-28,2024-08-03,Health,897305.0,Saudi Central Bank (SAMA) weekly POS via KAPSARC Data Portal,REAL_OFFICIAL_AGGREGATE
2024-07-28,2024-08-03,Hotels,351598.0,Saudi Central Bank (SAMA) weekly POS via KAPSARC Data Portal,REAL_OFFICIAL_AGGREGATE
2024-07-28,2024-08-03,Jewelry,258589.0,Saudi Central Bank (SAMA) weekly POS via KAPSARC Data Portal,REAL_OFFICIAL_AGGREGATE
2024-07-28,2024-08-03,Miscellaneous Goods and Services,1847327.0,Saudi Central Bank (SAMA) weekly POS via KAPSARC Data Portal,REAL_OFFICIAL_AGGREGATE
2024-07-28,2024-08-03,Other,2566117.0,Saudi Central Bank (SAMA) weekly POS via KAPSARC Data Portal,REAL_OFFICIAL_AGGREGATE
2024-07-28,2024-08-03,Public Utilities,80232.0,Saudi Central Bank (SAMA) weekly POS via KAPSARC Data Portal,REAL_OFFICIAL_AGGREGATE
2024-07-28,2024-08-03,Recreation and Culture,316506.0,Saudi Central Bank (SAMA) weekly POS via KAPSARC Data Portal,REAL_OFFICIAL_AGGREGATE
2024-07-28,2024-08-03,Restaurants & Café,2110223.0,Saudi Central Bank (SAMA) weekly POS via KAPSARC Data Portal,REAL_OFFICIAL_AGGREGATE
2024-07-28,2024-08-03,Telecommunication,139343.0,Saudi Central Bank (SAMA) weekly POS via KAPSARC Data Portal,REAL_OFFICIAL_AGGREGATE
2024-07-28,2024-08-03,Transportation,834027.0,Saudi Central Bank (SAMA) weekly POS via KAPSARC Data Portal,REAL_OFFICIAL_AGGREGATE
2024-08-04,2024-08-10,Beverage and Food,1782952.0,Saudi Central Bank (SAMA) weekly POS via KAPSARC Data Portal,REAL_OFFICIAL_AGGREGATE
2024-08-04,2024-08-10,Clothing and Footwear,871005.0,Saudi Central Bank (SAMA) weekly POS via KAPSARC Data Portal,REAL_OFFICIAL_AGGREGATE
2024-08-04,2024-08-10,Construction & Building Materials,334203.0,Saudi Central Bank (SAMA) weekly POS via KAPSARC Data Portal,REAL_OFFICIAL_AGGREGATE
2024-08-04,2024-08-10,Education,444756.0,Saudi Central Bank (SAMA) weekly POS via KAPSARC Data Portal,REAL_OFFICIAL_AGGREGATE
2024-08-04,2024-08-10,Electronic & Electric Devices,203411.0,Saudi Central Bank (SAMA) weekly POS via KAPSARC Data Portal,REAL_OFFICIAL_AGGREGATE
2024-08-04,2024-08-10,Furniture,283564.0,Saudi Central Bank (SAMA) weekly POS via KAPSARC Data Portal,REAL_OFFICIAL_AGGREGATE
2024-08-04,2024-08-10,Gas Stations,873049.0,Saudi Central Bank (SAMA) weekly POS via KAPSARC Data Portal,REAL_OFFICIAL_AGGREGATE
2024-08-04,2024-08-10,Health,766369.0,Saudi Central Bank (SAMA) weekly POS via KAPSARC Data Portal,REAL_OFFICIAL_AGGREGATE
2024-08-04,2024-08-10,Hotels,317705.0,Saudi Central Bank (SAMA) weekly POS via KAPSARC Data Portal,REAL_OFFICIAL_AGGREGATE
2024-08-04,2024-08-10,Jewelry,244875.0,Saudi Central Bank (SAMA) weekly POS via KAPSARC Data Portal,REAL_OFFICIAL_AGGREGATE
2024-08-04,2024-08-10,Miscellaneous Goods and Services,1516009.0,Saudi Central Bank (SAMA) weekly POS via KAPSARC Data Portal,REAL_OFFICIAL_AGGREGATE
2024-08-04,2024-08-10,Other,2284162.0,Saudi Central Bank (SAMA) weekly POS via KAPSARC Data Portal,REAL_OFFICIAL_AGGREGATE
2024-08-04,2024-08-10,Public Utilities,72213.0,Saudi Central Bank (SAMA) weekly POS via KAPSARC Data Portal,REAL_OFFICIAL_AGGREGATE
2024-08-04,2024-08-10,Recreation and Culture,284672.0,Saudi Central Bank (SAMA) weekly POS via KAPSARC Data Portal,REAL_OFFICIAL_AGGREGATE
2024-08-04,2024-08-10,Restaurants & Café,1957000.0,Saudi Central Bank (SAMA) weekly POS via KAPSARC Data Portal,REAL_OFFICIAL_AGGREGATE
2024-08-04,2024-08-10,Telecommunication,106819.0,Saudi Central Bank (SAMA) weekly POS via KAPSARC Data Portal,REAL_OFFICIAL_AGGREGATE
2024-08-04,2024-08-10,Transportation,751019.0,Saudi Central Bank (SAMA) weekly POS via KAPSARC Data Portal,REAL_OFFICIAL_AGGREGATE
2024-08-11,2024-08-17,Beverage and Food,1737181.0,Saudi Central Bank (SAMA) weekly POS via KAPSARC Data Portal,REAL_OFFICIAL_AGGREGATE
2024-08-11,2024-08-17,Clothing and Footwear,931595.0,Saudi Central Bank (SAMA) weekly POS via KAPSARC Data Portal,REAL_OFFICIAL_AGGREGATE
2024-08-11,2024-08-17,Construction & Building Materials,332513.0,Saudi Central Bank (SAMA) weekly POS via KAPSARC Data Portal,REAL_OFFICIAL_AGGREGATE
2024-08-11,2024-08-17,Education,1011702.0,Saudi Central Bank (SAMA) weekly POS via KAPSARC Data Portal,REAL_OFFICIAL_AGGREGATE
2024-08-11,2024-08-17,Electronic & Electric Devices,196900.0,Saudi Central Bank (SAMA) weekly POS via KAPSARC Data Portal,REAL_OFFICIAL_AGGREGATE
2024-08-11,2024-08-17,Furniture,277052.0,Saudi Central Bank (SAMA) weekly POS via KAPSARC Data Portal,REAL_OFFICIAL_AGGREGATE
2024-08-11,2024-08-17,Gas Stations,879343.0,Saudi Central Bank (SAMA) weekly POS via KAPSARC Data Portal,REAL_OFFICIAL_AGGREGATE
2024-08-11,2024-08-17,Health,744390.0,Saudi Central Bank (SAMA) weekly POS via KAPSARC Data Portal,REAL_OFFICIAL_AGGREGATE
2024-08-11,2024-08-17,Hotels,267059.0,Saudi Central Bank (SAMA) weekly POS via KAPSARC Data Portal,REAL_OFFICIAL_AGGREGATE
2024-08-11,2024-08-17,Jewelry,209936.0,Saudi Central Bank (SAMA) weekly POS via KAPSARC Data Portal,REAL_OFFICIAL_AGGREGATE
2024-08-11,2024-08-17,Miscellaneous Goods and Services,1472747.0,Saudi Central Bank (SAMA) weekly POS via KAPSARC Data Portal,REAL_OFFICIAL_AGGREGATE
2024-08-11,2024-08-17,Other,2357851.0,Saudi Central Bank (SAMA) weekly POS via KAPSARC Data Portal,REAL_OFFICIAL_AGGREGATE
2024-08-11,2024-08-17,Public Utilities,75706.0,Saudi Central Bank (SAMA) weekly POS via KAPSARC Data Portal,REAL_OFFICIAL_AGGREGATE
2024-08-11,2024-08-17,Recreation and Culture,318197.0,Saudi Central Bank (SAMA) weekly POS via KAPSARC Data Portal,REAL_OFFICIAL_AGGREGATE
2024-08-11,2024-08-17,Restaurants & Café,1871199.0,Saudi Central Bank (SAMA) weekly POS via KAPSARC Data Portal,REAL_OFFICIAL_AGGREGATE
2024-08-11,2024-08-17,Telecommunication,104956.0,Saudi Central Bank (SAMA) weekly POS via KAPSARC Data Portal,REAL_OFFICIAL_AGGREGATE
2024-08-11,2024-08-17,Transportation,779770.0,Saudi Central Bank (SAMA) weekly POS via KAPSARC Data Portal,REAL_OFFICIAL_AGGREGATE
2024-08-18,2024-08-24,Beverage and Food,1541070.0,Saudi Central Bank (SAMA) weekly POS via KAPSARC Data Portal,REAL_OFFICIAL_AGGREGATE
2024-08-18,2024-08-24,Clothing and Footwear,599410.0,Saudi Central Bank (SAMA) weekly POS via KAPSARC Data Portal,REAL_OFFICIAL_AGGREGATE
2024-08-18,2024-08-24,Construction & Building Materials,315086.0,Saudi Central Bank (SAMA) weekly POS via KAPSARC Data Portal,REAL_OFFICIAL_AGGREGATE
2024-08-18,2024-08-24,Education,840784.0,Saudi Central Bank (SAMA) weekly POS via KAPSARC Data Portal,REAL_OFFICIAL_AGGREGATE
2024-08-18,2024-08-24,Electronic & Electric Devices,178433.0,Saudi Central Bank (SAMA) weekly POS via KAPSARC Data Portal,REAL_OFFICIAL_AGGREGATE
2024-08-18,2024-08-24,Furniture,240185.0,Saudi Central Bank (SAMA) weekly POS via KAPSARC Data Portal,REAL_OFFICIAL_AGGREGATE
2024-08-18,2024-08-24,Gas Stations,810905.0,Saudi Central Bank (SAMA) weekly POS via KAPSARC Data Portal,REAL_OFFICIAL_AGGREGATE
2024-08-18,2024-08-24,Health,673098.0,Saudi Central Bank (SAMA) weekly POS via KAPSARC Data Portal,REAL_OFFICIAL_AGGREGATE
2024-08-18,2024-08-24,Hotels,224627.0,Saudi Central Bank (SAMA) weekly POS via KAPSARC Data Portal,REAL_OFFICIAL_AGGREGATE
2024-08-18,2024-08-24,Jewelry,183177.0,Saudi Central Bank (SAMA) weekly POS via KAPSARC Data Portal,REAL_OFFICIAL_AGGREGATE
2024-08-18,2024-08-24,Miscellaneous Goods and Services,1254010.0,Saudi Central Bank (SAMA) weekly POS via KAPSARC Data Portal,REAL_OFFICIAL_AGGREGATE
2024-08-18,2024-08-24,Other,2029106.0,Saudi Central Bank (SAMA) weekly POS via KAPSARC Data Portal,REAL_OFFICIAL_AGGREGATE
2024-08-18,2024-08-24,Public Utilities,66156.0,Saudi Central Bank (SAMA) weekly POS via KAPSARC Data Portal,REAL_OFFICIAL_AGGREGATE
2024-08-18,2024-08-24,Recreation and Culture,294076.0,Saudi Central Bank (SAMA) weekly POS via KAPSARC Data Portal,REAL_OFFICIAL_AGGREGATE
2024-08-18,2024-08-24,Restaurants & Café,1594594.0,Saudi Central Bank (SAMA) weekly POS via KAPSARC Data Portal,REAL_OFFICIAL_AGGREGATE
2024-08-18,2024-08-24,Telecommunication,92954.0,Saudi Central Bank (SAMA) weekly POS via KAPSARC Data Portal,REAL_OFFICIAL_AGGREGATE
2024-08-18,2024-08-24,Transportation,723427.0,Saudi Central Bank (SAMA) weekly POS via KAPSARC Data Portal,REAL_OFFICIAL_AGGREGATE
2024-08-25,2024-08-31,Beverage and Food,2169987.0,Saudi Central Bank (SAMA) weekly POS via KAPSARC Data Portal,REAL_OFFICIAL_AGGREGATE
2024-08-25,2024-08-31,Clothing and Footwear,785040.0,Saudi Central Bank (SAMA) weekly POS via KAPSARC Data Portal,REAL_OFFICIAL_AGGREGATE
2024-08-25,2024-08-31,Construction & Building Materials,343589.0,Saudi Central Bank (SAMA) weekly POS via KAPSARC Data Portal,REAL_OFFICIAL_AGGREGATE
2024-08-25,2024-08-31,Education,516276.0,Saudi Central Bank (SAMA) weekly POS via KAPSARC Data Portal,REAL_OFFICIAL_AGGREGATE
2024-08-25,2024-08-31,Electronic & Electric Devices,211594.0,Saudi Central Bank (SAMA) weekly POS via KAPSARC Data Portal,REAL_OFFICIAL_AGGREGATE
2024-08-25,2024-08-31,Furniture,293466.0,Saudi Central Bank (SAMA) weekly POS via KAPSARC Data Portal,REAL_OFFICIAL_AGGREGATE
2024-08-25,2024-08-31,Gas Stations,983459.0,Saudi Central Bank (SAMA) weekly POS via KAPSARC Data Portal,REAL_OFFICIAL_AGGREGATE
2024-08-25,2024-08-31,Health,870547.0,Saudi Central Bank (SAMA) weekly POS via KAPSARC Data Portal,REAL_OFFICIAL_AGGREGATE
2024-08-25,2024-08-31,Hotels,238306.0,Saudi Central Bank (SAMA) weekly POS via KAPSARC Data Portal,REAL_OFFICIAL_AGGREGATE
2024-08-25,2024-08-31,Jewelry,229916.0,Saudi Central Bank (SAMA) weekly POS via KAPSARC Data Portal,REAL_OFFICIAL_AGGREGATE
2024-08-25,2024-08-31,Miscellaneous Goods and Services,1583684.0,Saudi Central Bank (SAMA) weekly POS via KAPSARC Data Portal,REAL_OFFICIAL_AGGREGATE
2024-08-25,2024-08-31,Other,2484242.0,Saudi Central Bank (SAMA) weekly POS via KAPSARC Data Portal,REAL_OFFICIAL_AGGREGATE
2024-08-25,2024-08-31,Public Utilities,78844.0,Saudi Central Bank (SAMA) weekly POS via KAPSARC Data Portal,REAL_OFFICIAL_AGGREGATE
2024-08-25,2024-08-31,Recreation and Culture,334261.0,Saudi Central Bank (SAMA) weekly POS via KAPSARC Data Portal,REAL_OFFICIAL_AGGREGATE
2024-08-25,2024-08-31,Restaurants & Café,1951412.0,Saudi Central Bank (SAMA) weekly POS via KAPSARC Data Portal,REAL_OFFICIAL_AGGREGATE
2024-08-25,2024-08-31,Telecommunication,131956.0,Saudi Central Bank (SAMA) weekly POS via KAPSARC Data Portal,REAL_OFFICIAL_AGGREGATE
2024-08-25,2024-08-31,Transportation,838635.0,Saudi Central Bank (SAMA) weekly POS via KAPSARC Data Portal,REAL_OFFICIAL_AGGREGATE
2024-09-01,2024-09-07,Beverage and Food,2106198.0,Saudi Central Bank (SAMA) weekly POS via KAPSARC Data Portal,REAL_OFFICIAL_AGGREGATE
2024-09-01,2024-09-07,Clothing and Footwear,757906.0,Saudi Central Bank (SAMA) weekly POS via KAPSARC Data Portal,REAL_OFFICIAL_AGGREGATE
2024-09-01,2024-09-07,Construction & Building Materials,350032.0,Saudi Central Bank (SAMA) weekly POS via KAPSARC Data Portal,REAL_OFFICIAL_AGGREGATE
2024-09-01,2024-09-07,Education,291049.0,Saudi Central Bank (SAMA) weekly POS via KAPSARC Data Portal,REAL_OFFICIAL_AGGREGATE
2024-09-01,2024-09-07,Electronic & Electric Devices,209866.0,Saudi Central Bank (SAMA) weekly POS via KAPSARC Data Portal,REAL_OFFICIAL_AGGREGATE
2024-09-01,2024-09-07,Furniture,309318.0,Saudi Central Bank (SAMA) weekly POS via KAPSARC Data Portal,REAL_OFFICIAL_AGGREGATE
2024-09-01,2024-09-07,Gas Stations,963749.0,Saudi Central Bank (SAMA) weekly POS via KAPSARC Data Portal,REAL_OFFICIAL_AGGREGATE
2024-09-01,2024-09-07,Health,874802.0,Saudi Central Bank (SAMA) weekly POS via KAPSARC Data Portal,REAL_OFFICIAL_AGGREGATE
2024-09-01,2024-09-07,Hotels,245355.0,Saudi Central Bank (SAMA) weekly POS via KAPSARC Data Portal,REAL_OFFICIAL_AGGREGATE
2024-09-01,2024-09-07,Jewelry,247840.0,Saudi Central Bank (SAMA) weekly POS via KAPSARC Data Portal,REAL_OFFICIAL_AGGREGATE
2024-09-01,2024-09-07,Miscellaneous Goods and Services,1573368.0,Saudi Central Bank (SAMA) weekly POS via KAPSARC Data Portal,REAL_OFFICIAL_AGGREGATE
2024-09-01,2024-09-07,Other,2264065.0,Saudi Central Bank (SAMA) weekly POS via KAPSARC Data Portal,REAL_OFFICIAL_AGGREGATE
2024-09-01,2024-09-07,Public Utilities,59090.0,Saudi Central Bank (SAMA) weekly POS via KAPSARC Data Portal,REAL_OFFICIAL_AGGREGATE
2024-09-01,2024-09-07,Recreation and Culture,293458.0,Saudi Central Bank (SAMA) weekly POS via KAPSARC Data Portal,REAL_OFFICIAL_AGGREGATE
2024-09-01,2024-09-07,Restaurants & Café,1926100.0,Saudi Central Bank (SAMA) weekly POS via KAPSARC Data Portal,REAL_OFFICIAL_AGGREGATE
2024-09-01,2024-09-07,Telecommunication,120875.0,Saudi Central Bank (SAMA) weekly POS via KAPSARC Data Portal,REAL_OFFICIAL_AGGREGATE
2024-09-01,2024-09-07,Transportation,757652.0,Saudi Central Bank (SAMA) weekly POS via KAPSARC Data Portal,REAL_OFFICIAL_AGGREGATE
2024-09-08,2024-09-14,Beverage and Food,1849996.0,Saudi Central Bank (SAMA) weekly POS via KAPSARC Data Portal,REAL_OFFICIAL_AGGREGATE
2024-09-08,2024-09-14,Clothing and Footwear,689857.0,Saudi Central Bank (SAMA) weekly POS via KAPSARC Data Portal,REAL_OFFICIAL_AGGREGATE
2024-09-08,2024-09-14,Construction & Building Materials,348575.0,Saudi Central Bank (SAMA) weekly POS via KAPSARC Data Portal,REAL_OFFICIAL_AGGREGATE
2024-09-08,2024-09-14,Education,165034.0,Saudi Central Bank (SAMA) weekly POS via KAPSARC Data Portal,REAL_OFFICIAL_AGGREGATE
2024-09-08,2024-09-14,Electronic & Electric Devices,208946.0,Saudi Central Bank (SAMA) weekly POS via KAPSARC Data Portal,REAL_OFFICIAL_AGGREGATE
2024-09-08,2024-09-14,Furniture,314343.0,Saudi Central Bank (SAMA) weekly POS via KAPSARC Data Portal,REAL_OFFICIAL_AGGREGATE
2024-09-08,2024-09-14,Gas Stations,921638.0,Saudi Central Bank (SAMA) weekly POS via KAPSARC Data Portal,REAL_OFFICIAL_AGGREGATE
2024-09-08,2024-09-14,Health,837095.0,Saudi Central Bank (SAMA) weekly POS via KAPSARC Data Portal,REAL_OFFICIAL_AGGREGATE
2024-09-08,2024-09-14,Hotels,247434.0,Saudi Central Bank (SAMA) weekly POS via KAPSARC Data Portal,REAL_OFFICIAL_AGGREGATE
2024-09-08,2024-09-14,Jewelry,237990.0,Saudi Central Bank (SAMA) weekly POS via KAPSARC Data Portal,REAL_OFFICIAL_AGGREGATE
2024-09-08,2024-09-14,Miscellaneous Goods and Services,1467353.0,Saudi Central Bank (SAMA) weekly POS via KAPSARC Data Portal,REAL_OFFICIAL_AGGREGATE
2024-09-08,2024-09-14,Other,1941954.0,Saudi Central Bank (SAMA) weekly POS via KAPSARC Data Portal,REAL_OFFICIAL_AGGREGATE
2024-09-08,2024-09-14,Public Utilities,54769.0,Saudi Central Bank (SAMA) weekly POS via KAPSARC Data Portal,REAL_OFFICIAL_AGGREGATE
2024-09-08,2024-09-14,Recreation and Culture,246716.0,Saudi Central Bank (SAMA) weekly POS via KAPSARC Data Portal,REAL_OFFICIAL_AGGREGATE
2024-09-08,2024-09-14,Restaurants & Café,1805361.0,Saudi Central Bank (SAMA) weekly POS via KAPSARC Data Portal,REAL_OFFICIAL_AGGREGATE
2024-09-08,2024-09-14,Telecommunication,98264.0,Saudi Central Bank (SAMA) weekly POS via KAPSARC Data Portal,REAL_OFFICIAL_AGGREGATE
2024-09-08,2024-09-14,Transportation,767632.0,Saudi Central Bank (SAMA) weekly POS via KAPSARC Data Portal,REAL_OFFICIAL_AGGREGATE
2024-09-15,2024-09-21,Beverage and Food,1676630.0,Saudi Central Bank (SAMA) weekly POS via KAPSARC Data Portal,REAL_OFFICIAL_AGGREGATE
2024-09-15,2024-09-21,Clothing and Footwear,755085.0,Saudi Central Bank (SAMA) weekly POS via KAPSARC Data Portal,REAL_OFFICIAL_AGGREGATE
2024-09-15,2024-09-21,Construction & Building Materials,355850.0,Saudi Central Bank (SAMA) weekly POS via KAPSARC Data Portal,REAL_OFFICIAL_AGGREGATE
2024-09-15,2024-09-21,Education,127125.0,Saudi Central Bank (SAMA) weekly POS via KAPSARC Data Portal,REAL_OFFICIAL_AGGREGATE
2024-09-15,2024-09-21,Electronic & Electric Devices,247262.0,Saudi Central Bank (SAMA) weekly POS via KAPSARC Data Portal,REAL_OFFICIAL_AGGREGATE
2024-09-15,2024-09-21,Furniture,339555.0,Saudi Central Bank (SAMA) weekly POS via KAPSARC Data Portal,REAL_OFFICIAL_AGGREGATE
2024-09-15,2024-09-21,Gas Stations,887748.0,Saudi Central Bank (SAMA) weekly POS via KAPSARC Data Portal,REAL_OFFICIAL_AGGREGATE
2024-09-15,2024-09-21,Health,802827.0,Saudi Central Bank (SAMA) weekly POS via KAPSARC Data Portal,REAL_OFFICIAL_AGGREGATE
2024-09-15,2024-09-21,Hotels,292429.0,Saudi Central Bank (SAMA) weekly POS via KAPSARC Data Portal,REAL_OFFICIAL_AGGREGATE
2024-09-15,2024-09-21,Jewelry,237550.0,Saudi Central Bank (SAMA) weekly POS via KAPSARC Data Portal,REAL_OFFICIAL_AGGREGATE
2024-09-15,2024-09-21,Miscellaneous Goods and Services,1455507.0,Saudi Central Bank (SAMA) weekly POS via KAPSARC Data Portal,REAL_OFFICIAL_AGGREGATE
2024-09-15,2024-09-21,Other,1866165.0,Saudi Central Bank (SAMA) weekly POS via KAPSARC Data Portal,REAL_OFFICIAL_AGGREGATE
2024-09-15,2024-09-21,Public Utilities,49163.0,Saudi Central Bank (SAMA) weekly POS via KAPSARC Data Portal,REAL_OFFICIAL_AGGREGATE
2024-09-15,2024-09-21,Recreation and Culture,247350.0,Saudi Central Bank (SAMA) weekly POS via KAPSARC Data Portal,REAL_OFFICIAL_AGGREGATE
2024-09-15,2024-09-21,Restaurants & Café,1773804.0,Saudi Central Bank (SAMA) weekly POS via KAPSARC Data Portal,REAL_OFFICIAL_AGGREGATE
2024-09-15,2024-09-21,Telecommunication,96173.0,Saudi Central Bank (SAMA) weekly POS via KAPSARC Data Portal,REAL_OFFICIAL_AGGREGATE
2024-09-15,2024-09-21,Transportation,762051.0,Saudi Central Bank (SAMA) weekly POS via KAPSARC Data Portal,REAL_OFFICIAL_AGGREGATE
2024-09-22,2024-09-28,Beverage and Food,2146237.0,Saudi Central Bank (SAMA) weekly POS via KAPSARC Data Portal,REAL_OFFICIAL_AGGREGATE
2024-09-22,2024-09-28,Clothing and Footwear,818066.0,Saudi Central Bank (SAMA) weekly POS via KAPSARC Data Portal,REAL_OFFICIAL_AGGREGATE
2024-09-22,2024-09-28,Construction & Building Materials,363148.0,Saudi Central Bank (SAMA) weekly POS via KAPSARC Data Portal,REAL_OFFICIAL_AGGREGATE
2024-09-22,2024-09-28,Education,100015.0,Saudi Central Bank (SAMA) weekly POS via KAPSARC Data Portal,REAL_OFFICIAL_AGGREGATE
2024-09-22,2024-09-28,Electronic & Electric Devices,259821.0,Saudi Central Bank (SAMA) weekly POS via KAPSARC Data Portal,REAL_OFFICIAL_AGGREGATE
2024-09-22,2024-09-28,Furniture,395543.0,Saudi Central Bank (SAMA) weekly POS via KAPSARC Data Portal,REAL_OFFICIAL_AGGREGATE
2024-09-22,2024-09-28,Gas Stations,928067.0,Saudi Central Bank (SAMA) weekly POS via KAPSARC Data Portal,REAL_OFFICIAL_AGGREGATE
2024-09-22,2024-09-28,Health,896293.0,Saudi Central Bank (SAMA) weekly POS via KAPSARC Data Portal,REAL_OFFICIAL_AGGREGATE
2024-09-22,2024-09-28,Hotels,238909.0,Saudi Central Bank (SAMA) weekly POS via KAPSARC Data Portal,REAL_OFFICIAL_AGGREGATE
2024-09-22,2024-09-28,Jewelry,243937.0,Saudi Central Bank (SAMA) weekly POS via KAPSARC Data Portal,REAL_OFFICIAL_AGGREGATE
2024-09-22,2024-09-28,Miscellaneous Goods and Services,1627324.0,Saudi Central Bank (SAMA) weekly POS via KAPSARC Data Portal,REAL_OFFICIAL_AGGREGATE
2024-09-22,2024-09-28,Other,2165243.0,Saudi Central Bank (SAMA) weekly POS via KAPSARC Data Portal,REAL_OFFICIAL_AGGREGATE
2024-09-22,2024-09-28,Public Utilities,54028.0,Saudi Central Bank (SAMA) weekly POS via KAPSARC Data Portal,REAL_OFFICIAL_AGGREGATE
2024-09-22,2024-09-28,Recreation and Culture,308293.0,Saudi Central Bank (SAMA) weekly POS via KAPSARC Data Portal,REAL_OFFICIAL_AGGREGATE
2024-09-22,2024-09-28,Restaurants & Café,1988800.0,Saudi Central Bank (SAMA) weekly POS via KAPSARC Data Portal,REAL_OFFICIAL_AGGREGATE
2024-09-22,2024-09-28,Telecommunication,116334.0,Saudi Central Bank (SAMA) weekly POS via KAPSARC Data Portal,REAL_OFFICIAL_AGGREGATE
2024-09-22,2024-09-28,Transportation,741977.0,Saudi Central Bank (SAMA) weekly POS via KAPSARC Data Portal,REAL_OFFICIAL_AGGREGATE
2024-09-29,2024-10-05,Beverage and Food,2226981.0,Saudi Central Bank (SAMA) weekly POS via KAPSARC Data Portal,REAL_OFFICIAL_AGGREGATE
2024-09-29,2024-10-05,Clothing and Footwear,757310.0,Saudi Central Bank (SAMA) weekly POS via KAPSARC Data Portal,REAL_OFFICIAL_AGGREGATE
2024-09-29,2024-10-05,Construction & Building Materials,381121.0,Saudi Central Bank (SAMA) weekly POS via KAPSARC Data Portal,REAL_OFFICIAL_AGGREGATE
2024-09-29,2024-10-05,Education,196833.0,Saudi Central Bank (SAMA) weekly POS via KAPSARC Data Portal,REAL_OFFICIAL_AGGREGATE
2024-09-29,2024-10-05,Electronic & Electric Devices,238024.0,Saudi Central Bank (SAMA) weekly POS via KAPSARC Data Portal,REAL_OFFICIAL_AGGREGATE
2024-09-29,2024-10-05,Furniture,349398.0,Saudi Central Bank (SAMA) weekly POS via KAPSARC Data Portal,REAL_OFFICIAL_AGGREGATE
2024-09-29,2024-10-05,Gas Stations,958064.0,Saudi Central Bank (SAMA) weekly POS via KAPSARC Data Portal,REAL_OFFICIAL_AGGREGATE
2024-09-29,2024-10-05,Health,922640.0,Saudi Central Bank (SAMA) weekly POS via KAPSARC Data Portal,REAL_OFFICIAL_AGGREGATE
2024-09-29,2024-10-05,Hotels,264287.0,Saudi Central Bank (SAMA) weekly POS via KAPSARC Data Portal,REAL_OFFICIAL_AGGREGATE
2024-09-29,2024-10-05,Jewelry,263504.0,Saudi Central Bank (SAMA) weekly POS via KAPSARC Data Portal,REAL_OFFICIAL_AGGREGATE
2024-09-29,2024-10-05,Miscellaneous Goods and Services,1779380.0,Saudi Central Bank (SAMA) weekly POS via KAPSARC Data Portal,REAL_OFFICIAL_AGGREGATE
2024-09-29,2024-10-05,Other,2180725.0,Saudi Central Bank (SAMA) weekly POS via KAPSARC Data Portal,REAL_OFFICIAL_AGGREGATE
2024-09-29,2024-10-05,Public Utilities,61551.0,Saudi Central Bank (SAMA) weekly POS via KAPSARC Data Portal,REAL_OFFICIAL_AGGREGATE
2024-09-29,2024-10-05,Recreation and Culture,301043.0,Saudi Central Bank (SAMA) weekly POS via KAPSARC Data Portal,REAL_OFFICIAL_AGGREGATE
2024-09-29,2024-10-05,Restaurants & Café,1950826.0,Saudi Central Bank (SAMA) weekly POS via KAPSARC Data Portal,REAL_OFFICIAL_AGGREGATE
2024-09-29,2024-10-05,Telecommunication,136555.0,Saudi Central Bank (SAMA) weekly POS via KAPSARC Data Portal,REAL_OFFICIAL_AGGREGATE
2024-09-29,2024-10-05,Transportation,769133.0,Saudi Central Bank (SAMA) weekly POS via KAPSARC Data Portal,REAL_OFFICIAL_AGGREGATE
2024-10-06,2024-10-12,Beverage and Food,1908005.0,Saudi Central Bank (SAMA) weekly POS via KAPSARC Data Portal,REAL_OFFICIAL_AGGREGATE
2024-10-06,2024-10-12,Clothing and Footwear,671244.0,Saudi Central Bank (SAMA) weekly POS via KAPSARC Data Portal,REAL_OFFICIAL_AGGREGATE
2024-10-06,2024-10-12,Construction & Building Materials,345550.0,Saudi Central Bank (SAMA) weekly POS via KAPSARC Data Portal,REAL_OFFICIAL_AGGREGATE
2024-10-06,2024-10-12,Education,125999.0,Saudi Central Bank (SAMA) weekly POS via KAPSARC Data Portal,REAL_OFFICIAL_AGGREGATE
2024-10-06,2024-10-12,Electronic & Electric Devices,199826.0,Saudi Central Bank (SAMA) weekly POS via KAPSARC Data Portal,REAL_OFFICIAL_AGGREGATE
2024-10-06,2024-10-12,Furniture,274650.0,Saudi Central Bank (SAMA) weekly POS via KAPSARC Data Portal,REAL_OFFICIAL_AGGREGATE
2024-10-06,2024-10-12,Gas Stations,918809.0,Saudi Central Bank (SAMA) weekly POS via KAPSARC Data Portal,REAL_OFFICIAL_AGGREGATE
2024-10-06,2024-10-12,Health,814879.0,Saudi Central Bank (SAMA) weekly POS via KAPSARC Data Portal,REAL_OFFICIAL_AGGREGATE
2024-10-06,2024-10-12,Hotels,270756.0,Saudi Central Bank (SAMA) weekly POS via KAPSARC Data Portal,REAL_OFFICIAL_AGGREGATE
2024-10-06,2024-10-12,Jewelry,261473.0,Saudi Central Bank (SAMA) weekly POS via KAPSARC Data Portal,REAL_OFFICIAL_AGGREGATE
2024-10-06,2024-10-12,Miscellaneous Goods and Services,1508733.0,Saudi Central Bank (SAMA) weekly POS via KAPSARC Data Portal,REAL_OFFICIAL_AGGREGATE
2024-10-06,2024-10-12,Other,1891206.0,Saudi Central Bank (SAMA) weekly POS via KAPSARC Data Portal,REAL_OFFICIAL_AGGREGATE
2024-10-06,2024-10-12,Public Utilities,55232.0,Saudi Central Bank (SAMA) weekly POS via KAPSARC Data Portal,REAL_OFFICIAL_AGGREGATE
2024-10-06,2024-10-12,Recreation and Culture,293006.0,Saudi Central Bank (SAMA) weekly POS via KAPSARC Data Portal,REAL_OFFICIAL_AGGREGATE
2024-10-06,2024-10-12,Restaurants & Café,1863281.0,Saudi Central Bank (SAMA) weekly POS via KAPSARC Data Portal,REAL_OFFICIAL_AGGREGATE
2024-10-06,2024-10-12,Telecommunication,121507.0,Saudi Central Bank (SAMA) weekly POS via KAPSARC Data Portal,REAL_OFFICIAL_AGGREGATE
2024-10-06,2024-10-12,Transportation,751959.0,Saudi Central Bank (SAMA) weekly POS via KAPSARC Data Portal,REAL_OFFICIAL_AGGREGATE
2024-10-13,2024-10-19,Beverage and Food,1744746.0,Saudi Central Bank (SAMA) weekly POS via KAPSARC Data Portal,REAL_OFFICIAL_AGGREGATE
2024-10-13,2024-10-19,Clothing and Footwear,615115.0,Saudi Central Bank (SAMA) weekly POS via KAPSARC Data Portal,REAL_OFFICIAL_AGGREGATE
2024-10-13,2024-10-19,Construction & Building Materials,331245.0,Saudi Central Bank (SAMA) weekly POS via KAPSARC Data Portal,REAL_OFFICIAL_AGGREGATE
2024-10-13,2024-10-19,Education,94103.0,Saudi Central Bank (SAMA) weekly POS via KAPSARC Data Portal,REAL_OFFICIAL_AGGREGATE
2024-10-13,2024-10-19,Electronic & Electric Devices,185694.0,Saudi Central Bank (SAMA) weekly POS via KAPSARC Data Portal,REAL_OFFICIAL_AGGREGATE
2024-10-13,2024-10-19,Furniture,250454.0,Saudi Central Bank (SAMA) weekly POS via KAPSARC Data Portal,REAL_OFFICIAL_AGGREGATE
2024-10-13,2024-10-19,Gas Stations,866483.0,Saudi Central Bank (SAMA) weekly POS via KAPSARC Data Portal,REAL_OFFICIAL_AGGREGATE
2024-10-13,2024-10-19,Health,743324.0,Saudi Central Bank (SAMA) weekly POS via KAPSARC Data Portal,REAL_OFFICIAL_AGGREGATE
2024-10-13,2024-10-19,Hotels,293870.0,Saudi Central Bank (SAMA) weekly POS via KAPSARC Data Portal,REAL_OFFICIAL_AGGREGATE
2024-10-13,2024-10-19,Jewelry,233955.0,Saudi Central Bank (SAMA) weekly POS via KAPSARC Data Portal,REAL_OFFICIAL_AGGREGATE
2024-10-13,2024-10-19,Miscellaneous Goods and Services,1382802.0,Saudi Central Bank (SAMA) weekly POS via KAPSARC Data Portal,REAL_OFFICIAL_AGGREGATE
2024-10-13,2024-10-19,Other,1765005.0,Saudi Central Bank (SAMA) weekly POS via KAPSARC Data Portal,REAL_OFFICIAL_AGGREGATE
2024-10-13,2024-10-19,Public Utilities,48402.0,Saudi Central Bank (SAMA) weekly POS via KAPSARC Data Portal,REAL_OFFICIAL_AGGREGATE
2024-10-13,2024-10-19,Recreation and Culture,239656.0,Saudi Central Bank (SAMA) weekly POS via KAPSARC Data Portal,REAL_OFFICIAL_AGGREGATE
2024-10-13,2024-10-19,Restaurants & Café,1769330.0,Saudi Central Bank (SAMA) weekly POS via KAPSARC Data Portal,REAL_OFFICIAL_AGGREGATE
2024-10-13,2024-10-19,Telecommunication,103608.0,Saudi Central Bank (SAMA) weekly POS via KAPSARC Data Portal,REAL_OFFICIAL_AGGREGATE
2024-10-13,2024-10-19,Transportation,690321.0,Saudi Central Bank (SAMA) weekly POS via KAPSARC Data Portal,REAL_OFFICIAL_AGGREGATE
2024-10-20,2024-10-26,Beverage and Food,1705695.0,Saudi Central Bank (SAMA) weekly POS via KAPSARC Data Portal,REAL_OFFICIAL_AGGREGATE
2024-10-20,2024-10-26,Clothing and Footwear,655458.0,Saudi Central Bank (SAMA) weekly POS via KAPSARC Data Portal,REAL_OFFICIAL_AGGREGATE
2024-10-20,2024-10-26,Construction & Building Materials,324158.0,Saudi Central Bank (SAMA) weekly POS via KAPSARC Data Portal,REAL_OFFICIAL_AGGREGATE
2024-10-20,2024-10-26,Education,99106.0,Saudi Central Bank (SAMA) weekly POS via KAPSARC Data Portal,REAL_OFFICIAL_AGGREGATE
2024-10-20,2024-10-26,Electronic & Electric Devices,186365.0,Saudi Central Bank (SAMA) weekly POS via KAPSARC Data Portal,REAL_OFFICIAL_AGGREGATE
2024-10-20,2024-10-26,Furniture,245620.0,Saudi Central Bank (SAMA) weekly POS via KAPSARC Data Portal,REAL_OFFICIAL_AGGREGATE
2024-10-20,2024-10-26,Gas Stations,840293.0,Saudi Central Bank (SAMA) weekly POS via KAPSARC Data Portal,REAL_OFFICIAL_AGGREGATE
2024-10-20,2024-10-26,Health,710093.0,Saudi Central Bank (SAMA) weekly POS via KAPSARC Data Portal,REAL_OFFICIAL_AGGREGATE
2024-10-20,2024-10-26,Hotels,293789.0,Saudi Central Bank (SAMA) weekly POS via KAPSARC Data Portal,REAL_OFFICIAL_AGGREGATE
2024-10-20,2024-10-26,Jewelry,218327.0,Saudi Central Bank (SAMA) weekly POS via KAPSARC Data Portal,REAL_OFFICIAL_AGGREGATE
2024-10-20,2024-10-26,Miscellaneous Goods and Services,1321473.0,Saudi Central Bank (SAMA) weekly POS via KAPSARC Data Portal,REAL_OFFICIAL_AGGREGATE
2024-10-20,2024-10-26,Other,1770783.0,Saudi Central Bank (SAMA) weekly POS via KAPSARC Data Portal,REAL_OFFICIAL_AGGREGATE
2024-10-20,2024-10-26,Public Utilities,45564.0,Saudi Central Bank (SAMA) weekly POS via KAPSARC Data Portal,REAL_OFFICIAL_AGGREGATE
2024-10-20,2024-10-26,Recreation and Culture,210540.0,Saudi Central Bank (SAMA) weekly POS via KAPSARC Data Portal,REAL_OFFICIAL_AGGREGATE
2024-10-20,2024-10-26,Restaurants & Café,1695745.0,Saudi Central Bank (SAMA) weekly POS via KAPSARC Data Portal,REAL_OFFICIAL_AGGREGATE
2024-10-20,2024-10-26,Telecommunication,103449.0,Saudi Central Bank (SAMA) weekly POS via KAPSARC Data Portal,REAL_OFFICIAL_AGGREGATE
2024-10-20,2024-10-26,Transportation,671105.0,Saudi Central Bank (SAMA) weekly POS via KAPSARC Data Portal,REAL_OFFICIAL_AGGREGATE
2024-10-27,2024-11-02,Beverage and Food,2526078.0,Saudi Central Bank (SAMA) weekly POS via KAPSARC Data Portal,REAL_OFFICIAL_AGGREGATE
2024-10-27,2024-11-02,Clothing and Footwear,1073053.0,Saudi Central Bank (SAMA) weekly POS via KAPSARC Data Portal,REAL_OFFICIAL_AGGREGATE
2024-10-27,2024-11-02,Construction & Building Materials,386087.0,Saudi Central Bank (SAMA) weekly POS via KAPSARC Data Portal,REAL_OFFICIAL_AGGREGATE
2024-10-27,2024-11-02,Education,177651.0,Saudi Central Bank (SAMA) weekly POS via KAPSARC Data Portal,REAL_OFFICIAL_AGGREGATE
2024-10-27,2024-11-02,Electronic & Electric Devices,233304.0,Saudi Central Bank (SAMA) weekly POS via KAPSARC Data Portal,REAL_OFFICIAL_AGGREGATE
2024-10-27,2024-11-02,Furniture,334915.0,Saudi Central Bank (SAMA) weekly POS via KAPSARC Data Portal,REAL_OFFICIAL_AGGREGATE
2024-10-27,2024-11-02,Gas Stations,1011936.0,Saudi Central Bank (SAMA) weekly POS via KAPSARC Data Portal,REAL_OFFICIAL_AGGREGATE
2024-10-27,2024-11-02,Health,933429.0,Saudi Central Bank (SAMA) weekly POS via KAPSARC Data Portal,REAL_OFFICIAL_AGGREGATE
2024-10-27,2024-11-02,Hotels,328481.0,Saudi Central Bank (SAMA) weekly POS via KAPSARC Data Portal,REAL_OFFICIAL_AGGREGATE
2024-10-27,2024-11-02,Jewelry,288706.0,Saudi Central Bank (SAMA) weekly POS via KAPSARC Data Portal,REAL_OFFICIAL_AGGREGATE
2024-10-27,2024-11-02,Miscellaneous Goods and Services,1845570.0,Saudi Central Bank (SAMA) weekly POS via KAPSARC Data Portal,REAL_OFFICIAL_AGGREGATE
2024-10-27,2024-11-02,Other,2503776.0,Saudi Central Bank (SAMA) weekly POS via KAPSARC Data Portal,REAL_OFFICIAL_AGGREGATE
2024-10-27,2024-11-02,Public Utilities,61109.0,Saudi Central Bank (SAMA) weekly POS via KAPSARC Data Portal,REAL_OFFICIAL_AGGREGATE
2024-10-27,2024-11-02,Recreation and Culture,296595.0,Saudi Central Bank (SAMA) weekly POS via KAPSARC Data Portal,REAL_OFFICIAL_AGGREGATE
2024-10-27,2024-11-02,Restaurants & Café,2125307.0,Saudi Central Bank (SAMA) weekly POS via KAPSARC Data Portal,REAL_OFFICIAL_AGGREGATE
2024-10-27,2024-11-02,Telecommunication,157105.0,Saudi Central Bank (SAMA) weekly POS via KAPSARC Data Portal,REAL_OFFICIAL_AGGREGATE
2024-10-27,2024-11-02,Transportation,881580.0,Saudi Central Bank (SAMA) weekly POS via KAPSARC Data Portal,REAL_OFFICIAL_AGGREGATE
2024-11-03,2024-11-09,Beverage and Food,1913262.0,Saudi Central Bank (SAMA) weekly POS via KAPSARC Data Portal,REAL_OFFICIAL_AGGREGATE
2024-11-03,2024-11-09,Clothing and Footwear,942631.0,Saudi Central Bank (SAMA) weekly POS via KAPSARC Data Portal,REAL_OFFICIAL_AGGREGATE
2024-11-03,2024-11-09,Construction & Building Materials,355721.0,Saudi Central Bank (SAMA) weekly POS via KAPSARC Data Portal,REAL_OFFICIAL_AGGREGATE
2024-11-03,2024-11-09,Education,171857.0,Saudi Central Bank (SAMA) weekly POS via KAPSARC Data Portal,REAL_OFFICIAL_AGGREGATE
2024-11-03,2024-11-09,Electronic & Electric Devices,222326.0,Saudi Central Bank (SAMA) weekly POS via KAPSARC Data Portal,REAL_OFFICIAL_AGGREGATE
2024-11-03,2024-11-09,Furniture,298846.0,Saudi Central Bank (SAMA) weekly POS via KAPSARC Data Portal,REAL_OFFICIAL_AGGREGATE
2024-11-03,2024-11-09,Gas Stations,947774.0,Saudi Central Bank (SAMA) weekly POS via KAPSARC Data Portal,REAL_OFFICIAL_AGGREGATE
2024-11-03,2024-11-09,Health,798210.0,Saudi Central Bank (SAMA) weekly POS via KAPSARC Data Portal,REAL_OFFICIAL_AGGREGATE
2024-11-03,2024-11-09,Hotels,358874.0,Saudi Central Bank (SAMA) weekly POS via KAPSARC Data Portal,REAL_OFFICIAL_AGGREGATE
2024-11-03,2024-11-09,Jewelry,358892.0,Saudi Central Bank (SAMA) weekly POS via KAPSARC Data Portal,REAL_OFFICIAL_AGGREGATE
2024-11-03,2024-11-09,Miscellaneous Goods and Services,1654447.0,Saudi Central Bank (SAMA) weekly POS via KAPSARC Data Portal,REAL_OFFICIAL_AGGREGATE
2024-11-03,2024-11-09,Other,2161558.0,Saudi Central Bank (SAMA) weekly POS via KAPSARC Data Portal,REAL_OFFICIAL_AGGREGATE
2024-11-03,2024-11-09,Public Utilities,52875.0,Saudi Central Bank (SAMA) weekly POS via KAPSARC Data Portal,REAL_OFFICIAL_AGGREGATE
2024-11-03,2024-11-09,Recreation and Culture,309479.0,Saudi Central Bank (SAMA) weekly POS via KAPSARC Data Portal,REAL_OFFICIAL_AGGREGATE
2024-11-03,2024-11-09,Restaurants & Café,1991103.0,Saudi Central Bank (SAMA) weekly POS via KAPSARC Data Portal,REAL_OFFICIAL_AGGREGATE
2024-11-03,2024-11-09,Telecommunication,126533.0,Saudi Central Bank (SAMA) weekly POS via KAPSARC Data Portal,REAL_OFFICIAL_AGGREGATE
2024-11-03,2024-11-09,Transportation,771015.0,Saudi Central Bank (SAMA) weekly POS via KAPSARC Data Portal,REAL_OFFICIAL_AGGREGATE
2024-11-10,2024-11-16,Beverage and Food,1901273.0,Saudi Central Bank (SAMA) weekly POS via KAPSARC Data Portal,REAL_OFFICIAL_AGGREGATE
2024-11-10,2024-11-16,Clothing and Footwear,927247.0,Saudi Central Bank (SAMA) weekly POS via KAPSARC Data Portal,REAL_OFFICIAL_AGGREGATE
2024-11-10,2024-11-16,Construction & Building Materials,350978.0,Saudi Central Bank (SAMA) weekly POS via KAPSARC Data Portal,REAL_OFFICIAL_AGGREGATE
2024-11-10,2024-11-16,Education,89571.0,Saudi Central Bank (SAMA) weekly POS via KAPSARC Data Portal,REAL_OFFICIAL_AGGREGATE
2024-11-10,2024-11-16,Electronic & Electric Devices,198097.0,Saudi Central Bank (SAMA) weekly POS via KAPSARC Data Portal,REAL_OFFICIAL_AGGREGATE
2024-11-10,2024-11-16,Furniture,304810.0,Saudi Central Bank (SAMA) weekly POS via KAPSARC Data Portal,REAL_OFFICIAL_AGGREGATE
2024-11-10,2024-11-16,Gas Stations,931846.0,Saudi Central Bank (SAMA) weekly POS via KAPSARC Data Portal,REAL_OFFICIAL_AGGREGATE
2024-11-10,2024-11-16,Health,765856.0,Saudi Central Bank (SAMA) weekly POS via KAPSARC Data Portal,REAL_OFFICIAL_AGGREGATE
2024-11-10,2024-11-16,Hotels,399754.0,Saudi Central Bank (SAMA) weekly POS via KAPSARC Data Portal,REAL_OFFICIAL_AGGREGATE
2024-11-10,2024-11-16,Jewelry,343681.0,Saudi Central Bank (SAMA) weekly POS via KAPSARC Data Portal,REAL_OFFICIAL_AGGREGATE
2024-11-10,2024-11-16,Miscellaneous Goods and Services,1587174.0,Saudi Central Bank (SAMA) weekly POS via KAPSARC Data Portal,REAL_OFFICIAL_AGGREGATE
2024-11-10,2024-11-16,Other,2157118.0,Saudi Central Bank (SAMA) weekly POS via KAPSARC Data Portal,REAL_OFFICIAL_AGGREGATE
2024-11-10,2024-11-16,Public Utilities,52975.0,Saudi Central Bank (SAMA) weekly POS via KAPSARC Data Portal,REAL_OFFICIAL_AGGREGATE
2024-11-10,2024-11-16,Recreation and Culture,309537.0,Saudi Central Bank (SAMA) weekly POS via KAPSARC Data Portal,REAL_OFFICIAL_AGGREGATE
2024-11-10,2024-11-16,Restaurants & Café,2075742.0,Saudi Central Bank (SAMA) weekly POS via KAPSARC Data Portal,REAL_OFFICIAL_AGGREGATE
2024-11-10,2024-11-16,Telecommunication,117177.0,Saudi Central Bank (SAMA) weekly POS via KAPSARC Data Portal,REAL_OFFICIAL_AGGREGATE
2024-11-10,2024-11-16,Transportation,722014.0,Saudi Central Bank (SAMA) weekly POS via KAPSARC Data Portal,REAL_OFFICIAL_AGGREGATE
2024-11-17,2024-11-23,Beverage and Food,1714826.0,Saudi Central Bank (SAMA) weekly POS via KAPSARC Data Portal,REAL_OFFICIAL_AGGREGATE
2024-11-17,2024-11-23,Clothing and Footwear,694069.0,Saudi Central Bank (SAMA) weekly POS via KAPSARC Data Portal,REAL_OFFICIAL_AGGREGATE
2024-11-17,2024-11-23,Construction & Building Materials,340525.0,Saudi Central Bank (SAMA) weekly POS via KAPSARC Data Portal,REAL_OFFICIAL_AGGREGATE
2024-11-17,2024-11-23,Education,249543.0,Saudi Central Bank (SAMA) weekly POS via KAPSARC Data Portal,REAL_OFFICIAL_AGGREGATE
2024-11-17,2024-11-23,Electronic & Electric Devices,179683.0,Saudi Central Bank (SAMA) weekly POS via KAPSARC Data Portal,REAL_OFFICIAL_AGGREGATE
2024-11-17,2024-11-23,Furniture,271289.0,Saudi Central Bank (SAMA) weekly POS via KAPSARC Data Portal,REAL_OFFICIAL_AGGREGATE
2024-11-17,2024-11-23,Gas Stations,825343.0,Saudi Central Bank (SAMA) weekly POS via KAPSARC Data Portal,REAL_OFFICIAL_AGGREGATE
2024-11-17,2024-11-23,Health,710026.0,Saudi Central Bank (SAMA) weekly POS via KAPSARC Data Portal,REAL_OFFICIAL_AGGREGATE
2024-11-17,2024-11-23,Hotels,305632.0,Saudi Central Bank (SAMA) weekly POS via KAPSARC Data Portal,REAL_OFFICIAL_AGGREGATE
2024-11-17,2024-11-23,Jewelry,277473.0,Saudi Central Bank (SAMA) weekly POS via KAPSARC Data Portal,REAL_OFFICIAL_AGGREGATE
2024-11-17,2024-11-23,Miscellaneous Goods and Services,1371099.0,Saudi Central Bank (SAMA) weekly POS via KAPSARC Data Portal,REAL_OFFICIAL_AGGREGATE
2024-11-17,2024-11-23,Other,1815221.0,Saudi Central Bank (SAMA) weekly POS via KAPSARC Data Portal,REAL_OFFICIAL_AGGREGATE
2024-11-17,2024-11-23,Public Utilities,46748.0,Saudi Central Bank (SAMA) weekly POS via KAPSARC Data Portal,REAL_OFFICIAL_AGGREGATE
2024-11-17,2024-11-23,Recreation and Culture,265523.0,Saudi Central Bank (SAMA) weekly POS via KAPSARC Data Portal,REAL_OFFICIAL_AGGREGATE
2024-11-17,2024-11-23,Restaurants & Café,1669690.0,Saudi Central Bank (SAMA) weekly POS via KAPSARC Data Portal,REAL_OFFICIAL_AGGREGATE
2024-11-17,2024-11-23,Telecommunication,104028.0,Saudi Central Bank (SAMA) weekly POS via KAPSARC Data Portal,REAL_OFFICIAL_AGGREGATE
2024-11-17,2024-11-23,Transportation,659671.0,Saudi Central Bank (SAMA) weekly POS via KAPSARC Data Portal,REAL_OFFICIAL_AGGREGATE
2024-11-24,2024-11-30,Beverage and Food,2225249.0,Saudi Central Bank (SAMA) weekly POS via KAPSARC Data Portal,REAL_OFFICIAL_AGGREGATE
2024-11-24,2024-11-30,Clothing and Footwear,1126828.0,Saudi Central Bank (SAMA) weekly POS via KAPSARC Data Portal,REAL_OFFICIAL_AGGREGATE
2024-11-24,2024-11-30,Construction & Building Materials,365936.0,Saudi Central Bank (SAMA) weekly POS via KAPSARC Data Portal,REAL_OFFICIAL_AGGREGATE
2024-11-24,2024-11-30,Education,229751.0,Saudi Central Bank (SAMA) weekly POS via KAPSARC Data Portal,REAL_OFFICIAL_AGGREGATE
2024-11-24,2024-11-30,Electronic & Electric Devices,216738.0,Saudi Central Bank (SAMA) weekly POS via KAPSARC Data Portal,REAL_OFFICIAL_AGGREGATE
2024-11-24,2024-11-30,Furniture,343237.0,Saudi Central Bank (SAMA) weekly POS via KAPSARC Data Portal,REAL_OFFICIAL_AGGREGATE
2024-11-24,2024-11-30,Gas Stations,965966.0,Saudi Central Bank (SAMA) weekly POS via KAPSARC Data Portal,REAL_OFFICIAL_AGGREGATE
2024-11-24,2024-11-30,Health,862034.0,Saudi Central Bank (SAMA) weekly POS via KAPSARC Data Portal,REAL_OFFICIAL_AGGREGATE
2024-11-24,2024-11-30,Hotels,324642.0,Saudi Central Bank (SAMA) weekly POS via KAPSARC Data Portal,REAL_OFFICIAL_AGGREGATE
2024-11-24,2024-11-30,Jewelry,266210.0,Saudi Central Bank (SAMA) weekly POS via KAPSARC Data Portal,REAL_OFFICIAL_AGGREGATE
2024-11-24,2024-11-30,Miscellaneous Goods and Services,1704320.0,Saudi Central Bank (SAMA) weekly POS via KAPSARC Data Portal,REAL_OFFICIAL_AGGREGATE
2024-11-24,2024-11-30,Other,2384783.0,Saudi Central Bank (SAMA) weekly POS via KAPSARC Data Portal,REAL_OFFICIAL_AGGREGATE
2024-11-24,2024-11-30,Public Utilities,56769.0,Saudi Central Bank (SAMA) weekly POS via KAPSARC Data Portal,REAL_OFFICIAL_AGGREGATE
2024-11-24,2024-11-30,Recreation and Culture,310739.0,Saudi Central Bank (SAMA) weekly POS via KAPSARC Data Portal,REAL_OFFICIAL_AGGREGATE
2024-11-24,2024-11-30,Restaurants & Café,2001715.0,Saudi Central Bank (SAMA) weekly POS via KAPSARC Data Portal,REAL_OFFICIAL_AGGREGATE
2024-11-24,2024-11-30,Telecommunication,143332.0,Saudi Central Bank (SAMA) weekly POS via KAPSARC Data Portal,REAL_OFFICIAL_AGGREGATE
2024-11-24,2024-11-30,Transportation,802398.0,Saudi Central Bank (SAMA) weekly POS via KAPSARC Data Portal,REAL_OFFICIAL_AGGREGATE
2024-12-01,2024-12-07,Beverage and Food,2206680.0,Saudi Central Bank (SAMA) weekly POS via KAPSARC Data Portal,REAL_OFFICIAL_AGGREGATE
2024-12-01,2024-12-07,Clothing and Footwear,1100672.0,Saudi Central Bank (SAMA) weekly POS via KAPSARC Data Portal,REAL_OFFICIAL_AGGREGATE
2024-12-01,2024-12-07,Construction & Building Materials,382060.0,Saudi Central Bank (SAMA) weekly POS via KAPSARC Data Portal,REAL_OFFICIAL_AGGREGATE
2024-12-01,2024-12-07,Education,215789.0,Saudi Central Bank (SAMA) weekly POS via KAPSARC Data Portal,REAL_OFFICIAL_AGGREGATE
2024-12-01,2024-12-07,Electronic & Electric Devices,221302.0,Saudi Central Bank (SAMA) weekly POS via KAPSARC Data Portal,REAL_OFFICIAL_AGGREGATE
2024-12-01,2024-12-07,Furniture,348524.0,Saudi Central Bank (SAMA) weekly POS via KAPSARC Data Portal,REAL_OFFICIAL_AGGREGATE
2024-12-01,2024-12-07,Gas Stations,930337.0,Saudi Central Bank (SAMA) weekly POS via KAPSARC Data Portal,REAL_OFFICIAL_AGGREGATE
2024-12-01,2024-12-07,Health,867531.0,Saudi Central Bank (SAMA) weekly POS via KAPSARC Data Portal,REAL_OFFICIAL_AGGREGATE
2024-12-01,2024-12-07,Hotels,316305.0,Saudi Central Bank (SAMA) weekly POS via KAPSARC Data Portal,REAL_OFFICIAL_AGGREGATE
2024-12-01,2024-12-07,Jewelry,288130.0,Saudi Central Bank (SAMA) weekly POS via KAPSARC Data Portal,REAL_OFFICIAL_AGGREGATE
2024-12-01,2024-12-07,Miscellaneous Goods and Services,1763837.0,Saudi Central Bank (SAMA) weekly POS via KAPSARC Data Portal,REAL_OFFICIAL_AGGREGATE
2024-12-01,2024-12-07,Other,2370502.0,Saudi Central Bank (SAMA) weekly POS via KAPSARC Data Portal,REAL_OFFICIAL_AGGREGATE
2024-12-01,2024-12-07,Public Utilities,63321.0,Saudi Central Bank (SAMA) weekly POS via KAPSARC Data Portal,REAL_OFFICIAL_AGGREGATE
2024-12-01,2024-12-07,Recreation and Culture,299716.0,Saudi Central Bank (SAMA) weekly POS via KAPSARC Data Portal,REAL_OFFICIAL_AGGREGATE
2024-12-01,2024-12-07,Restaurants & Café,1973320.0,Saudi Central Bank (SAMA) weekly POS via KAPSARC Data Portal,REAL_OFFICIAL_AGGREGATE
2024-12-01,2024-12-07,Telecommunication,138845.0,Saudi Central Bank (SAMA) weekly POS via KAPSARC Data Portal,REAL_OFFICIAL_AGGREGATE
2024-12-01,2024-12-07,Transportation,739171.0,Saudi Central Bank (SAMA) weekly POS via KAPSARC Data Portal,REAL_OFFICIAL_AGGREGATE
2024-12-08,2024-12-14,Beverage and Food,1862515.0,Saudi Central Bank (SAMA) weekly POS via KAPSARC Data Portal,REAL_OFFICIAL_AGGREGATE
2024-12-08,2024-12-14,Clothing and Footwear,911329.0,Saudi Central Bank (SAMA) weekly POS via KAPSARC Data Portal,REAL_OFFICIAL_AGGREGATE
2024-12-08,2024-12-14,Construction & Building Materials,358287.0,Saudi Central Bank (SAMA) weekly POS via KAPSARC Data Portal,REAL_OFFICIAL_AGGREGATE
2024-12-08,2024-12-14,Education,119873.0,Saudi Central Bank (SAMA) weekly POS via KAPSARC Data Portal,REAL_OFFICIAL_AGGREGATE
2024-12-08,2024-12-14,Electronic & Electric Devices,187279.0,Saudi Central Bank (SAMA) weekly POS via KAPSARC Data Portal,REAL_OFFICIAL_AGGREGATE
2024-12-08,2024-12-14,Furniture,318420.0,Saudi Central Bank (SAMA) weekly POS via KAPSARC Data Portal,REAL_OFFICIAL_AGGREGATE
2024-12-08,2024-12-14,Gas Stations,904580.0,Saudi Central Bank (SAMA) weekly POS via KAPSARC Data Portal,REAL_OFFICIAL_AGGREGATE
2024-12-08,2024-12-14,Health,791090.0,Saudi Central Bank (SAMA) weekly POS via KAPSARC Data Portal,REAL_OFFICIAL_AGGREGATE
2024-12-08,2024-12-14,Hotels,349289.0,Saudi Central Bank (SAMA) weekly POS via KAPSARC Data Portal,REAL_OFFICIAL_AGGREGATE
2024-12-08,2024-12-14,Jewelry,260028.0,Saudi Central Bank (SAMA) weekly POS via KAPSARC Data Portal,REAL_OFFICIAL_AGGREGATE
2024-12-08,2024-12-14,Miscellaneous Goods and Services,1570763.0,Saudi Central Bank (SAMA) weekly POS via KAPSARC Data Portal,REAL_OFFICIAL_AGGREGATE
2024-12-08,2024-12-14,Other,2106687.0,Saudi Central Bank (SAMA) weekly POS via KAPSARC Data Portal,REAL_OFFICIAL_AGGREGATE
2024-12-08,2024-12-14,Public Utilities,55976.0,Saudi Central Bank (SAMA) weekly POS via KAPSARC Data Portal,REAL_OFFICIAL_AGGREGATE
2024-12-08,2024-12-14,Recreation and Culture,260371.0,Saudi Central Bank (SAMA) weekly POS via KAPSARC Data Portal,REAL_OFFICIAL_AGGREGATE
2024-12-08,2024-12-14,Restaurants & Café,1966517.0,Saudi Central Bank (SAMA) weekly POS via KAPSARC Data Portal,REAL_OFFICIAL_AGGREGATE
2024-12-08,2024-12-14,Telecommunication,114211.0,Saudi Central Bank (SAMA) weekly POS via KAPSARC Data Portal,REAL_OFFICIAL_AGGREGATE
2024-12-08,2024-12-14,Transportation,712709.0,Saudi Central Bank (SAMA) weekly POS via KAPSARC Data Portal,REAL_OFFICIAL_AGGREGATE
2024-12-15,2024-12-21,Beverage and Food,1695088.0,Saudi Central Bank (SAMA) weekly POS via KAPSARC Data Portal,REAL_OFFICIAL_AGGREGATE
2024-12-15,2024-12-21,Clothing and Footwear,864151.0,Saudi Central Bank (SAMA) weekly POS via KAPSARC Data Portal,REAL_OFFICIAL_AGGREGATE
2024-12-15,2024-12-21,Construction & Building Materials,355076.0,Saudi Central Bank (SAMA) weekly POS via KAPSARC Data Portal,REAL_OFFICIAL_AGGREGATE
2024-12-15,2024-12-21,Education,136541.0,Saudi Central Bank (SAMA) weekly POS via KAPSARC Data Portal,REAL_OFFICIAL_AGGREGATE
2024-12-15,2024-12-21,Electronic & Electric Devices,170941.0,Saudi Central Bank (SAMA) weekly POS via KAPSARC Data Portal,REAL_OFFICIAL_AGGREGATE
2024-12-15,2024-12-21,Furniture,297805.0,Saudi Central Bank (SAMA) weekly POS via KAPSARC Data Portal,REAL_OFFICIAL_AGGREGATE
2024-12-15,2024-12-21,Gas Stations,819623.0,Saudi Central Bank (SAMA) weekly POS via KAPSARC Data Portal,REAL_OFFICIAL_AGGREGATE
2024-12-15,2024-12-21,Health,733055.0,Saudi Central Bank (SAMA) weekly POS via KAPSARC Data Portal,REAL_OFFICIAL_AGGREGATE
2024-12-15,2024-12-21,Hotels,325443.0,Saudi Central Bank (SAMA) weekly POS via KAPSARC Data Portal,REAL_OFFICIAL_AGGREGATE
2024-12-15,2024-12-21,Jewelry,249763.0,Saudi Central Bank (SAMA) weekly POS via KAPSARC Data Portal,REAL_OFFICIAL_AGGREGATE
2024-12-15,2024-12-21,Miscellaneous Goods and Services,1427775.0,Saudi Central Bank (SAMA) weekly POS via KAPSARC Data Portal,REAL_OFFICIAL_AGGREGATE
2024-12-15,2024-12-21,Other,1952325.0,Saudi Central Bank (SAMA) weekly POS via KAPSARC Data Portal,REAL_OFFICIAL_AGGREGATE
2024-12-15,2024-12-21,Public Utilities,48610.0,Saudi Central Bank (SAMA) weekly POS via KAPSARC Data Portal,REAL_OFFICIAL_AGGREGATE
2024-12-15,2024-12-21,Recreation and Culture,224178.0,Saudi Central Bank (SAMA) weekly POS via KAPSARC Data Portal,REAL_OFFICIAL_AGGREGATE
2024-12-15,2024-12-21,Restaurants & Café,1695581.0,Saudi Central Bank (SAMA) weekly POS via KAPSARC Data Portal,REAL_OFFICIAL_AGGREGATE
2024-12-15,2024-12-21,Telecommunication,102274.0,Saudi Central Bank (SAMA) weekly POS via KAPSARC Data Portal,REAL_OFFICIAL_AGGREGATE
2024-12-15,2024-12-21,Transportation,705593.0,Saudi Central Bank (SAMA) weekly POS via KAPSARC Data Portal,REAL_OFFICIAL_AGGREGATE
2024-12-22,2024-12-28,Beverage and Food,2083055.0,Saudi Central Bank (SAMA) weekly POS via KAPSARC Data Portal,REAL_OFFICIAL_AGGREGATE
2024-12-22,2024-12-28,Clothing and Footwear,1002025.0,Saudi Central Bank (SAMA) weekly POS via KAPSARC Data Portal,REAL_OFFICIAL_AGGREGATE
2024-12-22,2024-12-28,Construction & Building Materials,384984.0,Saudi Central Bank (SAMA) weekly POS via KAPSARC Data Portal,REAL_OFFICIAL_AGGREGATE
2024-12-22,2024-12-28,Education,164790.0,Saudi Central Bank (SAMA) weekly POS via KAPSARC Data Portal,REAL_OFFICIAL_AGGREGATE
2024-12-22,2024-12-28,Electronic & Electric Devices,171313.0,Saudi Central Bank (SAMA) weekly POS via KAPSARC Data Portal,REAL_OFFICIAL_AGGREGATE
2024-12-22,2024-12-28,Furniture,346002.0,Saudi Central Bank (SAMA) weekly POS via KAPSARC Data Portal,REAL_OFFICIAL_AGGREGATE
2024-12-22,2024-12-28,Gas Stations,914137.0,Saudi Central Bank (SAMA) weekly POS via KAPSARC Data Portal,REAL_OFFICIAL_AGGREGATE
2024-12-22,2024-12-28,Health,853558.0,Saudi Central Bank (SAMA) weekly POS via KAPSARC Data Portal,REAL_OFFICIAL_AGGREGATE
2024-12-22,2024-12-28,Hotels,348101.0,Saudi Central Bank (SAMA) weekly POS via KAPSARC Data Portal,REAL_OFFICIAL_AGGREGATE
2024-12-22,2024-12-28,Jewelry,315021.0,Saudi Central Bank (SAMA) weekly POS via KAPSARC Data Portal,REAL_OFFICIAL_AGGREGATE
2024-12-22,2024-12-28,Miscellaneous Goods and Services,1658832.0,Saudi Central Bank (SAMA) weekly POS via KAPSARC Data Portal,REAL_OFFICIAL_AGGREGATE
2024-12-22,2024-12-28,Other,2372644.0,Saudi Central Bank (SAMA) weekly POS via KAPSARC Data Portal,REAL_OFFICIAL_AGGREGATE
2024-12-22,2024-12-28,Public Utilities,53670.0,Saudi Central Bank (SAMA) weekly POS via KAPSARC Data Portal,REAL_OFFICIAL_AGGREGATE
2024-12-22,2024-12-28,Recreation and Culture,286309.0,Saudi Central Bank (SAMA) weekly POS via KAPSARC Data Portal,REAL_OFFICIAL_AGGREGATE
2024-12-22,2024-12-28,Restaurants & Café,1939673.0,Saudi Central Bank (SAMA) weekly POS via KAPSARC Data Portal,REAL_OFFICIAL_AGGREGATE
2024-12-22,2024-12-28,Telecommunication,132510.0,Saudi Central Bank (SAMA) weekly POS via KAPSARC Data Portal,REAL_OFFICIAL_AGGREGATE
2024-12-22,2024-12-28,Transportation,806107.0,Saudi Central Bank (SAMA) weekly POS via KAPSARC Data Portal,REAL_OFFICIAL_AGGREGATE
2024-12-29,2025-01-04,Beverage and Food,2164980.0,Saudi Central Bank (SAMA) weekly POS via KAPSARC Data Portal,REAL_OFFICIAL_AGGREGATE
2024-12-29,2025-01-04,Clothing and Footwear,1124568.0,Saudi Central Bank (SAMA) weekly POS via KAPSARC Data Portal,REAL_OFFICIAL_AGGREGATE
2024-12-29,2025-01-04,Construction & Building Materials,399904.0,Saudi Central Bank (SAMA) weekly POS via KAPSARC Data Portal,REAL_OFFICIAL_AGGREGATE
2024-12-29,2025-01-04,Education,207363.0,Saudi Central Bank (SAMA) weekly POS via KAPSARC Data Portal,REAL_OFFICIAL_AGGREGATE
2024-12-29,2025-01-04,Electronic & Electric Devices,176046.0,Saudi Central Bank (SAMA) weekly POS via KAPSARC Data Portal,REAL_OFFICIAL_AGGREGATE
2024-12-29,2025-01-04,Furniture,379494.0,Saudi Central Bank (SAMA) weekly POS via KAPSARC Data Portal,REAL_OFFICIAL_AGGREGATE
2024-12-29,2025-01-04,Gas Stations,983180.0,Saudi Central Bank (SAMA) weekly POS via KAPSARC Data Portal,REAL_OFFICIAL_AGGREGATE
2024-12-29,2025-01-04,Health,911040.0,Saudi Central Bank (SAMA) weekly POS via KAPSARC Data Portal,REAL_OFFICIAL_AGGREGATE
2024-12-29,2025-01-04,Hotels,400693.0,Saudi Central Bank (SAMA) weekly POS via KAPSARC Data Portal,REAL_OFFICIAL_AGGREGATE
2024-12-29,2025-01-04,Jewelry,355404.0,Saudi Central Bank (SAMA) weekly POS via KAPSARC Data Portal,REAL_OFFICIAL_AGGREGATE
2024-12-29,2025-01-04,Miscellaneous Goods and Services,1863368.0,Saudi Central Bank (SAMA) weekly POS via KAPSARC Data Portal,REAL_OFFICIAL_AGGREGATE
2024-12-29,2025-01-04,Other,2613262.0,Saudi Central Bank (SAMA) weekly POS via KAPSARC Data Portal,REAL_OFFICIAL_AGGREGATE
2024-12-29,2025-01-04,Public Utilities,57563.0,Saudi Central Bank (SAMA) weekly POS via KAPSARC Data Portal,REAL_OFFICIAL_AGGREGATE
2024-12-29,2025-01-04,Recreation and Culture,328633.0,Saudi Central Bank (SAMA) weekly POS via KAPSARC Data Portal,REAL_OFFICIAL_AGGREGATE
2024-12-29,2025-01-04,Restaurants & Café,2135760.0,Saudi Central Bank (SAMA) weekly POS via KAPSARC Data Portal,REAL_OFFICIAL_AGGREGATE
2024-12-29,2025-01-04,Telecommunication,140912.0,Saudi Central Bank (SAMA) weekly POS via KAPSARC Data Portal,REAL_OFFICIAL_AGGREGATE
2024-12-29,2025-01-04,Transportation,858885.0,Saudi Central Bank (SAMA) weekly POS via KAPSARC Data Portal,REAL_OFFICIAL_AGGREGATE
2025-01-05,2025-01-11,Beverage and Food,1912858.0,Saudi Central Bank (SAMA) weekly POS via KAPSARC Data Portal,REAL_OFFICIAL_AGGREGATE
2025-01-05,2025-01-11,Clothing and Footwear,914336.0,Saudi Central Bank (SAMA) weekly POS via KAPSARC Data Portal,REAL_OFFICIAL_AGGREGATE
2025-01-05,2025-01-11,Construction & Building Materials,347410.0,Saudi Central Bank (SAMA) weekly POS via KAPSARC Data Portal,REAL_OFFICIAL_AGGREGATE
2025-01-05,2025-01-11,Education,115270.0,Saudi Central Bank (SAMA) weekly POS via KAPSARC Data Portal,REAL_OFFICIAL_AGGREGATE
2025-01-05,2025-01-11,Electronic & Electric Devices,152049.0,Saudi Central Bank (SAMA) weekly POS via KAPSARC Data Portal,REAL_OFFICIAL_AGGREGATE
2025-01-05,2025-01-11,Furniture,306708.0,Saudi Central Bank (SAMA) weekly POS via KAPSARC Data Portal,REAL_OFFICIAL_AGGREGATE
2025-01-05,2025-01-11,Gas Stations,952206.0,Saudi Central Bank (SAMA) weekly POS via KAPSARC Data Portal,REAL_OFFICIAL_AGGREGATE
2025-01-05,2025-01-11,Health,812434.0,Saudi Central Bank (SAMA) weekly POS via KAPSARC Data Portal,REAL_OFFICIAL_AGGREGATE
2025-01-05,2025-01-11,Hotels,405292.0,Saudi Central Bank (SAMA) weekly POS via KAPSARC Data Portal,REAL_OFFICIAL_AGGREGATE
2025-01-05,2025-01-11,Jewelry,286621.0,Saudi Central Bank (SAMA) weekly POS via KAPSARC Data Portal,REAL_OFFICIAL_AGGREGATE
2025-01-05,2025-01-11,Miscellaneous Goods and Services,1619352.0,Saudi Central Bank (SAMA) weekly POS via KAPSARC Data Portal,REAL_OFFICIAL_AGGREGATE
2025-01-05,2025-01-11,Other,2346190.0,Saudi Central Bank (SAMA) weekly POS via KAPSARC Data Portal,REAL_OFFICIAL_AGGREGATE
2025-01-05,2025-01-11,Public Utilities,51204.0,Saudi Central Bank (SAMA) weekly POS via KAPSARC Data Portal,REAL_OFFICIAL_AGGREGATE
2025-01-05,2025-01-11,Recreation and Culture,276372.0,Saudi Central Bank (SAMA) weekly POS via KAPSARC Data Portal,REAL_OFFICIAL_AGGREGATE
2025-01-05,2025-01-11,Restaurants & Café,2115087.0,Saudi Central Bank (SAMA) weekly POS via KAPSARC Data Portal,REAL_OFFICIAL_AGGREGATE
2025-01-05,2025-01-11,Telecommunication,112209.0,Saudi Central Bank (SAMA) weekly POS via KAPSARC Data Portal,REAL_OFFICIAL_AGGREGATE
2025-01-05,2025-01-11,Transportation,679101.0,Saudi Central Bank (SAMA) weekly POS via KAPSARC Data Portal,REAL_OFFICIAL_AGGREGATE
2025-01-12,2025-01-18,Beverage and Food,1736601.0,Saudi Central Bank (SAMA) weekly POS via KAPSARC Data Portal,REAL_OFFICIAL_AGGREGATE
2025-01-12,2025-01-18,Clothing and Footwear,663166.0,Saudi Central Bank (SAMA) weekly POS via KAPSARC Data Portal,REAL_OFFICIAL_AGGREGATE
2025-01-12,2025-01-18,Construction & Building Materials,340128.0,Saudi Central Bank (SAMA) weekly POS via KAPSARC Data Portal,REAL_OFFICIAL_AGGREGATE
2025-01-12,2025-01-18,Education,220760.0,Saudi Central Bank (SAMA) weekly POS via KAPSARC Data Portal,REAL_OFFICIAL_AGGREGATE
2025-01-12,2025-01-18,Electronic & Electric Devices,144025.0,Saudi Central Bank (SAMA) weekly POS via KAPSARC Data Portal,REAL_OFFICIAL_AGGREGATE
2025-01-12,2025-01-18,Furniture,266508.0,Saudi Central Bank (SAMA) weekly POS via KAPSARC Data Portal,REAL_OFFICIAL_AGGREGATE
2025-01-12,2025-01-18,Gas Stations,866427.0,Saudi Central Bank (SAMA) weekly POS via KAPSARC Data Portal,REAL_OFFICIAL_AGGREGATE
2025-01-12,2025-01-18,Health,764030.0,Saudi Central Bank (SAMA) weekly POS via KAPSARC Data Portal,REAL_OFFICIAL_AGGREGATE
2025-01-12,2025-01-18,Hotels,324454.0,Saudi Central Bank (SAMA) weekly POS via KAPSARC Data Portal,REAL_OFFICIAL_AGGREGATE
2025-01-12,2025-01-18,Jewelry,233628.0,Saudi Central Bank (SAMA) weekly POS via KAPSARC Data Portal,REAL_OFFICIAL_AGGREGATE
2025-01-12,2025-01-18,Miscellaneous Goods and Services,1419601.0,Saudi Central Bank (SAMA) weekly POS via KAPSARC Data Portal,REAL_OFFICIAL_AGGREGATE
2025-01-12,2025-01-18,Other,2031447.0,Saudi Central Bank (SAMA) weekly POS via KAPSARC Data Portal,REAL_OFFICIAL_AGGREGATE
2025-01-12,2025-01-18,Public Utilities,48123.0,Saudi Central Bank (SAMA) weekly POS via KAPSARC Data Portal,REAL_OFFICIAL_AGGREGATE
2025-01-12,2025-01-18,Recreation and Culture,221898.0,Saudi Central Bank (SAMA) weekly POS via KAPSARC Data Portal,REAL_OFFICIAL_AGGREGATE
2025-01-12,2025-01-18,Restaurants & Café,1734319.0,Saudi Central Bank (SAMA) weekly POS via KAPSARC Data Portal,REAL_OFFICIAL_AGGREGATE
2025-01-12,2025-01-18,Telecommunication,99526.0,Saudi Central Bank (SAMA) weekly POS via KAPSARC Data Portal,REAL_OFFICIAL_AGGREGATE
2025-01-12,2025-01-18,Transportation,661625.0,Saudi Central Bank (SAMA) weekly POS via KAPSARC Data Portal,REAL_OFFICIAL_AGGREGATE
2025-01-19,2025-01-25,Beverage and Food,1649093.0,Saudi Central Bank (SAMA) weekly POS via KAPSARC Data Portal,REAL_OFFICIAL_AGGREGATE
2025-01-19,2025-01-25,Clothing and Footwear,614134.0,Saudi Central Bank (SAMA) weekly POS via KAPSARC Data Portal,REAL_OFFICIAL_AGGREGATE
2025-01-19,2025-01-25,Construction & Building Materials,330338.0,Saudi Central Bank (SAMA) weekly POS via KAPSARC Data Portal,REAL_OFFICIAL_AGGREGATE
2025-01-19,2025-01-25,Education,141297.0,Saudi Central Bank (SAMA) weekly POS via KAPSARC Data Portal,REAL_OFFICIAL_AGGREGATE
2025-01-19,2025-01-25,Electronic & Electric Devices,145855.0,Saudi Central Bank (SAMA) weekly POS via KAPSARC Data Portal,REAL_OFFICIAL_AGGREGATE
2025-01-19,2025-01-25,Furniture,261060.0,Saudi Central Bank (SAMA) weekly POS via KAPSARC Data Portal,REAL_OFFICIAL_AGGREGATE
2025-01-19,2025-01-25,Gas Stations,835626.0,Saudi Central Bank (SAMA) weekly POS via KAPSARC Data Portal,REAL_OFFICIAL_AGGREGATE
2025-01-19,2025-01-25,Health,723221.0,Saudi Central Bank (SAMA) weekly POS via KAPSARC Data Portal,REAL_OFFICIAL_AGGREGATE
2025-01-19,2025-01-25,Hotels,317737.0,Saudi Central Bank (SAMA) weekly POS via KAPSARC Data Portal,REAL_OFFICIAL_AGGREGATE
2025-01-19,2025-01-25,Jewelry,226215.0,Saudi Central Bank (SAMA) weekly POS via KAPSARC Data Portal,REAL_OFFICIAL_AGGREGATE
2025-01-19,2025-01-25,Miscellaneous Goods and Services,1354005.0,Saudi Central Bank (SAMA) weekly POS via KAPSARC Data Portal,REAL_OFFICIAL_AGGREGATE
2025-01-19,2025-01-25,Other,1930071.0,Saudi Central Bank (SAMA) weekly POS via KAPSARC Data Portal,REAL_OFFICIAL_AGGREGATE
2025-01-19,2025-01-25,Public Utilities,45243.0,Saudi Central Bank (SAMA) weekly POS via KAPSARC Data Portal,REAL_OFFICIAL_AGGREGATE
2025-01-19,2025-01-25,Recreation and Culture,214383.0,Saudi Central Bank (SAMA) weekly POS via KAPSARC Data Portal,REAL_OFFICIAL_AGGREGATE
2025-01-19,2025-01-25,Restaurants & Café,1654029.0,Saudi Central Bank (SAMA) weekly POS via KAPSARC Data Portal,REAL_OFFICIAL_AGGREGATE
2025-01-19,2025-01-25,Telecommunication,96678.0,Saudi Central Bank (SAMA) weekly POS via KAPSARC Data Portal,REAL_OFFICIAL_AGGREGATE
2025-01-19,2025-01-25,Transportation,633926.0,Saudi Central Bank (SAMA) weekly POS via KAPSARC Data Portal,REAL_OFFICIAL_AGGREGATE
2025-01-26,2025-02-01,Beverage and Food,2543903.0,Saudi Central Bank (SAMA) weekly POS via KAPSARC Data Portal,REAL_OFFICIAL_AGGREGATE
2025-01-26,2025-02-01,Clothing and Footwear,960923.0,Saudi Central Bank (SAMA) weekly POS via KAPSARC Data Portal,REAL_OFFICIAL_AGGREGATE
2025-01-26,2025-02-01,Construction & Building Materials,386946.0,Saudi Central Bank (SAMA) weekly POS via KAPSARC Data Portal,REAL_OFFICIAL_AGGREGATE
2025-01-26,2025-02-01,Education,184029.0,Saudi Central Bank (SAMA) weekly POS via KAPSARC Data Portal,REAL_OFFICIAL_AGGREGATE
2025-01-26,2025-02-01,Electronic & Electric Devices,182933.0,Saudi Central Bank (SAMA) weekly POS via KAPSARC Data Portal,REAL_OFFICIAL_AGGREGATE
2025-01-26,2025-02-01,Furniture,361488.0,Saudi Central Bank (SAMA) weekly POS via KAPSARC Data Portal,REAL_OFFICIAL_AGGREGATE
2025-01-26,2025-02-01,Gas Stations,1054140.0,Saudi Central Bank (SAMA) weekly POS via KAPSARC Data Portal,REAL_OFFICIAL_AGGREGATE
2025-01-26,2025-02-01,Health,951535.0,Saudi Central Bank (SAMA) weekly POS via KAPSARC Data Portal,REAL_OFFICIAL_AGGREGATE
2025-01-26,2025-02-01,Hotels,358202.0,Saudi Central Bank (SAMA) weekly POS via KAPSARC Data Portal,REAL_OFFICIAL_AGGREGATE
2025-01-26,2025-02-01,Jewelry,292023.0,Saudi Central Bank (SAMA) weekly POS via KAPSARC Data Portal,REAL_OFFICIAL_AGGREGATE
2025-01-26,2025-02-01,Miscellaneous Goods and Services,1917534.0,Saudi Central Bank (SAMA) weekly POS via KAPSARC Data Portal,REAL_OFFICIAL_AGGREGATE
2025-01-26,2025-02-01,Other,2799764.0,Saudi Central Bank (SAMA) weekly POS via KAPSARC Data Portal,REAL_OFFICIAL_AGGREGATE
2025-01-26,2025-02-01,Public Utilities,63641.0,Saudi Central Bank (SAMA) weekly POS via KAPSARC Data Portal,REAL_OFFICIAL_AGGREGATE
2025-01-26,2025-02-01,Recreation and Culture,301140.0,Saudi Central Bank (SAMA) weekly POS via KAPSARC Data Portal,REAL_OFFICIAL_AGGREGATE
2025-01-26,2025-02-01,Restaurants & Café,2172361.0,Saudi Central Bank (SAMA) weekly POS via KAPSARC Data Portal,REAL_OFFICIAL_AGGREGATE
2025-01-26,2025-02-01,Telecommunication,155421.0,Saudi Central Bank (SAMA) weekly POS via KAPSARC Data Portal,REAL_OFFICIAL_AGGREGATE
2025-01-26,2025-02-01,Transportation,810125.0,Saudi Central Bank (SAMA) weekly POS via KAPSARC Data Portal,REAL_OFFICIAL_AGGREGATE
2025-02-02,2025-02-08,Beverage and Food,2036965.0,Saudi Central Bank (SAMA) weekly POS via KAPSARC Data Portal,REAL_OFFICIAL_AGGREGATE
2025-02-02,2025-02-08,Clothing and Footwear,909882.0,Saudi Central Bank (SAMA) weekly POS via KAPSARC Data Portal,REAL_OFFICIAL_AGGREGATE
2025-02-02,2025-02-08,Construction & Building Materials,381865.0,Saudi Central Bank (SAMA) weekly POS via KAPSARC Data Portal,REAL_OFFICIAL_AGGREGATE
2025-02-02,2025-02-08,Education,165473.0,Saudi Central Bank (SAMA) weekly POS via KAPSARC Data Portal,REAL_OFFICIAL_AGGREGATE
2025-02-02,2025-02-08,Electronic & Electric Devices,169687.0,Saudi Central Bank (SAMA) weekly POS via KAPSARC Data Portal,REAL_OFFICIAL_AGGREGATE
2025-02-02,2025-02-08,Furniture,356060.0,Saudi Central Bank (SAMA) weekly POS via KAPSARC Data Portal,REAL_OFFICIAL_AGGREGATE
2025-02-02,2025-02-08,Gas Stations,937676.0,Saudi Central Bank (SAMA) weekly POS via KAPSARC Data Portal,REAL_OFFICIAL_AGGREGATE
2025-02-02,2025-02-08,Health,857333.0,Saudi Central Bank (SAMA) weekly POS via KAPSARC Data Portal,REAL_OFFICIAL_AGGREGATE
2025-02-02,2025-02-08,Hotels,357064.0,Saudi Central Bank (SAMA) weekly POS via KAPSARC Data Portal,REAL_OFFICIAL_AGGREGATE
2025-02-02,2025-02-08,Jewelry,279800.0,Saudi Central Bank (SAMA) weekly POS via KAPSARC Data Portal,REAL_OFFICIAL_AGGREGATE
2025-02-02,2025-02-08,Miscellaneous Goods and Services,1724903.0,Saudi Central Bank (SAMA) weekly POS via KAPSARC Data Portal,REAL_OFFICIAL_AGGREGATE
2025-02-02,2025-02-08,Other,2448892.0,Saudi Central Bank (SAMA) weekly POS via KAPSARC Data Portal,REAL_OFFICIAL_AGGREGATE
2025-02-02,2025-02-08,Public Utilities,58433.0,Saudi Central Bank (SAMA) weekly POS via KAPSARC Data Portal,REAL_OFFICIAL_AGGREGATE
2025-02-02,2025-02-08,Recreation and Culture,269673.0,Saudi Central Bank (SAMA) weekly POS via KAPSARC Data Portal,REAL_OFFICIAL_AGGREGATE
2025-02-02,2025-02-08,Restaurants & Café,1966055.0,Saudi Central Bank (SAMA) weekly POS via KAPSARC Data Portal,REAL_OFFICIAL_AGGREGATE
2025-02-02,2025-02-08,Telecommunication,119238.0,Saudi Central Bank (SAMA) weekly POS via KAPSARC Data Portal,REAL_OFFICIAL_AGGREGATE
2025-02-02,2025-02-08,Transportation,693154.0,Saudi Central Bank (SAMA) weekly POS via KAPSARC Data Portal,REAL_OFFICIAL_AGGREGATE
2025-02-09,2025-02-15,Beverage and Food,1977627.0,Saudi Central Bank (SAMA) weekly POS via KAPSARC Data Portal,REAL_OFFICIAL_AGGREGATE
2025-02-09,2025-02-15,Clothing and Footwear,844146.0,Saudi Central Bank (SAMA) weekly POS via KAPSARC Data Portal,REAL_OFFICIAL_AGGREGATE
2025-02-09,2025-02-15,Construction & Building Materials,378464.0,Saudi Central Bank (SAMA) weekly POS via KAPSARC Data Portal,REAL_OFFICIAL_AGGREGATE
2025-02-09,2025-02-15,Education,132592.0,Saudi Central Bank (SAMA) weekly POS via KAPSARC Data Portal,REAL_OFFICIAL_AGGREGATE
2025-02-09,2025-02-15,Electronic & Electric Devices,164048.0,Saudi Central Bank (SAMA) weekly POS via KAPSARC Data Portal,REAL_OFFICIAL_AGGREGATE
2025-02-09,2025-02-15,Furniture,347996.0,Saudi Central Bank (SAMA) weekly POS via KAPSARC Data Portal,REAL_OFFICIAL_AGGREGATE
2025-02-09,2025-02-15,Gas Stations,933109.0,Saudi Central Bank (SAMA) weekly POS via KAPSARC Data Portal,REAL_OFFICIAL_AGGREGATE
2025-02-09,2025-02-15,Health,808336.0,Saudi Central Bank (SAMA) weekly POS via KAPSARC Data Portal,REAL_OFFICIAL_AGGREGATE
2025-02-09,2025-02-15,Hotels,359803.0,Saudi Central Bank (SAMA) weekly POS via KAPSARC Data Portal,REAL_OFFICIAL_AGGREGATE
2025-02-09,2025-02-15,Jewelry,297396.0,Saudi Central Bank (SAMA) weekly POS via KAPSARC Data Portal,REAL_OFFICIAL_AGGREGATE
2025-02-09,2025-02-15,Miscellaneous Goods and Services,1609308.0,Saudi Central Bank (SAMA) weekly POS via KAPSARC Data Portal,REAL_OFFICIAL_AGGREGATE
2025-02-09,2025-02-15,Other,2403597.0,Saudi Central Bank (SAMA) weekly POS via KAPSARC Data Portal,REAL_OFFICIAL_AGGREGATE
2025-02-09,2025-02-15,Public Utilities,56651.0,Saudi Central Bank (SAMA) weekly POS via KAPSARC Data Portal,REAL_OFFICIAL_AGGREGATE
2025-02-09,2025-02-15,Recreation and Culture,267474.0,Saudi Central Bank (SAMA) weekly POS via KAPSARC Data Portal,REAL_OFFICIAL_AGGREGATE
2025-02-09,2025-02-15,Restaurants & Café,1936425.0,Saudi Central Bank (SAMA) weekly POS via KAPSARC Data Portal,REAL_OFFICIAL_AGGREGATE
2025-02-09,2025-02-15,Telecommunication,108605.0,Saudi Central Bank (SAMA) weekly POS via KAPSARC Data Portal,REAL_OFFICIAL_AGGREGATE
2025-02-09,2025-02-15,Transportation,695193.0,Saudi Central Bank (SAMA) weekly POS via KAPSARC Data Portal,REAL_OFFICIAL_AGGREGATE
2025-02-16,2025-02-22,Beverage and Food,1904558.0,Saudi Central Bank (SAMA) weekly POS via KAPSARC Data Portal,REAL_OFFICIAL_AGGREGATE
2025-02-16,2025-02-22,Clothing and Footwear,873160.0,Saudi Central Bank (SAMA) weekly POS via KAPSARC Data Portal,REAL_OFFICIAL_AGGREGATE
2025-02-16,2025-02-22,Construction & Building Materials,360041.0,Saudi Central Bank (SAMA) weekly POS via KAPSARC Data Portal,REAL_OFFICIAL_AGGREGATE
2025-02-16,2025-02-22,Education,123522.0,Saudi Central Bank (SAMA) weekly POS via KAPSARC Data Portal,REAL_OFFICIAL_AGGREGATE
2025-02-16,2025-02-22,Electronic & Electric Devices,170651.0,Saudi Central Bank (SAMA) weekly POS via KAPSARC Data Portal,REAL_OFFICIAL_AGGREGATE
2025-02-16,2025-02-22,Furniture,359354.0,Saudi Central Bank (SAMA) weekly POS via KAPSARC Data Portal,REAL_OFFICIAL_AGGREGATE
2025-02-16,2025-02-22,Gas Stations,915084.0,Saudi Central Bank (SAMA) weekly POS via KAPSARC Data Portal,REAL_OFFICIAL_AGGREGATE
2025-02-16,2025-02-22,Health,749698.0,Saudi Central Bank (SAMA) weekly POS via KAPSARC Data Portal,REAL_OFFICIAL_AGGREGATE
2025-02-16,2025-02-22,Hotels,367052.0,Saudi Central Bank (SAMA) weekly POS via KAPSARC Data Portal,REAL_OFFICIAL_AGGREGATE
2025-02-16,2025-02-22,Jewelry,262777.0,Saudi Central Bank (SAMA) weekly POS via KAPSARC Data Portal,REAL_OFFICIAL_AGGREGATE
2025-02-16,2025-02-22,Miscellaneous Goods and Services,1549191.0,Saudi Central Bank (SAMA) weekly POS via KAPSARC Data Portal,REAL_OFFICIAL_AGGREGATE
2025-02-16,2025-02-22,Other,2401325.0,Saudi Central Bank (SAMA) weekly POS via KAPSARC Data Portal,REAL_OFFICIAL_AGGREGATE
2025-02-16,2025-02-22,Public Utilities,52307.0,Saudi Central Bank (SAMA) weekly POS via KAPSARC Data Portal,REAL_OFFICIAL_AGGREGATE
2025-02-16,2025-02-22,Recreation and Culture,269754.0,Saudi Central Bank (SAMA) weekly POS via KAPSARC Data Portal,REAL_OFFICIAL_AGGREGATE
2025-02-16,2025-02-22,Restaurants & Café,1903717.0,Saudi Central Bank (SAMA) weekly POS via KAPSARC Data Portal,REAL_OFFICIAL_AGGREGATE
2025-02-16,2025-02-22,Telecommunication,102808.0,Saudi Central Bank (SAMA) weekly POS via KAPSARC Data Portal,REAL_OFFICIAL_AGGREGATE
2025-02-16,2025-02-22,Transportation,680972.0,Saudi Central Bank (SAMA) weekly POS via KAPSARC Data Portal,REAL_OFFICIAL_AGGREGATE
2025-02-23,2025-03-01,Beverage and Food,3330995.0,Saudi Central Bank (SAMA) weekly POS via KAPSARC Data Portal,REAL_OFFICIAL_AGGREGATE
2025-02-23,2025-03-01,Clothing and Footwear,1256520.0,Saudi Central Bank (SAMA) weekly POS via KAPSARC Data Portal,REAL_OFFICIAL_AGGREGATE
2025-02-23,2025-03-01,Construction & Building Materials,441197.0,Saudi Central Bank (SAMA) weekly POS via KAPSARC Data Portal,REAL_OFFICIAL_AGGREGATE
2025-02-23,2025-03-01,Education,82059.0,Saudi Central Bank (SAMA) weekly POS via KAPSARC Data Portal,REAL_OFFICIAL_AGGREGATE
2025-02-23,2025-03-01,Electronic & Electric Devices,224820.0,Saudi Central Bank (SAMA) weekly POS via KAPSARC Data Portal,REAL_OFFICIAL_AGGREGATE
2025-02-23,2025-03-01,Furniture,524589.0,Saudi Central Bank (SAMA) weekly POS via KAPSARC Data Portal,REAL_OFFICIAL_AGGREGATE
2025-02-23,2025-03-01,Gas Stations,1001329.0,Saudi Central Bank (SAMA) weekly POS via KAPSARC Data Portal,REAL_OFFICIAL_AGGREGATE
2025-02-23,2025-03-01,Health,940312.0,Saudi Central Bank (SAMA) weekly POS via KAPSARC Data Portal,REAL_OFFICIAL_AGGREGATE
2025-02-23,2025-03-01,Hotels,365247.0,Saudi Central Bank (SAMA) weekly POS via KAPSARC Data Portal,REAL_OFFICIAL_AGGREGATE
2025-02-23,2025-03-01,Jewelry,334264.0,Saudi Central Bank (SAMA) weekly POS via KAPSARC Data Portal,REAL_OFFICIAL_AGGREGATE
2025-02-23,2025-03-01,Miscellaneous Goods and Services,2120655.0,Saudi Central Bank (SAMA) weekly POS via KAPSARC Data Portal,REAL_OFFICIAL_AGGREGATE
2025-02-23,2025-03-01,Other,3444269.0,Saudi Central Bank (SAMA) weekly POS via KAPSARC Data Portal,REAL_OFFICIAL_AGGREGATE
2025-02-23,2025-03-01,Public Utilities,81525.0,Saudi Central Bank (SAMA) weekly POS via KAPSARC Data Portal,REAL_OFFICIAL_AGGREGATE
2025-02-23,2025-03-01,Recreation and Culture,338139.0,Saudi Central Bank (SAMA) weekly POS via KAPSARC Data Portal,REAL_OFFICIAL_AGGREGATE
2025-02-23,2025-03-01,Restaurants & Café,2103089.0,Saudi Central Bank (SAMA) weekly POS via KAPSARC Data Portal,REAL_OFFICIAL_AGGREGATE
2025-02-23,2025-03-01,Telecommunication,146940.0,Saudi Central Bank (SAMA) weekly POS via KAPSARC Data Portal,REAL_OFFICIAL_AGGREGATE
2025-02-23,2025-03-01,Transportation,839122.0,Saudi Central Bank (SAMA) weekly POS via KAPSARC Data Portal,REAL_OFFICIAL_AGGREGATE
2025-03-02,2025-03-08,Beverage and Food,2060794.0,Saudi Central Bank (SAMA) weekly POS via KAPSARC Data Portal,REAL_OFFICIAL_AGGREGATE
2025-03-02,2025-03-08,Clothing and Footwear,1227495.0,Saudi Central Bank (SAMA) weekly POS via KAPSARC Data Portal,REAL_OFFICIAL_AGGREGATE
2025-03-02,2025-03-08,Construction & Building Materials,314024.0,Saudi Central Bank (SAMA) weekly POS via KAPSARC Data Portal,REAL_OFFICIAL_AGGREGATE
2025-03-02,2025-03-08,Education,200706.0,Saudi Central Bank (SAMA) weekly POS via KAPSARC Data Portal,REAL_OFFICIAL_AGGREGATE
2025-03-02,2025-03-08,Electronic & Electric Devices,159177.0,Saudi Central Bank (SAMA) weekly POS via KAPSARC Data Portal,REAL_OFFICIAL_AGGREGATE
2025-03-02,2025-03-08,Furniture,321514.0,Saudi Central Bank (SAMA) weekly POS via KAPSARC Data Portal,REAL_OFFICIAL_AGGREGATE
2025-03-02,2025-03-08,Gas Stations,840759.0,Saudi Central Bank (SAMA) weekly POS via KAPSARC Data Portal,REAL_OFFICIAL_AGGREGATE
2025-03-02,2025-03-08,Health,812015.0,Saudi Central Bank (SAMA) weekly POS via KAPSARC Data Portal,REAL_OFFICIAL_AGGREGATE
2025-03-02,2025-03-08,Hotels,296121.0,Saudi Central Bank (SAMA) weekly POS via KAPSARC Data Portal,REAL_OFFICIAL_AGGREGATE
2025-03-02,2025-03-08,Jewelry,319704.0,Saudi Central Bank (SAMA) weekly POS via KAPSARC Data Portal,REAL_OFFICIAL_AGGREGATE
2025-03-02,2025-03-08,Miscellaneous Goods and Services,1667944.0,Saudi Central Bank (SAMA) weekly POS via KAPSARC Data Portal,REAL_OFFICIAL_AGGREGATE
2025-03-02,2025-03-08,Other,2338859.0,Saudi Central Bank (SAMA) weekly POS via KAPSARC Data Portal,REAL_OFFICIAL_AGGREGATE
2025-03-02,2025-03-08,Public Utilities,64008.0,Saudi Central Bank (SAMA) weekly POS via KAPSARC Data Portal,REAL_OFFICIAL_AGGREGATE
2025-03-02,2025-03-08,Recreation and Culture,266522.0,Saudi Central Bank (SAMA) weekly POS via KAPSARC Data Portal,REAL_OFFICIAL_AGGREGATE
2025-03-02,2025-03-08,Restaurants & Café,1298511.0,Saudi Central Bank (SAMA) weekly POS via KAPSARC Data Portal,REAL_OFFICIAL_AGGREGATE
2025-03-02,2025-03-08,Telecommunication,117988.0,Saudi Central Bank (SAMA) weekly POS via KAPSARC Data Portal,REAL_OFFICIAL_AGGREGATE
2025-03-02,2025-03-08,Transportation,790836.0,Saudi Central Bank (SAMA) weekly POS via KAPSARC Data Portal,REAL_OFFICIAL_AGGREGATE
2025-03-09,2025-03-15,Beverage and Food,1926115.0,Saudi Central Bank (SAMA) weekly POS via KAPSARC Data Portal,REAL_OFFICIAL_AGGREGATE
2025-03-09,2025-03-15,Clothing and Footwear,1507834.0,Saudi Central Bank (SAMA) weekly POS via KAPSARC Data Portal,REAL_OFFICIAL_AGGREGATE
2025-03-09,2025-03-15,Construction & Building Materials,307944.0,Saudi Central Bank (SAMA) weekly POS via KAPSARC Data Portal,REAL_OFFICIAL_AGGREGATE
2025-03-09,2025-03-15,Education,140655.0,Saudi Central Bank (SAMA) weekly POS via KAPSARC Data Portal,REAL_OFFICIAL_AGGREGATE
2025-03-09,2025-03-15,Electronic & Electric Devices,150523.0,Saudi Central Bank (SAMA) weekly POS via KAPSARC Data Portal,REAL_OFFICIAL_AGGREGATE
2025-03-09,2025-03-15,Furniture,320680.0,Saudi Central Bank (SAMA) weekly POS via KAPSARC Data Portal,REAL_OFFICIAL_AGGREGATE
2025-03-09,2025-03-15,Gas Stations,865804.0,Saudi Central Bank (SAMA) weekly POS via KAPSARC Data Portal,REAL_OFFICIAL_AGGREGATE
2025-03-09,2025-03-15,Health,837288.0,Saudi Central Bank (SAMA) weekly POS via KAPSARC Data Portal,REAL_OFFICIAL_AGGREGATE
2025-03-09,2025-03-15,Hotels,352694.0,Saudi Central Bank (SAMA) weekly POS via KAPSARC Data Portal,REAL_OFFICIAL_AGGREGATE
2025-03-09,2025-03-15,Jewelry,419215.0,Saudi Central Bank (SAMA) weekly POS via KAPSARC Data Portal,REAL_OFFICIAL_AGGREGATE
2025-03-09,2025-03-15,Miscellaneous Goods and Services,1667143.0,Saudi Central Bank (SAMA) weekly POS via KAPSARC Data Portal,REAL_OFFICIAL_AGGREGATE
2025-03-09,2025-03-15,Other,2358562.0,Saudi Central Bank (SAMA) weekly POS via KAPSARC Data Portal,REAL_OFFICIAL_AGGREGATE
2025-03-09,2025-03-15,Public Utilities,54897.0,Saudi Central Bank (SAMA) weekly POS via KAPSARC Data Portal,REAL_OFFICIAL_AGGREGATE
2025-03-09,2025-03-15,Recreation and Culture,261965.0,Saudi Central Bank (SAMA) weekly POS via KAPSARC Data Portal,REAL_OFFICIAL_AGGREGATE
2025-03-09,2025-03-15,Restaurants & Café,1448386.0,Saudi Central Bank (SAMA) weekly POS via KAPSARC Data Portal,REAL_OFFICIAL_AGGREGATE
2025-03-09,2025-03-15,Telecommunication,114644.0,Saudi Central Bank (SAMA) weekly POS via KAPSARC Data Portal,REAL_OFFICIAL_AGGREGATE
2025-03-09,2025-03-15,Transportation,889271.0,Saudi Central Bank (SAMA) weekly POS via KAPSARC Data Portal,REAL_OFFICIAL_AGGREGATE
2025-03-16,2025-03-22,Beverage and Food,1886990.0,Saudi Central Bank (SAMA) weekly POS via KAPSARC Data Portal,REAL_OFFICIAL_AGGREGATE
2025-03-16,2025-03-22,Clothing and Footwear,1877616.0,Saudi Central Bank (SAMA) weekly POS via KAPSARC Data Portal,REAL_OFFICIAL_AGGREGATE
2025-03-16,2025-03-22,Construction & Building Materials,308044.0,Saudi Central Bank (SAMA) weekly POS via KAPSARC Data Portal,REAL_OFFICIAL_AGGREGATE
2025-03-16,2025-03-22,Education,88299.0,Saudi Central Bank (SAMA) weekly POS via KAPSARC Data Portal,REAL_OFFICIAL_AGGREGATE
2025-03-16,2025-03-22,Electronic & Electric Devices,155338.0,Saudi Central Bank (SAMA) weekly POS via KAPSARC Data Portal,REAL_OFFICIAL_AGGREGATE
2025-03-16,2025-03-22,Furniture,343796.0,Saudi Central Bank (SAMA) weekly POS via KAPSARC Data Portal,REAL_OFFICIAL_AGGREGATE
2025-03-16,2025-03-22,Gas Stations,837263.0,Saudi Central Bank (SAMA) weekly POS via KAPSARC Data Portal,REAL_OFFICIAL_AGGREGATE
2025-03-16,2025-03-22,Health,862122.0,Saudi Central Bank (SAMA) weekly POS via KAPSARC Data Portal,REAL_OFFICIAL_AGGREGATE
2025-03-16,2025-03-22,Hotels,440048.0,Saudi Central Bank (SAMA) weekly POS via KAPSARC Data Portal,REAL_OFFICIAL_AGGREGATE
2025-03-16,2025-03-22,Jewelry,544449.0,Saudi Central Bank (SAMA) weekly POS via KAPSARC Data Portal,REAL_OFFICIAL_AGGREGATE
2025-03-16,2025-03-22,Miscellaneous Goods and Services,1763090.0,Saudi Central Bank (SAMA) weekly POS via KAPSARC Data Portal,REAL_OFFICIAL_AGGREGATE
2025-03-16,2025-03-22,Other,2450358.0,Saudi Central Bank (SAMA) weekly POS via KAPSARC Data Portal,REAL_OFFICIAL_AGGREGATE
2025-03-16,2025-03-22,Public Utilities,52411.0,Saudi Central Bank (SAMA) weekly POS via KAPSARC Data Portal,REAL_OFFICIAL_AGGREGATE
2025-03-16,2025-03-22,Recreation and Culture,299976.0,Saudi Central Bank (SAMA) weekly POS via KAPSARC Data Portal,REAL_OFFICIAL_AGGREGATE
2025-03-16,2025-03-22,Restaurants & Café,1501780.0,Saudi Central Bank (SAMA) weekly POS via KAPSARC Data Portal,REAL_OFFICIAL_AGGREGATE
2025-03-16,2025-03-22,Telecommunication,114837.0,Saudi Central Bank (SAMA) weekly POS via KAPSARC Data Portal,REAL_OFFICIAL_AGGREGATE
2025-03-16,2025-03-22,Transportation,950859.0,Saudi Central Bank (SAMA) weekly POS via KAPSARC Data Portal,REAL_OFFICIAL_AGGREGATE
2025-03-23,2025-03-29,Beverage and Food,2579096.0,Saudi Central Bank (SAMA) weekly POS via KAPSARC Data Portal,REAL_OFFICIAL_AGGREGATE
2025-03-23,2025-03-29,Clothing and Footwear,3163574.0,Saudi Central Bank (SAMA) weekly POS via KAPSARC Data Portal,REAL_OFFICIAL_AGGREGATE
2025-03-23,2025-03-29,Construction & Building Materials,307966.0,Saudi Central Bank (SAMA) weekly POS via KAPSARC Data Portal,REAL_OFFICIAL_AGGREGATE
2025-03-23,2025-03-29,Education,33850.0,Saudi Central Bank (SAMA) weekly POS via KAPSARC Data Portal,REAL_OFFICIAL_AGGREGATE
2025-03-23,2025-03-29,Electronic & Electric Devices,171233.0,Saudi Central Bank (SAMA) weekly POS via KAPSARC Data Portal,REAL_OFFICIAL_AGGREGATE
2025-03-23,2025-03-29,Furniture,448486.0,Saudi Central Bank (SAMA) weekly POS via KAPSARC Data Portal,REAL_OFFICIAL_AGGREGATE
2025-03-23,2025-03-29,Gas Stations,976687.0,Saudi Central Bank (SAMA) weekly POS via KAPSARC Data Portal,REAL_OFFICIAL_AGGREGATE
2025-03-23,2025-03-29,Health,976596.0,Saudi Central Bank (SAMA) weekly POS via KAPSARC Data Portal,REAL_OFFICIAL_AGGREGATE
2025-03-23,2025-03-29,Hotels,409234.0,Saudi Central Bank (SAMA) weekly POS via KAPSARC Data Portal,REAL_OFFICIAL_AGGREGATE
2025-03-23,2025-03-29,Jewelry,985781.0,Saudi Central Bank (SAMA) weekly POS via KAPSARC Data Portal,REAL_OFFICIAL_AGGREGATE
2025-03-23,2025-03-29,Miscellaneous Goods and Services,2747764.0,Saudi Central Bank (SAMA) weekly POS via KAPSARC Data Portal,REAL_OFFICIAL_AGGREGATE
2025-03-23,2025-03-29,Other,3422292.0,Saudi Central Bank (SAMA) weekly POS via KAPSARC Data Portal,REAL_OFFICIAL_AGGREGATE
2025-03-23,2025-03-29,Public Utilities,62240.0,Saudi Central Bank (SAMA) weekly POS via KAPSARC Data Portal,REAL_OFFICIAL_AGGREGATE
2025-03-23,2025-03-29,Recreation and Culture,491973.0,Saudi Central Bank (SAMA) weekly POS via KAPSARC Data Portal,REAL_OFFICIAL_AGGREGATE
2025-03-23,2025-03-29,Restaurants & Café,2182073.0,Saudi Central Bank (SAMA) weekly POS via KAPSARC Data Portal,REAL_OFFICIAL_AGGREGATE
2025-03-23,2025-03-29,Telecommunication,165821.0,Saudi Central Bank (SAMA) weekly POS via KAPSARC Data Portal,REAL_OFFICIAL_AGGREGATE
2025-03-23,2025-03-29,Transportation,973385.0,Saudi Central Bank (SAMA) weekly POS via KAPSARC Data Portal,REAL_OFFICIAL_AGGREGATE
2025-03-30,2025-04-05,Beverage and Food,1646640.0,Saudi Central Bank (SAMA) weekly POS via KAPSARC Data Portal,REAL_OFFICIAL_AGGREGATE
2025-03-30,2025-04-05,Clothing and Footwear,569928.0,Saudi Central Bank (SAMA) weekly POS via KAPSARC Data Portal,REAL_OFFICIAL_AGGREGATE
2025-03-30,2025-04-05,Construction & Building Materials,148813.0,Saudi Central Bank (SAMA) weekly POS via KAPSARC Data Portal,REAL_OFFICIAL_AGGREGATE
2025-03-30,2025-04-05,Education,10222.0,Saudi Central Bank (SAMA) weekly POS via KAPSARC Data Portal,REAL_OFFICIAL_AGGREGATE
2025-03-30,2025-04-05,Electronic & Electric Devices,89160.0,Saudi Central Bank (SAMA) weekly POS via KAPSARC Data Portal,REAL_OFFICIAL_AGGREGATE
2025-03-30,2025-04-05,Furniture,141063.0,Saudi Central Bank (SAMA) weekly POS via KAPSARC Data Portal,REAL_OFFICIAL_AGGREGATE
2025-03-30,2025-04-05,Gas Stations,905097.0,Saudi Central Bank (SAMA) weekly POS via KAPSARC Data Portal,REAL_OFFICIAL_AGGREGATE
2025-03-30,2025-04-05,Health,476152.0,Saudi Central Bank (SAMA) weekly POS via KAPSARC Data Portal,REAL_OFFICIAL_AGGREGATE
2025-03-30,2025-04-05,Hotels,369475.0,Saudi Central Bank (SAMA) weekly POS via KAPSARC Data Portal,REAL_OFFICIAL_AGGREGATE
2025-03-30,2025-04-05,Jewelry,249070.0,Saudi Central Bank (SAMA) weekly POS via KAPSARC Data Portal,REAL_OFFICIAL_AGGREGATE
2025-03-30,2025-04-05,Miscellaneous Goods and Services,1128374.0,Saudi Central Bank (SAMA) weekly POS via KAPSARC Data Portal,REAL_OFFICIAL_AGGREGATE
2025-03-30,2025-04-05,Other,1860226.0,Saudi Central Bank (SAMA) weekly POS via KAPSARC Data Portal,REAL_OFFICIAL_AGGREGATE
2025-03-30,2025-04-05,Public Utilities,32514.0,Saudi Central Bank (SAMA) weekly POS via KAPSARC Data Portal,REAL_OFFICIAL_AGGREGATE
2025-03-30,2025-04-05,Recreation and Culture,265233.0,Saudi Central Bank (SAMA) weekly POS via KAPSARC Data Portal,REAL_OFFICIAL_AGGREGATE
2025-03-30,2025-04-05,Restaurants & Café,2238903.0,Saudi Central Bank (SAMA) weekly POS via KAPSARC Data Portal,REAL_OFFICIAL_AGGREGATE
2025-03-30,2025-04-05,Telecommunication,86621.0,Saudi Central Bank (SAMA) weekly POS via KAPSARC Data Portal,REAL_OFFICIAL_AGGREGATE
2025-03-30,2025-04-05,Transportation,322805.0,Saudi Central Bank (SAMA) weekly POS via KAPSARC Data Portal,REAL_OFFICIAL_AGGREGATE
2025-04-06,2025-04-12,Beverage and Food,1816055.0,Saudi Central Bank (SAMA) weekly POS via KAPSARC Data Portal,REAL_OFFICIAL_AGGREGATE
2025-04-06,2025-04-12,Clothing and Footwear,634290.0,Saudi Central Bank (SAMA) weekly POS via KAPSARC Data Portal,REAL_OFFICIAL_AGGREGATE
2025-04-06,2025-04-12,Construction & Building Materials,311546.0,Saudi Central Bank (SAMA) weekly POS via KAPSARC Data Portal,REAL_OFFICIAL_AGGREGATE
2025-04-06,2025-04-12,Education,256879.0,Saudi Central Bank (SAMA) weekly POS via KAPSARC Data Portal,REAL_OFFICIAL_AGGREGATE
2025-04-06,2025-04-12,Electronic & Electric Devices,154942.0,Saudi Central Bank (SAMA) weekly POS via KAPSARC Data Portal,REAL_OFFICIAL_AGGREGATE
2025-04-06,2025-04-12,Furniture,228558.0,Saudi Central Bank (SAMA) weekly POS via KAPSARC Data Portal,REAL_OFFICIAL_AGGREGATE
2025-04-06,2025-04-12,Gas Stations,907827.0,Saudi Central Bank (SAMA) weekly POS via KAPSARC Data Portal,REAL_OFFICIAL_AGGREGATE
2025-04-06,2025-04-12,Health,778096.0,Saudi Central Bank (SAMA) weekly POS via KAPSARC Data Portal,REAL_OFFICIAL_AGGREGATE
2025-04-06,2025-04-12,Hotels,288641.0,Saudi Central Bank (SAMA) weekly POS via KAPSARC Data Portal,REAL_OFFICIAL_AGGREGATE
2025-04-06,2025-04-12,Jewelry,327696.0,Saudi Central Bank (SAMA) weekly POS via KAPSARC Data Portal,REAL_OFFICIAL_AGGREGATE
2025-04-06,2025-04-12,Miscellaneous Goods and Services,1517272.0,Saudi Central Bank (SAMA) weekly POS via KAPSARC Data Portal,REAL_OFFICIAL_AGGREGATE
2025-04-06,2025-04-12,Other,2217192.0,Saudi Central Bank (SAMA) weekly POS via KAPSARC Data Portal,REAL_OFFICIAL_AGGREGATE
2025-04-06,2025-04-12,Public Utilities,50264.0,Saudi Central Bank (SAMA) weekly POS via KAPSARC Data Portal,REAL_OFFICIAL_AGGREGATE
2025-04-06,2025-04-12,Recreation and Culture,250598.0,Saudi Central Bank (SAMA) weekly POS via KAPSARC Data Portal,REAL_OFFICIAL_AGGREGATE
2025-04-06,2025-04-12,Restaurants & Café,1759487.0,Saudi Central Bank (SAMA) weekly POS via KAPSARC Data Portal,REAL_OFFICIAL_AGGREGATE
2025-04-06,2025-04-12,Telecommunication,111474.0,Saudi Central Bank (SAMA) weekly POS via KAPSARC Data Portal,REAL_OFFICIAL_AGGREGATE
2025-04-06,2025-04-12,Transportation,693948.0,Saudi Central Bank (SAMA) weekly POS via KAPSARC Data Portal,REAL_OFFICIAL_AGGREGATE
2025-04-13,2025-04-19,Beverage and Food,1646799.0,Saudi Central Bank (SAMA) weekly POS via KAPSARC Data Portal,REAL_OFFICIAL_AGGREGATE
2025-04-13,2025-04-19,Clothing and Footwear,607735.0,Saudi Central Bank (SAMA) weekly POS via KAPSARC Data Portal,REAL_OFFICIAL_AGGREGATE
2025-04-13,2025-04-19,Construction & Building Materials,317089.0,Saudi Central Bank (SAMA) weekly POS via KAPSARC Data Portal,REAL_OFFICIAL_AGGREGATE
2025-04-13,2025-04-19,Education,166401.0,Saudi Central Bank (SAMA) weekly POS via KAPSARC Data Portal,REAL_OFFICIAL_AGGREGATE
2025-04-13,2025-04-19,Electronic & Electric Devices,147540.0,Saudi Central Bank (SAMA) weekly POS via KAPSARC Data Portal,REAL_OFFICIAL_AGGREGATE
2025-04-13,2025-04-19,Furniture,227926.0,Saudi Central Bank (SAMA) weekly POS via KAPSARC Data Portal,REAL_OFFICIAL_AGGREGATE
2025-04-13,2025-04-19,Gas Stations,863995.0,Saudi Central Bank (SAMA) weekly POS via KAPSARC Data Portal,REAL_OFFICIAL_AGGREGATE
2025-04-13,2025-04-19,Health,758183.0,Saudi Central Bank (SAMA) weekly POS via KAPSARC Data Portal,REAL_OFFICIAL_AGGREGATE
2025-04-13,2025-04-19,Hotels,295012.0,Saudi Central Bank (SAMA) weekly POS via KAPSARC Data Portal,REAL_OFFICIAL_AGGREGATE
2025-04-13,2025-04-19,Jewelry,271435.0,Saudi Central Bank (SAMA) weekly POS via KAPSARC Data Portal,REAL_OFFICIAL_AGGREGATE
2025-04-13,2025-04-19,Miscellaneous Goods and Services,1385814.0,Saudi Central Bank (SAMA) weekly POS via KAPSARC Data Portal,REAL_OFFICIAL_AGGREGATE
2025-04-13,2025-04-19,Other,2033864.0,Saudi Central Bank (SAMA) weekly POS via KAPSARC Data Portal,REAL_OFFICIAL_AGGREGATE
2025-04-13,2025-04-19,Public Utilities,45850.0,Saudi Central Bank (SAMA) weekly POS via KAPSARC Data Portal,REAL_OFFICIAL_AGGREGATE
2025-04-13,2025-04-19,Recreation and Culture,227119.0,Saudi Central Bank (SAMA) weekly POS via KAPSARC Data Portal,REAL_OFFICIAL_AGGREGATE
2025-04-13,2025-04-19,Restaurants & Café,1678147.0,Saudi Central Bank (SAMA) weekly POS via KAPSARC Data Portal,REAL_OFFICIAL_AGGREGATE
2025-04-13,2025-04-19,Telecommunication,96092.0,Saudi Central Bank (SAMA) weekly POS via KAPSARC Data Portal,REAL_OFFICIAL_AGGREGATE
2025-04-13,2025-04-19,Transportation,685007.0,Saudi Central Bank (SAMA) weekly POS via KAPSARC Data Portal,REAL_OFFICIAL_AGGREGATE
2025-04-20,2025-04-26,Beverage and Food,1657448.0,Saudi Central Bank (SAMA) weekly POS via KAPSARC Data Portal,REAL_OFFICIAL_AGGREGATE
2025-04-20,2025-04-26,Clothing and Footwear,607094.0,Saudi Central Bank (SAMA) weekly POS via KAPSARC Data Portal,REAL_OFFICIAL_AGGREGATE
2025-04-20,2025-04-26,Construction & Building Materials,313559.0,Saudi Central Bank (SAMA) weekly POS via KAPSARC Data Portal,REAL_OFFICIAL_AGGREGATE
2025-04-20,2025-04-26,Education,137239.0,Saudi Central Bank (SAMA) weekly POS via KAPSARC Data Portal,REAL_OFFICIAL_AGGREGATE
2025-04-20,2025-04-26,Electronic & Electric Devices,152704.0,Saudi Central Bank (SAMA) weekly POS via KAPSARC Data Portal,REAL_OFFICIAL_AGGREGATE
2025-04-20,2025-04-26,Furniture,224952.0,Saudi Central Bank (SAMA) weekly POS via KAPSARC Data Portal,REAL_OFFICIAL_AGGREGATE
2025-04-20,2025-04-26,Gas Stations,859311.0,Saudi Central Bank (SAMA) weekly POS via KAPSARC Data Portal,REAL_OFFICIAL_AGGREGATE
2025-04-20,2025-04-26,Health,732047.0,Saudi Central Bank (SAMA) weekly POS via KAPSARC Data Portal,REAL_OFFICIAL_AGGREGATE
2025-04-20,2025-04-26,Hotels,254681.0,Saudi Central Bank (SAMA) weekly POS via KAPSARC Data Portal,REAL_OFFICIAL_AGGREGATE
2025-04-20,2025-04-26,Jewelry,320755.0,Saudi Central Bank (SAMA) weekly POS via KAPSARC Data Portal,REAL_OFFICIAL_AGGREGATE
2025-04-20,2025-04-26,Miscellaneous Goods and Services,1348345.0,Saudi Central Bank (SAMA) weekly POS via KAPSARC Data Portal,REAL_OFFICIAL_AGGREGATE
2025-04-20,2025-04-26,Other,2103358.0,Saudi Central Bank (SAMA) weekly POS via KAPSARC Data Portal,REAL_OFFICIAL_AGGREGATE
2025-04-20,2025-04-26,Public Utilities,43892.0,Saudi Central Bank (SAMA) weekly POS via KAPSARC Data Portal,REAL_OFFICIAL_AGGREGATE
2025-04-20,2025-04-26,Recreation and Culture,210410.0,Saudi Central Bank (SAMA) weekly POS via KAPSARC Data Portal,REAL_OFFICIAL_AGGREGATE
2025-04-20,2025-04-26,Restaurants & Café,1642117.0,Saudi Central Bank (SAMA) weekly POS via KAPSARC Data Portal,REAL_OFFICIAL_AGGREGATE
2025-04-20,2025-04-26,Telecommunication,94018.0,Saudi Central Bank (SAMA) weekly POS via KAPSARC Data Portal,REAL_OFFICIAL_AGGREGATE
2025-04-20,2025-04-26,Transportation,666043.0,Saudi Central Bank (SAMA) weekly POS via KAPSARC Data Portal,REAL_OFFICIAL_AGGREGATE
2025-04-27,2025-05-03,Beverage and Food,2402232.0,Saudi Central Bank (SAMA) weekly POS via KAPSARC Data Portal,REAL_OFFICIAL_AGGREGATE
2025-04-27,2025-05-03,Clothing and Footwear,917669.0,Saudi Central Bank (SAMA) weekly POS via KAPSARC Data Portal,REAL_OFFICIAL_AGGREGATE
2025-04-27,2025-05-03,Construction & Building Materials,354787.0,Saudi Central Bank (SAMA) weekly POS via KAPSARC Data Portal,REAL_OFFICIAL_AGGREGATE
2025-04-27,2025-05-03,Education,239744.0,Saudi Central Bank (SAMA) weekly POS via KAPSARC Data Portal,REAL_OFFICIAL_AGGREGATE
2025-04-27,2025-05-03,Electronic & Electric Devices,189380.0,Saudi Central Bank (SAMA) weekly POS via KAPSARC Data Portal,REAL_OFFICIAL_AGGREGATE
2025-04-27,2025-05-03,Furniture,294221.0,Saudi Central Bank (SAMA) weekly POS via KAPSARC Data Portal,REAL_OFFICIAL_AGGREGATE
2025-04-27,2025-05-03,Gas Stations,1083701.0,Saudi Central Bank (SAMA) weekly POS via KAPSARC Data Portal,REAL_OFFICIAL_AGGREGATE
2025-04-27,2025-05-03,Health,953366.0,Saudi Central Bank (SAMA) weekly POS via KAPSARC Data Portal,REAL_OFFICIAL_AGGREGATE
2025-04-27,2025-05-03,Hotels,306090.0,Saudi Central Bank (SAMA) weekly POS via KAPSARC Data Portal,REAL_OFFICIAL_AGGREGATE
2025-04-27,2025-05-03,Jewelry,361085.0,Saudi Central Bank (SAMA) weekly POS via KAPSARC Data Portal,REAL_OFFICIAL_AGGREGATE
2025-04-27,2025-05-03,Miscellaneous Goods and Services,1906771.0,Saudi Central Bank (SAMA) weekly POS via KAPSARC Data Portal,REAL_OFFICIAL_AGGREGATE
2025-04-27,2025-05-03,Other,3018699.0,Saudi Central Bank (SAMA) weekly POS via KAPSARC Data Portal,REAL_OFFICIAL_AGGREGATE
2025-04-27,2025-05-03,Public Utilities,56515.0,Saudi Central Bank (SAMA) weekly POS via KAPSARC Data Portal,REAL_OFFICIAL_AGGREGATE
2025-04-27,2025-05-03,Recreation and Culture,291647.0,Saudi Central Bank (SAMA) weekly POS via KAPSARC Data Portal,REAL_OFFICIAL_AGGREGATE
2025-04-27,2025-05-03,Restaurants & Café,2115412.0,Saudi Central Bank (SAMA) weekly POS via KAPSARC Data Portal,REAL_OFFICIAL_AGGREGATE
2025-04-27,2025-05-03,Telecommunication,136452.0,Saudi Central Bank (SAMA) weekly POS via KAPSARC Data Portal,REAL_OFFICIAL_AGGREGATE
2025-04-27,2025-05-03,Transportation,852004.0,Saudi Central Bank (SAMA) weekly POS via KAPSARC Data Portal,REAL_OFFICIAL_AGGREGATE
2025-05-04,2025-05-10,Beverage and Food,1891964.0,Saudi Central Bank (SAMA) weekly POS via KAPSARC Data Portal,REAL_OFFICIAL_AGGREGATE
2025-05-04,2025-05-10,Clothing and Footwear,768455.0,Saudi Central Bank (SAMA) weekly POS via KAPSARC Data Portal,REAL_OFFICIAL_AGGREGATE
2025-05-04,2025-05-10,Construction & Building Materials,335759.0,Saudi Central Bank (SAMA) weekly POS via KAPSARC Data Portal,REAL_OFFICIAL_AGGREGATE
2025-05-04,2025-05-10,Education,162362.0,Saudi Central Bank (SAMA) weekly POS via KAPSARC Data Portal,REAL_OFFICIAL_AGGREGATE
2025-05-04,2025-05-10,Electronic & Electric Devices,161107.0,Saudi Central Bank (SAMA) weekly POS via KAPSARC Data Portal,REAL_OFFICIAL_AGGREGATE
2025-05-04,2025-05-10,Furniture,272040.0,Saudi Central Bank (SAMA) weekly POS via KAPSARC Data Portal,REAL_OFFICIAL_AGGREGATE
2025-05-04,2025-05-10,Gas Stations,946004.0,Saudi Central Bank (SAMA) weekly POS via KAPSARC Data Portal,REAL_OFFICIAL_AGGREGATE
2025-05-04,2025-05-10,Health,830128.0,Saudi Central Bank (SAMA) weekly POS via KAPSARC Data Portal,REAL_OFFICIAL_AGGREGATE
2025-05-04,2025-05-10,Hotels,266552.0,Saudi Central Bank (SAMA) weekly POS via KAPSARC Data Portal,REAL_OFFICIAL_AGGREGATE
2025-05-04,2025-05-10,Jewelry,291867.0,Saudi Central Bank (SAMA) weekly POS via KAPSARC Data Portal,REAL_OFFICIAL_AGGREGATE
2025-05-04,2025-05-10,Miscellaneous Goods and Services,1609828.0,Saudi Central Bank (SAMA) weekly POS via KAPSARC Data Portal,REAL_OFFICIAL_AGGREGATE
2025-05-04,2025-05-10,Other,2529902.0,Saudi Central Bank (SAMA) weekly POS via KAPSARC Data Portal,REAL_OFFICIAL_AGGREGATE
2025-05-04,2025-05-10,Public Utilities,49155.0,Saudi Central Bank (SAMA) weekly POS via KAPSARC Data Portal,REAL_OFFICIAL_AGGREGATE
2025-05-04,2025-05-10,Recreation and Culture,252966.0,Saudi Central Bank (SAMA) weekly POS via KAPSARC Data Portal,REAL_OFFICIAL_AGGREGATE
2025-05-04,2025-05-10,Restaurants & Café,1901301.0,Saudi Central Bank (SAMA) weekly POS via KAPSARC Data Portal,REAL_OFFICIAL_AGGREGATE
2025-05-04,2025-05-10,Telecommunication,104105.0,Saudi Central Bank (SAMA) weekly POS via KAPSARC Data Portal,REAL_OFFICIAL_AGGREGATE
2025-05-04,2025-05-10,Transportation,727533.0,Saudi Central Bank (SAMA) weekly POS via KAPSARC Data Portal,REAL_OFFICIAL_AGGREGATE
2025-05-11,2025-05-17,Beverage and Food,1802312.0,Saudi Central Bank (SAMA) weekly POS via KAPSARC Data Portal,REAL_OFFICIAL_AGGREGATE
2025-05-11,2025-05-17,Clothing and Footwear,688287.0,Saudi Central Bank (SAMA) weekly POS via KAPSARC Data Portal,REAL_OFFICIAL_AGGREGATE
2025-05-11,2025-05-17,Construction & Building Materials,330167.0,Saudi Central Bank (SAMA) weekly POS via KAPSARC Data Portal,REAL_OFFICIAL_AGGREGATE
2025-05-11,2025-05-17,Education,164678.0,Saudi Central Bank (SAMA) weekly POS via KAPSARC Data Portal,REAL_OFFICIAL_AGGREGATE
2025-05-11,2025-05-17,Electronic & Electric Devices,153806.0,Saudi Central Bank (SAMA) weekly POS via KAPSARC Data Portal,REAL_OFFICIAL_AGGREGATE
2025-05-11,2025-05-17,Furniture,261840.0,Saudi Central Bank (SAMA) weekly POS via KAPSARC Data Portal,REAL_OFFICIAL_AGGREGATE
2025-05-11,2025-05-17,Gas Stations,929744.0,Saudi Central Bank (SAMA) weekly POS via KAPSARC Data Portal,REAL_OFFICIAL_AGGREGATE
2025-05-11,2025-05-17,Health,790199.0,Saudi Central Bank (SAMA) weekly POS via KAPSARC Data Portal,REAL_OFFICIAL_AGGREGATE
2025-05-11,2025-05-17,Hotels,218217.0,Saudi Central Bank (SAMA) weekly POS via KAPSARC Data Portal,REAL_OFFICIAL_AGGREGATE
2025-05-11,2025-05-17,Jewelry,330450.0,Saudi Central Bank (SAMA) weekly POS via KAPSARC Data Portal,REAL_OFFICIAL_AGGREGATE
2025-05-11,2025-05-17,Miscellaneous Goods and Services,1525934.0,Saudi Central Bank (SAMA) weekly POS via KAPSARC Data Portal,REAL_OFFICIAL_AGGREGATE
2025-05-11,2025-05-17,Other,2348385.0,Saudi Central Bank (SAMA) weekly POS via KAPSARC Data Portal,REAL_OFFICIAL_AGGREGATE
2025-05-11,2025-05-17,Public Utilities,47046.0,Saudi Central Bank (SAMA) weekly POS via KAPSARC Data Portal,REAL_OFFICIAL_AGGREGATE
2025-05-11,2025-05-17,Recreation and Culture,229483.0,Saudi Central Bank (SAMA) weekly POS via KAPSARC Data Portal,REAL_OFFICIAL_AGGREGATE
2025-05-11,2025-05-17,Restaurants & Café,1764003.0,Saudi Central Bank (SAMA) weekly POS via KAPSARC Data Portal,REAL_OFFICIAL_AGGREGATE
2025-05-11,2025-05-17,Telecommunication,98396.0,Saudi Central Bank (SAMA) weekly POS via KAPSARC Data Portal,REAL_OFFICIAL_AGGREGATE
2025-05-11,2025-05-17,Transportation,703758.0,Saudi Central Bank (SAMA) weekly POS via KAPSARC Data Portal,REAL_OFFICIAL_AGGREGATE
2025-05-18,2025-05-24,Beverage and Food,1650038.0,Saudi Central Bank (SAMA) weekly POS via KAPSARC Data Portal,REAL_OFFICIAL_AGGREGATE
2025-05-18,2025-05-24,Clothing and Footwear,702606.0,Saudi Central Bank (SAMA) weekly POS via KAPSARC Data Portal,REAL_OFFICIAL_AGGREGATE
2025-05-18,2025-05-24,Construction & Building Materials,325685.0,Saudi Central Bank (SAMA) weekly POS via KAPSARC Data Portal,REAL_OFFICIAL_AGGREGATE
2025-05-18,2025-05-24,Education,149858.0,Saudi Central Bank (SAMA) weekly POS via KAPSARC Data Portal,REAL_OFFICIAL_AGGREGATE
2025-05-18,2025-05-24,Electronic & Electric Devices,152061.0,Saudi Central Bank (SAMA) weekly POS via KAPSARC Data Portal,REAL_OFFICIAL_AGGREGATE
2025-05-18,2025-05-24,Furniture,254463.0,Saudi Central Bank (SAMA) weekly POS via KAPSARC Data Portal,REAL_OFFICIAL_AGGREGATE
2025-05-18,2025-05-24,Gas Stations,872039.0,Saudi Central Bank (SAMA) weekly POS via KAPSARC Data Portal,REAL_OFFICIAL_AGGREGATE
2025-05-18,2025-05-24,Health,742224.0,Saudi Central Bank (SAMA) weekly POS via KAPSARC Data Portal,REAL_OFFICIAL_AGGREGATE
2025-05-18,2025-05-24,Hotels,190475.0,Saudi Central Bank (SAMA) weekly POS via KAPSARC Data Portal,REAL_OFFICIAL_AGGREGATE
2025-05-18,2025-05-24,Jewelry,287976.0,Saudi Central Bank (SAMA) weekly POS via KAPSARC Data Portal,REAL_OFFICIAL_AGGREGATE
2025-05-18,2025-05-24,Miscellaneous Goods and Services,1458484.0,Saudi Central Bank (SAMA) weekly POS via KAPSARC Data Portal,REAL_OFFICIAL_AGGREGATE
2025-05-18,2025-05-24,Other,2220423.0,Saudi Central Bank (SAMA) weekly POS via KAPSARC Data Portal,REAL_OFFICIAL_AGGREGATE
2025-05-18,2025-05-24,Public Utilities,42853.0,Saudi Central Bank (SAMA) weekly POS via KAPSARC Data Portal,REAL_OFFICIAL_AGGREGATE
2025-05-18,2025-05-24,Recreation and Culture,227679.0,Saudi Central Bank (SAMA) weekly POS via KAPSARC Data Portal,REAL_OFFICIAL_AGGREGATE
2025-05-18,2025-05-24,Restaurants & Café,1646028.0,Saudi Central Bank (SAMA) weekly POS via KAPSARC Data Portal,REAL_OFFICIAL_AGGREGATE
2025-05-18,2025-05-24,Telecommunication,94264.0,Saudi Central Bank (SAMA) weekly POS via KAPSARC Data Portal,REAL_OFFICIAL_AGGREGATE
2025-05-18,2025-05-24,Transportation,693233.0,Saudi Central Bank (SAMA) weekly POS via KAPSARC Data Portal,REAL_OFFICIAL_AGGREGATE
2025-05-25,2025-05-31,Beverage and Food,2213643.0,Saudi Central Bank (SAMA) weekly POS via KAPSARC Data Portal,REAL_OFFICIAL_AGGREGATE
2025-05-25,2025-05-31,Clothing and Footwear,1213516.0,Saudi Central Bank (SAMA) weekly POS via KAPSARC Data Portal,REAL_OFFICIAL_AGGREGATE
2025-05-25,2025-05-31,Construction & Building Materials,367604.0,Saudi Central Bank (SAMA) weekly POS via KAPSARC Data Portal,REAL_OFFICIAL_AGGREGATE
2025-05-25,2025-05-31,Education,242188.0,Saudi Central Bank (SAMA) weekly POS via KAPSARC Data Portal,REAL_OFFICIAL_AGGREGATE
2025-05-25,2025-05-31,Electronic & Electric Devices,187226.0,Saudi Central Bank (SAMA) weekly POS via KAPSARC Data Portal,REAL_OFFICIAL_AGGREGATE
2025-05-25,2025-05-31,Furniture,318960.0,Saudi Central Bank (SAMA) weekly POS via KAPSARC Data Portal,REAL_OFFICIAL_AGGREGATE
2025-05-25,2025-05-31,Gas Stations,1029333.0,Saudi Central Bank (SAMA) weekly POS via KAPSARC Data Portal,REAL_OFFICIAL_AGGREGATE
2025-05-25,2025-05-31,Health,952880.0,Saudi Central Bank (SAMA) weekly POS via KAPSARC Data Portal,REAL_OFFICIAL_AGGREGATE
2025-05-25,2025-05-31,Hotels,207597.0,Saudi Central Bank (SAMA) weekly POS via KAPSARC Data Portal,REAL_OFFICIAL_AGGREGATE
2025-05-25,2025-05-31,Jewelry,368098.0,Saudi Central Bank (SAMA) weekly POS via KAPSARC Data Portal,REAL_OFFICIAL_AGGREGATE
2025-05-25,2025-05-31,Miscellaneous Goods and Services,1960054.0,Saudi Central Bank (SAMA) weekly POS via KAPSARC Data Portal,REAL_OFFICIAL_AGGREGATE
2025-05-25,2025-05-31,Other,3055201.0,Saudi Central Bank (SAMA) weekly POS via KAPSARC Data Portal,REAL_OFFICIAL_AGGREGATE
2025-05-25,2025-05-31,Public Utilities,55334.0,Saudi Central Bank (SAMA) weekly POS via KAPSARC Data Portal,REAL_OFFICIAL_AGGREGATE
2025-05-25,2025-05-31,Recreation and Culture,324369.0,Saudi Central Bank (SAMA) weekly POS via KAPSARC Data Portal,REAL_OFFICIAL_AGGREGATE
2025-05-25,2025-05-31,Restaurants & Café,2046098.0,Saudi Central Bank (SAMA) weekly POS via KAPSARC Data Portal,REAL_OFFICIAL_AGGREGATE
2025-05-25,2025-05-31,Telecommunication,136255.0,Saudi Central Bank (SAMA) weekly POS via KAPSARC Data Portal,REAL_OFFICIAL_AGGREGATE
2025-05-25,2025-05-31,Transportation,898823.0,Saudi Central Bank (SAMA) weekly POS via KAPSARC Data Portal,REAL_OFFICIAL_AGGREGATE
2025-06-01,2025-06-07,Beverage and Food,2123685.0,Saudi Central Bank (SAMA) weekly POS via KAPSARC Data Portal,REAL_OFFICIAL_AGGREGATE
2025-06-01,2025-06-07,Clothing and Footwear,1350795.0,Saudi Central Bank (SAMA) weekly POS via KAPSARC Data Portal,REAL_OFFICIAL_AGGREGATE
2025-06-01,2025-06-07,Construction & Building Materials,248512.0,Saudi Central Bank (SAMA) weekly POS via KAPSARC Data Portal,REAL_OFFICIAL_AGGREGATE
2025-06-01,2025-06-07,Education,62468.0,Saudi Central Bank (SAMA) weekly POS via KAPSARC Data Portal,REAL_OFFICIAL_AGGREGATE
2025-06-01,2025-06-07,Electronic & Electric Devices,154570.0,Saudi Central Bank (SAMA) weekly POS via KAPSARC Data Portal,REAL_OFFICIAL_AGGREGATE
2025-06-01,2025-06-07,Furniture,273574.0,Saudi Central Bank (SAMA) weekly POS via KAPSARC Data Portal,REAL_OFFICIAL_AGGREGATE
2025-06-01,2025-06-07,Gas Stations,911748.0,Saudi Central Bank (SAMA) weekly POS via KAPSARC Data Portal,REAL_OFFICIAL_AGGREGATE
2025-06-01,2025-06-07,Health,743947.0,Saudi Central Bank (SAMA) weekly POS via KAPSARC Data Portal,REAL_OFFICIAL_AGGREGATE
2025-06-01,2025-06-07,Hotels,197582.0,Saudi Central Bank (SAMA) weekly POS via KAPSARC Data Portal,REAL_OFFICIAL_AGGREGATE
2025-06-01,2025-06-07,Jewelry,344343.0,Saudi Central Bank (SAMA) weekly POS via KAPSARC Data Portal,REAL_OFFICIAL_AGGREGATE
2025-06-01,2025-06-07,Miscellaneous Goods and Services,1772224.0,Saudi Central Bank (SAMA) weekly POS via KAPSARC Data Portal,REAL_OFFICIAL_AGGREGATE
2025-06-01,2025-06-07,Other,2807143.0,Saudi Central Bank (SAMA) weekly POS via KAPSARC Data Portal,REAL_OFFICIAL_AGGREGATE
2025-06-01,2025-06-07,Public Utilities,45842.0,Saudi Central Bank (SAMA) weekly POS via KAPSARC Data Portal,REAL_OFFICIAL_AGGREGATE
2025-06-01,2025-06-07,Recreation and Culture,293183.0,Saudi Central Bank (SAMA) weekly POS via KAPSARC Data Portal,REAL_OFFICIAL_AGGREGATE
2025-06-01,2025-06-07,Restaurants & Café,2057239.0,Saudi Central Bank (SAMA) weekly POS via KAPSARC Data Portal,REAL_OFFICIAL_AGGREGATE
2025-06-01,2025-06-07,Telecommunication,119722.0,Saudi Central Bank (SAMA) weekly POS via KAPSARC Data Portal,REAL_OFFICIAL_AGGREGATE
2025-06-01,2025-06-07,Transportation,613190.0,Saudi Central Bank (SAMA) weekly POS via KAPSARC Data Portal,REAL_OFFICIAL_AGGREGATE
2025-06-08,2025-06-14,Beverage and Food,1727516.0,Saudi Central Bank (SAMA) weekly POS via KAPSARC Data Portal,REAL_OFFICIAL_AGGREGATE
2025-06-08,2025-06-14,Clothing and Footwear,655950.0,Saudi Central Bank (SAMA) weekly POS via KAPSARC Data Portal,REAL_OFFICIAL_AGGREGATE
2025-06-08,2025-06-14,Construction & Building Materials,242108.0,Saudi Central Bank (SAMA) weekly POS via KAPSARC Data Portal,REAL_OFFICIAL_AGGREGATE
2025-06-08,2025-06-14,Education,25232.0,Saudi Central Bank (SAMA) weekly POS via KAPSARC Data Portal,REAL_OFFICIAL_AGGREGATE
2025-06-08,2025-06-14,Electronic & Electric Devices,133385.0,Saudi Central Bank (SAMA) weekly POS via KAPSARC Data Portal,REAL_OFFICIAL_AGGREGATE
2025-06-08,2025-06-14,Furniture,218883.0,Saudi Central Bank (SAMA) weekly POS via KAPSARC Data Portal,REAL_OFFICIAL_AGGREGATE
2025-06-08,2025-06-14,Gas Stations,857454.0,Saudi Central Bank (SAMA) weekly POS via KAPSARC Data Portal,REAL_OFFICIAL_AGGREGATE
2025-06-08,2025-06-14,Health,610075.0,Saudi Central Bank (SAMA) weekly POS via KAPSARC Data Portal,REAL_OFFICIAL_AGGREGATE
2025-06-08,2025-06-14,Hotels,182260.0,Saudi Central Bank (SAMA) weekly POS via KAPSARC Data Portal,REAL_OFFICIAL_AGGREGATE
2025-06-08,2025-06-14,Jewelry,300056.0,Saudi Central Bank (SAMA) weekly POS via KAPSARC Data Portal,REAL_OFFICIAL_AGGREGATE
2025-06-08,2025-06-14,Miscellaneous Goods and Services,1278711.0,Saudi Central Bank (SAMA) weekly POS via KAPSARC Data Portal,REAL_OFFICIAL_AGGREGATE
2025-06-08,2025-06-14,Other,2237319.0,Saudi Central Bank (SAMA) weekly POS via KAPSARC Data Portal,REAL_OFFICIAL_AGGREGATE
2025-06-08,2025-06-14,Public Utilities,39240.0,Saudi Central Bank (SAMA) weekly POS via KAPSARC Data Portal,REAL_OFFICIAL_AGGREGATE
2025-06-08,2025-06-14,Recreation and Culture,231439.0,Saudi Central Bank (SAMA) weekly POS via KAPSARC Data Portal,REAL_OFFICIAL_AGGREGATE
2025-06-08,2025-06-14,Restaurants & Café,1803002.0,Saudi Central Bank (SAMA) weekly POS via KAPSARC Data Portal,REAL_OFFICIAL_AGGREGATE
2025-06-08,2025-06-14,Telecommunication,85199.0,Saudi Central Bank (SAMA) weekly POS via KAPSARC Data Portal,REAL_OFFICIAL_AGGREGATE
2025-06-08,2025-06-14,Transportation,488366.0,Saudi Central Bank (SAMA) weekly POS via KAPSARC Data Portal,REAL_OFFICIAL_AGGREGATE
2025-06-15,2025-06-21,Beverage and Food,1602710.0,Saudi Central Bank (SAMA) weekly POS via KAPSARC Data Portal,REAL_OFFICIAL_AGGREGATE
2025-06-15,2025-06-21,Clothing and Footwear,576313.0,Saudi Central Bank (SAMA) weekly POS via KAPSARC Data Portal,REAL_OFFICIAL_AGGREGATE
2025-06-15,2025-06-21,Construction & Building Materials,304105.0,Saudi Central Bank (SAMA) weekly POS via KAPSARC Data Portal,REAL_OFFICIAL_AGGREGATE
2025-06-15,2025-06-21,Education,193267.0,Saudi Central Bank (SAMA) weekly POS via KAPSARC Data Portal,REAL_OFFICIAL_AGGREGATE
2025-06-15,2025-06-21,Electronic & Electric Devices,155807.0,Saudi Central Bank (SAMA) weekly POS via KAPSARC Data Portal,REAL_OFFICIAL_AGGREGATE
2025-06-15,2025-06-21,Furniture,228408.0,Saudi Central Bank (SAMA) weekly POS via KAPSARC Data Portal,REAL_OFFICIAL_AGGREGATE
2025-06-15,2025-06-21,Gas Stations,813506.0,Saudi Central Bank (SAMA) weekly POS via KAPSARC Data Portal,REAL_OFFICIAL_AGGREGATE
2025-06-15,2025-06-21,Health,712587.0,Saudi Central Bank (SAMA) weekly POS via KAPSARC Data Portal,REAL_OFFICIAL_AGGREGATE
2025-06-15,2025-06-21,Hotels,165650.0,Saudi Central Bank (SAMA) weekly POS via KAPSARC Data Portal,REAL_OFFICIAL_AGGREGATE
2025-06-15,2025-06-21,Jewelry,261784.0,Saudi Central Bank (SAMA) weekly POS via KAPSARC Data Portal,REAL_OFFICIAL_AGGREGATE
2025-06-15,2025-06-21,Miscellaneous Goods and Services,1306036.0,Saudi Central Bank (SAMA) weekly POS via KAPSARC Data Portal,REAL_OFFICIAL_AGGREGATE
2025-06-15,2025-06-21,Other,2124084.0,Saudi Central Bank (SAMA) weekly POS via KAPSARC Data Portal,REAL_OFFICIAL_AGGREGATE
2025-06-15,2025-06-21,Public Utilities,40617.0,Saudi Central Bank (SAMA) weekly POS via KAPSARC Data Portal,REAL_OFFICIAL_AGGREGATE
2025-06-15,2025-06-21,Recreation and Culture,197358.0,Saudi Central Bank (SAMA) weekly POS via KAPSARC Data Portal,REAL_OFFICIAL_AGGREGATE
2025-06-15,2025-06-21,Restaurants & Café,1544745.0,Saudi Central Bank (SAMA) weekly POS via KAPSARC Data Portal,REAL_OFFICIAL_AGGREGATE
2025-06-15,2025-06-21,Telecommunication,89326.0,Saudi Central Bank (SAMA) weekly POS via KAPSARC Data Portal,REAL_OFFICIAL_AGGREGATE
2025-06-15,2025-06-21,Transportation,628665.0,Saudi Central Bank (SAMA) weekly POS via KAPSARC Data Portal,REAL_OFFICIAL_AGGREGATE
2025-06-22,2025-06-28,Beverage and Food,1989218.0,Saudi Central Bank (SAMA) weekly POS via KAPSARC Data Portal,REAL_OFFICIAL_AGGREGATE
2025-06-22,2025-06-28,Clothing and Footwear,830956.0,Saudi Central Bank (SAMA) weekly POS via KAPSARC Data Portal,REAL_OFFICIAL_AGGREGATE
2025-06-22,2025-06-28,Construction & Building Materials,328047.0,Saudi Central Bank (SAMA) weekly POS via KAPSARC Data Portal,REAL_OFFICIAL_AGGREGATE
2025-06-22,2025-06-28,Education,212059.0,Saudi Central Bank (SAMA) weekly POS via KAPSARC Data Portal,REAL_OFFICIAL_AGGREGATE
2025-06-22,2025-06-28,Electronic & Electric Devices,182154.0,Saudi Central Bank (SAMA) weekly POS via KAPSARC Data Portal,REAL_OFFICIAL_AGGREGATE
2025-06-22,2025-06-28,Furniture,268403.0,Saudi Central Bank (SAMA) weekly POS via KAPSARC Data Portal,REAL_OFFICIAL_AGGREGATE
2025-06-22,2025-06-28,Gas Stations,963503.0,Saudi Central Bank (SAMA) weekly POS via KAPSARC Data Portal,REAL_OFFICIAL_AGGREGATE
2025-06-22,2025-06-28,Health,839976.0,Saudi Central Bank (SAMA) weekly POS via KAPSARC Data Portal,REAL_OFFICIAL_AGGREGATE
2025-06-22,2025-06-28,Hotels,212495.0,Saudi Central Bank (SAMA) weekly POS via KAPSARC Data Portal,REAL_OFFICIAL_AGGREGATE
2025-06-22,2025-06-28,Jewelry,352701.0,Saudi Central Bank (SAMA) weekly POS via KAPSARC Data Portal,REAL_OFFICIAL_AGGREGATE
2025-06-22,2025-06-28,Miscellaneous Goods and Services,1648868.0,Saudi Central Bank (SAMA) weekly POS via KAPSARC Data Portal,REAL_OFFICIAL_AGGREGATE
2025-06-22,2025-06-28,Other,2683876.0,Saudi Central Bank (SAMA) weekly POS via KAPSARC Data Portal,REAL_OFFICIAL_AGGREGATE
2025-06-22,2025-06-28,Public Utilities,52296.0,Saudi Central Bank (SAMA) weekly POS via KAPSARC Data Portal,REAL_OFFICIAL_AGGREGATE
2025-06-22,2025-06-28,Recreation and Culture,294652.0,Saudi Central Bank (SAMA) weekly POS via KAPSARC Data Portal,REAL_OFFICIAL_AGGREGATE
2025-06-22,2025-06-28,Restaurants & Café,1886642.0,Saudi Central Bank (SAMA) weekly POS via KAPSARC Data Portal,REAL_OFFICIAL_AGGREGATE
2025-06-22,2025-06-28,Telecommunication,123899.0,Saudi Central Bank (SAMA) weekly POS via KAPSARC Data Portal,REAL_OFFICIAL_AGGREGATE
2025-06-22,2025-06-28,Transportation,746012.0,Saudi Central Bank (SAMA) weekly POS via KAPSARC Data Portal,REAL_OFFICIAL_AGGREGATE
2025-06-29,2025-07-05,Beverage and Food,2126081.0,Saudi Central Bank (SAMA) weekly POS via KAPSARC Data Portal,REAL_OFFICIAL_AGGREGATE
2025-06-29,2025-07-05,Clothing and Footwear,892607.0,Saudi Central Bank (SAMA) weekly POS via KAPSARC Data Portal,REAL_OFFICIAL_AGGREGATE
2025-06-29,2025-07-05,Construction & Building Materials,343554.0,Saudi Central Bank (SAMA) weekly POS via KAPSARC Data Portal,REAL_OFFICIAL_AGGREGATE
2025-06-29,2025-07-05,Education,141123.0,Saudi Central Bank (SAMA) weekly POS via KAPSARC Data Portal,REAL_OFFICIAL_AGGREGATE
2025-06-29,2025-07-05,Electronic & Electric Devices,187555.0,Saudi Central Bank (SAMA) weekly POS via KAPSARC Data Portal,REAL_OFFICIAL_AGGREGATE
2025-06-29,2025-07-05,Furniture,289991.0,Saudi Central Bank (SAMA) weekly POS via KAPSARC Data Portal,REAL_OFFICIAL_AGGREGATE
2025-06-29,2025-07-05,Gas Stations,974026.0,Saudi Central Bank (SAMA) weekly POS via KAPSARC Data Portal,REAL_OFFICIAL_AGGREGATE
2025-06-29,2025-07-05,Health,871370.0,Saudi Central Bank (SAMA) weekly POS via KAPSARC Data Portal,REAL_OFFICIAL_AGGREGATE
2025-06-29,2025-07-05,Hotels,260741.0,Saudi Central Bank (SAMA) weekly POS via KAPSARC Data Portal,REAL_OFFICIAL_AGGREGATE
2025-06-29,2025-07-05,Jewelry,331586.0,Saudi Central Bank (SAMA) weekly POS via KAPSARC Data Portal,REAL_OFFICIAL_AGGREGATE
2025-06-29,2025-07-05,Miscellaneous Goods and Services,1791273.0,Saudi Central Bank (SAMA) weekly POS via KAPSARC Data Portal,REAL_OFFICIAL_AGGREGATE
2025-06-29,2025-07-05,Other,2878692.0,Saudi Central Bank (SAMA) weekly POS via KAPSARC Data Portal,REAL_OFFICIAL_AGGREGATE
2025-06-29,2025-07-05,Public Utilities,56917.0,Saudi Central Bank (SAMA) weekly POS via KAPSARC Data Portal,REAL_OFFICIAL_AGGREGATE
2025-06-29,2025-07-05,Recreation and Culture,287788.0,Saudi Central Bank (SAMA) weekly POS via KAPSARC Data Portal,REAL_OFFICIAL_AGGREGATE
2025-06-29,2025-07-05,Restaurants & Café,1953552.0,Saudi Central Bank (SAMA) weekly POS via KAPSARC Data Portal,REAL_OFFICIAL_AGGREGATE
2025-06-29,2025-07-05,Telecommunication,136090.0,Saudi Central Bank (SAMA) weekly POS via KAPSARC Data Portal,REAL_OFFICIAL_AGGREGATE
2025-06-29,2025-07-05,Transportation,776283.0,Saudi Central Bank (SAMA) weekly POS via KAPSARC Data Portal,REAL_OFFICIAL_AGGREGATE
2025-07-06,2025-07-12,Beverage and Food,1848795.0,Saudi Central Bank (SAMA) weekly POS via KAPSARC Data Portal,REAL_OFFICIAL_AGGREGATE
2025-07-06,2025-07-12,Clothing and Footwear,827144.0,Saudi Central Bank (SAMA) weekly POS via KAPSARC Data Portal,REAL_OFFICIAL_AGGREGATE
2025-07-06,2025-07-12,Construction & Building Materials,330834.0,Saudi Central Bank (SAMA) weekly POS via KAPSARC Data Portal,REAL_OFFICIAL_AGGREGATE
2025-07-06,2025-07-12,Education,102218.0,Saudi Central Bank (SAMA) weekly POS via KAPSARC Data Portal,REAL_OFFICIAL_AGGREGATE
2025-07-06,2025-07-12,Electronic & Electric Devices,167707.0,Saudi Central Bank (SAMA) weekly POS via KAPSARC Data Portal,REAL_OFFICIAL_AGGREGATE
2025-07-06,2025-07-12,Furniture,275701.0,Saudi Central Bank (SAMA) weekly POS via KAPSARC Data Portal,REAL_OFFICIAL_AGGREGATE
2025-07-06,2025-07-12,Gas Stations,948992.0,Saudi Central Bank (SAMA) weekly POS via KAPSARC Data Portal,REAL_OFFICIAL_AGGREGATE
2025-07-06,2025-07-12,Health,805092.0,Saudi Central Bank (SAMA) weekly POS via KAPSARC Data Portal,REAL_OFFICIAL_AGGREGATE
2025-07-06,2025-07-12,Hotels,281566.0,Saudi Central Bank (SAMA) weekly POS via KAPSARC Data Portal,REAL_OFFICIAL_AGGREGATE
2025-07-06,2025-07-12,Jewelry,305494.0,Saudi Central Bank (SAMA) weekly POS via KAPSARC Data Portal,REAL_OFFICIAL_AGGREGATE
2025-07-06,2025-07-12,Miscellaneous Goods and Services,1511567.0,Saudi Central Bank (SAMA) weekly POS via KAPSARC Data Portal,REAL_OFFICIAL_AGGREGATE
2025-07-06,2025-07-12,Other,2653904.0,Saudi Central Bank (SAMA) weekly POS via KAPSARC Data Portal,REAL_OFFICIAL_AGGREGATE
2025-07-06,2025-07-12,Public Utilities,48432.0,Saudi Central Bank (SAMA) weekly POS via KAPSARC Data Portal,REAL_OFFICIAL_AGGREGATE
2025-07-06,2025-07-12,Recreation and Culture,259885.0,Saudi Central Bank (SAMA) weekly POS via KAPSARC Data Portal,REAL_OFFICIAL_AGGREGATE
2025-07-06,2025-07-12,Restaurants & Café,1920901.0,Saudi Central Bank (SAMA) weekly POS via KAPSARC Data Portal,REAL_OFFICIAL_AGGREGATE
2025-07-06,2025-07-12,Telecommunication,117630.0,Saudi Central Bank (SAMA) weekly POS via KAPSARC Data Portal,REAL_OFFICIAL_AGGREGATE
2025-07-06,2025-07-12,Transportation,722360.0,Saudi Central Bank (SAMA) weekly POS via KAPSARC Data Portal,REAL_OFFICIAL_AGGREGATE
