week_start,week_end,sector,value_thousand_sar,transaction_count_thousand
2020-05-10,2020-05-16,Beverage and Food,1290884.0,13408.0
2020-05-17,2020-05-23,Beverage and Food,1634985.0,14722.0
2020-05-24,2020-05-30,Beverage and Food,928311.0,11140.0
2020-05-31,2020-06-06,Beverage and Food,1280237.0,15033.0
2020-06-07,2020-06-13,Beverage and Food,1199517.0,15247.0
2020-06-14,2020-06-20,Beverage and Food,1132531.0,14890.0
2020-06-20,2020-06-26,Beverage and Food,1228892.0,14906.0
2020-06-28,2020-07-04,Beverage and Food,1526675.0,16682.0
2020-07-05,2020-07-11,Beverage and Food,1095516.0,16144.0
2020-07-12,2020-07-18,Beverage and Food,1036837.0,15688.0
2020-07-19,2020-07-25,Beverage and Food,1055584.0,15403.0
2020-07-26,2020-08-01,Beverage and Food,1395257.0,17289.0
2020-08-02,2020-08-08,Beverage and Food,1049820.0,15600.0
2020-08-09,2020-08-15,Beverage and Food,1093352.0,16672.0
2020-08-16,2020-08-22,Beverage and Food,1053449.0,16209.0
2020-08-23,2020-08-29,Beverage and Food,1426158.0,17849.0
2020-08-30,2020-09-05,Beverage and Food,1333597.0,18446.0
2020-09-06,2020-09-12,Beverage and Food,1174491.0,18214.0
2020-09-13,2020-09-19,Beverage and Food,1104794.0,17578.0
2020-09-20,2020-09-26,Beverage and Food,1150368.0,17314.0
2020-09-27,2020-10-03,Beverage and Food,1573618.0,19771.0
2020-10-04,2020-10-10,Beverage and Food,1180227.0,18577.0
2020-10-11,2020-10-17,Beverage and Food,1127164.0,18620.0
2020-10-18,2020-10-24,Beverage and Food,1081421.0,17702.0
2020-10-25,2020-10-31,Beverage and Food,1553257.0,20120.0
2020-11-01,2020-11-07,Beverage and Food,1258059.0,19434.0
2020-11-08,2020-11-14,Beverage and Food,1159765.0,19376.0
2020-11-15,2020-11-21,Beverage and Food,1098880.0,18601.0
2020-11-22,2020-11-28,Beverage and Food,1418521.0,19913.0
2020-11-29,2020-12-05,Beverage and Food,1388083.0,20564.0
2020-12-06,2020-12-12,Beverage and Food,1192188.0,19851.0
2020-12-13,2020-12-19,Beverage and Food,1133184.0,19330.0
2020-12-20,2020-12-26,Beverage and Food,1145273.0,18795.0
2020-12-27,2021-01-02,Beverage and Food,1575745.0,21616.0
2021-01-03,2021-01-09,Beverage and Food,1206103.0,20006.0
2021-01-10,2021-01-16,Beverage and Food,1207682.0,20398.0
2021-01-17,2021-01-23,Beverage and Food,1089383.0,18807.0
2021-01-24,2021-01-30,Beverage and Food,1572440.0,21625.0
2021-01-31,2021-02-06,Beverage and Food,1404798.0,21736.0
2021-02-07,2021-02-13,Beverage and Food,1257578.0,21495.0
2021-02-14,2021-02-20,Beverage and Food,1168820.0,20834.0
2021-02-21,2021-02-27,Beverage and Food,1242508.0,20464.0
2021-02-28,2021-03-06,Beverage and Food,1727653.0,24066.0
2021-03-07,2021-03-13,Beverage and Food,1301215.0,22771.0
2021-03-14,2021-03-20,Beverage and Food,1262558.0,22388.0
2021-03-21,2021-03-27,Beverage and Food,1398143.0,22464.0
2021-03-28,2021-04-03,Beverage and Food,1928605.0,25314.0
2021-04-04,2021-04-10,Beverage and Food,1742998.0,24385.0
2021-04-11,2021-04-17,Beverage and Food,1689616.0,24160.0
2021-04-18,2021-04-24,Beverage and Food,1125495.0,20534.0
2021-04-25,2021-05-01,Beverage and Food,1523998.0,23241.0
2021-05-02,2021-05-08,Beverage and Food,1342332.0,22539.0
2021-05-09,2021-05-15,Beverage and Food,1301982.0,22115.0
2021-05-16,2021-05-22,Beverage and Food,1085169.0,21256.0
2021-05-23,2021-05-29,Beverage and Food,1487845.0,24566.0
2021-05-30,2021-06-05,Beverage and Food,1442098.0,25803.0
2021-06-06,2021-06-12,Beverage and Food,1337600.0,25568.0
2021-06-13,2021-06-19,Beverage and Food,1229960.0,24429.0
2021-06-20,2021-06-26,Beverage and Food,1266407.0,24209.0
2021-06-27,2021-07-03,Beverage and Food,1696233.0,27679.0
2021-07-04,2021-07-10,Beverage and Food,1327766.0,25961.0
2021-07-11,2021-07-17,Beverage and Food,1361737.0,26141.0
2021-07-18,2021-07-24,Beverage and Food,1070523.0,22395.0
2021-07-25,2021-07-31,Beverage and Food,1604090.0,26779.0
2021-08-01,2021-08-07,Beverage and Food,1360843.0,26442.0
2021-08-08,2021-08-14,Beverage and Food,1337874.0,26759.0
2021-08-15,2021-08-21,Beverage and Food,1208495.0,25114.0
2021-08-22,2021-08-28,Beverage and Food,1616635.0,27158.0
2021-08-29,2021-09-04,Beverage and Food,1538362.0,27764.0
2021-09-05,2021-09-11,Beverage and Food,1386325.0,27505.0
2021-09-12,2021-09-18,Beverage and Food,1246711.0,26181.0
2021-09-19,2021-09-25,Beverage and Food,1212293.0,25037.0
2021-09-26,2021-10-02,Beverage and Food,1825795.0,28942.0
2021-10-03,2021-10-09,Beverage and Food,1403638.0,27522.0
2021-10-10,2021-10-16,Beverage and Food,1292164.0,27348.0
2021-10-17,2021-10-23,Beverage and Food,1193924.0,25368.0
2021-10-24,2021-10-30,Beverage and Food,1704701.0,28549.0
2021-10-31,2021-11-06,Beverage and Food,1471223.0,27959.0
2021-11-07,2021-11-13,Beverage and Food,1361501.0,27663.0
2021-11-14,2021-11-20,Beverage and Food,1216821.0,26008.0
2021-11-21,2021-11-27,Beverage and Food,1321531.0,26182.0
2021-11-28,2021-12-04,Beverage and Food,1739012.0,28940.0
2021-12-05,2021-12-11,Beverage and Food,1462534.0,28002.0
2021-12-12,2021-12-18,Beverage and Food,1282852.0,26771.0
2021-12-19,2021-12-25,Beverage and Food,1241645.0,25673.0
2021-12-26,2022-01-01,Beverage and Food,1834700.0,29910.0
2022-01-02,2022-01-08,Beverage and Food,1475247.0,27881.0
2022-01-09,2022-01-15,Beverage and Food,1356202.0,27682.0
2022-01-16,2022-01-22,Beverage and Food,1276441.0,25716.0
2022-01-23,2022-01-29,Beverage and Food,1727699.0,28837.0
2022-01-30,2022-02-05,Beverage and Food,1621553.0,29466.0
2022-02-06,2022-02-12,Beverage and Food,1433203.0,29019.0
2022-02-13,2022-02-19,Beverage and Food,1327862.0,28442.0
2022-02-20,2022-02-26,Beverage and Food,1426583.0,28302.0
2022-02-27,2022-03-05,Beverage and Food,1995516.0,32488.0
2022-03-06,2022-03-12,Beverage and Food,1572786.0,31254.0
2022-03-13,2022-03-19,Beverage and Food,1539428.0,29182.0
2022-03-20,2022-03-26,Beverage and Food,1761036.0,30214.0
2022-03-27,2022-04-02,Beverage and Food,2851388.0,37457.0
2022-04-03,2022-04-09,Beverage and Food,1521526.0,29163.0
2022-04-10,2022-04-16,Beverage and Food,1427757.0,28814.0
2022-04-17,2022-04-23,Beverage and Food,1345549.0,27143.0
2022-04-24,2022-04-30,Beverage and Food,1978556.0,31462.0
2022-05-01,2022-05-07,Beverage and Food,1342918.0,27703.0
2022-05-08,2022-05-14,Beverage and Food,1434606.0,30495.0
2022-05-15,2022-05-21,Beverage and Food,1305882.0,29895.0
2022-05-22,2022-05-28,Beverage and Food,1735492.0,32665.0
2022-05-29,2022-06-04,Beverage and Food,1707445.0,34231.0
2022-06-05,2022-06-11,Beverage and Food,1486714.0,33767.0
2022-06-12,2022-06-18,Beverage and Food,1382429.0,31919.0
2022-06-19,2022-06-25,Beverage and Food,1319682.0,30215.0
2022-06-26,2022-07-02,Beverage and Food,1970320.0,36068.0
2022-07-03,2022-07-09,Beverage and Food,1682272.0,33845.0
2022-07-10,2022-07-16,Beverage and Food,1270299.0,29906.0
2022-07-17,2022-07-23,Beverage and Food,1278843.0,29987.0
2022-07-24,2022-07-30,Beverage and Food,1775354.0,34059.0
2022-07-31,2022-08-06,Beverage and Food,1609983.0,33844.0
2022-08-07,2022-08-13,Beverage and Food,1510455.0,34001.0
2022-08-14,2022-08-20,Beverage and Food,1410452.0,32607.0
2022-08-21,2022-08-27,Beverage and Food,1584559.0,32917.0
2022-08-28,2022-09-03,Beverage and Food,2097392.0,37577.0
2022-09-04,2022-09-10,Beverage and Food,1587332.0,34930.0
2022-09-11,2022-09-17,Beverage and Food,1541126.0,35188.0
2022-09-18,2022-09-24,Beverage and Food,1422275.0,32816.0
2022-09-25,2022-10-01,Beverage and Food,2103533.0,37168.0
2022-10-02,2022-10-08,Beverage and Food,1682233.0,35960.0
2022-10-09,2022-10-15,Beverage and Food,1538952.0,35273.0
2022-10-16,2022-10-22,Beverage and Food,1430964.0,32937.0
2022-10-23,2022-10-29,Beverage and Food,1944403.0,36329.0
2022-10-30,2022-11-05,Beverage and Food,1839515.0,36947.0
2022-11-06,2022-11-12,Beverage and Food,1594813.0,35880.0
2022-11-13,2022-11-19,Beverage and Food,1447198.0,33975.0
2022-11-20,2022-11-26,Beverage and Food,1471502.0,32589.0
2022-11-27,2022-12-03,Beverage and Food,2081263.0,36984.0
2022-12-04,2022-12-10,Beverage and Food,1632386.0,34281.0
2022-12-11,2022-12-17,Beverage and Food,1563229.0,34838.0
2022-12-18,2022-12-24,Beverage and Food,1426508.0,32578.0
2022-12-25,2022-12-31,Beverage and Food,2085857.0,36607.0
2023-01-01,2023-01-07,Beverage and Food,1746125.0,34848.0
2023-01-08,2023-01-14,Beverage and Food,1567098.0,34285.0
2023-01-15,2023-01-21,Beverage and Food,1449441.0,32571.0
2023-01-22,2023-01-28,Beverage and Food,1651201.0,31415.0
2023-01-29,2023-02-04,Beverage and Food,1880301.0,37317.0
2023-02-05,2023-02-11,Beverage and Food,1657584.0,36726.0
2023-02-12,2023-02-18,Beverage and Food,1514572.0,35139.0
2023-02-19,2023-02-25,Beverage and Food,1532150.0,34350.0
2023-02-26,2023-03-04,Beverage and Food,2397654.0,41494.0
2023-03-05,2023-03-11,Beverage and Food,2025940.0,39636.0
2023-03-12,2023-03-18,Beverage and Food,1996224.0,38308.0
2023-03-19,2023-03-25,Beverage and Food,2198152.0,38350.0
2023-03-26,2023-04-01,Beverage and Food,2113056.0,38565.0
2023-04-02,2023-04-08,Beverage and Food,1826893.0,37857.0
2023-04-09,2023-04-15,Beverage and Food,1771701.0,37248.0
2023-04-16,2023-04-22,Beverage and Food,1676289.0,34720.0
2023-04-23,2023-04-29,Beverage and Food,1804883.0,36334.0
2023-04-30,2023-05-06,Beverage and Food,1876734.0,41019.0
2023-05-07,2023-05-13,Beverage and Food,1698814.0,41364.0
2023-05-14,2023-05-20,Beverage and Food,1562638.0,39375.0
2023-05-21,2023-05-27,Beverage and Food,1646527.0,39597.0
2023-05-28,2023-06-03,Beverage and Food,2227716.0,44247.0
2023-06-04,2023-06-10,Beverage and Food,1708704.0,41672.0
2023-06-11,2023-06-17,Beverage and Food,1714566.0,42211.0
2023-06-18,2023-06-24,Beverage and Food,1661173.0,40284.0
2023-06-25,2023-07-01,Beverage and Food,2021323.0,42054.0
2023-07-02,2023-07-08,Beverage and Food,1667361.0,39736.0
2023-07-09,2023-07-15,Beverage and Food,1654055.0,41326.0
2023-07-16,2023-07-22,Beverage and Food,1517997.0,39133.0
2023-07-23,2023-07-29,Beverage and Food,1945168.0,42027.0
2023-07-30,2023-08-05,Beverage and Food,1896056.0,43195.0
2023-08-06,2023-08-12,Beverage and Food,1739793.0,42272.0
2023-08-13,2023-08-19,Beverage and Food,1678827.0,41108.0
2023-08-20,2023-08-26,Beverage and Food,1723963.0,40503.0
2023-08-27,2023-09-02,Beverage and Food,2312939.0,46405.0
2023-09-03,2023-09-09,Beverage and Food,1779268.0,43244.0
2023-09-10,2023-09-16,Beverage and Food,1772520.0,43929.0
2023-09-17,2023-09-23,Beverage and Food,1568515.0,41344.0
2023-09-24,2023-09-30,Beverage and Food,2285797.0,45438.0
2023-10-01,2023-10-07,Beverage and Food,2004231.0,45573.0
2023-10-08,2023-10-14,Beverage and Food,1833899.0,44923.0
2023-10-15,2023-10-21,Beverage and Food,1657085.0,42135.0
2023-10-22,2023-10-28,Beverage and Food,2141697.0,44843.0
2023-10-29,2023-11-04,Beverage and Food,2070456.0,44751.0
2023-11-05,2023-11-11,Beverage and Food,1821217.0,43661.0
2023-11-12,2023-11-18,Beverage and Food,1647870.0,41810.0
2023-11-19,2023-11-25,Beverage and Food,1596853.0,39275.0
2023-11-26,2023-12-02,Beverage and Food,2459840.0,46462.0
2023-12-03,2023-12-09,Beverage and Food,1839908.0,43492.0
2023-12-10,2023-12-16,Beverage and Food,1769398.0,43490.0
2023-12-17,2023-12-23,Beverage and Food,1624550.0,40767.0
2023-12-24,2023-12-30,Beverage and Food,2253732.0,45743.0
2023-12-31,2024-01-06,Beverage and Food,1984393.0,44778.0
2024-01-07,2024-01-13,Beverage and Food,1834528.0,43646.0
2024-01-14,2024-01-20,Beverage and Food,1665378.0,41604.0
2024-01-21,2024-01-27,Beverage and Food,1777977.0,42311.0
2024-01-28,2024-02-03,Beverage and Food,2460192.0,46953.0
2024-02-04,2024-02-10,Beverage and Food,1863369.0,43750.0
2024-02-11,2024-02-17,Beverage and Food,1874824.0,44651.0
2024-02-18,2024-02-24,Beverage and Food,1787582.0,42886.0
2024-02-25,2024-03-02,Beverage and Food,2722047.0,47800.0
2024-03-03,2024-03-09,Beverage and Food,2673222.0,48040.0
2024-03-10,2024-03-16,Beverage and Food,2264918.0,45812.0
2024-03-17,2024-03-23,Beverage and Food,1735056.0,40682.0
2024-03-24,2024-03-30,Beverage and Food,2028315.0,40927.0
2024-03-31,2024-04-06,Beverage and Food,2149965.0,44882.0
2024-04-07,2024-04-13,Beverage and Food,1708827.0,39746.0
2024-04-14,2024-04-20,Beverage and Food,1622188.0,40322.0
2024-04-21,2024-04-27,Beverage and Food,1731175.0,43140.0
2024-04-28,2024-05-04,Beverage and Food,2421625.0,49636.0
2024-05-05,2024-05-11,Beverage and Food,1956354.0,48702.0
2024-05-12,2024-05-18,Beverage and Food,1773961.0,46742.0
2024-05-19,2024-05-25,Beverage and Food,1669720.0,44554.0
2024-05-26,2024-06-01,Beverage and Food,2400298.0,51050.0
2024-06-02,2024-06-08,Beverage and Food,1948219.0,48482.0
2024-06-09,2024-06-15,Beverage and Food,2017066.0,48018.0
2024-06-16,2024-06-22,Beverage and Food,1364079.0,38746.0
2024-06-23,2024-06-29,Beverage and Food,1887182.0,44245.0
2024-06-30,2024-07-06,Beverage and Food,2057259.0,47127.0
2024-07-07,2024-07-13,Beverage and Food,1796452.0,46261.0
2024-07-14,2024-07-20,Beverage and Food,1642995.0,44007.0
2024-07-21,2024-07-27,Beverage and Food,1650262.0,43272.0
2024-07-28,2024-08-03,Beverage and Food,2229903.0,49022.0
2024-08-04,2024-08-10,Beverage and Food,1782952.0,46089.0
2024-08-11,2024-08-17,Beverage and Food,1737181.0,46242.0
2024-08-18,2024-08-24,Beverage and Food,1541070.0,43530.0
2024-08-25,2024-08-31,Beverage and Food,2169987.0,51296.0
2024-09-01,2024-09-07,Beverage and Food,2106198.0,52937.0
2024-09-08,2024-09-14,Beverage and Food,1849996.0,52684.0
2024-09-15,2024-09-21,Beverage and Food,1676630.0,49690.0
2024-09-22,2024-09-28,Beverage and Food,2146237.0,51867.0
2024-09-29,2024-10-05,Beverage and Food,2226981.0,54604.0
2024-10-06,2024-10-12,Beverage and Food,1908005.0,52702.0
2024-10-13,2024-10-19,Beverage and Food,1744746.0,50388.0
2024-10-20,2024-10-26,Beverage and Food,1705695.0,48509.0
2024-10-27,2024-11-02,Beverage and Food,2526078.0,55263.0
2024-11-03,2024-11-09,Beverage and Food,1913262.0,51481.0
2024-11-10,2024-11-16,Beverage and Food,1901273.0,50916.0
2024-11-17,2024-11-23,Beverage and Food,1714826.0,48110.0
2024-11-24,2024-11-30,Beverage and Food,2225249.0,52042.0
2024-12-01,2024-12-07,Beverage and Food,2206680.0,52248.0
2024-12-08,2024-12-14,Beverage and Food,1862515.0,49966.0
2024-12-15,2024-12-21,Beverage and Food,1695088.0,46699.0
2024-12-22,2024-12-28,Beverage and Food,2083055.0,49601.0
2024-12-29,2025-01-04,Beverage and Food,2164980.0,50789.0
2025-01-05,2025-01-11,Beverage and Food,1912858.0,48677.0
2025-01-12,2025-01-18,Beverage and Food,1736601.0,46841.0
2025-01-19,2025-01-25,Beverage and Food,1649093.0,45443.0
2025-01-26,2025-02-01,Beverage and Food,2543903.0,53023.0
2025-02-02,2025-02-08,Beverage and Food,2036965.0,50097.0
2025-02-09,2025-02-15,Beverage and Food,1977627.0,49564.0
2025-02-16,2025-02-22,Beverage and Food,1904558.0,47717.0
2025-02-23,2025-03-01,Beverage and Food,3330995.0,54714.0
2025-03-02,2025-03-08,Beverage and Food,2060794.0,47175.0
2025-03-09,2025-03-15,Beverage and Food,1926115.0,47029.0
2025-03-16,2025-03-22,Beverage and Food,1886990.0,45810.0
2025-03-23,2025-03-29,Beverage and Food,2579096.0,51314.0
2025-03-30,2025-04-05,Beverage and Food,1646640.0,44412.0
2025-04-06,2025-04-12,Beverage and Food,1816055.0,48720.0
2025-04-13,2025-04-19,Beverage and Food,1646799.0,47167.0
2025-04-20,2025-04-26,Beverage and Food,1657448.0,47134.0
2025-04-27,2025-05-03,Beverage and Food,2402232.0,54636.0
2025-05-04,2025-05-10,Beverage and Food,1891964.0,50638.0
2025-05-11,2025-05-17,Beverage and Food,1802312.0,51044.0
2025-05-18,2025-05-24,Beverage and Food,1650038.0,48294.0
2025-05-25,2025-05-31,Beverage and Food,2213643.0,53185.0
2025-06-01,2025-06-07,Beverage and Food,2123685.0,51553.0
2025-06-08,2025-06-14,Beverage and Food,1727516.0,48030.0
2025-06-15,2025-06-21,Beverage and Food,1602710.0,47848.0
2025-06-22,2025-06-28,Beverage and Food,1989218.0,49632.0
2025-06-29,2025-07-05,Beverage and Food,2126081.0,51918.0
2025-07-06,2025-07-12,Beverage and Food,1848795.0,50562.0
2025-09-21,2025-09-27,Beverage and Food,1852616.0,49492.0
2025-09-28,2025-10-04,Beverage and Food,2677009.0,57145.0
2025-10-05,2025-10-11,Beverage and Food,2055055.0,54251.0
2025-10-12,2025-10-18,Beverage and Food,1915968.0,51960.0
2025-10-19,2025-10-25,Beverage and Food,1789377.0,49750.0
2025-10-26,2025-11-01,Beverage and Food,2664509.0,57361.0
2025-11-02,2025-11-08,Beverage and Food,2080656.0,53474.0
2025-11-09,2025-11-15,Beverage and Food,1970037.0,53120.0
2025-11-16,2025-11-22,Beverage and Food,1799911.0,50306.0
2025-11-23,2025-11-29,Beverage and Food,2310335.0,53464.0
2025-11-30,2025-12-06,Beverage and Food,2349010.0,53951.0
2025-12-07,2025-12-13,Beverage and Food,2012985.0,53895.0
2025-12-14,2025-12-20,Beverage and Food,1894401.0,50034.0
2025-12-21,2025-12-27,Beverage and Food,1916532.0,50507.0
2025-12-28,2026-01-03,Beverage and Food,2709201.0,57147.0
2026-01-04,2026-01-10,Beverage and Food,2068918.0,53036.0
2026-01-11,2026-01-17,Beverage and Food,2043112.0,52211.0
2026-01-18,2026-01-24,Beverage and Food,1881577.0,48804.0
2026-01-25,2026-01-31,Beverage and Food,2608259.0,55670.0
2026-02-01,2026-02-07,Beverage and Food,2686235.0,57930.0
2026-02-08,2026-02-14,Beverage and Food,2570672.0,57508.0
2026-02-15,2026-02-21,Beverage and Food,2624678.0,55158.0
2026-02-22,2026-02-28,Beverage and Food,2325743.0,51317.0
2026-03-01,2026-03-07,Beverage and Food,2499822.0,52952.0
2026-03-08,2026-03-14,Beverage and Food,2257461.0,51441.0
2026-03-15,2026-03-21,Beverage and Food,2114391.0,49008.0
2026-04-05,2026-04-11,Beverage and Food,2168393.0,56383.0
2026-04-12,2026-04-18,Beverage and Food,1997249.0,54593.0
2026-04-19,2026-04-25,Beverage and Food,1901255.0,52737.0
2026-04-26,2026-05-02,Beverage and Food,2831875.0,61925.0
2026-05-03,2026-05-09,Beverage and Food,2256672.0,58689.0
2026-05-10,2026-05-16,Beverage and Food,2135010.0,58446.0
2026-05-17,2026-05-23,Beverage and Food,2135329.0,56139.0
2026-05-24,2026-05-30,Beverage and Food,2457152.0,58384.0
2026-05-31,2026-06-06,Beverage and Food,2296471.0,56533.0
2026-06-07,2026-06-13,Beverage and Food,2102715.0,56659.0
2026-06-14,2026-06-20,Beverage and Food,1935392.0,54337.0
2026-06-21,2026-06-27,Beverage and Food,1974701.0,53427.0
2026-06-28,2026-07-04,Beverage and Food,2760525.0,61196.0
2026-07-05,2026-07-11,Beverage and Food,2213702.0,57806.0
2026-07-12,2026-07-18,Beverage and Food,2031424.0,55453.0
2026-07-19,2026-07-25,Beverage and Food,1911501.0,53125.0
2026-07-26,2026-08-01,Beverage and Food,2691606.0,60711.0
2026-08-02,2026-08-08,Beverage and Food,2280490.0,58407.0
2020-05-10,2020-05-16,Clothing and Footwear,692756.0,3363.0
2020-05-17,2020-05-23,Clothing and Footwear,631733.0,3238.0
2020-05-24,2020-05-30,Clothing and Footwear,145219.0,775.0
2020-05-31,2020-06-06,Clothing and Footwear,498250.0,2452.0
2020-06-07,2020-06-13,Clothing and Footwear,383822.0,1963.0
2020-06-14,2020-06-20,Clothing and Footwear,392905.0,1941.0
2020-06-20,2020-06-26,Clothing and Footwear,608087.0,2865.0
2020-06-28,2020-07-04,Clothing and Footwear,815622.0,3885.0
2020-07-05,2020-07-11,Clothing and Footwear,585774.0,3121.0
2020-07-12,2020-07-18,Clothing and Footwear,581744.0,3024.0
2020-07-19,2020-07-25,Clothing and Footwear,704507.0,3620.0
2020-07-26,2020-08-01,Clothing and Footwear,1098883.0,6170.0
2020-08-02,2020-08-08,Clothing and Footwear,487710.0,2635.0
2020-08-09,2020-08-15,Clothing and Footwear,478219.0,2623.0
2020-08-16,2020-08-22,Clothing and Footwear,427891.0,2337.0
2020-08-23,2020-08-29,Clothing and Footwear,516564.0,2836.0
2020-08-30,2020-09-05,Clothing and Footwear,557684.0,3153.0
2020-09-06,2020-09-12,Clothing and Footwear,478336.0,2752.0
2020-09-13,2020-09-19,Clothing and Footwear,474351.0,2706.0
2020-09-20,2020-09-26,Clothing and Footwear,638306.0,3580.0
2020-09-27,2020-10-03,Clothing and Footwear,663474.0,3717.0
2020-10-04,2020-10-10,Clothing and Footwear,546183.0,3028.0
2020-10-11,2020-10-17,Clothing and Footwear,521749.0,2838.0
2020-10-18,2020-10-24,Clothing and Footwear,507731.0,2695.0
2020-10-25,2020-10-31,Clothing and Footwear,791288.0,4096.0
2020-11-01,2020-11-07,Clothing and Footwear,697533.0,3700.0
2020-11-08,2020-11-14,Clothing and Footwear,616204.0,3326.0
2020-11-15,2020-11-21,Clothing and Footwear,596435.0,3184.0
2020-11-22,2020-11-28,Clothing and Footwear,846038.0,4303.0
2020-11-29,2020-12-05,Clothing and Footwear,866305.0,4556.0
2020-12-06,2020-12-12,Clothing and Footwear,723236.0,3918.0
2020-12-13,2020-12-19,Clothing and Footwear,626357.0,3416.0
2020-12-20,2020-12-26,Clothing and Footwear,678210.0,3653.0
2020-12-27,2021-01-02,Clothing and Footwear,1119407.0,6178.0
2021-01-03,2021-01-09,Clothing and Footwear,752452.0,4364.0
2021-01-10,2021-01-16,Clothing and Footwear,641940.0,3787.0
2021-01-17,2021-01-23,Clothing and Footwear,499637.0,2922.0
2021-01-24,2021-01-30,Clothing and Footwear,671233.0,3915.0
2021-01-31,2021-02-06,Clothing and Footwear,564867.0,3303.0
2021-02-07,2021-02-13,Clothing and Footwear,488523.0,2801.0
2021-02-14,2021-02-20,Clothing and Footwear,441142.0,2541.0
2021-02-21,2021-02-27,Clothing and Footwear,458488.0,2575.0
2021-02-28,2021-03-06,Clothing and Footwear,703794.0,3968.0
2021-03-07,2021-03-13,Clothing and Footwear,640324.0,3587.0
2021-03-14,2021-03-20,Clothing and Footwear,699954.0,3712.0
2021-03-21,2021-03-27,Clothing and Footwear,764517.0,3951.0
2021-03-28,2021-04-03,Clothing and Footwear,1077175.0,5541.0
2021-04-04,2021-04-10,Clothing and Footwear,932965.0,4871.0
2021-04-11,2021-04-17,Clothing and Footwear,692622.0,3820.0
2021-04-18,2021-04-24,Clothing and Footwear,820341.0,4125.0
2021-04-25,2021-05-01,Clothing and Footwear,1623921.0,8165.0
2021-05-02,2021-05-08,Clothing and Footwear,1848313.0,9953.0
2021-05-09,2021-05-15,Clothing and Footwear,1172314.0,7299.0
2021-05-16,2021-05-22,Clothing and Footwear,417389.0,2294.0
2021-05-23,2021-05-29,Clothing and Footwear,583585.0,3282.0
2021-05-30,2021-06-05,Clothing and Footwear,645316.0,3763.0
2021-06-06,2021-06-12,Clothing and Footwear,595985.0,3519.0
2021-06-13,2021-06-19,Clothing and Footwear,566504.0,3271.0
2021-06-20,2021-06-26,Clothing and Footwear,598036.0,3451.0
2021-06-27,2021-07-03,Clothing and Footwear,872587.0,5061.0
2021-07-04,2021-07-10,Clothing and Footwear,820726.0,4747.0
2021-07-11,2021-07-17,Clothing and Footwear,988201.0,6054.0
2021-07-18,2021-07-24,Clothing and Footwear,532974.0,3635.0
2021-07-25,2021-07-31,Clothing and Footwear,644264.0,3886.0
2021-08-01,2021-08-07,Clothing and Footwear,593242.0,3670.0
2021-08-08,2021-08-14,Clothing and Footwear,539591.0,3385.0
2021-08-15,2021-08-21,Clothing and Footwear,514636.0,3091.0
2021-08-22,2021-08-28,Clothing and Footwear,757761.0,4705.0
2021-08-29,2021-09-04,Clothing and Footwear,641280.0,4082.0
2021-09-05,2021-09-11,Clothing and Footwear,558221.0,3623.0
2021-09-12,2021-09-18,Clothing and Footwear,540578.0,3384.0
2021-09-19,2021-09-25,Clothing and Footwear,635716.0,4016.0
2021-09-26,2021-10-02,Clothing and Footwear,717807.0,4423.0
2021-10-03,2021-10-09,Clothing and Footwear,612224.0,3844.0
2021-10-10,2021-10-16,Clothing and Footwear,569831.0,3525.0
2021-10-17,2021-10-23,Clothing and Footwear,537266.0,3140.0
2021-10-24,2021-10-30,Clothing and Footwear,762175.0,4413.0
2021-10-31,2021-11-06,Clothing and Footwear,762797.0,4431.0
2021-11-07,2021-11-13,Clothing and Footwear,707414.0,4122.0
2021-11-14,2021-11-20,Clothing and Footwear,670583.0,3773.0
2021-11-21,2021-11-27,Clothing and Footwear,832768.0,4677.0
2021-11-28,2021-12-04,Clothing and Footwear,1128631.0,6467.0
2021-12-05,2021-12-11,Clothing and Footwear,803781.0,4780.0
2021-12-12,2021-12-18,Clothing and Footwear,706350.0,4095.0
2021-12-19,2021-12-25,Clothing and Footwear,634333.0,3696.0
2021-12-26,2022-01-01,Clothing and Footwear,1022363.0,6080.0
2022-01-02,2022-01-08,Clothing and Footwear,864356.0,5426.0
2022-01-09,2022-01-15,Clothing and Footwear,690931.0,4458.0
2022-01-16,2022-01-22,Clothing and Footwear,738416.0,4951.0
2022-01-23,2022-01-29,Clothing and Footwear,740580.0,4950.0
2022-01-30,2022-02-05,Clothing and Footwear,712419.0,4652.0
2022-02-06,2022-02-12,Clothing and Footwear,566486.0,3686.0
2022-02-13,2022-02-19,Clothing and Footwear,561828.0,3507.0
2022-02-20,2022-02-26,Clothing and Footwear,627981.0,3986.0
2022-02-27,2022-03-05,Clothing and Footwear,850866.0,5061.0
2022-03-06,2022-03-12,Clothing and Footwear,854126.0,4981.0
2022-03-13,2022-03-19,Clothing and Footwear,930028.0,5204.0
2022-03-20,2022-03-26,Clothing and Footwear,813377.0,4535.0
2022-03-27,2022-04-02,Clothing and Footwear,1104005.0,6437.0
2022-04-03,2022-04-09,Clothing and Footwear,956931.0,5150.0
2022-04-10,2022-04-16,Clothing and Footwear,1154529.0,6141.0
2022-04-17,2022-04-23,Clothing and Footwear,1421073.0,7488.0
2022-04-24,2022-04-30,Clothing and Footwear,2817374.0,16435.0
2022-05-01,2022-05-07,Clothing and Footwear,650929.0,4463.0
2022-05-08,2022-05-14,Clothing and Footwear,482602.0,3029.0
2022-05-15,2022-05-21,Clothing and Footwear,465634.0,2905.0
2022-05-22,2022-05-28,Clothing and Footwear,642217.0,3983.0
2022-05-29,2022-06-04,Clothing and Footwear,663084.0,4239.0
2022-06-05,2022-06-11,Clothing and Footwear,641746.0,4095.0
2022-06-12,2022-06-18,Clothing and Footwear,666980.0,4073.0
2022-06-19,2022-06-25,Clothing and Footwear,656074.0,3879.0
2022-06-26,2022-07-02,Clothing and Footwear,1158485.0,7037.0
2022-07-03,2022-07-09,Clothing and Footwear,1336497.0,9147.0
2022-07-10,2022-07-16,Clothing and Footwear,520401.0,3356.0
2022-07-17,2022-07-23,Clothing and Footwear,521449.0,3334.0
2022-07-24,2022-07-30,Clothing and Footwear,729446.0,4759.0
2022-07-31,2022-08-06,Clothing and Footwear,694387.0,4546.0
2022-08-07,2022-08-13,Clothing and Footwear,647188.0,4311.0
2022-08-14,2022-08-20,Clothing and Footwear,700145.0,4462.0
2022-08-21,2022-08-27,Clothing and Footwear,950138.0,6151.0
2022-08-28,2022-09-03,Clothing and Footwear,874847.0,6003.0
2022-09-04,2022-09-10,Clothing and Footwear,595352.0,4122.0
2022-09-11,2022-09-17,Clothing and Footwear,578628.0,4062.0
2022-09-18,2022-09-24,Clothing and Footwear,668961.0,4726.0
2022-09-25,2022-10-01,Clothing and Footwear,750389.0,5067.0
2022-10-02,2022-10-08,Clothing and Footwear,649753.0,4406.0
2022-10-09,2022-10-15,Clothing and Footwear,614315.0,4121.0
2022-10-16,2022-10-22,Clothing and Footwear,547024.0,3500.0
2022-10-23,2022-10-29,Clothing and Footwear,753472.0,4695.0
2022-10-30,2022-11-05,Clothing and Footwear,799287.0,5049.0
2022-11-06,2022-11-12,Clothing and Footwear,715533.0,4534.0
2022-11-13,2022-11-19,Clothing and Footwear,648273.0,4058.0
2022-11-20,2022-11-26,Clothing and Footwear,797724.0,4933.0
2022-11-27,2022-12-03,Clothing and Footwear,1172066.0,7493.0
2022-12-04,2022-12-10,Clothing and Footwear,765331.0,5146.0
2022-12-11,2022-12-17,Clothing and Footwear,763553.0,5082.0
2022-12-18,2022-12-24,Clothing and Footwear,658602.0,4315.0
2022-12-25,2022-12-31,Clothing and Footwear,1114383.0,7251.0
2023-01-01,2023-01-07,Clothing and Footwear,863494.0,5883.0
2023-01-08,2023-01-14,Clothing and Footwear,759215.0,5388.0
2023-01-15,2023-01-21,Clothing and Footwear,590527.0,4196.0
2023-01-22,2023-01-28,Clothing and Footwear,610148.0,4349.0
2023-01-29,2023-02-04,Clothing and Footwear,757362.0,5631.0
2023-02-05,2023-02-11,Clothing and Footwear,684856.0,5202.0
2023-02-12,2023-02-18,Clothing and Footwear,689682.0,5228.0
2023-02-19,2023-02-25,Clothing and Footwear,690997.0,4979.0
2023-02-26,2023-03-04,Clothing and Footwear,1080939.0,7116.0
2023-03-05,2023-03-11,Clothing and Footwear,1127332.0,7437.0
2023-03-12,2023-03-18,Clothing and Footwear,906769.0,5935.0
2023-03-19,2023-03-25,Clothing and Footwear,790704.0,5068.0
2023-03-26,2023-04-01,Clothing and Footwear,1421974.0,8407.0
2023-04-02,2023-04-08,Clothing and Footwear,1640375.0,10123.0
2023-04-09,2023-04-15,Clothing and Footwear,1862843.0,11973.0
2023-04-16,2023-04-22,Clothing and Footwear,1615770.0,11379.0
2023-04-23,2023-04-29,Clothing and Footwear,584942.0,4138.0
2023-04-30,2023-05-06,Clothing and Footwear,633334.0,4597.0
2023-05-07,2023-05-13,Clothing and Footwear,594526.0,4440.0
2023-05-14,2023-05-20,Clothing and Footwear,546585.0,4131.0
2023-05-21,2023-05-27,Clothing and Footwear,631881.0,4463.0
2023-05-28,2023-06-03,Clothing and Footwear,913035.0,6385.0
2023-06-04,2023-06-10,Clothing and Footwear,785465.0,5561.0
2023-06-11,2023-06-17,Clothing and Footwear,824541.0,5828.0
2023-06-18,2023-06-24,Clothing and Footwear,1025299.0,7040.0
2023-06-25,2023-07-01,Clothing and Footwear,1174331.0,9074.0
2023-07-02,2023-07-08,Clothing and Footwear,680068.0,4959.0
2023-07-09,2023-07-15,Clothing and Footwear,613910.0,4826.0
2023-07-16,2023-07-22,Clothing and Footwear,561133.0,4310.0
2023-07-23,2023-07-29,Clothing and Footwear,714467.0,5328.0
2023-07-30,2023-08-05,Clothing and Footwear,833357.0,6194.0
2023-08-06,2023-08-12,Clothing and Footwear,822608.0,6181.0
2023-08-13,2023-08-19,Clothing and Footwear,850786.0,6571.0
2023-08-20,2023-08-26,Clothing and Footwear,602733.0,4877.0
2023-08-27,2023-09-02,Clothing and Footwear,765950.0,6210.0
2023-09-03,2023-09-09,Clothing and Footwear,601913.0,4982.0
2023-09-10,2023-09-16,Clothing and Footwear,590726.0,5070.0
2023-09-17,2023-09-23,Clothing and Footwear,633296.0,5376.0
2023-09-24,2023-09-30,Clothing and Footwear,769004.0,5961.0
2023-10-01,2023-10-07,Clothing and Footwear,659424.0,5299.0
2023-10-08,2023-10-14,Clothing and Footwear,587692.0,4751.0
2023-10-15,2023-10-21,Clothing and Footwear,537346.0,4076.0
2023-10-22,2023-10-28,Clothing and Footwear,741997.0,5323.0
2023-10-29,2023-11-04,Clothing and Footwear,848197.0,6153.0
2023-11-05,2023-11-11,Clothing and Footwear,723266.0,5342.0
2023-11-12,2023-11-18,Clothing and Footwear,735381.0,5411.0
2023-11-19,2023-11-25,Clothing and Footwear,849552.0,5984.0
2023-11-26,2023-12-02,Clothing and Footwear,1104885.0,7922.0
2023-12-03,2023-12-09,Clothing and Footwear,806392.0,6080.0
2023-12-10,2023-12-16,Clothing and Footwear,775935.0,5944.0
2023-12-17,2023-12-23,Clothing and Footwear,706043.0,5179.0
2023-12-24,2023-12-30,Clothing and Footwear,944207.0,6918.0
2023-12-31,2024-01-06,Clothing and Footwear,942442.0,7319.0
2024-01-07,2024-01-13,Clothing and Footwear,787409.0,6417.0
2024-01-14,2024-01-20,Clothing and Footwear,563337.0,4505.0
2024-01-21,2024-01-27,Clothing and Footwear,596748.0,4701.0
2024-01-28,2024-02-03,Clothing and Footwear,863240.0,6738.0
2024-02-04,2024-02-10,Clothing and Footwear,703532.0,5573.0
2024-02-11,2024-02-17,Clothing and Footwear,723479.0,5464.0
2024-02-18,2024-02-24,Clothing and Footwear,798824.0,6223.0
2024-02-25,2024-03-02,Clothing and Footwear,1181859.0,8152.0
2024-03-03,2024-03-09,Clothing and Footwear,1032259.0,7239.0
2024-03-10,2024-03-16,Clothing and Footwear,914909.0,6283.0
2024-03-17,2024-03-23,Clothing and Footwear,1192886.0,7595.0
2024-03-24,2024-03-30,Clothing and Footwear,1818419.0,11482.0
2024-03-31,2024-04-06,Clothing and Footwear,2478665.0,16819.0
2024-04-07,2024-04-13,Clothing and Footwear,1187274.0,9261.0
2024-04-14,2024-04-20,Clothing and Footwear,489441.0,3675.0
2024-04-21,2024-04-27,Clothing and Footwear,540555.0,4008.0
2024-04-28,2024-05-04,Clothing and Footwear,814409.0,6089.0
2024-05-05,2024-05-11,Clothing and Footwear,695339.0,5356.0
2024-05-12,2024-05-18,Clothing and Footwear,649958.0,4905.0
2024-05-19,2024-05-25,Clothing and Footwear,637003.0,4651.0
2024-05-26,2024-06-01,Clothing and Footwear,999085.0,7151.0
2024-06-02,2024-06-08,Clothing and Footwear,999077.0,7125.0
2024-06-09,2024-06-15,Clothing and Footwear,1356983.0,10654.0
2024-06-16,2024-06-22,Clothing and Footwear,483381.0,3602.0
2024-06-23,2024-06-29,Clothing and Footwear,717162.0,5306.0
2024-06-30,2024-07-06,Clothing and Footwear,783653.0,6080.0
2024-07-07,2024-07-13,Clothing and Footwear,677641.0,5409.0
2024-07-14,2024-07-20,Clothing and Footwear,601187.0,4715.0
2024-07-21,2024-07-27,Clothing and Footwear,647721.0,4892.0
2024-07-28,2024-08-03,Clothing and Footwear,977726.0,7345.0
2024-08-04,2024-08-10,Clothing and Footwear,871005.0,6614.0
2024-08-11,2024-08-17,Clothing and Footwear,931595.0,7338.0
2024-08-18,2024-08-24,Clothing and Footwear,599410.0,4774.0
2024-08-25,2024-08-31,Clothing and Footwear,785040.0,6033.0
2024-09-01,2024-09-07,Clothing and Footwear,757906.0,6123.0
2024-09-08,2024-09-14,Clothing and Footwear,689857.0,5699.0
2024-09-15,2024-09-21,Clothing and Footwear,755085.0,6152.0
2024-09-22,2024-09-28,Clothing and Footwear,818066.0,6568.0
2024-09-29,2024-10-05,Clothing and Footwear,757310.0,6131.0
2024-10-06,2024-10-12,Clothing and Footwear,671244.0,5499.0
2024-10-13,2024-10-19,Clothing and Footwear,615115.0,4961.0
2024-10-20,2024-10-26,Clothing and Footwear,655458.0,4942.0
2024-10-27,2024-11-02,Clothing and Footwear,1073053.0,7669.0
2024-11-03,2024-11-09,Clothing and Footwear,942631.0,7117.0
2024-11-10,2024-11-16,Clothing and Footwear,927247.0,7189.0
2024-11-17,2024-11-23,Clothing and Footwear,694069.0,5303.0
2024-11-24,2024-11-30,Clothing and Footwear,1126828.0,8010.0
2024-12-01,2024-12-07,Clothing and Footwear,1100672.0,8194.0
2024-12-08,2024-12-14,Clothing and Footwear,911329.0,7071.0
2024-12-15,2024-12-21,Clothing and Footwear,864151.0,6550.0
2024-12-22,2024-12-28,Clothing and Footwear,1002025.0,7302.0
2024-12-29,2025-01-04,Clothing and Footwear,1124568.0,8679.0
2025-01-05,2025-01-11,Clothing and Footwear,914336.0,7564.0
2025-01-12,2025-01-18,Clothing and Footwear,663166.0,5393.0
2025-01-19,2025-01-25,Clothing and Footwear,614134.0,4858.0
2025-01-26,2025-02-01,Clothing and Footwear,960923.0,7466.0
2025-02-02,2025-02-08,Clothing and Footwear,909882.0,7127.0
2025-02-09,2025-02-15,Clothing and Footwear,844146.0,6368.0
2025-02-16,2025-02-22,Clothing and Footwear,873160.0,6553.0
2025-02-23,2025-03-01,Clothing and Footwear,1256520.0,8571.0
2025-03-02,2025-03-08,Clothing and Footwear,1227495.0,8051.0
2025-03-09,2025-03-15,Clothing and Footwear,1507834.0,9811.0
2025-03-16,2025-03-22,Clothing and Footwear,1877616.0,12014.0
2025-03-23,2025-03-29,Clothing and Footwear,3163574.0,21547.0
2025-03-30,2025-04-05,Clothing and Footwear,569928.0,4554.0
2025-04-06,2025-04-12,Clothing and Footwear,634290.0,4932.0
2025-04-13,2025-04-19,Clothing and Footwear,607735.0,4692.0
2025-04-20,2025-04-26,Clothing and Footwear,607094.0,4604.0
2025-04-27,2025-05-03,Clothing and Footwear,917669.0,6961.0
2025-05-04,2025-05-10,Clothing and Footwear,768455.0,5983.0
2025-05-11,2025-05-17,Clothing and Footwear,688287.0,5494.0
2025-05-18,2025-05-24,Clothing and Footwear,702606.0,5380.0
2025-05-25,2025-05-31,Clothing and Footwear,1213516.0,8692.0
2025-06-01,2025-06-07,Clothing and Footwear,1350795.0,10901.0
2025-06-08,2025-06-14,Clothing and Footwear,655950.0,5002.0
2025-06-15,2025-06-21,Clothing and Footwear,576313.0,4597.0
2025-06-22,2025-06-28,Clothing and Footwear,830956.0,6182.0
2025-06-29,2025-07-05,Clothing and Footwear,892607.0,7029.0
2025-07-06,2025-07-12,Clothing and Footwear,827144.0,6723.0
2025-09-21,2025-09-27,Clothing and Footwear,951084.0,8631.0
2025-09-28,2025-10-04,Clothing and Footwear,1145733.0,9975.0
2025-10-05,2025-10-11,Clothing and Footwear,967754.0,8839.0
2025-10-12,2025-10-18,Clothing and Footwear,880529.0,7873.0
2025-10-19,2025-10-25,Clothing and Footwear,852422.0,7412.0
2025-10-26,2025-11-01,Clothing and Footwear,1366858.0,11132.0
2025-11-02,2025-11-08,Clothing and Footwear,1228105.0,10057.0
2025-11-09,2025-11-15,Clothing and Footwear,1178278.0,9751.0
2025-11-16,2025-11-22,Clothing and Footwear,1130930.0,9274.0
2025-11-23,2025-11-29,Clothing and Footwear,1522030.0,11798.0
2025-11-30,2025-12-06,Clothing and Footwear,1274223.0,10526.0
2025-12-07,2025-12-13,Clothing and Footwear,1163920.0,9926.0
2025-12-14,2025-12-20,Clothing and Footwear,1218671.0,9830.0
2025-12-21,2025-12-27,Clothing and Footwear,1234265.0,9714.0
2025-12-28,2026-01-03,Clothing and Footwear,1605031.0,12577.0
2026-01-04,2026-01-10,Clothing and Footwear,1295219.0,10999.0
2026-01-11,2026-01-17,Clothing and Footwear,1228132.0,10834.0
2026-01-18,2026-01-24,Clothing and Footwear,985938.0,8383.0
2026-01-25,2026-01-31,Clothing and Footwear,1335242.0,10607.0
2026-02-01,2026-02-07,Clothing and Footwear,1376971.0,11087.0
2026-02-08,2026-02-14,Clothing and Footwear,1383755.0,11076.0
2026-02-15,2026-02-21,Clothing and Footwear,1317039.0,10485.0
2026-02-22,2026-02-28,Clothing and Footwear,1899191.0,12910.0
2026-03-01,2026-03-07,Clothing and Footwear,2501967.0,17118.0
2026-03-08,2026-03-14,Clothing and Footwear,2833146.0,19821.0
2026-03-15,2026-03-21,Clothing and Footwear,2334244.0,18235.0
2026-04-05,2026-04-11,Clothing and Footwear,995841.0,8676.0
2026-04-12,2026-04-18,Clothing and Footwear,907300.0,7953.0
2026-04-19,2026-04-25,Clothing and Footwear,902565.0,7764.0
2026-04-26,2026-05-02,Clothing and Footwear,1381452.0,11201.0
2026-05-03,2026-05-09,Clothing and Footwear,1201529.0,9990.0
2026-05-10,2026-05-16,Clothing and Footwear,1224327.0,10263.0
2026-05-17,2026-05-23,Clothing and Footwear,1540353.0,11870.0
2026-05-24,2026-05-30,Clothing and Footwear,1751538.0,14604.0
2026-05-31,2026-06-06,Clothing and Footwear,1068423.0,8821.0
2026-06-07,2026-06-13,Clothing and Footwear,966687.0,8312.0
2026-06-14,2026-06-20,Clothing and Footwear,922003.0,7857.0
2026-06-21,2026-06-27,Clothing and Footwear,1021550.0,8309.0
2026-06-28,2026-07-04,Clothing and Footwear,1487080.0,12182.0
2026-07-05,2026-07-11,Clothing and Footwear,1203219.0,10446.0
2026-07-12,2026-07-18,Clothing and Footwear,1040840.0,9159.0
2026-07-19,2026-07-25,Clothing and Footwear,964306.0,8463.0
2026-07-26,2026-08-01,Clothing and Footwear,1408597.0,11838.0
2026-08-02,2026-08-08,Clothing and Footwear,1259303.0,10805.0
2020-05-10,2020-05-16,Construction & Building Materials,261338.0,455.0
2020-05-17,2020-05-23,Construction & Building Materials,201160.0,416.0
2020-05-24,2020-05-30,Construction & Building Materials,136705.0,250.0
2020-05-31,2020-06-06,Construction & Building Materials,537191.0,661.0
2020-06-07,2020-06-13,Construction & Building Materials,599315.0,669.0
2020-06-14,2020-06-20,Construction & Building Materials,642624.0,672.0
2020-06-20,2020-06-26,Construction & Building Materials,794850.0,747.0
2020-06-28,2020-07-04,Construction & Building Materials,687510.0,812.0
2020-07-05,2020-07-11,Construction & Building Materials,303152.0,670.0
2020-07-12,2020-07-18,Construction & Building Materials,311268.0,647.0
2020-07-19,2020-07-25,Construction & Building Materials,313751.0,636.0
2020-07-26,2020-08-01,Construction & Building Materials,229121.0,614.0
2020-08-02,2020-08-08,Construction & Building Materials,249965.0,556.0
2020-08-09,2020-08-15,Construction & Building Materials,328879.0,632.0
2020-08-16,2020-08-22,Construction & Building Materials,327931.0,607.0
2020-08-23,2020-08-29,Construction & Building Materials,329791.0,644.0
2020-08-30,2020-09-05,Construction & Building Materials,345008.0,692.0
2020-09-06,2020-09-12,Construction & Building Materials,334249.0,670.0
2020-09-13,2020-09-19,Construction & Building Materials,331732.0,646.0
2020-09-20,2020-09-26,Construction & Building Materials,352362.0,644.0
2020-09-27,2020-10-03,Construction & Building Materials,376347.0,738.0
2020-10-04,2020-10-10,Construction & Building Materials,351432.0,695.0
2020-10-11,2020-10-17,Construction & Building Materials,355427.0,707.0
2020-10-18,2020-10-24,Construction & Building Materials,348857.0,677.0
2020-10-25,2020-10-31,Construction & Building Materials,384660.0,785.0
2020-11-01,2020-11-07,Construction & Building Materials,378598.0,765.0
2020-11-08,2020-11-14,Construction & Building Materials,371128.0,748.0
2020-11-15,2020-11-21,Construction & Building Materials,374793.0,725.0
2020-11-22,2020-11-28,Construction & Building Materials,385561.0,773.0
2020-11-29,2020-12-05,Construction & Building Materials,397466.0,817.0
2020-12-06,2020-12-12,Construction & Building Materials,397139.0,795.0
2020-12-13,2020-12-19,Construction & Building Materials,398768.0,760.0
2020-12-20,2020-12-26,Construction & Building Materials,399978.0,744.0
2020-12-27,2021-01-02,Construction & Building Materials,434619.0,879.0
2021-01-03,2021-01-09,Construction & Building Materials,378552.0,781.0
2021-01-10,2021-01-16,Construction & Building Materials,381044.0,778.0
2021-01-17,2021-01-23,Construction & Building Materials,374972.0,707.0
2021-01-24,2021-01-30,Construction & Building Materials,406644.0,805.0
2021-01-31,2021-02-06,Construction & Building Materials,401940.0,805.0
2021-02-07,2021-02-13,Construction & Building Materials,404765.0,800.0
2021-02-14,2021-02-20,Construction & Building Materials,393968.0,758.0
2021-02-21,2021-02-27,Construction & Building Materials,397080.0,756.0
2021-02-28,2021-03-06,Construction & Building Materials,448140.0,915.0
2021-03-07,2021-03-13,Construction & Building Materials,424718.0,869.0
2021-03-14,2021-03-20,Construction & Building Materials,431287.0,854.0
2021-03-21,2021-03-27,Construction & Building Materials,436100.0,856.0
2021-03-28,2021-04-03,Construction & Building Materials,467391.0,995.0
2021-04-04,2021-04-10,Construction & Building Materials,424635.0,953.0
2021-04-11,2021-04-17,Construction & Building Materials,324973.0,867.0
2021-04-18,2021-04-24,Construction & Building Materials,295172.0,732.0
2021-04-25,2021-05-01,Construction & Building Materials,326987.0,860.0
2021-05-02,2021-05-08,Construction & Building Materials,303013.0,863.0
2021-05-09,2021-05-15,Construction & Building Materials,140144.0,622.0
2021-05-16,2021-05-22,Construction & Building Materials,322237.0,683.0
2021-05-23,2021-05-29,Construction & Building Materials,388893.0,823.0
2021-05-30,2021-06-05,Construction & Building Materials,391642.0,869.0
2021-06-06,2021-06-12,Construction & Building Materials,374191.0,859.0
2021-06-13,2021-06-19,Construction & Building Materials,364826.0,818.0
2021-06-20,2021-06-26,Construction & Building Materials,362745.0,805.0
2021-06-27,2021-07-03,Construction & Building Materials,392873.0,937.0
2021-07-04,2021-07-10,Construction & Building Materials,364667.0,880.0
2021-07-11,2021-07-17,Construction & Building Materials,351170.0,912.0
2021-07-18,2021-07-24,Construction & Building Materials,120280.0,530.0
2021-07-25,2021-07-31,Construction & Building Materials,353616.0,884.0
2021-08-01,2021-08-07,Construction & Building Materials,340502.0,871.0
2021-08-08,2021-08-14,Construction & Building Materials,335090.0,867.0
2021-08-15,2021-08-21,Construction & Building Materials,315229.0,800.0
2021-08-22,2021-08-28,Construction & Building Materials,335238.0,878.0
2021-08-29,2021-09-04,Construction & Building Materials,341541.0,912.0
2021-09-05,2021-09-11,Construction & Building Materials,336093.0,899.0
2021-09-12,2021-09-18,Construction & Building Materials,338465.0,868.0
2021-09-19,2021-09-25,Construction & Building Materials,349795.0,828.0
2021-09-26,2021-10-02,Construction & Building Materials,402540.0,1026.0
2021-10-03,2021-10-09,Construction & Building Materials,360766.0,985.0
2021-10-10,2021-10-16,Construction & Building Materials,352702.0,963.0
2021-10-17,2021-10-23,Construction & Building Materials,354038.0,905.0
2021-10-24,2021-10-30,Construction & Building Materials,377281.0,1030.0
2021-10-31,2021-11-06,Construction & Building Materials,382865.0,1039.0
2021-11-07,2021-11-13,Construction & Building Materials,377291.0,1035.0
2021-11-14,2021-11-20,Construction & Building Materials,375095.0,988.0
2021-11-21,2021-11-27,Construction & Building Materials,386570.0,994.0
2021-11-28,2021-12-04,Construction & Building Materials,421349.0,1134.0
2021-12-05,2021-12-11,Construction & Building Materials,396310.0,1075.0
2021-12-12,2021-12-18,Construction & Building Materials,380718.0,1012.0
2021-12-19,2021-12-25,Construction & Building Materials,381800.0,962.0
2021-12-26,2022-01-01,Construction & Building Materials,410091.0,1141.0
2022-01-02,2022-01-08,Construction & Building Materials,382242.0,1107.0
2022-01-09,2022-01-15,Construction & Building Materials,374486.0,1032.0
2022-01-16,2022-01-22,Construction & Building Materials,361582.0,972.0
2022-01-23,2022-01-29,Construction & Building Materials,381642.0,1065.0
2022-01-30,2022-02-05,Construction & Building Materials,394829.0,1098.0
2022-02-06,2022-02-12,Construction & Building Materials,381673.0,1040.0
2022-02-13,2022-02-19,Construction & Building Materials,353177.0,967.0
2022-02-20,2022-02-26,Construction & Building Materials,353959.0,960.0
2022-02-27,2022-03-05,Construction & Building Materials,431073.0,1162.0
2022-03-06,2022-03-12,Construction & Building Materials,429685.0,1121.0
2022-03-13,2022-03-19,Construction & Building Materials,429696.0,1083.0
2022-03-20,2022-03-26,Construction & Building Materials,416573.0,1086.0
2022-03-27,2022-04-02,Construction & Building Materials,435436.0,1325.0
2022-04-03,2022-04-09,Construction & Building Materials,321513.0,990.0
2022-04-10,2022-04-16,Construction & Building Materials,315168.0,966.0
2022-04-17,2022-04-23,Construction & Building Materials,300470.0,922.0
2022-04-24,2022-04-30,Construction & Building Materials,299936.0,1185.0
2022-05-01,2022-05-07,Construction & Building Materials,123346.0,653.0
2022-05-08,2022-05-14,Construction & Building Materials,352402.0,960.0
2022-05-15,2022-05-21,Construction & Building Materials,354961.0,935.0
2022-05-22,2022-05-28,Construction & Building Materials,380172.0,1034.0
2022-05-29,2022-06-04,Construction & Building Materials,386078.0,1092.0
2022-06-05,2022-06-11,Construction & Building Materials,384140.0,1080.0
2022-06-12,2022-06-18,Construction & Building Materials,383271.0,1039.0
2022-06-19,2022-06-25,Construction & Building Materials,372348.0,993.0
2022-06-26,2022-07-02,Construction & Building Materials,403839.0,1196.0
2022-07-03,2022-07-09,Construction & Building Materials,308043.0,1139.0
2022-07-10,2022-07-16,Construction & Building Materials,213685.0,811.0
2022-07-17,2022-07-23,Construction & Building Materials,344331.0,962.0
2022-07-24,2022-07-30,Construction & Building Materials,373487.0,1111.0
2022-07-31,2022-08-06,Construction & Building Materials,366694.0,1110.0
2022-08-07,2022-08-13,Construction & Building Materials,351617.0,1097.0
2022-08-14,2022-08-20,Construction & Building Materials,356646.0,1065.0
2022-08-21,2022-08-27,Construction & Building Materials,352464.0,1071.0
2022-08-28,2022-09-03,Construction & Building Materials,380966.0,1199.0
2022-09-04,2022-09-10,Construction & Building Materials,352673.0,1078.0
2022-09-11,2022-09-17,Construction & Building Materials,361356.0,1070.0
2022-09-18,2022-09-24,Construction & Building Materials,375040.0,1003.0
2022-09-25,2022-10-01,Construction & Building Materials,423162.0,1179.0
2022-10-02,2022-10-08,Construction & Building Materials,373280.0,1140.0
2022-10-09,2022-10-15,Construction & Building Materials,355343.0,1117.0
2022-10-16,2022-10-22,Construction & Building Materials,353395.0,1048.0
2022-10-23,2022-10-29,Construction & Building Materials,370388.0,1159.0
2022-10-30,2022-11-05,Construction & Building Materials,378679.0,1219.0
2022-11-06,2022-11-12,Construction & Building Materials,369764.0,1195.0
2022-11-13,2022-11-19,Construction & Building Materials,355261.0,1147.0
2022-11-20,2022-11-26,Construction & Building Materials,329024.0,1089.0
2022-11-27,2022-12-03,Construction & Building Materials,385913.0,1302.0
2022-12-04,2022-12-10,Construction & Building Materials,354322.0,1168.0
2022-12-11,2022-12-17,Construction & Building Materials,359295.0,1210.0
2022-12-18,2022-12-24,Construction & Building Materials,355675.0,1090.0
2022-12-25,2022-12-31,Construction & Building Materials,405169.0,1297.0
2023-01-01,2023-01-07,Construction & Building Materials,319512.0,1228.0
2023-01-08,2023-01-14,Construction & Building Materials,329833.0,1233.0
2023-01-15,2023-01-21,Construction & Building Materials,336114.0,1128.0
2023-01-22,2023-01-28,Construction & Building Materials,295869.0,1039.0
2023-01-29,2023-02-04,Construction & Building Materials,373495.0,1331.0
2023-02-05,2023-02-11,Construction & Building Materials,360917.0,1293.0
2023-02-12,2023-02-18,Construction & Building Materials,359048.0,1232.0
2023-02-19,2023-02-25,Construction & Building Materials,371889.0,1185.0
2023-02-26,2023-03-04,Construction & Building Materials,433654.0,1497.0
2023-03-05,2023-03-11,Construction & Building Materials,395496.0,1474.0
2023-03-12,2023-03-18,Construction & Building Materials,375911.0,1395.0
2023-03-19,2023-03-25,Construction & Building Materials,336386.0,1328.0
2023-03-26,2023-04-01,Construction & Building Materials,317139.0,1312.0
2023-04-02,2023-04-08,Construction & Building Materials,307266.0,1293.0
2023-04-09,2023-04-15,Construction & Building Materials,288662.0,1298.0
2023-04-16,2023-04-22,Construction & Building Materials,182824.0,1072.0
2023-04-23,2023-04-29,Construction & Building Materials,218759.0,1023.0
2023-04-30,2023-05-06,Construction & Building Materials,330234.0,1279.0
2023-05-07,2023-05-13,Construction & Building Materials,329545.0,1273.0
2023-05-14,2023-05-20,Construction & Building Materials,322755.0,1213.0
2023-05-21,2023-05-27,Construction & Building Materials,326059.0,1225.0
2023-05-28,2023-06-03,Construction & Building Materials,367216.0,1428.0
2023-06-04,2023-06-10,Construction & Building Materials,348234.0,1334.0
2023-06-11,2023-06-17,Construction & Building Materials,355438.0,1378.0
2023-06-18,2023-06-24,Construction & Building Materials,347955.0,1340.0
2023-06-25,2023-07-01,Construction & Building Materials,176418.0,1144.0
2023-07-02,2023-07-08,Construction & Building Materials,328416.0,1312.0
2023-07-09,2023-07-15,Construction & Building Materials,327547.0,1345.0
2023-07-16,2023-07-22,Construction & Building Materials,321589.0,1242.0
2023-07-23,2023-07-29,Construction & Building Materials,328788.0,1332.0
2023-07-30,2023-08-05,Construction & Building Materials,343434.0,1430.0
2023-08-06,2023-08-12,Construction & Building Materials,328324.0,1375.0
2023-08-13,2023-08-19,Construction & Building Materials,315008.0,1305.0
2023-08-20,2023-08-26,Construction & Building Materials,309099.0,1236.0
2023-08-27,2023-09-02,Construction & Building Materials,346511.0,1448.0
2023-09-03,2023-09-09,Construction & Building Materials,322535.0,1340.0
2023-09-10,2023-09-16,Construction & Building Materials,331803.0,1364.0
2023-09-17,2023-09-23,Construction & Building Materials,328178.0,1264.0
2023-09-24,2023-09-30,Construction & Building Materials,409961.0,1477.0
2023-10-01,2023-10-07,Construction & Building Materials,354292.0,1464.0
2023-10-08,2023-10-14,Construction & Building Materials,338760.0,1429.0
2023-10-15,2023-10-21,Construction & Building Materials,325295.0,1333.0
2023-10-22,2023-10-28,Construction & Building Materials,345855.0,1461.0
2023-10-29,2023-11-04,Construction & Building Materials,359401.0,1586.0
2023-11-05,2023-11-11,Construction & Building Materials,352081.0,1535.0
2023-11-12,2023-11-18,Construction & Building Materials,340809.0,1465.0
2023-11-19,2023-11-25,Construction & Building Materials,327733.0,1376.0
2023-11-26,2023-12-02,Construction & Building Materials,393073.0,1662.0
2023-12-03,2023-12-09,Construction & Building Materials,356638.0,1533.0
2023-12-10,2023-12-16,Construction & Building Materials,352231.0,1522.0
2023-12-17,2023-12-23,Construction & Building Materials,346612.0,1401.0
2023-12-24,2023-12-30,Construction & Building Materials,407784.0,1572.0
2023-12-31,2024-01-06,Construction & Building Materials,374898.0,1613.0
2024-01-07,2024-01-13,Construction & Building Materials,347619.0,1554.0
2024-01-14,2024-01-20,Construction & Building Materials,339819.0,1395.0
2024-01-21,2024-01-27,Construction & Building Materials,338610.0,1404.0
2024-01-28,2024-02-03,Construction & Building Materials,384983.0,1657.0
2024-02-04,2024-02-10,Construction & Building Materials,349844.0,1532.0
2024-02-11,2024-02-17,Construction & Building Materials,363747.0,1567.0
2024-02-18,2024-02-24,Construction & Building Materials,369912.0,1489.0
2024-02-25,2024-03-02,Construction & Building Materials,442864.0,1800.0
2024-03-03,2024-03-09,Construction & Building Materials,403168.0,1804.0
2024-03-10,2024-03-16,Construction & Building Materials,307596.0,1522.0
2024-03-17,2024-03-23,Construction & Building Materials,291311.0,1389.0
2024-03-24,2024-03-30,Construction & Building Materials,294121.0,1467.0
2024-03-31,2024-04-06,Construction & Building Materials,315828.0,1742.0
2024-04-07,2024-04-13,Construction & Building Materials,119430.0,1113.0
2024-04-14,2024-04-20,Construction & Building Materials,280541.0,1267.0
2024-04-21,2024-04-27,Construction & Building Materials,304062.0,1350.0
2024-04-28,2024-05-04,Construction & Building Materials,344652.0,1616.0
2024-05-05,2024-05-11,Construction & Building Materials,341413.0,1575.0
2024-05-12,2024-05-18,Construction & Building Materials,342551.0,1513.0
2024-05-19,2024-05-25,Construction & Building Materials,333051.0,1420.0
2024-05-26,2024-06-01,Construction & Building Materials,377008.0,1687.0
2024-06-02,2024-06-08,Construction & Building Materials,354705.0,1641.0
2024-06-09,2024-06-15,Construction & Building Materials,310196.0,1681.0
2024-06-16,2024-06-22,Construction & Building Materials,155945.0,977.0
2024-06-23,2024-06-29,Construction & Building Materials,328516.0,1460.0
2024-06-30,2024-07-06,Construction & Building Materials,346716.0,1583.0
2024-07-07,2024-07-13,Construction & Building Materials,329784.0,1527.0
2024-07-14,2024-07-20,Construction & Building Materials,312644.0,1422.0
2024-07-21,2024-07-27,Construction & Building Materials,321769.0,1448.0
2024-07-28,2024-08-03,Construction & Building Materials,360501.0,1701.0
2024-08-04,2024-08-10,Construction & Building Materials,334203.0,1602.0
2024-08-11,2024-08-17,Construction & Building Materials,332513.0,1606.0
2024-08-18,2024-08-24,Construction & Building Materials,315086.0,1433.0
2024-08-25,2024-08-31,Construction & Building Materials,343589.0,1615.0
2024-09-01,2024-09-07,Construction & Building Materials,350032.0,1643.0
2024-09-08,2024-09-14,Construction & Building Materials,348575.0,1590.0
2024-09-15,2024-09-21,Construction & Building Materials,355850.0,1478.0
2024-09-22,2024-09-28,Construction & Building Materials,363148.0,1535.0
2024-09-29,2024-10-05,Construction & Building Materials,381121.0,1687.0
2024-10-06,2024-10-12,Construction & Building Materials,345550.0,1622.0
2024-10-13,2024-10-19,Construction & Building Materials,331245.0,1542.0
2024-10-20,2024-10-26,Construction & Building Materials,324158.0,1505.0
2024-10-27,2024-11-02,Construction & Building Materials,386087.0,1852.0
2024-11-03,2024-11-09,Construction & Building Materials,355721.0,1728.0
2024-11-10,2024-11-16,Construction & Building Materials,350978.0,1704.0
2024-11-17,2024-11-23,Construction & Building Materials,340525.0,1532.0
2024-11-24,2024-11-30,Construction & Building Materials,365936.0,1713.0
2024-12-01,2024-12-07,Construction & Building Materials,382060.0,1805.0
2024-12-08,2024-12-14,Construction & Building Materials,358287.0,1722.0
2024-12-15,2024-12-21,Construction & Building Materials,355076.0,1607.0
2024-12-22,2024-12-28,Construction & Building Materials,384984.0,1678.0
2024-12-29,2025-01-04,Construction & Building Materials,399904.0,1788.0
2025-01-05,2025-01-11,Construction & Building Materials,347410.0,1724.0
2025-01-12,2025-01-18,Construction & Building Materials,340128.0,1580.0
2025-01-19,2025-01-25,Construction & Building Materials,330338.0,1493.0
2025-01-26,2025-02-01,Construction & Building Materials,386946.0,1824.0
2025-02-02,2025-02-08,Construction & Building Materials,381865.0,1784.0
2025-02-09,2025-02-15,Construction & Building Materials,378464.0,1755.0
2025-02-16,2025-02-22,Construction & Building Materials,360041.0,1694.0
2025-02-23,2025-03-01,Construction & Building Materials,441197.0,2025.0
2025-03-02,2025-03-08,Construction & Building Materials,314024.0,1642.0
2025-03-09,2025-03-15,Construction & Building Materials,307944.0,1628.0
2025-03-16,2025-03-22,Construction & Building Materials,308044.0,1629.0
2025-03-23,2025-03-29,Construction & Building Materials,307966.0,1989.0
2025-03-30,2025-04-05,Construction & Building Materials,148813.0,1105.0
2025-04-06,2025-04-12,Construction & Building Materials,311546.0,1518.0
2025-04-13,2025-04-19,Construction & Building Materials,317089.0,1499.0
2025-04-20,2025-04-26,Construction & Building Materials,313559.0,1482.0
2025-04-27,2025-05-03,Construction & Building Materials,354787.0,1784.0
2025-05-04,2025-05-10,Construction & Building Materials,335759.0,1671.0
2025-05-11,2025-05-17,Construction & Building Materials,330167.0,1652.0
2025-05-18,2025-05-24,Construction & Building Materials,325685.0,1564.0
2025-05-25,2025-05-31,Construction & Building Materials,367604.0,1802.0
2025-06-01,2025-06-07,Construction & Building Materials,248512.0,1640.0
2025-06-08,2025-06-14,Construction & Building Materials,242108.0,1466.0
2025-06-15,2025-06-21,Construction & Building Materials,304105.0,1543.0
2025-06-22,2025-06-28,Construction & Building Materials,328047.0,1652.0
2025-06-29,2025-07-05,Construction & Building Materials,343554.0,1764.0
2025-07-06,2025-07-12,Construction & Building Materials,330834.0,1742.0
2025-09-21,2025-09-27,Construction & Building Materials,413237.0,2077.0
2025-09-28,2025-10-04,Construction & Building Materials,474823.0,2536.0
2025-10-05,2025-10-11,Construction & Building Materials,418944.0,2422.0
2025-10-12,2025-10-18,Construction & Building Materials,395625.0,2291.0
2025-10-19,2025-10-25,Construction & Building Materials,384622.0,2159.0
2025-10-26,2025-11-01,Construction & Building Materials,440526.0,2584.0
2025-11-02,2025-11-08,Construction & Building Materials,416099.0,2444.0
2025-11-09,2025-11-15,Construction & Building Materials,405700.0,2429.0
2025-11-16,2025-11-22,Construction & Building Materials,392160.0,2327.0
2025-11-23,2025-11-29,Construction & Building Materials,417501.0,2526.0
2025-11-30,2025-12-06,Construction & Building Materials,430657.0,2601.0
2025-12-07,2025-12-13,Construction & Building Materials,407323.0,2567.0
2025-12-14,2025-12-20,Construction & Building Materials,395718.0,2436.0
2025-12-21,2025-12-27,Construction & Building Materials,422658.0,2440.0
2025-12-28,2026-01-03,Construction & Building Materials,484173.0,2837.0
2026-01-04,2026-01-10,Construction & Building Materials,420430.0,2644.0
2026-01-11,2026-01-17,Construction & Building Materials,409935.0,2623.0
2026-01-18,2026-01-24,Construction & Building Materials,393221.0,2400.0
2026-01-25,2026-01-31,Construction & Building Materials,447112.0,2782.0
2026-02-01,2026-02-07,Construction & Building Materials,460511.0,2950.0
2026-02-08,2026-02-14,Construction & Building Materials,465400.0,3000.0
2026-02-15,2026-02-21,Construction & Building Materials,411695.0,2824.0
2026-02-22,2026-02-28,Construction & Building Materials,378351.0,2571.0
2026-03-01,2026-03-07,Construction & Building Materials,388545.0,2739.0
2026-03-08,2026-03-14,Construction & Building Materials,371135.0,2758.0
2026-03-15,2026-03-21,Construction & Building Materials,246698.0,2389.0
2026-04-05,2026-04-11,Construction & Building Materials,404333.0,2712.0
2026-04-12,2026-04-18,Construction & Building Materials,384093.0,2600.0
2026-04-19,2026-04-25,Construction & Building Materials,380514.0,2531.0
2026-04-26,2026-05-02,Construction & Building Materials,436185.0,3076.0
2026-05-03,2026-05-09,Construction & Building Materials,417965.0,2941.0
2026-05-10,2026-05-16,Construction & Building Materials,410149.0,2900.0
2026-05-17,2026-05-23,Construction & Building Materials,406863.0,2814.0
2026-05-24,2026-05-30,Construction & Building Materials,229117.0,2561.0
2026-05-31,2026-06-06,Construction & Building Materials,392571.0,2774.0
2026-06-07,2026-06-13,Construction & Building Materials,399497.0,2797.0
2026-06-14,2026-06-20,Construction & Building Materials,382178.0,2659.0
2026-06-21,2026-06-27,Construction & Building Materials,374318.0,2611.0
2026-06-28,2026-07-04,Construction & Building Materials,441729.0,3162.0
2026-07-05,2026-07-11,Construction & Building Materials,411007.0,2999.0
2026-07-12,2026-07-18,Construction & Building Materials,398078.0,2858.0
2026-07-19,2026-07-25,Construction & Building Materials,383469.0,2717.0
2026-07-26,2026-08-01,Construction & Building Materials,431544.0,3200.0
2026-08-02,2026-08-08,Construction & Building Materials,408823.0,3107.0
2020-05-10,2020-05-16,Education,55017.0,17.0
2020-05-17,2020-05-23,Education,38826.0,14.0
2020-05-24,2020-05-30,Education,5003.0,5.0
2020-05-31,2020-06-06,Education,63476.0,23.0
2020-06-07,2020-06-13,Education,83707.0,27.0
2020-06-14,2020-06-20,Education,55615.0,24.0
2020-06-20,2020-06-26,Education,76802.0,30.0
2020-06-28,2020-07-04,Education,115682.0,42.0
2020-07-05,2020-07-11,Education,53970.0,32.0
2020-07-12,2020-07-18,Education,55561.0,31.0
2020-07-19,2020-07-25,Education,48524.0,29.0
2020-07-26,2020-08-01,Education,34208.0,24.0
2020-08-02,2020-08-08,Education,13849.0,15.0
2020-08-09,2020-08-15,Education,74852.0,37.0
2020-08-16,2020-08-22,Education,185728.0,55.0
2020-08-23,2020-08-29,Education,757480.0,155.0
2020-08-30,2020-09-05,Education,502741.0,123.0
2020-09-06,2020-09-12,Education,216051.0,72.0
2020-09-13,2020-09-19,Education,104869.0,53.0
2020-09-20,2020-09-26,Education,52249.0,32.0
2020-09-27,2020-10-03,Education,123632.0,59.0
2020-10-04,2020-10-10,Education,83052.0,48.0
2020-10-11,2020-10-17,Education,52335.0,40.0
2020-10-18,2020-10-24,Education,47776.0,38.0
2020-10-25,2020-10-31,Education,83092.0,50.0
2020-11-01,2020-11-07,Education,69042.0,49.0
2020-11-08,2020-11-14,Education,53938.0,41.0
2020-11-15,2020-11-21,Education,53673.0,39.0
2020-11-22,2020-11-28,Education,57785.0,42.0
2020-11-29,2020-12-05,Education,87022.0,54.0
2020-12-06,2020-12-12,Education,76995.0,51.0
2020-12-13,2020-12-19,Education,65768.0,42.0
2020-12-20,2020-12-26,Education,66386.0,39.0
2020-12-27,2021-01-02,Education,153550.0,63.0
2021-01-03,2021-01-09,Education,62070.0,39.0
2021-01-10,2021-01-16,Education,139958.0,51.0
2021-01-17,2021-01-23,Education,406128.0,99.0
2021-01-24,2021-01-30,Education,254847.0,82.0
2021-01-31,2021-02-06,Education,170616.0,67.0
2021-02-07,2021-02-13,Education,105047.0,50.0
2021-02-14,2021-02-20,Education,82584.0,44.0
2021-02-21,2021-02-27,Education,72990.0,43.0
2021-02-28,2021-03-06,Education,134643.0,65.0
2021-03-07,2021-03-13,Education,81402.0,50.0
2021-03-14,2021-03-20,Education,67762.0,45.0
2021-03-21,2021-03-27,Education,61837.0,44.0
2021-03-28,2021-04-03,Education,130117.0,65.0
2021-04-04,2021-04-10,Education,100272.0,56.0
2021-04-11,2021-04-17,Education,76465.0,41.0
2021-04-18,2021-04-24,Education,65937.0,37.0
2021-04-25,2021-05-01,Education,113002.0,52.0
2021-05-02,2021-05-08,Education,99118.0,43.0
2021-05-09,2021-05-15,Education,16891.0,18.0
2021-05-16,2021-05-22,Education,47363.0,34.0
2021-05-23,2021-05-29,Education,69681.0,51.0
2021-05-30,2021-06-05,Education,78962.0,56.0
2021-06-06,2021-06-12,Education,57309.0,50.0
2021-06-13,2021-06-19,Education,51298.0,49.0
2021-06-20,2021-06-26,Education,42277.0,45.0
2021-06-27,2021-07-03,Education,59490.0,55.0
2021-07-04,2021-07-10,Education,46254.0,50.0
2021-07-11,2021-07-17,Education,45601.0,42.0
2021-07-18,2021-07-24,Education,3129.0,17.0
2021-07-25,2021-07-31,Education,66549.0,47.0
2021-08-01,2021-08-07,Education,95552.0,54.0
2021-08-08,2021-08-14,Education,149119.0,63.0
2021-08-15,2021-08-21,Education,227777.0,69.0
2021-08-22,2021-08-28,Education,698211.0,156.0
2021-08-29,2021-09-04,Education,571134.0,185.0
2021-09-05,2021-09-11,Education,246817.0,134.0
2021-09-12,2021-09-18,Education,129763.0,110.0
2021-09-19,2021-09-25,Education,62776.0,79.0
2021-09-26,2021-10-02,Education,142382.0,120.0
2021-10-03,2021-10-09,Education,94796.0,107.0
2021-10-10,2021-10-16,Education,70305.0,100.0
2021-10-17,2021-10-23,Education,51694.0,83.0
2021-10-24,2021-10-30,Education,94690.0,108.0
2021-10-31,2021-11-06,Education,94501.0,113.0
2021-11-07,2021-11-13,Education,85218.0,107.0
2021-11-14,2021-11-20,Education,69136.0,102.0
2021-11-21,2021-11-27,Education,93654.0,95.0
2021-11-28,2021-12-04,Education,81808.0,62.0
2021-12-05,2021-12-11,Education,216340.0,131.0
2021-12-12,2021-12-18,Education,137969.0,109.0
2021-12-19,2021-12-25,Education,95467.0,83.0
2021-12-26,2022-01-01,Education,170379.0,96.0
2022-01-02,2022-01-08,Education,107768.0,63.0
2022-01-09,2022-01-15,Education,67009.0,52.0
2022-01-16,2022-01-22,Education,198093.0,117.0
2022-01-23,2022-01-29,Education,207425.0,141.0
2022-01-30,2022-02-05,Education,122741.0,121.0
2022-02-06,2022-02-12,Education,113875.0,119.0
2022-02-13,2022-02-19,Education,88718.0,111.0
2022-02-20,2022-02-26,Education,50774.0,79.0
2022-02-27,2022-03-05,Education,157321.0,137.0
2022-03-06,2022-03-12,Education,141189.0,126.0
2022-03-13,2022-03-19,Education,74881.0,94.0
2022-03-20,2022-03-26,Education,200172.0,135.0
2022-03-27,2022-04-02,Education,192662.0,140.0
2022-04-03,2022-04-09,Education,96556.0,71.0
2022-04-10,2022-04-16,Education,73137.0,63.0
2022-04-17,2022-04-23,Education,74907.0,54.0
2022-04-24,2022-04-30,Education,24597.0,34.0
2022-05-01,2022-05-07,Education,4758.0,25.0
2022-05-08,2022-05-14,Education,130461.0,115.0
2022-05-15,2022-05-21,Education,106023.0,90.0
2022-05-22,2022-05-28,Education,95959.0,79.0
2022-05-29,2022-06-04,Education,195881.0,102.0
2022-06-05,2022-06-11,Education,141840.0,102.0
2022-06-12,2022-06-18,Education,106935.0,88.0
2022-06-19,2022-06-25,Education,138717.0,87.0
2022-06-26,2022-07-02,Education,273163.0,113.0
2022-07-03,2022-07-09,Education,90440.0,49.0
2022-07-10,2022-07-16,Education,6701.0,22.0
2022-07-17,2022-07-23,Education,70360.0,77.0
2022-07-24,2022-07-30,Education,80139.0,82.0
2022-07-31,2022-08-06,Education,102216.0,91.0
2022-08-07,2022-08-13,Education,124772.0,74.0
2022-08-14,2022-08-20,Education,267325.0,85.0
2022-08-21,2022-08-27,Education,890087.0,195.0
2022-08-28,2022-09-03,Education,943615.0,300.0
2022-09-04,2022-09-10,Education,401845.0,220.0
2022-09-11,2022-09-17,Education,187811.0,169.0
2022-09-18,2022-09-24,Education,85337.0,112.0
2022-09-25,2022-10-01,Education,183973.0,170.0
2022-10-02,2022-10-08,Education,136466.0,157.0
2022-10-09,2022-10-15,Education,91713.0,133.0
2022-10-16,2022-10-22,Education,67890.0,111.0
2022-10-23,2022-10-29,Education,114189.0,135.0
2022-10-30,2022-11-05,Education,150769.0,152.0
2022-11-06,2022-11-12,Education,95414.0,119.0
2022-11-13,2022-11-19,Education,115320.0,119.0
2022-11-20,2022-11-26,Education,92617.0,90.0
2022-11-27,2022-12-03,Education,104694.0,79.0
2022-12-04,2022-12-10,Education,327419.0,173.0
2022-12-11,2022-12-17,Education,197571.0,149.0
2022-12-18,2022-12-24,Education,122639.0,107.0
2022-12-25,2022-12-31,Education,218350.0,131.0
2023-01-01,2023-01-07,Education,127602.0,82.0
2023-01-08,2023-01-14,Education,159412.0,96.0
2023-01-15,2023-01-21,Education,123147.0,112.0
2023-01-22,2023-01-28,Education,167544.0,137.0
2023-01-29,2023-02-04,Education,196390.0,162.0
2023-02-05,2023-02-11,Education,128279.0,137.0
2023-02-12,2023-02-18,Education,116068.0,124.0
2023-02-19,2023-02-25,Education,73683.0,86.0
2023-02-26,2023-03-04,Education,232873.0,156.0
2023-03-05,2023-03-11,Education,93661.0,108.0
2023-03-12,2023-03-18,Education,223448.0,145.0
2023-03-19,2023-03-25,Education,144557.0,120.0
2023-03-26,2023-04-01,Education,152592.0,100.0
2023-04-02,2023-04-08,Education,119344.0,87.0
2023-04-09,2023-04-15,Education,72235.0,64.0
2023-04-16,2023-04-22,Education,11176.0,31.0
2023-04-23,2023-04-29,Education,59831.0,50.0
2023-04-30,2023-05-06,Education,214287.0,168.0
2023-05-07,2023-05-13,Education,155925.0,144.0
2023-05-14,2023-05-20,Education,129418.0,119.0
2023-05-21,2023-05-27,Education,130551.0,112.0
2023-05-28,2023-06-03,Education,196008.0,123.0
2023-06-04,2023-06-10,Education,202204.0,111.0
2023-06-11,2023-06-17,Education,204323.0,117.0
2023-06-18,2023-06-24,Education,277314.0,117.0
2023-06-25,2023-07-01,Education,33519.0,39.0
2023-07-02,2023-07-08,Education,75419.0,65.0
2023-07-09,2023-07-15,Education,91253.0,92.0
2023-07-16,2023-07-22,Education,81678.0,77.0
2023-07-23,2023-07-29,Education,107369.0,81.0
2023-07-30,2023-08-05,Education,184409.0,98.0
2023-08-06,2023-08-12,Education,295901.0,110.0
2023-08-13,2023-08-19,Education,875402.0,199.0
2023-08-20,2023-08-26,Education,884071.0,222.0
2023-08-27,2023-09-02,Education,620328.0,244.0
2023-09-03,2023-09-09,Education,274830.0,180.0
2023-09-10,2023-09-16,Education,155315.0,154.0
2023-09-17,2023-09-23,Education,124529.0,136.0
2023-09-24,2023-09-30,Education,145624.0,140.0
2023-10-01,2023-10-07,Education,161764.0,164.0
2023-10-08,2023-10-14,Education,104978.0,143.0
2023-10-15,2023-10-21,Education,82288.0,125.0
2023-10-22,2023-10-28,Education,107340.0,139.0
2023-10-29,2023-11-04,Education,144745.0,150.0
2023-11-05,2023-11-11,Education,133778.0,141.0
2023-11-12,2023-11-18,Education,137179.0,121.0
2023-11-19,2023-11-25,Education,67888.0,71.0
2023-11-26,2023-12-02,Education,361699.0,196.0
2023-12-03,2023-12-09,Education,222127.0,166.0
2023-12-10,2023-12-16,Education,136708.0,131.0
2023-12-17,2023-12-23,Education,105409.0,107.0
2023-12-24,2023-12-30,Education,191099.0,137.0
2023-12-31,2024-01-06,Education,196468.0,132.0
2024-01-07,2024-01-13,Education,97356.0,97.0
2024-01-14,2024-01-20,Education,204308.0,146.0
2024-01-21,2024-01-27,Education,142668.0,150.0
2024-01-28,2024-02-03,Education,191812.0,180.0
2024-02-04,2024-02-10,Education,143287.0,165.0
2024-02-11,2024-02-17,Education,120614.0,144.0
2024-02-18,2024-02-24,Education,107846.0,123.0
2024-02-25,2024-03-02,Education,105979.0,128.0
2024-03-03,2024-03-09,Education,303314.0,187.0
2024-03-10,2024-03-16,Education,140314.0,107.0
2024-03-17,2024-03-23,Education,95603.0,87.0
2024-03-24,2024-03-30,Education,110388.0,88.0
2024-03-31,2024-04-06,Education,35223.0,64.0
2024-04-07,2024-04-13,Education,4749.0,37.0
2024-04-14,2024-04-20,Education,147090.0,110.0
2024-04-21,2024-04-27,Education,164771.0,156.0
2024-04-28,2024-05-04,Education,206364.0,187.0
2024-05-05,2024-05-11,Education,198297.0,184.0
2024-05-12,2024-05-18,Education,152327.0,164.0
2024-05-19,2024-05-25,Education,152487.0,148.0
2024-05-26,2024-06-01,Education,237594.0,160.0
2024-06-02,2024-06-08,Education,224932.0,126.0
2024-06-09,2024-06-15,Education,172445.0,90.0
2024-06-16,2024-06-22,Education,4786.0,33.0
2024-06-23,2024-06-29,Education,99064.0,100.0
2024-06-30,2024-07-06,Education,113256.0,113.0
2024-07-07,2024-07-13,Education,85225.0,102.0
2024-07-14,2024-07-20,Education,94126.0,93.0
2024-07-21,2024-07-27,Education,116189.0,98.0
2024-07-28,2024-08-03,Education,233320.0,123.0
2024-08-04,2024-08-10,Education,444756.0,146.0
2024-08-11,2024-08-17,Education,1011702.0,232.0
2024-08-18,2024-08-24,Education,840784.0,235.0
2024-08-25,2024-08-31,Education,516276.0,236.0
2024-09-01,2024-09-07,Education,291049.0,202.0
2024-09-08,2024-09-14,Education,165034.0,174.0
2024-09-15,2024-09-21,Education,127125.0,154.0
2024-09-22,2024-09-28,Education,100015.0,126.0
2024-09-29,2024-10-05,Education,196833.0,197.0
2024-10-06,2024-10-12,Education,125999.0,167.0
2024-10-13,2024-10-19,Education,94103.0,144.0
2024-10-20,2024-10-26,Education,99106.0,142.0
2024-10-27,2024-11-02,Education,177651.0,170.0
2024-11-03,2024-11-09,Education,171857.0,149.0
2024-11-10,2024-11-16,Education,89571.0,101.0
2024-11-17,2024-11-23,Education,249543.0,164.0
2024-11-24,2024-11-30,Education,229751.0,170.0
2024-12-01,2024-12-07,Education,215789.0,175.0
2024-12-08,2024-12-14,Education,119873.0,130.0
2024-12-15,2024-12-21,Education,136541.0,126.0
2024-12-22,2024-12-28,Education,164790.0,130.0
2024-12-29,2025-01-04,Education,207363.0,131.0
2025-01-05,2025-01-11,Education,115270.0,96.0
2025-01-12,2025-01-18,Education,220760.0,153.0
2025-01-19,2025-01-25,Education,141297.0,149.0
2025-01-26,2025-02-01,Education,184029.0,178.0
2025-02-02,2025-02-08,Education,165473.0,168.0
2025-02-09,2025-02-15,Education,132592.0,145.0
2025-02-16,2025-02-22,Education,123522.0,129.0
2025-02-23,2025-03-01,Education,82059.0,108.0
2025-03-02,2025-03-08,Education,200706.0,116.0
2025-03-09,2025-03-15,Education,140655.0,98.0
2025-03-16,2025-03-22,Education,88299.0,76.0
2025-03-23,2025-03-29,Education,33850.0,59.0
2025-03-30,2025-04-05,Education,10222.0,36.0
2025-04-06,2025-04-12,Education,256879.0,182.0
2025-04-13,2025-04-19,Education,166401.0,158.0
2025-04-20,2025-04-26,Education,137239.0,145.0
2025-04-27,2025-05-03,Education,239744.0,192.0
2025-05-04,2025-05-10,Education,162362.0,144.0
2025-05-11,2025-05-17,Education,164678.0,125.0
2025-05-18,2025-05-24,Education,149858.0,112.0
2025-05-25,2025-05-31,Education,242188.0,130.0
2025-06-01,2025-06-07,Education,62468.0,65.0
2025-06-08,2025-06-14,Education,25232.0,56.0
2025-06-15,2025-06-21,Education,193267.0,110.0
2025-06-22,2025-06-28,Education,212059.0,118.0
2025-06-29,2025-07-05,Education,141123.0,112.0
2025-07-06,2025-07-12,Education,102218.0,101.0
2025-09-21,2025-09-27,Education,113431.0,176.0
2025-09-28,2025-10-04,Education,238233.0,266.0
2025-10-05,2025-10-11,Education,152765.0,232.0
2025-10-12,2025-10-18,Education,105127.0,200.0
2025-10-19,2025-10-25,Education,103863.0,196.0
2025-10-26,2025-11-01,Education,189444.0,220.0
2025-11-02,2025-11-08,Education,179799.0,222.0
2025-11-09,2025-11-15,Education,126756.0,206.0
2025-11-16,2025-11-22,Education,104482.0,181.0
2025-11-23,2025-11-29,Education,62260.0,145.0
2025-11-30,2025-12-06,Education,218726.0,233.0
2025-12-07,2025-12-13,Education,124911.0,187.0
2025-12-14,2025-12-20,Education,92422.0,141.0
2025-12-21,2025-12-27,Education,141499.0,157.0
2025-12-28,2026-01-03,Education,235508.0,178.0
2026-01-04,2026-01-10,Education,245662.0,164.0
2026-01-11,2026-01-17,Education,162975.0,150.0
2026-01-18,2026-01-24,Education,392975.0,222.0
2026-01-25,2026-01-31,Education,316403.0,250.0
2026-02-01,2026-02-07,Education,238326.0,247.0
2026-02-08,2026-02-14,Education,155822.0,214.0
2026-02-15,2026-02-21,Education,115361.0,150.0
2026-02-22,2026-02-28,Education,93762.0,107.0
2026-03-01,2026-03-07,Education,130705.0,117.0
2026-03-08,2026-03-14,Education,44348.0,76.0
2026-03-15,2026-03-21,Education,11930.0,44.0
2026-04-05,2026-04-11,Education,220093.0,213.0
2026-04-12,2026-04-18,Education,160186.0,181.0
2026-04-19,2026-04-25,Education,157259.0,186.0
2026-04-26,2026-05-02,Education,237773.0,227.0
2026-05-03,2026-05-09,Education,210264.0,215.0
2026-05-10,2026-05-16,Education,164070.0,191.0
2026-05-17,2026-05-23,Education,142932.0,142.0
2026-05-24,2026-05-30,Education,16365.0,46.0
2026-05-31,2026-06-06,Education,147301.0,122.0
2026-06-07,2026-06-13,Education,210914.0,163.0
2026-06-14,2026-06-20,Education,220807.0,146.0
2026-06-21,2026-06-27,Education,203922.0,134.0
2026-06-28,2026-07-04,Education,211117.0,161.0
2026-07-05,2026-07-11,Education,122272.0,142.0
2026-07-12,2026-07-18,Education,98575.0,129.0
2026-07-19,2026-07-25,Education,104668.0,121.0
2026-07-26,2026-08-01,Education,177832.0,139.0
2026-08-02,2026-08-08,Education,274114.0,141.0
2020-05-10,2020-05-16,Electronic & Electric Devices,282062.0,510.0
2020-05-17,2020-05-23,Electronic & Electric Devices,246493.0,494.0
2020-05-24,2020-05-30,Electronic & Electric Devices,136525.0,267.0
2020-05-31,2020-06-06,Electronic & Electric Devices,454674.0,693.0
2020-06-07,2020-06-13,Electronic & Electric Devices,440338.0,620.0
2020-06-14,2020-06-20,Electronic & Electric Devices,455690.0,593.0
2020-06-20,2020-06-26,Electronic & Electric Devices,571251.0,692.0
2020-06-28,2020-07-04,Electronic & Electric Devices,544843.0,785.0
2020-07-05,2020-07-11,Electronic & Electric Devices,238657.0,588.0
2020-07-12,2020-07-18,Electronic & Electric Devices,235875.0,551.0
2020-07-19,2020-07-25,Electronic & Electric Devices,239793.0,544.0
2020-07-26,2020-08-01,Electronic & Electric Devices,228392.0,616.0
2020-08-02,2020-08-08,Electronic & Electric Devices,210530.0,526.0
2020-08-09,2020-08-15,Electronic & Electric Devices,241903.0,567.0
2020-08-16,2020-08-22,Electronic & Electric Devices,265191.0,550.0
2020-08-23,2020-08-29,Electronic & Electric Devices,333729.0,689.0
2020-08-30,2020-09-05,Electronic & Electric Devices,328908.0,745.0
2020-09-06,2020-09-12,Electronic & Electric Devices,299991.0,705.0
2020-09-13,2020-09-19,Electronic & Electric Devices,273695.0,624.0
2020-09-20,2020-09-26,Electronic & Electric Devices,319818.0,625.0
2020-09-27,2020-10-03,Electronic & Electric Devices,338161.0,752.0
2020-10-04,2020-10-10,Electronic & Electric Devices,265755.0,639.0
2020-10-11,2020-10-17,Electronic & Electric Devices,253416.0,610.0
2020-10-18,2020-10-24,Electronic & Electric Devices,247874.0,575.0
2020-10-25,2020-10-31,Electronic & Electric Devices,400477.0,814.0
2020-11-01,2020-11-07,Electronic & Electric Devices,384714.0,783.0
2020-11-08,2020-11-14,Electronic & Electric Devices,330863.0,707.0
2020-11-15,2020-11-21,Electronic & Electric Devices,314207.0,656.0
2020-11-22,2020-11-28,Electronic & Electric Devices,360865.0,737.0
2020-11-29,2020-12-05,Electronic & Electric Devices,333311.0,741.0
2020-12-06,2020-12-12,Electronic & Electric Devices,280922.0,656.0
2020-12-13,2020-12-19,Electronic & Electric Devices,275810.0,621.0
2020-12-20,2020-12-26,Electronic & Electric Devices,273716.0,603.0
2020-12-27,2021-01-02,Electronic & Electric Devices,335448.0,769.0
2021-01-03,2021-01-09,Electronic & Electric Devices,272505.0,640.0
2021-01-10,2021-01-16,Electronic & Electric Devices,270972.0,645.0
2021-01-17,2021-01-23,Electronic & Electric Devices,263635.0,597.0
2021-01-24,2021-01-30,Electronic & Electric Devices,321721.0,734.0
2021-01-31,2021-02-06,Electronic & Electric Devices,327550.0,717.0
2021-02-07,2021-02-13,Electronic & Electric Devices,288144.0,674.0
2021-02-14,2021-02-20,Electronic & Electric Devices,271682.0,625.0
2021-02-21,2021-02-27,Electronic & Electric Devices,276280.0,626.0
2021-02-28,2021-03-06,Electronic & Electric Devices,345402.0,798.0
2021-03-07,2021-03-13,Electronic & Electric Devices,307419.0,692.0
2021-03-14,2021-03-20,Electronic & Electric Devices,313539.0,665.0
2021-03-21,2021-03-27,Electronic & Electric Devices,327421.0,676.0
2021-03-28,2021-04-03,Electronic & Electric Devices,381735.0,823.0
2021-04-04,2021-04-10,Electronic & Electric Devices,342409.0,752.0
2021-04-11,2021-04-17,Electronic & Electric Devices,277634.0,695.0
2021-04-18,2021-04-24,Electronic & Electric Devices,241777.0,569.0
2021-04-25,2021-05-01,Electronic & Electric Devices,303341.0,742.0
2021-05-02,2021-05-08,Electronic & Electric Devices,275524.0,718.0
2021-05-09,2021-05-15,Electronic & Electric Devices,160193.0,551.0
2021-05-16,2021-05-22,Electronic & Electric Devices,236699.0,535.0
2021-05-23,2021-05-29,Electronic & Electric Devices,297114.0,679.0
2021-05-30,2021-06-05,Electronic & Electric Devices,308406.0,716.0
2021-06-06,2021-06-12,Electronic & Electric Devices,281563.0,676.0
2021-06-13,2021-06-19,Electronic & Electric Devices,258699.0,621.0
2021-06-20,2021-06-26,Electronic & Electric Devices,256541.0,620.0
2021-06-27,2021-07-03,Electronic & Electric Devices,309772.0,768.0
2021-07-04,2021-07-10,Electronic & Electric Devices,288254.0,683.0
2021-07-11,2021-07-17,Electronic & Electric Devices,272872.0,693.0
2021-07-18,2021-07-24,Electronic & Electric Devices,118975.0,414.0
2021-07-25,2021-07-31,Electronic & Electric Devices,297608.0,722.0
2021-08-01,2021-08-07,Electronic & Electric Devices,287539.0,697.0
2021-08-08,2021-08-14,Electronic & Electric Devices,253522.0,681.0
2021-08-15,2021-08-21,Electronic & Electric Devices,237927.0,621.0
2021-08-22,2021-08-28,Electronic & Electric Devices,304588.0,787.0
2021-08-29,2021-09-04,Electronic & Electric Devices,307518.0,821.0
2021-09-05,2021-09-11,Electronic & Electric Devices,263828.0,745.0
2021-09-12,2021-09-18,Electronic & Electric Devices,246635.0,669.0
2021-09-19,2021-09-25,Electronic & Electric Devices,293569.0,658.0
2021-09-26,2021-10-02,Electronic & Electric Devices,331141.0,834.0
2021-10-03,2021-10-09,Electronic & Electric Devices,257898.0,718.0
2021-10-10,2021-10-16,Electronic & Electric Devices,239626.0,670.0
2021-10-17,2021-10-23,Electronic & Electric Devices,230870.0,624.0
2021-10-24,2021-10-30,Electronic & Electric Devices,358960.0,861.0
2021-10-31,2021-11-06,Electronic & Electric Devices,351959.0,858.0
2021-11-07,2021-11-13,Electronic & Electric Devices,308525.0,785.0
2021-11-14,2021-11-20,Electronic & Electric Devices,249431.0,669.0
2021-11-21,2021-11-27,Electronic & Electric Devices,262785.0,695.0
2021-11-28,2021-12-04,Electronic & Electric Devices,327068.0,839.0
2021-12-05,2021-12-11,Electronic & Electric Devices,276850.0,780.0
2021-12-12,2021-12-18,Electronic & Electric Devices,242796.0,687.0
2021-12-19,2021-12-25,Electronic & Electric Devices,243899.0,650.0
2021-12-26,2022-01-01,Electronic & Electric Devices,301231.0,834.0
2022-01-02,2022-01-08,Electronic & Electric Devices,253911.0,752.0
2022-01-09,2022-01-15,Electronic & Electric Devices,233488.0,678.0
2022-01-16,2022-01-22,Electronic & Electric Devices,228380.0,648.0
2022-01-23,2022-01-29,Electronic & Electric Devices,265358.0,757.0
2022-01-30,2022-02-05,Electronic & Electric Devices,266478.0,773.0
2022-02-06,2022-02-12,Electronic & Electric Devices,240537.0,712.0
2022-02-13,2022-02-19,Electronic & Electric Devices,231064.0,666.0
2022-02-20,2022-02-26,Electronic & Electric Devices,257174.0,657.0
2022-02-27,2022-03-05,Electronic & Electric Devices,305357.0,837.0
2022-03-06,2022-03-12,Electronic & Electric Devices,288199.0,757.0
2022-03-13,2022-03-19,Electronic & Electric Devices,282259.0,713.0
2022-03-20,2022-03-26,Electronic & Electric Devices,276199.0,738.0
2022-03-27,2022-04-02,Electronic & Electric Devices,355941.0,980.0
2022-04-03,2022-04-09,Electronic & Electric Devices,252001.0,713.0
2022-04-10,2022-04-16,Electronic & Electric Devices,233708.0,672.0
2022-04-17,2022-04-23,Electronic & Electric Devices,226506.0,626.0
2022-04-24,2022-04-30,Electronic & Electric Devices,281199.0,889.0
2022-05-01,2022-05-07,Electronic & Electric Devices,117052.0,486.0
2022-05-08,2022-05-14,Electronic & Electric Devices,221229.0,663.0
2022-05-15,2022-05-21,Electronic & Electric Devices,214070.0,625.0
2022-05-22,2022-05-28,Electronic & Electric Devices,360741.0,812.0
2022-05-29,2022-06-04,Electronic & Electric Devices,413343.0,913.0
2022-06-05,2022-06-11,Electronic & Electric Devices,348135.0,825.0
2022-06-12,2022-06-18,Electronic & Electric Devices,244306.0,688.0
2022-06-19,2022-06-25,Electronic & Electric Devices,240430.0,659.0
2022-06-26,2022-07-02,Electronic & Electric Devices,306653.0,874.0
2022-07-03,2022-07-09,Electronic & Electric Devices,245974.0,799.0
2022-07-10,2022-07-16,Electronic & Electric Devices,165692.0,559.0
2022-07-17,2022-07-23,Electronic & Electric Devices,221824.0,631.0
2022-07-24,2022-07-30,Electronic & Electric Devices,267852.0,790.0
2022-07-31,2022-08-06,Electronic & Electric Devices,259332.0,774.0
2022-08-07,2022-08-13,Electronic & Electric Devices,242431.0,748.0
2022-08-14,2022-08-20,Electronic & Electric Devices,237829.0,715.0
2022-08-21,2022-08-27,Electronic & Electric Devices,246062.0,750.0
2022-08-28,2022-09-03,Electronic & Electric Devices,295467.0,916.0
2022-09-04,2022-09-10,Electronic & Electric Devices,255472.0,798.0
2022-09-11,2022-09-17,Electronic & Electric Devices,246689.0,770.0
2022-09-18,2022-09-24,Electronic & Electric Devices,299670.0,746.0
2022-09-25,2022-10-01,Electronic & Electric Devices,326145.0,904.0
2022-10-02,2022-10-08,Electronic & Electric Devices,242854.0,802.0
2022-10-09,2022-10-15,Electronic & Electric Devices,219689.0,746.0
2022-10-16,2022-10-22,Electronic & Electric Devices,217108.0,683.0
2022-10-23,2022-10-29,Electronic & Electric Devices,263622.0,815.0
2022-10-30,2022-11-05,Electronic & Electric Devices,274610.0,864.0
2022-11-06,2022-11-12,Electronic & Electric Devices,263200.0,809.0
2022-11-13,2022-11-19,Electronic & Electric Devices,245519.0,765.0
2022-11-20,2022-11-26,Electronic & Electric Devices,233515.0,726.0
2022-11-27,2022-12-03,Electronic & Electric Devices,291619.0,932.0
2022-12-04,2022-12-10,Electronic & Electric Devices,237227.0,788.0
2022-12-11,2022-12-17,Electronic & Electric Devices,218766.0,766.0
2022-12-18,2022-12-24,Electronic & Electric Devices,212164.0,678.0
2022-12-25,2022-12-31,Electronic & Electric Devices,282478.0,872.0
2023-01-01,2023-01-07,Electronic & Electric Devices,234654.0,811.0
2023-01-08,2023-01-14,Electronic & Electric Devices,210012.0,753.0
2023-01-15,2023-01-21,Electronic & Electric Devices,194907.0,679.0
2023-01-22,2023-01-28,Electronic & Electric Devices,198439.0,687.0
2023-01-29,2023-02-04,Electronic & Electric Devices,251109.0,874.0
2023-02-05,2023-02-11,Electronic & Electric Devices,231123.0,820.0
2023-02-12,2023-02-18,Electronic & Electric Devices,226580.0,768.0
2023-02-19,2023-02-25,Electronic & Electric Devices,283836.0,749.0
2023-02-26,2023-03-04,Electronic & Electric Devices,294980.0,983.0
2023-03-05,2023-03-11,Electronic & Electric Devices,286340.0,929.0
2023-03-12,2023-03-18,Electronic & Electric Devices,259111.0,863.0
2023-03-19,2023-03-25,Electronic & Electric Devices,253754.0,857.0
2023-03-26,2023-04-01,Electronic & Electric Devices,256361.0,951.0
2023-04-02,2023-04-08,Electronic & Electric Devices,227727.0,922.0
2023-04-09,2023-04-15,Electronic & Electric Devices,224005.0,910.0
2023-04-16,2023-04-22,Electronic & Electric Devices,159807.0,805.0
2023-04-23,2023-04-29,Electronic & Electric Devices,176863.0,833.0
2023-04-30,2023-05-06,Electronic & Electric Devices,224103.0,976.0
2023-05-07,2023-05-13,Electronic & Electric Devices,213432.0,933.0
2023-05-14,2023-05-20,Electronic & Electric Devices,201680.0,848.0
2023-05-21,2023-05-27,Electronic & Electric Devices,285260.0,979.0
2023-05-28,2023-06-03,Electronic & Electric Devices,380901.0,1295.0
2023-06-04,2023-06-10,Electronic & Electric Devices,328054.0,1102.0
2023-06-11,2023-06-17,Electronic & Electric Devices,259225.0,1049.0
2023-06-18,2023-06-24,Electronic & Electric Devices,270478.0,1028.0
2023-06-25,2023-07-01,Electronic & Electric Devices,191451.0,1106.0
2023-07-02,2023-07-08,Electronic & Electric Devices,227664.0,1014.0
2023-07-09,2023-07-15,Electronic & Electric Devices,217586.0,1042.0
2023-07-16,2023-07-22,Electronic & Electric Devices,208532.0,940.0
2023-07-23,2023-07-29,Electronic & Electric Devices,235399.0,1129.0
2023-07-30,2023-08-05,Electronic & Electric Devices,246390.0,1174.0
2023-08-06,2023-08-12,Electronic & Electric Devices,223099.0,1106.0
2023-08-13,2023-08-19,Electronic & Electric Devices,219633.0,1058.0
2023-08-20,2023-08-26,Electronic & Electric Devices,220520.0,1097.0
2023-08-27,2023-09-02,Electronic & Electric Devices,258102.0,1340.0
2023-09-03,2023-09-09,Electronic & Electric Devices,221109.0,1194.0
2023-09-10,2023-09-16,Electronic & Electric Devices,222768.0,1195.0
2023-09-17,2023-09-23,Electronic & Electric Devices,273688.0,1153.0
2023-09-24,2023-09-30,Electronic & Electric Devices,314617.0,1488.0
2023-10-01,2023-10-07,Electronic & Electric Devices,233215.0,1253.0
2023-10-08,2023-10-14,Electronic & Electric Devices,208939.0,1075.0
2023-10-15,2023-10-21,Electronic & Electric Devices,192613.0,976.0
2023-10-22,2023-10-28,Electronic & Electric Devices,229414.0,1147.0
2023-10-29,2023-11-04,Electronic & Electric Devices,244948.0,1254.0
2023-11-05,2023-11-11,Electronic & Electric Devices,222359.0,1122.0
2023-11-12,2023-11-18,Electronic & Electric Devices,209532.0,991.0
2023-11-19,2023-11-25,Electronic & Electric Devices,216151.0,940.0
2023-11-26,2023-12-02,Electronic & Electric Devices,274008.0,1264.0
2023-12-03,2023-12-09,Electronic & Electric Devices,236652.0,1083.0
2023-12-10,2023-12-16,Electronic & Electric Devices,208252.0,1044.0
2023-12-17,2023-12-23,Electronic & Electric Devices,205493.0,942.0
2023-12-24,2023-12-30,Electronic & Electric Devices,256222.0,1154.0
2023-12-31,2024-01-06,Electronic & Electric Devices,240524.0,1125.0
2024-01-07,2024-01-13,Electronic & Electric Devices,199717.0,1028.0
2024-01-14,2024-01-20,Electronic & Electric Devices,188874.0,908.0
2024-01-21,2024-01-27,Electronic & Electric Devices,192603.0,952.0
2024-01-28,2024-02-03,Electronic & Electric Devices,248299.0,1178.0
2024-02-04,2024-02-10,Electronic & Electric Devices,217858.0,1027.0
2024-02-11,2024-02-17,Electronic & Electric Devices,222179.0,1045.0
2024-02-18,2024-02-24,Electronic & Electric Devices,290901.0,1036.0
2024-02-25,2024-03-02,Electronic & Electric Devices,306987.0,1349.0
2024-03-03,2024-03-09,Electronic & Electric Devices,279682.0,1283.0
2024-03-10,2024-03-16,Electronic & Electric Devices,224001.0,1171.0
2024-03-17,2024-03-23,Electronic & Electric Devices,213699.0,1060.0
2024-03-24,2024-03-30,Electronic & Electric Devices,213469.0,1170.0
2024-03-31,2024-04-06,Electronic & Electric Devices,241004.0,1398.0
2024-04-07,2024-04-13,Electronic & Electric Devices,118323.0,985.0
2024-04-14,2024-04-20,Electronic & Electric Devices,184271.0,970.0
2024-04-21,2024-04-27,Electronic & Electric Devices,200637.0,1038.0
2024-04-28,2024-05-04,Electronic & Electric Devices,251746.0,1302.0
2024-05-05,2024-05-11,Electronic & Electric Devices,226532.0,1196.0
2024-05-12,2024-05-18,Electronic & Electric Devices,219531.0,1103.0
2024-05-19,2024-05-25,Electronic & Electric Devices,240427.0,1071.0
2024-05-26,2024-06-01,Electronic & Electric Devices,313719.0,1407.0
2024-06-02,2024-06-08,Electronic & Electric Devices,286514.0,1289.0
2024-06-09,2024-06-15,Electronic & Electric Devices,236818.0,1328.0
2024-06-16,2024-06-22,Electronic & Electric Devices,117103.0,833.0
2024-06-23,2024-06-29,Electronic & Electric Devices,220385.0,1185.0
2024-06-30,2024-07-06,Electronic & Electric Devices,230511.0,1282.0
2024-07-07,2024-07-13,Electronic & Electric Devices,210624.0,1189.0
2024-07-14,2024-07-20,Electronic & Electric Devices,186905.0,1076.0
2024-07-21,2024-07-27,Electronic & Electric Devices,190947.0,1093.0
2024-07-28,2024-08-03,Electronic & Electric Devices,226737.0,1317.0
2024-08-04,2024-08-10,Electronic & Electric Devices,203411.0,1163.0
2024-08-11,2024-08-17,Electronic & Electric Devices,196900.0,1134.0
2024-08-18,2024-08-24,Electronic & Electric Devices,178433.0,1017.0
2024-08-25,2024-08-31,Electronic & Electric Devices,211594.0,1214.0
2024-09-01,2024-09-07,Electronic & Electric Devices,209866.0,1219.0
2024-09-08,2024-09-14,Electronic & Electric Devices,208946.0,1145.0
2024-09-15,2024-09-21,Electronic & Electric Devices,247262.0,1077.0
2024-09-22,2024-09-28,Electronic & Electric Devices,259821.0,1180.0
2024-09-29,2024-10-05,Electronic & Electric Devices,238024.0,1256.0
2024-10-06,2024-10-12,Electronic & Electric Devices,199826.0,1147.0
2024-10-13,2024-10-19,Electronic & Electric Devices,185694.0,1059.0
2024-10-20,2024-10-26,Electronic & Electric Devices,186365.0,1033.0
2024-10-27,2024-11-02,Electronic & Electric Devices,233304.0,1307.0
2024-11-03,2024-11-09,Electronic & Electric Devices,222326.0,1197.0
2024-11-10,2024-11-16,Electronic & Electric Devices,198097.0,1164.0
2024-11-17,2024-11-23,Electronic & Electric Devices,179683.0,1048.0
2024-11-24,2024-11-30,Electronic & Electric Devices,216738.0,1224.0
2024-12-01,2024-12-07,Electronic & Electric Devices,221302.0,1265.0
2024-12-08,2024-12-14,Electronic & Electric Devices,187279.0,1164.0
2024-12-15,2024-12-21,Electronic & Electric Devices,170941.0,1054.0
2024-12-22,2024-12-28,Electronic & Electric Devices,171313.0,1122.0
2024-12-29,2025-01-04,Electronic & Electric Devices,176046.0,1208.0
2025-01-05,2025-01-11,Electronic & Electric Devices,152049.0,1133.0
2025-01-12,2025-01-18,Electronic & Electric Devices,144025.0,1013.0
2025-01-19,2025-01-25,Electronic & Electric Devices,145855.0,973.0
2025-01-26,2025-02-01,Electronic & Electric Devices,182933.0,1268.0
2025-02-02,2025-02-08,Electronic & Electric Devices,169687.0,1202.0
2025-02-09,2025-02-15,Electronic & Electric Devices,164048.0,1160.0
2025-02-16,2025-02-22,Electronic & Electric Devices,170651.0,1109.0
2025-02-23,2025-03-01,Electronic & Electric Devices,224820.0,1395.0
2025-03-02,2025-03-08,Electronic & Electric Devices,159177.0,1152.0
2025-03-09,2025-03-15,Electronic & Electric Devices,150523.0,1119.0
2025-03-16,2025-03-22,Electronic & Electric Devices,155338.0,1103.0
2025-03-23,2025-03-29,Electronic & Electric Devices,171233.0,1446.0
2025-03-30,2025-04-05,Electronic & Electric Devices,89160.0,877.0
2025-04-06,2025-04-12,Electronic & Electric Devices,154942.0,1080.0
2025-04-13,2025-04-19,Electronic & Electric Devices,147540.0,1021.0
2025-04-20,2025-04-26,Electronic & Electric Devices,152704.0,1029.0
2025-04-27,2025-05-03,Electronic & Electric Devices,189380.0,1286.0
2025-05-04,2025-05-10,Electronic & Electric Devices,161107.0,1140.0
2025-05-11,2025-05-17,Electronic & Electric Devices,153806.0,1118.0
2025-05-18,2025-05-24,Electronic & Electric Devices,152061.0,1043.0
2025-05-25,2025-05-31,Electronic & Electric Devices,187226.0,1487.0
2025-06-01,2025-06-07,Electronic & Electric Devices,154570.0,1698.0
2025-06-08,2025-06-14,Electronic & Electric Devices,133385.0,1457.0
2025-06-15,2025-06-21,Electronic & Electric Devices,155807.0,1486.0
2025-06-22,2025-06-28,Electronic & Electric Devices,182154.0,1609.0
2025-06-29,2025-07-05,Electronic & Electric Devices,187555.0,1612.0
2025-07-06,2025-07-12,Electronic & Electric Devices,167707.0,1412.0
2025-09-21,2025-09-27,Electronic & Electric Devices,204897.0,1687.0
2025-09-28,2025-10-04,Electronic & Electric Devices,229247.0,1988.0
2025-10-05,2025-10-11,Electronic & Electric Devices,192800.0,1844.0
2025-10-12,2025-10-18,Electronic & Electric Devices,182354.0,1727.0
2025-10-19,2025-10-25,Electronic & Electric Devices,171312.0,1646.0
2025-10-26,2025-11-01,Electronic & Electric Devices,220197.0,2034.0
2025-11-02,2025-11-08,Electronic & Electric Devices,194082.0,1841.0
2025-11-09,2025-11-15,Electronic & Electric Devices,183953.0,1768.0
2025-11-16,2025-11-22,Electronic & Electric Devices,176649.0,1654.0
2025-11-23,2025-11-29,Electronic & Electric Devices,198065.0,1866.0
2025-11-30,2025-12-06,Electronic & Electric Devices,203522.0,1885.0
2025-12-07,2025-12-13,Electronic & Electric Devices,184309.0,1830.0
2025-12-14,2025-12-20,Electronic & Electric Devices,181993.0,1707.0
2025-12-21,2025-12-27,Electronic & Electric Devices,193941.0,1752.0
2025-12-28,2026-01-03,Electronic & Electric Devices,232100.0,2092.0
2026-01-04,2026-01-10,Electronic & Electric Devices,198855.0,1854.0
2026-01-11,2026-01-17,Electronic & Electric Devices,187025.0,1844.0
2026-01-18,2026-01-24,Electronic & Electric Devices,176552.0,1687.0
2026-01-25,2026-01-31,Electronic & Electric Devices,215565.0,2024.0
2026-02-01,2026-02-07,Electronic & Electric Devices,219492.0,2079.0
2026-02-08,2026-02-14,Electronic & Electric Devices,225903.0,2143.0
2026-02-15,2026-02-21,Electronic & Electric Devices,213148.0,2031.0
2026-02-22,2026-02-28,Electronic & Electric Devices,201040.0,1988.0
2026-03-01,2026-03-07,Electronic & Electric Devices,206593.0,2094.0
2026-03-08,2026-03-14,Electronic & Electric Devices,195388.0,2038.0
2026-03-15,2026-03-21,Electronic & Electric Devices,151877.0,1898.0
2026-04-05,2026-04-11,Electronic & Electric Devices,200641.0,2071.0
2026-04-12,2026-04-18,Electronic & Electric Devices,185040.0,1958.0
2026-04-19,2026-04-25,Electronic & Electric Devices,182928.0,1897.0
2026-04-26,2026-05-02,Electronic & Electric Devices,239915.0,2398.0
2026-05-03,2026-05-09,Electronic & Electric Devices,216288.0,2183.0
2026-05-10,2026-05-16,Electronic & Electric Devices,202045.0,2131.0
2026-05-17,2026-05-23,Electronic & Electric Devices,201484.0,2012.0
2026-05-24,2026-05-30,Electronic & Electric Devices,151451.0,2063.0
2026-05-31,2026-06-06,Electronic & Electric Devices,205302.0,2060.0
2026-06-07,2026-06-13,Electronic & Electric Devices,201900.0,2022.0
2026-06-14,2026-06-20,Electronic & Electric Devices,192186.0,1905.0
2026-06-21,2026-06-27,Electronic & Electric Devices,188327.0,1889.0
2026-06-28,2026-07-04,Electronic & Electric Devices,237085.0,2316.0
2026-07-05,2026-07-11,Electronic & Electric Devices,207556.0,2133.0
2026-07-12,2026-07-18,Electronic & Electric Devices,191213.0,2000.0
2026-07-19,2026-07-25,Electronic & Electric Devices,183188.0,1895.0
2026-07-26,2026-08-01,Electronic & Electric Devices,221602.0,2308.0
2026-08-02,2026-08-08,Electronic & Electric Devices,204339.0,2143.0
2020-05-10,2020-05-16,Furniture,239669.0,495.0
2020-05-17,2020-05-23,Furniture,213178.0,504.0
2020-05-24,2020-05-30,Furniture,85530.0,176.0
2020-05-31,2020-06-06,Furniture,376764.0,585.0
2020-06-07,2020-06-13,Furniture,395101.0,561.0
2020-06-14,2020-06-20,Furniture,417097.0,556.0
2020-06-20,2020-06-26,Furniture,599444.0,744.0
2020-06-28,2020-07-04,Furniture,601004.0,870.0
2020-07-05,2020-07-11,Furniture,267611.0,643.0
2020-07-12,2020-07-18,Furniture,271734.0,609.0
2020-07-19,2020-07-25,Furniture,274334.0,624.0
2020-07-26,2020-08-01,Furniture,259877.0,781.0
2020-08-02,2020-08-08,Furniture,212338.0,533.0
2020-08-09,2020-08-15,Furniture,259073.0,584.0
2020-08-16,2020-08-22,Furniture,255866.0,558.0
2020-08-23,2020-08-29,Furniture,287019.0,645.0
2020-08-30,2020-09-05,Furniture,304077.0,718.0
2020-09-06,2020-09-12,Furniture,280002.0,647.0
2020-09-13,2020-09-19,Furniture,298467.0,610.0
2020-09-20,2020-09-26,Furniture,401888.0,735.0
2020-09-27,2020-10-03,Furniture,351680.0,780.0
2020-10-04,2020-10-10,Furniture,289463.0,678.0
2020-10-11,2020-10-17,Furniture,270890.0,639.0
2020-10-18,2020-10-24,Furniture,275624.0,614.0
2020-10-25,2020-10-31,Furniture,357276.0,814.0
2020-11-01,2020-11-07,Furniture,328556.0,751.0
2020-11-08,2020-11-14,Furniture,319815.0,696.0
2020-11-15,2020-11-21,Furniture,325953.0,680.0
2020-11-22,2020-11-28,Furniture,385697.0,809.0
2020-11-29,2020-12-05,Furniture,397007.0,867.0
2020-12-06,2020-12-12,Furniture,349310.0,776.0
2020-12-13,2020-12-19,Furniture,342280.0,760.0
2020-12-20,2020-12-26,Furniture,353723.0,773.0
2020-12-27,2021-01-02,Furniture,483964.0,1107.0
2021-01-03,2021-01-09,Furniture,339506.0,853.0
2021-01-10,2021-01-16,Furniture,314654.0,790.0
2021-01-17,2021-01-23,Furniture,281680.0,666.0
2021-01-24,2021-01-30,Furniture,324300.0,809.0
2021-01-31,2021-02-06,Furniture,325175.0,778.0
2021-02-07,2021-02-13,Furniture,320052.0,739.0
2021-02-14,2021-02-20,Furniture,295327.0,668.0
2021-02-21,2021-02-27,Furniture,313152.0,688.0
2021-02-28,2021-03-06,Furniture,425915.0,1005.0
2021-03-07,2021-03-13,Furniture,366337.0,893.0
2021-03-14,2021-03-20,Furniture,374506.0,883.0
2021-03-21,2021-03-27,Furniture,400086.0,901.0
2021-03-28,2021-04-03,Furniture,487419.0,1168.0
2021-04-04,2021-04-10,Furniture,450603.0,1093.0
2021-04-11,2021-04-17,Furniture,341267.0,887.0
2021-04-18,2021-04-24,Furniture,304519.0,727.0
2021-04-25,2021-05-01,Furniture,399960.0,1070.0
2021-05-02,2021-05-08,Furniture,396839.0,1177.0
2021-05-09,2021-05-15,Furniture,228520.0,892.0
2021-05-16,2021-05-22,Furniture,221403.0,563.0
2021-05-23,2021-05-29,Furniture,307586.0,769.0
2021-05-30,2021-06-05,Furniture,328413.0,859.0
2021-06-06,2021-06-12,Furniture,313462.0,821.0
2021-06-13,2021-06-19,Furniture,296434.0,748.0
2021-06-20,2021-06-26,Furniture,298686.0,741.0
2021-06-27,2021-07-03,Furniture,366485.0,948.0
2021-07-04,2021-07-10,Furniture,333029.0,872.0
2021-07-11,2021-07-17,Furniture,326042.0,959.0
2021-07-18,2021-07-24,Furniture,152202.0,608.0
2021-07-25,2021-07-31,Furniture,311424.0,871.0
2021-08-01,2021-08-07,Furniture,285752.0,837.0
2021-08-08,2021-08-14,Furniture,279662.0,815.0
2021-08-15,2021-08-21,Furniture,260680.0,734.0
2021-08-22,2021-08-28,Furniture,306268.0,935.0
2021-08-29,2021-09-04,Furniture,311800.0,944.0
2021-09-05,2021-09-11,Furniture,306805.0,860.0
2021-09-12,2021-09-18,Furniture,336551.0,824.0
2021-09-19,2021-09-25,Furniture,416163.0,896.0
2021-09-26,2021-10-02,Furniture,408503.0,981.0
2021-10-03,2021-10-09,Furniture,293048.0,870.0
2021-10-10,2021-10-16,Furniture,272547.0,822.0
2021-10-17,2021-10-23,Furniture,267554.0,749.0
2021-10-24,2021-10-30,Furniture,317695.0,932.0
2021-10-31,2021-11-06,Furniture,333876.0,954.0
2021-11-07,2021-11-13,Furniture,315177.0,875.0
2021-11-14,2021-11-20,Furniture,314044.0,836.0
2021-11-21,2021-11-27,Furniture,348439.0,931.0
2021-11-28,2021-12-04,Furniture,433121.0,1213.0
2021-12-05,2021-12-11,Furniture,349712.0,985.0
2021-12-12,2021-12-18,Furniture,328525.0,872.0
2021-12-19,2021-12-25,Furniture,334306.0,844.0
2021-12-26,2022-01-01,Furniture,463125.0,1189.0
2022-01-02,2022-01-08,Furniture,350080.0,1072.0
2022-01-09,2022-01-15,Furniture,302957.0,928.0
2022-01-16,2022-01-22,Furniture,275335.0,885.0
2022-01-23,2022-01-29,Furniture,312492.0,1000.0
2022-01-30,2022-02-05,Furniture,328926.0,1020.0
2022-02-06,2022-02-12,Furniture,292978.0,893.0
2022-02-13,2022-02-19,Furniture,292650.0,836.0
2022-02-20,2022-02-26,Furniture,353723.0,915.0
2022-02-27,2022-03-05,Furniture,408805.0,1155.0
2022-03-06,2022-03-12,Furniture,360850.0,1088.0
2022-03-13,2022-03-19,Furniture,390794.0,1126.0
2022-03-20,2022-03-26,Furniture,377192.0,1076.0
2022-03-27,2022-04-02,Furniture,503897.0,1552.0
2022-04-03,2022-04-09,Furniture,323903.0,957.0
2022-04-10,2022-04-16,Furniture,325954.0,972.0
2022-04-17,2022-04-23,Furniture,341635.0,1040.0
2022-04-24,2022-04-30,Furniture,490761.0,1842.0
2022-05-01,2022-05-07,Furniture,146591.0,720.0
2022-05-08,2022-05-14,Furniture,239075.0,767.0
2022-05-15,2022-05-21,Furniture,244323.0,744.0
2022-05-22,2022-05-28,Furniture,290742.0,904.0
2022-05-29,2022-06-04,Furniture,305542.0,960.0
2022-06-05,2022-06-11,Furniture,288208.0,922.0
2022-06-12,2022-06-18,Furniture,290453.0,874.0
2022-06-19,2022-06-25,Furniture,275916.0,773.0
2022-06-26,2022-07-02,Furniture,353305.0,1133.0
2022-07-03,2022-07-09,Furniture,336317.0,1283.0
2022-07-10,2022-07-16,Furniture,191524.0,707.0
2022-07-17,2022-07-23,Furniture,248674.0,749.0
2022-07-24,2022-07-30,Furniture,310941.0,1013.0
2022-07-31,2022-08-06,Furniture,301599.0,1018.0
2022-08-07,2022-08-13,Furniture,279349.0,957.0
2022-08-14,2022-08-20,Furniture,285937.0,927.0
2022-08-21,2022-08-27,Furniture,300750.0,1025.0
2022-08-28,2022-09-03,Furniture,341596.0,1183.0
2022-09-04,2022-09-10,Furniture,301938.0,958.0
2022-09-11,2022-09-17,Furniture,330486.0,931.0
2022-09-18,2022-09-24,Furniture,392401.0,1006.0
2022-09-25,2022-10-01,Furniture,400766.0,1077.0
2022-10-02,2022-10-08,Furniture,288505.0,973.0
2022-10-09,2022-10-15,Furniture,271173.0,912.0
2022-10-16,2022-10-22,Furniture,263316.0,822.0
2022-10-23,2022-10-29,Furniture,307681.0,1004.0
2022-10-30,2022-11-05,Furniture,323772.0,1082.0
2022-11-06,2022-11-12,Furniture,305296.0,990.0
2022-11-13,2022-11-19,Furniture,288533.0,925.0
2022-11-20,2022-11-26,Furniture,294988.0,969.0
2022-11-27,2022-12-03,Furniture,390864.0,1303.0
2022-12-04,2022-12-10,Furniture,299427.0,1014.0
2022-12-11,2022-12-17,Furniture,298950.0,1007.0
2022-12-18,2022-12-24,Furniture,297732.0,941.0
2022-12-25,2022-12-31,Furniture,433049.0,1313.0
2023-01-01,2023-01-07,Furniture,309902.0,1101.0
2023-01-08,2023-01-14,Furniture,275780.0,1017.0
2023-01-15,2023-01-21,Furniture,252647.0,880.0
2023-01-22,2023-01-28,Furniture,243086.0,862.0
2023-01-29,2023-02-04,Furniture,313760.0,1140.0
2023-02-05,2023-02-11,Furniture,291229.0,1059.0
2023-02-12,2023-02-18,Furniture,297057.0,1012.0
2023-02-19,2023-02-25,Furniture,348555.0,1011.0
2023-02-26,2023-03-04,Furniture,438745.0,1411.0
2023-03-05,2023-03-11,Furniture,401946.0,1402.0
2023-03-12,2023-03-18,Furniture,371574.0,1271.0
2023-03-19,2023-03-25,Furniture,340780.0,1209.0
2023-03-26,2023-04-01,Furniture,348345.0,1259.0
2023-04-02,2023-04-08,Furniture,349436.0,1325.0
2023-04-09,2023-04-15,Furniture,354299.0,1451.0
2023-04-16,2023-04-22,Furniture,277848.0,1319.0
2023-04-23,2023-04-29,Furniture,200171.0,839.0
2023-04-30,2023-05-06,Furniture,261800.0,1010.0
2023-05-07,2023-05-13,Furniture,255390.0,988.0
2023-05-14,2023-05-20,Furniture,242273.0,906.0
2023-05-21,2023-05-27,Furniture,256459.0,951.0
2023-05-28,2023-06-03,Furniture,330831.0,1248.0
2023-06-04,2023-06-10,Furniture,286737.0,1094.0
2023-06-11,2023-06-17,Furniture,290785.0,1070.0
2023-06-18,2023-06-24,Furniture,297374.0,1125.0
2023-06-25,2023-07-01,Furniture,244654.0,1232.0
2023-07-02,2023-07-08,Furniture,261325.0,990.0
2023-07-09,2023-07-15,Furniture,259269.0,991.0
2023-07-16,2023-07-22,Furniture,243361.0,900.0
2023-07-23,2023-07-29,Furniture,274442.0,1042.0
2023-07-30,2023-08-05,Furniture,295542.0,1156.0
2023-08-06,2023-08-12,Furniture,272042.0,1086.0
2023-08-13,2023-08-19,Furniture,263803.0,1067.0
2023-08-20,2023-08-26,Furniture,241673.0,938.0
2023-08-27,2023-09-02,Furniture,305921.0,1213.0
2023-09-03,2023-09-09,Furniture,279767.0,1048.0
2023-09-10,2023-09-16,Furniture,300442.0,1059.0
2023-09-17,2023-09-23,Furniture,322004.0,1056.0
2023-09-24,2023-09-30,Furniture,407645.0,1260.0
2023-10-01,2023-10-07,Furniture,290465.0,1167.0
2023-10-08,2023-10-14,Furniture,261964.0,1081.0
2023-10-15,2023-10-21,Furniture,239244.0,972.0
2023-10-22,2023-10-28,Furniture,278813.0,1126.0
2023-10-29,2023-11-04,Furniture,305502.0,1250.0
2023-11-05,2023-11-11,Furniture,278036.0,1140.0
2023-11-12,2023-11-18,Furniture,273361.0,1090.0
2023-11-19,2023-11-25,Furniture,292921.0,1103.0
2023-11-26,2023-12-02,Furniture,378681.0,1467.0
2023-12-03,2023-12-09,Furniture,314731.0,1241.0
2023-12-10,2023-12-16,Furniture,295548.0,1184.0
2023-12-17,2023-12-23,Furniture,284434.0,1069.0
2023-12-24,2023-12-30,Furniture,393866.0,1381.0
2023-12-31,2024-01-06,Furniture,348184.0,1399.0
2024-01-07,2024-01-13,Furniture,289403.0,1241.0
2024-01-14,2024-01-20,Furniture,244944.0,1008.0
2024-01-21,2024-01-27,Furniture,255561.0,1051.0
2024-01-28,2024-02-03,Furniture,354734.0,1455.0
2024-02-04,2024-02-10,Furniture,311576.0,1246.0
2024-02-11,2024-02-17,Furniture,321477.0,1230.0
2024-02-18,2024-02-24,Furniture,363753.0,1263.0
2024-02-25,2024-03-02,Furniture,480665.0,1713.0
2024-03-03,2024-03-09,Furniture,444899.0,1741.0
2024-03-10,2024-03-16,Furniture,314338.0,1349.0
2024-03-17,2024-03-23,Furniture,296724.0,1191.0
2024-03-24,2024-03-30,Furniture,346074.0,1475.0
2024-03-31,2024-04-06,Furniture,421348.0,1993.0
2024-04-07,2024-04-13,Furniture,197099.0,1223.0
2024-04-14,2024-04-20,Furniture,200954.0,848.0
2024-04-21,2024-04-27,Furniture,225216.0,928.0
2024-04-28,2024-05-04,Furniture,306708.0,1306.0
2024-05-05,2024-05-11,Furniture,277739.0,1203.0
2024-05-12,2024-05-18,Furniture,266215.0,1104.0
2024-05-19,2024-05-25,Furniture,257131.0,1037.0
2024-05-26,2024-06-01,Furniture,336112.0,1370.0
2024-06-02,2024-06-08,Furniture,311222.0,1299.0
2024-06-09,2024-06-15,Furniture,322524.0,1539.0
2024-06-16,2024-06-22,Furniture,150777.0,760.0
2024-06-23,2024-06-29,Furniture,276319.0,1101.0
2024-06-30,2024-07-06,Furniture,300065.0,1241.0
2024-07-07,2024-07-13,Furniture,261071.0,1126.0
2024-07-14,2024-07-20,Furniture,241084.0,1010.0
2024-07-21,2024-07-27,Furniture,259377.0,1043.0
2024-07-28,2024-08-03,Furniture,325092.0,1363.0
2024-08-04,2024-08-10,Furniture,283564.0,1219.0
2024-08-11,2024-08-17,Furniture,277052.0,1247.0
2024-08-18,2024-08-24,Furniture,240185.0,1025.0
2024-08-25,2024-08-31,Furniture,293466.0,1232.0
2024-09-01,2024-09-07,Furniture,309318.0,1282.0
2024-09-08,2024-09-14,Furniture,314343.0,1232.0
2024-09-15,2024-09-21,Furniture,339555.0,1223.0
2024-09-22,2024-09-28,Furniture,395543.0,1402.0
2024-09-29,2024-10-05,Furniture,349398.0,1370.0
2024-10-06,2024-10-12,Furniture,274650.0,1228.0
2024-10-13,2024-10-19,Furniture,250454.0,1115.0
2024-10-20,2024-10-26,Furniture,245620.0,1076.0
2024-10-27,2024-11-02,Furniture,334915.0,1452.0
2024-11-03,2024-11-09,Furniture,298846.0,1357.0
2024-11-10,2024-11-16,Furniture,304810.0,1349.0
2024-11-17,2024-11-23,Furniture,271289.0,1131.0
2024-11-24,2024-11-30,Furniture,343237.0,1403.0
2024-12-01,2024-12-07,Furniture,348524.0,1459.0
2024-12-08,2024-12-14,Furniture,318420.0,1344.0
2024-12-15,2024-12-21,Furniture,297805.0,1229.0
2024-12-22,2024-12-28,Furniture,346002.0,1359.0
2024-12-29,2025-01-04,Furniture,379494.0,1557.0
2025-01-05,2025-01-11,Furniture,306708.0,1393.0
2025-01-12,2025-01-18,Furniture,266508.0,1135.0
2025-01-19,2025-01-25,Furniture,261060.0,1091.0
2025-01-26,2025-02-01,Furniture,361488.0,1544.0
2025-02-02,2025-02-08,Furniture,356060.0,1469.0
2025-02-09,2025-02-15,Furniture,347996.0,1405.0
2025-02-16,2025-02-22,Furniture,359354.0,1386.0
2025-02-23,2025-03-01,Furniture,524589.0,1973.0
2025-03-02,2025-03-08,Furniture,321514.0,1413.0
2025-03-09,2025-03-15,Furniture,320680.0,1442.0
2025-03-16,2025-03-22,Furniture,343796.0,1577.0
2025-03-23,2025-03-29,Furniture,448486.0,2377.0
2025-03-30,2025-04-05,Furniture,141063.0,876.0
2025-04-06,2025-04-12,Furniture,228558.0,1086.0
2025-04-13,2025-04-19,Furniture,227926.0,1045.0
2025-04-20,2025-04-26,Furniture,224952.0,1021.0
2025-04-27,2025-05-03,Furniture,294221.0,1384.0
2025-05-04,2025-05-10,Furniture,272040.0,1264.0
2025-05-11,2025-05-17,Furniture,261840.0,1218.0
2025-05-18,2025-05-24,Furniture,254463.0,1144.0
2025-05-25,2025-05-31,Furniture,318960.0,1494.0
2025-06-01,2025-06-07,Furniture,273574.0,1546.0
2025-06-08,2025-06-14,Furniture,218883.0,1108.0
2025-06-15,2025-06-21,Furniture,228408.0,1071.0
2025-06-22,2025-06-28,Furniture,268403.0,1274.0
2025-06-29,2025-07-05,Furniture,289991.0,1396.0
2025-07-06,2025-07-12,Furniture,275701.0,1345.0
2025-09-21,2025-09-27,Furniture,682047.0,2548.0
2025-09-28,2025-10-04,Furniture,654712.0,2847.0
2025-10-05,2025-10-11,Furniture,458330.0,2510.0
2025-10-12,2025-10-18,Furniture,405336.0,2238.0
2025-10-19,2025-10-25,Furniture,431487.0,2137.0
2025-10-26,2025-11-01,Furniture,605721.0,2947.0
2025-11-02,2025-11-08,Furniture,549357.0,2677.0
2025-11-09,2025-11-15,Furniture,478252.0,2588.0
2025-11-16,2025-11-22,Furniture,439569.0,2396.0
2025-11-23,2025-11-29,Furniture,537039.0,2807.0
2025-11-30,2025-12-06,Furniture,518645.0,2779.0
2025-12-07,2025-12-13,Furniture,465024.0,2710.0
2025-12-14,2025-12-20,Furniture,474604.0,2602.0
2025-12-21,2025-12-27,Furniture,515884.0,2607.0
2025-12-28,2026-01-03,Furniture,677505.0,3322.0
2026-01-04,2026-01-10,Furniture,521075.0,2896.0
2026-01-11,2026-01-17,Furniture,489178.0,2896.0
2026-01-18,2026-01-24,Furniture,462856.0,2471.0
2026-01-25,2026-01-31,Furniture,603738.0,3130.0
2026-02-01,2026-02-07,Furniture,658284.0,3459.0
2026-02-08,2026-02-14,Furniture,697347.0,3595.0
2026-02-15,2026-02-21,Furniture,667428.0,3464.0
2026-02-22,2026-02-28,Furniture,617530.0,3072.0
2026-03-01,2026-03-07,Furniture,606547.0,3552.0
2026-03-08,2026-03-14,Furniture,604801.0,3838.0
2026-03-15,2026-03-21,Furniture,457545.0,3447.0
2026-04-05,2026-04-11,Furniture,443498.0,2613.0
2026-04-12,2026-04-18,Furniture,413695.0,2406.0
2026-04-19,2026-04-25,Furniture,398712.0,2208.0
2026-04-26,2026-05-02,Furniture,610892.0,3073.0
2026-05-03,2026-05-09,Furniture,587088.0,2830.0
2026-05-10,2026-05-16,Furniture,528188.0,2788.0
2026-05-17,2026-05-23,Furniture,485807.0,2849.0
2026-05-24,2026-05-30,Furniture,406775.0,3091.0
2026-05-31,2026-06-06,Furniture,453715.0,2582.0
2026-06-07,2026-06-13,Furniture,439134.0,2551.0
2026-06-14,2026-06-20,Furniture,406847.0,2382.0
2026-06-21,2026-06-27,Furniture,407293.0,2400.0
2026-06-28,2026-07-04,Furniture,549199.0,3213.0
2026-07-05,2026-07-11,Furniture,485205.0,2908.0
2026-07-12,2026-07-18,Furniture,443888.0,2663.0
2026-07-19,2026-07-25,Furniture,413410.0,2470.0
2026-07-26,2026-08-01,Furniture,516103.0,3128.0
2026-08-02,2026-08-08,Furniture,469233.0,2937.0
2020-05-10,2020-05-16,Gas Stations,105652.0,2650.0
2020-05-17,2020-05-23,Gas Stations,93969.0,2367.0
2020-05-24,2020-05-30,Gas Stations,82443.0,2123.0
2020-05-31,2020-06-06,Gas Stations,127911.0,3478.0
2020-06-07,2020-06-13,Gas Stations,135174.0,3663.0
2020-06-14,2020-06-20,Gas Stations,137337.0,3460.0
2020-06-20,2020-06-26,Gas Stations,169185.0,4175.0
2020-06-28,2020-07-04,Gas Stations,211486.0,4819.0
2020-07-05,2020-07-11,Gas Stations,209857.0,4994.0
2020-07-12,2020-07-18,Gas Stations,225825.0,4960.0
2020-07-19,2020-07-25,Gas Stations,232053.0,5084.0
2020-07-26,2020-08-01,Gas Stations,281256.0,5769.0
2020-08-02,2020-08-08,Gas Stations,250242.0,5305.0
2020-08-09,2020-08-15,Gas Stations,272841.0,5656.0
2020-08-16,2020-08-22,Gas Stations,261815.0,5443.0
2020-08-23,2020-08-29,Gas Stations,298149.0,5896.0
2020-08-30,2020-09-05,Gas Stations,304461.0,6141.0
2020-09-06,2020-09-12,Gas Stations,299255.0,6134.0
2020-09-13,2020-09-19,Gas Stations,277338.0,5776.0
2020-09-20,2020-09-26,Gas Stations,285757.0,5890.0
2020-09-27,2020-10-03,Gas Stations,335706.0,6498.0
2020-10-04,2020-10-10,Gas Stations,302566.0,6214.0
2020-10-11,2020-10-17,Gas Stations,294211.0,6181.0
2020-10-18,2020-10-24,Gas Stations,274656.0,5845.0
2020-10-25,2020-10-31,Gas Stations,336453.0,6638.0
2020-11-01,2020-11-07,Gas Stations,313896.0,6472.0
2020-11-08,2020-11-14,Gas Stations,313876.0,6570.0
2020-11-15,2020-11-21,Gas Stations,294811.0,6233.0
2020-11-22,2020-11-28,Gas Stations,332849.0,6674.0
2020-11-29,2020-12-05,Gas Stations,348571.0,6981.0
2020-12-06,2020-12-12,Gas Stations,319552.0,6595.0
2020-12-13,2020-12-19,Gas Stations,298261.0,6327.0
2020-12-20,2020-12-26,Gas Stations,292249.0,6198.0
2020-12-27,2021-01-02,Gas Stations,388909.0,7513.0
2021-01-03,2021-01-09,Gas Stations,354466.0,7096.0
2021-01-10,2021-01-16,Gas Stations,382409.0,7382.0
2021-01-17,2021-01-23,Gas Stations,327767.0,6531.0
2021-01-24,2021-01-30,Gas Stations,396036.0,7405.0
2021-01-31,2021-02-06,Gas Stations,384665.0,7405.0
2021-02-07,2021-02-13,Gas Stations,390504.0,7421.0
2021-02-14,2021-02-20,Gas Stations,385297.0,7251.0
2021-02-21,2021-02-27,Gas Stations,382225.0,7194.0
2021-02-28,2021-03-06,Gas Stations,473524.0,8250.0
2021-03-07,2021-03-13,Gas Stations,450370.0,8059.0
2021-03-14,2021-03-20,Gas Stations,422815.0,7751.0
2021-03-21,2021-03-27,Gas Stations,426155.0,7895.0
2021-03-28,2021-04-03,Gas Stations,512107.0,8732.0
2021-04-04,2021-04-10,Gas Stations,470696.0,8492.0
2021-04-11,2021-04-17,Gas Stations,418959.0,7544.0
2021-04-18,2021-04-24,Gas Stations,382875.0,7049.0
2021-04-25,2021-05-01,Gas Stations,492927.0,8281.0
2021-05-02,2021-05-08,Gas Stations,464178.0,8076.0
2021-05-09,2021-05-15,Gas Stations,487687.0,8293.0
2021-05-16,2021-05-22,Gas Stations,463348.0,8100.0
2021-05-23,2021-05-29,Gas Stations,544636.0,9116.0
2021-05-30,2021-06-05,Gas Stations,553022.0,9387.0
2021-06-06,2021-06-12,Gas Stations,558845.0,9494.0
2021-06-13,2021-06-19,Gas Stations,507822.0,8783.0
2021-06-20,2021-06-26,Gas Stations,509507.0,8830.0
2021-06-27,2021-07-03,Gas Stations,625396.0,10032.0
2021-07-04,2021-07-10,Gas Stations,572319.0,9637.0
2021-07-11,2021-07-17,Gas Stations,557846.0,9524.0
2021-07-18,2021-07-24,Gas Stations,486081.0,8487.0
2021-07-25,2021-07-31,Gas Stations,623338.0,10073.0
2021-08-01,2021-08-07,Gas Stations,588982.0,9911.0
2021-08-08,2021-08-14,Gas Stations,576245.0,9817.0
2021-08-15,2021-08-21,Gas Stations,528355.0,9278.0
2021-08-22,2021-08-28,Gas Stations,628959.0,10399.0
2021-08-29,2021-09-04,Gas Stations,616545.0,10362.0
2021-09-05,2021-09-11,Gas Stations,607386.0,10455.0
2021-09-12,2021-09-18,Gas Stations,559320.0,9908.0
2021-09-19,2021-09-25,Gas Stations,563814.0,9885.0
2021-09-26,2021-10-02,Gas Stations,655175.0,10707.0
2021-10-03,2021-10-09,Gas Stations,598103.0,10346.0
2021-10-10,2021-10-16,Gas Stations,594184.0,10400.0
2021-10-17,2021-10-23,Gas Stations,542296.0,9653.0
2021-10-24,2021-10-30,Gas Stations,647228.0,10779.0
2021-10-31,2021-11-06,Gas Stations,621901.0,10552.0
2021-11-07,2021-11-13,Gas Stations,603183.0,10488.0
2021-11-14,2021-11-20,Gas Stations,561749.0,10066.0
2021-11-21,2021-11-27,Gas Stations,608767.0,10639.0
2021-11-28,2021-12-04,Gas Stations,722451.0,11432.0
2021-12-05,2021-12-11,Gas Stations,627885.0,10727.0
2021-12-12,2021-12-18,Gas Stations,590314.0,10373.0
2021-12-19,2021-12-25,Gas Stations,556247.0,9933.0
2021-12-26,2022-01-01,Gas Stations,718996.0,11762.0
2022-01-02,2022-01-08,Gas Stations,657288.0,10995.0
2022-01-09,2022-01-15,Gas Stations,652868.0,11050.0
2022-01-16,2022-01-22,Gas Stations,561189.0,9895.0
2022-01-23,2022-01-29,Gas Stations,664763.0,11161.0
2022-01-30,2022-02-05,Gas Stations,676864.0,11302.0
2022-02-06,2022-02-12,Gas Stations,639780.0,11111.0
2022-02-13,2022-02-19,Gas Stations,609898.0,10857.0
2022-02-20,2022-02-26,Gas Stations,622259.0,11002.0
2022-02-27,2022-03-05,Gas Stations,722728.0,11878.0
2022-03-06,2022-03-12,Gas Stations,703896.0,12149.0
2022-03-13,2022-03-19,Gas Stations,656592.0,11209.0
2022-03-20,2022-03-26,Gas Stations,651074.0,11493.0
2022-03-27,2022-04-02,Gas Stations,761715.0,12624.0
2022-04-03,2022-04-09,Gas Stations,611753.0,10548.0
2022-04-10,2022-04-16,Gas Stations,627066.0,10942.0
2022-04-17,2022-04-23,Gas Stations,595056.0,10475.0
2022-04-24,2022-04-30,Gas Stations,724252.0,11668.0
2022-05-01,2022-05-07,Gas Stations,662258.0,11065.0
2022-05-08,2022-05-14,Gas Stations,643014.0,11354.0
2022-05-15,2022-05-21,Gas Stations,610090.0,11121.0
2022-05-22,2022-05-28,Gas Stations,709290.0,12147.0
2022-05-29,2022-06-04,Gas Stations,700596.0,12239.0
2022-06-05,2022-06-11,Gas Stations,688334.0,12349.0
2022-06-12,2022-06-18,Gas Stations,645105.0,11668.0
2022-06-19,2022-06-25,Gas Stations,592233.0,10970.0
2022-06-26,2022-07-02,Gas Stations,786761.0,13228.0
2022-07-03,2022-07-09,Gas Stations,688419.0,11818.0
2022-07-10,2022-07-16,Gas Stations,613610.0,10877.0
2022-07-17,2022-07-23,Gas Stations,590870.0,10782.0
2022-07-24,2022-07-30,Gas Stations,729704.0,12392.0
2022-07-31,2022-08-06,Gas Stations,709057.0,12307.0
2022-08-07,2022-08-13,Gas Stations,692181.0,12183.0
2022-08-14,2022-08-20,Gas Stations,658670.0,11738.0
2022-08-21,2022-08-27,Gas Stations,664696.0,11924.0
2022-08-28,2022-09-03,Gas Stations,787423.0,13242.0
2022-09-04,2022-09-10,Gas Stations,702173.0,12501.0
2022-09-11,2022-09-17,Gas Stations,697282.0,12570.0
2022-09-18,2022-09-24,Gas Stations,671189.0,12175.0
2022-09-25,2022-10-01,Gas Stations,773440.0,13166.0
2022-10-02,2022-10-08,Gas Stations,712656.0,12648.0
2022-10-09,2022-10-15,Gas Stations,721455.0,12822.0
2022-10-16,2022-10-22,Gas Stations,642338.0,11693.0
2022-10-23,2022-10-29,Gas Stations,750408.0,13006.0
2022-10-30,2022-11-05,Gas Stations,734757.0,12761.0
2022-11-06,2022-11-12,Gas Stations,711247.0,12696.0
2022-11-13,2022-11-19,Gas Stations,653909.0,12033.0
2022-11-20,2022-11-26,Gas Stations,663094.0,11967.0
2022-11-27,2022-12-03,Gas Stations,823218.0,13495.0
2022-12-04,2022-12-10,Gas Stations,706735.0,12427.0
2022-12-11,2022-12-17,Gas Stations,716288.0,12816.0
2022-12-18,2022-12-24,Gas Stations,647615.0,11934.0
2022-12-25,2022-12-31,Gas Stations,803713.0,13523.0
2023-01-01,2023-01-07,Gas Stations,728190.0,12591.0
2023-01-08,2023-01-14,Gas Stations,744710.0,13049.0
2023-01-15,2023-01-21,Gas Stations,673358.0,12107.0
2023-01-22,2023-01-28,Gas Stations,687439.0,11876.0
2023-01-29,2023-02-04,Gas Stations,769704.0,13364.0
2023-02-05,2023-02-11,Gas Stations,737830.0,12957.0
2023-02-12,2023-02-18,Gas Stations,674116.0,12149.0
2023-02-19,2023-02-25,Gas Stations,641947.0,11818.0
2023-02-26,2023-03-04,Gas Stations,845431.0,14108.0
2023-03-05,2023-03-11,Gas Stations,774597.0,13299.0
2023-03-12,2023-03-18,Gas Stations,712330.0,12750.0
2023-03-19,2023-03-25,Gas Stations,632683.0,11677.0
2023-03-26,2023-04-01,Gas Stations,730328.0,12281.0
2023-04-02,2023-04-08,Gas Stations,697517.0,12163.0
2023-04-09,2023-04-15,Gas Stations,697815.0,12222.0
2023-04-16,2023-04-22,Gas Stations,662575.0,11742.0
2023-04-23,2023-04-29,Gas Stations,749258.0,12687.0
2023-04-30,2023-05-06,Gas Stations,752670.0,13174.0
2023-05-07,2023-05-13,Gas Stations,744014.0,13407.0
2023-05-14,2023-05-20,Gas Stations,694371.0,12802.0
2023-05-21,2023-05-27,Gas Stations,722604.0,13310.0
2023-05-28,2023-06-03,Gas Stations,847581.0,14394.0
2023-06-04,2023-06-10,Gas Stations,739487.0,13401.0
2023-06-11,2023-06-17,Gas Stations,740819.0,13557.0
2023-06-18,2023-06-24,Gas Stations,738993.0,13486.0
2023-06-25,2023-07-01,Gas Stations,778505.0,13301.0
2023-07-02,2023-07-08,Gas Stations,718893.0,12772.0
2023-07-09,2023-07-15,Gas Stations,720116.0,13179.0
2023-07-16,2023-07-22,Gas Stations,665915.0,12418.0
2023-07-23,2023-07-29,Gas Stations,754561.0,13335.0
2023-07-30,2023-08-05,Gas Stations,780127.0,13704.0
2023-08-06,2023-08-12,Gas Stations,762199.0,13628.0
2023-08-13,2023-08-19,Gas Stations,729221.0,13414.0
2023-08-20,2023-08-26,Gas Stations,713996.0,13380.0
2023-08-27,2023-09-02,Gas Stations,870628.0,15082.0
2023-09-03,2023-09-09,Gas Stations,774976.0,14110.0
2023-09-10,2023-09-16,Gas Stations,781440.0,14342.0
2023-09-17,2023-09-23,Gas Stations,743365.0,14048.0
2023-09-24,2023-09-30,Gas Stations,831598.0,14709.0
2023-10-01,2023-10-07,Gas Stations,791269.0,14450.0
2023-10-08,2023-10-14,Gas Stations,778294.0,14404.0
2023-10-15,2023-10-21,Gas Stations,711827.0,13516.0
2023-10-22,2023-10-28,Gas Stations,817008.0,14719.0
2023-10-29,2023-11-04,Gas Stations,825114.0,14748.0
2023-11-05,2023-11-11,Gas Stations,765171.0,14073.0
2023-11-12,2023-11-18,Gas Stations,776542.0,14271.0
2023-11-19,2023-11-25,Gas Stations,731626.0,13473.0
2023-11-26,2023-12-02,Gas Stations,873171.0,15075.0
2023-12-03,2023-12-09,Gas Stations,763876.0,13995.0
2023-12-10,2023-12-16,Gas Stations,770654.0,14122.0
2023-12-17,2023-12-23,Gas Stations,693575.0,13099.0
2023-12-24,2023-12-30,Gas Stations,840967.0,14838.0
2023-12-31,2024-01-06,Gas Stations,853649.0,14830.0
2024-01-07,2024-01-13,Gas Stations,832200.0,14409.0
2024-01-14,2024-01-20,Gas Stations,733847.0,13428.0
2024-01-21,2024-01-27,Gas Stations,764519.0,14102.0
2024-01-28,2024-02-03,Gas Stations,894536.0,15110.0
2024-02-04,2024-02-10,Gas Stations,788530.0,14123.0
2024-02-11,2024-02-17,Gas Stations,826398.0,15080.0
2024-02-18,2024-02-24,Gas Stations,819699.0,15164.0
2024-02-25,2024-03-02,Gas Stations,964947.0,16177.0
2024-03-03,2024-03-09,Gas Stations,882543.0,15559.0
2024-03-10,2024-03-16,Gas Stations,771934.0,13957.0
2024-03-17,2024-03-23,Gas Stations,742481.0,13622.0
2024-03-24,2024-03-30,Gas Stations,804895.0,13851.0
2024-03-31,2024-04-06,Gas Stations,834638.0,14367.0
2024-04-07,2024-04-13,Gas Stations,789755.0,13996.0
2024-04-14,2024-04-20,Gas Stations,761536.0,13760.0
2024-04-21,2024-04-27,Gas Stations,792107.0,14805.0
2024-04-28,2024-05-04,Gas Stations,972469.0,16556.0
2024-05-05,2024-05-11,Gas Stations,889469.0,16032.0
2024-05-12,2024-05-18,Gas Stations,842870.0,15514.0
2024-05-19,2024-05-25,Gas Stations,793077.0,14967.0
2024-05-26,2024-06-01,Gas Stations,974059.0,16990.0
2024-06-02,2024-06-08,Gas Stations,873069.0,15831.0
2024-06-09,2024-06-15,Gas Stations,882726.0,16000.0
2024-06-16,2024-06-22,Gas Stations,695377.0,13062.0
2024-06-23,2024-06-29,Gas Stations,834527.0,14976.0
2024-06-30,2024-07-06,Gas Stations,871325.0,15390.0
2024-07-07,2024-07-13,Gas Stations,841492.0,15206.0
2024-07-14,2024-07-20,Gas Stations,776563.0,14315.0
2024-07-21,2024-07-27,Gas Stations,782418.0,14544.0
2024-07-28,2024-08-03,Gas Stations,956596.0,16463.0
2024-08-04,2024-08-10,Gas Stations,873049.0,15573.0
2024-08-11,2024-08-17,Gas Stations,879343.0,15997.0
2024-08-18,2024-08-24,Gas Stations,810905.0,15369.0
2024-08-25,2024-08-31,Gas Stations,983459.0,17455.0
2024-09-01,2024-09-07,Gas Stations,963749.0,17257.0
2024-09-08,2024-09-14,Gas Stations,921638.0,17060.0
2024-09-15,2024-09-21,Gas Stations,887748.0,16601.0
2024-09-22,2024-09-28,Gas Stations,928067.0,16844.0
2024-09-29,2024-10-05,Gas Stations,958064.0,17341.0
2024-10-06,2024-10-12,Gas Stations,918809.0,16893.0
2024-10-13,2024-10-19,Gas Stations,866483.0,16218.0
2024-10-20,2024-10-26,Gas Stations,840293.0,15970.0
2024-10-27,2024-11-02,Gas Stations,1011936.0,17615.0
2024-11-03,2024-11-09,Gas Stations,947774.0,16956.0
2024-11-10,2024-11-16,Gas Stations,931846.0,16560.0
2024-11-17,2024-11-23,Gas Stations,825343.0,15503.0
2024-11-24,2024-11-30,Gas Stations,965966.0,17284.0
2024-12-01,2024-12-07,Gas Stations,930337.0,16552.0
2024-12-08,2024-12-14,Gas Stations,904580.0,16307.0
2024-12-15,2024-12-21,Gas Stations,819623.0,15230.0
2024-12-22,2024-12-28,Gas Stations,914137.0,16371.0
2024-12-29,2025-01-04,Gas Stations,983180.0,16856.0
2025-01-05,2025-01-11,Gas Stations,952206.0,16281.0
2025-01-12,2025-01-18,Gas Stations,866427.0,15413.0
2025-01-19,2025-01-25,Gas Stations,835626.0,15282.0
2025-01-26,2025-02-01,Gas Stations,1054140.0,17647.0
2025-02-02,2025-02-08,Gas Stations,937676.0,16241.0
2025-02-09,2025-02-15,Gas Stations,933109.0,16400.0
2025-02-16,2025-02-22,Gas Stations,915084.0,16383.0
2025-02-23,2025-03-01,Gas Stations,1001329.0,16806.0
2025-03-02,2025-03-08,Gas Stations,840759.0,14400.0
2025-03-09,2025-03-15,Gas Stations,865804.0,15089.0
2025-03-16,2025-03-22,Gas Stations,837263.0,14703.0
2025-03-23,2025-03-29,Gas Stations,976687.0,16184.0
2025-03-30,2025-04-05,Gas Stations,905097.0,15355.0
2025-04-06,2025-04-12,Gas Stations,907827.0,15947.0
2025-04-13,2025-04-19,Gas Stations,863995.0,15577.0
2025-04-20,2025-04-26,Gas Stations,859311.0,15751.0
2025-04-27,2025-05-03,Gas Stations,1083701.0,18320.0
2025-05-04,2025-05-10,Gas Stations,946004.0,16586.0
2025-05-11,2025-05-17,Gas Stations,929744.0,16757.0
2025-05-18,2025-05-24,Gas Stations,872039.0,16164.0
2025-05-25,2025-05-31,Gas Stations,1029333.0,17975.0
2025-06-01,2025-06-07,Gas Stations,911748.0,16076.0
2025-06-08,2025-06-14,Gas Stations,857454.0,15449.0
2025-06-15,2025-06-21,Gas Stations,813506.0,15608.0
2025-06-22,2025-06-28,Gas Stations,963503.0,17172.0
2025-06-29,2025-07-05,Gas Stations,974026.0,16974.0
2025-07-06,2025-07-12,Gas Stations,948992.0,16773.0
2025-09-21,2025-09-27,Gas Stations,948556.0,17658.0
2025-09-28,2025-10-04,Gas Stations,1135598.0,19359.0
2025-10-05,2025-10-11,Gas Stations,1031619.0,18319.0
2025-10-12,2025-10-18,Gas Stations,944883.0,17093.0
2025-10-19,2025-10-25,Gas Stations,897830.0,16671.0
2025-10-26,2025-11-01,Gas Stations,1116062.0,19093.0
2025-11-02,2025-11-08,Gas Stations,980043.0,17345.0
2025-11-09,2025-11-15,Gas Stations,981364.0,17669.0
2025-11-16,2025-11-22,Gas Stations,956103.0,17196.0
2025-11-23,2025-11-29,Gas Stations,1049959.0,17939.0
2025-11-30,2025-12-06,Gas Stations,991396.0,17148.0
2025-12-07,2025-12-13,Gas Stations,998282.0,17691.0
2025-12-14,2025-12-20,Gas Stations,919670.0,16440.0
2025-12-21,2025-12-27,Gas Stations,918884.0,16689.0
2025-12-28,2026-01-03,Gas Stations,1078994.0,17973.0
2026-01-04,2026-01-10,Gas Stations,992319.0,17227.0
2026-01-11,2026-01-17,Gas Stations,1000691.0,17210.0
2026-01-18,2026-01-24,Gas Stations,890118.0,15976.0
2026-01-25,2026-01-31,Gas Stations,1062832.0,18226.0
2026-02-01,2026-02-07,Gas Stations,1004073.0,17372.0
2026-02-08,2026-02-14,Gas Stations,971050.0,17181.0
2026-02-15,2026-02-21,Gas Stations,850572.0,15332.0
2026-02-22,2026-02-28,Gas Stations,875090.0,15245.0
2026-03-01,2026-03-07,Gas Stations,897895.0,15295.0
2026-03-08,2026-03-14,Gas Stations,840348.0,14682.0
2026-03-15,2026-03-21,Gas Stations,824532.0,14657.0
2026-04-05,2026-04-11,Gas Stations,999421.0,17490.0
2026-04-12,2026-04-18,Gas Stations,959404.0,17073.0
2026-04-19,2026-04-25,Gas Stations,945128.0,17036.0
2026-04-26,2026-05-02,Gas Stations,1158887.0,19608.0
2026-05-03,2026-05-09,Gas Stations,1024383.0,18011.0
2026-05-10,2026-05-16,Gas Stations,1006734.0,18047.0
2026-05-17,2026-05-23,Gas Stations,967087.0,17366.0
2026-05-24,2026-05-30,Gas Stations,996040.0,17358.0
2026-05-31,2026-06-06,Gas Stations,980401.0,17187.0
2026-06-07,2026-06-13,Gas Stations,957690.0,17407.0
2026-06-14,2026-06-20,Gas Stations,906549.0,16822.0
2026-06-21,2026-06-27,Gas Stations,915760.0,16991.0
2026-06-28,2026-07-04,Gas Stations,1117017.0,19115.0
2026-07-05,2026-07-11,Gas Stations,1011818.0,17785.0
2026-07-12,2026-07-18,Gas Stations,950218.0,17046.0
2026-07-19,2026-07-25,Gas Stations,909706.0,16618.0
2026-07-26,2026-08-01,Gas Stations,1117868.0,18987.0
2026-08-02,2026-08-08,Gas Stations,1026344.0,17823.0
2020-05-10,2020-05-16,Health,483601.0,4111.0
2020-05-17,2020-05-23,Health,507970.0,4410.0
2020-05-24,2020-05-30,Health,332408.0,3148.0
2020-05-31,2020-06-06,Health,650994.0,5458.0
2020-06-07,2020-06-13,Health,587288.0,4967.0
2020-06-14,2020-06-20,Health,559152.0,4562.0
2020-06-20,2020-06-26,Health,631891.0,4824.0
2020-06-28,2020-07-04,Health,807721.0,5494.0
2020-07-05,2020-07-11,Health,662192.0,4927.0
2020-07-12,2020-07-18,Health,630262.0,4593.0
2020-07-19,2020-07-25,Health,626480.0,4446.0
2020-07-26,2020-08-01,Health,651640.0,4979.0
2020-08-02,2020-08-08,Health,501924.0,4296.0
2020-08-09,2020-08-15,Health,637303.0,4809.0
2020-08-16,2020-08-22,Health,594733.0,4436.0
2020-08-23,2020-08-29,Health,685353.0,4874.0
2020-08-30,2020-09-05,Health,701156.0,5087.0
2020-09-06,2020-09-12,Health,629756.0,4779.0
2020-09-13,2020-09-19,Health,611742.0,4541.0
2020-09-20,2020-09-26,Health,683774.0,4577.0
2020-09-27,2020-10-03,Health,828364.0,5544.0
2020-10-04,2020-10-10,Health,652166.0,4922.0
2020-10-11,2020-10-17,Health,603887.0,4796.0
2020-10-18,2020-10-24,Health,573447.0,4495.0
2020-10-25,2020-10-31,Health,737202.0,5366.0
2020-11-01,2020-11-07,Health,651560.0,5051.0
2020-11-08,2020-11-14,Health,609808.0,4843.0
2020-11-15,2020-11-21,Health,580102.0,4548.0
2020-11-22,2020-11-28,Health,661118.0,4862.0
2020-11-29,2020-12-05,Health,681272.0,5076.0
2020-12-06,2020-12-12,Health,622994.0,4888.0
2020-12-13,2020-12-19,Health,588664.0,4663.0
2020-12-20,2020-12-26,Health,581797.0,4537.0
2020-12-27,2021-01-02,Health,800505.0,5799.0
2021-01-03,2021-01-09,Health,644289.0,5236.0
2021-01-10,2021-01-16,Health,622996.0,5281.0
2021-01-17,2021-01-23,Health,577691.0,4718.0
2021-01-24,2021-01-30,Health,731713.0,5492.0
2021-01-31,2021-02-06,Health,698767.0,5375.0
2021-02-07,2021-02-13,Health,636915.0,5025.0
2021-02-14,2021-02-20,Health,592543.0,4695.0
2021-02-21,2021-02-27,Health,590103.0,4543.0
2021-02-28,2021-03-06,Health,789338.0,5812.0
2021-03-07,2021-03-13,Health,661840.0,5334.0
2021-03-14,2021-03-20,Health,627629.0,5043.0
2021-03-21,2021-03-27,Health,629596.0,4912.0
2021-03-28,2021-04-03,Health,802147.0,5900.0
2021-04-04,2021-04-10,Health,675531.0,5390.0
2021-04-11,2021-04-17,Health,572791.0,4959.0
2021-04-18,2021-04-24,Health,567484.0,4711.0
2021-04-25,2021-05-01,Health,769406.0,5693.0
2021-05-02,2021-05-08,Health,739905.0,5729.0
2021-05-09,2021-05-15,Health,504730.0,5102.0
2021-05-16,2021-05-22,Health,517311.0,4819.0
2021-05-23,2021-05-29,Health,731721.0,5764.0
2021-05-30,2021-06-05,Health,762546.0,5931.0
2021-06-06,2021-06-12,Health,719477.0,5708.0
2021-06-13,2021-06-19,Health,681488.0,5414.0
2021-06-20,2021-06-26,Health,673534.0,5255.0
2021-06-27,2021-07-03,Health,856107.0,6380.0
2021-07-04,2021-07-10,Health,735672.0,5807.0
2021-07-11,2021-07-17,Health,721066.0,5960.0
2021-07-18,2021-07-24,Health,364020.0,4155.0
2021-07-25,2021-07-31,Health,748210.0,6220.0
2021-08-01,2021-08-07,Health,698066.0,5891.0
2021-08-08,2021-08-14,Health,677326.0,5723.0
2021-08-15,2021-08-21,Health,616280.0,5198.0
2021-08-22,2021-08-28,Health,737156.0,5914.0
2021-08-29,2021-09-04,Health,734092.0,5973.0
2021-09-05,2021-09-11,Health,682858.0,5773.0
2021-09-12,2021-09-18,Health,661333.0,5468.0
2021-09-19,2021-09-25,Health,693127.0,5266.0
2021-09-26,2021-10-02,Health,895673.0,6638.0
2021-10-03,2021-10-09,Health,701601.0,6049.0
2021-10-10,2021-10-16,Health,655224.0,5935.0
2021-10-17,2021-10-23,Health,604629.0,5464.0
2021-10-24,2021-10-30,Health,761949.0,6432.0
2021-10-31,2021-11-06,Health,722531.0,6345.0
2021-11-07,2021-11-13,Health,678489.0,6177.0
2021-11-14,2021-11-20,Health,615447.0,5616.0
2021-11-21,2021-11-27,Health,641624.0,5733.0
2021-11-28,2021-12-04,Health,802993.0,6872.0
2021-12-05,2021-12-11,Health,702169.0,6484.0
2021-12-12,2021-12-18,Health,642984.0,5898.0
2021-12-19,2021-12-25,Health,627435.0,5652.0
2021-12-26,2022-01-01,Health,844757.0,7011.0
2022-01-02,2022-01-08,Health,743018.0,6839.0
2022-01-09,2022-01-15,Health,709720.0,6961.0
2022-01-16,2022-01-22,Health,657850.0,6502.0
2022-01-23,2022-01-29,Health,776214.0,7156.0
2022-01-30,2022-02-05,Health,785904.0,7240.0
2022-02-06,2022-02-12,Health,701507.0,6591.0
2022-02-13,2022-02-19,Health,653257.0,6070.0
2022-02-20,2022-02-26,Health,669130.0,5986.0
2022-02-27,2022-03-05,Health,872431.0,7311.0
2022-03-06,2022-03-12,Health,719913.0,6460.0
2022-03-13,2022-03-19,Health,667521.0,6014.0
2022-03-20,2022-03-26,Health,668949.0,6013.0
2022-03-27,2022-04-02,Health,841857.0,7360.0
2022-04-03,2022-04-09,Health,685792.0,6433.0
2022-04-10,2022-04-16,Health,703767.0,6409.0
2022-04-17,2022-04-23,Health,718859.0,6202.0
2022-04-24,2022-04-30,Health,945057.0,8257.0
2022-05-01,2022-05-07,Health,439386.0,5764.0
2022-05-08,2022-05-14,Health,689314.0,6988.0
2022-05-15,2022-05-21,Health,670147.0,6600.0
2022-05-22,2022-05-28,Health,796587.0,7498.0
2022-05-29,2022-06-04,Health,819449.0,7894.0
2022-06-05,2022-06-11,Health,766049.0,7686.0
2022-06-12,2022-06-18,Health,733672.0,7107.0
2022-06-19,2022-06-25,Health,688079.0,6408.0
2022-06-26,2022-07-02,Health,921790.0,7830.0
2022-07-03,2022-07-09,Health,750986.0,7242.0
2022-07-10,2022-07-16,Health,458607.0,5494.0
2022-07-17,2022-07-23,Health,616338.0,5985.0
2022-07-24,2022-07-30,Health,781392.0,6941.0
2022-07-31,2022-08-06,Health,733945.0,6681.0
2022-08-07,2022-08-13,Health,682891.0,6477.0
2022-08-14,2022-08-20,Health,650677.0,6147.0
2022-08-21,2022-08-27,Health,672698.0,6256.0
2022-08-28,2022-09-03,Health,849195.0,7577.0
2022-09-04,2022-09-10,Health,720840.0,7021.0
2022-09-11,2022-09-17,Health,740457.0,7306.0
2022-09-18,2022-09-24,Health,732875.0,6782.0
2022-09-25,2022-10-01,Health,952459.0,8402.0
2022-10-02,2022-10-08,Health,784326.0,7913.0
2022-10-09,2022-10-15,Health,735373.0,7881.0
2022-10-16,2022-10-22,Health,683721.0,7411.0
2022-10-23,2022-10-29,Health,819026.0,8336.0
2022-10-30,2022-11-05,Health,831809.0,8587.0
2022-11-06,2022-11-12,Health,747046.0,8026.0
2022-11-13,2022-11-19,Health,683334.0,7308.0
2022-11-20,2022-11-26,Health,625283.0,6541.0
2022-11-27,2022-12-03,Health,843075.0,8020.0
2022-12-04,2022-12-10,Health,703880.0,7153.0
2022-12-11,2022-12-17,Health,691533.0,7209.0
2022-12-18,2022-12-24,Health,641668.0,6751.0
2022-12-25,2022-12-31,Health,856887.0,7980.0
2023-01-01,2023-01-07,Health,718576.0,7309.0
2023-01-08,2023-01-14,Health,703248.0,7346.0
2023-01-15,2023-01-21,Health,652294.0,6997.0
2023-01-22,2023-01-28,Health,666163.0,6810.0
2023-01-29,2023-02-04,Health,822762.0,8414.0
2023-02-05,2023-02-11,Health,749579.0,7947.0
2023-02-12,2023-02-18,Health,700312.0,7274.0
2023-02-19,2023-02-25,Health,693015.0,6846.0
2023-02-26,2023-03-04,Health,936587.0,8545.0
2023-03-05,2023-03-11,Health,769432.0,7652.0
2023-03-12,2023-03-18,Health,703282.0,7075.0
2023-03-19,2023-03-25,Health,644610.0,6619.0
2023-03-26,2023-04-01,Health,844255.0,7802.0
2023-04-02,2023-04-08,Health,823017.0,7769.0
2023-04-09,2023-04-15,Health,818571.0,7684.0
2023-04-16,2023-04-22,Health,630265.0,6997.0
2023-04-23,2023-04-29,Health,613241.0,7001.0
2023-04-30,2023-05-06,Health,814075.0,8106.0
2023-05-07,2023-05-13,Health,768340.0,7751.0
2023-05-14,2023-05-20,Health,697517.0,7123.0
2023-05-21,2023-05-27,Health,704234.0,7021.0
2023-05-28,2023-06-03,Health,910428.0,8251.0
2023-06-04,2023-06-10,Health,764442.0,7279.0
2023-06-11,2023-06-17,Health,768123.0,7295.0
2023-06-18,2023-06-24,Health,765688.0,7063.0
2023-06-25,2023-07-01,Health,626268.0,6858.0
2023-07-02,2023-07-08,Health,723417.0,7230.0
2023-07-09,2023-07-15,Health,732797.0,7205.0
2023-07-16,2023-07-22,Health,672303.0,6572.0
2023-07-23,2023-07-29,Health,781196.0,7254.0
2023-07-30,2023-08-05,Health,798563.0,7560.0
2023-08-06,2023-08-12,Health,743636.0,7250.0
2023-08-13,2023-08-19,Health,683766.0,6786.0
2023-08-20,2023-08-26,Health,666400.0,6558.0
2023-08-27,2023-09-02,Health,886942.0,8289.0
2023-09-03,2023-09-09,Health,775907.0,7847.0
2023-09-10,2023-09-16,Health,778491.0,7927.0
2023-09-17,2023-09-23,Health,730446.0,7156.0
2023-09-24,2023-09-30,Health,976856.0,8688.0
2023-10-01,2023-10-07,Health,830467.0,8558.0
2023-10-08,2023-10-14,Health,777856.0,8470.0
2023-10-15,2023-10-21,Health,703279.0,7790.0
2023-10-22,2023-10-28,Health,804938.0,8280.0
2023-10-29,2023-11-04,Health,812987.0,8314.0
2023-11-05,2023-11-11,Health,744996.0,7832.0
2023-11-12,2023-11-18,Health,681628.0,7229.0
2023-11-19,2023-11-25,Health,633053.0,6651.0
2023-11-26,2023-12-02,Health,900845.0,8590.0
2023-12-03,2023-12-09,Health,762963.0,7901.0
2023-12-10,2023-12-16,Health,740139.0,7980.0
2023-12-17,2023-12-23,Health,684349.0,7409.0
2023-12-24,2023-12-30,Health,877607.0,8543.0
2023-12-31,2024-01-06,Health,833323.0,8477.0
2024-01-07,2024-01-13,Health,751817.0,8078.0
2024-01-14,2024-01-20,Health,694442.0,7366.0
2024-01-21,2024-01-27,Health,693498.0,7236.0
2024-01-28,2024-02-03,Health,890795.0,8732.0
2024-02-04,2024-02-10,Health,743960.0,7770.0
2024-02-11,2024-02-17,Health,743754.0,7644.0
2024-02-18,2024-02-24,Health,719517.0,7050.0
2024-02-25,2024-03-02,Health,945208.0,8543.0
2024-03-03,2024-03-09,Health,805557.0,7936.0
2024-03-10,2024-03-16,Health,693529.0,7248.0
2024-03-17,2024-03-23,Health,726877.0,7166.0
2024-03-24,2024-03-30,Health,875285.0,7871.0
2024-03-31,2024-04-06,Health,954186.0,8976.0
2024-04-07,2024-04-13,Health,516859.0,6979.0
2024-04-14,2024-04-20,Health,651763.0,7408.0
2024-04-21,2024-04-27,Health,706733.0,7383.0
2024-04-28,2024-05-04,Health,945859.0,8941.0
2024-05-05,2024-05-11,Health,830953.0,8365.0
2024-05-12,2024-05-18,Health,767137.0,7660.0
2024-05-19,2024-05-25,Health,720518.0,7067.0
2024-05-26,2024-06-01,Health,965442.0,8579.0
2024-06-02,2024-06-08,Health,851939.0,7917.0
2024-06-09,2024-06-15,Health,799149.0,7965.0
2024-06-16,2024-06-22,Health,432629.0,5373.0
2024-06-23,2024-06-29,Health,801254.0,7519.0
2024-06-30,2024-07-06,Health,855868.0,8038.0
2024-07-07,2024-07-13,Health,775298.0,7571.0
2024-07-14,2024-07-20,Health,696385.0,6882.0
2024-07-21,2024-07-27,Health,706348.0,6851.0
2024-07-28,2024-08-03,Health,897305.0,8206.0
2024-08-04,2024-08-10,Health,766369.0,7456.0
2024-08-11,2024-08-17,Health,744390.0,7403.0
2024-08-18,2024-08-24,Health,673098.0,6700.0
2024-08-25,2024-08-31,Health,870547.0,8222.0
2024-09-01,2024-09-07,Health,874802.0,8657.0
2024-09-08,2024-09-14,Health,837095.0,8387.0
2024-09-15,2024-09-21,Health,802827.0,7685.0
2024-09-22,2024-09-28,Health,896293.0,8219.0
2024-09-29,2024-10-05,Health,922640.0,8789.0
2024-10-06,2024-10-12,Health,814879.0,8344.0
2024-10-13,2024-10-19,Health,743324.0,7808.0
2024-10-20,2024-10-26,Health,710093.0,7417.0
2024-10-27,2024-11-02,Health,933429.0,8843.0
2024-11-03,2024-11-09,Health,798210.0,8040.0
2024-11-10,2024-11-16,Health,765856.0,7856.0
2024-11-17,2024-11-23,Health,710026.0,7278.0
2024-11-24,2024-11-30,Health,862034.0,8228.0
2024-12-01,2024-12-07,Health,867531.0,8743.0
2024-12-08,2024-12-14,Health,791090.0,8401.0
2024-12-15,2024-12-21,Health,733055.0,7746.0
2024-12-22,2024-12-28,Health,853558.0,8428.0
2024-12-29,2025-01-04,Health,911040.0,9203.0
2025-01-05,2025-01-11,Health,812434.0,8722.0
2025-01-12,2025-01-18,Health,764030.0,8114.0
2025-01-19,2025-01-25,Health,723221.0,7561.0
2025-01-26,2025-02-01,Health,951535.0,9338.0
2025-02-02,2025-02-08,Health,857333.0,8784.0
2025-02-09,2025-02-15,Health,808336.0,8176.0
2025-02-16,2025-02-22,Health,749698.0,7331.0
2025-02-23,2025-03-01,Health,940312.0,8334.0
2025-03-02,2025-03-08,Health,812015.0,7678.0
2025-03-09,2025-03-15,Health,837288.0,7690.0
2025-03-16,2025-03-22,Health,862122.0,7698.0
2025-03-23,2025-03-29,Health,976596.0,9569.0
2025-03-30,2025-04-05,Health,476152.0,6521.0
2025-04-06,2025-04-12,Health,778096.0,8173.0
2025-04-13,2025-04-19,Health,758183.0,7731.0
2025-04-20,2025-04-26,Health,732047.0,7325.0
2025-04-27,2025-05-03,Health,953366.0,9030.0
2025-05-04,2025-05-10,Health,830128.0,8207.0
2025-05-11,2025-05-17,Health,790199.0,7834.0
2025-05-18,2025-05-24,Health,742224.0,7205.0
2025-05-25,2025-05-31,Health,952880.0,8512.0
2025-06-01,2025-06-07,Health,743947.0,7771.0
2025-06-08,2025-06-14,Health,610075.0,6982.0
2025-06-15,2025-06-21,Health,712587.0,7061.0
2025-06-22,2025-06-28,Health,839976.0,7604.0
2025-06-29,2025-07-05,Health,871370.0,8002.0
2025-07-06,2025-07-12,Health,805092.0,7637.0
2025-09-21,2025-09-27,Health,843867.0,9080.0
2025-09-28,2025-10-04,Health,1062423.0,11241.0
2025-10-05,2025-10-11,Health,885506.0,10379.0
2025-10-12,2025-10-18,Health,818667.0,9877.0
2025-10-19,2025-10-25,Health,774100.0,9466.0
2025-10-26,2025-11-01,Health,1017132.0,11847.0
2025-11-02,2025-11-08,Health,891720.0,10683.0
2025-11-09,2025-11-15,Health,839697.0,10117.0
2025-11-16,2025-11-22,Health,780007.0,9368.0
2025-11-23,2025-11-29,Health,862837.0,10093.0
2025-11-30,2025-12-06,Health,871872.0,10034.0
2025-12-07,2025-12-13,Health,809856.0,9693.0
2025-12-14,2025-12-20,Health,726592.0,8632.0
2025-12-21,2025-12-27,Health,776023.0,8984.0
2025-12-28,2026-01-03,Health,992502.0,10925.0
2026-01-04,2026-01-10,Health,863454.0,10070.0
2026-01-11,2026-01-17,Health,823640.0,9833.0
2026-01-18,2026-01-24,Health,753088.0,8771.0
2026-01-25,2026-01-31,Health,910544.0,10288.0
2026-02-01,2026-02-07,Health,919762.0,10581.0
2026-02-08,2026-02-14,Health,885678.0,10235.0
2026-02-15,2026-02-21,Health,781966.0,9115.0
2026-02-22,2026-02-28,Health,899673.0,9714.0
2026-03-01,2026-03-07,Health,972154.0,10126.0
2026-03-08,2026-03-14,Health,946300.0,9851.0
2026-03-15,2026-03-21,Health,823826.0,11013.0
2026-04-05,2026-04-11,Health,891879.0,10085.0
2026-04-12,2026-04-18,Health,822362.0,9513.0
2026-04-19,2026-04-25,Health,784026.0,9006.0
2026-04-26,2026-05-02,Health,1021256.0,11258.0
2026-05-03,2026-05-09,Health,929042.0,10243.0
2026-05-10,2026-05-16,Health,895661.0,10125.0
2026-05-17,2026-05-23,Health,886526.0,9370.0
2026-05-24,2026-05-30,Health,719981.0,10089.0
2026-05-31,2026-06-06,Health,860376.0,9737.0
2026-06-07,2026-06-13,Health,846143.0,9301.0
2026-06-14,2026-06-20,Health,788881.0,8603.0
2026-06-21,2026-06-27,Health,791241.0,8584.0
2026-06-28,2026-07-04,Health,1043271.0,11047.0
2026-07-05,2026-07-11,Health,901449.0,9987.0
2026-07-12,2026-07-18,Health,821074.0,9271.0
2026-07-19,2026-07-25,Health,761026.0,8704.0
2026-07-26,2026-08-01,Health,983832.0,10863.0
2026-08-02,2026-08-08,Health,886156.0,10055.0
2020-05-10,2020-05-16,Hotels,19013.0,57.0
2020-05-17,2020-05-23,Hotels,20382.0,56.0
2020-05-24,2020-05-30,Hotels,26568.0,79.0
2020-05-31,2020-06-06,Hotels,56435.0,160.0
2020-06-07,2020-06-13,Hotels,48959.0,149.0
2020-06-14,2020-06-20,Hotels,51276.0,151.0
2020-06-20,2020-06-26,Hotels,73171.0,208.0
2020-06-28,2020-07-04,Hotels,110620.0,290.0
2020-07-05,2020-07-11,Hotels,103046.0,290.0
2020-07-12,2020-07-18,Hotels,105487.0,292.0
2020-07-19,2020-07-25,Hotels,107528.0,285.0
2020-07-26,2020-08-01,Hotels,139954.0,330.0
2020-08-02,2020-08-08,Hotels,158797.0,390.0
2020-08-09,2020-08-15,Hotels,149120.0,382.0
2020-08-16,2020-08-22,Hotels,136265.0,354.0
2020-08-23,2020-08-29,Hotels,134373.0,370.0
2020-08-30,2020-09-05,Hotels,129820.0,371.0
2020-09-06,2020-09-12,Hotels,110850.0,328.0
2020-09-13,2020-09-19,Hotels,106134.0,308.0
2020-09-20,2020-09-26,Hotels,160396.0,399.0
2020-09-27,2020-10-03,Hotels,138949.0,388.0
2020-10-04,2020-10-10,Hotels,124001.0,360.0
2020-10-11,2020-10-17,Hotels,123702.0,345.0
2020-10-18,2020-10-24,Hotels,119286.0,334.0
2020-10-25,2020-10-31,Hotels,152971.0,417.0
2020-11-01,2020-11-07,Hotels,145742.0,405.0
2020-11-08,2020-11-14,Hotels,139943.0,386.0
2020-11-15,2020-11-21,Hotels,134754.0,365.0
2020-11-22,2020-11-28,Hotels,145654.0,399.0
2020-11-29,2020-12-05,Hotels,155785.0,425.0
2020-12-06,2020-12-12,Hotels,138968.0,397.0
2020-12-13,2020-12-19,Hotels,133566.0,363.0
2020-12-20,2020-12-26,Hotels,129766.0,363.0
2020-12-27,2021-01-02,Hotels,242231.0,554.0
2021-01-03,2021-01-09,Hotels,276711.0,611.0
2021-01-10,2021-01-16,Hotels,233742.0,572.0
2021-01-17,2021-01-23,Hotels,154641.0,409.0
2021-01-24,2021-01-30,Hotels,169907.0,467.0
2021-01-31,2021-02-06,Hotels,149692.0,415.0
2021-02-07,2021-02-13,Hotels,110421.0,315.0
2021-02-14,2021-02-20,Hotels,106365.0,300.0
2021-02-21,2021-02-27,Hotels,104147.0,289.0
2021-02-28,2021-03-06,Hotels,136032.0,377.0
2021-03-07,2021-03-13,Hotels,125254.0,414.0
2021-03-14,2021-03-20,Hotels,115760.0,411.0
2021-03-21,2021-03-27,Hotels,129436.0,420.0
2021-03-28,2021-04-03,Hotels,176979.0,512.0
2021-04-04,2021-04-10,Hotels,160927.0,475.0
2021-04-11,2021-04-17,Hotels,84385.0,231.0
2021-04-18,2021-04-24,Hotels,102057.0,249.0
2021-04-25,2021-05-01,Hotels,158440.0,374.0
2021-05-02,2021-05-08,Hotels,196858.0,380.0
2021-05-09,2021-05-15,Hotels,199334.0,420.0
2021-05-16,2021-05-22,Hotels,176843.0,487.0
2021-05-23,2021-05-29,Hotels,191815.0,555.0
2021-05-30,2021-06-05,Hotels,206897.0,606.0
2021-06-06,2021-06-12,Hotels,194674.0,573.0
2021-06-13,2021-06-19,Hotels,187690.0,523.0
2021-06-20,2021-06-26,Hotels,186777.0,521.0
2021-06-27,2021-07-03,Hotels,222927.0,625.0
2021-07-04,2021-07-10,Hotels,191875.0,564.0
2021-07-11,2021-07-17,Hotels,171183.0,485.0
2021-07-18,2021-07-24,Hotels,183016.0,455.0
2021-07-25,2021-07-31,Hotels,206007.0,592.0
2021-08-01,2021-08-07,Hotels,216062.0,625.0
2021-08-08,2021-08-14,Hotels,195788.0,575.0
2021-08-15,2021-08-21,Hotels,178110.0,518.0
2021-08-22,2021-08-28,Hotels,178602.0,548.0
2021-08-29,2021-09-04,Hotels,152914.0,497.0
2021-09-05,2021-09-11,Hotels,140497.0,466.0
2021-09-12,2021-09-18,Hotels,132762.0,433.0
2021-09-19,2021-09-25,Hotels,195257.0,545.0
2021-09-26,2021-10-02,Hotels,167231.0,510.0
2021-10-03,2021-10-09,Hotels,156809.0,490.0
2021-10-10,2021-10-16,Hotels,194602.0,546.0
2021-10-17,2021-10-23,Hotels,171004.0,486.0
2021-10-24,2021-10-30,Hotels,186722.0,513.0
2021-10-31,2021-11-06,Hotels,199161.0,552.0
2021-11-07,2021-11-13,Hotels,163160.0,473.0
2021-11-14,2021-11-20,Hotels,152349.0,427.0
2021-11-21,2021-11-27,Hotels,242563.0,556.0
2021-11-28,2021-12-04,Hotels,329829.0,770.0
2021-12-05,2021-12-11,Hotels,195217.0,515.0
2021-12-12,2021-12-18,Hotels,199172.0,492.0
2021-12-19,2021-12-25,Hotels,180269.0,444.0
2021-12-26,2022-01-01,Hotels,204489.0,533.0
2022-01-02,2022-01-08,Hotels,216777.0,531.0
2022-01-09,2022-01-15,Hotels,258316.0,636.0
2022-01-16,2022-01-22,Hotels,156025.0,422.0
2022-01-23,2022-01-29,Hotels,170699.0,456.0
2022-01-30,2022-02-05,Hotels,221878.0,566.0
2022-02-06,2022-02-12,Hotels,168531.0,464.0
2022-02-13,2022-02-19,Hotels,174808.0,459.0
2022-02-20,2022-02-26,Hotels,237394.0,574.0
2022-02-27,2022-03-05,Hotels,217707.0,548.0
2022-03-06,2022-03-12,Hotels,256458.0,586.0
2022-03-13,2022-03-19,Hotels,304423.0,717.0
2022-03-20,2022-03-26,Hotels,228367.0,543.0
2022-03-27,2022-04-02,Hotels,248490.0,558.0
2022-04-03,2022-04-09,Hotels,253422.0,393.0
2022-04-10,2022-04-16,Hotels,302368.0,471.0
2022-04-17,2022-04-23,Hotels,343129.0,484.0
2022-04-24,2022-04-30,Hotels,339527.0,554.0
2022-05-01,2022-05-07,Hotels,298560.0,691.0
2022-05-08,2022-05-14,Hotels,185606.0,518.0
2022-05-15,2022-05-21,Hotels,183273.0,495.0
2022-05-22,2022-05-28,Hotels,248927.0,672.0
2022-05-29,2022-06-04,Hotels,186850.0,548.0
2022-06-05,2022-06-11,Hotels,174773.0,528.0
2022-06-12,2022-06-18,Hotels,189550.0,551.0
2022-06-19,2022-06-25,Hotels,153798.0,451.0
2022-06-26,2022-07-02,Hotels,191654.0,559.0
2022-07-03,2022-07-09,Hotels,191990.0,507.0
2022-07-10,2022-07-16,Hotels,205853.0,602.0
2022-07-17,2022-07-23,Hotels,186060.0,550.0
2022-07-24,2022-07-30,Hotels,248933.0,724.0
2022-07-31,2022-08-06,Hotels,269055.0,747.0
2022-08-07,2022-08-13,Hotels,293602.0,800.0
2022-08-14,2022-08-20,Hotels,303486.0,793.0
2022-08-21,2022-08-27,Hotels,252718.0,694.0
2022-08-28,2022-09-03,Hotels,219165.0,628.0
2022-09-04,2022-09-10,Hotels,192639.0,538.0
2022-09-11,2022-09-17,Hotels,194114.0,515.0
2022-09-18,2022-09-24,Hotels,239057.0,604.0
2022-09-25,2022-10-01,Hotels,215900.0,562.0
2022-10-02,2022-10-08,Hotels,211598.0,554.0
2022-10-09,2022-10-15,Hotels,251188.0,620.0
2022-10-16,2022-10-22,Hotels,225013.0,540.0
2022-10-23,2022-10-29,Hotels,247330.0,569.0
2022-10-30,2022-11-05,Hotels,235091.0,572.0
2022-11-06,2022-11-12,Hotels,238609.0,583.0
2022-11-13,2022-11-19,Hotels,222073.0,518.0
2022-11-20,2022-11-26,Hotels,282839.0,613.0
2022-11-27,2022-12-03,Hotels,382031.0,879.0
2022-12-04,2022-12-10,Hotels,258057.0,600.0
2022-12-11,2022-12-17,Hotels,272998.0,597.0
2022-12-18,2022-12-24,Hotels,260559.0,517.0
2022-12-25,2022-12-31,Hotels,285059.0,600.0
2023-01-01,2023-01-07,Hotels,242118.0,537.0
2023-01-08,2023-01-14,Hotels,293546.0,604.0
2023-01-15,2023-01-21,Hotels,271801.0,563.0
2023-01-22,2023-01-28,Hotels,259339.0,541.0
2023-01-29,2023-02-04,Hotels,299369.0,634.0
2023-02-05,2023-02-11,Hotels,302787.0,612.0
2023-02-12,2023-02-18,Hotels,288279.0,575.0
2023-02-19,2023-02-25,Hotels,293676.0,586.0
2023-02-26,2023-03-04,Hotels,357803.0,723.0
2023-03-05,2023-03-11,Hotels,388748.0,845.0
2023-03-12,2023-03-18,Hotels,316787.0,652.0
2023-03-19,2023-03-25,Hotels,265474.0,449.0
2023-03-26,2023-04-01,Hotels,322037.0,509.0
2023-04-02,2023-04-08,Hotels,340487.0,556.0
2023-04-09,2023-04-15,Hotels,385459.0,560.0
2023-04-16,2023-04-22,Hotels,315922.0,570.0
2023-04-23,2023-04-29,Hotels,280707.0,739.0
2023-04-30,2023-05-06,Hotels,235641.0,627.0
2023-05-07,2023-05-13,Hotels,241236.0,640.0
2023-05-14,2023-05-20,Hotels,232179.0,588.0
2023-05-21,2023-05-27,Hotels,262771.0,673.0
2023-05-28,2023-06-03,Hotels,252288.0,727.0
2023-06-04,2023-06-10,Hotels,195574.0,578.0
2023-06-11,2023-06-17,Hotels,183853.0,563.0
2023-06-18,2023-06-24,Hotels,197497.0,534.0
2023-06-25,2023-07-01,Hotels,214344.0,641.0
2023-07-02,2023-07-08,Hotels,217284.0,673.0
2023-07-09,2023-07-15,Hotels,233435.0,726.0
2023-07-16,2023-07-22,Hotels,254943.0,708.0
2023-07-23,2023-07-29,Hotels,298321.0,809.0
2023-07-30,2023-08-05,Hotels,356209.0,958.0
2023-08-06,2023-08-12,Hotels,335924.0,908.0
2023-08-13,2023-08-19,Hotels,272285.0,741.0
2023-08-20,2023-08-26,Hotels,222721.0,597.0
2023-08-27,2023-09-02,Hotels,240119.0,677.0
2023-09-03,2023-09-09,Hotels,237942.0,628.0
2023-09-10,2023-09-16,Hotels,243240.0,623.0
2023-09-17,2023-09-23,Hotels,252371.0,657.0
2023-09-24,2023-09-30,Hotels,261534.0,667.0
2023-10-01,2023-10-07,Hotels,257468.0,656.0
2023-10-08,2023-10-14,Hotels,253489.0,637.0
2023-10-15,2023-10-21,Hotels,265073.0,597.0
2023-10-22,2023-10-28,Hotels,311182.0,683.0
2023-10-29,2023-11-04,Hotels,297207.0,724.0
2023-11-05,2023-11-11,Hotels,254455.0,626.0
2023-11-12,2023-11-18,Hotels,348688.0,713.0
2023-11-19,2023-11-25,Hotels,398566.0,842.0
2023-11-26,2023-12-02,Hotels,322139.0,752.0
2023-12-03,2023-12-09,Hotels,291335.0,675.0
2023-12-10,2023-12-16,Hotels,321147.0,705.0
2023-12-17,2023-12-23,Hotels,320493.0,621.0
2023-12-24,2023-12-30,Hotels,344760.0,702.0
2023-12-31,2024-01-06,Hotels,373024.0,784.0
2024-01-07,2024-01-13,Hotels,414964.0,932.0
2024-01-14,2024-01-20,Hotels,302796.0,637.0
2024-01-21,2024-01-27,Hotels,326063.0,693.0
2024-01-28,2024-02-03,Hotels,351320.0,753.0
2024-02-04,2024-02-10,Hotels,336374.0,688.0
2024-02-11,2024-02-17,Hotels,317115.0,660.0
2024-02-18,2024-02-24,Hotels,373474.0,744.0
2024-02-25,2024-03-02,Hotels,432248.0,911.0
2024-03-03,2024-03-09,Hotels,358373.0,735.0
2024-03-10,2024-03-16,Hotels,271299.0,467.0
2024-03-17,2024-03-23,Hotels,307124.0,549.0
2024-03-24,2024-03-30,Hotels,362942.0,633.0
2024-03-31,2024-04-06,Hotels,398742.0,672.0
2024-04-07,2024-04-13,Hotels,328661.0,723.0
2024-04-14,2024-04-20,Hotels,237556.0,598.0
2024-04-21,2024-04-27,Hotels,261263.0,621.0
2024-04-28,2024-05-04,Hotels,324853.0,823.0
2024-05-05,2024-05-11,Hotels,264559.0,707.0
2024-05-12,2024-05-18,Hotels,254881.0,657.0
2024-05-19,2024-05-25,Hotels,227139.0,592.0
2024-05-26,2024-06-01,Hotels,214587.0,654.0
2024-06-02,2024-06-08,Hotels,192351.0,588.0
2024-06-09,2024-06-15,Hotels,201783.0,588.0
2024-06-16,2024-06-22,Hotels,191394.0,618.0
2024-06-23,2024-06-29,Hotels,220379.0,675.0
2024-06-30,2024-07-06,Hotels,260245.0,794.0
2024-07-07,2024-07-13,Hotels,269636.0,803.0
2024-07-14,2024-07-20,Hotels,270268.0,770.0
2024-07-21,2024-07-27,Hotels,293646.0,809.0
2024-07-28,2024-08-03,Hotels,351598.0,989.0
2024-08-04,2024-08-10,Hotels,317705.0,889.0
2024-08-11,2024-08-17,Hotels,267059.0,764.0
2024-08-18,2024-08-24,Hotels,224627.0,608.0
2024-08-25,2024-08-31,Hotels,238306.0,671.0
2024-09-01,2024-09-07,Hotels,245355.0,671.0
2024-09-08,2024-09-14,Hotels,247434.0,656.0
2024-09-15,2024-09-21,Hotels,292429.0,732.0
2024-09-22,2024-09-28,Hotels,238909.0,674.0
2024-09-29,2024-10-05,Hotels,264287.0,694.0
2024-10-06,2024-10-12,Hotels,270756.0,690.0
2024-10-13,2024-10-19,Hotels,293870.0,714.0
2024-10-20,2024-10-26,Hotels,293789.0,645.0
2024-10-27,2024-11-02,Hotels,328481.0,728.0
2024-11-03,2024-11-09,Hotels,358874.0,786.0
2024-11-10,2024-11-16,Hotels,399754.0,948.0
2024-11-17,2024-11-23,Hotels,305632.0,652.0
2024-11-24,2024-11-30,Hotels,324642.0,714.0
2024-12-01,2024-12-07,Hotels,316305.0,703.0
2024-12-08,2024-12-14,Hotels,349289.0,770.0
2024-12-15,2024-12-21,Hotels,325443.0,623.0
2024-12-22,2024-12-28,Hotels,348101.0,664.0
2024-12-29,2025-01-04,Hotels,400693.0,796.0
2025-01-05,2025-01-11,Hotels,405292.0,895.0
2025-01-12,2025-01-18,Hotels,324454.0,662.0
2025-01-19,2025-01-25,Hotels,317737.0,630.0
2025-01-26,2025-02-01,Hotels,358202.0,757.0
2025-02-02,2025-02-08,Hotels,357064.0,724.0
2025-02-09,2025-02-15,Hotels,359803.0,711.0
2025-02-16,2025-02-22,Hotels,367052.0,723.0
2025-02-23,2025-03-01,Hotels,365247.0,737.0
2025-03-02,2025-03-08,Hotels,296121.0,540.0
2025-03-09,2025-03-15,Hotels,352694.0,649.0
2025-03-16,2025-03-22,Hotels,440048.0,669.0
2025-03-23,2025-03-29,Hotels,409234.0,711.0
2025-03-30,2025-04-05,Hotels,369475.0,903.0
2025-04-06,2025-04-12,Hotels,288641.0,662.0
2025-04-13,2025-04-19,Hotels,295012.0,677.0
2025-04-20,2025-04-26,Hotels,254681.0,641.0
2025-04-27,2025-05-03,Hotels,306090.0,828.0
2025-05-04,2025-05-10,Hotels,266552.0,774.0
2025-05-11,2025-05-17,Hotels,218217.0,619.0
2025-05-18,2025-05-24,Hotels,190475.0,574.0
2025-05-25,2025-05-31,Hotels,207597.0,652.0
2025-06-01,2025-06-07,Hotels,197582.0,616.0
2025-06-08,2025-06-14,Hotels,182260.0,652.0
2025-06-15,2025-06-21,Hotels,165650.0,538.0
2025-06-22,2025-06-28,Hotels,212495.0,680.0
2025-06-29,2025-07-05,Hotels,260741.0,802.0
2025-07-06,2025-07-12,Hotels,281566.0,839.0
2025-09-21,2025-09-27,Hotels,233055.0,662.0
2025-09-28,2025-10-04,Hotels,288574.0,769.0
2025-10-05,2025-10-11,Hotels,307778.0,816.0
2025-10-12,2025-10-18,Hotels,297597.0,714.0
2025-10-19,2025-10-25,Hotels,311201.0,689.0
2025-10-26,2025-11-01,Hotels,376005.0,841.0
2025-11-02,2025-11-08,Hotels,312937.0,763.0
2025-11-09,2025-11-15,Hotels,318793.0,745.0
2025-11-16,2025-11-22,Hotels,381978.0,809.0
2025-11-23,2025-11-29,Hotels,445166.0,1045.0
2025-11-30,2025-12-06,Hotels,335976.0,773.0
2025-12-07,2025-12-13,Hotels,373541.0,863.0
2025-12-14,2025-12-20,Hotels,346344.0,726.0
2025-12-21,2025-12-27,Hotels,372273.0,730.0
2025-12-28,2026-01-03,Hotels,396098.0,850.0
2026-01-04,2026-01-10,Hotels,399615.0,864.0
2026-01-11,2026-01-17,Hotels,455695.0,1028.0
2026-01-18,2026-01-24,Hotels,351046.0,760.0
2026-01-25,2026-01-31,Hotels,377098.0,848.0
2026-02-01,2026-02-07,Hotels,392346.0,851.0
2026-02-08,2026-02-14,Hotels,380911.0,837.0
2026-02-15,2026-02-21,Hotels,338556.0,636.0
2026-02-22,2026-02-28,Hotels,376259.0,662.0
2026-03-01,2026-03-07,Hotels,334829.0,711.0
2026-03-08,2026-03-14,Hotels,449830.0,724.0
2026-03-15,2026-03-21,Hotels,362386.0,747.0
2026-04-05,2026-04-11,Hotels,215178.0,719.0
2026-04-12,2026-04-18,Hotels,236518.0,711.0
2026-04-19,2026-04-25,Hotels,331951.0,859.0
2026-04-26,2026-05-02,Hotels,355192.0,956.0
2026-05-03,2026-05-09,Hotels,185887.0,691.0
2026-05-10,2026-05-16,Hotels,177030.0,674.0
2026-05-17,2026-05-23,Hotels,193306.0,662.0
2026-05-24,2026-05-30,Hotels,263090.0,835.0
2026-05-31,2026-06-06,Hotels,195939.0,691.0
2026-06-07,2026-06-13,Hotels,188145.0,648.0
2026-06-14,2026-06-20,Hotels,197381.0,635.0
2026-06-21,2026-06-27,Hotels,231429.0,706.0
2026-06-28,2026-07-04,Hotels,307245.0,965.0
2026-07-05,2026-07-11,Hotels,306208.0,959.0
2026-07-12,2026-07-18,Hotels,299180.0,911.0
2026-07-19,2026-07-25,Hotels,295330.0,885.0
2026-07-26,2026-08-01,Hotels,367627.0,1106.0
2026-08-02,2026-08-08,Hotels,363661.0,1111.0
2020-05-10,2020-05-16,Jewelry,270171.0,188.0
2020-05-17,2020-05-23,Jewelry,336817.0,252.0
2020-05-24,2020-05-30,Jewelry,90997.0,73.0
2020-05-31,2020-06-06,Jewelry,374139.0,218.0
2020-06-07,2020-06-13,Jewelry,335823.0,183.0
2020-06-14,2020-06-20,Jewelry,373346.0,187.0
2020-06-20,2020-06-26,Jewelry,564100.0,268.0
2020-06-28,2020-07-04,Jewelry,636993.0,331.0
2020-07-05,2020-07-11,Jewelry,179706.0,165.0
2020-07-12,2020-07-18,Jewelry,178154.0,156.0
2020-07-19,2020-07-25,Jewelry,199064.0,168.0
2020-07-26,2020-08-01,Jewelry,265168.0,271.0
2020-08-02,2020-08-08,Jewelry,163295.0,143.0
2020-08-09,2020-08-15,Jewelry,158556.0,141.0
2020-08-16,2020-08-22,Jewelry,148802.0,128.0
2020-08-23,2020-08-29,Jewelry,166290.0,147.0
2020-08-30,2020-09-05,Jewelry,177305.0,165.0
2020-09-06,2020-09-12,Jewelry,164928.0,148.0
2020-09-13,2020-09-19,Jewelry,167825.0,148.0
2020-09-20,2020-09-26,Jewelry,206555.0,183.0
2020-09-27,2020-10-03,Jewelry,222079.0,198.0
2020-10-04,2020-10-10,Jewelry,194720.0,165.0
2020-10-11,2020-10-17,Jewelry,176059.0,148.0
2020-10-18,2020-10-24,Jewelry,181507.0,140.0
2020-10-25,2020-10-31,Jewelry,225587.0,196.0
2020-11-01,2020-11-07,Jewelry,212215.0,179.0
2020-11-08,2020-11-14,Jewelry,214359.0,169.0
2020-11-15,2020-11-21,Jewelry,188254.0,153.0
2020-11-22,2020-11-28,Jewelry,228531.0,183.0
2020-11-29,2020-12-05,Jewelry,251871.0,204.0
2020-12-06,2020-12-12,Jewelry,218716.0,181.0
2020-12-13,2020-12-19,Jewelry,211729.0,164.0
2020-12-20,2020-12-26,Jewelry,220907.0,172.0
2020-12-27,2021-01-02,Jewelry,337288.0,286.0
2021-01-03,2021-01-09,Jewelry,263467.0,214.0
2021-01-10,2021-01-16,Jewelry,239481.0,187.0
2021-01-17,2021-01-23,Jewelry,203617.0,149.0
2021-01-24,2021-01-30,Jewelry,249663.0,197.0
2021-01-31,2021-02-06,Jewelry,251377.0,188.0
2021-02-07,2021-02-13,Jewelry,251217.0,180.0
2021-02-14,2021-02-20,Jewelry,262875.0,175.0
2021-02-21,2021-02-27,Jewelry,235527.0,161.0
2021-02-28,2021-03-06,Jewelry,316740.0,245.0
2021-03-07,2021-03-13,Jewelry,273983.0,208.0
2021-03-14,2021-03-20,Jewelry,309082.0,216.0
2021-03-21,2021-03-27,Jewelry,316174.0,223.0
2021-03-28,2021-04-03,Jewelry,332967.0,255.0
2021-04-04,2021-04-10,Jewelry,288473.0,222.0
2021-04-11,2021-04-17,Jewelry,203850.0,162.0
2021-04-18,2021-04-24,Jewelry,251367.0,187.0
2021-04-25,2021-05-01,Jewelry,459818.0,388.0
2021-05-02,2021-05-08,Jewelry,581110.0,495.0
2021-05-09,2021-05-15,Jewelry,482454.0,428.0
2021-05-16,2021-05-22,Jewelry,198973.0,160.0
2021-05-23,2021-05-29,Jewelry,226529.0,204.0
2021-05-30,2021-06-05,Jewelry,243969.0,221.0
2021-06-06,2021-06-12,Jewelry,225706.0,203.0
2021-06-13,2021-06-19,Jewelry,232403.0,190.0
2021-06-20,2021-06-26,Jewelry,250705.0,195.0
2021-06-27,2021-07-03,Jewelry,297066.0,257.0
2021-07-04,2021-07-10,Jewelry,255585.0,223.0
2021-07-11,2021-07-17,Jewelry,266033.0,254.0
2021-07-18,2021-07-24,Jewelry,157185.0,164.0
2021-07-25,2021-07-31,Jewelry,227054.0,217.0
2021-08-01,2021-08-07,Jewelry,219270.0,206.0
2021-08-08,2021-08-14,Jewelry,231872.0,196.0
2021-08-15,2021-08-21,Jewelry,177340.0,164.0
2021-08-22,2021-08-28,Jewelry,193782.0,195.0
2021-08-29,2021-09-04,Jewelry,188871.0,193.0
2021-09-05,2021-09-11,Jewelry,185381.0,185.0
2021-09-12,2021-09-18,Jewelry,188440.0,179.0
2021-09-19,2021-09-25,Jewelry,197281.0,196.0
2021-09-26,2021-10-02,Jewelry,230814.0,238.0
2021-10-03,2021-10-09,Jewelry,201373.0,208.0
2021-10-10,2021-10-16,Jewelry,192578.0,188.0
2021-10-17,2021-10-23,Jewelry,185021.0,172.0
2021-10-24,2021-10-30,Jewelry,207017.0,211.0
2021-10-31,2021-11-06,Jewelry,224224.0,214.0
2021-11-07,2021-11-13,Jewelry,183387.0,177.0
2021-11-14,2021-11-20,Jewelry,169148.0,157.0
2021-11-21,2021-11-27,Jewelry,217985.0,192.0
2021-11-28,2021-12-04,Jewelry,273506.0,259.0
2021-12-05,2021-12-11,Jewelry,210256.0,198.0
2021-12-12,2021-12-18,Jewelry,198677.0,171.0
2021-12-19,2021-12-25,Jewelry,191621.0,154.0
2021-12-26,2022-01-01,Jewelry,248883.0,231.0
2022-01-02,2022-01-08,Jewelry,238341.0,219.0
2022-01-09,2022-01-15,Jewelry,206335.0,188.0
2022-01-16,2022-01-22,Jewelry,156228.0,145.0
2022-01-23,2022-01-29,Jewelry,199499.0,184.0
2022-01-30,2022-02-05,Jewelry,229862.0,215.0
2022-02-06,2022-02-12,Jewelry,197189.0,181.0
2022-02-13,2022-02-19,Jewelry,214177.0,185.0
2022-02-20,2022-02-26,Jewelry,183938.0,173.0
2022-02-27,2022-03-05,Jewelry,215972.0,217.0
2022-03-06,2022-03-12,Jewelry,201481.0,198.0
2022-03-13,2022-03-19,Jewelry,218671.0,198.0
2022-03-20,2022-03-26,Jewelry,217054.0,196.0
2022-03-27,2022-04-02,Jewelry,220101.0,226.0
2022-04-03,2022-04-09,Jewelry,201546.0,184.0
2022-04-10,2022-04-16,Jewelry,252077.0,233.0
2022-04-17,2022-04-23,Jewelry,343244.0,301.0
2022-04-24,2022-04-30,Jewelry,759301.0,745.0
2022-05-01,2022-05-07,Jewelry,258215.0,259.0
2022-05-08,2022-05-14,Jewelry,224735.0,177.0
2022-05-15,2022-05-21,Jewelry,209772.0,161.0
2022-05-22,2022-05-28,Jewelry,220243.0,199.0
2022-05-29,2022-06-04,Jewelry,221372.0,212.0
2022-06-05,2022-06-11,Jewelry,216031.0,208.0
2022-06-12,2022-06-18,Jewelry,236366.0,211.0
2022-06-19,2022-06-25,Jewelry,225472.0,200.0
2022-06-26,2022-07-02,Jewelry,320532.0,332.0
2022-07-03,2022-07-09,Jewelry,362725.0,363.0
2022-07-10,2022-07-16,Jewelry,247032.0,204.0
2022-07-17,2022-07-23,Jewelry,284882.0,211.0
2022-07-24,2022-07-30,Jewelry,258433.0,246.0
2022-07-31,2022-08-06,Jewelry,206733.0,214.0
2022-08-07,2022-08-13,Jewelry,173812.0,196.0
2022-08-14,2022-08-20,Jewelry,170818.0,189.0
2022-08-21,2022-08-27,Jewelry,186862.0,196.0
2022-08-28,2022-09-03,Jewelry,228645.0,234.0
2022-09-04,2022-09-10,Jewelry,202704.0,204.0
2022-09-11,2022-09-17,Jewelry,233076.0,214.0
2022-09-18,2022-09-24,Jewelry,248049.0,225.0
2022-09-25,2022-10-01,Jewelry,298218.0,264.0
2022-10-02,2022-10-08,Jewelry,219785.0,225.0
2022-10-09,2022-10-15,Jewelry,223416.0,219.0
2022-10-16,2022-10-22,Jewelry,233964.0,194.0
2022-10-23,2022-10-29,Jewelry,231184.0,224.0
2022-10-30,2022-11-05,Jewelry,225764.0,236.0
2022-11-06,2022-11-12,Jewelry,185811.0,205.0
2022-11-13,2022-11-19,Jewelry,166536.0,185.0
2022-11-20,2022-11-26,Jewelry,179024.0,190.0
2022-11-27,2022-12-03,Jewelry,239611.0,278.0
2022-12-04,2022-12-10,Jewelry,209928.0,210.0
2022-12-11,2022-12-17,Jewelry,195989.0,211.0
2022-12-18,2022-12-24,Jewelry,172448.0,177.0
2022-12-25,2022-12-31,Jewelry,219561.0,235.0
2023-01-01,2023-01-07,Jewelry,177937.0,205.0
2023-01-08,2023-01-14,Jewelry,166885.0,200.0
2023-01-15,2023-01-21,Jewelry,151849.0,174.0
2023-01-22,2023-01-28,Jewelry,151758.0,180.0
2023-01-29,2023-02-04,Jewelry,208015.0,238.0
2023-02-05,2023-02-11,Jewelry,202909.0,223.0
2023-02-12,2023-02-18,Jewelry,233235.0,235.0
2023-02-19,2023-02-25,Jewelry,212522.0,215.0
2023-02-26,2023-03-04,Jewelry,274601.0,298.0
2023-03-05,2023-03-11,Jewelry,253570.0,273.0
2023-03-12,2023-03-18,Jewelry,204724.0,218.0
2023-03-19,2023-03-25,Jewelry,189269.0,190.0
2023-03-26,2023-04-01,Jewelry,251950.0,270.0
2023-04-02,2023-04-08,Jewelry,337657.0,355.0
2023-04-09,2023-04-15,Jewelry,425613.0,448.0
2023-04-16,2023-04-22,Jewelry,498205.0,503.0
2023-04-23,2023-04-29,Jewelry,193692.0,199.0
2023-04-30,2023-05-06,Jewelry,209732.0,217.0
2023-05-07,2023-05-13,Jewelry,196266.0,204.0
2023-05-14,2023-05-20,Jewelry,196416.0,186.0
2023-05-21,2023-05-27,Jewelry,218734.0,205.0
2023-05-28,2023-06-03,Jewelry,268415.0,279.0
2023-06-04,2023-06-10,Jewelry,249387.0,266.0
2023-06-11,2023-06-17,Jewelry,250072.0,266.0
2023-06-18,2023-06-24,Jewelry,300039.0,303.0
2023-06-25,2023-07-01,Jewelry,258742.0,327.0
2023-07-02,2023-07-08,Jewelry,267385.0,260.0
2023-07-09,2023-07-15,Jewelry,197356.0,224.0
2023-07-16,2023-07-22,Jewelry,176609.0,190.0
2023-07-23,2023-07-29,Jewelry,185579.0,216.0
2023-07-30,2023-08-05,Jewelry,219711.0,248.0
2023-08-06,2023-08-12,Jewelry,197470.0,224.0
2023-08-13,2023-08-19,Jewelry,185716.0,192.0
2023-08-20,2023-08-26,Jewelry,171337.0,167.0
2023-08-27,2023-09-02,Jewelry,199220.0,226.0
2023-09-03,2023-09-09,Jewelry,185095.0,208.0
2023-09-10,2023-09-16,Jewelry,184272.0,202.0
2023-09-17,2023-09-23,Jewelry,177324.0,201.0
2023-09-24,2023-09-30,Jewelry,260407.0,244.0
2023-10-01,2023-10-07,Jewelry,338654.0,259.0
2023-10-08,2023-10-14,Jewelry,253313.0,213.0
2023-10-15,2023-10-21,Jewelry,174234.0,173.0
2023-10-22,2023-10-28,Jewelry,182485.0,195.0
2023-10-29,2023-11-04,Jewelry,205052.0,219.0
2023-11-05,2023-11-11,Jewelry,192350.0,199.0
2023-11-12,2023-11-18,Jewelry,191069.0,201.0
2023-11-19,2023-11-25,Jewelry,185735.0,183.0
2023-11-26,2023-12-02,Jewelry,200146.0,231.0
2023-12-03,2023-12-09,Jewelry,184755.0,200.0
2023-12-10,2023-12-16,Jewelry,183183.0,194.0
2023-12-17,2023-12-23,Jewelry,181980.0,168.0
2023-12-24,2023-12-30,Jewelry,243179.0,236.0
2023-12-31,2024-01-06,Jewelry,255947.0,261.0
2024-01-07,2024-01-13,Jewelry,220356.0,233.0
2024-01-14,2024-01-20,Jewelry,191877.0,174.0
2024-01-21,2024-01-27,Jewelry,189456.0,179.0
2024-01-28,2024-02-03,Jewelry,254362.0,244.0
2024-02-04,2024-02-10,Jewelry,230225.0,208.0
2024-02-11,2024-02-17,Jewelry,282474.0,229.0
2024-02-18,2024-02-24,Jewelry,239663.0,209.0
2024-02-25,2024-03-02,Jewelry,287358.0,268.0
2024-03-03,2024-03-09,Jewelry,233972.0,223.0
2024-03-10,2024-03-16,Jewelry,189110.0,167.0
2024-03-17,2024-03-23,Jewelry,302794.0,238.0
2024-03-24,2024-03-30,Jewelry,403931.0,368.0
2024-03-31,2024-04-06,Jewelry,601483.0,594.0
2024-04-07,2024-04-13,Jewelry,375938.0,380.0
2024-04-14,2024-04-20,Jewelry,196125.0,158.0
2024-04-21,2024-04-27,Jewelry,213598.0,165.0
2024-04-28,2024-05-04,Jewelry,278494.0,239.0
2024-05-05,2024-05-11,Jewelry,252507.0,210.0
2024-05-12,2024-05-18,Jewelry,229109.0,193.0
2024-05-19,2024-05-25,Jewelry,224702.0,183.0
2024-05-26,2024-06-01,Jewelry,295559.0,278.0
2024-06-02,2024-06-08,Jewelry,288140.0,275.0
2024-06-09,2024-06-15,Jewelry,337375.0,331.0
2024-06-16,2024-06-22,Jewelry,166697.0,144.0
2024-06-23,2024-06-29,Jewelry,240048.0,206.0
2024-06-30,2024-07-06,Jewelry,231573.0,226.0
2024-07-07,2024-07-13,Jewelry,191719.0,193.0
2024-07-14,2024-07-20,Jewelry,176812.0,160.0
2024-07-21,2024-07-27,Jewelry,209978.0,172.0
2024-07-28,2024-08-03,Jewelry,258589.0,243.0
2024-08-04,2024-08-10,Jewelry,244875.0,212.0
2024-08-11,2024-08-17,Jewelry,209936.0,183.0
2024-08-18,2024-08-24,Jewelry,183177.0,140.0
2024-08-25,2024-08-31,Jewelry,229916.0,198.0
2024-09-01,2024-09-07,Jewelry,247840.0,225.0
2024-09-08,2024-09-14,Jewelry,237990.0,224.0
2024-09-15,2024-09-21,Jewelry,237550.0,226.0
2024-09-22,2024-09-28,Jewelry,243937.0,233.0
2024-09-29,2024-10-05,Jewelry,263504.0,237.0
2024-10-06,2024-10-12,Jewelry,261473.0,216.0
2024-10-13,2024-10-19,Jewelry,233955.0,192.0
2024-10-20,2024-10-26,Jewelry,218327.0,169.0
2024-10-27,2024-11-02,Jewelry,288706.0,239.0
2024-11-03,2024-11-09,Jewelry,358892.0,246.0
2024-11-10,2024-11-16,Jewelry,343681.0,248.0
2024-11-17,2024-11-23,Jewelry,277473.0,188.0
2024-11-24,2024-11-30,Jewelry,266210.0,223.0
2024-12-01,2024-12-07,Jewelry,288130.0,238.0
2024-12-08,2024-12-14,Jewelry,260028.0,215.0
2024-12-15,2024-12-21,Jewelry,249763.0,184.0
2024-12-22,2024-12-28,Jewelry,315021.0,231.0
2024-12-29,2025-01-04,Jewelry,355404.0,285.0
2025-01-05,2025-01-11,Jewelry,286621.0,234.0
2025-01-12,2025-01-18,Jewelry,233628.0,178.0
2025-01-19,2025-01-25,Jewelry,226215.0,162.0
2025-01-26,2025-02-01,Jewelry,292023.0,229.0
2025-02-02,2025-02-08,Jewelry,279800.0,218.0
2025-02-09,2025-02-15,Jewelry,297396.0,213.0
2025-02-16,2025-02-22,Jewelry,262777.0,201.0
2025-02-23,2025-03-01,Jewelry,334264.0,245.0
2025-03-02,2025-03-08,Jewelry,319704.0,231.0
2025-03-09,2025-03-15,Jewelry,419215.0,300.0
2025-03-16,2025-03-22,Jewelry,544449.0,403.0
2025-03-23,2025-03-29,Jewelry,985781.0,837.0
2025-03-30,2025-04-05,Jewelry,249070.0,184.0
2025-04-06,2025-04-12,Jewelry,327696.0,206.0
2025-04-13,2025-04-19,Jewelry,271435.0,178.0
2025-04-20,2025-04-26,Jewelry,320755.0,181.0
2025-04-27,2025-05-03,Jewelry,361085.0,248.0
2025-05-04,2025-05-10,Jewelry,291867.0,224.0
2025-05-11,2025-05-17,Jewelry,330450.0,227.0
2025-05-18,2025-05-24,Jewelry,287976.0,210.0
2025-05-25,2025-05-31,Jewelry,368098.0,313.0
2025-06-01,2025-06-07,Jewelry,344343.0,337.0
2025-06-08,2025-06-14,Jewelry,300056.0,247.0
2025-06-15,2025-06-21,Jewelry,261784.0,221.0
2025-06-22,2025-06-28,Jewelry,352701.0,280.0
2025-06-29,2025-07-05,Jewelry,331586.0,282.0
2025-07-06,2025-07-12,Jewelry,305494.0,251.0
2025-09-21,2025-09-27,Jewelry,325555.0,279.0
2025-09-28,2025-10-04,Jewelry,456070.0,341.0
2025-10-05,2025-10-11,Jewelry,432615.0,307.0
2025-10-12,2025-10-18,Jewelry,429803.0,276.0
2025-10-19,2025-10-25,Jewelry,390688.0,252.0
2025-10-26,2025-11-01,Jewelry,418480.0,325.0
2025-11-02,2025-11-08,Jewelry,348866.0,290.0
2025-11-09,2025-11-15,Jewelry,325279.0,273.0
2025-11-16,2025-11-22,Jewelry,335797.0,263.0
2025-11-23,2025-11-29,Jewelry,354453.0,300.0
2025-11-30,2025-12-06,Jewelry,325903.0,289.0
2025-12-07,2025-12-13,Jewelry,329708.0,278.0
2025-12-14,2025-12-20,Jewelry,291854.0,242.0
2025-12-21,2025-12-27,Jewelry,367697.0,268.0
2025-12-28,2026-01-03,Jewelry,544124.0,381.0
2026-01-04,2026-01-10,Jewelry,422540.0,332.0
2026-01-11,2026-01-17,Jewelry,406031.0,307.0
2026-01-18,2026-01-24,Jewelry,394622.0,251.0
2026-01-25,2026-01-31,Jewelry,613692.0,327.0
2026-02-01,2026-02-07,Jewelry,579571.0,344.0
2026-02-08,2026-02-14,Jewelry,436002.0,328.0
2026-02-15,2026-02-21,Jewelry,362291.0,275.0
2026-02-22,2026-02-28,Jewelry,510452.0,348.0
2026-03-01,2026-03-07,Jewelry,693112.0,489.0
2026-03-08,2026-03-14,Jewelry,785396.0,590.0
2026-03-15,2026-03-21,Jewelry,1003903.0,637.0
2026-04-05,2026-04-11,Jewelry,414007.0,290.0
2026-04-12,2026-04-18,Jewelry,342426.0,252.0
2026-04-19,2026-04-25,Jewelry,341200.0,231.0
2026-04-26,2026-05-02,Jewelry,499539.0,344.0
2026-05-03,2026-05-09,Jewelry,445519.0,314.0
2026-05-10,2026-05-16,Jewelry,427811.0,319.0
2026-05-17,2026-05-23,Jewelry,560128.0,374.0
2026-05-24,2026-05-30,Jewelry,472959.0,404.0
2026-05-31,2026-06-06,Jewelry,550745.0,351.0
2026-06-07,2026-06-13,Jewelry,638839.0,368.0
2026-06-14,2026-06-20,Jewelry,493781.0,314.0
2026-06-21,2026-06-27,Jewelry,477603.0,317.0
2026-06-28,2026-07-04,Jewelry,573452.0,428.0
2026-07-05,2026-07-11,Jewelry,421366.0,347.0
2026-07-12,2026-07-18,Jewelry,413696.0,314.0
2026-07-19,2026-07-25,Jewelry,346795.0,279.0
2026-07-26,2026-08-01,Jewelry,418648.0,359.0
2026-08-02,2026-08-08,Jewelry,365680.0,321.0
2020-05-10,2020-05-16,Miscellaneous Goods and Services,434998.0,1156.0
2020-05-17,2020-05-23,Miscellaneous Goods and Services,439996.0,1236.0
2020-05-24,2020-05-30,Miscellaneous Goods and Services,187187.0,722.0
2020-05-31,2020-06-06,Miscellaneous Goods and Services,628740.0,1493.0
2020-06-07,2020-06-13,Miscellaneous Goods and Services,545932.0,1397.0
2020-06-14,2020-06-20,Miscellaneous Goods and Services,525963.0,1356.0
2020-06-20,2020-06-26,Miscellaneous Goods and Services,676995.0,1654.0
2020-06-28,2020-07-04,Miscellaneous Goods and Services,842753.0,2000.0
2020-07-05,2020-07-11,Miscellaneous Goods and Services,530507.0,1848.0
2020-07-12,2020-07-18,Miscellaneous Goods and Services,503782.0,1784.0
2020-07-19,2020-07-25,Miscellaneous Goods and Services,542373.0,1809.0
2020-07-26,2020-08-01,Miscellaneous Goods and Services,579395.0,2189.0
2020-08-02,2020-08-08,Miscellaneous Goods and Services,401695.0,1723.0
2020-08-09,2020-08-15,Miscellaneous Goods and Services,520198.0,1945.0
2020-08-16,2020-08-22,Miscellaneous Goods and Services,482620.0,1873.0
2020-08-23,2020-08-29,Miscellaneous Goods and Services,595687.0,2174.0
2020-08-30,2020-09-05,Miscellaneous Goods and Services,653466.0,2412.0
2020-09-06,2020-09-12,Miscellaneous Goods and Services,567763.0,2360.0
2020-09-13,2020-09-19,Miscellaneous Goods and Services,532454.0,2318.0
2020-09-20,2020-09-26,Miscellaneous Goods and Services,589291.0,2548.0
2020-09-27,2020-10-03,Miscellaneous Goods and Services,798764.0,3051.0
2020-10-04,2020-10-10,Miscellaneous Goods and Services,595931.0,2761.0
2020-10-11,2020-10-17,Miscellaneous Goods and Services,518954.0,2757.0
2020-10-18,2020-10-24,Miscellaneous Goods and Services,511167.0,2758.0
2020-10-25,2020-10-31,Miscellaneous Goods and Services,723317.0,3517.0
2020-11-01,2020-11-07,Miscellaneous Goods and Services,655517.0,3446.0
2020-11-08,2020-11-14,Miscellaneous Goods and Services,580230.0,3461.0
2020-11-15,2020-11-21,Miscellaneous Goods and Services,548086.0,3411.0
2020-11-22,2020-11-28,Miscellaneous Goods and Services,664040.0,3938.0
2020-11-29,2020-12-05,Miscellaneous Goods and Services,763908.0,4338.0
2020-12-06,2020-12-12,Miscellaneous Goods and Services,662558.0,4187.0
2020-12-13,2020-12-19,Miscellaneous Goods and Services,626526.0,4107.0
2020-12-20,2020-12-26,Miscellaneous Goods and Services,632078.0,4190.0
2020-12-27,2021-01-02,Miscellaneous Goods and Services,921938.0,5594.0
2021-01-03,2021-01-09,Miscellaneous Goods and Services,724906.0,5071.0
2021-01-10,2021-01-16,Miscellaneous Goods and Services,650651.0,5086.0
2021-01-17,2021-01-23,Miscellaneous Goods and Services,596022.0,4642.0
2021-01-24,2021-01-30,Miscellaneous Goods and Services,795181.0,5685.0
2021-01-31,2021-02-06,Miscellaneous Goods and Services,763644.0,5568.0
2021-02-07,2021-02-13,Miscellaneous Goods and Services,643578.0,5272.0
2021-02-14,2021-02-20,Miscellaneous Goods and Services,602747.0,5123.0
2021-02-21,2021-02-27,Miscellaneous Goods and Services,641254.0,5161.0
2021-02-28,2021-03-06,Miscellaneous Goods and Services,884844.0,6495.0
2021-03-07,2021-03-13,Miscellaneous Goods and Services,752334.0,6381.0
2021-03-14,2021-03-20,Miscellaneous Goods and Services,717088.0,6313.0
2021-03-21,2021-03-27,Miscellaneous Goods and Services,731449.0,6405.0
2021-03-28,2021-04-03,Miscellaneous Goods and Services,995364.0,7807.0
2021-04-04,2021-04-10,Miscellaneous Goods and Services,838485.0,7394.0
2021-04-11,2021-04-17,Miscellaneous Goods and Services,691595.0,6580.0
2021-04-18,2021-04-24,Miscellaneous Goods and Services,623900.0,5882.0
2021-04-25,2021-05-01,Miscellaneous Goods and Services,930669.0,7593.0
2021-05-02,2021-05-08,Miscellaneous Goods and Services,968543.0,7992.0
2021-05-09,2021-05-15,Miscellaneous Goods and Services,683164.0,7993.0
2021-05-16,2021-05-22,Miscellaneous Goods and Services,593745.0,6552.0
2021-05-23,2021-05-29,Miscellaneous Goods and Services,823460.0,8031.0
2021-05-30,2021-06-05,Miscellaneous Goods and Services,898668.0,8662.0
2021-06-06,2021-06-12,Miscellaneous Goods and Services,814394.0,8558.0
2021-06-13,2021-06-19,Miscellaneous Goods and Services,760689.0,8137.0
2021-06-20,2021-06-26,Miscellaneous Goods and Services,777151.0,8101.0
2021-06-27,2021-07-03,Miscellaneous Goods and Services,1050353.0,9886.0
2021-07-04,2021-07-10,Miscellaneous Goods and Services,894643.0,9279.0
2021-07-11,2021-07-17,Miscellaneous Goods and Services,902260.0,9390.0
2021-07-18,2021-07-24,Miscellaneous Goods and Services,488496.0,7693.0
2021-07-25,2021-07-31,Miscellaneous Goods and Services,960861.0,9734.0
2021-08-01,2021-08-07,Miscellaneous Goods and Services,901805.0,9745.0
2021-08-08,2021-08-14,Miscellaneous Goods and Services,828684.0,9688.0
2021-08-15,2021-08-21,Miscellaneous Goods and Services,733370.0,8933.0
2021-08-22,2021-08-28,Miscellaneous Goods and Services,925369.0,10310.0
2021-08-29,2021-09-04,Miscellaneous Goods and Services,972101.0,10585.0
2021-09-05,2021-09-11,Miscellaneous Goods and Services,865489.0,10408.0
2021-09-12,2021-09-18,Miscellaneous Goods and Services,806296.0,9887.0
2021-09-19,2021-09-25,Miscellaneous Goods and Services,837544.0,9769.0
2021-09-26,2021-10-02,Miscellaneous Goods and Services,1119082.0,11675.0
2021-10-03,2021-10-09,Miscellaneous Goods and Services,915206.0,11043.0
2021-10-10,2021-10-16,Miscellaneous Goods and Services,833293.0,10931.0
2021-10-17,2021-10-23,Miscellaneous Goods and Services,764427.0,10163.0
2021-10-24,2021-10-30,Miscellaneous Goods and Services,996442.0,11990.0
2021-10-31,2021-11-06,Miscellaneous Goods and Services,991119.0,12102.0
2021-11-07,2021-11-13,Miscellaneous Goods and Services,881633.0,11780.0
2021-11-14,2021-11-20,Miscellaneous Goods and Services,817302.0,10899.0
2021-11-21,2021-11-27,Miscellaneous Goods and Services,916906.0,11513.0
2021-11-28,2021-12-04,Miscellaneous Goods and Services,1233884.0,13780.0
2021-12-05,2021-12-11,Miscellaneous Goods and Services,998908.0,12565.0
2021-12-12,2021-12-18,Miscellaneous Goods and Services,897852.0,11696.0
2021-12-19,2021-12-25,Miscellaneous Goods and Services,846873.0,11053.0
2021-12-26,2022-01-01,Miscellaneous Goods and Services,1162429.0,13703.0
2022-01-02,2022-01-08,Miscellaneous Goods and Services,1029324.0,12946.0
2022-01-09,2022-01-15,Miscellaneous Goods and Services,945571.0,12726.0
2022-01-16,2022-01-22,Miscellaneous Goods and Services,854381.0,11608.0
2022-01-23,2022-01-29,Miscellaneous Goods and Services,1040470.0,13257.0
2022-01-30,2022-02-05,Miscellaneous Goods and Services,1110149.0,13752.0
2022-02-06,2022-02-12,Miscellaneous Goods and Services,960371.0,12981.0
2022-02-13,2022-02-19,Miscellaneous Goods and Services,893012.0,12505.0
2022-02-20,2022-02-26,Miscellaneous Goods and Services,947063.0,12863.0
2022-02-27,2022-03-05,Miscellaneous Goods and Services,1281885.0,15262.0
2022-03-06,2022-03-12,Miscellaneous Goods and Services,1112794.0,14788.0
2022-03-13,2022-03-19,Miscellaneous Goods and Services,1062211.0,13981.0
2022-03-20,2022-03-26,Miscellaneous Goods and Services,1051382.0,14010.0
2022-03-27,2022-04-02,Miscellaneous Goods and Services,1394155.0,16991.0
2022-04-03,2022-04-09,Miscellaneous Goods and Services,1019761.0,12777.0
2022-04-10,2022-04-16,Miscellaneous Goods and Services,1014644.0,13161.0
2022-04-17,2022-04-23,Miscellaneous Goods and Services,1051983.0,12891.0
2022-04-24,2022-04-30,Miscellaneous Goods and Services,1758498.0,19073.0
2022-05-01,2022-05-07,Miscellaneous Goods and Services,781540.0,13833.0
2022-05-08,2022-05-14,Miscellaneous Goods and Services,1013936.0,14504.0
2022-05-15,2022-05-21,Miscellaneous Goods and Services,944913.0,14043.0
2022-05-22,2022-05-28,Miscellaneous Goods and Services,1158994.0,16137.0
2022-05-29,2022-06-04,Miscellaneous Goods and Services,1222367.0,16856.0
2022-06-05,2022-06-11,Miscellaneous Goods and Services,1116543.0,16570.0
2022-06-12,2022-06-18,Miscellaneous Goods and Services,1073504.0,15766.0
2022-06-19,2022-06-25,Miscellaneous Goods and Services,1018827.0,14772.0
2022-06-26,2022-07-02,Miscellaneous Goods and Services,1507384.0,19276.0
2022-07-03,2022-07-09,Miscellaneous Goods and Services,1357417.0,18767.0
2022-07-10,2022-07-16,Miscellaneous Goods and Services,838557.0,14897.0
2022-07-17,2022-07-23,Miscellaneous Goods and Services,998865.0,15188.0
2022-07-24,2022-07-30,Miscellaneous Goods and Services,1302113.0,18410.0
2022-07-31,2022-08-06,Miscellaneous Goods and Services,1227556.0,17726.0
2022-08-07,2022-08-13,Miscellaneous Goods and Services,1149196.0,17927.0
2022-08-14,2022-08-20,Miscellaneous Goods and Services,1102792.0,17172.0
2022-08-21,2022-08-27,Miscellaneous Goods and Services,1193096.0,17854.0
2022-08-28,2022-09-03,Miscellaneous Goods and Services,1457918.0,20405.0
2022-09-04,2022-09-10,Miscellaneous Goods and Services,1178183.0,18276.0
2022-09-11,2022-09-17,Miscellaneous Goods and Services,1123031.0,18184.0
2022-09-18,2022-09-24,Miscellaneous Goods and Services,1118113.0,17238.0
2022-09-25,2022-10-01,Miscellaneous Goods and Services,1461023.0,20158.0
2022-10-02,2022-10-08,Miscellaneous Goods and Services,1256749.0,19635.0
2022-10-09,2022-10-15,Miscellaneous Goods and Services,1141369.0,19014.0
2022-10-16,2022-10-22,Miscellaneous Goods and Services,1034139.0,17354.0
2022-10-23,2022-10-29,Miscellaneous Goods and Services,1277494.0,19845.0
2022-10-30,2022-11-05,Miscellaneous Goods and Services,1325827.0,20422.0
2022-11-06,2022-11-12,Miscellaneous Goods and Services,1170055.0,19401.0
2022-11-13,2022-11-19,Miscellaneous Goods and Services,1062914.0,17797.0
2022-11-20,2022-11-26,Miscellaneous Goods and Services,1086316.0,17604.0
2022-11-27,2022-12-03,Miscellaneous Goods and Services,1540738.0,22101.0
2022-12-04,2022-12-10,Miscellaneous Goods and Services,1232254.0,19153.0
2022-12-11,2022-12-17,Miscellaneous Goods and Services,1203058.0,19532.0
2022-12-18,2022-12-24,Miscellaneous Goods and Services,1060790.0,17499.0
2022-12-25,2022-12-31,Miscellaneous Goods and Services,1450130.0,20758.0
2023-01-01,2023-01-07,Miscellaneous Goods and Services,1233890.0,19505.0
2023-01-08,2023-01-14,Miscellaneous Goods and Services,1179351.0,19509.0
2023-01-15,2023-01-21,Miscellaneous Goods and Services,1060407.0,18047.0
2023-01-22,2023-01-28,Miscellaneous Goods and Services,1122451.0,17564.0
2023-01-29,2023-02-04,Miscellaneous Goods and Services,1344798.0,20008.0
2023-02-05,2023-02-11,Miscellaneous Goods and Services,1161663.0,17701.0
2023-02-12,2023-02-18,Miscellaneous Goods and Services,1058506.0,16002.0
2023-02-19,2023-02-25,Miscellaneous Goods and Services,1040330.0,15508.0
2023-02-26,2023-03-04,Miscellaneous Goods and Services,1508705.0,19430.0
2023-03-05,2023-03-11,Miscellaneous Goods and Services,1315434.0,18273.0
2023-03-12,2023-03-18,Miscellaneous Goods and Services,1163955.0,16889.0
2023-03-19,2023-03-25,Miscellaneous Goods and Services,1067072.0,15013.0
2023-03-26,2023-04-01,Miscellaneous Goods and Services,1317474.0,16225.0
2023-04-02,2023-04-08,Miscellaneous Goods and Services,1287394.0,16433.0
2023-04-09,2023-04-15,Miscellaneous Goods and Services,1341994.0,16935.0
2023-04-16,2023-04-22,Miscellaneous Goods and Services,1283015.0,18496.0
2023-04-23,2023-04-29,Miscellaneous Goods and Services,1021440.0,16329.0
2023-04-30,2023-05-06,Miscellaneous Goods and Services,1255410.0,18413.0
2023-05-07,2023-05-13,Miscellaneous Goods and Services,1141892.0,18225.0
2023-05-14,2023-05-20,Miscellaneous Goods and Services,1047356.0,16917.0
2023-05-21,2023-05-27,Miscellaneous Goods and Services,1103091.0,17142.0
2023-05-28,2023-06-03,Miscellaneous Goods and Services,1460224.0,20391.0
2023-06-04,2023-06-10,Miscellaneous Goods and Services,1231554.0,18531.0
2023-06-11,2023-06-17,Miscellaneous Goods and Services,1232102.0,18895.0
2023-06-18,2023-06-24,Miscellaneous Goods and Services,1353417.0,18071.0
2023-06-25,2023-07-01,Miscellaneous Goods and Services,1268540.0,20648.0
2023-07-02,2023-07-08,Miscellaneous Goods and Services,1267682.0,18552.0
2023-07-09,2023-07-15,Miscellaneous Goods and Services,1215495.0,18981.0
2023-07-16,2023-07-22,Miscellaneous Goods and Services,1121659.0,17584.0
2023-07-23,2023-07-29,Miscellaneous Goods and Services,1317697.0,19440.0
2023-07-30,2023-08-05,Miscellaneous Goods and Services,1428443.0,20796.0
2023-08-06,2023-08-12,Miscellaneous Goods and Services,1301915.0,20095.0
2023-08-13,2023-08-19,Miscellaneous Goods and Services,1235825.0,19316.0
2023-08-20,2023-08-26,Miscellaneous Goods and Services,1174899.0,18341.0
2023-08-27,2023-09-02,Miscellaneous Goods and Services,1503555.0,22164.0
2023-09-03,2023-09-09,Miscellaneous Goods and Services,1274214.0,20283.0
2023-09-10,2023-09-16,Miscellaneous Goods and Services,1243583.0,20483.0
2023-09-17,2023-09-23,Miscellaneous Goods and Services,1195688.0,19179.0
2023-09-24,2023-09-30,Miscellaneous Goods and Services,1566230.0,22260.0
2023-10-01,2023-10-07,Miscellaneous Goods and Services,1423690.0,21681.0
2023-10-08,2023-10-14,Miscellaneous Goods and Services,1267106.0,20485.0
2023-10-15,2023-10-21,Miscellaneous Goods and Services,1130507.0,18780.0
2023-10-22,2023-10-28,Miscellaneous Goods and Services,1362971.0,21031.0
2023-10-29,2023-11-04,Miscellaneous Goods and Services,1493668.0,22178.0
2023-11-05,2023-11-11,Miscellaneous Goods and Services,1342001.0,21405.0
2023-11-12,2023-11-18,Miscellaneous Goods and Services,1308206.0,20957.0
2023-11-19,2023-11-25,Miscellaneous Goods and Services,1281501.0,20167.0
2023-11-26,2023-12-02,Miscellaneous Goods and Services,1718918.0,24302.0
2023-12-03,2023-12-09,Miscellaneous Goods and Services,1436892.0,21896.0
2023-12-10,2023-12-16,Miscellaneous Goods and Services,1363882.0,21623.0
2023-12-17,2023-12-23,Miscellaneous Goods and Services,1261509.0,19741.0
2023-12-24,2023-12-30,Miscellaneous Goods and Services,1653709.0,23096.0
2023-12-31,2024-01-06,Miscellaneous Goods and Services,1627297.0,23370.0
2024-01-07,2024-01-13,Miscellaneous Goods and Services,1477954.0,22612.0
2024-01-14,2024-01-20,Miscellaneous Goods and Services,1261295.0,19799.0
2024-01-21,2024-01-27,Miscellaneous Goods and Services,1308681.0,20333.0
2024-01-28,2024-02-03,Miscellaneous Goods and Services,1754245.0,24240.0
2024-02-04,2024-02-10,Miscellaneous Goods and Services,1462244.0,21797.0
2024-02-11,2024-02-17,Miscellaneous Goods and Services,1438032.0,22215.0
2024-02-18,2024-02-24,Miscellaneous Goods and Services,1424205.0,21612.0
2024-02-25,2024-03-02,Miscellaneous Goods and Services,1948683.0,25324.0
2024-03-03,2024-03-09,Miscellaneous Goods and Services,1720774.0,23977.0
2024-03-10,2024-03-16,Miscellaneous Goods and Services,1386411.0,20176.0
2024-03-17,2024-03-23,Miscellaneous Goods and Services,1356710.0,19179.0
2024-03-24,2024-03-30,Miscellaneous Goods and Services,1683110.0,21039.0
2024-03-31,2024-04-06,Miscellaneous Goods and Services,2099679.0,25759.0
2024-04-07,2024-04-13,Miscellaneous Goods and Services,1359091.0,23621.0
2024-04-14,2024-04-20,Miscellaneous Goods and Services,1227447.0,19884.0
2024-04-21,2024-04-27,Miscellaneous Goods and Services,1307238.0,21058.0
2024-04-28,2024-05-04,Miscellaneous Goods and Services,1803940.0,26009.0
2024-05-05,2024-05-11,Miscellaneous Goods and Services,1551069.0,24322.0
2024-05-12,2024-05-18,Miscellaneous Goods and Services,1440838.0,22922.0
2024-05-19,2024-05-25,Miscellaneous Goods and Services,1367337.0,21694.0
2024-05-26,2024-06-01,Miscellaneous Goods and Services,1879834.0,26545.0
2024-06-02,2024-06-08,Miscellaneous Goods and Services,1747039.0,24979.0
2024-06-09,2024-06-15,Miscellaneous Goods and Services,1883675.0,26963.0
2024-06-16,2024-06-22,Miscellaneous Goods and Services,991698.0,18565.0
2024-06-23,2024-06-29,Miscellaneous Goods and Services,1606265.0,23124.0
2024-06-30,2024-07-06,Miscellaneous Goods and Services,1772780.0,25334.0
2024-07-07,2024-07-13,Miscellaneous Goods and Services,1570301.0,24123.0
2024-07-14,2024-07-20,Miscellaneous Goods and Services,1414636.0,22102.0
2024-07-21,2024-07-27,Miscellaneous Goods and Services,1425362.0,22032.0
2024-07-28,2024-08-03,Miscellaneous Goods and Services,1847327.0,25170.0
2024-08-04,2024-08-10,Miscellaneous Goods and Services,1516009.0,20780.0
2024-08-11,2024-08-17,Miscellaneous Goods and Services,1472747.0,20792.0
2024-08-18,2024-08-24,Miscellaneous Goods and Services,1254010.0,18286.0
2024-08-25,2024-08-31,Miscellaneous Goods and Services,1583684.0,21417.0
2024-09-01,2024-09-07,Miscellaneous Goods and Services,1573368.0,21603.0
2024-09-08,2024-09-14,Miscellaneous Goods and Services,1467353.0,21465.0
2024-09-15,2024-09-21,Miscellaneous Goods and Services,1455507.0,20742.0
2024-09-22,2024-09-28,Miscellaneous Goods and Services,1627324.0,22629.0
2024-09-29,2024-10-05,Miscellaneous Goods and Services,1779380.0,24081.0
2024-10-06,2024-10-12,Miscellaneous Goods and Services,1508733.0,22320.0
2024-10-13,2024-10-19,Miscellaneous Goods and Services,1382802.0,21000.0
2024-10-20,2024-10-26,Miscellaneous Goods and Services,1321473.0,20024.0
2024-10-27,2024-11-02,Miscellaneous Goods and Services,1845570.0,24650.0
2024-11-03,2024-11-09,Miscellaneous Goods and Services,1654447.0,23035.0
2024-11-10,2024-11-16,Miscellaneous Goods and Services,1587174.0,22865.0
2024-11-17,2024-11-23,Miscellaneous Goods and Services,1371099.0,20436.0
2024-11-24,2024-11-30,Miscellaneous Goods and Services,1704320.0,23489.0
2024-12-01,2024-12-07,Miscellaneous Goods and Services,1763837.0,23772.0
2024-12-08,2024-12-14,Miscellaneous Goods and Services,1570763.0,22478.0
2024-12-15,2024-12-21,Miscellaneous Goods and Services,1427775.0,20547.0
2024-12-22,2024-12-28,Miscellaneous Goods and Services,1658832.0,22371.0
2024-12-29,2025-01-04,Miscellaneous Goods and Services,1863368.0,24121.0
2025-01-05,2025-01-11,Miscellaneous Goods and Services,1619352.0,22860.0
2025-01-12,2025-01-18,Miscellaneous Goods and Services,1419601.0,20627.0
2025-01-19,2025-01-25,Miscellaneous Goods and Services,1354005.0,19656.0
2025-01-26,2025-02-01,Miscellaneous Goods and Services,1917534.0,24957.0
2025-02-02,2025-02-08,Miscellaneous Goods and Services,1724903.0,23232.0
2025-02-09,2025-02-15,Miscellaneous Goods and Services,1609308.0,22498.0
2025-02-16,2025-02-22,Miscellaneous Goods and Services,1549191.0,21511.0
2025-02-23,2025-03-01,Miscellaneous Goods and Services,2120655.0,24684.0
2025-03-02,2025-03-08,Miscellaneous Goods and Services,1667944.0,21061.0
2025-03-09,2025-03-15,Miscellaneous Goods and Services,1667143.0,21502.0
2025-03-16,2025-03-22,Miscellaneous Goods and Services,1763090.0,21509.0
2025-03-23,2025-03-29,Miscellaneous Goods and Services,2747764.0,32265.0
2025-03-30,2025-04-05,Miscellaneous Goods and Services,1128374.0,19296.0
2025-04-06,2025-04-12,Miscellaneous Goods and Services,1517272.0,21855.0
2025-04-13,2025-04-19,Miscellaneous Goods and Services,1385814.0,20888.0
2025-04-20,2025-04-26,Miscellaneous Goods and Services,1348345.0,20587.0
2025-04-27,2025-05-03,Miscellaneous Goods and Services,1906771.0,25771.0
2025-05-04,2025-05-10,Miscellaneous Goods and Services,1609828.0,23217.0
2025-05-11,2025-05-17,Miscellaneous Goods and Services,1525934.0,22718.0
2025-05-18,2025-05-24,Miscellaneous Goods and Services,1458484.0,21167.0
2025-05-25,2025-05-31,Miscellaneous Goods and Services,1960054.0,24742.0
2025-06-01,2025-06-07,Miscellaneous Goods and Services,1772224.0,25029.0
2025-06-08,2025-06-14,Miscellaneous Goods and Services,1278711.0,20634.0
2025-06-15,2025-06-21,Miscellaneous Goods and Services,1306036.0,20037.0
2025-06-22,2025-06-28,Miscellaneous Goods and Services,1648868.0,22442.0
2025-06-29,2025-07-05,Miscellaneous Goods and Services,1791273.0,23652.0
2025-07-06,2025-07-12,Miscellaneous Goods and Services,1511567.0,21444.0
2020-05-10,2020-05-16,Other,843419.0,4577.0
2020-05-17,2020-05-23,Other,870923.0,5084.0
2020-05-24,2020-05-30,Other,389207.0,2820.0
2020-05-31,2020-06-06,Other,1074137.0,5471.0
2020-06-07,2020-06-13,Other,1025557.0,5264.0
2020-06-14,2020-06-20,Other,1044766.0,5190.0
2020-06-20,2020-06-26,Other,1317009.0,5946.0
2020-06-28,2020-07-04,Other,1511624.0,7227.0
2020-07-05,2020-07-11,Other,927127.0,6526.0
2020-07-12,2020-07-18,Other,904242.0,6349.0
2020-07-19,2020-07-25,Other,961865.0,6540.0
2020-07-26,2020-08-01,Other,1160905.0,8238.0
2020-08-02,2020-08-08,Other,818377.0,6355.0
2020-08-09,2020-08-15,Other,903445.0,6769.0
2020-08-16,2020-08-22,Other,866089.0,6495.0
2020-08-23,2020-08-29,Other,1061062.0,7466.0
2020-08-30,2020-09-05,Other,1108688.0,8057.0
2020-09-06,2020-09-12,Other,986095.0,7717.0
2020-09-13,2020-09-19,Other,933995.0,7414.0
2020-09-20,2020-09-26,Other,1062386.0,7821.0
2020-09-27,2020-10-03,Other,1223962.0,8880.0
2020-10-04,2020-10-10,Other,1014334.0,8068.0
2020-10-11,2020-10-17,Other,947226.0,7893.0
2020-10-18,2020-10-24,Other,927837.0,7454.0
2020-10-25,2020-10-31,Other,1294675.0,9212.0
2020-11-01,2020-11-07,Other,1106814.0,8766.0
2020-11-08,2020-11-14,Other,1041526.0,8532.0
2020-11-15,2020-11-21,Other,994037.0,7985.0
2020-11-22,2020-11-28,Other,1192507.0,8519.0
2020-11-29,2020-12-05,Other,1236563.0,9045.0
2020-12-06,2020-12-12,Other,1085055.0,8448.0
2020-12-13,2020-12-19,Other,999393.0,7919.0
2020-12-20,2020-12-26,Other,1036238.0,7922.0
2020-12-27,2021-01-02,Other,1441412.0,10280.0
2021-01-03,2021-01-09,Other,1099824.0,8885.0
2021-01-10,2021-01-16,Other,1049333.0,8807.0
2021-01-17,2021-01-23,Other,940436.0,7807.0
2021-01-24,2021-01-30,Other,1192711.0,9391.0
2021-01-31,2021-02-06,Other,1120263.0,9146.0
2021-02-07,2021-02-13,Other,1015548.0,8740.0
2021-02-14,2021-02-20,Other,963200.0,8348.0
2021-02-21,2021-02-27,Other,995285.0,8334.0
2021-02-28,2021-03-06,Other,1379228.0,10588.0
2021-03-07,2021-03-13,Other,1181417.0,9844.0
2021-03-14,2021-03-20,Other,1186478.0,9683.0
2021-03-21,2021-03-27,Other,1248675.0,9767.0
2021-03-28,2021-04-03,Other,1671299.0,11961.0
2021-04-04,2021-04-10,Other,1483363.0,11281.0
2021-04-11,2021-04-17,Other,1263767.0,10597.0
2021-04-18,2021-04-24,Other,1066318.0,9012.0
2021-04-25,2021-05-01,Other,1534383.0,11692.0
2021-05-02,2021-05-08,Other,1554804.0,12243.0
2021-05-09,2021-05-15,Other,1158775.0,11190.0
2021-05-16,2021-05-22,Other,914744.0,8856.0
2021-05-23,2021-05-29,Other,1226334.0,10747.0
2021-05-30,2021-06-05,Other,1264760.0,11472.0
2021-06-06,2021-06-12,Other,1180832.0,11238.0
2021-06-13,2021-06-19,Other,1097086.0,10615.0
2021-06-20,2021-06-26,Other,1104081.0,10559.0
2021-06-27,2021-07-03,Other,1452961.0,12830.0
2021-07-04,2021-07-10,Other,1265047.0,11891.0
2021-07-11,2021-07-17,Other,1339299.0,12482.0
2021-07-18,2021-07-24,Other,800307.0,9752.0
2021-07-25,2021-07-31,Other,1329025.0,12349.0
2021-08-01,2021-08-07,Other,1210884.0,12101.0
2021-08-08,2021-08-14,Other,1157010.0,11999.0
2021-08-15,2021-08-21,Other,1051865.0,11074.0
2021-08-22,2021-08-28,Other,1396244.0,13083.0
2021-08-29,2021-09-04,Other,1371280.0,13383.0
2021-09-05,2021-09-11,Other,1220117.0,12906.0
2021-09-12,2021-09-18,Other,1163914.0,12284.0
2021-09-19,2021-09-25,Other,1264877.0,12318.0
2021-09-26,2021-10-02,Other,1561961.0,14333.0
2021-10-03,2021-10-09,Other,1303911.0,13485.0
2021-10-10,2021-10-16,Other,1199364.0,12959.0
2021-10-17,2021-10-23,Other,1089470.0,11726.0
2021-10-24,2021-10-30,Other,1472933.0,13716.0
2021-10-31,2021-11-06,Other,1426675.0,13593.0
2021-11-07,2021-11-13,Other,1263238.0,13236.0
2021-11-14,2021-11-20,Other,1179287.0,12401.0
2021-11-21,2021-11-27,Other,1277400.0,12991.0
2021-11-28,2021-12-04,Other,1704231.0,15664.0
2021-12-05,2021-12-11,Other,1384792.0,14235.0
2021-12-12,2021-12-18,Other,1254031.0,13234.0
2021-12-19,2021-12-25,Other,1208414.0,12612.0
2021-12-26,2022-01-01,Other,1704384.0,15883.0
2022-01-02,2022-01-08,Other,1451225.0,14735.0
2022-01-09,2022-01-15,Other,1303257.0,14166.0
2022-01-16,2022-01-22,Other,1246862.0,13465.0
2022-01-23,2022-01-29,Other,1483829.0,15178.0
2022-01-30,2022-02-05,Other,1486238.0,15531.0
2022-02-06,2022-02-12,Other,1304661.0,14682.0
2022-02-13,2022-02-19,Other,1221480.0,14175.0
2022-02-20,2022-02-26,Other,1334823.0,14452.0
2022-02-27,2022-03-05,Other,1786716.0,17264.0
2022-03-06,2022-03-12,Other,1585597.0,16463.0
2022-03-13,2022-03-19,Other,1596845.0,15779.0
2022-03-20,2022-03-26,Other,1600467.0,15880.0
2022-03-27,2022-04-02,Other,2287226.0,20631.0
2022-04-03,2022-04-09,Other,1509874.0,15445.0
2022-04-10,2022-04-16,Other,1530633.0,15625.0
2022-04-17,2022-04-23,Other,1586074.0,15392.0
2022-04-24,2022-04-30,Other,2499986.0,21936.0
2022-05-01,2022-05-07,Other,1132774.0,14687.0
2022-05-08,2022-05-14,Other,1342824.0,15551.0
2022-05-15,2022-05-21,Other,1263596.0,15048.0
2022-05-22,2022-05-28,Other,1626883.0,17151.0
2022-05-29,2022-06-04,Other,1642994.0,17954.0
2022-06-05,2022-06-11,Other,1531122.0,17646.0
2022-06-12,2022-06-18,Other,1478986.0,16764.0
2022-06-19,2022-06-25,Other,1416130.0,15865.0
2022-06-26,2022-07-02,Other,2042602.0,20577.0
2022-07-03,2022-07-09,Other,1882949.0,20275.0
2022-07-10,2022-07-16,Other,1172561.0,15474.0
2022-07-17,2022-07-23,Other,1330056.0,15703.0
2022-07-24,2022-07-30,Other,1736581.0,18791.0
2022-07-31,2022-08-06,Other,1623341.0,18288.0
2022-08-07,2022-08-13,Other,1549437.0,18253.0
2022-08-14,2022-08-20,Other,1505199.0,17601.0
2022-08-21,2022-08-27,Other,1651893.0,18401.0
2022-08-28,2022-09-03,Other,1979345.0,21424.0
2022-09-04,2022-09-10,Other,1549427.0,18891.0
2022-09-11,2022-09-17,Other,1531394.0,18881.0
2022-09-18,2022-09-24,Other,1631565.0,18501.0
2022-09-25,2022-10-01,Other,2013849.0,21081.0
2022-10-02,2022-10-08,Other,1628021.0,19678.0
2022-10-09,2022-10-15,Other,1517646.0,19060.0
2022-10-16,2022-10-22,Other,1416736.0,17619.0
2022-10-23,2022-10-29,Other,1806991.0,20129.0
2022-10-30,2022-11-05,Other,1796119.0,20723.0
2022-11-06,2022-11-12,Other,1586731.0,19740.0
2022-11-13,2022-11-19,Other,1465977.0,18697.0
2022-11-20,2022-11-26,Other,1517959.0,18333.0
2022-11-27,2022-12-03,Other,2122849.0,23021.0
2022-12-04,2022-12-10,Other,1698980.0,20170.0
2022-12-11,2022-12-17,Other,1628149.0,20382.0
2022-12-18,2022-12-24,Other,1482933.0,18559.0
2022-12-25,2022-12-31,Other,2160817.0,22811.0
2023-01-01,2023-01-07,Other,1729010.0,20646.0
2023-01-08,2023-01-14,Other,1629119.0,20507.0
2023-01-15,2023-01-21,Other,1474081.0,19106.0
2023-01-22,2023-01-28,Other,1527233.0,18600.0
2023-01-29,2023-02-04,Other,1872686.0,22823.0
2023-02-05,2023-02-11,Other,1688532.0,21880.0
2023-02-12,2023-02-18,Other,1603379.0,20861.0
2023-02-19,2023-02-25,Other,1664265.0,20246.0
2023-02-26,2023-03-04,Other,2423161.0,25802.0
2023-03-05,2023-03-11,Other,2209986.0,24907.0
2023-03-12,2023-03-18,Other,1996673.0,23338.0
2023-03-19,2023-03-25,Other,1900174.0,22273.0
2023-03-26,2023-04-01,Other,2088552.0,23273.0
2023-04-02,2023-04-08,Other,2057611.0,23522.0
2023-04-09,2023-04-15,Other,2125241.0,24043.0
2023-04-16,2023-04-22,Other,1902871.0,23074.0
2023-04-23,2023-04-29,Other,1616052.0,21235.0
2023-04-30,2023-05-06,Other,1847140.0,24121.0
2023-05-07,2023-05-13,Other,1720290.0,23797.0
2023-05-14,2023-05-20,Other,1608151.0,22203.0
2023-05-21,2023-05-27,Other,1693213.0,22887.0
2023-05-28,2023-06-03,Other,2271377.0,27244.0
2023-06-04,2023-06-10,Other,1938679.0,25194.0
2023-06-11,2023-06-17,Other,1910856.0,25372.0
2023-06-18,2023-06-24,Other,1998171.0,24978.0
2023-06-25,2023-07-01,Other,2046647.0,26983.0
2023-07-02,2023-07-08,Other,1879522.0,24285.0
2023-07-09,2023-07-15,Other,1801250.0,24852.0
2023-07-16,2023-07-22,Other,1664628.0,23168.0
2023-07-23,2023-07-29,Other,1989284.0,25642.0
2023-07-30,2023-08-05,Other,2097341.0,27199.0
2023-08-06,2023-08-12,Other,1946310.0,26328.0
2023-08-13,2023-08-19,Other,1890771.0,25512.0
2023-08-20,2023-08-26,Other,1768212.0,24532.0
2023-08-27,2023-09-02,Other,2259820.0,29180.0
2023-09-03,2023-09-09,Other,1822949.0,26235.0
2023-09-10,2023-09-16,Other,1817761.0,26511.0
2023-09-17,2023-09-23,Other,1764819.0,25148.0
2023-09-24,2023-09-30,Other,2218776.0,28138.0
2023-10-01,2023-10-07,Other,1813018.0,26132.0
2023-10-08,2023-10-14,Other,1632938.0,25288.0
2023-10-15,2023-10-21,Other,1465922.0,23265.0
2023-10-22,2023-10-28,Other,1891557.0,25923.0
2023-10-29,2023-11-04,Other,1964644.0,27082.0
2023-11-05,2023-11-11,Other,1735109.0,25918.0
2023-11-12,2023-11-18,Other,1687863.0,24758.0
2023-11-19,2023-11-25,Other,1710580.0,24220.0
2023-11-26,2023-12-02,Other,2341870.0,29817.0
2023-12-03,2023-12-09,Other,1836566.0,26511.0
2023-12-10,2023-12-16,Other,1756302.0,26214.0
2023-12-17,2023-12-23,Other,1598556.0,23878.0
2023-12-24,2023-12-30,Other,2166217.0,28256.0
2023-12-31,2024-01-06,Other,2046371.0,28251.0
2024-01-07,2024-01-13,Other,1891099.0,27363.0
2024-01-14,2024-01-20,Other,1577990.0,24226.0
2024-01-21,2024-01-27,Other,1670655.0,25127.0
2024-01-28,2024-02-03,Other,2257503.0,29771.0
2024-02-04,2024-02-10,Other,1801867.0,26627.0
2024-02-11,2024-02-17,Other,1821858.0,27123.0
2024-02-18,2024-02-24,Other,1928690.0,26648.0
2024-02-25,2024-03-02,Other,2723327.0,32083.0
2024-03-03,2024-03-09,Other,2428544.0,31145.0
2024-03-10,2024-03-16,Other,1901933.0,27163.0
2024-03-17,2024-03-23,Other,1778313.0,25124.0
2024-03-24,2024-03-30,Other,2235975.0,27874.0
2024-03-31,2024-04-06,Other,2707706.0,32977.0
2024-04-07,2024-04-13,Other,1738368.0,27452.0
2024-04-14,2024-04-20,Other,1602286.0,25044.0
2024-04-21,2024-04-27,Other,1712572.0,26709.0
2024-04-28,2024-05-04,Other,2380894.0,32633.0
2024-05-05,2024-05-11,Other,2052763.0,30974.0
2024-05-12,2024-05-18,Other,1868309.0,29077.0
2024-05-19,2024-05-25,Other,1840975.0,27775.0
2024-05-26,2024-06-01,Other,2577979.0,33830.0
2024-06-02,2024-06-08,Other,2281028.0,31869.0
2024-06-09,2024-06-15,Other,2371260.0,33756.0
2024-06-16,2024-06-22,Other,1347661.0,23837.0
2024-06-23,2024-06-29,Other,2075654.0,29774.0
2024-06-30,2024-07-06,Other,2272821.0,32333.0
2024-07-07,2024-07-13,Other,1999211.0,30900.0
2024-07-14,2024-07-20,Other,1798079.0,28878.0
2024-07-21,2024-07-27,Other,1851267.0,29095.0
2024-07-28,2024-08-03,Other,2566117.0,35486.0
2024-08-04,2024-08-10,Other,2284162.0,33414.0
2024-08-11,2024-08-17,Other,2357851.0,34577.0
2024-08-18,2024-08-24,Other,2029106.0,30983.0
2024-08-25,2024-08-31,Other,2484242.0,32993.0
2024-09-01,2024-09-07,Other,2264065.0,31147.0
2024-09-08,2024-09-14,Other,1941954.0,28646.0
2024-09-15,2024-09-21,Other,1866165.0,26016.0
2024-09-22,2024-09-28,Other,2165243.0,28357.0
2024-09-29,2024-10-05,Other,2180725.0,30016.0
2024-10-06,2024-10-12,Other,1891206.0,28393.0
2024-10-13,2024-10-19,Other,1765005.0,27305.0
2024-10-20,2024-10-26,Other,1770783.0,26936.0
2024-10-27,2024-11-02,Other,2503776.0,33342.0
2024-11-03,2024-11-09,Other,2161558.0,31292.0
2024-11-10,2024-11-16,Other,2157118.0,31700.0
2024-11-17,2024-11-23,Other,1815221.0,28684.0
2024-11-24,2024-11-30,Other,2384783.0,33447.0
2024-12-01,2024-12-07,Other,2370502.0,35115.0
2024-12-08,2024-12-14,Other,2106687.0,33623.0
2024-12-15,2024-12-21,Other,1952325.0,31476.0
2024-12-22,2024-12-28,Other,2372644.0,34923.0
2024-12-29,2025-01-04,Other,2613262.0,37681.0
2025-01-05,2025-01-11,Other,2346190.0,37050.0
2025-01-12,2025-01-18,Other,2031447.0,33696.0
2025-01-19,2025-01-25,Other,1930071.0,32309.0
2025-01-26,2025-02-01,Other,2799764.0,40582.0
2025-02-02,2025-02-08,Other,2448892.0,38333.0
2025-02-09,2025-02-15,Other,2403597.0,37939.0
2025-02-16,2025-02-22,Other,2401325.0,37188.0
2025-02-23,2025-03-01,Other,3444269.0,43879.0
2025-03-02,2025-03-08,Other,2338859.0,36008.0
2025-03-09,2025-03-15,Other,2358562.0,37475.0
2025-03-16,2025-03-22,Other,2450358.0,37037.0
2025-03-23,2025-03-29,Other,3422292.0,47466.0
2025-03-30,2025-04-05,Other,1860226.0,34811.0
2025-04-06,2025-04-12,Other,2217192.0,38412.0
2025-04-13,2025-04-19,Other,2033864.0,36988.0
2025-04-20,2025-04-26,Other,2103358.0,37058.0
2025-04-27,2025-05-03,Other,3018699.0,45961.0
2025-05-04,2025-05-10,Other,2529902.0,42077.0
2025-05-11,2025-05-17,Other,2348385.0,41591.0
2025-05-18,2025-05-24,Other,2220423.0,39514.0
2025-05-25,2025-05-31,Other,3055201.0,46802.0
2025-06-01,2025-06-07,Other,2807143.0,45790.0
2025-06-08,2025-06-14,Other,2237319.0,40124.0
2025-06-15,2025-06-21,Other,2124084.0,39767.0
2025-06-22,2025-06-28,Other,2683876.0,43600.0
2025-06-29,2025-07-05,Other,2878692.0,46887.0
2025-07-06,2025-07-12,Other,2653904.0,45388.0
2025-09-21,2025-09-27,Other,59519.0,824.0
2025-09-28,2025-10-04,Other,86142.0,1005.0
2025-10-05,2025-10-11,Other,71819.0,938.0
2025-10-12,2025-10-18,Other,65739.0,849.0
2025-10-19,2025-10-25,Other,61240.0,798.0
2025-10-26,2025-11-01,Other,84915.0,997.0
2025-11-02,2025-11-08,Other,74241.0,924.0
2025-11-09,2025-11-15,Other,71861.0,898.0
2025-11-16,2025-11-22,Other,66833.0,853.0
2025-11-23,2025-11-29,Other,74293.0,939.0
2025-11-30,2025-12-06,Other,80741.0,963.0
2025-12-07,2025-12-13,Other,71056.0,955.0
2025-12-14,2025-12-20,Other,64948.0,857.0
2025-12-21,2025-12-27,Other,70899.0,884.0
2025-12-28,2026-01-03,Other,104059.0,1099.0
2026-01-04,2026-01-10,Other,81322.0,985.0
2026-01-11,2026-01-17,Other,75335.0,987.0
2026-01-18,2026-01-24,Other,66619.0,881.0
2026-01-25,2026-01-31,Other,87347.0,1070.0
2026-02-01,2026-02-07,Other,92567.0,1124.0
2026-02-08,2026-02-14,Other,85192.0,1096.0
2026-02-15,2026-02-21,Other,84678.0,1081.0
2026-02-22,2026-02-28,Other,96365.0,1135.0
2026-03-01,2026-03-07,Other,98088.0,1221.0
2026-03-08,2026-03-14,Other,90631.0,1204.0
2026-03-15,2026-03-21,Other,68403.0,931.0
2026-04-05,2026-04-11,Other,72564.0,958.0
2026-04-12,2026-04-18,Other,64543.0,913.0
2026-04-19,2026-04-25,Other,69529.0,931.0
2026-04-26,2026-05-02,Other,106421.0,1177.0
2026-05-03,2026-05-09,Other,86723.0,1024.0
2026-05-10,2026-05-16,Other,89960.0,1033.0
2026-05-17,2026-05-23,Other,90432.0,1024.0
2026-05-24,2026-05-30,Other,80503.0,904.0
2026-05-31,2026-06-06,Other,81741.0,960.0
2026-06-07,2026-06-13,Other,70752.0,948.0
2026-06-14,2026-06-20,Other,67787.0,904.0
2026-06-21,2026-06-27,Other,72354.0,913.0
2026-06-28,2026-07-04,Other,120179.0,1208.0
2026-07-05,2026-07-11,Other,88229.0,1054.0
2026-07-12,2026-07-18,Other,74537.0,975.0
2026-07-19,2026-07-25,Other,64978.0,898.0
2026-07-26,2026-08-01,Other,92828.0,1111.0
2026-08-02,2026-08-08,Other,88734.0,1085.0
2020-05-10,2020-05-16,Public Utilities,54801.0,302.0
2020-05-17,2020-05-23,Public Utilities,55825.0,289.0
2020-05-24,2020-05-30,Public Utilities,30070.0,214.0
2020-05-31,2020-06-06,Public Utilities,82683.0,425.0
2020-06-07,2020-06-13,Public Utilities,76498.0,427.0
2020-06-14,2020-06-20,Public Utilities,78596.0,399.0
2020-06-20,2020-06-26,Public Utilities,98125.0,479.0
2020-06-28,2020-07-04,Public Utilities,106130.0,548.0
2020-07-05,2020-07-11,Public Utilities,66859.0,543.0
2020-07-12,2020-07-18,Public Utilities,63049.0,522.0
2020-07-19,2020-07-25,Public Utilities,63807.0,533.0
2020-07-26,2020-08-01,Public Utilities,69831.0,590.0
2020-08-02,2020-08-08,Public Utilities,56171.0,514.0
2020-08-09,2020-08-15,Public Utilities,66517.0,581.0
2020-08-16,2020-08-22,Public Utilities,65379.0,562.0
2020-08-23,2020-08-29,Public Utilities,78098.0,628.0
2020-08-30,2020-09-05,Public Utilities,83403.0,668.0
2020-09-06,2020-09-12,Public Utilities,76917.0,649.0
2020-09-13,2020-09-19,Public Utilities,72823.0,607.0
2020-09-20,2020-09-26,Public Utilities,71583.0,606.0
2020-09-27,2020-10-03,Public Utilities,88773.0,693.0
2020-10-04,2020-10-10,Public Utilities,75643.0,621.0
2020-10-11,2020-10-17,Public Utilities,63300.0,552.0
2020-10-18,2020-10-24,Public Utilities,59480.0,502.0
2020-10-25,2020-10-31,Public Utilities,73866.0,584.0
2020-11-01,2020-11-07,Public Utilities,68706.0,552.0
2020-11-08,2020-11-14,Public Utilities,64175.0,550.0
2020-11-15,2020-11-21,Public Utilities,62533.0,523.0
2020-11-22,2020-11-28,Public Utilities,68693.0,560.0
2020-11-29,2020-12-05,Public Utilities,72175.0,592.0
2020-12-06,2020-12-12,Public Utilities,67292.0,566.0
2020-12-13,2020-12-19,Public Utilities,63290.0,539.0
2020-12-20,2020-12-26,Public Utilities,61041.0,526.0
2020-12-27,2021-01-02,Public Utilities,76980.0,636.0
2021-01-03,2021-01-09,Public Utilities,67805.0,580.0
2021-01-10,2021-01-16,Public Utilities,67353.0,595.0
2021-01-17,2021-01-23,Public Utilities,62663.0,566.0
2021-01-24,2021-01-30,Public Utilities,76612.0,678.0
2021-01-31,2021-02-06,Public Utilities,74775.0,670.0
2021-02-07,2021-02-13,Public Utilities,70271.0,662.0
2021-02-14,2021-02-20,Public Utilities,67653.0,643.0
2021-02-21,2021-02-27,Public Utilities,68796.0,634.0
2021-02-28,2021-03-06,Public Utilities,88938.0,750.0
2021-03-07,2021-03-13,Public Utilities,79810.0,704.0
2021-03-14,2021-03-20,Public Utilities,76052.0,665.0
2021-03-21,2021-03-27,Public Utilities,78357.0,701.0
2021-03-28,2021-04-03,Public Utilities,96674.0,815.0
2021-04-04,2021-04-10,Public Utilities,86288.0,776.0
2021-04-11,2021-04-17,Public Utilities,75458.0,733.0
2021-04-18,2021-04-24,Public Utilities,65494.0,665.0
2021-04-25,2021-05-01,Public Utilities,83033.0,790.0
2021-05-02,2021-05-08,Public Utilities,79798.0,768.0
2021-05-09,2021-05-15,Public Utilities,60074.0,684.0
2021-05-16,2021-05-22,Public Utilities,64271.0,668.0
2021-05-23,2021-05-29,Public Utilities,84605.0,809.0
2021-05-30,2021-06-05,Public Utilities,88311.0,860.0
2021-06-06,2021-06-12,Public Utilities,85069.0,859.0
2021-06-13,2021-06-19,Public Utilities,78234.0,798.0
2021-06-20,2021-06-26,Public Utilities,78775.0,820.0
2021-06-27,2021-07-03,Public Utilities,97577.0,951.0
2021-07-04,2021-07-10,Public Utilities,86587.0,893.0
2021-07-11,2021-07-17,Public Utilities,85477.0,883.0
2021-07-18,2021-07-24,Public Utilities,51336.0,691.0
2021-07-25,2021-07-31,Public Utilities,88211.0,915.0
2021-08-01,2021-08-07,Public Utilities,84799.0,906.0
2021-08-08,2021-08-14,Public Utilities,83020.0,902.0
2021-08-15,2021-08-21,Public Utilities,74731.0,834.0
2021-08-22,2021-08-28,Public Utilities,93563.0,951.0
2021-08-29,2021-09-04,Public Utilities,96609.0,965.0
2021-09-05,2021-09-11,Public Utilities,86905.0,944.0
2021-09-12,2021-09-18,Public Utilities,78276.0,889.0
2021-09-19,2021-09-25,Public Utilities,78543.0,868.0
2021-09-26,2021-10-02,Public Utilities,97582.0,1001.0
2021-10-03,2021-10-09,Public Utilities,85810.0,942.0
2021-10-10,2021-10-16,Public Utilities,79884.0,931.0
2021-10-17,2021-10-23,Public Utilities,71969.0,858.0
2021-10-24,2021-10-30,Public Utilities,88825.0,995.0
2021-10-31,2021-11-06,Public Utilities,86168.0,977.0
2021-11-07,2021-11-13,Public Utilities,80577.0,968.0
2021-11-14,2021-11-20,Public Utilities,61918.0,724.0
2021-11-21,2021-11-27,Public Utilities,64165.0,728.0
2021-11-28,2021-12-04,Public Utilities,78605.0,815.0
2021-12-05,2021-12-11,Public Utilities,73465.0,804.0
2021-12-12,2021-12-18,Public Utilities,65352.0,768.0
2021-12-19,2021-12-25,Public Utilities,62604.0,734.0
2021-12-26,2022-01-01,Public Utilities,80895.0,889.0
2022-01-02,2022-01-08,Public Utilities,74298.0,847.0
2022-01-09,2022-01-15,Public Utilities,67633.0,813.0
2022-01-16,2022-01-22,Public Utilities,62295.0,757.0
2022-01-23,2022-01-29,Public Utilities,73225.0,866.0
2022-01-30,2022-02-05,Public Utilities,76537.0,883.0
2022-02-06,2022-02-12,Public Utilities,70986.0,859.0
2022-02-13,2022-02-19,Public Utilities,65347.0,808.0
2022-02-20,2022-02-26,Public Utilities,65313.0,794.0
2022-02-27,2022-03-05,Public Utilities,86016.0,933.0
2022-03-06,2022-03-12,Public Utilities,80517.0,911.0
2022-03-13,2022-03-19,Public Utilities,75431.0,844.0
2022-03-20,2022-03-26,Public Utilities,75156.0,861.0
2022-03-27,2022-04-02,Public Utilities,96613.0,1069.0
2022-04-03,2022-04-09,Public Utilities,75939.0,904.0
2022-04-10,2022-04-16,Public Utilities,72280.0,892.0
2022-04-17,2022-04-23,Public Utilities,69860.0,868.0
2022-04-24,2022-04-30,Public Utilities,90493.0,1063.0
2022-05-01,2022-05-07,Public Utilities,55427.0,809.0
2022-05-08,2022-05-14,Public Utilities,79607.0,992.0
2022-05-15,2022-05-21,Public Utilities,76935.0,986.0
2022-05-22,2022-05-28,Public Utilities,88578.0,1075.0
2022-05-29,2022-06-04,Public Utilities,90635.0,1076.0
2022-06-05,2022-06-11,Public Utilities,88604.0,1096.0
2022-06-12,2022-06-18,Public Utilities,87874.0,1097.0
2022-06-19,2022-06-25,Public Utilities,81426.0,1029.0
2022-06-26,2022-07-02,Public Utilities,107396.0,1267.0
2022-07-03,2022-07-09,Public Utilities,93235.0,1161.0
2022-07-10,2022-07-16,Public Utilities,67177.0,954.0
2022-07-17,2022-07-23,Public Utilities,80977.0,1021.0
2022-07-24,2022-07-30,Public Utilities,101073.0,1225.0
2022-07-31,2022-08-06,Public Utilities,96579.0,1188.0
2022-08-07,2022-08-13,Public Utilities,95822.0,1219.0
2022-08-14,2022-08-20,Public Utilities,90852.0,1165.0
2022-08-21,2022-08-27,Public Utilities,91091.0,1195.0
2022-08-28,2022-09-03,Public Utilities,108685.0,1362.0
2022-09-04,2022-09-10,Public Utilities,95721.0,1261.0
2022-09-11,2022-09-17,Public Utilities,94988.0,1290.0
2022-09-18,2022-09-24,Public Utilities,92840.0,1223.0
2022-09-25,2022-10-01,Public Utilities,106557.0,1302.0
2022-10-02,2022-10-08,Public Utilities,91781.0,1185.0
2022-10-09,2022-10-15,Public Utilities,86273.0,1129.0
2022-10-16,2022-10-22,Public Utilities,76196.0,1017.0
2022-10-23,2022-10-29,Public Utilities,91410.0,1167.0
2022-10-30,2022-11-05,Public Utilities,93753.0,1181.0
2022-11-06,2022-11-12,Public Utilities,86610.0,1137.0
2022-11-13,2022-11-19,Public Utilities,79991.0,1084.0
2022-11-20,2022-11-26,Public Utilities,76809.0,1048.0
2022-11-27,2022-12-03,Public Utilities,98732.0,1212.0
2022-12-04,2022-12-10,Public Utilities,87287.0,1119.0
2022-12-11,2022-12-17,Public Utilities,86182.0,1153.0
2022-12-18,2022-12-24,Public Utilities,79956.0,1062.0
2022-12-25,2022-12-31,Public Utilities,99048.0,1233.0
2023-01-01,2023-01-07,Public Utilities,87232.0,1170.0
2023-01-08,2023-01-14,Public Utilities,86857.0,1173.0
2023-01-15,2023-01-21,Public Utilities,79204.0,1080.0
2023-01-22,2023-01-28,Public Utilities,79998.0,1048.0
2023-01-29,2023-02-04,Public Utilities,93480.0,1216.0
2023-02-05,2023-02-11,Public Utilities,94819.0,1287.0
2023-02-12,2023-02-18,Public Utilities,101567.0,1345.0
2023-02-19,2023-02-25,Public Utilities,96328.0,1321.0
2023-02-26,2023-03-04,Public Utilities,127308.0,1627.0
2023-03-05,2023-03-11,Public Utilities,116939.0,1511.0
2023-03-12,2023-03-18,Public Utilities,109112.0,1460.0
2023-03-19,2023-03-25,Public Utilities,103964.0,1460.0
2023-03-26,2023-04-01,Public Utilities,117248.0,1587.0
2023-04-02,2023-04-08,Public Utilities,106462.0,1479.0
2023-04-09,2023-04-15,Public Utilities,98923.0,1392.0
2023-04-16,2023-04-22,Public Utilities,82339.0,1233.0
2023-04-23,2023-04-29,Public Utilities,90971.0,1268.0
2023-04-30,2023-05-06,Public Utilities,105275.0,1420.0
2023-05-07,2023-05-13,Public Utilities,103269.0,1427.0
2023-05-14,2023-05-20,Public Utilities,96053.0,1355.0
2023-05-21,2023-05-27,Public Utilities,98531.0,1387.0
2023-05-28,2023-06-03,Public Utilities,122029.0,1573.0
2023-06-04,2023-06-10,Public Utilities,105603.0,1431.0
2023-06-11,2023-06-17,Public Utilities,108476.0,1464.0
2023-06-18,2023-06-24,Public Utilities,107090.0,1442.0
2023-06-25,2023-07-01,Public Utilities,96120.0,1407.0
2023-07-02,2023-07-08,Public Utilities,103820.0,1368.0
2023-07-09,2023-07-15,Public Utilities,105795.0,1445.0
2023-07-16,2023-07-22,Public Utilities,99376.0,1365.0
2023-07-23,2023-07-29,Public Utilities,113366.0,1486.0
2023-07-30,2023-08-05,Public Utilities,114488.0,1505.0
2023-08-06,2023-08-12,Public Utilities,109274.0,1477.0
2023-08-13,2023-08-19,Public Utilities,105341.0,1443.0
2023-08-20,2023-08-26,Public Utilities,105167.0,1448.0
2023-08-27,2023-09-02,Public Utilities,130098.0,1691.0
2023-09-03,2023-09-09,Public Utilities,114311.0,1560.0
2023-09-10,2023-09-16,Public Utilities,114203.0,1577.0
2023-09-17,2023-09-23,Public Utilities,107752.0,1483.0
2023-09-24,2023-09-30,Public Utilities,128476.0,1627.0
2023-10-01,2023-10-07,Public Utilities,124728.0,1735.0
2023-10-08,2023-10-14,Public Utilities,119489.0,1702.0
2023-10-15,2023-10-21,Public Utilities,106712.0,1576.0
2023-10-22,2023-10-28,Public Utilities,124108.0,1733.0
2023-10-29,2023-11-04,Public Utilities,129196.0,1763.0
2023-11-05,2023-11-11,Public Utilities,117909.0,1700.0
2023-11-12,2023-11-18,Public Utilities,114275.0,1663.0
2023-11-19,2023-11-25,Public Utilities,109990.0,1567.0
2023-11-26,2023-12-02,Public Utilities,141578.0,1857.0
2023-12-03,2023-12-09,Public Utilities,122811.0,1700.0
2023-12-10,2023-12-16,Public Utilities,119782.0,1706.0
2023-12-17,2023-12-23,Public Utilities,108385.0,1570.0
2023-12-24,2023-12-30,Public Utilities,131648.0,1797.0
2023-12-31,2024-01-06,Public Utilities,124227.0,1767.0
2024-01-07,2024-01-13,Public Utilities,119301.0,1705.0
2024-01-14,2024-01-20,Public Utilities,107714.0,1603.0
2024-01-21,2024-01-27,Public Utilities,106398.0,1616.0
2024-01-28,2024-02-03,Public Utilities,128324.0,1779.0
2024-02-04,2024-02-10,Public Utilities,108797.0,1614.0
2024-02-11,2024-02-17,Public Utilities,85917.0,1221.0
2024-02-18,2024-02-24,Public Utilities,78855.0,1058.0
2024-02-25,2024-03-02,Public Utilities,103257.0,1229.0
2024-03-03,2024-03-09,Public Utilities,94729.0,1194.0
2024-03-10,2024-03-16,Public Utilities,85506.0,1272.0
2024-03-17,2024-03-23,Public Utilities,73599.0,1089.0
2024-03-24,2024-03-30,Public Utilities,79086.0,1108.0
2024-03-31,2024-04-06,Public Utilities,82817.0,1159.0
2024-04-07,2024-04-13,Public Utilities,53184.0,873.0
2024-04-14,2024-04-20,Public Utilities,63796.0,907.0
2024-04-21,2024-04-27,Public Utilities,70888.0,1000.0
2024-04-28,2024-05-04,Public Utilities,91258.0,1162.0
2024-05-05,2024-05-11,Public Utilities,82211.0,1108.0
2024-05-12,2024-05-18,Public Utilities,77848.0,1051.0
2024-05-19,2024-05-25,Public Utilities,72752.0,996.0
2024-05-26,2024-06-01,Public Utilities,94662.0,1171.0
2024-06-02,2024-06-08,Public Utilities,83967.0,1083.0
2024-06-09,2024-06-15,Public Utilities,86955.0,1114.0
2024-06-16,2024-06-22,Public Utilities,47853.0,745.0
2024-06-23,2024-06-29,Public Utilities,72410.0,959.0
2024-06-30,2024-07-06,Public Utilities,74955.0,1027.0
2024-07-07,2024-07-13,Public Utilities,69683.0,1003.0
2024-07-14,2024-07-20,Public Utilities,64222.0,957.0
2024-07-21,2024-07-27,Public Utilities,65462.0,957.0
2024-07-28,2024-08-03,Public Utilities,80232.0,1104.0
2024-08-04,2024-08-10,Public Utilities,72213.0,1030.0
2024-08-11,2024-08-17,Public Utilities,75706.0,1072.0
2024-08-18,2024-08-24,Public Utilities,66156.0,994.0
2024-08-25,2024-08-31,Public Utilities,78844.0,1060.0
2024-09-01,2024-09-07,Public Utilities,59090.0,791.0
2024-09-08,2024-09-14,Public Utilities,54769.0,755.0
2024-09-15,2024-09-21,Public Utilities,49163.0,680.0
2024-09-22,2024-09-28,Public Utilities,54028.0,735.0
2024-09-29,2024-10-05,Public Utilities,61551.0,783.0
2024-10-06,2024-10-12,Public Utilities,55232.0,738.0
2024-10-13,2024-10-19,Public Utilities,48402.0,689.0
2024-10-20,2024-10-26,Public Utilities,45564.0,664.0
2024-10-27,2024-11-02,Public Utilities,61109.0,829.0
2024-11-03,2024-11-09,Public Utilities,52875.0,724.0
2024-11-10,2024-11-16,Public Utilities,52975.0,716.0
2024-11-17,2024-11-23,Public Utilities,46748.0,665.0
2024-11-24,2024-11-30,Public Utilities,56769.0,766.0
2024-12-01,2024-12-07,Public Utilities,63321.0,803.0
2024-12-08,2024-12-14,Public Utilities,55976.0,835.0
2024-12-15,2024-12-21,Public Utilities,48610.0,695.0
2024-12-22,2024-12-28,Public Utilities,53670.0,739.0
2024-12-29,2025-01-04,Public Utilities,57563.0,775.0
2025-01-05,2025-01-11,Public Utilities,51204.0,739.0
2025-01-12,2025-01-18,Public Utilities,48123.0,698.0
2025-01-19,2025-01-25,Public Utilities,45243.0,657.0
2025-01-26,2025-02-01,Public Utilities,63641.0,850.0
2025-02-02,2025-02-08,Public Utilities,58433.0,781.0
2025-02-09,2025-02-15,Public Utilities,56651.0,766.0
2025-02-16,2025-02-22,Public Utilities,52307.0,717.0
2025-02-23,2025-03-01,Public Utilities,81525.0,955.0
2025-03-02,2025-03-08,Public Utilities,64008.0,922.0
2025-03-09,2025-03-15,Public Utilities,54897.0,834.0
2025-03-16,2025-03-22,Public Utilities,52411.0,782.0
2025-03-23,2025-03-29,Public Utilities,62240.0,892.0
2025-03-30,2025-04-05,Public Utilities,32514.0,555.0
2025-04-06,2025-04-12,Public Utilities,50264.0,717.0
2025-04-13,2025-04-19,Public Utilities,45850.0,675.0
2025-04-20,2025-04-26,Public Utilities,43892.0,670.0
2025-04-27,2025-05-03,Public Utilities,56515.0,799.0
2025-05-04,2025-05-10,Public Utilities,49155.0,727.0
2025-05-11,2025-05-17,Public Utilities,47046.0,724.0
2025-05-18,2025-05-24,Public Utilities,42853.0,658.0
2025-05-25,2025-05-31,Public Utilities,55334.0,744.0
2025-06-01,2025-06-07,Public Utilities,45842.0,753.0
2025-06-08,2025-06-14,Public Utilities,39240.0,665.0
2025-06-15,2025-06-21,Public Utilities,40617.0,657.0
2025-06-22,2025-06-28,Public Utilities,52296.0,690.0
2025-06-29,2025-07-05,Public Utilities,56917.0,740.0
2025-07-06,2025-07-12,Public Utilities,48432.0,693.0
2025-09-21,2025-09-27,Public Utilities,46519.0,727.0
2025-09-28,2025-10-04,Public Utilities,60538.0,871.0
2025-10-05,2025-10-11,Public Utilities,50310.0,781.0
2025-10-12,2025-10-18,Public Utilities,47753.0,736.0
2025-10-19,2025-10-25,Public Utilities,44438.0,699.0
2025-10-26,2025-11-01,Public Utilities,58925.0,848.0
2025-11-02,2025-11-08,Public Utilities,51102.0,778.0
2025-11-09,2025-11-15,Public Utilities,49156.0,774.0
2025-11-16,2025-11-22,Public Utilities,45632.0,706.0
2025-11-23,2025-11-29,Public Utilities,52051.0,766.0
2025-11-30,2025-12-06,Public Utilities,54747.0,814.0
2025-12-07,2025-12-13,Public Utilities,51650.0,855.0
2025-12-14,2025-12-20,Public Utilities,47607.0,752.0
2025-12-21,2025-12-27,Public Utilities,47829.0,748.0
2025-12-28,2026-01-03,Public Utilities,61306.0,895.0
2026-01-04,2026-01-10,Public Utilities,53322.0,814.0
2026-01-11,2026-01-17,Public Utilities,51223.0,814.0
2026-01-18,2026-01-24,Public Utilities,48870.0,777.0
2026-01-25,2026-01-31,Public Utilities,60802.0,902.0
2026-02-01,2026-02-07,Public Utilities,62220.0,932.0
2026-02-08,2026-02-14,Public Utilities,61658.0,930.0
2026-02-15,2026-02-21,Public Utilities,63064.0,1036.0
2026-02-22,2026-02-28,Public Utilities,60014.0,985.0
2026-03-01,2026-03-07,Public Utilities,62904.0,1020.0
2026-03-08,2026-03-14,Public Utilities,57976.0,966.0
2026-03-15,2026-03-21,Public Utilities,44511.0,805.0
2026-04-05,2026-04-11,Public Utilities,55130.0,897.0
2026-04-12,2026-04-18,Public Utilities,51268.0,862.0
2026-04-19,2026-04-25,Public Utilities,50288.0,822.0
2026-04-26,2026-05-02,Public Utilities,65136.0,1008.0
2026-05-03,2026-05-09,Public Utilities,56301.0,921.0
2026-05-10,2026-05-16,Public Utilities,54128.0,906.0
2026-05-17,2026-05-23,Public Utilities,54038.0,872.0
2026-05-24,2026-05-30,Public Utilities,49109.0,904.0
2026-05-31,2026-06-06,Public Utilities,56442.0,889.0
2026-06-07,2026-06-13,Public Utilities,54001.0,879.0
2026-06-14,2026-06-20,Public Utilities,47932.0,792.0
2026-06-21,2026-06-27,Public Utilities,47891.0,772.0
2026-06-28,2026-07-04,Public Utilities,66553.0,938.0
2026-07-05,2026-07-11,Public Utilities,58844.0,854.0
2026-07-12,2026-07-18,Public Utilities,54762.0,793.0
2026-07-19,2026-07-25,Public Utilities,50633.0,745.0
2026-07-26,2026-08-01,Public Utilities,64022.0,891.0
2026-08-02,2026-08-08,Public Utilities,56718.0,835.0
2020-05-10,2020-05-16,Recreation and Culture,258051.0,988.0
2020-05-17,2020-05-23,Recreation and Culture,293836.0,1251.0
2020-05-24,2020-05-30,Recreation and Culture,107697.0,396.0
2020-05-31,2020-06-06,Recreation and Culture,305827.0,1111.0
2020-06-07,2020-06-13,Recreation and Culture,249400.0,950.0
2020-06-14,2020-06-20,Recreation and Culture,227960.0,877.0
2020-06-20,2020-06-26,Recreation and Culture,294910.0,1104.0
2020-06-28,2020-07-04,Recreation and Culture,342110.0,1334.0
2020-07-05,2020-07-11,Recreation and Culture,205892.0,1100.0
2020-07-12,2020-07-18,Recreation and Culture,201088.0,1037.0
2020-07-19,2020-07-25,Recreation and Culture,203655.0,1043.0
2020-07-26,2020-08-01,Recreation and Culture,292865.0,1561.0
2020-08-02,2020-08-08,Recreation and Culture,201752.0,1030.0
2020-08-09,2020-08-15,Recreation and Culture,202006.0,1078.0
2020-08-16,2020-08-22,Recreation and Culture,234765.0,1053.0
2020-08-23,2020-08-29,Recreation and Culture,402810.0,1362.0
2020-08-30,2020-09-05,Recreation and Culture,362180.0,1659.0
2020-09-06,2020-09-12,Recreation and Culture,283817.0,1607.0
2020-09-13,2020-09-19,Recreation and Culture,231787.0,1441.0
2020-09-20,2020-09-26,Recreation and Culture,237763.0,1389.0
2020-09-27,2020-10-03,Recreation and Culture,282833.0,1639.0
2020-10-04,2020-10-10,Recreation and Culture,246089.0,1459.0
2020-10-11,2020-10-17,Recreation and Culture,221903.0,1319.0
2020-10-18,2020-10-24,Recreation and Culture,213059.0,1242.0
2020-10-25,2020-10-31,Recreation and Culture,296556.0,1577.0
2020-11-01,2020-11-07,Recreation and Culture,253854.0,1447.0
2020-11-08,2020-11-14,Recreation and Culture,216883.0,1344.0
2020-11-15,2020-11-21,Recreation and Culture,219469.0,1252.0
2020-11-22,2020-11-28,Recreation and Culture,278100.0,1388.0
2020-11-29,2020-12-05,Recreation and Culture,312222.0,1508.0
2020-12-06,2020-12-12,Recreation and Culture,286461.0,1438.0
2020-12-13,2020-12-19,Recreation and Culture,247786.0,1355.0
2020-12-20,2020-12-26,Recreation and Culture,255320.0,1284.0
2020-12-27,2021-01-02,Recreation and Culture,407423.0,1893.0
2021-01-03,2021-01-09,Recreation and Culture,305764.0,1503.0
2021-01-10,2021-01-16,Recreation and Culture,292124.0,1425.0
2021-01-17,2021-01-23,Recreation and Culture,287334.0,1418.0
2021-01-24,2021-01-30,Recreation and Culture,332046.0,1780.0
2021-01-31,2021-02-06,Recreation and Culture,299543.0,1627.0
2021-02-07,2021-02-13,Recreation and Culture,274846.0,1431.0
2021-02-14,2021-02-20,Recreation and Culture,251403.0,1321.0
2021-02-21,2021-02-27,Recreation and Culture,236319.0,1221.0
2021-02-28,2021-03-06,Recreation and Culture,323571.0,1686.0
2021-03-07,2021-03-13,Recreation and Culture,261467.0,1538.0
2021-03-14,2021-03-20,Recreation and Culture,253603.0,1465.0
2021-03-21,2021-03-27,Recreation and Culture,253431.0,1464.0
2021-03-28,2021-04-03,Recreation and Culture,319309.0,1799.0
2021-04-04,2021-04-10,Recreation and Culture,267637.0,1650.0
2021-04-11,2021-04-17,Recreation and Culture,214138.0,1359.0
2021-04-18,2021-04-24,Recreation and Culture,207760.0,1178.0
2021-04-25,2021-05-01,Recreation and Culture,352827.0,1769.0
2021-05-02,2021-05-08,Recreation and Culture,368125.0,1919.0
2021-05-09,2021-05-15,Recreation and Culture,316254.0,1910.0
2021-05-16,2021-05-22,Recreation and Culture,205890.0,1154.0
2021-05-23,2021-05-29,Recreation and Culture,257690.0,1455.0
2021-05-30,2021-06-05,Recreation and Culture,262914.0,1579.0
2021-06-06,2021-06-12,Recreation and Culture,235876.0,1483.0
2021-06-13,2021-06-19,Recreation and Culture,219084.0,1353.0
2021-06-20,2021-06-26,Recreation and Culture,215429.0,1336.0
2021-06-27,2021-07-03,Recreation and Culture,284199.0,1722.0
2021-07-04,2021-07-10,Recreation and Culture,237952.0,1532.0
2021-07-11,2021-07-17,Recreation and Culture,249716.0,1568.0
2021-07-18,2021-07-24,Recreation and Culture,175791.0,1201.0
2021-07-25,2021-07-31,Recreation and Culture,246253.0,1575.0
2021-08-01,2021-08-07,Recreation and Culture,234550.0,1555.0
2021-08-08,2021-08-14,Recreation and Culture,230163.0,1521.0
2021-08-15,2021-08-21,Recreation and Culture,217155.0,1382.0
2021-08-22,2021-08-28,Recreation and Culture,361070.0,2051.0
2021-08-29,2021-09-04,Recreation and Culture,357948.0,2402.0
2021-09-05,2021-09-11,Recreation and Culture,275442.0,2244.0
2021-09-12,2021-09-18,Recreation and Culture,226793.0,1954.0
2021-09-19,2021-09-25,Recreation and Culture,265626.0,1776.0
2021-09-26,2021-10-02,Recreation and Culture,345613.0,2169.0
2021-10-03,2021-10-09,Recreation and Culture,269294.0,1968.0
2021-10-10,2021-10-16,Recreation and Culture,267773.0,1765.0
2021-10-17,2021-10-23,Recreation and Culture,231298.0,1591.0
2021-10-24,2021-10-30,Recreation and Culture,279695.0,1953.0
2021-10-31,2021-11-06,Recreation and Culture,270403.0,1927.0
2021-11-07,2021-11-13,Recreation and Culture,243580.0,1861.0
2021-11-14,2021-11-20,Recreation and Culture,222256.0,1713.0
2021-11-21,2021-11-27,Recreation and Culture,273733.0,1607.0
2021-11-28,2021-12-04,Recreation and Culture,343861.0,2103.0
2021-12-05,2021-12-11,Recreation and Culture,297408.0,2091.0
2021-12-12,2021-12-18,Recreation and Culture,247064.0,1844.0
2021-12-19,2021-12-25,Recreation and Culture,241576.0,1719.0
2021-12-26,2022-01-01,Recreation and Culture,357798.0,2156.0
2022-01-02,2022-01-08,Recreation and Culture,306732.0,1825.0
2022-01-09,2022-01-15,Recreation and Culture,266179.0,1648.0
2022-01-16,2022-01-22,Recreation and Culture,274529.0,1925.0
2022-01-23,2022-01-29,Recreation and Culture,319743.0,2404.0
2022-01-30,2022-02-05,Recreation and Culture,310916.0,2245.0
2022-02-06,2022-02-12,Recreation and Culture,272735.0,2137.0
2022-02-13,2022-02-19,Recreation and Culture,258885.0,2079.0
2022-02-20,2022-02-26,Recreation and Culture,249025.0,1780.0
2022-02-27,2022-03-05,Recreation and Culture,338363.0,2517.0
2022-03-06,2022-03-12,Recreation and Culture,298033.0,2071.0
2022-03-13,2022-03-19,Recreation and Culture,298156.0,1938.0
2022-03-20,2022-03-26,Recreation and Culture,290406.0,2412.0
2022-03-27,2022-04-02,Recreation and Culture,358524.0,2654.0
2022-04-03,2022-04-09,Recreation and Culture,249624.0,1800.0
2022-04-10,2022-04-16,Recreation and Culture,242327.0,1873.0
2022-04-17,2022-04-23,Recreation and Culture,252618.0,1645.0
2022-04-24,2022-04-30,Recreation and Culture,447356.0,2722.0
2022-05-01,2022-05-07,Recreation and Culture,265661.0,1818.0
2022-05-08,2022-05-14,Recreation and Culture,221230.0,1885.0
2022-05-15,2022-05-21,Recreation and Culture,207159.0,1868.0
2022-05-22,2022-05-28,Recreation and Culture,253767.0,2024.0
2022-05-29,2022-06-04,Recreation and Culture,268040.0,2255.0
2022-06-05,2022-06-11,Recreation and Culture,256514.0,2074.0
2022-06-12,2022-06-18,Recreation and Culture,245471.0,1911.0
2022-06-19,2022-06-25,Recreation and Culture,243263.0,1990.0
2022-06-26,2022-07-02,Recreation and Culture,394404.0,2464.0
2022-07-03,2022-07-09,Recreation and Culture,342805.0,2177.0
2022-07-10,2022-07-16,Recreation and Culture,221362.0,1586.0
2022-07-17,2022-07-23,Recreation and Culture,203864.0,1538.0
2022-07-24,2022-07-30,Recreation and Culture,280745.0,1977.0
2022-07-31,2022-08-06,Recreation and Culture,266165.0,1939.0
2022-08-07,2022-08-13,Recreation and Culture,245836.0,1829.0
2022-08-14,2022-08-20,Recreation and Culture,251852.0,1806.0
2022-08-21,2022-08-27,Recreation and Culture,336210.0,2260.0
2022-08-28,2022-09-03,Recreation and Culture,420895.0,3491.0
2022-09-04,2022-09-10,Recreation and Culture,305253.0,3071.0
2022-09-11,2022-09-17,Recreation and Culture,276990.0,2715.0
2022-09-18,2022-09-24,Recreation and Culture,293958.0,2274.0
2022-09-25,2022-10-01,Recreation and Culture,319316.0,2831.0
2022-10-02,2022-10-08,Recreation and Culture,286214.0,2785.0
2022-10-09,2022-10-15,Recreation and Culture,259936.0,2272.0
2022-10-16,2022-10-22,Recreation and Culture,240656.0,2046.0
2022-10-23,2022-10-29,Recreation and Culture,286789.0,2345.0
2022-10-30,2022-11-05,Recreation and Culture,278400.0,2436.0
2022-11-06,2022-11-12,Recreation and Culture,239411.0,2229.0
2022-11-13,2022-11-19,Recreation and Culture,229145.0,2288.0
2022-11-20,2022-11-26,Recreation and Culture,220663.0,1707.0
2022-11-27,2022-12-03,Recreation and Culture,364046.0,2361.0
2022-12-04,2022-12-10,Recreation and Culture,280648.0,2541.0
2022-12-11,2022-12-17,Recreation and Culture,284056.0,2613.0
2022-12-18,2022-12-24,Recreation and Culture,254512.0,2296.0
2022-12-25,2022-12-31,Recreation and Culture,380835.0,2605.0
2023-01-01,2023-01-07,Recreation and Culture,304813.0,2216.0
2023-01-08,2023-01-14,Recreation and Culture,252311.0,2163.0
2023-01-15,2023-01-21,Recreation and Culture,244487.0,1982.0
2023-01-22,2023-01-28,Recreation and Culture,252843.0,1937.0
2023-01-29,2023-02-04,Recreation and Culture,306129.0,2490.0
2023-02-05,2023-02-11,Recreation and Culture,262624.0,2355.0
2023-02-12,2023-02-18,Recreation and Culture,255334.0,2362.0
2023-02-19,2023-02-25,Recreation and Culture,238919.0,2158.0
2023-02-26,2023-03-04,Recreation and Culture,341186.0,2482.0
2023-03-05,2023-03-11,Recreation and Culture,317148.0,2342.0
2023-03-12,2023-03-18,Recreation and Culture,287590.0,2620.0
2023-03-19,2023-03-25,Recreation and Culture,242327.0,2213.0
2023-03-26,2023-04-01,Recreation and Culture,295434.0,2227.0
2023-04-02,2023-04-08,Recreation and Culture,292656.0,2174.0
2023-04-09,2023-04-15,Recreation and Culture,303433.0,2072.0
2023-04-16,2023-04-22,Recreation and Culture,317432.0,2233.0
2023-04-23,2023-04-29,Recreation and Culture,270604.0,1961.0
2023-04-30,2023-05-06,Recreation and Culture,271586.0,2614.0
2023-05-07,2023-05-13,Recreation and Culture,241569.0,2419.0
2023-05-14,2023-05-20,Recreation and Culture,217816.0,2058.0
2023-05-21,2023-05-27,Recreation and Culture,227934.0,1984.0
2023-05-28,2023-06-03,Recreation and Culture,311125.0,2550.0
2023-06-04,2023-06-10,Recreation and Culture,272870.0,2497.0
2023-06-11,2023-06-17,Recreation and Culture,273886.0,2679.0
2023-06-18,2023-06-24,Recreation and Culture,342598.0,2299.0
2023-06-25,2023-07-01,Recreation and Culture,352908.0,2298.0
2023-07-02,2023-07-08,Recreation and Culture,274271.0,1995.0
2023-07-09,2023-07-15,Recreation and Culture,244170.0,1975.0
2023-07-16,2023-07-22,Recreation and Culture,221527.0,1776.0
2023-07-23,2023-07-29,Recreation and Culture,265425.0,1996.0
2023-07-30,2023-08-05,Recreation and Culture,300937.0,2274.0
2023-08-06,2023-08-12,Recreation and Culture,279175.0,2147.0
2023-08-13,2023-08-19,Recreation and Culture,305519.0,2309.0
2023-08-20,2023-08-26,Recreation and Culture,310327.0,2944.0
2023-08-27,2023-09-02,Recreation and Culture,367515.0,3499.0
2023-09-03,2023-09-09,Recreation and Culture,280335.0,2915.0
2023-09-10,2023-09-16,Recreation and Culture,250479.0,2715.0
2023-09-17,2023-09-23,Recreation and Culture,260564.0,2354.0
2023-09-24,2023-09-30,Recreation and Culture,327403.0,2985.0
2023-10-01,2023-10-07,Recreation and Culture,307118.0,2935.0
2023-10-08,2023-10-14,Recreation and Culture,263519.0,2501.0
2023-10-15,2023-10-21,Recreation and Culture,225453.0,2172.0
2023-10-22,2023-10-28,Recreation and Culture,259789.0,2350.0
2023-10-29,2023-11-04,Recreation and Culture,301053.0,2550.0
2023-11-05,2023-11-11,Recreation and Culture,277380.0,2797.0
2023-11-12,2023-11-18,Recreation and Culture,272604.0,2229.0
2023-11-19,2023-11-25,Recreation and Culture,305888.0,2020.0
2023-11-26,2023-12-02,Recreation and Culture,426646.0,3462.0
2023-12-03,2023-12-09,Recreation and Culture,325609.0,3092.0
2023-12-10,2023-12-16,Recreation and Culture,286079.0,2612.0
2023-12-17,2023-12-23,Recreation and Culture,265949.0,2511.0
2023-12-24,2023-12-30,Recreation and Culture,363160.0,3002.0
2023-12-31,2024-01-06,Recreation and Culture,347828.0,2795.0
2024-01-07,2024-01-13,Recreation and Culture,301104.0,2358.0
2024-01-14,2024-01-20,Recreation and Culture,245039.0,2217.0
2024-01-21,2024-01-27,Recreation and Culture,256121.0,2210.0
2024-01-28,2024-02-03,Recreation and Culture,339998.0,2878.0
2024-02-04,2024-02-10,Recreation and Culture,281460.0,2612.0
2024-02-11,2024-02-17,Recreation and Culture,281811.0,2836.0
2024-02-18,2024-02-24,Recreation and Culture,285889.0,2152.0
2024-02-25,2024-03-02,Recreation and Culture,356119.0,2578.0
2024-03-03,2024-03-09,Recreation and Culture,318366.0,3048.0
2024-03-10,2024-03-16,Recreation and Culture,224061.0,2071.0
2024-03-17,2024-03-23,Recreation and Culture,246451.0,1882.0
2024-03-24,2024-03-30,Recreation and Culture,308992.0,2018.0
2024-03-31,2024-04-06,Recreation and Culture,398036.0,2561.0
2024-04-07,2024-04-13,Recreation and Culture,311474.0,2267.0
2024-04-14,2024-04-20,Recreation and Culture,210164.0,2026.0
2024-04-21,2024-04-27,Recreation and Culture,214277.0,2356.0
2024-04-28,2024-05-04,Recreation and Culture,293506.0,2611.0
2024-05-05,2024-05-11,Recreation and Culture,249688.0,2450.0
2024-05-12,2024-05-18,Recreation and Culture,240494.0,2307.0
2024-05-19,2024-05-25,Recreation and Culture,232990.0,2190.0
2024-05-26,2024-06-01,Recreation and Culture,323604.0,2881.0
2024-06-02,2024-06-08,Recreation and Culture,311957.0,2711.0
2024-06-09,2024-06-15,Recreation and Culture,348584.0,2354.0
2024-06-16,2024-06-22,Recreation and Culture,211264.0,1557.0
2024-06-23,2024-06-29,Recreation and Culture,257753.0,1965.0
2024-06-30,2024-07-06,Recreation and Culture,275382.0,2228.0
2024-07-07,2024-07-13,Recreation and Culture,237876.0,2047.0
2024-07-14,2024-07-20,Recreation and Culture,215602.0,1814.0
2024-07-21,2024-07-27,Recreation and Culture,222808.0,1817.0
2024-07-28,2024-08-03,Recreation and Culture,316506.0,2401.0
2024-08-04,2024-08-10,Recreation and Culture,284672.0,2208.0
2024-08-11,2024-08-17,Recreation and Culture,318197.0,2499.0
2024-08-18,2024-08-24,Recreation and Culture,294076.0,2926.0
2024-08-25,2024-08-31,Recreation and Culture,334261.0,3325.0
2024-09-01,2024-09-07,Recreation and Culture,293458.0,3100.0
2024-09-08,2024-09-14,Recreation and Culture,246716.0,2807.0
2024-09-15,2024-09-21,Recreation and Culture,247350.0,2383.0
2024-09-22,2024-09-28,Recreation and Culture,308293.0,2871.0
2024-09-29,2024-10-05,Recreation and Culture,301043.0,3065.0
2024-10-06,2024-10-12,Recreation and Culture,293006.0,2646.0
2024-10-13,2024-10-19,Recreation and Culture,239656.0,2265.0
2024-10-20,2024-10-26,Recreation and Culture,210540.0,2194.0
2024-10-27,2024-11-02,Recreation and Culture,296595.0,2999.0
2024-11-03,2024-11-09,Recreation and Culture,309479.0,2457.0
2024-11-10,2024-11-16,Recreation and Culture,309537.0,2341.0
2024-11-17,2024-11-23,Recreation and Culture,265523.0,2685.0
2024-11-24,2024-11-30,Recreation and Culture,310739.0,2941.0
2024-12-01,2024-12-07,Recreation and Culture,299716.0,2851.0
2024-12-08,2024-12-14,Recreation and Culture,260371.0,2355.0
2024-12-15,2024-12-21,Recreation and Culture,224178.0,2327.0
2024-12-22,2024-12-28,Recreation and Culture,286309.0,2637.0
2024-12-29,2025-01-04,Recreation and Culture,328633.0,2598.0
2025-01-05,2025-01-11,Recreation and Culture,276372.0,2242.0
2025-01-12,2025-01-18,Recreation and Culture,221898.0,2068.0
2025-01-19,2025-01-25,Recreation and Culture,214383.0,2041.0
2025-01-26,2025-02-01,Recreation and Culture,301140.0,2700.0
2025-02-02,2025-02-08,Recreation and Culture,269673.0,2560.0
2025-02-09,2025-02-15,Recreation and Culture,267474.0,2826.0
2025-02-16,2025-02-22,Recreation and Culture,269754.0,2408.0
2025-02-23,2025-03-01,Recreation and Culture,338139.0,2576.0
2025-03-02,2025-03-08,Recreation and Culture,266522.0,2387.0
2025-03-09,2025-03-15,Recreation and Culture,261965.0,2324.0
2025-03-16,2025-03-22,Recreation and Culture,299976.0,2124.0
2025-03-23,2025-03-29,Recreation and Culture,491973.0,3287.0
2025-03-30,2025-04-05,Recreation and Culture,265233.0,2051.0
2025-04-06,2025-04-12,Recreation and Culture,250598.0,2581.0
2025-04-13,2025-04-19,Recreation and Culture,227119.0,2428.0
2025-04-20,2025-04-26,Recreation and Culture,210410.0,2435.0
2025-04-27,2025-05-03,Recreation and Culture,291647.0,2884.0
2025-05-04,2025-05-10,Recreation and Culture,252966.0,2503.0
2025-05-11,2025-05-17,Recreation and Culture,229483.0,2449.0
2025-05-18,2025-05-24,Recreation and Culture,227679.0,2271.0
2025-05-25,2025-05-31,Recreation and Culture,324369.0,2597.0
2025-06-01,2025-06-07,Recreation and Culture,293183.0,2340.0
2025-06-08,2025-06-14,Recreation and Culture,231439.0,2318.0
2025-06-15,2025-06-21,Recreation and Culture,197358.0,2200.0
2025-06-22,2025-06-28,Recreation and Culture,294652.0,2267.0
2025-06-29,2025-07-05,Recreation and Culture,287788.0,2324.0
2025-07-06,2025-07-12,Recreation and Culture,259885.0,2229.0
2025-09-21,2025-09-27,Recreation and Culture,378978.0,4010.0
2025-09-28,2025-10-04,Recreation and Culture,436247.0,4900.0
2025-10-05,2025-10-11,Recreation and Culture,338632.0,4408.0
2025-10-12,2025-10-18,Recreation and Culture,289322.0,4268.0
2025-10-19,2025-10-25,Recreation and Culture,268533.0,3824.0
2025-10-26,2025-11-01,Recreation and Culture,372251.0,4555.0
2025-11-02,2025-11-08,Recreation and Culture,324394.0,4094.0
2025-11-09,2025-11-15,Recreation and Culture,301902.0,3988.0
2025-11-16,2025-11-22,Recreation and Culture,301647.0,3544.0
2025-11-23,2025-11-29,Recreation and Culture,384344.0,4022.0
2025-11-30,2025-12-06,Recreation and Culture,359769.0,4211.0
2025-12-07,2025-12-13,Recreation and Culture,326345.0,4036.0
2025-12-14,2025-12-20,Recreation and Culture,287818.0,3543.0
2025-12-21,2025-12-27,Recreation and Culture,322816.0,3699.0
2025-12-28,2026-01-03,Recreation and Culture,450519.0,4997.0
2026-01-04,2026-01-10,Recreation and Culture,375245.0,4026.0
2026-01-11,2026-01-17,Recreation and Culture,365428.0,3865.0
2026-01-18,2026-01-24,Recreation and Culture,320019.0,3958.0
2026-01-25,2026-01-31,Recreation and Culture,401138.0,4680.0
2026-02-01,2026-02-07,Recreation and Culture,385337.0,4661.0
2026-02-08,2026-02-14,Recreation and Culture,358140.0,4457.0
2026-02-15,2026-02-21,Recreation and Culture,296196.0,3452.0
2026-02-22,2026-02-28,Recreation and Culture,323434.0,3618.0
2026-03-01,2026-03-07,Recreation and Culture,338554.0,3582.0
2026-03-08,2026-03-14,Recreation and Culture,331426.0,3467.0
2026-03-15,2026-03-21,Recreation and Culture,339198.0,3685.0
2026-04-05,2026-04-11,Recreation and Culture,344516.0,4226.0
2026-04-12,2026-04-18,Recreation and Culture,295463.0,3795.0
2026-04-19,2026-04-25,Recreation and Culture,278693.0,3582.0
2026-04-26,2026-05-02,Recreation and Culture,394383.0,4716.0
2026-05-03,2026-05-09,Recreation and Culture,345215.0,4367.0
2026-05-10,2026-05-16,Recreation and Culture,320475.0,4135.0
2026-05-17,2026-05-23,Recreation and Culture,341452.0,3749.0
2026-05-24,2026-05-30,Recreation and Culture,389883.0,4080.0
2026-05-31,2026-06-06,Recreation and Culture,357785.0,3973.0
2026-06-07,2026-06-13,Recreation and Culture,328382.0,4306.0
2026-06-14,2026-06-20,Recreation and Culture,308023.0,3825.0
2026-06-21,2026-06-27,Recreation and Culture,329927.0,3462.0
2026-06-28,2026-07-04,Recreation and Culture,450558.0,4400.0
2026-07-05,2026-07-11,Recreation and Culture,360460.0,3932.0
2026-07-12,2026-07-18,Recreation and Culture,319281.0,3636.0
2026-07-19,2026-07-25,Recreation and Culture,297210.0,3451.0
2026-07-26,2026-08-01,Recreation and Culture,412907.0,4408.0
2026-08-02,2026-08-08,Recreation and Culture,369746.0,4169.0
2020-05-10,2020-05-16,Restaurants & Café,346378.0,5184.0
2020-05-17,2020-05-23,Restaurants & Café,543945.0,6388.0
2020-05-24,2020-05-30,Restaurants & Café,395465.0,6468.0
2020-05-31,2020-06-06,Restaurants & Café,620262.0,11884.0
2020-06-07,2020-06-13,Restaurants & Café,554641.0,11135.0
2020-06-14,2020-06-20,Restaurants & Café,534431.0,10926.0
2020-06-20,2020-06-26,Restaurants & Café,716333.0,14063.0
2020-06-28,2020-07-04,Restaurants & Café,901167.0,16307.0
2020-07-05,2020-07-11,Restaurants & Café,845980.0,16214.0
2020-07-12,2020-07-18,Restaurants & Café,806897.0,15809.0
2020-07-19,2020-07-25,Restaurants & Café,804372.0,15710.0
2020-07-26,2020-08-01,Restaurants & Café,1076292.0,17745.0
2020-08-02,2020-08-08,Restaurants & Café,929366.0,16624.0
2020-08-09,2020-08-15,Restaurants & Café,899832.0,17460.0
2020-08-16,2020-08-22,Restaurants & Café,857957.0,16849.0
2020-08-23,2020-08-29,Restaurants & Café,958094.0,18173.0
2020-08-30,2020-09-05,Restaurants & Café,1024316.0,19862.0
2020-09-06,2020-09-12,Restaurants & Café,954998.0,19322.0
2020-09-13,2020-09-19,Restaurants & Café,894098.0,18455.0
2020-09-20,2020-09-26,Restaurants & Café,1028385.0,19528.0
2020-09-27,2020-10-03,Restaurants & Café,1098519.0,21264.0
2020-10-04,2020-10-10,Restaurants & Café,996365.0,20381.0
2020-10-11,2020-10-17,Restaurants & Café,947650.0,19939.0
2020-10-18,2020-10-24,Restaurants & Café,897608.0,18986.0
2020-10-25,2020-10-31,Restaurants & Café,1128994.0,22077.0
2020-11-01,2020-11-07,Restaurants & Café,1060760.0,21756.0
2020-11-08,2020-11-14,Restaurants & Café,1012264.0,21336.0
2020-11-15,2020-11-21,Restaurants & Café,964937.0,20551.0
2020-11-22,2020-11-28,Restaurants & Café,1098177.0,22136.0
2020-11-29,2020-12-05,Restaurants & Café,1163627.0,23571.0
2020-12-06,2020-12-12,Restaurants & Café,1054448.0,22369.0
2020-12-13,2020-12-19,Restaurants & Café,994627.0,21558.0
2020-12-20,2020-12-26,Restaurants & Café,993855.0,21238.0
2020-12-27,2021-01-02,Restaurants & Café,1360377.0,25872.0
2021-01-03,2021-01-09,Restaurants & Café,1250201.0,24298.0
2021-01-10,2021-01-16,Restaurants & Café,1192864.0,24008.0
2021-01-17,2021-01-23,Restaurants & Café,982647.0,21270.0
2021-01-24,2021-01-30,Restaurants & Café,1212070.0,24480.0
2021-01-31,2021-02-06,Restaurants & Café,1080130.0,23904.0
2021-02-07,2021-02-13,Restaurants & Café,885684.0,21655.0
2021-02-14,2021-02-20,Restaurants & Café,841728.0,20979.0
2021-02-21,2021-02-27,Restaurants & Café,832127.0,20542.0
2021-02-28,2021-03-06,Restaurants & Café,1052606.0,24382.0
2021-03-07,2021-03-13,Restaurants & Café,1103640.0,24964.0
2021-03-14,2021-03-20,Restaurants & Café,1079084.0,24485.0
2021-03-21,2021-03-27,Restaurants & Café,1091641.0,24455.0
2021-03-28,2021-04-03,Restaurants & Café,1324556.0,28106.0
2021-04-04,2021-04-10,Restaurants & Café,1203099.0,26729.0
2021-04-11,2021-04-17,Restaurants & Café,757164.0,17587.0
2021-04-18,2021-04-24,Restaurants & Café,662357.0,15197.0
2021-04-25,2021-05-01,Restaurants & Café,933114.0,19213.0
2021-05-02,2021-05-08,Restaurants & Café,993086.0,19616.0
2021-05-09,2021-05-15,Restaurants & Café,1337859.0,22127.0
2021-05-16,2021-05-22,Restaurants & Café,1122716.0,24686.0
2021-05-23,2021-05-29,Restaurants & Café,1271083.0,27928.0
2021-05-30,2021-06-05,Restaurants & Café,1343907.0,29768.0
2021-06-06,2021-06-12,Restaurants & Café,1271310.0,29077.0
2021-06-13,2021-06-19,Restaurants & Café,1167264.0,27472.0
2021-06-20,2021-06-26,Restaurants & Café,1157242.0,27052.0
2021-06-27,2021-07-03,Restaurants & Café,1405087.0,31111.0
2021-07-04,2021-07-10,Restaurants & Café,1267334.0,29610.0
2021-07-11,2021-07-17,Restaurants & Café,1238216.0,29253.0
2021-07-18,2021-07-24,Restaurants & Café,1164330.0,23442.0
2021-07-25,2021-07-31,Restaurants & Café,1327084.0,29912.0
2021-08-01,2021-08-07,Restaurants & Café,1287179.0,30334.0
2021-08-08,2021-08-14,Restaurants & Café,1250023.0,29898.0
2021-08-15,2021-08-21,Restaurants & Café,1118526.0,27505.0
2021-08-22,2021-08-28,Restaurants & Café,1309043.0,30394.0
2021-08-29,2021-09-04,Restaurants & Café,1294672.0,31206.0
2021-09-05,2021-09-11,Restaurants & Café,1243712.0,31132.0
2021-09-12,2021-09-18,Restaurants & Café,1149082.0,29718.0
2021-09-19,2021-09-25,Restaurants & Café,1245476.0,29817.0
2021-09-26,2021-10-02,Restaurants & Café,1393560.0,33270.0
2021-10-03,2021-10-09,Restaurants & Café,1297431.0,32450.0
2021-10-10,2021-10-16,Restaurants & Café,1274980.0,32284.0
2021-10-17,2021-10-23,Restaurants & Café,1192596.0,30093.0
2021-10-24,2021-10-30,Restaurants & Café,1402730.0,33869.0
2021-10-31,2021-11-06,Restaurants & Café,1407271.0,34394.0
2021-11-07,2021-11-13,Restaurants & Café,1316713.0,33730.0
2021-11-14,2021-11-20,Restaurants & Café,1198947.0,31628.0
2021-11-21,2021-11-27,Restaurants & Café,1323261.0,32732.0
2021-11-28,2021-12-04,Restaurants & Café,1695677.0,37140.0
2021-12-05,2021-12-11,Restaurants & Café,1385615.0,34635.0
2021-12-12,2021-12-18,Restaurants & Café,1302899.0,33192.0
2021-12-19,2021-12-25,Restaurants & Café,1230751.0,31576.0
2021-12-26,2022-01-01,Restaurants & Café,1598649.0,38167.0
2022-01-02,2022-01-08,Restaurants & Café,1452884.0,35482.0
2022-01-09,2022-01-15,Restaurants & Café,1494256.0,35659.0
2022-01-16,2022-01-22,Restaurants & Café,1196973.0,31743.0
2022-01-23,2022-01-29,Restaurants & Café,1426198.0,35646.0
2022-01-30,2022-02-05,Restaurants & Café,1554218.0,37924.0
2022-02-06,2022-02-12,Restaurants & Café,1383662.0,36407.0
2022-02-13,2022-02-19,Restaurants & Café,1319564.0,35367.0
2022-02-20,2022-02-26,Restaurants & Café,1465088.0,36142.0
2022-02-27,2022-03-05,Restaurants & Café,1602669.0,40263.0
2022-03-06,2022-03-12,Restaurants & Café,1545887.0,40202.0
2022-03-13,2022-03-19,Restaurants & Café,1575063.0,37880.0
2022-03-20,2022-03-26,Restaurants & Café,1411797.0,37021.0
2022-03-27,2022-04-02,Restaurants & Café,1623598.0,40717.0
2022-04-03,2022-04-09,Restaurants & Café,897207.0,22727.0
2022-04-10,2022-04-16,Restaurants & Café,1027107.0,25097.0
2022-04-17,2022-04-23,Restaurants & Café,1040378.0,24845.0
2022-04-24,2022-04-30,Restaurants & Café,1660677.0,32317.0
2022-05-01,2022-05-07,Restaurants & Café,1825351.0,35620.0
2022-05-08,2022-05-14,Restaurants & Café,1403494.0,38248.0
2022-05-15,2022-05-21,Restaurants & Café,1323485.0,36726.0
2022-05-22,2022-05-28,Restaurants & Café,1628420.0,40646.0
2022-05-29,2022-06-04,Restaurants & Café,1583233.0,41671.0
2022-06-05,2022-06-11,Restaurants & Café,1513771.0,41170.0
2022-06-12,2022-06-18,Restaurants & Café,1469731.0,39272.0
2022-06-19,2022-06-25,Restaurants & Café,1323106.0,36357.0
2022-06-26,2022-07-02,Restaurants & Café,1775615.0,44642.0
2022-07-03,2022-07-09,Restaurants & Café,1719390.0,40141.0
2022-07-10,2022-07-16,Restaurants & Café,1491572.0,35803.0
2022-07-17,2022-07-23,Restaurants & Café,1329772.0,36316.0
2022-07-24,2022-07-30,Restaurants & Café,1673967.0,41981.0
2022-07-31,2022-08-06,Restaurants & Café,1620886.0,42092.0
2022-08-07,2022-08-13,Restaurants & Café,1560108.0,40954.0
2022-08-14,2022-08-20,Restaurants & Café,1497832.0,39821.0
2022-08-21,2022-08-27,Restaurants & Café,1479535.0,39474.0
2022-08-28,2022-09-03,Restaurants & Café,1663686.0,44015.0
2022-09-04,2022-09-10,Restaurants & Café,1457630.0,41360.0
2022-09-11,2022-09-17,Restaurants & Café,1423391.0,41297.0
2022-09-18,2022-09-24,Restaurants & Café,1509728.0,40795.0
2022-09-25,2022-10-01,Restaurants & Café,1653322.0,44472.0
2022-10-02,2022-10-08,Restaurants & Café,1544588.0,43788.0
2022-10-09,2022-10-15,Restaurants & Café,1544909.0,43620.0
2022-10-16,2022-10-22,Restaurants & Café,1410027.0,39821.0
2022-10-23,2022-10-29,Restaurants & Café,1621051.0,43969.0
2022-10-30,2022-11-05,Restaurants & Café,1653114.0,45348.0
2022-11-06,2022-11-12,Restaurants & Café,1576090.0,44158.0
2022-11-13,2022-11-19,Restaurants & Café,1439506.0,42390.0
2022-11-20,2022-11-26,Restaurants & Café,1531568.0,41964.0
2022-11-27,2022-12-03,Restaurants & Café,1993062.0,48616.0
2022-12-04,2022-12-10,Restaurants & Café,1588600.0,44625.0
2022-12-11,2022-12-17,Restaurants & Café,1581394.0,45287.0
2022-12-18,2022-12-24,Restaurants & Café,1441691.0,41689.0
2022-12-25,2022-12-31,Restaurants & Café,1823163.0,48234.0
2023-01-01,2023-01-07,Restaurants & Café,1713036.0,46381.0
2023-01-08,2023-01-14,Restaurants & Café,1644321.0,45886.0
2023-01-15,2023-01-21,Restaurants & Café,1516549.0,42789.0
2023-01-22,2023-01-28,Restaurants & Café,1522190.0,41668.0
2023-01-29,2023-02-04,Restaurants & Café,1767285.0,49307.0
2023-02-05,2023-02-11,Restaurants & Café,1677125.0,47825.0
2023-02-12,2023-02-18,Restaurants & Café,1557547.0,45419.0
2023-02-19,2023-02-25,Restaurants & Café,1578710.0,44356.0
2023-02-26,2023-03-04,Restaurants & Café,1985419.0,52927.0
2023-03-05,2023-03-11,Restaurants & Café,1973004.0,51549.0
2023-03-12,2023-03-18,Restaurants & Café,1653130.0,47624.0
2023-03-19,2023-03-25,Restaurants & Café,1238943.0,37015.0
2023-03-26,2023-04-01,Restaurants & Café,1236735.0,32218.0
2023-04-02,2023-04-08,Restaurants & Café,1338026.0,34653.0
2023-04-09,2023-04-15,Restaurants & Café,1402898.0,35368.0
2023-04-16,2023-04-22,Restaurants & Café,1790583.0,37034.0
2023-04-23,2023-04-29,Restaurants & Café,1934591.0,48082.0
2023-04-30,2023-05-06,Restaurants & Café,1763729.0,51670.0
2023-05-07,2023-05-13,Restaurants & Café,1721895.0,51439.0
2023-05-14,2023-05-20,Restaurants & Café,1588494.0,48328.0
2023-05-21,2023-05-27,Restaurants & Café,1659220.0,48679.0
2023-05-28,2023-06-03,Restaurants & Café,2017234.0,54756.0
2023-06-04,2023-06-10,Restaurants & Café,1728386.0,50719.0
2023-06-11,2023-06-17,Restaurants & Café,1706795.0,50724.0
2023-06-18,2023-06-24,Restaurants & Café,1751215.0,49384.0
2023-06-25,2023-07-01,Restaurants & Café,2082077.0,47640.0
2023-07-02,2023-07-08,Restaurants & Café,1747116.0,48156.0
2023-07-09,2023-07-15,Restaurants & Café,1720977.0,49882.0
2023-07-16,2023-07-22,Restaurants & Café,1579839.0,46387.0
2023-07-23,2023-07-29,Restaurants & Café,1755953.0,48899.0
2023-07-30,2023-08-05,Restaurants & Café,1908749.0,52587.0
2023-08-06,2023-08-12,Restaurants & Café,1813657.0,51437.0
2023-08-13,2023-08-19,Restaurants & Café,1638677.0,48648.0
2023-08-20,2023-08-26,Restaurants & Café,1505523.0,46232.0
2023-08-27,2023-09-02,Restaurants & Café,1849344.0,54029.0
2023-09-03,2023-09-09,Restaurants & Café,1655866.0,51089.0
2023-09-10,2023-09-16,Restaurants & Café,1636248.0,51386.0
2023-09-17,2023-09-23,Restaurants & Café,1638499.0,50292.0
2023-09-24,2023-09-30,Restaurants & Café,1807176.0,52182.0
2023-10-01,2023-10-07,Restaurants & Café,1751079.0,54388.0
2023-10-08,2023-10-14,Restaurants & Café,1686652.0,53183.0
2023-10-15,2023-10-21,Restaurants & Café,1529958.0,49362.0
2023-10-22,2023-10-28,Restaurants & Café,1804435.0,53723.0
2023-10-29,2023-11-04,Restaurants & Café,1917441.0,56830.0
2023-11-05,2023-11-11,Restaurants & Café,1748604.0,54895.0
2023-11-12,2023-11-18,Restaurants & Café,1756779.0,54021.0
2023-11-19,2023-11-25,Restaurants & Café,1791217.0,51011.0
2023-11-26,2023-12-02,Restaurants & Café,1986865.0,57496.0
2023-12-03,2023-12-09,Restaurants & Café,1772513.0,54755.0
2023-12-10,2023-12-16,Restaurants & Café,1779771.0,54834.0
2023-12-17,2023-12-23,Restaurants & Café,1599914.0,50394.0
2023-12-24,2023-12-30,Restaurants & Café,1983327.0,56997.0
2023-12-31,2024-01-06,Restaurants & Café,1991213.0,57306.0
2024-01-07,2024-01-13,Restaurants & Café,2019463.0,56478.0
2024-01-14,2024-01-20,Restaurants & Café,1602436.0,50847.0
2024-01-21,2024-01-27,Restaurants & Café,1707851.0,52835.0
2024-01-28,2024-02-03,Restaurants & Café,2043135.0,59213.0
2024-02-04,2024-02-10,Restaurants & Café,1817583.0,56270.0
2024-02-11,2024-02-17,Restaurants & Café,1801314.0,56774.0
2024-02-18,2024-02-24,Restaurants & Café,1843265.0,55507.0
2024-02-25,2024-03-02,Restaurants & Café,2243060.0,60450.0
2024-03-03,2024-03-09,Restaurants & Café,1961939.0,58386.0
2024-03-10,2024-03-16,Restaurants & Café,1225844.0,36428.0
2024-03-17,2024-03-23,Restaurants & Café,1279615.0,35823.0
2024-03-24,2024-03-30,Restaurants & Café,1496980.0,38515.0
2024-03-31,2024-04-06,Restaurants & Café,1835158.0,44553.0
2024-04-07,2024-04-13,Restaurants & Café,2151949.0,47651.0
2024-04-14,2024-04-20,Restaurants & Café,1613514.0,50914.0
2024-04-21,2024-04-27,Restaurants & Café,1646082.0,52822.0
2024-04-28,2024-05-04,Restaurants & Café,2090474.0,60778.0
2024-05-05,2024-05-11,Restaurants & Café,1824272.0,57572.0
2024-05-12,2024-05-18,Restaurants & Café,1725943.0,54938.0
2024-05-19,2024-05-25,Restaurants & Café,1643162.0,52487.0
2024-05-26,2024-06-01,Restaurants & Café,2073533.0,61010.0
2024-06-02,2024-06-08,Restaurants & Café,1896152.0,58167.0
2024-06-09,2024-06-15,Restaurants & Café,2013391.0,56530.0
2024-06-16,2024-06-22,Restaurants & Café,1610982.0,44019.0
2024-06-23,2024-06-29,Restaurants & Café,1806086.0,52937.0
2024-06-30,2024-07-06,Restaurants & Café,1971786.0,57728.0
2024-07-07,2024-07-13,Restaurants & Café,1842814.0,55898.0
2024-07-14,2024-07-20,Restaurants & Café,1673682.0,51824.0
2024-07-21,2024-07-27,Restaurants & Café,1696664.0,52094.0
2024-07-28,2024-08-03,Restaurants & Café,2110223.0,60608.0
2024-08-04,2024-08-10,Restaurants & Café,1957000.0,59216.0
2024-08-11,2024-08-17,Restaurants & Café,1871199.0,58870.0
2024-08-18,2024-08-24,Restaurants & Café,1594594.0,53572.0
2024-08-25,2024-08-31,Restaurants & Café,1951412.0,61139.0
2024-09-01,2024-09-07,Restaurants & Café,1926100.0,61889.0
2024-09-08,2024-09-14,Restaurants & Café,1805361.0,60558.0
2024-09-15,2024-09-21,Restaurants & Café,1773804.0,58379.0
2024-09-22,2024-09-28,Restaurants & Café,1988800.0,60038.0
2024-09-29,2024-10-05,Restaurants & Café,1950826.0,63367.0
2024-10-06,2024-10-12,Restaurants & Café,1863281.0,61429.0
2024-10-13,2024-10-19,Restaurants & Café,1769330.0,58740.0
2024-10-20,2024-10-26,Restaurants & Café,1695745.0,56836.0
2024-10-27,2024-11-02,Restaurants & Café,2125307.0,65483.0
2024-11-03,2024-11-09,Restaurants & Café,1991103.0,63256.0
2024-11-10,2024-11-16,Restaurants & Café,2075742.0,61849.0
2024-11-17,2024-11-23,Restaurants & Café,1669690.0,56150.0
2024-11-24,2024-11-30,Restaurants & Café,2001715.0,62554.0
2024-12-01,2024-12-07,Restaurants & Café,1973320.0,62580.0
2024-12-08,2024-12-14,Restaurants & Café,1966517.0,61586.0
2024-12-15,2024-12-21,Restaurants & Café,1695581.0,56179.0
2024-12-22,2024-12-28,Restaurants & Café,1939673.0,59672.0
2024-12-29,2025-01-04,Restaurants & Café,2135760.0,63238.0
2025-01-05,2025-01-11,Restaurants & Café,2115087.0,62106.0
2025-01-12,2025-01-18,Restaurants & Café,1734319.0,56771.0
2025-01-19,2025-01-25,Restaurants & Café,1654029.0,55089.0
2025-01-26,2025-02-01,Restaurants & Café,2172361.0,64920.0
2025-02-02,2025-02-08,Restaurants & Café,1966055.0,62080.0
2025-02-09,2025-02-15,Restaurants & Café,1936425.0,62073.0
2025-02-16,2025-02-22,Restaurants & Café,1903717.0,60583.0
2025-02-23,2025-03-01,Restaurants & Café,2103089.0,59195.0
2025-03-02,2025-03-08,Restaurants & Café,1298511.0,37982.0
2025-03-09,2025-03-15,Restaurants & Café,1448386.0,41307.0
2025-03-16,2025-03-22,Restaurants & Café,1501780.0,41686.0
2025-03-23,2025-03-29,Restaurants & Café,2182073.0,49938.0
2025-03-30,2025-04-05,Restaurants & Café,2238903.0,56150.0
2025-04-06,2025-04-12,Restaurants & Café,1759487.0,58410.0
2025-04-13,2025-04-19,Restaurants & Café,1678147.0,56976.0
2025-04-20,2025-04-26,Restaurants & Café,1642117.0,55432.0
2025-04-27,2025-05-03,Restaurants & Café,2115412.0,65303.0
2025-05-04,2025-05-10,Restaurants & Café,1901301.0,61077.0
2025-05-11,2025-05-17,Restaurants & Café,1764003.0,59327.0
2025-05-18,2025-05-24,Restaurants & Café,1646028.0,56292.0
2025-05-25,2025-05-31,Restaurants & Café,2046098.0,63295.0
2025-06-01,2025-06-07,Restaurants & Café,2057239.0,57078.0
2025-06-08,2025-06-14,Restaurants & Café,1803002.0,55283.0
2025-06-15,2025-06-21,Restaurants & Café,1544745.0,55418.0
2025-06-22,2025-06-28,Restaurants & Café,1886642.0,59806.0
2025-06-29,2025-07-05,Restaurants & Café,1953552.0,61437.0
2025-07-06,2025-07-12,Restaurants & Café,1920901.0,61107.0
2025-09-21,2025-09-27,Restaurants & Café,1587866.0,54782.0
2025-09-28,2025-10-04,Restaurants & Café,1779726.0,60598.0
2025-10-05,2025-10-11,Restaurants & Café,1680005.0,59029.0
2025-10-12,2025-10-18,Restaurants & Café,1523287.0,55226.0
2025-10-19,2025-10-25,Restaurants & Café,1452342.0,53044.0
2025-10-26,2025-11-01,Restaurants & Café,1836404.0,61281.0
2025-11-02,2025-11-08,Restaurants & Café,1643329.0,57945.0
2025-11-09,2025-11-15,Restaurants & Café,1616841.0,57540.0
2025-11-16,2025-11-22,Restaurants & Café,1555869.0,54469.0
2025-11-23,2025-11-29,Restaurants & Café,1903262.0,58125.0
2025-11-30,2025-12-06,Restaurants & Café,1662675.0,56677.0
2025-12-07,2025-12-13,Restaurants & Café,1723668.0,58489.0
2025-12-14,2025-12-20,Restaurants & Café,1571718.0,54029.0
2025-12-21,2025-12-27,Restaurants & Café,1573046.0,54191.0
2025-12-28,2026-01-03,Restaurants & Café,1901774.0,60568.0
2026-01-04,2026-01-10,Restaurants & Café,1763663.0,58514.0
2026-01-11,2026-01-17,Restaurants & Café,1847414.0,58763.0
2026-01-18,2026-01-24,Restaurants & Café,1504825.0,52920.0
2026-01-25,2026-01-31,Restaurants & Café,1811178.0,60365.0
2026-02-01,2026-02-07,Restaurants & Café,1815367.0,61915.0
2026-02-08,2026-02-14,Restaurants & Café,1729862.0,60374.0
2026-02-15,2026-02-21,Restaurants & Café,1239502.0,44009.0
2026-02-22,2026-02-28,Restaurants & Café,1216931.0,38178.0
2026-03-01,2026-03-07,Restaurants & Café,1395723.0,42427.0
2026-03-08,2026-03-14,Restaurants & Café,1392442.0,42398.0
2026-03-15,2026-03-21,Restaurants & Café,1601667.0,43956.0
2026-04-05,2026-04-11,Restaurants & Café,1780565.0,61778.0
2026-04-12,2026-04-18,Restaurants & Café,1663083.0,58986.0
2026-04-19,2026-04-25,Restaurants & Café,1611004.0,57160.0
2026-04-26,2026-05-02,Restaurants & Café,1987443.0,65663.0
2026-05-03,2026-05-09,Restaurants & Café,1768456.0,61655.0
2026-05-10,2026-05-16,Restaurants & Café,1729401.0,61221.0
2026-05-17,2026-05-23,Restaurants & Café,1726050.0,58824.0
2026-05-24,2026-05-30,Restaurants & Café,1968185.0,55946.0
2026-05-31,2026-06-06,Restaurants & Café,1713132.0,58050.0
2026-06-07,2026-06-13,Restaurants & Café,1635603.0,58363.0
2026-06-14,2026-06-20,Restaurants & Café,1552223.0,56005.0
2026-06-21,2026-06-27,Restaurants & Café,1578012.0,54592.0
2026-06-28,2026-07-04,Restaurants & Café,2018337.0,64006.0
2026-07-05,2026-07-11,Restaurants & Café,1846589.0,60940.0
2026-07-12,2026-07-18,Restaurants & Café,1720622.0,57863.0
2026-07-19,2026-07-25,Restaurants & Café,1644006.0,55554.0
2026-07-26,2026-08-01,Restaurants & Café,2044388.0,63676.0
2026-08-02,2026-08-08,Restaurants & Café,1899926.0,61232.0
2020-05-10,2020-05-16,Telecommunication,61653.0,182.0
2020-05-17,2020-05-23,Telecommunication,68770.0,175.0
2020-05-24,2020-05-30,Telecommunication,37234.0,90.0
2020-05-31,2020-06-06,Telecommunication,82938.0,238.0
2020-06-07,2020-06-13,Telecommunication,68356.0,209.0
2020-06-14,2020-06-20,Telecommunication,63485.0,191.0
2020-06-20,2020-06-26,Telecommunication,79075.0,229.0
2020-06-28,2020-07-04,Telecommunication,102362.0,298.0
2020-07-05,2020-07-11,Telecommunication,51912.0,230.0
2020-07-12,2020-07-18,Telecommunication,47733.0,201.0
2020-07-19,2020-07-25,Telecommunication,47719.0,203.0
2020-07-26,2020-08-01,Telecommunication,63184.0,251.0
2020-08-02,2020-08-08,Telecommunication,39139.0,176.0
2020-08-09,2020-08-15,Telecommunication,49622.0,216.0
2020-08-16,2020-08-22,Telecommunication,46986.0,199.0
2020-08-23,2020-08-29,Telecommunication,72175.0,270.0
2020-08-30,2020-09-05,Telecommunication,78825.0,305.0
2020-09-06,2020-09-12,Telecommunication,71768.0,285.0
2020-09-13,2020-09-19,Telecommunication,61832.0,257.0
2020-09-20,2020-09-26,Telecommunication,50099.0,228.0
2020-09-27,2020-10-03,Telecommunication,74411.0,310.0
2020-10-04,2020-10-10,Telecommunication,58036.0,249.0
2020-10-11,2020-10-17,Telecommunication,50683.0,228.0
2020-10-18,2020-10-24,Telecommunication,53399.0,207.0
2020-10-25,2020-10-31,Telecommunication,73207.0,287.0
2020-11-01,2020-11-07,Telecommunication,63607.0,261.0
2020-11-08,2020-11-14,Telecommunication,67157.0,251.0
2020-11-15,2020-11-21,Telecommunication,66305.0,245.0
2020-11-22,2020-11-28,Telecommunication,78764.0,294.0
2020-11-29,2020-12-05,Telecommunication,84831.0,322.0
2020-12-06,2020-12-12,Telecommunication,75355.0,297.0
2020-12-13,2020-12-19,Telecommunication,67982.0,267.0
2020-12-20,2020-12-26,Telecommunication,64980.0,258.0
2020-12-27,2021-01-02,Telecommunication,97019.0,367.0
2021-01-03,2021-01-09,Telecommunication,74321.0,294.0
2021-01-10,2021-01-16,Telecommunication,68624.0,287.0
2021-01-17,2021-01-23,Telecommunication,66671.0,272.0
2021-01-24,2021-01-30,Telecommunication,87525.0,349.0
2021-01-31,2021-02-06,Telecommunication,76657.0,328.0
2021-02-07,2021-02-13,Telecommunication,68755.0,305.0
2021-02-14,2021-02-20,Telecommunication,63608.0,273.0
2021-02-21,2021-02-27,Telecommunication,64932.0,284.0
2021-02-28,2021-03-06,Telecommunication,109396.0,415.0
2021-03-07,2021-03-13,Telecommunication,90444.0,340.0
2021-03-14,2021-03-20,Telecommunication,85643.0,313.0
2021-03-21,2021-03-27,Telecommunication,85300.0,308.0
2021-03-28,2021-04-03,Telecommunication,122565.0,424.0
2021-04-04,2021-04-10,Telecommunication,102306.0,357.0
2021-04-11,2021-04-17,Telecommunication,101215.0,340.0
2021-04-18,2021-04-24,Telecommunication,100172.0,329.0
2021-04-25,2021-05-01,Telecommunication,154558.0,485.0
2021-05-02,2021-05-08,Telecommunication,141239.0,468.0
2021-05-09,2021-05-15,Telecommunication,96171.0,321.0
2021-05-16,2021-05-22,Telecommunication,72983.0,258.0
2021-05-23,2021-05-29,Telecommunication,103927.0,352.0
2021-05-30,2021-06-05,Telecommunication,105389.0,377.0
2021-06-06,2021-06-12,Telecommunication,94987.0,349.0
2021-06-13,2021-06-19,Telecommunication,85030.0,312.0
2021-06-20,2021-06-26,Telecommunication,86044.0,315.0
2021-06-27,2021-07-03,Telecommunication,132466.0,456.0
2021-07-04,2021-07-10,Telecommunication,109194.0,393.0
2021-07-11,2021-07-17,Telecommunication,108534.0,405.0
2021-07-18,2021-07-24,Telecommunication,57573.0,215.0
2021-07-25,2021-07-31,Telecommunication,102322.0,398.0
2021-08-01,2021-08-07,Telecommunication,90897.0,376.0
2021-08-08,2021-08-14,Telecommunication,87761.0,377.0
2021-08-15,2021-08-21,Telecommunication,78938.0,333.0
2021-08-22,2021-08-28,Telecommunication,126702.0,483.0
2021-08-29,2021-09-04,Telecommunication,126413.0,501.0
2021-09-05,2021-09-11,Telecommunication,95950.0,427.0
2021-09-12,2021-09-18,Telecommunication,78824.0,367.0
2021-09-19,2021-09-25,Telecommunication,84024.0,352.0
2021-09-26,2021-10-02,Telecommunication,124629.0,502.0
2021-10-03,2021-10-09,Telecommunication,102571.0,418.0
2021-10-10,2021-10-16,Telecommunication,102531.0,391.0
2021-10-17,2021-10-23,Telecommunication,78083.0,345.0
2021-10-24,2021-10-30,Telecommunication,107662.0,449.0
2021-10-31,2021-11-06,Telecommunication,102284.0,435.0
2021-11-07,2021-11-13,Telecommunication,97359.0,410.0
2021-11-14,2021-11-20,Telecommunication,85954.0,359.0
2021-11-21,2021-11-27,Telecommunication,90963.0,386.0
2021-11-28,2021-12-04,Telecommunication,125156.0,518.0
2021-12-05,2021-12-11,Telecommunication,110382.0,460.0
2021-12-12,2021-12-18,Telecommunication,85829.0,387.0
2021-12-19,2021-12-25,Telecommunication,80217.0,367.0
2021-12-26,2022-01-01,Telecommunication,117258.0,513.0
2022-01-02,2022-01-08,Telecommunication,96898.0,447.0
2022-01-09,2022-01-15,Telecommunication,85377.0,394.0
2022-01-16,2022-01-22,Telecommunication,79361.0,358.0
2022-01-23,2022-01-29,Telecommunication,109807.0,462.0
2022-01-30,2022-02-05,Telecommunication,104258.0,458.0
2022-02-06,2022-02-12,Telecommunication,84949.0,400.0
2022-02-13,2022-02-19,Telecommunication,78484.0,362.0
2022-02-20,2022-02-26,Telecommunication,79740.0,372.0
2022-02-27,2022-03-05,Telecommunication,118890.0,516.0
2022-03-06,2022-03-12,Telecommunication,95314.0,428.0
2022-03-13,2022-03-19,Telecommunication,89792.0,398.0
2022-03-20,2022-03-26,Telecommunication,93488.0,395.0
2022-03-27,2022-04-02,Telecommunication,131262.0,534.0
2022-04-03,2022-04-09,Telecommunication,104893.0,441.0
2022-04-10,2022-04-16,Telecommunication,98512.0,426.0
2022-04-17,2022-04-23,Telecommunication,104717.0,426.0
2022-04-24,2022-04-30,Telecommunication,164620.0,637.0
2022-05-01,2022-05-07,Telecommunication,61382.0,276.0
2022-05-08,2022-05-14,Telecommunication,77429.0,370.0
2022-05-15,2022-05-21,Telecommunication,71602.0,339.0
2022-05-22,2022-05-28,Telecommunication,92713.0,424.0
2022-05-29,2022-06-04,Telecommunication,101324.0,461.0
2022-06-05,2022-06-11,Telecommunication,89019.0,427.0
2022-06-12,2022-06-18,Telecommunication,86098.0,389.0
2022-06-19,2022-06-25,Telecommunication,88743.0,374.0
2022-06-26,2022-07-02,Telecommunication,150989.0,587.0
2022-07-03,2022-07-09,Telecommunication,112483.0,502.0
2022-07-10,2022-07-16,Telecommunication,58703.0,300.0
2022-07-17,2022-07-23,Telecommunication,71850.0,354.0
2022-07-24,2022-07-30,Telecommunication,95852.0,474.0
2022-07-31,2022-08-06,Telecommunication,93721.0,454.0
2022-08-07,2022-08-13,Telecommunication,90940.0,433.0
2022-08-14,2022-08-20,Telecommunication,80247.0,399.0
2022-08-21,2022-08-27,Telecommunication,86459.0,420.0
2022-08-28,2022-09-03,Telecommunication,116355.0,555.0
2022-09-04,2022-09-10,Telecommunication,84557.0,449.0
2022-09-11,2022-09-17,Telecommunication,86733.0,434.0
2022-09-18,2022-09-24,Telecommunication,78852.0,387.0
2022-09-25,2022-10-01,Telecommunication,132998.0,529.0
2022-10-02,2022-10-08,Telecommunication,100367.0,460.0
2022-10-09,2022-10-15,Telecommunication,101345.0,415.0
2022-10-16,2022-10-22,Telecommunication,96704.0,380.0
2022-10-23,2022-10-29,Telecommunication,111729.0,481.0
2022-10-30,2022-11-05,Telecommunication,102534.0,486.0
2022-11-06,2022-11-12,Telecommunication,85842.0,427.0
2022-11-13,2022-11-19,Telecommunication,93145.0,405.0
2022-11-20,2022-11-26,Telecommunication,82597.0,390.0
2022-11-27,2022-12-03,Telecommunication,127106.0,563.0
2022-12-04,2022-12-10,Telecommunication,92181.0,450.0
2022-12-11,2022-12-17,Telecommunication,85104.0,438.0
2022-12-18,2022-12-24,Telecommunication,78952.0,388.0
2022-12-25,2022-12-31,Telecommunication,114754.0,530.0
2023-01-01,2023-01-07,Telecommunication,95323.0,480.0
2023-01-08,2023-01-14,Telecommunication,89202.0,455.0
2023-01-15,2023-01-21,Telecommunication,90532.0,411.0
2023-01-22,2023-01-28,Telecommunication,95658.0,437.0
2023-01-29,2023-02-04,Telecommunication,105444.0,537.0
2023-02-05,2023-02-11,Telecommunication,89379.0,490.0
2023-02-12,2023-02-18,Telecommunication,82481.0,442.0
2023-02-19,2023-02-25,Telecommunication,77209.0,427.0
2023-02-26,2023-03-04,Telecommunication,124508.0,656.0
2023-03-05,2023-03-11,Telecommunication,96664.0,540.0
2023-03-12,2023-03-18,Telecommunication,86193.0,488.0
2023-03-19,2023-03-25,Telecommunication,83679.0,441.0
2023-03-26,2023-04-01,Telecommunication,126353.0,604.0
2023-04-02,2023-04-08,Telecommunication,116492.0,597.0
2023-04-09,2023-04-15,Telecommunication,111340.0,587.0
2023-04-16,2023-04-22,Telecommunication,91109.0,491.0
2023-04-23,2023-04-29,Telecommunication,83262.0,516.0
2023-04-30,2023-05-06,Telecommunication,98418.0,599.0
2023-05-07,2023-05-13,Telecommunication,86199.0,560.0
2023-05-14,2023-05-20,Telecommunication,77505.0,500.0
2023-05-21,2023-05-27,Telecommunication,87530.0,556.0
2023-05-28,2023-06-03,Telecommunication,130136.0,747.0
2023-06-04,2023-06-10,Telecommunication,103947.0,612.0
2023-06-11,2023-06-17,Telecommunication,95993.0,621.0
2023-06-18,2023-06-24,Telecommunication,101066.0,622.0
2023-06-25,2023-07-01,Telecommunication,94892.0,653.0
2023-07-02,2023-07-08,Telecommunication,86023.0,609.0
2023-07-09,2023-07-15,Telecommunication,82917.0,621.0
2023-07-16,2023-07-22,Telecommunication,74515.0,547.0
2023-07-23,2023-07-29,Telecommunication,100047.0,695.0
2023-07-30,2023-08-05,Telecommunication,102336.0,730.0
2023-08-06,2023-08-12,Telecommunication,94343.0,691.0
2023-08-13,2023-08-19,Telecommunication,84666.0,647.0
2023-08-20,2023-08-26,Telecommunication,86651.0,689.0
2023-08-27,2023-09-02,Telecommunication,119984.0,899.0
2023-09-03,2023-09-09,Telecommunication,83449.0,735.0
2023-09-10,2023-09-16,Telecommunication,82249.0,766.0
2023-09-17,2023-09-23,Telecommunication,81217.0,728.0
2023-09-24,2023-09-30,Telecommunication,126110.0,1039.0
2023-10-01,2023-10-07,Telecommunication,112244.0,970.0
2023-10-08,2023-10-14,Telecommunication,100005.0,922.0
2023-10-15,2023-10-21,Telecommunication,83530.0,850.0
2023-10-22,2023-10-28,Telecommunication,108949.0,945.0
2023-10-29,2023-11-04,Telecommunication,109563.0,815.0
2023-11-05,2023-11-11,Telecommunication,110844.0,782.0
2023-11-12,2023-11-18,Telecommunication,90783.0,721.0
2023-11-19,2023-11-25,Telecommunication,89971.0,654.0
2023-11-26,2023-12-02,Telecommunication,140583.0,985.0
2023-12-03,2023-12-09,Telecommunication,104810.0,768.0
2023-12-10,2023-12-16,Telecommunication,94492.0,764.0
2023-12-17,2023-12-23,Telecommunication,81327.0,652.0
2023-12-24,2023-12-30,Telecommunication,123453.0,921.0
2023-12-31,2024-01-06,Telecommunication,113582.0,884.0
2024-01-07,2024-01-13,Telecommunication,96366.0,800.0
2024-01-14,2024-01-20,Telecommunication,85838.0,670.0
2024-01-21,2024-01-27,Telecommunication,96043.0,761.0
2024-01-28,2024-02-03,Telecommunication,133040.0,995.0
2024-02-04,2024-02-10,Telecommunication,97663.0,769.0
2024-02-11,2024-02-17,Telecommunication,96927.0,766.0
2024-02-18,2024-02-24,Telecommunication,88718.0,729.0
2024-02-25,2024-03-02,Telecommunication,140043.0,1113.0
2024-03-03,2024-03-09,Telecommunication,113049.0,943.0
2024-03-10,2024-03-16,Telecommunication,98986.0,860.0
2024-03-17,2024-03-23,Telecommunication,101985.0,871.0
2024-03-24,2024-03-30,Telecommunication,130966.0,1042.0
2024-03-31,2024-04-06,Telecommunication,136702.0,1166.0
2024-04-07,2024-04-13,Telecommunication,74962.0,853.0
2024-04-14,2024-04-20,Telecommunication,80293.0,912.0
2024-04-21,2024-04-27,Telecommunication,91427.0,1110.0
2024-04-28,2024-05-04,Telecommunication,134284.0,1422.0
2024-05-05,2024-05-11,Telecommunication,105638.0,1267.0
2024-05-12,2024-05-18,Telecommunication,95014.0,1147.0
2024-05-19,2024-05-25,Telecommunication,95012.0,1151.0
2024-05-26,2024-06-01,Telecommunication,148632.0,1574.0
2024-06-02,2024-06-08,Telecommunication,116129.0,1403.0
2024-06-09,2024-06-15,Telecommunication,125830.0,1464.0
2024-06-16,2024-06-22,Telecommunication,62064.0,1014.0
2024-06-23,2024-06-29,Telecommunication,116483.0,1437.0
2024-06-30,2024-07-06,Telecommunication,125453.0,1535.0
2024-07-07,2024-07-13,Telecommunication,102935.0,1409.0
2024-07-14,2024-07-20,Telecommunication,89584.0,1294.0
2024-07-21,2024-07-27,Telecommunication,96881.0,1387.0
2024-07-28,2024-08-03,Telecommunication,139343.0,1749.0
2024-08-04,2024-08-10,Telecommunication,106819.0,1501.0
2024-08-11,2024-08-17,Telecommunication,104956.0,1509.0
2024-08-18,2024-08-24,Telecommunication,92954.0,1399.0
2024-08-25,2024-08-31,Telecommunication,131956.0,1725.0
2024-09-01,2024-09-07,Telecommunication,120875.0,1726.0
2024-09-08,2024-09-14,Telecommunication,98264.0,1567.0
2024-09-15,2024-09-21,Telecommunication,96173.0,1469.0
2024-09-22,2024-09-28,Telecommunication,116334.0,1667.0
2024-09-29,2024-10-05,Telecommunication,136555.0,1903.0
2024-10-06,2024-10-12,Telecommunication,121507.0,1696.0
2024-10-13,2024-10-19,Telecommunication,103608.0,1564.0
2024-10-20,2024-10-26,Telecommunication,103449.0,1567.0
2024-10-27,2024-11-02,Telecommunication,157105.0,2014.0
2024-11-03,2024-11-09,Telecommunication,126533.0,1826.0
2024-11-10,2024-11-16,Telecommunication,117177.0,1778.0
2024-11-17,2024-11-23,Telecommunication,104028.0,1667.0
2024-11-24,2024-11-30,Telecommunication,143332.0,1982.0
2024-12-01,2024-12-07,Telecommunication,138845.0,2003.0
2024-12-08,2024-12-14,Telecommunication,114211.0,1820.0
2024-12-15,2024-12-21,Telecommunication,102274.0,1635.0
2024-12-22,2024-12-28,Telecommunication,132510.0,1861.0
2024-12-29,2025-01-04,Telecommunication,140912.0,2009.0
2025-01-05,2025-01-11,Telecommunication,112209.0,1812.0
2025-01-12,2025-01-18,Telecommunication,99526.0,1628.0
2025-01-19,2025-01-25,Telecommunication,96678.0,1633.0
2025-01-26,2025-02-01,Telecommunication,155421.0,2093.0
2025-02-02,2025-02-08,Telecommunication,119238.0,1867.0
2025-02-09,2025-02-15,Telecommunication,108605.0,1807.0
2025-02-16,2025-02-22,Telecommunication,102808.0,1698.0
2025-02-23,2025-03-01,Telecommunication,146940.0,2065.0
2025-03-02,2025-03-08,Telecommunication,117988.0,1778.0
2025-03-09,2025-03-15,Telecommunication,114644.0,1743.0
2025-03-16,2025-03-22,Telecommunication,114837.0,1720.0
2025-03-23,2025-03-29,Telecommunication,165821.0,2161.0
2025-03-30,2025-04-05,Telecommunication,86621.0,1758.0
2025-04-06,2025-04-12,Telecommunication,111474.0,1871.0
2025-04-13,2025-04-19,Telecommunication,96092.0,1732.0
2025-04-20,2025-04-26,Telecommunication,94018.0,1774.0
2025-04-27,2025-05-03,Telecommunication,136452.0,2212.0
2025-05-04,2025-05-10,Telecommunication,104105.0,1905.0
2025-05-11,2025-05-17,Telecommunication,98396.0,1904.0
2025-05-18,2025-05-24,Telecommunication,94264.0,1784.0
2025-05-25,2025-05-31,Telecommunication,136255.0,2139.0
2025-06-01,2025-06-07,Telecommunication,119722.0,2140.0
2025-06-08,2025-06-14,Telecommunication,85199.0,1807.0
2025-06-15,2025-06-21,Telecommunication,89326.0,1864.0
2025-06-22,2025-06-28,Telecommunication,123899.0,2051.0
2025-06-29,2025-07-05,Telecommunication,136090.0,2356.0
2025-07-06,2025-07-12,Telecommunication,117630.0,2305.0
2025-09-21,2025-09-27,Telecommunication,155734.0,3815.0
2025-09-28,2025-10-04,Telecommunication,227012.0,4695.0
2025-10-05,2025-10-11,Telecommunication,176135.0,4216.0
2025-10-12,2025-10-18,Telecommunication,153085.0,3907.0
2025-10-19,2025-10-25,Telecommunication,150761.0,3832.0
2025-10-26,2025-11-01,Telecommunication,242157.0,4897.0
2025-11-02,2025-11-08,Telecommunication,183170.0,4281.0
2025-11-09,2025-11-15,Telecommunication,173941.0,4093.0
2025-11-16,2025-11-22,Telecommunication,165127.0,3849.0
2025-11-23,2025-11-29,Telecommunication,210962.0,4434.0
2025-11-30,2025-12-06,Telecommunication,206821.0,4480.0
2025-12-07,2025-12-13,Telecommunication,174666.0,4258.0
2025-12-14,2025-12-20,Telecommunication,155715.0,3852.0
2025-12-21,2025-12-27,Telecommunication,171588.0,4132.0
2025-12-28,2026-01-03,Telecommunication,255415.0,5053.0
2026-01-04,2026-01-10,Telecommunication,188419.0,4391.0
2026-01-11,2026-01-17,Telecommunication,180567.0,4261.0
2026-01-18,2026-01-24,Telecommunication,155433.0,4003.0
2026-01-25,2026-01-31,Telecommunication,228613.0,4930.0
2026-02-01,2026-02-07,Telecommunication,214298.0,4991.0
2026-02-08,2026-02-14,Telecommunication,173599.0,4606.0
2026-02-15,2026-02-21,Telecommunication,160148.0,4108.0
2026-02-22,2026-02-28,Telecommunication,196318.0,4250.0
2026-03-01,2026-03-07,Telecommunication,212814.0,4477.0
2026-03-08,2026-03-14,Telecommunication,188900.0,4276.0
2026-03-15,2026-03-21,Telecommunication,173596.0,4165.0
2026-04-05,2026-04-11,Telecommunication,182950.0,4738.0
2026-04-12,2026-04-18,Telecommunication,159088.0,4463.0
2026-04-19,2026-04-25,Telecommunication,154216.0,4446.0
2026-04-26,2026-05-02,Telecommunication,243602.0,5538.0
2026-05-03,2026-05-09,Telecommunication,184891.0,4996.0
2026-05-10,2026-05-16,Telecommunication,173014.0,4799.0
2026-05-17,2026-05-23,Telecommunication,175246.0,4623.0
2026-05-24,2026-05-30,Telecommunication,205364.0,5125.0
2026-05-31,2026-06-06,Telecommunication,191214.0,4871.0
2026-06-07,2026-06-13,Telecommunication,177482.0,4756.0
2026-06-14,2026-06-20,Telecommunication,162013.0,4526.0
2026-06-21,2026-06-27,Telecommunication,179782.0,4767.0
2026-06-28,2026-07-04,Telecommunication,264425.0,5687.0
2026-07-05,2026-07-11,Telecommunication,194956.0,5073.0
2026-07-12,2026-07-18,Telecommunication,168791.0,4738.0
2026-07-19,2026-07-25,Telecommunication,160791.0,4680.0
2026-07-26,2026-08-01,Telecommunication,246158.0,5704.0
2026-08-02,2026-08-08,Telecommunication,192466.0,5225.0
2020-05-10,2020-05-16,Transportation,303122.0,489.0
2020-05-17,2020-05-23,Transportation,292471.0,428.0
2020-05-24,2020-05-30,Transportation,136610.0,337.0
2020-05-31,2020-06-06,Transportation,639716.0,899.0
2020-06-07,2020-06-13,Transportation,566403.0,778.0
2020-06-14,2020-06-20,Transportation,568469.0,730.0
2020-06-20,2020-06-26,Transportation,691225.0,853.0
2020-06-28,2020-07-04,Transportation,602763.0,1087.0
2020-07-05,2020-07-11,Transportation,376855.0,893.0
2020-07-12,2020-07-18,Transportation,370173.0,840.0
2020-07-19,2020-07-25,Transportation,377546.0,833.0
2020-07-26,2020-08-01,Transportation,370613.0,898.0
2020-08-02,2020-08-08,Transportation,293193.0,822.0
2020-08-09,2020-08-15,Transportation,402451.0,905.0
2020-08-16,2020-08-22,Transportation,386625.0,835.0
2020-08-23,2020-08-29,Transportation,446006.0,977.0
2020-08-30,2020-09-05,Transportation,457201.0,1050.0
2020-09-06,2020-09-12,Transportation,402379.0,964.0
2020-09-13,2020-09-19,Transportation,400922.0,903.0
2020-09-20,2020-09-26,Transportation,386177.0,903.0
2020-09-27,2020-10-03,Transportation,510200.0,1144.0
2020-10-04,2020-10-10,Transportation,418466.0,985.0
2020-10-11,2020-10-17,Transportation,395239.0,952.0
2020-10-18,2020-10-24,Transportation,391679.0,883.0
2020-10-25,2020-10-31,Transportation,536176.0,1168.0
2020-11-01,2020-11-07,Transportation,428322.0,1051.0
2020-11-08,2020-11-14,Transportation,408807.0,993.0
2020-11-15,2020-11-21,Transportation,412268.0,939.0
2020-11-22,2020-11-28,Transportation,444680.0,1094.0
2020-11-29,2020-12-05,Transportation,464751.0,1155.0
2020-12-06,2020-12-12,Transportation,425701.0,1041.0
2020-12-13,2020-12-19,Transportation,410806.0,954.0
2020-12-20,2020-12-26,Transportation,416525.0,931.0
2020-12-27,2021-01-02,Transportation,561324.0,1290.0
2021-01-03,2021-01-09,Transportation,443536.0,1107.0
2021-01-10,2021-01-16,Transportation,428341.0,1069.0
2021-01-17,2021-01-23,Transportation,394789.0,914.0
2021-01-24,2021-01-30,Transportation,507593.0,1190.0
2021-01-31,2021-02-06,Transportation,461468.0,1153.0
2021-02-07,2021-02-13,Transportation,419162.0,1086.0
2021-02-14,2021-02-20,Transportation,397244.0,1014.0
2021-02-21,2021-02-27,Transportation,430559.0,1016.0
2021-02-28,2021-03-06,Transportation,539661.0,1387.0
2021-03-07,2021-03-13,Transportation,446628.0,1165.0
2021-03-14,2021-03-20,Transportation,435357.0,1113.0
2021-03-21,2021-03-27,Transportation,442613.0,1111.0
2021-03-28,2021-04-03,Transportation,548558.0,1407.0
2021-04-04,2021-04-10,Transportation,472428.0,1227.0
2021-04-11,2021-04-17,Transportation,410897.0,1064.0
2021-04-18,2021-04-24,Transportation,432042.0,1007.0
2021-04-25,2021-05-01,Transportation,570749.0,1373.0
2021-05-02,2021-05-08,Transportation,524694.0,1320.0
2021-05-09,2021-05-15,Transportation,275114.0,935.0
2021-05-16,2021-05-22,Transportation,393016.0,1105.0
2021-05-23,2021-05-29,Transportation,571761.0,1405.0
2021-05-30,2021-06-05,Transportation,573887.0,1470.0
2021-06-06,2021-06-12,Transportation,535536.0,1382.0
2021-06-13,2021-06-19,Transportation,505098.0,1251.0
2021-06-20,2021-06-26,Transportation,493962.0,1256.0
2021-06-27,2021-07-03,Transportation,628191.0,1643.0
2021-07-04,2021-07-10,Transportation,555154.0,1437.0
2021-07-11,2021-07-17,Transportation,542745.0,1475.0
2021-07-18,2021-07-24,Transportation,197549.0,851.0
2021-07-25,2021-07-31,Transportation,577351.0,1618.0
2021-08-01,2021-08-07,Transportation,524793.0,1492.0
2021-08-08,2021-08-14,Transportation,501703.0,1431.0
2021-08-15,2021-08-21,Transportation,462820.0,1289.0
2021-08-22,2021-08-28,Transportation,570677.0,1550.0
2021-08-29,2021-09-04,Transportation,573618.0,1598.0
2021-09-05,2021-09-11,Transportation,519227.0,1515.0
2021-09-12,2021-09-18,Transportation,489386.0,1394.0
2021-09-19,2021-09-25,Transportation,456133.0,1321.0
2021-09-26,2021-10-02,Transportation,607869.0,1769.0
2021-10-03,2021-10-09,Transportation,503247.0,1568.0
2021-10-10,2021-10-16,Transportation,487427.0,1497.0
2021-10-17,2021-10-23,Transportation,455722.0,1344.0
2021-10-24,2021-10-30,Transportation,578270.0,1697.0
2021-10-31,2021-11-06,Transportation,554187.0,1696.0
2021-11-07,2021-11-13,Transportation,507312.0,1592.0
2021-11-14,2021-11-20,Transportation,499910.0,1478.0
2021-11-21,2021-11-27,Transportation,515311.0,1580.0
2021-11-28,2021-12-04,Transportation,617894.0,1978.0
2021-12-05,2021-12-11,Transportation,519248.0,1682.0
2021-12-12,2021-12-18,Transportation,484804.0,1489.0
2021-12-19,2021-12-25,Transportation,488698.0,1404.0
2021-12-26,2022-01-01,Transportation,599479.0,1921.0
2022-01-02,2022-01-08,Transportation,526417.0,1731.0
2022-01-09,2022-01-15,Transportation,490436.0,1606.0
2022-01-16,2022-01-22,Transportation,450027.0,1399.0
2022-01-23,2022-01-29,Transportation,549241.0,1688.0
2022-01-30,2022-02-05,Transportation,544626.0,1773.0
2022-02-06,2022-02-12,Transportation,513031.0,1594.0
2022-02-13,2022-02-19,Transportation,474858.0,1490.0
2022-02-20,2022-02-26,Transportation,483824.0,1551.0
2022-02-27,2022-03-05,Transportation,625712.0,1972.0
2022-03-06,2022-03-12,Transportation,561183.0,1804.0
2022-03-13,2022-03-19,Transportation,543471.0,1690.0
2022-03-20,2022-03-26,Transportation,535070.0,1638.0
2022-03-27,2022-04-02,Transportation,644623.0,2095.0
2022-04-03,2022-04-09,Transportation,557750.0,1691.0
2022-04-10,2022-04-16,Transportation,589807.0,1689.0
2022-04-17,2022-04-23,Transportation,608365.0,1660.0
2022-04-24,2022-04-30,Transportation,689448.0,2236.0
2022-05-01,2022-05-07,Transportation,236763.0,1274.0
2022-05-08,2022-05-14,Transportation,577016.0,1708.0
2022-05-15,2022-05-21,Transportation,558799.0,1576.0
2022-05-22,2022-05-28,Transportation,641272.0,1931.0
2022-05-29,2022-06-04,Transportation,659746.0,1995.0
2022-06-05,2022-06-11,Transportation,613113.0,1914.0
2022-06-12,2022-06-18,Transportation,608135.0,1789.0
2022-06-19,2022-06-25,Transportation,587511.0,1659.0
2022-06-26,2022-07-02,Transportation,769059.0,2336.0
2022-07-03,2022-07-09,Transportation,588525.0,1962.0
2022-07-10,2022-07-16,Transportation,323861.0,1444.0
2022-07-17,2022-07-23,Transportation,568369.0,1639.0
2022-07-24,2022-07-30,Transportation,676321.0,2127.0
2022-07-31,2022-08-06,Transportation,621820.0,2033.0
2022-08-07,2022-08-13,Transportation,612556.0,2013.0
2022-08-14,2022-08-20,Transportation,620336.0,1914.0
2022-08-21,2022-08-27,Transportation,646872.0,1934.0
2022-08-28,2022-09-03,Transportation,736801.0,2372.0
2022-09-04,2022-09-10,Transportation,604402.0,1972.0
2022-09-11,2022-09-17,Transportation,596294.0,1931.0
2022-09-18,2022-09-24,Transportation,565555.0,1820.0
2022-09-25,2022-10-01,Transportation,729820.0,2282.0
2022-10-02,2022-10-08,Transportation,610666.0,2073.0
2022-10-09,2022-10-15,Transportation,591088.0,1984.0
2022-10-16,2022-10-22,Transportation,574042.0,1753.0
2022-10-23,2022-10-29,Transportation,690010.0,2152.0
2022-10-30,2022-11-05,Transportation,706197.0,2224.0
2022-11-06,2022-11-12,Transportation,629630.0,2084.0
2022-11-13,2022-11-19,Transportation,602543.0,1931.0
2022-11-20,2022-11-26,Transportation,536582.0,1879.0
2022-11-27,2022-12-03,Transportation,720653.0,2567.0
2022-12-04,2022-12-10,Transportation,575739.0,2071.0
2022-12-11,2022-12-17,Transportation,593163.0,2075.0
2022-12-18,2022-12-24,Transportation,547791.0,1827.0
2022-12-25,2022-12-31,Transportation,723377.0,2395.0
2023-01-01,2023-01-07,Transportation,542391.0,2182.0
2023-01-08,2023-01-14,Transportation,582909.0,2164.0
2023-01-15,2023-01-21,Transportation,551645.0,1944.0
2023-01-22,2023-01-28,Transportation,574086.0,1947.0
2023-01-29,2023-02-04,Transportation,658364.0,2429.0
2023-02-05,2023-02-11,Transportation,591018.0,2246.0
2023-02-12,2023-02-18,Transportation,589518.0,2027.0
2023-02-19,2023-02-25,Transportation,561406.0,1972.0
2023-02-26,2023-03-04,Transportation,770501.0,2790.0
2023-03-05,2023-03-11,Transportation,663102.0,2477.0
2023-03-12,2023-03-18,Transportation,632350.0,2224.0
2023-03-19,2023-03-25,Transportation,607837.0,2029.0
2023-03-26,2023-04-01,Transportation,764369.0,2616.0
2023-04-02,2023-04-08,Transportation,712434.0,2519.0
2023-04-09,2023-04-15,Transportation,754287.0,2479.0
2023-04-16,2023-04-22,Transportation,505947.0,1994.0
2023-04-23,2023-04-29,Transportation,478322.0,2176.0
2023-04-30,2023-05-06,Transportation,698754.0,2567.0
2023-05-07,2023-05-13,Transportation,677625.0,2454.0
2023-05-14,2023-05-20,Transportation,630808.0,2206.0
2023-05-21,2023-05-27,Transportation,650400.0,2274.0
2023-05-28,2023-06-03,Transportation,808670.0,2952.0
2023-06-04,2023-06-10,Transportation,697520.0,2536.0
2023-06-11,2023-06-17,Transportation,731945.0,2604.0
2023-06-18,2023-06-24,Transportation,760347.0,2547.0
2023-06-25,2023-07-01,Transportation,462404.0,2372.0
2023-07-02,2023-07-08,Transportation,663945.0,2512.0
2023-07-09,2023-07-15,Transportation,701232.0,2535.0
2023-07-16,2023-07-22,Transportation,655320.0,2301.0
2023-07-23,2023-07-29,Transportation,750220.0,2675.0
2023-07-30,2023-08-05,Transportation,758623.0,2838.0
2023-08-06,2023-08-12,Transportation,703402.0,2642.0
2023-08-13,2023-08-19,Transportation,685402.0,2458.0
2023-08-20,2023-08-26,Transportation,660432.0,2337.0
2023-08-27,2023-09-02,Transportation,799342.0,3006.0
2023-09-03,2023-09-09,Transportation,642402.0,2559.0
2023-09-10,2023-09-16,Transportation,680572.0,2570.0
2023-09-17,2023-09-23,Transportation,666909.0,2334.0
2023-09-24,2023-09-30,Transportation,787360.0,2838.0
2023-10-01,2023-10-07,Transportation,692420.0,2740.0
2023-10-08,2023-10-14,Transportation,677825.0,2564.0
2023-10-15,2023-10-21,Transportation,626193.0,2264.0
2023-10-22,2023-10-28,Transportation,789379.0,2708.0
2023-10-29,2023-11-04,Transportation,750624.0,2924.0
2023-11-05,2023-11-11,Transportation,680553.0,2700.0
2023-11-12,2023-11-18,Transportation,698869.0,2570.0
2023-11-19,2023-11-25,Transportation,658619.0,2394.0
2023-11-26,2023-12-02,Transportation,849189.0,3150.0
2023-12-03,2023-12-09,Transportation,688490.0,2677.0
2023-12-10,2023-12-16,Transportation,683999.0,2589.0
2023-12-17,2023-12-23,Transportation,632490.0,2262.0
2023-12-24,2023-12-30,Transportation,814388.0,2898.0
2023-12-31,2024-01-06,Transportation,740438.0,2923.0
2024-01-07,2024-01-13,Transportation,666444.0,2721.0
2024-01-14,2024-01-20,Transportation,597758.0,2290.0
2024-01-21,2024-01-27,Transportation,616454.0,2351.0
2024-01-28,2024-02-03,Transportation,776880.0,3021.0
2024-02-04,2024-02-10,Transportation,614890.0,2537.0
2024-02-11,2024-02-17,Transportation,643506.0,2550.0
2024-02-18,2024-02-24,Transportation,617109.0,2454.0
2024-02-25,2024-03-02,Transportation,824584.0,3151.0
2024-03-03,2024-03-09,Transportation,714369.0,2785.0
2024-03-10,2024-03-16,Transportation,673465.0,2561.0
2024-03-17,2024-03-23,Transportation,719752.0,2699.0
2024-03-24,2024-03-30,Transportation,835595.0,3135.0
2024-03-31,2024-04-06,Transportation,846686.0,3493.0
2024-04-07,2024-04-13,Transportation,315403.0,2062.0
2024-04-14,2024-04-20,Transportation,569802.0,2234.0
2024-04-21,2024-04-27,Transportation,669030.0,2387.0
2024-04-28,2024-05-04,Transportation,811977.0,3231.0
2024-05-05,2024-05-11,Transportation,723496.0,2879.0
2024-05-12,2024-05-18,Transportation,707037.0,2649.0
2024-05-19,2024-05-25,Transportation,699059.0,2480.0
2024-05-26,2024-06-01,Transportation,1011045.0,3346.0
2024-06-02,2024-06-08,Transportation,875380.0,3024.0
2024-06-09,2024-06-15,Transportation,768137.0,3005.0
2024-06-16,2024-06-22,Transportation,309322.0,1758.0
2024-06-23,2024-06-29,Transportation,790057.0,2722.0
2024-06-30,2024-07-06,Transportation,778280.0,2972.0
2024-07-07,2024-07-13,Transportation,733168.0,2757.0
2024-07-14,2024-07-20,Transportation,679802.0,2468.0
2024-07-21,2024-07-27,Transportation,706377.0,2495.0
2024-07-28,2024-08-03,Transportation,834027.0,3189.0
2024-08-04,2024-08-10,Transportation,751019.0,2871.0
2024-08-11,2024-08-17,Transportation,779770.0,2808.0
2024-08-18,2024-08-24,Transportation,723427.0,2438.0
2024-08-25,2024-08-31,Transportation,838635.0,3009.0
2024-09-01,2024-09-07,Transportation,757652.0,2982.0
2024-09-08,2024-09-14,Transportation,767632.0,2760.0
2024-09-15,2024-09-21,Transportation,762051.0,2575.0
2024-09-22,2024-09-28,Transportation,741977.0,2776.0
2024-09-29,2024-10-05,Transportation,769133.0,3004.0
2024-10-06,2024-10-12,Transportation,751959.0,2768.0
2024-10-13,2024-10-19,Transportation,690321.0,2545.0
2024-10-20,2024-10-26,Transportation,671105.0,2469.0
2024-10-27,2024-11-02,Transportation,881580.0,3317.0
2024-11-03,2024-11-09,Transportation,771015.0,2932.0
2024-11-10,2024-11-16,Transportation,722014.0,2863.0
2024-11-17,2024-11-23,Transportation,659671.0,2393.0
2024-11-24,2024-11-30,Transportation,802398.0,2955.0
2024-12-01,2024-12-07,Transportation,739171.0,3190.0
2024-12-08,2024-12-14,Transportation,712709.0,2913.0
2024-12-15,2024-12-21,Transportation,705593.0,2579.0
2024-12-22,2024-12-28,Transportation,806107.0,2882.0
2024-12-29,2025-01-04,Transportation,858885.0,3230.0
2025-01-05,2025-01-11,Transportation,679101.0,2992.0
2025-01-12,2025-01-18,Transportation,661625.0,2601.0
2025-01-19,2025-01-25,Transportation,633926.0,2423.0
2025-01-26,2025-02-01,Transportation,810125.0,3297.0
2025-02-02,2025-02-08,Transportation,693154.0,2915.0
2025-02-09,2025-02-15,Transportation,695193.0,2846.0
2025-02-16,2025-02-22,Transportation,680972.0,2757.0
2025-02-23,2025-03-01,Transportation,839122.0,3137.0
2025-03-02,2025-03-08,Transportation,790836.0,2944.0
2025-03-09,2025-03-15,Transportation,889271.0,3086.0
2025-03-16,2025-03-22,Transportation,950859.0,3106.0
2025-03-23,2025-03-29,Transportation,973385.0,3710.0
2025-03-30,2025-04-05,Transportation,322805.0,2147.0
2025-04-06,2025-04-12,Transportation,693948.0,2726.0
2025-04-13,2025-04-19,Transportation,685007.0,2531.0
2025-04-20,2025-04-26,Transportation,666043.0,2482.0
2025-04-27,2025-05-03,Transportation,852004.0,3407.0
2025-05-04,2025-05-10,Transportation,727533.0,2959.0
2025-05-11,2025-05-17,Transportation,703758.0,2821.0
2025-05-18,2025-05-24,Transportation,693233.0,2605.0
2025-05-25,2025-05-31,Transportation,898823.0,3395.0
2025-06-01,2025-06-07,Transportation,613190.0,2844.0
2025-06-08,2025-06-14,Transportation,488366.0,2505.0
2025-06-15,2025-06-21,Transportation,628665.0,2487.0
2025-06-22,2025-06-28,Transportation,746012.0,2895.0
2025-06-29,2025-07-05,Transportation,776283.0,3202.0
2025-07-06,2025-07-12,Transportation,722360.0,3020.0
2025-09-21,2025-09-27,Transportation,917253.0,5286.0
2025-09-28,2025-10-04,Transportation,1181980.0,6647.0
2025-10-05,2025-10-11,Transportation,994785.0,6035.0
2025-10-12,2025-10-18,Transportation,914860.0,5465.0
2025-10-19,2025-10-25,Transportation,922375.0,5090.0
2025-10-26,2025-11-01,Transportation,1170250.0,6839.0
2025-11-02,2025-11-08,Transportation,1003212.0,5991.0
2025-11-09,2025-11-15,Transportation,989631.0,5820.0
2025-11-16,2025-11-22,Transportation,961726.0,5550.0
2025-11-23,2025-11-29,Transportation,1051614.0,6289.0
2025-11-30,2025-12-06,Transportation,1017079.0,6308.0
2025-12-07,2025-12-13,Transportation,919571.0,5962.0
2025-12-14,2025-12-20,Transportation,875735.0,5412.0
2025-12-21,2025-12-27,Transportation,943183.0,5591.0
2025-12-28,2026-01-03,Transportation,1215782.0,7092.0
2026-01-04,2026-01-10,Transportation,972517.0,6155.0
2026-01-11,2026-01-17,Transportation,944092.0,6015.0
2026-01-18,2026-01-24,Transportation,845487.0,5157.0
2026-01-25,2026-01-31,Transportation,1078158.0,6890.0
2026-02-01,2026-02-07,Transportation,1053068.0,7316.0
2026-02-08,2026-02-14,Transportation,1032893.0,7166.0
2026-02-15,2026-02-21,Transportation,981020.0,6401.0
2026-02-22,2026-02-28,Transportation,1167294.0,6820.0
2026-03-01,2026-03-07,Transportation,1128721.0,7047.0
2026-03-08,2026-03-14,Transportation,1080732.0,6727.0
2026-03-15,2026-03-21,Transportation,777435.0,6177.0
2026-04-05,2026-04-11,Transportation,975531.0,6568.0
2026-04-12,2026-04-18,Transportation,911744.0,6000.0
2026-04-19,2026-04-25,Transportation,911904.0,5841.0
2026-04-26,2026-05-02,Transportation,1234762.0,8018.0
2026-05-03,2026-05-09,Transportation,1045981.0,6990.0
2026-05-10,2026-05-16,Transportation,1047540.0,6840.0
2026-05-17,2026-05-23,Transportation,1066402.0,6581.0
2026-05-24,2026-05-30,Transportation,743145.0,6462.0
2026-05-31,2026-06-06,Transportation,1031145.0,6851.0
2026-06-07,2026-06-13,Transportation,1024036.0,6491.0
2026-06-14,2026-06-20,Transportation,945061.0,6004.0
2026-06-21,2026-06-27,Transportation,950562.0,6007.0
2026-06-28,2026-07-04,Transportation,1284945.0,8065.0
2026-07-05,2026-07-11,Transportation,1075944.0,7087.0
2026-07-12,2026-07-18,Transportation,995477.0,6529.0
2026-07-19,2026-07-25,Transportation,953638.0,6132.0
2026-07-26,2026-08-01,Transportation,1255052.0,7992.0
2026-08-02,2026-08-08,Transportation,1086225.0,7293.0
