date,y,score,fold_id,model
2021-01-08,0,0.5482679527160793,0,logistic
2021-01-09,0,0.5181842172534191,0,logistic
2021-01-10,0,0.6853860912191562,0,logistic
2021-01-11,0,0.9862584287592004,0,logistic
2021-01-12,0,0.09058567834562548,0,logistic
2021-01-13,0,0.3297188798210143,0,logistic
2021-01-14,0,0.8869534007683282,0,logistic
2021-01-15,0,0.3323898404853296,0,logistic
2021-01-16,0,0.060057574723198934,0,logistic
2021-01-17,0,0.09192996004413423,0,logistic
2021-01-18,0,0.0526046472761228,0,logistic
2021-01-19,0,0.17950605346437826,0,logistic
2021-01-20,0,0.2919133888801265,0,logistic
2021-01-21,0,0.9552253344897293,0,logistic
2021-01-22,0,0.007290522878877275,0,logistic
2021-01-23,0,0.0648612359218189,0,logistic
2021-01-24,0,0.1575117092396461,0,logistic
2021-01-25,0,0.02030635717026491,0,logistic
2021-01-26,0,0.01709912545553637,0,logistic
2021-01-27,0,0.011225971689820702,0,logistic
2021-01-28,0,0.0006655233072407278,0,logistic
2021-01-29,0,0.03436940880807273,0,logistic
2021-01-30,0,0.0007968170154381719,0,logistic
2021-01-31,0,0.3471038413019862,0,logistic
2021-02-01,0,0.04057606957506308,0,logistic
2021-02-02,0,0.5049583699545951,0,logistic
2021-02-03,0,0.04380166989650945,0,logistic
2021-02-04,0,0.10479282555337088,0,logistic
2021-02-05,0,0.0155357271938304,0,logistic
2021-02-06,0,0.05317314293747632,0,logistic
2021-02-07,0,0.3296291905757616,0,logistic
2021-02-08,0,0.9992964085089585,0,logistic
2021-02-09,0,0.6846383316536261,0,logistic
2021-02-10,0,0.9550444766041316,0,logistic
2021-02-11,0,0.33726882705593153,0,logistic
2021-02-12,0,0.1403779064980113,0,logistic
2021-02-13,0,0.03693600274258974,0,logistic
2021-02-14,0,0.029214291932496517,0,logistic
2021-02-15,0,0.1912539397974857,0,logistic
2021-02-16,0,0.6856395480732684,0,logistic
2021-02-17,0,0.22792876074029556,0,logistic
2021-02-18,0,0.012113784295877674,0,logistic
2021-02-19,0,0.9576516984791056,0,logistic
2021-02-20,0,0.9079886241304672,0,logistic
2021-02-21,0,0.9609291810994204,0,logistic
2021-02-22,0,0.9935258404835957,0,logistic
2021-02-23,0,0.9996751001477426,0,logistic
2021-02-24,0,0.9946401461973001,0,logistic
2021-02-25,0,0.9927317631250264,0,logistic
2021-02-26,0,0.9712931383935071,0,logistic
2021-02-27,0,0.9989953653486062,0,logistic
2021-02-28,0,0.9984322971310868,0,logistic
2021-03-01,0,0.932691432704868,0,logistic
2021-03-02,0,0.7144499035765844,0,logistic
2021-03-03,0,0.986796504416493,0,logistic
2021-03-04,0,0.8684601224613404,0,logistic
2021-03-05,0,0.7333423695702727,0,logistic
2021-03-06,0,0.06620811248906922,0,logistic
2021-03-07,0,0.6289017729254748,0,logistic
2021-03-08,0,0.8061230498320269,0,logistic
2021-03-09,0,0.8301321139719375,0,logistic
2021-03-10,0,0.9725051328280281,0,logistic
2021-03-11,0,0.9957908870150406,0,logistic
2021-03-12,0,0.9986174202506988,0,logistic
2021-03-13,0,0.9941591376617546,0,logistic
2021-03-14,0,0.8094817186614469,0,logistic
2021-03-15,0,0.9777279421159448,0,logistic
2021-03-16,0,0.9959492824457133,0,logistic
2021-03-17,0,0.9838825856453307,0,logistic
2021-03-18,0,0.33281266547469185,0,logistic
2021-03-19,0,0.0002768713186483587,0,logistic
2021-03-20,0,0.001027645195198959,0,logistic
2021-03-21,0,0.2854866599228176,0,logistic
2021-03-22,0,0.03010766101290101,0,logistic
2021-03-23,0,0.013739361753966523,0,logistic
2021-03-24,0,0.06527999153498917,0,logistic
2021-03-25,0,0.0005116662997648383,0,logistic
2021-03-26,0,0.26271239267890806,0,logistic
2021-03-27,0,0.05058862364381138,0,logistic
2021-03-28,1,0.8711228693324945,0,logistic
2021-03-29,1,0.6460112698221578,0,logistic
2021-03-30,1,0.9924273943263919,0,logistic
2021-03-31,1,0.994755146078808,0,logistic
2021-04-01,0,0.9831752510994385,0,logistic
2021-04-02,0,0.5191406544929392,0,logistic
2021-04-03,0,0.17184649519143633,0,logistic
2021-04-04,0,0.37481784904435556,0,logistic
2021-04-05,0,0.03155022530877358,0,logistic
2021-04-06,0,0.011294217777539799,0,logistic
2021-04-07,0,0.005141382905742857,0,logistic
2021-04-08,0,0.00041494644684012905,0,logistic
2021-04-09,0,0.0018054009814374612,0,logistic
2021-04-10,0,0.012194747164070005,0,logistic
2021-04-11,0,0.1950481946934338,0,logistic
2021-04-12,0,0.9027827039117828,0,logistic
2021-04-13,0,0.7014113965727433,0,logistic
2021-04-14,0,0.4606357570264405,0,logistic
2021-04-15,0,0.8343146713052936,0,logistic
2021-04-16,0,0.9589988034633257,0,logistic
2021-04-17,0,0.05834810617952549,0,logistic
2021-04-18,0,0.009314538942987763,0,logistic
2021-04-19,0,0.005282599513211373,0,logistic
2021-04-20,0,0.18672865047234968,0,logistic
2021-04-21,0,0.09220210861113684,0,logistic
2021-04-22,0,0.5381553805075259,0,logistic
2021-04-23,0,0.7324746153096053,0,logistic
2021-04-24,0,0.3967894780483274,0,logistic
2021-04-25,0,0.640522195747434,0,logistic
2021-04-26,0,0.03174192657973272,0,logistic
2021-04-27,0,0.9696188901224495,0,logistic
2021-04-28,1,0.38670886309310376,0,logistic
2021-04-29,1,0.9857600411536827,0,logistic
2021-04-30,1,0.19175474227966402,0,logistic
2021-05-01,1,0.9358992993489271,0,logistic
2021-05-02,1,0.8212658905435043,0,logistic
2021-05-03,1,0.811111537072529,0,logistic
2021-05-04,0,0.8686630908913664,0,logistic
2021-05-05,0,0.8688331924335024,0,logistic
2021-05-06,0,0.921615583258059,0,logistic
2021-05-07,0,0.25651148456105227,0,logistic
2021-05-08,0,0.07568854852699883,0,logistic
2021-05-09,0,0.8869446333982154,0,logistic
2021-05-10,0,0.9595123999071796,0,logistic
2021-05-11,0,0.8465615056899097,0,logistic
2021-05-12,0,0.9260213302268234,0,logistic
2021-05-13,0,0.7751724714832209,0,logistic
2021-05-14,0,0.08499225677261327,0,logistic
2021-05-15,0,0.18985045499406517,0,logistic
2021-05-16,0,0.39856402191647655,0,logistic
2021-05-17,0,0.7700875886612455,0,logistic
2021-05-18,0,0.5489768457412834,0,logistic
2021-05-19,0,0.13522937843702237,0,logistic
2021-05-20,0,0.18338486115192704,0,logistic
2021-05-21,0,0.3633078487460009,0,logistic
2021-05-22,0,0.4890068443355172,0,logistic
2021-05-23,0,0.917288202954999,0,logistic
2021-05-24,0,0.6063221698684129,0,logistic
2021-05-25,0,0.7313122399230322,0,logistic
2021-05-26,0,0.04786147355602935,0,logistic
2021-05-27,0,0.36311434257509934,0,logistic
2021-05-28,0,0.09119060136133383,0,logistic
2021-05-29,0,0.12815724376990517,0,logistic
2021-05-30,0,0.07649539476818583,0,logistic
2021-05-31,0,0.08633641826548125,0,logistic
2021-06-01,0,0.3027966165037046,0,logistic
2021-06-02,0,0.45423270239625224,0,logistic
2021-06-03,0,0.9214343744432988,0,logistic
2021-06-04,0,0.004237630472216004,0,logistic
2021-06-05,0,0.0059850192120156015,0,logistic
2021-06-06,0,0.7493357616348331,0,logistic
2021-06-07,0,0.17739338375489935,0,logistic
2021-06-08,0,0.5483422463312947,0,logistic
2021-06-09,0,0.9611887272615219,0,logistic
2021-06-10,0,0.07062144005238234,0,logistic
2021-06-11,0,0.9151594985397512,0,logistic
2021-06-12,0,0.03306729011772027,0,logistic
2021-06-13,0,0.7225421207145485,0,logistic
2021-06-14,0,0.9985753197035145,0,logistic
2021-06-15,0,0.5908035295388352,0,logistic
2021-06-16,0,0.7060858052564977,0,logistic
2021-06-17,0,0.9957739642798793,0,logistic
2021-06-18,1,0.8880778080140704,0,logistic
2021-06-19,0,0.5468880426953417,0,logistic
2021-06-20,0,0.13512663006459752,0,logistic
2021-06-21,0,0.9959468745370054,0,logistic
2021-06-22,0,0.9030691818002692,0,logistic
2021-06-23,0,0.8749656476712647,0,logistic
2021-06-24,0,0.06867051703722589,0,logistic
2021-06-25,0,0.015068717259132794,0,logistic
2021-06-26,0,0.006523307345598756,0,logistic
2021-06-27,0,0.001570992770892976,0,logistic
2021-06-28,0,0.9974938273701168,0,logistic
2021-06-29,0,0.9995674255142071,0,logistic
2021-06-30,0,0.9998886482571698,0,logistic
2021-07-08,0,0.15064237450727558,1,logistic
2021-07-09,0,0.06659878080596206,1,logistic
2021-07-10,0,0.05510400593031163,1,logistic
2021-07-11,0,0.928126206643266,1,logistic
2021-07-12,0,0.021419396551012108,1,logistic
2021-07-13,0,0.5964653198142502,1,logistic
2021-07-14,0,0.09813324108184673,1,logistic
2021-07-15,0,0.8183939375695887,1,logistic
2021-07-16,0,0.08768998976224392,1,logistic
2021-07-17,0,0.004383354844619698,1,logistic
2021-07-18,0,0.016047836800095316,1,logistic
2021-07-19,0,0.010620928327863259,1,logistic
2021-07-20,0,0.3718973794708437,1,logistic
2021-07-21,0,0.8076821404752912,1,logistic
2021-07-22,0,0.3033766082684742,1,logistic
2021-07-23,0,0.2048815313697481,1,logistic
2021-07-24,0,0.014287413149261585,1,logistic
2021-07-25,0,0.41554931120366906,1,logistic
2021-07-26,0,0.01685585977687993,1,logistic
2021-07-27,0,0.014398658598217616,1,logistic
2021-07-28,0,0.0010900717093405554,1,logistic
2021-07-29,0,0.0016405249865323562,1,logistic
2021-07-30,0,0.0024805298974896724,1,logistic
2021-07-31,0,0.7108871851629885,1,logistic
2021-08-01,0,0.0976496598509368,1,logistic
2021-08-02,0,0.6397447582618443,1,logistic
2021-08-03,0,0.9748099776490325,1,logistic
2021-08-04,0,0.8845327325230156,1,logistic
2021-08-05,0,0.037811884351883256,1,logistic
2021-08-06,0,0.03141337571175732,1,logistic
2021-08-07,0,0.4493223944170752,1,logistic
2021-08-08,0,0.8869020334297092,1,logistic
2021-08-09,0,0.8631609688533167,1,logistic
2021-08-10,0,0.2554028072289046,1,logistic
2021-08-11,0,0.0025112693706264987,1,logistic
2021-08-12,0,0.23468284860213182,1,logistic
2021-08-13,0,0.0044148834223705505,1,logistic
2021-08-14,0,0.00010220278325648067,1,logistic
2021-08-15,0,0.0042643423486674,1,logistic
2021-08-16,0,0.0014747675862817526,1,logistic
2021-08-17,0,0.011595212089461715,1,logistic
2021-08-18,0,0.15555596654311138,1,logistic
2021-08-19,0,0.22735550703625007,1,logistic
2021-08-20,0,0.037440778226177314,1,logistic
2021-08-21,0,0.6503593629896224,1,logistic
2021-08-22,0,0.14066051121987566,1,logistic
2021-08-23,0,0.08328378140390667,1,logistic
2021-08-24,0,0.5069796158849266,1,logistic
2021-08-25,0,0.8893533837934294,1,logistic
2021-08-26,0,0.08218564528113805,1,logistic
2021-08-27,1,0.44271875929254323,1,logistic
2021-08-28,1,0.9757910399342525,1,logistic
2021-08-29,1,0.817712809725363,1,logistic
2021-08-30,1,0.48234488148063004,1,logistic
2021-08-31,1,0.8176527943680288,1,logistic
2021-09-01,1,0.9802186885786452,1,logistic
2021-09-02,1,0.9659387890582872,1,logistic
2021-09-03,1,0.3209055004846556,1,logistic
2021-09-04,1,0.025433004124811687,1,logistic
2021-09-05,0,0.013410485078229162,1,logistic
2021-09-06,0,0.0024715868399782194,1,logistic
2021-09-07,0,8.060587893558151e-06,1,logistic
2021-09-08,0,5.786350061701042e-05,1,logistic
2021-09-09,0,0.00032126750240868434,1,logistic
2021-09-10,0,0.00037158081276667557,1,logistic
2021-09-11,0,3.726601185191119e-05,1,logistic
2021-09-12,0,5.146585416914209e-05,1,logistic
2021-09-13,0,0.005979068812276984,1,logistic
2021-09-14,0,0.012577040188683945,1,logistic
2021-09-15,0,0.00019505061234857855,1,logistic
2021-09-16,0,0.008448538516787146,1,logistic
2021-09-17,0,0.004512672146303891,1,logistic
2021-09-18,0,0.021635239328080914,1,logistic
2021-09-19,0,0.006832183294991695,1,logistic
2021-09-20,0,0.006101787711592298,1,logistic
2021-09-21,0,0.06408986387939047,1,logistic
2021-09-22,0,0.2073563312887368,1,logistic
2021-09-23,0,0.9275040433160846,1,logistic
2021-09-24,0,0.24077502717782434,1,logistic
2021-09-25,1,0.3649982055675898,1,logistic
2021-09-26,0,0.9874158290152629,1,logistic
2021-09-27,0,0.2211692238893993,1,logistic
2021-09-28,0,0.24514690852219825,1,logistic
2021-09-29,0,0.9892709934571345,1,logistic
2021-09-30,0,0.973055649932859,1,logistic
2021-10-01,0,0.8455460487761689,1,logistic
2021-10-02,0,0.6428642911508565,1,logistic
2021-10-03,0,0.12890737055062082,1,logistic
2021-10-04,0,0.9594392929450319,1,logistic
2021-10-05,0,0.7017915757419223,1,logistic
2021-10-06,0,0.7532222206712249,1,logistic
2021-10-07,0,0.2775972313080316,1,logistic
2021-10-08,0,0.05343440842262534,1,logistic
2021-10-09,0,0.0015814773024655844,1,logistic
2021-10-10,0,0.11800344906604805,1,logistic
2021-10-11,0,0.0027878374843177934,1,logistic
2021-10-12,0,0.0017931789941757607,1,logistic
2021-10-13,0,0.00012811871981499972,1,logistic
2021-10-14,0,0.00012186456860381136,1,logistic
2021-10-15,0,8.322170306857407e-07,1,logistic
2021-10-16,0,1.0147074947888865e-06,1,logistic
2021-10-17,0,1.038785475495327e-05,1,logistic
2021-10-18,0,0.0007373800403609345,1,logistic
2021-10-19,1,0.0020628157447897897,1,logistic
2021-10-20,0,2.169315426233913e-06,1,logistic
2021-10-21,0,3.837309371958719e-06,1,logistic
2021-10-22,0,9.306531239666151e-06,1,logistic
2021-10-23,0,1.1075168744952502e-06,1,logistic
2021-10-24,0,7.205298811203614e-05,1,logistic
2021-10-25,0,0.0011508802331672873,1,logistic
2021-10-26,0,0.0037316888241726008,1,logistic
2021-10-27,0,0.009915355449103264,1,logistic
2021-10-28,0,0.08447690450986473,1,logistic
2021-10-29,0,0.10630448386769786,1,logistic
2021-10-30,0,0.7491034057508859,1,logistic
2021-10-31,0,0.0006057451868424334,1,logistic
2021-11-01,0,9.74114062941143e-05,1,logistic
2021-11-02,0,0.000604299427201505,1,logistic
2021-11-03,0,0.00014172468335393472,1,logistic
2021-11-04,0,1.2355993168187559e-05,1,logistic
2021-11-05,0,1.5589367576201194e-06,1,logistic
2021-11-06,0,0.0010165989713923616,1,logistic
2021-11-07,0,0.00012902828377368348,1,logistic
2021-11-08,0,0.004161396532997867,1,logistic
2021-11-09,0,0.0025792087246371037,1,logistic
2021-11-10,0,0.01824768860109353,1,logistic
2021-11-11,0,0.005793311298928125,1,logistic
2021-11-12,0,0.19675849506982576,1,logistic
2021-11-13,0,0.10273146762454029,1,logistic
2021-11-14,0,0.0011600396070262627,1,logistic
2021-11-15,0,0.00038754773652538833,1,logistic
2021-11-16,0,0.0023790836344877303,1,logistic
2021-11-17,0,0.1735437803318346,1,logistic
2021-11-18,1,0.01307793664493505,1,logistic
2021-11-19,1,0.2114158746428039,1,logistic
2021-11-20,0,0.00041699837215152294,1,logistic
2021-11-21,0,0.0005448126559873961,1,logistic
2021-11-22,1,0.0037074749053291546,1,logistic
2021-11-23,0,0.008108452699509215,1,logistic
2021-11-24,0,0.08496246370566007,1,logistic
2021-11-25,0,0.3432771494548152,1,logistic
2021-11-26,0,0.00331495388343077,1,logistic
2021-11-27,0,9.572570210348829e-05,1,logistic
2021-11-28,0,0.04211566012832339,1,logistic
2021-11-29,0,0.0011254123474782806,1,logistic
2021-11-30,0,0.01661740497421969,1,logistic
2021-12-01,0,0.000820817734634365,1,logistic
2021-12-02,0,5.227571130880818e-06,1,logistic
2021-12-03,0,3.128593401565079e-07,1,logistic
2021-12-04,0,3.387979932285745e-05,1,logistic
2021-12-05,0,1.7042667123598078e-06,1,logistic
2021-12-06,0,5.2353860548452266e-05,1,logistic
2021-12-07,0,0.00048665929151698895,1,logistic
2021-12-08,0,0.0022138293763240705,1,logistic
2021-12-09,0,0.007307997760098646,1,logistic
2021-12-10,0,0.00026218929953265017,1,logistic
2021-12-11,0,2.76109050827999e-06,1,logistic
2021-12-12,0,0.000611632189996831,1,logistic
2021-12-13,0,0.00046291784939232983,1,logistic
2021-12-14,0,0.0010367568873803504,1,logistic
2021-12-15,0,0.024350033625268115,1,logistic
2021-12-16,0,0.011532518728163757,1,logistic
2021-12-17,0,0.00021262972890797132,1,logistic
2021-12-18,0,0.010392851035132001,1,logistic
2021-12-19,0,0.07461102848681643,1,logistic
2021-12-20,0,0.43187819505859876,1,logistic
2021-12-21,0,0.3696627583677182,1,logistic
2021-12-22,0,0.1290336021245227,1,logistic
2021-12-23,0,0.0005916419131261818,1,logistic
2021-12-24,0,0.0003348749824286574,1,logistic
2021-12-25,0,0.0012572785865520735,1,logistic
2021-12-26,0,0.00263326163737361,1,logistic
2021-12-27,0,0.0006503093206146575,1,logistic
2021-12-28,0,0.0009822580024937994,1,logistic
2021-12-29,0,0.005226781382701468,1,logistic
2021-12-30,1,0.15587481272904505,1,logistic
2021-12-31,0,0.04390425698749535,1,logistic
2022-01-08,0,1.3292559214473442e-05,2,logistic
2022-01-09,0,0.009312824176133012,2,logistic
2022-01-10,0,6.88225663550781e-05,2,logistic
2022-01-11,0,1.7179267224363337e-05,2,logistic
2022-01-12,0,0.00042643323874511725,2,logistic
2022-01-13,0,0.012374621316114436,2,logistic
2022-01-14,0,0.014653559089147231,2,logistic
2022-01-15,0,5.93603686681476e-05,2,logistic
2022-01-16,0,0.005998514635334185,2,logistic
2022-01-17,0,0.34054357326336393,2,logistic
2022-01-18,0,0.0005373717728618836,2,logistic
2022-01-19,0,0.03237054458084007,2,logistic
2022-01-20,0,0.00038435901428965515,2,logistic
2022-01-21,0,0.001698199610808092,2,logistic
2022-01-22,0,0.0012949897558151347,2,logistic
2022-01-23,0,0.00396355587798928,2,logistic
2022-01-24,0,0.034251274405955434,2,logistic
2022-01-25,0,0.033799571595321876,2,logistic
2022-01-26,0,0.014744063677591103,2,logistic
2022-01-27,0,0.003100498268517288,2,logistic
2022-01-28,0,0.0014179945329424715,2,logistic
2022-01-29,1,0.0003710188714893502,2,logistic
2022-01-30,1,0.005496574519009875,2,logistic
2022-01-31,0,0.10453827923359943,2,logistic
2022-02-01,0,0.0003809250997879348,2,logistic
2022-02-02,0,6.765248909606724e-05,2,logistic
2022-02-03,0,4.40358304563831e-06,2,logistic
2022-02-04,0,0.00013512381172668014,2,logistic
2022-02-05,0,0.000704675990893112,2,logistic
2022-02-06,0,8.691567269519674e-05,2,logistic
2022-02-07,0,4.9025136036076894e-08,2,logistic
2022-02-08,0,1.47143056094605e-07,2,logistic
2022-02-09,0,1.3402143879417579e-08,2,logistic
2022-02-10,0,3.900338815725327e-07,2,logistic
2022-02-11,0,1.9190255518656636e-05,2,logistic
2022-02-12,0,2.3195806611477928e-07,2,logistic
2022-02-13,0,4.231251625861449e-06,2,logistic
2022-02-14,0,2.4243878771377335e-06,2,logistic
2022-02-15,0,0.0012445446427416474,2,logistic
2022-02-16,0,2.7561649599326342e-05,2,logistic
2022-02-17,0,0.00010520135760807198,2,logistic
2022-02-18,0,0.0008063341635941823,2,logistic
2022-02-19,0,7.421163111616035e-05,2,logistic
2022-02-20,0,0.011122255300297213,2,logistic
2022-02-21,0,0.03745809339053252,2,logistic
2022-02-22,0,0.02309484488980218,2,logistic
2022-02-23,0,0.13523367759582358,2,logistic
2022-02-24,0,0.11722130879366113,2,logistic
2022-02-25,0,0.055291310983962554,2,logistic
2022-02-26,0,0.0030085503190482553,2,logistic
2022-02-27,0,0.0006015590841958351,2,logistic
2022-02-28,0,0.9142266173425242,2,logistic
2022-03-01,0,0.6773025542666913,2,logistic
2022-03-02,0,0.9847993644548612,2,logistic
2022-03-03,0,0.9990397228220596,2,logistic
2022-03-04,0,0.04232468011163715,2,logistic
2022-03-05,0,0.5464247944567999,2,logistic
2022-03-06,0,0.4441512892373499,2,logistic
2022-03-07,0,0.992570241040199,2,logistic
2022-03-08,0,0.8485473588766685,2,logistic
2022-03-09,0,0.4761910419417493,2,logistic
2022-03-10,1,0.9699443114466036,2,logistic
2022-03-11,1,0.9484006906665725,2,logistic
2022-03-12,0,0.7985177881302927,2,logistic
2022-03-13,0,0.9918468269036275,2,logistic
2022-03-14,1,0.9999253225031427,2,logistic
2022-03-15,0,0.9910159953116535,2,logistic
2022-03-16,0,0.8285772592643436,2,logistic
2022-03-17,0,0.9864571659133823,2,logistic
2022-03-18,0,0.28529738440352376,2,logistic
2022-03-19,0,0.31279145648168855,2,logistic
2022-03-20,0,0.8056487211490385,2,logistic
2022-03-21,0,0.19794021897196898,2,logistic
2022-03-22,0,0.9375901426412304,2,logistic
2022-03-23,0,0.018085185876013963,2,logistic
2022-03-24,0,0.10900295805561185,2,logistic
2022-03-25,0,0.16859431956806134,2,logistic
2022-03-26,0,0.007699999479391246,2,logistic
2022-03-27,0,0.00526734305150943,2,logistic
2022-03-28,0,0.004212192118460756,2,logistic
2022-03-29,0,0.0002904583858539212,2,logistic
2022-03-30,0,0.05393531752905875,2,logistic
2022-03-31,0,0.029241939207003104,2,logistic
2022-04-01,0,0.42663355447376233,2,logistic
2022-04-02,0,0.22315810941420572,2,logistic
2022-04-03,0,0.8786241711945816,2,logistic
2022-04-04,0,0.019133175834852675,2,logistic
2022-04-05,0,0.4855443269410347,2,logistic
2022-04-06,0,0.24422943455888269,2,logistic
2022-04-07,0,0.04451597762896573,2,logistic
2022-04-08,0,0.0570828593812141,2,logistic
2022-04-09,0,0.0021140435661436,2,logistic
2022-04-10,0,0.0006824344908877441,2,logistic
2022-04-11,0,0.00019796053407259787,2,logistic
2022-04-12,0,0.0026490312596543137,2,logistic
2022-04-13,0,0.0003443658378570301,2,logistic
2022-04-14,0,8.73520448435196e-05,2,logistic
2022-04-15,0,0.0002904981592115254,2,logistic
2022-04-16,0,0.0009281116823119237,2,logistic
2022-04-17,0,0.025198495025898725,2,logistic
2022-04-18,0,0.0014048221076689502,2,logistic
2022-04-19,0,0.07286574922491693,2,logistic
2022-04-20,0,0.24489792856884487,2,logistic
2022-04-21,0,0.496235482953623,2,logistic
2022-04-22,0,0.11972217929431941,2,logistic
2022-04-23,0,0.021454756285655588,2,logistic
2022-04-24,1,0.004662339847100754,2,logistic
2022-04-25,0,0.000307731644053534,2,logistic
2022-04-26,0,0.0016493016023946976,2,logistic
2022-04-27,0,0.00021108386167479552,2,logistic
2022-04-28,1,0.0009515015940001106,2,logistic
2022-04-29,1,0.0005919669734361317,2,logistic
2022-04-30,1,0.006482900398445547,2,logistic
2022-05-01,0,0.011916550848559871,2,logistic
2022-05-02,0,0.4078607234221823,2,logistic
2022-05-03,0,0.0014400542370437653,2,logistic
2022-05-04,0,3.871472994563759e-05,2,logistic
2022-05-05,0,6.895305881197198e-05,2,logistic
2022-05-06,0,8.524949529115553e-07,2,logistic
2022-05-07,0,7.0703329663320965e-06,2,logistic
2022-05-08,0,1.7112253973040668e-08,2,logistic
2022-05-09,0,1.3019261634114091e-06,2,logistic
2022-05-10,0,3.610784089820617e-07,2,logistic
2022-05-11,0,0.00034081214936338767,2,logistic
2022-05-12,0,0.0007777238089397694,2,logistic
2022-05-13,0,7.492588903841235e-05,2,logistic
2022-05-14,0,1.9020796304024323e-07,2,logistic
2022-05-15,1,0.00013512071086173208,2,logistic
2022-05-16,1,0.0009640440310773979,2,logistic
2022-05-17,1,0.00022182643444821688,2,logistic
2022-05-18,0,4.516882469339537e-05,2,logistic
2022-05-19,0,0.006043257919746461,2,logistic
2022-05-20,0,0.0017404404950991605,2,logistic
2022-05-21,0,0.0009232161858144738,2,logistic
2022-05-22,0,0.0021180100058011166,2,logistic
2022-05-23,0,0.0056394546982302335,2,logistic
2022-05-24,0,5.513465900633234e-05,2,logistic
2022-05-25,0,0.0028420581169688384,2,logistic
2022-05-26,0,0.024936061795649053,2,logistic
2022-05-27,0,0.04279773888303505,2,logistic
2022-05-28,0,0.0010279499290531263,2,logistic
2022-05-29,0,0.020172995853996234,2,logistic
2022-05-30,0,0.013396171263911632,2,logistic
2022-05-31,0,0.5416392425178543,2,logistic
2022-06-01,0,0.5200638093717237,2,logistic
2022-06-02,0,0.0017236977477236629,2,logistic
2022-06-03,0,0.25240767355297616,2,logistic
2022-06-04,0,0.7143348549394549,2,logistic
2022-06-05,0,0.1259218033867395,2,logistic
2022-06-06,0,0.840531579952991,2,logistic
2022-06-07,0,0.8844778030817946,2,logistic
2022-06-08,0,0.9183090296659102,2,logistic
2022-06-09,0,0.05650927911457008,2,logistic
2022-06-10,0,0.17501635780450242,2,logistic
2022-06-11,0,0.568201348368719,2,logistic
2022-06-12,0,0.5295777408703072,2,logistic
2022-06-13,0,0.8875818631900838,2,logistic
2022-06-14,0,0.7856758236751747,2,logistic
2022-06-15,1,0.7152645398479532,2,logistic
2022-06-16,1,0.6542140088140286,2,logistic
2022-06-17,1,0.08978102800308982,2,logistic
2022-06-18,1,0.006877253017894773,2,logistic
2022-06-19,1,0.0019901973450520056,2,logistic
2022-06-20,1,7.331975264354766e-05,2,logistic
2022-06-21,1,0.12204200411357304,2,logistic
2022-06-22,1,3.5050815350856536e-07,2,logistic
2022-06-23,1,6.743217231217536e-07,2,logistic
2022-06-24,0,2.867118313682344e-09,2,logistic
2022-06-25,0,2.040989804797093e-07,2,logistic
2022-06-26,0,1.349140877484396e-08,2,logistic
2022-06-27,0,7.328830318107844e-08,2,logistic
2022-06-28,0,6.493202482199479e-06,2,logistic
2022-06-29,0,3.837289871104058e-05,2,logistic
2022-06-30,0,0.006110267185272223,2,logistic
2022-07-08,0,0.0023945726221365864,3,logistic
2022-07-09,0,0.014448053628158316,3,logistic
2022-07-10,0,0.005569906059991982,3,logistic
2022-07-11,0,0.031361596688087266,3,logistic
2022-07-12,0,0.000548539814923798,3,logistic
2022-07-13,0,0.6554145497791145,3,logistic
2022-07-14,0,0.010444105105538977,3,logistic
2022-07-15,0,0.031233051157410475,3,logistic
2022-07-16,0,0.001195427548297225,3,logistic
2022-07-17,0,0.00028328501996111846,3,logistic
2022-07-18,0,6.184610369358086e-07,3,logistic
2022-07-19,0,1.9933208673038193e-05,3,logistic
2022-07-20,0,3.0083526494049103e-07,3,logistic
2022-07-21,0,2.5358819742252794e-05,3,logistic
2022-07-22,0,0.0019927972550099885,3,logistic
2022-07-23,0,0.00016352877956535085,3,logistic
2022-07-24,0,5.364101148562715e-05,3,logistic
2022-07-25,0,0.013251740048710901,3,logistic
2022-07-26,0,0.0034582201747697734,3,logistic
2022-07-27,0,0.009498049202252591,3,logistic
2022-07-28,0,0.2751047210125121,3,logistic
2022-07-29,0,0.003150095959891097,3,logistic
2022-07-30,0,0.5223970431406804,3,logistic
2022-07-31,0,0.6780469838062104,3,logistic
2022-08-01,0,0.7413106984248868,3,logistic
2022-08-02,0,0.5970482948066441,3,logistic
2022-08-03,0,0.9774284740020749,3,logistic
2022-08-04,0,0.9832792409356743,3,logistic
2022-08-05,0,0.9808691730592606,3,logistic
2022-08-06,0,0.958636239104645,3,logistic
2022-08-07,0,0.9437231324190523,3,logistic
2022-08-08,0,0.7304783874336024,3,logistic
2022-08-09,0,0.33566798489786054,3,logistic
2022-08-10,0,0.5486320861762446,3,logistic
2022-08-11,0,0.41289607057983546,3,logistic
2022-08-12,0,0.27969756726865613,3,logistic
2022-08-13,0,0.16584781862934997,3,logistic
2022-08-14,0,0.5073228887412681,3,logistic
2022-08-15,0,0.443387308006622,3,logistic
2022-08-16,0,0.7217529469947025,3,logistic
2022-08-17,0,0.02766430634718153,3,logistic
2022-08-18,0,0.02116480059539593,3,logistic
2022-08-19,0,0.011411728345263304,3,logistic
2022-08-20,0,0.00013996835425791505,3,logistic
2022-08-21,0,0.0051330143174168,3,logistic
2022-08-22,0,6.126461537757389e-06,3,logistic
2022-08-23,0,3.815281033758118e-05,3,logistic
2022-08-24,0,3.835082345470141e-06,3,logistic
2022-08-25,0,2.1837298174771886e-05,3,logistic
2022-08-26,0,0.003688821633509917,3,logistic
2022-08-27,0,0.0007509318796126765,3,logistic
2022-08-28,0,0.0032849643807581525,3,logistic
2022-08-29,0,0.0703564660700167,3,logistic
2022-08-30,0,0.0018985368163330482,3,logistic
2022-08-31,0,0.47166671080412537,3,logistic
2022-09-01,0,0.031152437003016148,3,logistic
2022-09-02,0,0.2249335393810957,3,logistic
2022-09-03,0,0.12663863885172902,3,logistic
2022-09-04,0,0.01903364246775002,3,logistic
2022-09-05,0,0.062470531691759874,3,logistic
2022-09-06,0,0.013446702012641216,3,logistic
2022-09-07,0,0.28020934115157636,3,logistic
2022-09-08,0,0.5346288580612426,3,logistic
2022-09-09,0,0.6237004778672719,3,logistic
2022-09-10,0,0.015758368374717845,3,logistic
2022-09-11,0,0.08036835966603177,3,logistic
2022-09-12,0,0.36596997104653517,3,logistic
2022-09-13,0,0.4512354268064858,3,logistic
2022-09-14,0,0.8883088781185376,3,logistic
2022-09-15,0,0.3253430430295613,3,logistic
2022-09-16,0,0.055908595590514205,3,logistic
2022-09-17,0,0.9673584749070459,3,logistic
2022-09-18,1,0.9991027415343674,3,logistic
2022-09-19,1,0.9960476155436641,3,logistic
2022-09-20,0,0.9807382182453669,3,logistic
2022-09-21,1,0.8766913994871015,3,logistic
2022-09-22,1,0.9663701762578359,3,logistic
2022-09-23,1,0.9984802877150668,3,logistic
2022-09-24,1,0.9805108757367382,3,logistic
2022-09-25,1,0.9757131127390332,3,logistic
2022-09-26,0,0.9712996247255679,3,logistic
2022-09-27,1,0.9754369716796689,3,logistic
2022-09-28,0,0.8783984381416867,3,logistic
2022-09-29,0,0.04709893183063393,3,logistic
2022-09-30,0,0.025896456411549383,3,logistic
2022-10-01,0,0.021520240996544576,3,logistic
2022-10-02,1,0.2240856708478067,3,logistic
2022-10-03,0,0.0019172641712556263,3,logistic
2022-10-04,0,0.002274940895766689,3,logistic
2022-10-05,0,0.025577025971504012,3,logistic
2022-10-06,0,0.0004352358577769176,3,logistic
2022-10-07,0,0.014750204345087897,3,logistic
2022-10-08,0,0.003063922044102751,3,logistic
2022-10-09,0,0.0003550248275957603,3,logistic
2022-10-10,0,1.920705591717309e-05,3,logistic
2022-10-11,0,5.3487164757853205e-05,3,logistic
2022-10-12,0,0.0003109884494325683,3,logistic
2022-10-13,0,0.0005861611438255938,3,logistic
2022-10-14,0,0.0009071904795474612,3,logistic
2022-10-15,0,0.0004320464077123639,3,logistic
2022-10-16,0,0.002318491075231133,3,logistic
2022-10-17,0,0.00014086909927260406,3,logistic
2022-10-18,0,2.749795692958199e-05,3,logistic
2022-10-19,0,0.0007376227656319548,3,logistic
2022-10-20,0,0.0049107277611131804,3,logistic
2022-10-21,0,0.01452491312780188,3,logistic
2022-10-22,0,0.0003887780228252364,3,logistic
2022-10-23,0,0.17421693854172615,3,logistic
2022-10-24,0,0.003713141024859599,3,logistic
2022-10-25,0,0.38826262202555295,3,logistic
2022-10-26,0,0.5948229092598518,3,logistic
2022-10-27,0,0.690905946395857,3,logistic
2022-10-28,0,0.002088545437338026,3,logistic
2022-10-29,0,0.01699865951523572,3,logistic
2022-10-30,0,0.27173697227553095,3,logistic
2022-10-31,0,0.02134396905955771,3,logistic
2022-11-01,0,0.24598351562540638,3,logistic
2022-11-02,0,0.0012198195255386502,3,logistic
2022-11-03,0,0.0003447666357115007,3,logistic
2022-11-04,0,0.001413258611539484,3,logistic
2022-11-05,0,0.209456668385959,3,logistic
2022-11-06,0,0.5989953032031079,3,logistic
2022-11-07,0,0.4651003520056412,3,logistic
2022-11-08,0,0.374654371917431,3,logistic
2022-11-09,0,0.21216391014801259,3,logistic
2022-11-10,0,0.7593237967271225,3,logistic
2022-11-11,0,0.04421742972830989,3,logistic
2022-11-12,0,0.14406175075794683,3,logistic
2022-11-13,0,0.197141469354506,3,logistic
2022-11-14,0,0.04614224116920366,3,logistic
2022-11-15,0,0.9531014749871664,3,logistic
2022-11-16,0,0.7001652725101942,3,logistic
2022-11-17,0,0.04063409980460911,3,logistic
2022-11-18,0,0.09166169802324463,3,logistic
2022-11-19,0,0.010694917103965999,3,logistic
2022-11-20,0,0.07873207588927049,3,logistic
2022-11-21,0,0.3221236425166102,3,logistic
2022-11-22,0,0.7194179692172309,3,logistic
2022-11-23,0,0.03238535972585449,3,logistic
2022-11-24,0,0.04140760126344483,3,logistic
2022-11-25,0,0.10404156123222111,3,logistic
2022-11-26,0,0.996822361434759,3,logistic
2022-11-27,0,0.12522620793112713,3,logistic
2022-11-28,0,0.011293052640187666,3,logistic
2022-11-29,0,0.12315319795067566,3,logistic
2022-11-30,0,0.5846771844999441,3,logistic
2022-12-01,0,0.26000368481939784,3,logistic
2022-12-02,0,0.8651550673744763,3,logistic
2022-12-03,0,0.4176820076596395,3,logistic
2022-12-04,0,0.27744161438294146,3,logistic
2022-12-05,0,0.08879275283908533,3,logistic
2022-12-06,0,0.5879834450695578,3,logistic
2022-12-07,0,0.9766066845449072,3,logistic
2022-12-08,0,0.9400100489821283,3,logistic
2022-12-09,0,0.38573702538024196,3,logistic
2022-12-10,0,0.6547003398870287,3,logistic
2022-12-11,0,0.9714268761566857,3,logistic
2022-12-12,0,0.9993092277194365,3,logistic
2022-12-13,0,0.9932432651526114,3,logistic
2022-12-14,0,0.9999962399157474,3,logistic
2022-12-15,0,0.9989827923639218,3,logistic
2022-12-16,0,0.9647966719665356,3,logistic
2022-12-17,1,0.9997403401005996,3,logistic
2022-12-18,0,0.9988952029750363,3,logistic
2022-12-19,0,0.9785540704428592,3,logistic
2022-12-20,0,0.9981777533261387,3,logistic
2022-12-21,0,0.9406850434611639,3,logistic
2022-12-22,0,0.148807184182714,3,logistic
2022-12-23,0,0.7880653837231153,3,logistic
2022-12-24,0,0.07022731686765986,3,logistic
2021-01-08,0,0.25209340608659125,0,extra
2021-01-09,0,0.2111831424004906,0,extra
2021-01-10,0,0.1838722596855869,0,extra
2021-01-11,0,0.24814753094301967,0,extra
2021-01-12,0,0.2193715943138269,0,extra
2021-01-13,0,0.14613490494499579,0,extra
2021-01-14,0,0.3357216437803095,0,extra
2021-01-15,0,0.3331276144368314,0,extra
2021-01-16,0,0.32040085294813686,0,extra
2021-01-17,0,0.4570457988434248,0,extra
2021-01-18,0,0.24265398554907355,0,extra
2021-01-19,0,0.225786487589688,0,extra
2021-01-20,0,0.25556745373571055,0,extra
2021-01-21,0,0.2654556237795069,0,extra
2021-01-22,0,0.23462604057633277,0,extra
2021-01-23,0,0.22660251623308406,0,extra
2021-01-24,0,0.18474821029972568,0,extra
2021-01-25,0,0.21782082871317396,0,extra
2021-01-26,0,0.36042715324011576,0,extra
2021-01-27,0,0.30138198210677863,0,extra
2021-01-28,0,0.12642970000013742,0,extra
2021-01-29,0,0.18715961451449423,0,extra
2021-01-30,0,0.12434206337617207,0,extra
2021-01-31,0,0.10017288363149521,0,extra
2021-02-01,0,0.17586078628097523,0,extra
2021-02-02,0,0.2413988755162462,0,extra
2021-02-03,0,0.08061906869131044,0,extra
2021-02-04,0,0.17002669962020556,0,extra
2021-02-05,0,0.21405161375894796,0,extra
2021-02-06,0,0.2992237177294557,0,extra
2021-02-07,0,0.18297981420995094,0,extra
2021-02-08,0,0.36983613560760864,0,extra
2021-02-09,0,0.49012994445165653,0,extra
2021-02-10,0,0.3822032762654722,0,extra
2021-02-11,0,0.308383333694761,0,extra
2021-02-12,0,0.3240117484936736,0,extra
2021-02-13,0,0.28447410199532525,0,extra
2021-02-14,0,0.3078642012966395,0,extra
2021-02-15,0,0.27144653204410335,0,extra
2021-02-16,0,0.33302609539181144,0,extra
2021-02-17,0,0.19590488768798045,0,extra
2021-02-18,0,0.22538030499450287,0,extra
2021-02-19,0,0.30195569446007153,0,extra
2021-02-20,0,0.5039423008325257,0,extra
2021-02-21,0,0.4907707259878906,0,extra
2021-02-22,0,0.5240330443073955,0,extra
2021-02-23,0,0.5698044234486208,0,extra
2021-02-24,0,0.5344823348387828,0,extra
2021-02-25,0,0.5041173721455146,0,extra
2021-02-26,0,0.5220842376916893,0,extra
2021-02-27,0,0.4972178850947274,0,extra
2021-02-28,0,0.45862343742651185,0,extra
2021-03-01,0,0.22890578063096365,0,extra
2021-03-02,0,0.13038768714281077,0,extra
2021-03-03,0,0.23844422904292534,0,extra
2021-03-04,0,0.37617633127637223,0,extra
2021-03-05,0,0.14463715348508305,0,extra
2021-03-06,0,0.15487993503275962,0,extra
2021-03-07,0,0.18898729180757926,0,extra
2021-03-08,0,0.3364018386226731,0,extra
2021-03-09,0,0.3355820190050281,0,extra
2021-03-10,0,0.3403155653773325,0,extra
2021-03-11,0,0.30356011807181876,0,extra
2021-03-12,0,0.32554739629520685,0,extra
2021-03-13,0,0.45948343573406797,0,extra
2021-03-14,0,0.4215767267938771,0,extra
2021-03-15,0,0.3491007502171422,0,extra
2021-03-16,0,0.3473244584379782,0,extra
2021-03-17,0,0.401974308352781,0,extra
2021-03-18,0,0.23601160845389899,0,extra
2021-03-19,0,0.16988738396242678,0,extra
2021-03-20,0,0.08487420383241077,0,extra
2021-03-21,0,0.15646271267485987,0,extra
2021-03-22,0,0.138391818307961,0,extra
2021-03-23,0,0.15597396154022158,0,extra
2021-03-24,0,0.13602456796972232,0,extra
2021-03-25,0,0.18438631781273387,0,extra
2021-03-26,0,0.2172748750447707,0,extra
2021-03-27,0,0.1895060797393132,0,extra
2021-03-28,1,0.3586253222016647,0,extra
2021-03-29,1,0.3057112084007709,0,extra
2021-03-30,1,0.32710157979513915,0,extra
2021-03-31,1,0.2839113885844711,0,extra
2021-04-01,0,0.20613283754274522,0,extra
2021-04-02,0,0.11205699751136956,0,extra
2021-04-03,0,0.06462146221932204,0,extra
2021-04-04,0,0.07722402100609792,0,extra
2021-04-05,0,0.0729207562185701,0,extra
2021-04-06,0,0.0778112095962044,0,extra
2021-04-07,0,0.10713093251855066,0,extra
2021-04-08,0,0.04287278879019886,0,extra
2021-04-09,0,0.12116194080568353,0,extra
2021-04-10,0,0.1661657752200984,0,extra
2021-04-11,0,0.23573574938440164,0,extra
2021-04-12,0,0.26806870992397236,0,extra
2021-04-13,0,0.259349176661226,0,extra
2021-04-14,0,0.344294602896913,0,extra
2021-04-15,0,0.36749169989811836,0,extra
2021-04-16,0,0.31338607671255153,0,extra
2021-04-17,0,0.19135317981891417,0,extra
2021-04-18,0,0.15699796868889598,0,extra
2021-04-19,0,0.281999584100045,0,extra
2021-04-20,0,0.3301839659417787,0,extra
2021-04-21,0,0.34110557401092884,0,extra
2021-04-22,0,0.49068865458402344,0,extra
2021-04-23,0,0.5670585683566379,0,extra
2021-04-24,0,0.5577161468149031,0,extra
2021-04-25,0,0.44535350436316434,0,extra
2021-04-26,0,0.47370810240889727,0,extra
2021-04-27,0,0.5203357619304587,0,extra
2021-04-28,1,0.48503313656824276,0,extra
2021-04-29,1,0.49917640127828755,0,extra
2021-04-30,1,0.34548797600003656,0,extra
2021-05-01,1,0.4078225654246578,0,extra
2021-05-02,1,0.490176588901642,0,extra
2021-05-03,1,0.2708324590435047,0,extra
2021-05-04,0,0.18824200515089184,0,extra
2021-05-05,0,0.1820694508578455,0,extra
2021-05-06,0,0.18725401507136866,0,extra
2021-05-07,0,0.10351378003812141,0,extra
2021-05-08,0,0.08114782076913345,0,extra
2021-05-09,0,0.16384088599216612,0,extra
2021-05-10,0,0.13408209648435532,0,extra
2021-05-11,0,0.22976576699495227,0,extra
2021-05-12,0,0.31756728928608313,0,extra
2021-05-13,0,0.26384488701815134,0,extra
2021-05-14,0,0.25264621192680403,0,extra
2021-05-15,0,0.2251321492432887,0,extra
2021-05-16,0,0.3129181569588931,0,extra
2021-05-17,0,0.3740742941349613,0,extra
2021-05-18,0,0.3555550375139923,0,extra
2021-05-19,0,0.24959458239331397,0,extra
2021-05-20,0,0.2548745156638634,0,extra
2021-05-21,0,0.25041366687959343,0,extra
2021-05-22,0,0.3150299727356617,0,extra
2021-05-23,0,0.18862190716325683,0,extra
2021-05-24,0,0.16081884625516088,0,extra
2021-05-25,0,0.1641030267391452,0,extra
2021-05-26,0,0.2607195626375585,0,extra
2021-05-27,0,0.3698453611124601,0,extra
2021-05-28,0,0.253475919680891,0,extra
2021-05-29,0,0.270925606790054,0,extra
2021-05-30,0,0.2575231470215154,0,extra
2021-05-31,0,0.19423882923251656,0,extra
2021-06-01,0,0.26878084924091383,0,extra
2021-06-02,0,0.22951455456214867,0,extra
2021-06-03,0,0.24695036189328348,0,extra
2021-06-04,0,0.23408786183052133,0,extra
2021-06-05,0,0.23024951899320206,0,extra
2021-06-06,0,0.2677158671122075,0,extra
2021-06-07,0,0.3725048861846124,0,extra
2021-06-08,0,0.3599529929136918,0,extra
2021-06-09,0,0.39344413581354964,0,extra
2021-06-10,0,0.42203539997206424,0,extra
2021-06-11,0,0.47520613770827236,0,extra
2021-06-12,0,0.4586126317616153,0,extra
2021-06-13,0,0.37795427099223017,0,extra
2021-06-14,0,0.5103810305092155,0,extra
2021-06-15,0,0.36573761245256614,0,extra
2021-06-16,0,0.46078493597643727,0,extra
2021-06-17,0,0.44262824449702376,0,extra
2021-06-18,1,0.5612443419737785,0,extra
2021-06-19,0,0.41734747907333575,0,extra
2021-06-20,0,0.3043127265798937,0,extra
2021-06-21,0,0.5747137368299647,0,extra
2021-06-22,0,0.29358271069555075,0,extra
2021-06-23,0,0.1851004520738202,0,extra
2021-06-24,0,0.19091124293695622,0,extra
2021-06-25,0,0.08232602063957303,0,extra
2021-06-26,0,0.1416082203982726,0,extra
2021-06-27,0,0.15233566210979851,0,extra
2021-06-28,0,0.4106479285607164,0,extra
2021-06-29,0,0.37042652652986763,0,extra
2021-06-30,0,0.38050857344804373,0,extra
2021-07-08,0,0.26916598616481185,1,extra
2021-07-09,0,0.2849419939161728,1,extra
2021-07-10,0,0.3768400666179723,1,extra
2021-07-11,0,0.31708459226236296,1,extra
2021-07-12,0,0.18117248240814995,1,extra
2021-07-13,0,0.18309527859151703,1,extra
2021-07-14,0,0.25971681024529614,1,extra
2021-07-15,0,0.17992459202340869,1,extra
2021-07-16,0,0.1428638595536346,1,extra
2021-07-17,0,0.08286136277073808,1,extra
2021-07-18,0,0.2297150318814898,1,extra
2021-07-19,0,0.24583632558639426,1,extra
2021-07-20,0,0.27173949822674937,1,extra
2021-07-21,0,0.3081030618450931,1,extra
2021-07-22,0,0.15881352969950763,1,extra
2021-07-23,0,0.24906557566326565,1,extra
2021-07-24,0,0.1968684518693184,1,extra
2021-07-25,0,0.17647456292467745,1,extra
2021-07-26,0,0.1714803618294339,1,extra
2021-07-27,0,0.17970531324701083,1,extra
2021-07-28,0,0.13341794933057408,1,extra
2021-07-29,0,0.12354388099794797,1,extra
2021-07-30,0,0.1758158437430846,1,extra
2021-07-31,0,0.17387933549812207,1,extra
2021-08-01,0,0.17643140217424552,1,extra
2021-08-02,0,0.31502244976278443,1,extra
2021-08-03,0,0.36057734931924673,1,extra
2021-08-04,0,0.2857328582330444,1,extra
2021-08-05,0,0.327789202339632,1,extra
2021-08-06,0,0.23956337655588048,1,extra
2021-08-07,0,0.30607532737772847,1,extra
2021-08-08,0,0.33122537393192536,1,extra
2021-08-09,0,0.358820009311006,1,extra
2021-08-10,0,0.22452201085908438,1,extra
2021-08-11,0,0.16926438454263418,1,extra
2021-08-12,0,0.2215499120967186,1,extra
2021-08-13,0,0.19793762420632433,1,extra
2021-08-14,0,0.22875952891787246,1,extra
2021-08-15,0,0.29107321343566284,1,extra
2021-08-16,0,0.13958155383886836,1,extra
2021-08-17,0,0.23092795567370827,1,extra
2021-08-18,0,0.33587440212341185,1,extra
2021-08-19,0,0.2655352781432413,1,extra
2021-08-20,0,0.3214322621881407,1,extra
2021-08-21,0,0.36044949971829393,1,extra
2021-08-22,0,0.29919036583191205,1,extra
2021-08-23,0,0.399128920339449,1,extra
2021-08-24,0,0.4806218867222,1,extra
2021-08-25,0,0.28857457430207684,1,extra
2021-08-26,0,0.353699975900554,1,extra
2021-08-27,1,0.3625828074279787,1,extra
2021-08-28,1,0.4700026472359641,1,extra
2021-08-29,1,0.3829568921997193,1,extra
2021-08-30,1,0.5035403994442924,1,extra
2021-08-31,1,0.37063009706873484,1,extra
2021-09-01,1,0.5103448043332044,1,extra
2021-09-02,1,0.3019025747184308,1,extra
2021-09-03,1,0.14006899193689645,1,extra
2021-09-04,1,0.06837507367543211,1,extra
2021-09-05,0,0.07696553389944746,1,extra
2021-09-06,0,0.08368527837041125,1,extra
2021-09-07,0,0.03839600762046018,1,extra
2021-09-08,0,0.07868174149813113,1,extra
2021-09-09,0,0.0509598992842743,1,extra
2021-09-10,0,0.03172791507230381,1,extra
2021-09-11,0,0.054662648328047986,1,extra
2021-09-12,0,0.09628637144665228,1,extra
2021-09-13,0,0.21171150250129245,1,extra
2021-09-14,0,0.18772000078139375,1,extra
2021-09-15,0,0.1902112791126174,1,extra
2021-09-16,0,0.2235031449550364,1,extra
2021-09-17,0,0.23717630349784352,1,extra
2021-09-18,0,0.13134115777230906,1,extra
2021-09-19,0,0.14769239682290147,1,extra
2021-09-20,0,0.21583238867312388,1,extra
2021-09-21,0,0.22958193115351833,1,extra
2021-09-22,0,0.33907535003705375,1,extra
2021-09-23,0,0.41638507901965555,1,extra
2021-09-24,0,0.41509577747391785,1,extra
2021-09-25,1,0.46502484667024163,1,extra
2021-09-26,0,0.3773679508091204,1,extra
2021-09-27,0,0.28565731371367176,1,extra
2021-09-28,0,0.2673348652215325,1,extra
2021-09-29,0,0.302896430199958,1,extra
2021-09-30,0,0.21235592597025524,1,extra
2021-10-01,0,0.21207322173319454,1,extra
2021-10-02,0,0.13708117656449895,1,extra
2021-10-03,0,0.09440735367344827,1,extra
2021-10-04,0,0.2424593789580061,1,extra
2021-10-05,0,0.3088121001004373,1,extra
2021-10-06,0,0.28711622633492495,1,extra
2021-10-07,0,0.2957717907766748,1,extra
2021-10-08,0,0.14732468663907602,1,extra
2021-10-09,0,0.185039939955115,1,extra
2021-10-10,0,0.1760002075566141,1,extra
2021-10-11,0,0.1773518028523096,1,extra
2021-10-12,0,0.14350484534455046,1,extra
2021-10-13,0,0.08905427712787964,1,extra
2021-10-14,0,0.06062024956258539,1,extra
2021-10-15,0,0.06300805514743296,1,extra
2021-10-16,0,0.052639930722498104,1,extra
2021-10-17,0,0.07406099468041244,1,extra
2021-10-18,0,0.18308863564158503,1,extra
2021-10-19,1,0.12169475508902065,1,extra
2021-10-20,0,0.08498364012591571,1,extra
2021-10-21,0,0.06916823784081091,1,extra
2021-10-22,0,0.08770706272586427,1,extra
2021-10-23,0,0.08111576708971446,1,extra
2021-10-24,0,0.11717770287466168,1,extra
2021-10-25,0,0.05496477611381591,1,extra
2021-10-26,0,0.12694844024326335,1,extra
2021-10-27,0,0.11659918201574197,1,extra
2021-10-28,0,0.14480010447835448,1,extra
2021-10-29,0,0.2847239417493634,1,extra
2021-10-30,0,0.30651239536955593,1,extra
2021-10-31,0,0.11481975618799756,1,extra
2021-11-01,0,0.14589089608239722,1,extra
2021-11-02,0,0.13040575968439208,1,extra
2021-11-03,0,0.05932122285716496,1,extra
2021-11-04,0,0.03485010766682582,1,extra
2021-11-05,0,0.08594023066719735,1,extra
2021-11-06,0,0.05959789820492958,1,extra
2021-11-07,0,0.0941514064872138,1,extra
2021-11-08,0,0.16408090692244018,1,extra
2021-11-09,0,0.1608158417653972,1,extra
2021-11-10,0,0.1565925331084214,1,extra
2021-11-11,0,0.17219555026739192,1,extra
2021-11-12,0,0.17988085835046444,1,extra
2021-11-13,0,0.1852627781089536,1,extra
2021-11-14,0,0.2563231511464909,1,extra
2021-11-15,0,0.20431095237854346,1,extra
2021-11-16,0,0.26847076928582114,1,extra
2021-11-17,0,0.27589383447317883,1,extra
2021-11-18,1,0.41631448194691,1,extra
2021-11-19,1,0.3109896562384143,1,extra
2021-11-20,0,0.13104000468781601,1,extra
2021-11-21,0,0.08045352430048451,1,extra
2021-11-22,1,0.14491893050069787,1,extra
2021-11-23,0,0.11364567295746926,1,extra
2021-11-24,0,0.12901575624563805,1,extra
2021-11-25,0,0.09284531483981272,1,extra
2021-11-26,0,0.0434520660670461,1,extra
2021-11-27,0,0.08452019891987071,1,extra
2021-11-28,0,0.1039218478687485,1,extra
2021-11-29,0,0.0181216375150242,1,extra
2021-11-30,0,0.08767701756077044,1,extra
2021-12-01,0,0.045632026946602504,1,extra
2021-12-02,0,0.05551627849037215,1,extra
2021-12-03,0,0.03933447935943613,1,extra
2021-12-04,0,0.11421890542685716,1,extra
2021-12-05,0,0.06432338885841986,1,extra
2021-12-06,0,0.05495015915168274,1,extra
2021-12-07,0,0.10993323814797722,1,extra
2021-12-08,0,0.09538077699649715,1,extra
2021-12-09,0,0.09274843520944562,1,extra
2021-12-10,0,0.04460935164078277,1,extra
2021-12-11,0,0.04332564396045663,1,extra
2021-12-12,0,0.08020317840919279,1,extra
2021-12-13,0,0.13800102983370038,1,extra
2021-12-14,0,0.11920989356336807,1,extra
2021-12-15,0,0.2533340173629741,1,extra
2021-12-16,0,0.08011552004689522,1,extra
2021-12-17,0,0.15905303380226904,1,extra
2021-12-18,0,0.20639570427338771,1,extra
2021-12-19,0,0.24504298706065072,1,extra
2021-12-20,0,0.2041563496360477,1,extra
2021-12-21,0,0.2169431201603185,1,extra
2021-12-22,0,0.17476614221673595,1,extra
2021-12-23,0,0.11027157914879207,1,extra
2021-12-24,0,0.10725781852253685,1,extra
2021-12-25,0,0.11857522302267857,1,extra
2021-12-26,0,0.20428694569388645,1,extra
2021-12-27,0,0.16950510400367422,1,extra
2021-12-28,0,0.08794681121654797,1,extra
2021-12-29,0,0.1884685164454833,1,extra
2021-12-30,1,0.28471783904897463,1,extra
2021-12-31,0,0.31514820293755896,1,extra
2022-01-08,0,0.13609396571008753,2,extra
2022-01-09,0,0.16816857944709995,2,extra
2022-01-10,0,0.17571687015759885,2,extra
2022-01-11,0,0.1491190914574745,2,extra
2022-01-12,0,0.17632580557490588,2,extra
2022-01-13,0,0.21052171800405559,2,extra
2022-01-14,0,0.18918750644209617,2,extra
2022-01-15,0,0.13895775921276163,2,extra
2022-01-16,0,0.19935639044787554,2,extra
2022-01-17,0,0.21117290362620753,2,extra
2022-01-18,0,0.11965121790098322,2,extra
2022-01-19,0,0.23840308220208115,2,extra
2022-01-20,0,0.20634426593376248,2,extra
2022-01-21,0,0.13386969249220104,2,extra
2022-01-22,0,0.16584666399818299,2,extra
2022-01-23,0,0.124492146803112,2,extra
2022-01-24,0,0.2004689089186623,2,extra
2022-01-25,0,0.23616720888131415,2,extra
2022-01-26,0,0.19013085380029812,2,extra
2022-01-27,0,0.17404244551758,2,extra
2022-01-28,0,0.21515487059216934,2,extra
2022-01-29,1,0.2723364461066265,2,extra
2022-01-30,1,0.19017647840557272,2,extra
2022-01-31,0,0.19892758412200243,2,extra
2022-02-01,0,0.16579608374546712,2,extra
2022-02-02,0,0.1709414099236459,2,extra
2022-02-03,0,0.1817818614359745,2,extra
2022-02-04,0,0.1273817995809697,2,extra
2022-02-05,0,0.1495033124131097,2,extra
2022-02-06,0,0.11885615354493655,2,extra
2022-02-07,0,0.07349676945420539,2,extra
2022-02-08,0,0.16438595540285944,2,extra
2022-02-09,0,0.06979054386414835,2,extra
2022-02-10,0,0.09354520842921121,2,extra
2022-02-11,0,0.1127506761938037,2,extra
2022-02-12,0,0.10348174642811409,2,extra
2022-02-13,0,0.09855120513061133,2,extra
2022-02-14,0,0.06528486986956748,2,extra
2022-02-15,0,0.16239262595678228,2,extra
2022-02-16,0,0.16785983871550858,2,extra
2022-02-17,0,0.18626004496810025,2,extra
2022-02-18,0,0.26271274906508857,2,extra
2022-02-19,0,0.25127110205057973,2,extra
2022-02-20,0,0.29726351907176796,2,extra
2022-02-21,0,0.38881801235547847,2,extra
2022-02-22,0,0.3958205303896855,2,extra
2022-02-23,0,0.39731454554902723,2,extra
2022-02-24,0,0.3599517970480013,2,extra
2022-02-25,0,0.39587545757335346,2,extra
2022-02-26,0,0.3922504867170614,2,extra
2022-02-27,0,0.4041325057068456,2,extra
2022-02-28,0,0.40758952210502447,2,extra
2022-03-01,0,0.3875127566533343,2,extra
2022-03-02,0,0.42618203321885517,2,extra
2022-03-03,0,0.5069324094457793,2,extra
2022-03-04,0,0.2997267111757756,2,extra
2022-03-05,0,0.40262992894295013,2,extra
2022-03-06,0,0.4177859122619235,2,extra
2022-03-07,0,0.3420631258271439,2,extra
2022-03-08,0,0.3008215599095158,2,extra
2022-03-09,0,0.3015820195053227,2,extra
2022-03-10,1,0.3031438369434704,2,extra
2022-03-11,1,0.3194279400733399,2,extra
2022-03-12,0,0.25884587791171354,2,extra
2022-03-13,0,0.24580376658994596,2,extra
2022-03-14,1,0.30098207370409835,2,extra
2022-03-15,0,0.20170872551836583,2,extra
2022-03-16,0,0.15975960321525567,2,extra
2022-03-17,0,0.15780587381765365,2,extra
2022-03-18,0,0.16645994771211708,2,extra
2022-03-19,0,0.14372006298172493,2,extra
2022-03-20,0,0.08704127119753888,2,extra
2022-03-21,0,0.07131601399619958,2,extra
2022-03-22,0,0.14521606093506684,2,extra
2022-03-23,0,0.07579262736758843,2,extra
2022-03-24,0,0.08942155315087025,2,extra
2022-03-25,0,0.08346606516069514,2,extra
2022-03-26,0,0.12375267050054745,2,extra
2022-03-27,0,0.14737238669039937,2,extra
2022-03-28,0,0.13846096528939225,2,extra
2022-03-29,0,0.07555221977829939,2,extra
2022-03-30,0,0.1645060980207157,2,extra
2022-03-31,0,0.14510824384128504,2,extra
2022-04-01,0,0.32014394560905546,2,extra
2022-04-02,0,0.2806781662216601,2,extra
2022-04-03,0,0.314884268683836,2,extra
2022-04-04,0,0.2873485861705778,2,extra
2022-04-05,0,0.2574589009782369,2,extra
2022-04-06,0,0.37056748834701175,2,extra
2022-04-07,0,0.38792275447679825,2,extra
2022-04-08,0,0.37595118951303674,2,extra
2022-04-09,0,0.3701988399431391,2,extra
2022-04-10,0,0.35532677043080035,2,extra
2022-04-11,0,0.4099504850206013,2,extra
2022-04-12,0,0.2975905085993915,2,extra
2022-04-13,0,0.31578412076184703,2,extra
2022-04-14,0,0.36150873547256035,2,extra
2022-04-15,0,0.19341710900792072,2,extra
2022-04-16,0,0.2523610177549472,2,extra
2022-04-17,0,0.2736580429716787,2,extra
2022-04-18,0,0.24433986648399625,2,extra
2022-04-19,0,0.2300672974329702,2,extra
2022-04-20,0,0.3386236960673059,2,extra
2022-04-21,0,0.32544448294970735,2,extra
2022-04-22,0,0.37409642839748825,2,extra
2022-04-23,0,0.3786191436659377,2,extra
2022-04-24,1,0.3989316572254382,2,extra
2022-04-25,0,0.33102717310987867,2,extra
2022-04-26,0,0.35198561256032046,2,extra
2022-04-27,0,0.3149985654860984,2,extra
2022-04-28,1,0.3829031251977652,2,extra
2022-04-29,1,0.33085860163891617,2,extra
2022-04-30,1,0.37971464191206833,2,extra
2022-05-01,0,0.30693330056442053,2,extra
2022-05-02,0,0.33634777129677784,2,extra
2022-05-03,0,0.34929785756269427,2,extra
2022-05-04,0,0.22914207244798007,2,extra
2022-05-05,0,0.22407319584282764,2,extra
2022-05-06,0,0.13081273579672154,2,extra
2022-05-07,0,0.18269302144522198,2,extra
2022-05-08,0,0.12270890426678054,2,extra
2022-05-09,0,0.18392833492673227,2,extra
2022-05-10,0,0.21763254660934175,2,extra
2022-05-11,0,0.2808763493798134,2,extra
2022-05-12,0,0.29754533299700126,2,extra
2022-05-13,0,0.22470312804153417,2,extra
2022-05-14,0,0.24081634074165276,2,extra
2022-05-15,1,0.323156416665244,2,extra
2022-05-16,1,0.3291252184482836,2,extra
2022-05-17,1,0.2580464820501659,2,extra
2022-05-18,0,0.16614017691845628,2,extra
2022-05-19,0,0.288084689035362,2,extra
2022-05-20,0,0.15566171039134674,2,extra
2022-05-21,0,0.1482662068363454,2,extra
2022-05-22,0,0.13507558370595718,2,extra
2022-05-23,0,0.1376867217556252,2,extra
2022-05-24,0,0.1363208827581602,2,extra
2022-05-25,0,0.1936376754493337,2,extra
2022-05-26,0,0.10374404039210276,2,extra
2022-05-27,0,0.14726910059383294,2,extra
2022-05-28,0,0.22155291924011403,2,extra
2022-05-29,0,0.2241732667724357,2,extra
2022-05-30,0,0.19116618768116894,2,extra
2022-05-31,0,0.19635195515740858,2,extra
2022-06-01,0,0.37021564757032427,2,extra
2022-06-02,0,0.21473615379466826,2,extra
2022-06-03,0,0.31142292953184814,2,extra
2022-06-04,0,0.255575528371161,2,extra
2022-06-05,0,0.29116880767467895,2,extra
2022-06-06,0,0.2894726158334393,2,extra
2022-06-07,0,0.3539728603536833,2,extra
2022-06-08,0,0.3125791040764578,2,extra
2022-06-09,0,0.32714830821941787,2,extra
2022-06-10,0,0.2465537724607538,2,extra
2022-06-11,0,0.2676572980050484,2,extra
2022-06-12,0,0.27960706688525977,2,extra
2022-06-13,0,0.23282072132529574,2,extra
2022-06-14,0,0.31773133093720346,2,extra
2022-06-15,1,0.3201557802916022,2,extra
2022-06-16,1,0.3033895893018259,2,extra
2022-06-17,1,0.3486945909964966,2,extra
2022-06-18,1,0.30756046603305376,2,extra
2022-06-19,1,0.25065567770525365,2,extra
2022-06-20,1,0.1980445384157001,2,extra
2022-06-21,1,0.2157385553372151,2,extra
2022-06-22,1,0.11111190616372578,2,extra
2022-06-23,1,0.13349831631632242,2,extra
2022-06-24,0,0.05784230608659647,2,extra
2022-06-25,0,0.0787283725318253,2,extra
2022-06-26,0,0.06997920682902731,2,extra
2022-06-27,0,0.10180589549795953,2,extra
2022-06-28,0,0.08764842773902005,2,extra
2022-06-29,0,0.13213952813663266,2,extra
2022-06-30,0,0.16554813044800906,2,extra
2022-07-08,0,0.07925658583560848,3,extra
2022-07-09,0,0.22617258997281303,3,extra
2022-07-10,0,0.158221787186475,3,extra
2022-07-11,0,0.18363030731621524,3,extra
2022-07-12,0,0.14403585451531328,3,extra
2022-07-13,0,0.2023322037417347,3,extra
2022-07-14,0,0.19196937010800444,3,extra
2022-07-15,0,0.17089197296555148,3,extra
2022-07-16,0,0.09280227052882294,3,extra
2022-07-17,0,0.08276243829056684,3,extra
2022-07-18,0,0.12601082951672032,3,extra
2022-07-19,0,0.10339763239436904,3,extra
2022-07-20,0,0.10258833629598077,3,extra
2022-07-21,0,0.10287338485428656,3,extra
2022-07-22,0,0.14187204474045723,3,extra
2022-07-23,0,0.09877885158728358,3,extra
2022-07-24,0,0.09619495934650138,3,extra
2022-07-25,0,0.16633003994159365,3,extra
2022-07-26,0,0.12567321474838783,3,extra
2022-07-27,0,0.12796463542751818,3,extra
2022-07-28,0,0.14799954661625817,3,extra
2022-07-29,0,0.16040267940571706,3,extra
2022-07-30,0,0.2514355565606401,3,extra
2022-07-31,0,0.3278514513429041,3,extra
2022-08-01,0,0.3707916102373475,3,extra
2022-08-02,0,0.34950028308222525,3,extra
2022-08-03,0,0.3984368689850212,3,extra
2022-08-04,0,0.31530818645750225,3,extra
2022-08-05,0,0.40172377111717156,3,extra
2022-08-06,0,0.2533750210096139,3,extra
2022-08-07,0,0.40713241407733625,3,extra
2022-08-08,0,0.45479789979081203,3,extra
2022-08-09,0,0.41574300551960375,3,extra
2022-08-10,0,0.3018679481564369,3,extra
2022-08-11,0,0.15486405081686244,3,extra
2022-08-12,0,0.15265270502932643,3,extra
2022-08-13,0,0.15638248562562576,3,extra
2022-08-14,0,0.1948895771527244,3,extra
2022-08-15,0,0.1929917077487266,3,extra
2022-08-16,0,0.25938054109129444,3,extra
2022-08-17,0,0.22677342108630374,3,extra
2022-08-18,0,0.17016686710883383,3,extra
2022-08-19,0,0.12812257780922154,3,extra
2022-08-20,0,0.08135689754265814,3,extra
2022-08-21,0,0.0967075324093996,3,extra
2022-08-22,0,0.08640874477388003,3,extra
2022-08-23,0,0.14238537646832355,3,extra
2022-08-24,0,0.06450126480255387,3,extra
2022-08-25,0,0.07183352909604274,3,extra
2022-08-26,0,0.15049053467224835,3,extra
2022-08-27,0,0.10324236228569965,3,extra
2022-08-28,0,0.08918519219980907,3,extra
2022-08-29,0,0.11179591549812173,3,extra
2022-08-30,0,0.11384136480111984,3,extra
2022-08-31,0,0.1688716307774401,3,extra
2022-09-01,0,0.11842351003723299,3,extra
2022-09-02,0,0.10671856397100415,3,extra
2022-09-03,0,0.14437331669462428,3,extra
2022-09-04,0,0.11755120069125899,3,extra
2022-09-05,0,0.11356488763495115,3,extra
2022-09-06,0,0.13449749101796432,3,extra
2022-09-07,0,0.1444435275051134,3,extra
2022-09-08,0,0.07457183784955382,3,extra
2022-09-09,0,0.12186590949612758,3,extra
2022-09-10,0,0.09873253432476603,3,extra
2022-09-11,0,0.14176249601814267,3,extra
2022-09-12,0,0.15452331570728567,3,extra
2022-09-13,0,0.2335046167225091,3,extra
2022-09-14,0,0.21652559489482992,3,extra
2022-09-15,0,0.2777114820831154,3,extra
2022-09-16,0,0.3497207923293299,3,extra
2022-09-17,0,0.34526013287247037,3,extra
2022-09-18,1,0.3850093368547898,3,extra
2022-09-19,1,0.3859228523041821,3,extra
2022-09-20,0,0.31695931796926025,3,extra
2022-09-21,1,0.359772013661368,3,extra
2022-09-22,1,0.4158990178866235,3,extra
2022-09-23,1,0.37329679345117545,3,extra
2022-09-24,1,0.31751510566412816,3,extra
2022-09-25,1,0.27122441077571313,3,extra
2022-09-26,0,0.22448769274466898,3,extra
2022-09-27,1,0.25730114328479503,3,extra
2022-09-28,0,0.1732488031182027,3,extra
2022-09-29,0,0.09282824397953039,3,extra
2022-09-30,0,0.08707821038464153,3,extra
2022-10-01,0,0.07699148398853785,3,extra
2022-10-02,1,0.06163936485916858,3,extra
2022-10-03,0,0.0779795174987258,3,extra
2022-10-04,0,0.05389508815902835,3,extra
2022-10-05,0,0.08249826279797116,3,extra
2022-10-06,0,0.09484122864814723,3,extra
2022-10-07,0,0.08031933650811475,3,extra
2022-10-08,0,0.06960056193996467,3,extra
2022-10-09,0,0.06601206362125747,3,extra
2022-10-10,0,0.0775387715971911,3,extra
2022-10-11,0,0.06863565321373113,3,extra
2022-10-12,0,0.13216563891795127,3,extra
2022-10-13,0,0.08860423763207105,3,extra
2022-10-14,0,0.11384944199814574,3,extra
2022-10-15,0,0.15595911708804755,3,extra
2022-10-16,0,0.16491783354240017,3,extra
2022-10-17,0,0.09911540499435316,3,extra
2022-10-18,0,0.11145166990685129,3,extra
2022-10-19,0,0.12231883334762238,3,extra
2022-10-20,0,0.14980853045299086,3,extra
2022-10-21,0,0.1350811310969978,3,extra
2022-10-22,0,0.20015975189383675,3,extra
2022-10-23,0,0.207200955508167,3,extra
2022-10-24,0,0.2035741492790395,3,extra
2022-10-25,0,0.2758851378688431,3,extra
2022-10-26,0,0.30370496002816016,3,extra
2022-10-27,0,0.21467040827127956,3,extra
2022-10-28,0,0.20237439881630495,3,extra
2022-10-29,0,0.26825864960502005,3,extra
2022-10-30,0,0.26801782458397194,3,extra
2022-10-31,0,0.28333242340844916,3,extra
2022-11-01,0,0.31658190711049516,3,extra
2022-11-02,0,0.2781340389957501,3,extra
2022-11-03,0,0.30288328722414315,3,extra
2022-11-04,0,0.27081956190783574,3,extra
2022-11-05,0,0.2147385942084179,3,extra
2022-11-06,0,0.23006237615604974,3,extra
2022-11-07,0,0.27208287799566233,3,extra
2022-11-08,0,0.30512238585815915,3,extra
2022-11-09,0,0.18914951070858574,3,extra
2022-11-10,0,0.32709882999337575,3,extra
2022-11-11,0,0.3284482861410572,3,extra
2022-11-12,0,0.25583524982827216,3,extra
2022-11-13,0,0.1913266894320795,3,extra
2022-11-14,0,0.21518036185706269,3,extra
2022-11-15,0,0.31058909779666866,3,extra
2022-11-16,0,0.22828271007832793,3,extra
2022-11-17,0,0.3379699597824692,3,extra
2022-11-18,0,0.3217872513193241,3,extra
2022-11-19,0,0.2576497204726236,3,extra
2022-11-20,0,0.3194393739233013,3,extra
2022-11-21,0,0.3188294128251407,3,extra
2022-11-22,0,0.3456518926658294,3,extra
2022-11-23,0,0.2575924329358252,3,extra
2022-11-24,0,0.26396203957519293,3,extra
2022-11-25,0,0.264143433067246,3,extra
2022-11-26,0,0.2503114429169457,3,extra
2022-11-27,0,0.3109906039382862,3,extra
2022-11-28,0,0.30261162051620966,3,extra
2022-11-29,0,0.2981046420921289,3,extra
2022-11-30,0,0.3432848000345169,3,extra
2022-12-01,0,0.34173327054385183,3,extra
2022-12-02,0,0.419656382048799,3,extra
2022-12-03,0,0.45062923876241334,3,extra
2022-12-04,0,0.4648474030352249,3,extra
2022-12-05,0,0.3691137120633524,3,extra
2022-12-06,0,0.4730951785728838,3,extra
2022-12-07,0,0.5315021784594662,3,extra
2022-12-08,0,0.5130684427066688,3,extra
2022-12-09,0,0.4837658881344408,3,extra
2022-12-10,0,0.5123558397004522,3,extra
2022-12-11,0,0.4621272831211879,3,extra
2022-12-12,0,0.4857698425754618,3,extra
2022-12-13,0,0.5763768599979696,3,extra
2022-12-14,0,0.6444019179853155,3,extra
2022-12-15,0,0.6291470876449237,3,extra
2022-12-16,0,0.5971179623695619,3,extra
2022-12-17,1,0.5943129801742618,3,extra
2022-12-18,0,0.6067202913385732,3,extra
2022-12-19,0,0.5913442760136142,3,extra
2022-12-20,0,0.6041922569655124,3,extra
2022-12-21,0,0.6194576957979643,3,extra
2022-12-22,0,0.485517833828151,3,extra
2022-12-23,0,0.42748558813370463,3,extra
2022-12-24,0,0.4041402385857706,3,extra
2021-01-08,0,0.03829023121742193,0,hist
2021-01-09,0,0.018733242095814576,0,hist
2021-01-10,0,0.011639914141957525,0,hist
2021-01-11,0,0.04628246059040917,0,hist
2021-01-12,0,0.05802242504617752,0,hist
2021-01-13,0,0.008233059363581855,0,hist
2021-01-14,0,0.13652173956745925,0,hist
2021-01-15,0,0.02950374007881338,0,hist
2021-01-16,0,0.034664459466291264,0,hist
2021-01-17,0,0.2696802990137275,0,hist
2021-01-18,0,0.022414822083693626,0,hist
2021-01-19,0,0.020719659333042664,0,hist
2021-01-20,0,0.04537021365161449,0,hist
2021-01-21,0,0.023915298756672223,0,hist
2021-01-22,0,0.024198876887352182,0,hist
2021-01-23,0,0.03934467251094125,0,hist
2021-01-24,0,0.03024899488436527,0,hist
2021-01-25,0,0.05248581799938489,0,hist
2021-01-26,0,0.15375753237053602,0,hist
2021-01-27,0,0.07433288325453191,0,hist
2021-01-28,0,0.03504973479775055,0,hist
2021-01-29,0,0.08077026114948051,0,hist
2021-01-30,0,0.03848471223803615,0,hist
2021-01-31,0,0.03710088412654186,0,hist
2021-02-01,0,0.024993416783942488,0,hist
2021-02-02,0,0.04565125769007073,0,hist
2021-02-03,0,0.01597144880221312,0,hist
2021-02-04,0,0.021957686557004755,0,hist
2021-02-05,0,0.03218518556162682,0,hist
2021-02-06,0,0.06571145840786194,0,hist
2021-02-07,0,0.015270567086733147,0,hist
2021-02-08,0,0.11586497094852498,0,hist
2021-02-09,0,0.4746593695355589,0,hist
2021-02-10,0,0.06424533093620814,0,hist
2021-02-11,0,0.08999087471678194,0,hist
2021-02-12,0,0.1543679565405531,0,hist
2021-02-13,0,0.14352928904566115,0,hist
2021-02-14,0,0.30542413243670674,0,hist
2021-02-15,0,0.07062201366105232,0,hist
2021-02-16,0,0.15299901972101296,0,hist
2021-02-17,0,0.012817425891505042,0,hist
2021-02-18,0,0.05714489883988001,0,hist
2021-02-19,0,0.08384331660262075,0,hist
2021-02-20,0,0.22622570513238985,0,hist
2021-02-21,0,0.15680278634061257,0,hist
2021-02-22,0,0.14391704669612962,0,hist
2021-02-23,0,0.12845968265789875,0,hist
2021-02-24,0,0.0917009903914673,0,hist
2021-02-25,0,0.12399847491869473,0,hist
2021-02-26,0,0.13553077809513153,0,hist
2021-02-27,0,0.13640865452923442,0,hist
2021-02-28,0,0.1663548198018843,0,hist
2021-03-01,0,0.04274050822377617,0,hist
2021-03-02,0,0.014821796757193084,0,hist
2021-03-03,0,0.0438974546384472,0,hist
2021-03-04,0,0.09056319445368424,0,hist
2021-03-05,0,0.009023637741123972,0,hist
2021-03-06,0,0.013031839159537059,0,hist
2021-03-07,0,0.00634408586925995,0,hist
2021-03-08,0,0.015129448418246172,0,hist
2021-03-09,0,0.01876054652007285,0,hist
2021-03-10,0,0.02772252759364415,0,hist
2021-03-11,0,0.023694445997213792,0,hist
2021-03-12,0,0.09029605628518812,0,hist
2021-03-13,0,0.19397094382856192,0,hist
2021-03-14,0,0.09640547881393631,0,hist
2021-03-15,0,0.07044704371898786,0,hist
2021-03-16,0,0.09758529240680357,0,hist
2021-03-17,0,0.0391708734005959,0,hist
2021-03-18,0,0.008886352917673424,0,hist
2021-03-19,0,0.023071597726109647,0,hist
2021-03-20,0,0.006806482405325978,0,hist
2021-03-21,0,0.008744841469556569,0,hist
2021-03-22,0,0.011854497367265425,0,hist
2021-03-23,0,0.01586568516171272,0,hist
2021-03-24,0,0.007916204372773997,0,hist
2021-03-25,0,0.01886878455866815,0,hist
2021-03-26,0,0.029543487472924672,0,hist
2021-03-27,0,0.016016036750090983,0,hist
2021-03-28,1,0.3994388085484818,0,hist
2021-03-29,1,0.21226294768525006,0,hist
2021-03-30,1,0.2206970193860281,0,hist
2021-03-31,1,0.15403037136731904,0,hist
2021-04-01,0,0.045760787852798974,0,hist
2021-04-02,0,0.032825972681767984,0,hist
2021-04-03,0,0.04222016834355679,0,hist
2021-04-04,0,0.02294909156322927,0,hist
2021-04-05,0,0.0205081614990114,0,hist
2021-04-06,0,0.018455673063685358,0,hist
2021-04-07,0,0.00932167169143274,0,hist
2021-04-08,0,0.006594049602830035,0,hist
2021-04-09,0,0.04198932268031366,0,hist
2021-04-10,0,0.048836232483425814,0,hist
2021-04-11,0,0.032847572876830385,0,hist
2021-04-12,0,0.041971375581337025,0,hist
2021-04-13,0,0.025823726846706654,0,hist
2021-04-14,0,0.352250865366271,0,hist
2021-04-15,0,0.22145495973825477,0,hist
2021-04-16,0,0.12982639343448318,0,hist
2021-04-17,0,0.007935426115822293,0,hist
2021-04-18,0,0.005844010298759435,0,hist
2021-04-19,0,0.02832806264882918,0,hist
2021-04-20,0,0.045055874648053496,0,hist
2021-04-21,0,0.051996565220481246,0,hist
2021-04-22,0,0.29112134162209635,0,hist
2021-04-23,0,0.3100640774864245,0,hist
2021-04-24,0,0.694508931738035,0,hist
2021-04-25,0,0.19961409272083827,0,hist
2021-04-26,0,0.2604129798881739,0,hist
2021-04-27,0,0.706031132875336,0,hist
2021-04-28,1,0.6514620010838857,0,hist
2021-04-29,1,0.37850631917096883,0,hist
2021-04-30,1,0.06965082516601116,0,hist
2021-05-01,1,0.10340112425274084,0,hist
2021-05-02,1,0.3617640037907095,0,hist
2021-05-03,1,0.020014144622010923,0,hist
2021-05-04,0,0.04591850380869317,0,hist
2021-05-05,0,0.07568237760192607,0,hist
2021-05-06,0,0.023620194420185266,0,hist
2021-05-07,0,0.0347978453789859,0,hist
2021-05-08,0,0.03209683803712679,0,hist
2021-05-09,0,0.038798099952011056,0,hist
2021-05-10,0,0.056758386234000695,0,hist
2021-05-11,0,0.04242584528268672,0,hist
2021-05-12,0,0.03566782368540858,0,hist
2021-05-13,0,0.060467152330933416,0,hist
2021-05-14,0,0.08059409546535916,0,hist
2021-05-15,0,0.03471777539675194,0,hist
2021-05-16,0,0.03313434523813036,0,hist
2021-05-17,0,0.18755880268029526,0,hist
2021-05-18,0,0.23098784897071462,0,hist
2021-05-19,0,0.021570345491846013,0,hist
2021-05-20,0,0.036373306262730956,0,hist
2021-05-21,0,0.034263428728127175,0,hist
2021-05-22,0,0.16087664096451892,0,hist
2021-05-23,0,0.043987107578653255,0,hist
2021-05-24,0,0.07263114892709377,0,hist
2021-05-25,0,0.05567292664452076,0,hist
2021-05-26,0,0.09683478705998734,0,hist
2021-05-27,0,0.10171035052883817,0,hist
2021-05-28,0,0.0592645042268896,0,hist
2021-05-29,0,0.06479513718103577,0,hist
2021-05-30,0,0.04218578854976914,0,hist
2021-05-31,0,0.012375860791972997,0,hist
2021-06-01,0,0.14392772987988592,0,hist
2021-06-02,0,0.03150342349172652,0,hist
2021-06-03,0,0.0733461903789115,0,hist
2021-06-04,0,0.014105011099861207,0,hist
2021-06-05,0,0.013750040175529644,0,hist
2021-06-06,0,0.021122682939199767,0,hist
2021-06-07,0,0.05315386894386127,0,hist
2021-06-08,0,0.06759487653551076,0,hist
2021-06-09,0,0.07852252601238023,0,hist
2021-06-10,0,0.09388558090231769,0,hist
2021-06-11,0,0.13103944300418666,0,hist
2021-06-12,0,0.09636219002514523,0,hist
2021-06-13,0,0.03427461846062203,0,hist
2021-06-14,0,0.2740806115634985,0,hist
2021-06-15,0,0.061268474473381795,0,hist
2021-06-16,0,0.3968953441907545,0,hist
2021-06-17,0,0.11461958146619795,0,hist
2021-06-18,1,0.39945124735665255,0,hist
2021-06-19,0,0.16741278585456226,0,hist
2021-06-20,0,0.026450786738769508,0,hist
2021-06-21,0,0.5823586484559781,0,hist
2021-06-22,0,0.032537819742223445,0,hist
2021-06-23,0,0.040884043994527886,0,hist
2021-06-24,0,0.014922492620327051,0,hist
2021-06-25,0,0.017405434396738428,0,hist
2021-06-26,0,0.018075689395762855,0,hist
2021-06-27,0,0.01050523069908532,0,hist
2021-06-28,0,0.5629511371850616,0,hist
2021-06-29,0,0.1106063428022877,0,hist
2021-06-30,0,0.20188325178934113,0,hist
2021-07-08,0,0.11586485035024412,1,hist
2021-07-09,0,0.09146198099191379,1,hist
2021-07-10,0,0.1214886337909023,1,hist
2021-07-11,0,0.10732839048161273,1,hist
2021-07-12,0,0.013469473257664392,1,hist
2021-07-13,0,0.03511233435477928,1,hist
2021-07-14,0,0.02791533247988168,1,hist
2021-07-15,0,0.026603592070697037,1,hist
2021-07-16,0,0.02432805437275997,1,hist
2021-07-17,0,0.01079993726856415,1,hist
2021-07-18,0,0.058925916201265686,1,hist
2021-07-19,0,0.04211208950492228,1,hist
2021-07-20,0,0.06858381009273194,1,hist
2021-07-21,0,0.14414380296353974,1,hist
2021-07-22,0,0.008844900888355989,1,hist
2021-07-23,0,0.14609749673328135,1,hist
2021-07-24,0,0.022126633034142182,1,hist
2021-07-25,0,0.031043516942631955,1,hist
2021-07-26,0,0.04856745896750294,1,hist
2021-07-27,0,0.11198309982496663,1,hist
2021-07-28,0,0.05571300878105671,1,hist
2021-07-29,0,0.016176702326739494,1,hist
2021-07-30,0,0.036009885667422255,1,hist
2021-07-31,0,0.06781418715319466,1,hist
2021-08-01,0,0.03005933420068867,1,hist
2021-08-02,0,0.19241575179365322,1,hist
2021-08-03,0,0.23541806216983077,1,hist
2021-08-04,0,0.015275138516258117,1,hist
2021-08-05,0,0.02356275859515959,1,hist
2021-08-06,0,0.01990437039033509,1,hist
2021-08-07,0,0.024092126211770735,1,hist
2021-08-08,0,0.053135023896520944,1,hist
2021-08-09,0,0.05348383624253051,1,hist
2021-08-10,0,0.011489300158210133,1,hist
2021-08-11,0,0.00525026516932851,1,hist
2021-08-12,0,0.01719694701594569,1,hist
2021-08-13,0,0.02861962660291059,1,hist
2021-08-14,0,0.02036964008615353,1,hist
2021-08-15,0,0.04730763702885565,1,hist
2021-08-16,0,0.022538491818119486,1,hist
2021-08-17,0,0.08629742310354623,1,hist
2021-08-18,0,0.2188504170240472,1,hist
2021-08-19,0,0.04421868160726553,1,hist
2021-08-20,0,0.10037361395833633,1,hist
2021-08-21,0,0.18680709995603295,1,hist
2021-08-22,0,0.14122943465614113,1,hist
2021-08-23,0,0.27319573470293507,1,hist
2021-08-24,0,0.33502335322881277,1,hist
2021-08-25,0,0.0857110407605219,1,hist
2021-08-26,0,0.07503880755881612,1,hist
2021-08-27,1,0.14738989399107982,1,hist
2021-08-28,1,0.25157418975671986,1,hist
2021-08-29,1,0.0773898662210079,1,hist
2021-08-30,1,0.1568237718911915,1,hist
2021-08-31,1,0.053262432830564484,1,hist
2021-09-01,1,0.3748726527206772,1,hist
2021-09-02,1,0.013035403290746575,1,hist
2021-09-03,1,0.016205159809463795,1,hist
2021-09-04,1,0.008452259369817597,1,hist
2021-09-05,0,0.008350974021010437,1,hist
2021-09-06,0,0.011045354896027473,1,hist
2021-09-07,0,0.0029290837727463767,1,hist
2021-09-08,0,0.009130596779974572,1,hist
2021-09-09,0,0.006536158760800481,1,hist
2021-09-10,0,0.004167290241696218,1,hist
2021-09-11,0,0.008711617383835904,1,hist
2021-09-12,0,0.0062912835384296446,1,hist
2021-09-13,0,0.025816638807563824,1,hist
2021-09-14,0,0.011836982116745247,1,hist
2021-09-15,0,0.035575777813194195,1,hist
2021-09-16,0,0.023410899416905866,1,hist
2021-09-17,0,0.022132060859154316,1,hist
2021-09-18,0,0.026093557559658902,1,hist
2021-09-19,0,0.04182926901218939,1,hist
2021-09-20,0,0.05406274165754284,1,hist
2021-09-21,0,0.12443395339691528,1,hist
2021-09-22,0,0.07183854315731232,1,hist
2021-09-23,0,0.45755220597751795,1,hist
2021-09-24,0,0.4312823022649682,1,hist
2021-09-25,1,0.28319288287172595,1,hist
2021-09-26,0,0.266950565666566,1,hist
2021-09-27,0,0.11643211432139615,1,hist
2021-09-28,0,0.09259467540992965,1,hist
2021-09-29,0,0.15784971969675976,1,hist
2021-09-30,0,0.03534079362433462,1,hist
2021-10-01,0,0.03232724318017093,1,hist
2021-10-02,0,0.011737097390847134,1,hist
2021-10-03,0,0.006414910473612724,1,hist
2021-10-04,0,0.04547339718838358,1,hist
2021-10-05,0,0.21962646884079653,1,hist
2021-10-06,0,0.06229937313066886,1,hist
2021-10-07,0,0.09940395043391771,1,hist
2021-10-08,0,0.02631815938897823,1,hist
2021-10-09,0,0.03712172839278442,1,hist
2021-10-10,0,0.015435142157347476,1,hist
2021-10-11,0,0.017019363349901995,1,hist
2021-10-12,0,0.007219061689124622,1,hist
2021-10-13,0,0.0068215537278018615,1,hist
2021-10-14,0,0.009286752519434806,1,hist
2021-10-15,0,0.006663322501608134,1,hist
2021-10-16,0,0.008358840302128412,1,hist
2021-10-17,0,0.025617265180523558,1,hist
2021-10-18,0,0.012176400854615207,1,hist
2021-10-19,1,0.019268593900909594,1,hist
2021-10-20,0,0.0052038183533181384,1,hist
2021-10-21,0,0.008405163385512678,1,hist
2021-10-22,0,0.0169281668678752,1,hist
2021-10-23,0,0.006100524265643863,1,hist
2021-10-24,0,0.04014956013805482,1,hist
2021-10-25,0,0.008702466604828867,1,hist
2021-10-26,0,0.027069888777259413,1,hist
2021-10-27,0,0.01077369580840254,1,hist
2021-10-28,0,0.010921797510073624,1,hist
2021-10-29,0,0.06288524570803035,1,hist
2021-10-30,0,0.0721050998892322,1,hist
2021-10-31,0,0.005244392665989081,1,hist
2021-11-01,0,0.007273767314579362,1,hist
2021-11-02,0,0.007631981484429044,1,hist
2021-11-03,0,0.007299998812355944,1,hist
2021-11-04,0,0.0046998652688842865,1,hist
2021-11-05,0,0.010067579768247252,1,hist
2021-11-06,0,0.010314751523008783,1,hist
2021-11-07,0,0.006093354735881804,1,hist
2021-11-08,0,0.07995797387522334,1,hist
2021-11-09,0,0.05641738854279967,1,hist
2021-11-10,0,0.05918289258190192,1,hist
2021-11-11,0,0.09220457295381454,1,hist
2021-11-12,0,0.15195878850918662,1,hist
2021-11-13,0,0.09938476114579198,1,hist
2021-11-14,0,0.07985840011199591,1,hist
2021-11-15,0,0.04679769300339178,1,hist
2021-11-16,0,0.061894089762033005,1,hist
2021-11-17,0,0.03785816396084264,1,hist
2021-11-18,1,0.07942655621503694,1,hist
2021-11-19,1,0.09583710971832791,1,hist
2021-11-20,0,0.008270173245768437,1,hist
2021-11-21,0,0.00657038408615373,1,hist
2021-11-22,1,0.02740732872145796,1,hist
2021-11-23,0,0.014825915609796646,1,hist
2021-11-24,0,0.006995781981104735,1,hist
2021-11-25,0,0.016888101653978745,1,hist
2021-11-26,0,0.009187948177828878,1,hist
2021-11-27,0,0.01589701884179683,1,hist
2021-11-28,0,0.02352667489881975,1,hist
2021-11-29,0,0.003953492954988299,1,hist
2021-11-30,0,0.015223554280602377,1,hist
2021-12-01,0,0.004804182750670982,1,hist
2021-12-02,0,0.009090478281386575,1,hist
2021-12-03,0,0.003284627151894658,1,hist
2021-12-04,0,0.010520403407894589,1,hist
2021-12-05,0,0.00516101806335354,1,hist
2021-12-06,0,0.0064301289175459665,1,hist
2021-12-07,0,0.005549624230740288,1,hist
2021-12-08,0,0.008652222330179076,1,hist
2021-12-09,0,0.006392605334814319,1,hist
2021-12-10,0,0.005575509532418943,1,hist
2021-12-11,0,0.0032783077458847392,1,hist
2021-12-12,0,0.010674117236951148,1,hist
2021-12-13,0,0.010468421814883347,1,hist
2021-12-14,0,0.014746117166304492,1,hist
2021-12-15,0,0.04002442134895627,1,hist
2021-12-16,0,0.005569834785864663,1,hist
2021-12-17,0,0.01693772555291408,1,hist
2021-12-18,0,0.04025585698280317,1,hist
2021-12-19,0,0.030782133071898317,1,hist
2021-12-20,0,0.030169976217119792,1,hist
2021-12-21,0,0.041841415641453196,1,hist
2021-12-22,0,0.05224566782092105,1,hist
2021-12-23,0,0.027855114956792507,1,hist
2021-12-24,0,0.016403682902400973,1,hist
2021-12-25,0,0.006103967331387753,1,hist
2021-12-26,0,0.03883855979630231,1,hist
2021-12-27,0,0.010054053066316782,1,hist
2021-12-28,0,0.0067936232896364385,1,hist
2021-12-29,0,0.04553423998440993,1,hist
2021-12-30,1,0.20782946488604354,1,hist
2021-12-31,0,0.1358597761149135,1,hist
2022-01-08,0,0.005366030481973851,2,hist
2022-01-09,0,0.013178620598311657,2,hist
2022-01-10,0,0.017286579574498542,2,hist
2022-01-11,0,0.020920237814920396,2,hist
2022-01-12,0,0.01910205761910474,2,hist
2022-01-13,0,0.03465706770207637,2,hist
2022-01-14,0,0.012559876185780092,2,hist
2022-01-15,0,0.0090884209424045,2,hist
2022-01-16,0,0.019214531780272198,2,hist
2022-01-17,0,0.008613509824693126,2,hist
2022-01-18,0,0.006494914142087485,2,hist
2022-01-19,0,0.014434074257158806,2,hist
2022-01-20,0,0.006096954412025881,2,hist
2022-01-21,0,0.0021216646269865062,2,hist
2022-01-22,0,0.007809524710127954,2,hist
2022-01-23,0,0.006861752371988804,2,hist
2022-01-24,0,0.013007928866054645,2,hist
2022-01-25,0,0.015097390034745365,2,hist
2022-01-26,0,0.00642653232543484,2,hist
2022-01-27,0,0.00610505850656301,2,hist
2022-01-28,0,0.017478045718089318,2,hist
2022-01-29,1,0.035413694934993634,2,hist
2022-01-30,1,0.006316828569672348,2,hist
2022-01-31,0,0.008931279691875226,2,hist
2022-02-01,0,0.014192408389937435,2,hist
2022-02-02,0,0.010988558207830386,2,hist
2022-02-03,0,0.007640078087738638,2,hist
2022-02-04,0,0.009276006117000026,2,hist
2022-02-05,0,0.011901188870601044,2,hist
2022-02-06,0,0.009435549213789368,2,hist
2022-02-07,0,0.0035288870010786507,2,hist
2022-02-08,0,0.02745604216072094,2,hist
2022-02-09,0,0.0031643416304541357,2,hist
2022-02-10,0,0.004633868320380247,2,hist
2022-02-11,0,0.012459664283897661,2,hist
2022-02-12,0,0.00951915992042072,2,hist
2022-02-13,0,0.007071684564595004,2,hist
2022-02-14,0,0.003882043165586542,2,hist
2022-02-15,0,0.03851661026468277,2,hist
2022-02-16,0,0.047930751204960945,2,hist
2022-02-17,0,0.05178423462224205,2,hist
2022-02-18,0,0.07255397041896659,2,hist
2022-02-19,0,0.036460995467835294,2,hist
2022-02-20,0,0.04829792976002445,2,hist
2022-02-21,0,0.08452174728605703,2,hist
2022-02-22,0,0.06548430805349321,2,hist
2022-02-23,0,0.10147079251487953,2,hist
2022-02-24,0,0.07781397471275246,2,hist
2022-02-25,0,0.1441712134698209,2,hist
2022-02-26,0,0.16214325328358567,2,hist
2022-02-27,0,0.09394267177284887,2,hist
2022-02-28,0,0.15420218009707276,2,hist
2022-03-01,0,0.1363714648697831,2,hist
2022-03-02,0,0.21464355562413936,2,hist
2022-03-03,0,0.31134606030070466,2,hist
2022-03-04,0,0.059472592046111585,2,hist
2022-03-05,0,0.1563936387767767,2,hist
2022-03-06,0,0.06142766507929611,2,hist
2022-03-07,0,0.11400934830054872,2,hist
2022-03-08,0,0.06341061221595141,2,hist
2022-03-09,0,0.056926995989070146,2,hist
2022-03-10,1,0.12101247102118731,2,hist
2022-03-11,1,0.1672842278532875,2,hist
2022-03-12,0,0.10762402707930711,2,hist
2022-03-13,0,0.03476942878304395,2,hist
2022-03-14,1,0.10158735036870947,2,hist
2022-03-15,0,0.08402129456491907,2,hist
2022-03-16,0,0.047609007647687045,2,hist
2022-03-17,0,0.05372165780041992,2,hist
2022-03-18,0,0.028370266283935866,2,hist
2022-03-19,0,0.031842712604988166,2,hist
2022-03-20,0,0.029716087547709498,2,hist
2022-03-21,0,0.02000204646163184,2,hist
2022-03-22,0,0.026902341631891452,2,hist
2022-03-23,0,0.009766722000398905,2,hist
2022-03-24,0,0.03751251850198616,2,hist
2022-03-25,0,0.009005990005074434,2,hist
2022-03-26,0,0.030323684778890313,2,hist
2022-03-27,0,0.03296491679386238,2,hist
2022-03-28,0,0.026767629495781927,2,hist
2022-03-29,0,0.018991409775027706,2,hist
2022-03-30,0,0.07843209747392398,2,hist
2022-03-31,0,0.07893988869635889,2,hist
2022-04-01,0,0.419937697677032,2,hist
2022-04-02,0,0.1860066822820976,2,hist
2022-04-03,0,0.6302789569672737,2,hist
2022-04-04,0,0.15413182062559258,2,hist
2022-04-05,0,0.10829800635869764,2,hist
2022-04-06,0,0.2025128586769634,2,hist
2022-04-07,0,0.07480454687379408,2,hist
2022-04-08,0,0.13575313295960367,2,hist
2022-04-09,0,0.2131839319279099,2,hist
2022-04-10,0,0.07379587844899618,2,hist
2022-04-11,0,0.09683454812772482,2,hist
2022-04-12,0,0.059059502073290755,2,hist
2022-04-13,0,0.14979043977520176,2,hist
2022-04-14,0,0.24309146032304504,2,hist
2022-04-15,0,0.0757957223667724,2,hist
2022-04-16,0,0.04537366416372764,2,hist
2022-04-17,0,0.07150114842911551,2,hist
2022-04-18,0,0.04818384104829071,2,hist
2022-04-19,0,0.02145004502476174,2,hist
2022-04-20,0,0.18489232211418757,2,hist
2022-04-21,0,0.08538631855879311,2,hist
2022-04-22,0,0.08903274899804607,2,hist
2022-04-23,0,0.1482530074130112,2,hist
2022-04-24,1,0.0826034577873874,2,hist
2022-04-25,0,0.03756263186635951,2,hist
2022-04-26,0,0.06884073946461826,2,hist
2022-04-27,0,0.03502783686956077,2,hist
2022-04-28,1,0.12183228129465279,2,hist
2022-04-29,1,0.08100808943174724,2,hist
2022-04-30,1,0.09225730071194246,2,hist
2022-05-01,0,0.10086110846749317,2,hist
2022-05-02,0,0.08183115354070128,2,hist
2022-05-03,0,0.04614626338649697,2,hist
2022-05-04,0,0.05574422258725899,2,hist
2022-05-05,0,0.021224110411736732,2,hist
2022-05-06,0,0.01953141725042897,2,hist
2022-05-07,0,0.03518521341109108,2,hist
2022-05-08,0,0.011070939124832152,2,hist
2022-05-09,0,0.025258295572229784,2,hist
2022-05-10,0,0.025464039125436135,2,hist
2022-05-11,0,0.028634810088730225,2,hist
2022-05-12,0,0.01783805183399888,2,hist
2022-05-13,0,0.010360082562202257,2,hist
2022-05-14,0,0.007612964628220976,2,hist
2022-05-15,1,0.030527316628241232,2,hist
2022-05-16,1,0.04513286017628234,2,hist
2022-05-17,1,0.013275602670207652,2,hist
2022-05-18,0,0.008849075669392395,2,hist
2022-05-19,0,0.039458773036076734,2,hist
2022-05-20,0,0.010377892373784036,2,hist
2022-05-21,0,0.009057143531341965,2,hist
2022-05-22,0,0.010120680470330268,2,hist
2022-05-23,0,0.005383978622944936,2,hist
2022-05-24,0,0.007508825848367117,2,hist
2022-05-25,0,0.04046323156571815,2,hist
2022-05-26,0,0.009350181067085779,2,hist
2022-05-27,0,0.01895449320232129,2,hist
2022-05-28,0,0.01954791369653807,2,hist
2022-05-29,0,0.025624283587674306,2,hist
2022-05-30,0,0.008126128962357636,2,hist
2022-05-31,0,0.006622111941975823,2,hist
2022-06-01,0,0.05882085977969868,2,hist
2022-06-02,0,0.011397298949052963,2,hist
2022-06-03,0,0.030734886751652334,2,hist
2022-06-04,0,0.04185085385496981,2,hist
2022-06-05,0,0.016297612513594545,2,hist
2022-06-06,0,0.04213008569042569,2,hist
2022-06-07,0,0.05214647028297636,2,hist
2022-06-08,0,0.08332421860760578,2,hist
2022-06-09,0,0.05238142230853913,2,hist
2022-06-10,0,0.04644610228435126,2,hist
2022-06-11,0,0.08425399956186268,2,hist
2022-06-12,0,0.05278284244123664,2,hist
2022-06-13,0,0.051074631942178136,2,hist
2022-06-14,0,0.12059353202463108,2,hist
2022-06-15,1,0.11655084752874977,2,hist
2022-06-16,1,0.060506476545133595,2,hist
2022-06-17,1,0.046126011320540256,2,hist
2022-06-18,1,0.020488854921426228,2,hist
2022-06-19,1,0.011334023646745102,2,hist
2022-06-20,1,0.009947176920355802,2,hist
2022-06-21,1,0.01702752786605347,2,hist
2022-06-22,1,0.007734283169860433,2,hist
2022-06-23,1,0.011201123279297972,2,hist
2022-06-24,0,0.002295564257529534,2,hist
2022-06-25,0,0.0030422402558796815,2,hist
2022-06-26,0,0.002405727673099813,2,hist
2022-06-27,0,0.0022980329495733715,2,hist
2022-06-28,0,0.0036930361221171673,2,hist
2022-06-29,0,0.007562942322300361,2,hist
2022-06-30,0,0.024127199121889497,2,hist
2022-07-08,0,0.029989887844266178,3,hist
2022-07-09,0,0.030248417050216532,3,hist
2022-07-10,0,0.02095538676067061,3,hist
2022-07-11,0,0.021116890655951133,3,hist
2022-07-12,0,0.00563640146795126,3,hist
2022-07-13,0,0.020092737386894512,3,hist
2022-07-14,0,0.022671009780201642,3,hist
2022-07-15,0,0.008261251625061255,3,hist
2022-07-16,0,0.0032576324050810263,3,hist
2022-07-17,0,0.00197654539034719,3,hist
2022-07-18,0,0.005856723712457981,3,hist
2022-07-19,0,0.003492227699757782,3,hist
2022-07-20,0,0.002884326179015801,3,hist
2022-07-21,0,0.003999132096282603,3,hist
2022-07-22,0,0.006569727515293525,3,hist
2022-07-23,0,0.0049045039955201465,3,hist
2022-07-24,0,0.00498456549861458,3,hist
2022-07-25,0,0.02397750176269633,3,hist
2022-07-26,0,0.004581557795316314,3,hist
2022-07-27,0,0.008355642413609856,3,hist
2022-07-28,0,0.032598929432941896,3,hist
2022-07-29,0,0.025316444636638912,3,hist
2022-07-30,0,0.05462712720915813,3,hist
2022-07-31,0,0.027382516793987108,3,hist
2022-08-01,0,0.01844262246613884,3,hist
2022-08-02,0,0.008562879667067445,3,hist
2022-08-03,0,0.026686534206334045,3,hist
2022-08-04,0,0.020990818711192856,3,hist
2022-08-05,0,0.06388214149373643,3,hist
2022-08-06,0,0.027864772488401766,3,hist
2022-08-07,0,0.056469619250694957,3,hist
2022-08-08,0,0.2837918634867778,3,hist
2022-08-09,0,0.04593738560405856,3,hist
2022-08-10,0,0.020162564767813702,3,hist
2022-08-11,0,0.005579219320799561,3,hist
2022-08-12,0,0.01175364016589398,3,hist
2022-08-13,0,0.009653780411464984,3,hist
2022-08-14,0,0.017574445464476802,3,hist
2022-08-15,0,0.06220857461365608,3,hist
2022-08-16,0,0.038161971383275366,3,hist
2022-08-17,0,0.07099515537478053,3,hist
2022-08-18,0,0.011022421511925838,3,hist
2022-08-19,0,0.0047294606639677805,3,hist
2022-08-20,0,0.004632386057071947,3,hist
2022-08-21,0,0.0121145037156892,3,hist
2022-08-22,0,0.009447510394845744,3,hist
2022-08-23,0,0.008629578998293077,3,hist
2022-08-24,0,0.0037456367184543005,3,hist
2022-08-25,0,0.002735328928530968,3,hist
2022-08-26,0,0.0038348698503176738,3,hist
2022-08-27,0,0.006168341537515074,3,hist
2022-08-28,0,0.0063691041901027525,3,hist
2022-08-29,0,0.057624686859568175,3,hist
2022-08-30,0,0.019141603090237467,3,hist
2022-08-31,0,0.05116157263948629,3,hist
2022-09-01,0,0.041626744093167314,3,hist
2022-09-02,0,0.02150744490941602,3,hist
2022-09-03,0,0.023436896728855957,3,hist
2022-09-04,0,0.007482771384310267,3,hist
2022-09-05,0,0.005275406395318311,3,hist
2022-09-06,0,0.014088330964219586,3,hist
2022-09-07,0,0.021297637494975895,3,hist
2022-09-08,0,0.009695610167472056,3,hist
2022-09-09,0,0.027552913026621523,3,hist
2022-09-10,0,0.010666797799052703,3,hist
2022-09-11,0,0.03434997861362672,3,hist
2022-09-12,0,0.018152124925203544,3,hist
2022-09-13,0,0.06053751109936396,3,hist
2022-09-14,0,0.07359171640224633,3,hist
2022-09-15,0,0.02991344609415959,3,hist
2022-09-16,0,0.04212169132547017,3,hist
2022-09-17,0,0.10059599937264473,3,hist
2022-09-18,1,0.040270481647769106,3,hist
2022-09-19,1,0.022266768809034193,3,hist
2022-09-20,0,0.007947528840230578,3,hist
2022-09-21,1,0.021656267006703065,3,hist
2022-09-22,1,0.05375370873744194,3,hist
2022-09-23,1,0.029825109261670413,3,hist
2022-09-24,1,0.027625048342462575,3,hist
2022-09-25,1,0.01382649818678576,3,hist
2022-09-26,0,0.005581075853820288,3,hist
2022-09-27,1,0.007070761684713655,3,hist
2022-09-28,0,0.00524730117734345,3,hist
2022-09-29,0,0.006453473946470405,3,hist
2022-09-30,0,0.0044535923423589365,3,hist
2022-10-01,0,0.008512477935173733,3,hist
2022-10-02,1,0.0058646696548197855,3,hist
2022-10-03,0,0.004175961068788595,3,hist
2022-10-04,0,0.0018448055830398906,3,hist
2022-10-05,0,0.006914383453934682,3,hist
2022-10-06,0,0.005715402393672987,3,hist
2022-10-07,0,0.007196992419275718,3,hist
2022-10-08,0,0.007066883302819607,3,hist
2022-10-09,0,0.005736881005873228,3,hist
2022-10-10,0,0.0090881073229365,3,hist
2022-10-11,0,0.005301844578073099,3,hist
2022-10-12,0,0.012083504318849017,3,hist
2022-10-13,0,0.0024599317006991036,3,hist
2022-10-14,0,0.007494045754916765,3,hist
2022-10-15,0,0.0019420964494733777,3,hist
2022-10-16,0,0.0031149083404247114,3,hist
2022-10-17,0,0.002403055818836242,3,hist
2022-10-18,0,0.0030185752630304493,3,hist
2022-10-19,0,0.009261714870760352,3,hist
2022-10-20,0,0.013172438859643669,3,hist
2022-10-21,0,0.008872479492166106,3,hist
2022-10-22,0,0.01643753720080102,3,hist
2022-10-23,0,0.012139992632854648,3,hist
2022-10-24,0,0.030126346685815788,3,hist
2022-10-25,0,0.024191337452516788,3,hist
2022-10-26,0,0.17898456182662542,3,hist
2022-10-27,0,0.05059531300571807,3,hist
2022-10-28,0,0.03504700089777215,3,hist
2022-10-29,0,0.1339895956243368,3,hist
2022-10-30,0,0.05927403852060708,3,hist
2022-10-31,0,0.04161409839862009,3,hist
2022-11-01,0,0.1450190466838745,3,hist
2022-11-02,0,0.05079265262602418,3,hist
2022-11-03,0,0.07484194459667302,3,hist
2022-11-04,0,0.11720152716413397,3,hist
2022-11-05,0,0.04102878887684815,3,hist
2022-11-06,0,0.08298914136308076,3,hist
2022-11-07,0,0.03137758640130155,3,hist
2022-11-08,0,0.08493204225899686,3,hist
2022-11-09,0,0.02279119555218137,3,hist
2022-11-10,0,0.027086670241060855,3,hist
2022-11-11,0,0.015592392994382845,3,hist
2022-11-12,0,0.01836548667065917,3,hist
2022-11-13,0,0.003610362434708969,3,hist
2022-11-14,0,0.00786982564064168,3,hist
2022-11-15,0,0.03379313796909417,3,hist
2022-11-16,0,0.006037794827002928,3,hist
2022-11-17,0,0.01323718626347777,3,hist
2022-11-18,0,0.02917230858572422,3,hist
2022-11-19,0,0.008951765370065824,3,hist
2022-11-20,0,0.04140921225751182,3,hist
2022-11-21,0,0.02519352613491838,3,hist
2022-11-22,0,0.03900396628115724,3,hist
2022-11-23,0,0.025203395255347517,3,hist
2022-11-24,0,0.033709485907056407,3,hist
2022-11-25,0,0.07773388910421175,3,hist
2022-11-26,0,0.04713728487770538,3,hist
2022-11-27,0,0.04050718341388081,3,hist
2022-11-28,0,0.05170347609207326,3,hist
2022-11-29,0,0.08384508615370458,3,hist
2022-11-30,0,0.04563485565178432,3,hist
2022-12-01,0,0.030833659506210753,3,hist
2022-12-02,0,0.11359931051088092,3,hist
2022-12-03,0,0.08440809030353492,3,hist
2022-12-04,0,0.13666353580749777,3,hist
2022-12-05,0,0.06454690530116396,3,hist
2022-12-06,0,0.17875687446046049,3,hist
2022-12-07,0,0.5108205626853068,3,hist
2022-12-08,0,0.2582740393099173,3,hist
2022-12-09,0,0.2882705113548625,3,hist
2022-12-10,0,0.178351568117101,3,hist
2022-12-11,0,0.06851269659634723,3,hist
2022-12-12,0,0.4272425237745589,3,hist
2022-12-13,0,0.2597319918423443,3,hist
2022-12-14,0,0.44441322339373523,3,hist
2022-12-15,0,0.41459287324954847,3,hist
2022-12-16,0,0.2700134516802901,3,hist
2022-12-17,1,0.5003836169729686,3,hist
2022-12-18,0,0.4928348567812443,3,hist
2022-12-19,0,0.3522383398996722,3,hist
2022-12-20,0,0.43832239757552544,3,hist
2022-12-21,0,0.3398479461357741,3,hist
2022-12-22,0,0.21658117920476,3,hist
2022-12-23,0,0.18849031538841982,3,hist
2022-12-24,0,0.20643095643306392,3,hist
2021-01-08,0,0.1575833112001419,0,xgb
2021-01-09,0,0.0405663400888443,0,xgb
2021-01-10,0,0.1070801243185997,0,xgb
2021-01-11,0,0.32279276847839355,0,xgb
2021-01-12,0,0.3846125900745392,0,xgb
2021-01-13,0,0.12167147547006607,0,xgb
2021-01-14,0,0.4745711088180542,0,xgb
2021-01-15,0,0.2620810568332672,0,xgb
2021-01-16,0,0.19547931849956512,0,xgb
2021-01-17,0,0.5918828845024109,0,xgb
2021-01-18,0,0.15591956675052643,0,xgb
2021-01-19,0,0.2032279223203659,0,xgb
2021-01-20,0,0.25068381428718567,0,xgb
2021-01-21,0,0.16817760467529297,0,xgb
2021-01-22,0,0.13287875056266785,0,xgb
2021-01-23,0,0.20574964582920074,0,xgb
2021-01-24,0,0.2606698274612427,0,xgb
2021-01-25,0,0.1252598911523819,0,xgb
2021-01-26,0,0.4810425043106079,0,xgb
2021-01-27,0,0.17730185389518738,0,xgb
2021-01-28,0,0.14928750693798065,0,xgb
2021-01-29,0,0.23351497948169708,0,xgb
2021-01-30,0,0.14493438601493835,0,xgb
2021-01-31,0,0.11610110849142075,0,xgb
2021-02-01,0,0.08840493112802505,0,xgb
2021-02-02,0,0.35047540068626404,0,xgb
2021-02-03,0,0.06494926661252975,0,xgb
2021-02-04,0,0.05901332199573517,0,xgb
2021-02-05,0,0.11119614541530609,0,xgb
2021-02-06,0,0.17411300539970398,0,xgb
2021-02-07,0,0.061122409999370575,0,xgb
2021-02-08,0,0.4084054231643677,0,xgb
2021-02-09,0,0.7894824147224426,0,xgb
2021-02-10,0,0.5767490267753601,0,xgb
2021-02-11,0,0.4440194368362427,0,xgb
2021-02-12,0,0.4648609459400177,0,xgb
2021-02-13,0,0.19575758278369904,0,xgb
2021-02-14,0,0.4396995007991791,0,xgb
2021-02-15,0,0.34678155183792114,0,xgb
2021-02-16,0,0.628657877445221,0,xgb
2021-02-17,0,0.09599024802446365,0,xgb
2021-02-18,0,0.17146465182304382,0,xgb
2021-02-19,0,0.4547942876815796,0,xgb
2021-02-20,0,0.8103000521659851,0,xgb
2021-02-21,0,0.7147915959358215,0,xgb
2021-02-22,0,0.5766408443450928,0,xgb
2021-02-23,0,0.8269512057304382,0,xgb
2021-02-24,0,0.5622439384460449,0,xgb
2021-02-25,0,0.6450806260108948,0,xgb
2021-02-26,0,0.70053631067276,0,xgb
2021-02-27,0,0.5918267369270325,0,xgb
2021-02-28,0,0.542319118976593,0,xgb
2021-03-01,0,0.14672468602657318,0,xgb
2021-03-02,0,0.09577429294586182,0,xgb
2021-03-03,0,0.22624129056930542,0,xgb
2021-03-04,0,0.5685139894485474,0,xgb
2021-03-05,0,0.09082727134227753,0,xgb
2021-03-06,0,0.043565813452005386,0,xgb
2021-03-07,0,0.07105983793735504,0,xgb
2021-03-08,0,0.1424301713705063,0,xgb
2021-03-09,0,0.14046669006347656,0,xgb
2021-03-10,0,0.3617525100708008,0,xgb
2021-03-11,0,0.2996930480003357,0,xgb
2021-03-12,0,0.43373915553092957,0,xgb
2021-03-13,0,0.736211359500885,0,xgb
2021-03-14,0,0.5762575268745422,0,xgb
2021-03-15,0,0.44501304626464844,0,xgb
2021-03-16,0,0.48924964666366577,0,xgb
2021-03-17,0,0.22918906807899475,0,xgb
2021-03-18,0,0.0679134875535965,0,xgb
2021-03-19,0,0.11145255714654922,0,xgb
2021-03-20,0,0.0613766647875309,0,xgb
2021-03-21,0,0.06585374474525452,0,xgb
2021-03-22,0,0.05746837332844734,0,xgb
2021-03-23,0,0.10437533259391785,0,xgb
2021-03-24,0,0.10627884417772293,0,xgb
2021-03-25,0,0.09258711338043213,0,xgb
2021-03-26,0,0.4126979410648346,0,xgb
2021-03-27,0,0.2905837595462799,0,xgb
2021-03-28,1,0.7005133628845215,0,xgb
2021-03-29,1,0.5648320913314819,0,xgb
2021-03-30,1,0.7347410321235657,0,xgb
2021-03-31,1,0.6065996885299683,0,xgb
2021-04-01,0,0.19999967515468597,0,xgb
2021-04-02,0,0.10661942511796951,0,xgb
2021-04-03,0,0.1242305338382721,0,xgb
2021-04-04,0,0.0991223007440567,0,xgb
2021-04-05,0,0.06427700817584991,0,xgb
2021-04-06,0,0.05918668210506439,0,xgb
2021-04-07,0,0.0426274836063385,0,xgb
2021-04-08,0,0.021077997982501984,0,xgb
2021-04-09,0,0.15726405382156372,0,xgb
2021-04-10,0,0.13846361637115479,0,xgb
2021-04-11,0,0.1302841603755951,0,xgb
2021-04-12,0,0.21186846494674683,0,xgb
2021-04-13,0,0.248941570520401,0,xgb
2021-04-14,0,0.6679699420928955,0,xgb
2021-04-15,0,0.6313312649726868,0,xgb
2021-04-16,0,0.4418022632598877,0,xgb
2021-04-17,0,0.03395790979266167,0,xgb
2021-04-18,0,0.014102961868047714,0,xgb
2021-04-19,0,0.05433393642306328,0,xgb
2021-04-20,0,0.07773787528276443,0,xgb
2021-04-21,0,0.14327970147132874,0,xgb
2021-04-22,0,0.7215021252632141,0,xgb
2021-04-23,0,0.5116084218025208,0,xgb
2021-04-24,0,0.754447877407074,0,xgb
2021-04-25,0,0.6195829510688782,0,xgb
2021-04-26,0,0.5301473140716553,0,xgb
2021-04-27,0,0.8359442949295044,0,xgb
2021-04-28,1,0.758745014667511,0,xgb
2021-04-29,1,0.7805505990982056,0,xgb
2021-04-30,1,0.307209849357605,0,xgb
2021-05-01,1,0.2999421954154968,0,xgb
2021-05-02,1,0.44696056842803955,0,xgb
2021-05-03,1,0.12553773820400238,0,xgb
2021-05-04,0,0.14077483117580414,0,xgb
2021-05-05,0,0.24061685800552368,0,xgb
2021-05-06,0,0.18273106217384338,0,xgb
2021-05-07,0,0.2078072726726532,0,xgb
2021-05-08,0,0.07812968641519547,0,xgb
2021-05-09,0,0.31624579429626465,0,xgb
2021-05-10,0,0.43106111884117126,0,xgb
2021-05-11,0,0.22146624326705933,0,xgb
2021-05-12,0,0.34381338953971863,0,xgb
2021-05-13,0,0.33657827973365784,0,xgb
2021-05-14,0,0.21056406199932098,0,xgb
2021-05-15,0,0.25935959815979004,0,xgb
2021-05-16,0,0.18211576342582703,0,xgb
2021-05-17,0,0.5926259756088257,0,xgb
2021-05-18,0,0.31618717312812805,0,xgb
2021-05-19,0,0.05458899959921837,0,xgb
2021-05-20,0,0.2059934139251709,0,xgb
2021-05-21,0,0.17555394768714905,0,xgb
2021-05-22,0,0.25355520844459534,0,xgb
2021-05-23,0,0.20693020522594452,0,xgb
2021-05-24,0,0.1755228489637375,0,xgb
2021-05-25,0,0.32115358114242554,0,xgb
2021-05-26,0,0.3354569673538208,0,xgb
2021-05-27,0,0.23712682723999023,0,xgb
2021-05-28,0,0.12684942781925201,0,xgb
2021-05-29,0,0.15631501376628876,0,xgb
2021-05-30,0,0.11668136715888977,0,xgb
2021-05-31,0,0.13678409159183502,0,xgb
2021-06-01,0,0.4645043611526489,0,xgb
2021-06-02,0,0.18116286396980286,0,xgb
2021-06-03,0,0.3597446084022522,0,xgb
2021-06-04,0,0.1104964092373848,0,xgb
2021-06-05,0,0.08113770931959152,0,xgb
2021-06-06,0,0.12944546341896057,0,xgb
2021-06-07,0,0.2186899036169052,0,xgb
2021-06-08,0,0.28483593463897705,0,xgb
2021-06-09,0,0.23432593047618866,0,xgb
2021-06-10,0,0.2783314287662506,0,xgb
2021-06-11,0,0.4240148365497589,0,xgb
2021-06-12,0,0.5345926284790039,0,xgb
2021-06-13,0,0.3023841679096222,0,xgb
2021-06-14,0,0.7174255847930908,0,xgb
2021-06-15,0,0.42401421070098877,0,xgb
2021-06-16,0,0.5519928932189941,0,xgb
2021-06-17,0,0.4685024619102478,0,xgb
2021-06-18,1,0.5786192417144775,0,xgb
2021-06-19,0,0.471036434173584,0,xgb
2021-06-20,0,0.11530207842588425,0,xgb
2021-06-21,0,0.8465877771377563,0,xgb
2021-06-22,0,0.41812705993652344,0,xgb
2021-06-23,0,0.15296439826488495,0,xgb
2021-06-24,0,0.08173834532499313,0,xgb
2021-06-25,0,0.07975710928440094,0,xgb
2021-06-26,0,0.09611964970827103,0,xgb
2021-06-27,0,0.07802535593509674,0,xgb
2021-06-28,0,0.8429768681526184,0,xgb
2021-06-29,0,0.6789485812187195,0,xgb
2021-06-30,0,0.646389901638031,0,xgb
2021-07-08,0,0.27409112453460693,1,xgb
2021-07-09,0,0.28640905022621155,1,xgb
2021-07-10,0,0.49668067693710327,1,xgb
2021-07-11,0,0.31070297956466675,1,xgb
2021-07-12,0,0.04359583929181099,1,xgb
2021-07-13,0,0.11952050775289536,1,xgb
2021-07-14,0,0.11045042425394058,1,xgb
2021-07-15,0,0.07037506997585297,1,xgb
2021-07-16,0,0.06040867790579796,1,xgb
2021-07-17,0,0.05726795271039009,1,xgb
2021-07-18,0,0.16405656933784485,1,xgb
2021-07-19,0,0.16188019514083862,1,xgb
2021-07-20,0,0.12212678045034409,1,xgb
2021-07-21,0,0.271930992603302,1,xgb
2021-07-22,0,0.03108108974993229,1,xgb
2021-07-23,0,0.4235835075378418,1,xgb
2021-07-24,0,0.0895828902721405,1,xgb
2021-07-25,0,0.08079825341701508,1,xgb
2021-07-26,0,0.16258305311203003,1,xgb
2021-07-27,0,0.37469929456710815,1,xgb
2021-07-28,0,0.11806820333003998,1,xgb
2021-07-29,0,0.02535644732415676,1,xgb
2021-07-30,0,0.12753628194332123,1,xgb
2021-07-31,0,0.12528149783611298,1,xgb
2021-08-01,0,0.06949003785848618,1,xgb
2021-08-02,0,0.32895660400390625,1,xgb
2021-08-03,0,0.5993187427520752,1,xgb
2021-08-04,0,0.073127381503582,1,xgb
2021-08-05,0,0.1217692568898201,1,xgb
2021-08-06,0,0.0979684367775917,1,xgb
2021-08-07,0,0.29251113533973694,1,xgb
2021-08-08,0,0.3261190354824066,1,xgb
2021-08-09,0,0.3948981463909149,1,xgb
2021-08-10,0,0.11359231173992157,1,xgb
2021-08-11,0,0.04644013196229935,1,xgb
2021-08-12,0,0.12708806991577148,1,xgb
2021-08-13,0,0.31269973516464233,1,xgb
2021-08-14,0,0.15729333460330963,1,xgb
2021-08-15,0,0.163426473736763,1,xgb
2021-08-16,0,0.1354302018880844,1,xgb
2021-08-17,0,0.37423938512802124,1,xgb
2021-08-18,0,0.6639828681945801,1,xgb
2021-08-19,0,0.2137044370174408,1,xgb
2021-08-20,0,0.6085958480834961,1,xgb
2021-08-21,0,0.7773327231407166,1,xgb
2021-08-22,0,0.62021404504776,1,xgb
2021-08-23,0,0.7056100368499756,1,xgb
2021-08-24,0,0.8116683959960938,1,xgb
2021-08-25,0,0.6884638667106628,1,xgb
2021-08-26,0,0.49458450078964233,1,xgb
2021-08-27,1,0.6998853087425232,1,xgb
2021-08-28,1,0.7086048126220703,1,xgb
2021-08-29,1,0.4862164556980133,1,xgb
2021-08-30,1,0.6371751427650452,1,xgb
2021-08-31,1,0.2906934916973114,1,xgb
2021-09-01,1,0.8175342679023743,1,xgb
2021-09-02,1,0.16393378376960754,1,xgb
2021-09-03,1,0.08690759539604187,1,xgb
2021-09-04,1,0.033324696123600006,1,xgb
2021-09-05,0,0.04114861786365509,1,xgb
2021-09-06,0,0.09283716231584549,1,xgb
2021-09-07,0,0.015862323343753815,1,xgb
2021-09-08,0,0.031562741845846176,1,xgb
2021-09-09,0,0.03525788336992264,1,xgb
2021-09-10,0,0.032383233308792114,1,xgb
2021-09-11,0,0.03015296906232834,1,xgb
2021-09-12,0,0.09310473501682281,1,xgb
2021-09-13,0,0.19442082941532135,1,xgb
2021-09-14,0,0.18497814238071442,1,xgb
2021-09-15,0,0.15317188203334808,1,xgb
2021-09-16,0,0.22796902060508728,1,xgb
2021-09-17,0,0.1950160413980484,1,xgb
2021-09-18,0,0.19705374538898468,1,xgb
2021-09-19,0,0.3546352684497833,1,xgb
2021-09-20,0,0.1917344182729721,1,xgb
2021-09-21,0,0.23695053160190582,1,xgb
2021-09-22,0,0.3440898060798645,1,xgb
2021-09-23,0,0.8566989898681641,1,xgb
2021-09-24,0,0.8761926293373108,1,xgb
2021-09-25,1,0.8546606302261353,1,xgb
2021-09-26,0,0.8254587054252625,1,xgb
2021-09-27,0,0.6864739060401917,1,xgb
2021-09-28,0,0.31142181158065796,1,xgb
2021-09-29,0,0.6521481871604919,1,xgb
2021-09-30,0,0.19139277935028076,1,xgb
2021-10-01,0,0.14896763861179352,1,xgb
2021-10-02,0,0.11012985557317734,1,xgb
2021-10-03,0,0.058181870728731155,1,xgb
2021-10-04,0,0.21599343419075012,1,xgb
2021-10-05,0,0.7172674536705017,1,xgb
2021-10-06,0,0.43961092829704285,1,xgb
2021-10-07,0,0.4919961988925934,1,xgb
2021-10-08,0,0.2438761591911316,1,xgb
2021-10-09,0,0.10874249041080475,1,xgb
2021-10-10,0,0.03635229542851448,1,xgb
2021-10-11,0,0.07507292926311493,1,xgb
2021-10-12,0,0.01873301900923252,1,xgb
2021-10-13,0,0.032039936631917953,1,xgb
2021-10-14,0,0.022372053936123848,1,xgb
2021-10-15,0,0.01255471259355545,1,xgb
2021-10-16,0,0.030071157962083817,1,xgb
2021-10-17,0,0.04174437373876572,1,xgb
2021-10-18,0,0.042624954134225845,1,xgb
2021-10-19,1,0.04608103260397911,1,xgb
2021-10-20,0,0.016360703855752945,1,xgb
2021-10-21,0,0.02428274415433407,1,xgb
2021-10-22,0,0.050303004682064056,1,xgb
2021-10-23,0,0.052733611315488815,1,xgb
2021-10-24,0,0.12305530160665512,1,xgb
2021-10-25,0,0.037140749394893646,1,xgb
2021-10-26,0,0.0749160498380661,1,xgb
2021-10-27,0,0.03429202735424042,1,xgb
2021-10-28,0,0.03403404355049133,1,xgb
2021-10-29,0,0.21765214204788208,1,xgb
2021-10-30,0,0.3061968982219696,1,xgb
2021-10-31,0,0.01438476238399744,1,xgb
2021-11-01,0,0.021482516080141068,1,xgb
2021-11-02,0,0.0196719728410244,1,xgb
2021-11-03,0,0.010880008339881897,1,xgb
2021-11-04,0,0.015466965734958649,1,xgb
2021-11-05,0,0.044504664838314056,1,xgb
2021-11-06,0,0.04883790388703346,1,xgb
2021-11-07,0,0.016902785748243332,1,xgb
2021-11-08,0,0.14235815405845642,1,xgb
2021-11-09,0,0.11919811367988586,1,xgb
2021-11-10,0,0.2578680217266083,1,xgb
2021-11-11,0,0.19995148479938507,1,xgb
2021-11-12,0,0.3672427833080292,1,xgb
2021-11-13,0,0.44381406903266907,1,xgb
2021-11-14,0,0.2284533530473709,1,xgb
2021-11-15,0,0.092577263712883,1,xgb
2021-11-16,0,0.12293234467506409,1,xgb
2021-11-17,0,0.19169114530086517,1,xgb
2021-11-18,1,0.2833171784877777,1,xgb
2021-11-19,1,0.22978080809116364,1,xgb
2021-11-20,0,0.03407856076955795,1,xgb
2021-11-21,0,0.0278677586466074,1,xgb
2021-11-22,1,0.12757186591625214,1,xgb
2021-11-23,0,0.11135940998792648,1,xgb
2021-11-24,0,0.09122437238693237,1,xgb
2021-11-25,0,0.14058040082454681,1,xgb
2021-11-26,0,0.043807171285152435,1,xgb
2021-11-27,0,0.118167944252491,1,xgb
2021-11-28,0,0.14077983796596527,1,xgb
2021-11-29,0,0.026901355013251305,1,xgb
2021-11-30,0,0.07282224297523499,1,xgb
2021-12-01,0,0.023077214136719704,1,xgb
2021-12-02,0,0.02414526417851448,1,xgb
2021-12-03,0,0.011512722820043564,1,xgb
2021-12-04,0,0.043817438185214996,1,xgb
2021-12-05,0,0.03310598433017731,1,xgb
2021-12-06,0,0.05118529871106148,1,xgb
2021-12-07,0,0.028410250321030617,1,xgb
2021-12-08,0,0.07673030346632004,1,xgb
2021-12-09,0,0.04105197638273239,1,xgb
2021-12-10,0,0.050249967724084854,1,xgb
2021-12-11,0,0.02069081738591194,1,xgb
2021-12-12,0,0.1098998486995697,1,xgb
2021-12-13,0,0.10305818170309067,1,xgb
2021-12-14,0,0.1057376116514206,1,xgb
2021-12-15,0,0.3039202094078064,1,xgb
2021-12-16,0,0.07858283817768097,1,xgb
2021-12-17,0,0.14804132282733917,1,xgb
2021-12-18,0,0.23002634942531586,1,xgb
2021-12-19,0,0.1989792138338089,1,xgb
2021-12-20,0,0.29583144187927246,1,xgb
2021-12-21,0,0.2008557766675949,1,xgb
2021-12-22,0,0.3751795291900635,1,xgb
2021-12-23,0,0.0736788883805275,1,xgb
2021-12-24,0,0.05483769252896309,1,xgb
2021-12-25,0,0.03005928359925747,1,xgb
2021-12-26,0,0.1304338574409485,1,xgb
2021-12-27,0,0.06555657833814621,1,xgb
2021-12-28,0,0.04717151075601578,1,xgb
2021-12-29,0,0.16593405604362488,1,xgb
2021-12-30,1,0.4989570677280426,1,xgb
2021-12-31,0,0.44800272583961487,1,xgb
2022-01-08,0,0.06120695546269417,2,xgb
2022-01-09,0,0.07765541970729828,2,xgb
2022-01-10,0,0.10267381370067596,2,xgb
2022-01-11,0,0.042105089873075485,2,xgb
2022-01-12,0,0.04764043539762497,2,xgb
2022-01-13,0,0.11532168090343475,2,xgb
2022-01-14,0,0.08082964271306992,2,xgb
2022-01-15,0,0.045339856296777725,2,xgb
2022-01-16,0,0.0702156350016594,2,xgb
2022-01-17,0,0.09019438177347183,2,xgb
2022-01-18,0,0.01710650324821472,2,xgb
2022-01-19,0,0.056341852992773056,2,xgb
2022-01-20,0,0.044481080025434494,2,xgb
2022-01-21,0,0.022140800952911377,2,xgb
2022-01-22,0,0.05064809322357178,2,xgb
2022-01-23,0,0.05977579578757286,2,xgb
2022-01-24,0,0.13737238943576813,2,xgb
2022-01-25,0,0.07116024941205978,2,xgb
2022-01-26,0,0.08970972150564194,2,xgb
2022-01-27,0,0.050963934510946274,2,xgb
2022-01-28,0,0.18393827974796295,2,xgb
2022-01-29,1,0.30285656452178955,2,xgb
2022-01-30,1,0.07240935415029526,2,xgb
2022-01-31,0,0.10075769573450089,2,xgb
2022-02-01,0,0.10752859711647034,2,xgb
2022-02-02,0,0.11560311913490295,2,xgb
2022-02-03,0,0.10111618041992188,2,xgb
2022-02-04,0,0.1132977157831192,2,xgb
2022-02-05,0,0.19906118512153625,2,xgb
2022-02-06,0,0.17541131377220154,2,xgb
2022-02-07,0,0.032553210854530334,2,xgb
2022-02-08,0,0.12007558345794678,2,xgb
2022-02-09,0,0.020511580631136894,2,xgb
2022-02-10,0,0.03266309201717377,2,xgb
2022-02-11,0,0.09021782875061035,2,xgb
2022-02-12,0,0.04073239862918854,2,xgb
2022-02-13,0,0.04409375786781311,2,xgb
2022-02-14,0,0.03261134773492813,2,xgb
2022-02-15,0,0.19928492605686188,2,xgb
2022-02-16,0,0.08256538957357407,2,xgb
2022-02-17,0,0.12234441190958023,2,xgb
2022-02-18,0,0.20820769667625427,2,xgb
2022-02-19,0,0.15407581627368927,2,xgb
2022-02-20,0,0.19789601862430573,2,xgb
2022-02-21,0,0.30164477229118347,2,xgb
2022-02-22,0,0.3294569253921509,2,xgb
2022-02-23,0,0.241081103682518,2,xgb
2022-02-24,0,0.18718083202838898,2,xgb
2022-02-25,0,0.26207950711250305,2,xgb
2022-02-26,0,0.4529634118080139,2,xgb
2022-02-27,0,0.16622041165828705,2,xgb
2022-02-28,0,0.5476057529449463,2,xgb
2022-03-01,0,0.6018010377883911,2,xgb
2022-03-02,0,0.6494389176368713,2,xgb
2022-03-03,0,0.8446270823478699,2,xgb
2022-03-04,0,0.21605214476585388,2,xgb
2022-03-05,0,0.4012830853462219,2,xgb
2022-03-06,0,0.24147088825702667,2,xgb
2022-03-07,0,0.40607067942619324,2,xgb
2022-03-08,0,0.3012278378009796,2,xgb
2022-03-09,0,0.25403445959091187,2,xgb
2022-03-10,1,0.45945465564727783,2,xgb
2022-03-11,1,0.4672893285751343,2,xgb
2022-03-12,0,0.5949069261550903,2,xgb
2022-03-13,0,0.2887243330478668,2,xgb
2022-03-14,1,0.452531635761261,2,xgb
2022-03-15,0,0.21394628286361694,2,xgb
2022-03-16,0,0.13764327764511108,2,xgb
2022-03-17,0,0.15746170282363892,2,xgb
2022-03-18,0,0.09449069201946259,2,xgb
2022-03-19,0,0.09404394030570984,2,xgb
2022-03-20,0,0.10086846351623535,2,xgb
2022-03-21,0,0.05286933854222298,2,xgb
2022-03-22,0,0.0701870322227478,2,xgb
2022-03-23,0,0.02651851437985897,2,xgb
2022-03-24,0,0.06500019878149033,2,xgb
2022-03-25,0,0.03079753927886486,2,xgb
2022-03-26,0,0.04935266822576523,2,xgb
2022-03-27,0,0.08830157667398453,2,xgb
2022-03-28,0,0.12266568839550018,2,xgb
2022-03-29,0,0.07413358241319656,2,xgb
2022-03-30,0,0.269779235124588,2,xgb
2022-03-31,0,0.24433360993862152,2,xgb
2022-04-01,0,0.5890595316886902,2,xgb
2022-04-02,0,0.45610499382019043,2,xgb
2022-04-03,0,0.7852412462234497,2,xgb
2022-04-04,0,0.40784159302711487,2,xgb
2022-04-05,0,0.4708288013935089,2,xgb
2022-04-06,0,0.7437108755111694,2,xgb
2022-04-07,0,0.5191734433174133,2,xgb
2022-04-08,0,0.6486819982528687,2,xgb
2022-04-09,0,0.6874786615371704,2,xgb
2022-04-10,0,0.49925497174263,2,xgb
2022-04-11,0,0.5828644037246704,2,xgb
2022-04-12,0,0.23364312946796417,2,xgb
2022-04-13,0,0.2891294062137604,2,xgb
2022-04-14,0,0.46704986691474915,2,xgb
2022-04-15,0,0.11528696864843369,2,xgb
2022-04-16,0,0.15290293097496033,2,xgb
2022-04-17,0,0.30979084968566895,2,xgb
2022-04-18,0,0.1677289456129074,2,xgb
2022-04-19,0,0.10242162644863129,2,xgb
2022-04-20,0,0.3297320306301117,2,xgb
2022-04-21,0,0.24715043604373932,2,xgb
2022-04-22,0,0.2636782228946686,2,xgb
2022-04-23,0,0.43228307366371155,2,xgb
2022-04-24,1,0.26215359568595886,2,xgb
2022-04-25,0,0.0970255434513092,2,xgb
2022-04-26,0,0.19806835055351257,2,xgb
2022-04-27,0,0.14333738386631012,2,xgb
2022-04-28,1,0.43433675169944763,2,xgb
2022-04-29,1,0.33364155888557434,2,xgb
2022-04-30,1,0.3366108238697052,2,xgb
2022-05-01,0,0.25684404373168945,2,xgb
2022-05-02,0,0.4393879175186157,2,xgb
2022-05-03,0,0.22489561140537262,2,xgb
2022-05-04,0,0.17486456036567688,2,xgb
2022-05-05,0,0.11860165745019913,2,xgb
2022-05-06,0,0.036972273141145706,2,xgb
2022-05-07,0,0.16131596267223358,2,xgb
2022-05-08,0,0.03959762677550316,2,xgb
2022-05-09,0,0.1389138400554657,2,xgb
2022-05-10,0,0.14532333612442017,2,xgb
2022-05-11,0,0.22048690915107727,2,xgb
2022-05-12,0,0.1806149035692215,2,xgb
2022-05-13,0,0.06919851154088974,2,xgb
2022-05-14,0,0.12914815545082092,2,xgb
2022-05-15,1,0.254484087228775,2,xgb
2022-05-16,1,0.27947500348091125,2,xgb
2022-05-17,1,0.15871569514274597,2,xgb
2022-05-18,0,0.1039317324757576,2,xgb
2022-05-19,0,0.2192744016647339,2,xgb
2022-05-20,0,0.1106492206454277,2,xgb
2022-05-21,0,0.10435754805803299,2,xgb
2022-05-22,0,0.09019273519515991,2,xgb
2022-05-23,0,0.046938419342041016,2,xgb
2022-05-24,0,0.06646353006362915,2,xgb
2022-05-25,0,0.21993695199489594,2,xgb
2022-05-26,0,0.103028304874897,2,xgb
2022-05-27,0,0.09320788085460663,2,xgb
2022-05-28,0,0.08455903828144073,2,xgb
2022-05-29,0,0.09120205789804459,2,xgb
2022-05-30,0,0.09130734205245972,2,xgb
2022-05-31,0,0.067447729408741,2,xgb
2022-06-01,0,0.2832861840724945,2,xgb
2022-06-02,0,0.1101858839392662,2,xgb
2022-06-03,0,0.17165367305278778,2,xgb
2022-06-04,0,0.2682034969329834,2,xgb
2022-06-05,0,0.1872261017560959,2,xgb
2022-06-06,0,0.24616117775440216,2,xgb
2022-06-07,0,0.39691492915153503,2,xgb
2022-06-08,0,0.5226154327392578,2,xgb
2022-06-09,0,0.2868898808956146,2,xgb
2022-06-10,0,0.25360631942749023,2,xgb
2022-06-11,0,0.3449024260044098,2,xgb
2022-06-12,0,0.38798147439956665,2,xgb
2022-06-13,0,0.2525702118873596,2,xgb
2022-06-14,0,0.559337854385376,2,xgb
2022-06-15,1,0.5283600687980652,2,xgb
2022-06-16,1,0.4163390100002289,2,xgb
2022-06-17,1,0.2828867733478546,2,xgb
2022-06-18,1,0.13732169568538666,2,xgb
2022-06-19,1,0.11641639471054077,2,xgb
2022-06-20,1,0.08430109173059464,2,xgb
2022-06-21,1,0.15455129742622375,2,xgb
2022-06-22,1,0.03263380005955696,2,xgb
2022-06-23,1,0.07161988317966461,2,xgb
2022-06-24,0,0.01242675818502903,2,xgb
2022-06-25,0,0.02421880140900612,2,xgb
2022-06-26,0,0.012695335783064365,2,xgb
2022-06-27,0,0.023837687447667122,2,xgb
2022-06-28,0,0.026917731389403343,2,xgb
2022-06-29,0,0.0695885494351387,2,xgb
2022-06-30,0,0.22143612802028656,2,xgb
2022-07-08,0,0.16171877086162567,3,xgb
2022-07-09,0,0.2213820368051529,3,xgb
2022-07-10,0,0.07539928704500198,3,xgb
2022-07-11,0,0.07980125397443771,3,xgb
2022-07-12,0,0.030662143602967262,3,xgb
2022-07-13,0,0.14759498834609985,3,xgb
2022-07-14,0,0.11785291135311127,3,xgb
2022-07-15,0,0.04922165349125862,3,xgb
2022-07-16,0,0.023320132866501808,3,xgb
2022-07-17,0,0.006815550848841667,3,xgb
2022-07-18,0,0.018461311236023903,3,xgb
2022-07-19,0,0.00787782110273838,3,xgb
2022-07-20,0,0.009242290630936623,3,xgb
2022-07-21,0,0.015232805162668228,3,xgb
2022-07-22,0,0.018522337079048157,3,xgb
2022-07-23,0,0.010456018149852753,3,xgb
2022-07-24,0,0.011775428429245949,3,xgb
2022-07-25,0,0.10003612190485,3,xgb
2022-07-26,0,0.015341394580900669,3,xgb
2022-07-27,0,0.027307864278554916,3,xgb
2022-07-28,0,0.07260669767856598,3,xgb
2022-07-29,0,0.029992034658789635,3,xgb
2022-07-30,0,0.26116642355918884,3,xgb
2022-07-31,0,0.1883021593093872,3,xgb
2022-08-01,0,0.18478639423847198,3,xgb
2022-08-02,0,0.19845940172672272,3,xgb
2022-08-03,0,0.3677312135696411,3,xgb
2022-08-04,0,0.23661597073078156,3,xgb
2022-08-05,0,0.3648678958415985,3,xgb
2022-08-06,0,0.17377743124961853,3,xgb
2022-08-07,0,0.4163394272327423,3,xgb
2022-08-08,0,0.6906658411026001,3,xgb
2022-08-09,0,0.38595330715179443,3,xgb
2022-08-10,0,0.1699383556842804,3,xgb
2022-08-11,0,0.02592216432094574,3,xgb
2022-08-12,0,0.02947288006544113,3,xgb
2022-08-13,0,0.0769541934132576,3,xgb
2022-08-14,0,0.15243706107139587,3,xgb
2022-08-15,0,0.2857360243797302,3,xgb
2022-08-16,0,0.15815655887126923,3,xgb
2022-08-17,0,0.1723541021347046,3,xgb
2022-08-18,0,0.04846961796283722,3,xgb
2022-08-19,0,0.03560158237814903,3,xgb
2022-08-20,0,0.041036661714315414,3,xgb
2022-08-21,0,0.09416080266237259,3,xgb
2022-08-22,0,0.05107448250055313,3,xgb
2022-08-23,0,0.05255834758281708,3,xgb
2022-08-24,0,0.01859542541205883,3,xgb
2022-08-25,0,0.01934770494699478,3,xgb
2022-08-26,0,0.017291659489274025,3,xgb
2022-08-27,0,0.026543864980340004,3,xgb
2022-08-28,0,0.015904691070318222,3,xgb
2022-08-29,0,0.10048659145832062,3,xgb
2022-08-30,0,0.11562987416982651,3,xgb
2022-08-31,0,0.10784170031547546,3,xgb
2022-09-01,0,0.15066902339458466,3,xgb
2022-09-02,0,0.047839730978012085,3,xgb
2022-09-03,0,0.04247491806745529,3,xgb
2022-09-04,0,0.03516044467687607,3,xgb
2022-09-05,0,0.027441706508398056,3,xgb
2022-09-06,0,0.10684385150671005,3,xgb
2022-09-07,0,0.13822665810585022,3,xgb
2022-09-08,0,0.052244044840335846,3,xgb
2022-09-09,0,0.1236109659075737,3,xgb
2022-09-10,0,0.06470790505409241,3,xgb
2022-09-11,0,0.2599335312843323,3,xgb
2022-09-12,0,0.06908790022134781,3,xgb
2022-09-13,0,0.23679666221141815,3,xgb
2022-09-14,0,0.2593746483325958,3,xgb
2022-09-15,0,0.09257061034440994,3,xgb
2022-09-16,0,0.29265111684799194,3,xgb
2022-09-17,0,0.41028735041618347,3,xgb
2022-09-18,1,0.3370382785797119,3,xgb
2022-09-19,1,0.18137986958026886,3,xgb
2022-09-20,0,0.12836390733718872,3,xgb
2022-09-21,1,0.20852287113666534,3,xgb
2022-09-22,1,0.2076645940542221,3,xgb
2022-09-23,1,0.17321331799030304,3,xgb
2022-09-24,1,0.12265042215585709,3,xgb
2022-09-25,1,0.0924270749092102,3,xgb
2022-09-26,0,0.04526124149560928,3,xgb
2022-09-27,1,0.03391159698367119,3,xgb
2022-09-28,0,0.03321598097681999,3,xgb
2022-09-29,0,0.027981752529740334,3,xgb
2022-09-30,0,0.013572832569479942,3,xgb
2022-10-01,0,0.04132385179400444,3,xgb
2022-10-02,1,0.036786045879125595,3,xgb
2022-10-03,0,0.04024101793766022,3,xgb
2022-10-04,0,0.03164541721343994,3,xgb
2022-10-05,0,0.022242926061153412,3,xgb
2022-10-06,0,0.05736194923520088,3,xgb
2022-10-07,0,0.07457470893859863,3,xgb
2022-10-08,0,0.05484658107161522,3,xgb
2022-10-09,0,0.03183124586939812,3,xgb
2022-10-10,0,0.025196315720677376,3,xgb
2022-10-11,0,0.03347013145685196,3,xgb
2022-10-12,0,0.04280472174286842,3,xgb
2022-10-13,0,0.01387803629040718,3,xgb
2022-10-14,0,0.023120567202568054,3,xgb
2022-10-15,0,0.015651419758796692,3,xgb
2022-10-16,0,0.028648555278778076,3,xgb
2022-10-17,0,0.012448475696146488,3,xgb
2022-10-18,0,0.014138083904981613,3,xgb
2022-10-19,0,0.05745416134595871,3,xgb
2022-10-20,0,0.03870837390422821,3,xgb
2022-10-21,0,0.04190100356936455,3,xgb
2022-10-22,0,0.12844203412532806,3,xgb
2022-10-23,0,0.10385165363550186,3,xgb
2022-10-24,0,0.08478602766990662,3,xgb
2022-10-25,0,0.14019934833049774,3,xgb
2022-10-26,0,0.6264476776123047,3,xgb
2022-10-27,0,0.28083673119544983,3,xgb
2022-10-28,0,0.12592339515686035,3,xgb
2022-10-29,0,0.42248159646987915,3,xgb
2022-10-30,0,0.4051467776298523,3,xgb
2022-10-31,0,0.24497853219509125,3,xgb
2022-11-01,0,0.4456948935985565,3,xgb
2022-11-02,0,0.3120514154434204,3,xgb
2022-11-03,0,0.2422284632921219,3,xgb
2022-11-04,0,0.3968563377857208,3,xgb
2022-11-05,0,0.23937691748142242,3,xgb
2022-11-06,0,0.3346240818500519,3,xgb
2022-11-07,0,0.16400153934955597,3,xgb
2022-11-08,0,0.3647785484790802,3,xgb
2022-11-09,0,0.20563942193984985,3,xgb
2022-11-10,0,0.16176705062389374,3,xgb
2022-11-11,0,0.12479028850793839,3,xgb
2022-11-12,0,0.1232876181602478,3,xgb
2022-11-13,0,0.05295157432556152,3,xgb
2022-11-14,0,0.03109748288989067,3,xgb
2022-11-15,0,0.2462913990020752,3,xgb
2022-11-16,0,0.08092676103115082,3,xgb
2022-11-17,0,0.15660080313682556,3,xgb
2022-11-18,0,0.22475561499595642,3,xgb
2022-11-19,0,0.09253819286823273,3,xgb
2022-11-20,0,0.20728453993797302,3,xgb
2022-11-21,0,0.16331280767917633,3,xgb
2022-11-22,0,0.3095766007900238,3,xgb
2022-11-23,0,0.133428156375885,3,xgb
2022-11-24,0,0.1477922797203064,3,xgb
2022-11-25,0,0.3928542733192444,3,xgb
2022-11-26,0,0.2523409426212311,3,xgb
2022-11-27,0,0.25240933895111084,3,xgb
2022-11-28,0,0.22814048826694489,3,xgb
2022-11-29,0,0.40385380387306213,3,xgb
2022-11-30,0,0.3565276265144348,3,xgb
2022-12-01,0,0.21840530633926392,3,xgb
2022-12-02,0,0.6549233794212341,3,xgb
2022-12-03,0,0.6568679213523865,3,xgb
2022-12-04,0,0.7020556330680847,3,xgb
2022-12-05,0,0.45870620012283325,3,xgb
2022-12-06,0,0.5889608263969421,3,xgb
2022-12-07,0,0.876213788986206,3,xgb
2022-12-08,0,0.8479292392730713,3,xgb
2022-12-09,0,0.7812701463699341,3,xgb
2022-12-10,0,0.8181183338165283,3,xgb
2022-12-11,0,0.6682965755462646,3,xgb
2022-12-12,0,0.7141611576080322,3,xgb
2022-12-13,0,0.7757359743118286,3,xgb
2022-12-14,0,0.8364545106887817,3,xgb
2022-12-15,0,0.8236508369445801,3,xgb
2022-12-16,0,0.7333950400352478,3,xgb
2022-12-17,1,0.9229773283004761,3,xgb
2022-12-18,0,0.8547974824905396,3,xgb
2022-12-19,0,0.8954560160636902,3,xgb
2022-12-20,0,0.844327986240387,3,xgb
2022-12-21,0,0.7991384863853455,3,xgb
2022-12-22,0,0.7907456159591675,3,xgb
2022-12-23,0,0.7065097093582153,3,xgb
2022-12-24,0,0.6741852760314941,3,xgb
2021-01-08,0,0.15079398753291814,0,catboost
2021-01-09,0,0.0746938960554021,0,catboost
2021-01-10,0,0.128419899422305,0,catboost
2021-01-11,0,0.28480889197749354,0,catboost
2021-01-12,0,0.21990898550549898,0,catboost
2021-01-13,0,0.04915029933748959,0,catboost
2021-01-14,0,0.2770734725947194,0,catboost
2021-01-15,0,0.1292469986212393,0,catboost
2021-01-16,0,0.1356499727717594,0,catboost
2021-01-17,0,0.24560769199913637,0,catboost
2021-01-18,0,0.04554720985342393,0,catboost
2021-01-19,0,0.06485813584702178,0,catboost
2021-01-20,0,0.16652847313900435,0,catboost
2021-01-21,0,0.09459746511900044,0,catboost
2021-01-22,0,0.030320357642681532,0,catboost
2021-01-23,0,0.0735476877074971,0,catboost
2021-01-24,0,0.0600144462412922,0,catboost
2021-01-25,0,0.04195301686108104,0,catboost
2021-01-26,0,0.17276053645502304,0,catboost
2021-01-27,0,0.04226187828447411,0,catboost
2021-01-28,0,0.047885306337186836,0,catboost
2021-01-29,0,0.08519464074897475,0,catboost
2021-01-30,0,0.03725409052886225,0,catboost
2021-01-31,0,0.024734014961190893,0,catboost
2021-02-01,0,0.06496049149867622,0,catboost
2021-02-02,0,0.1713178397717899,0,catboost
2021-02-03,0,0.033742429279305916,0,catboost
2021-02-04,0,0.03839209252644379,0,catboost
2021-02-05,0,0.22483780444619664,0,catboost
2021-02-06,0,0.07548133393619233,0,catboost
2021-02-07,0,0.05938252664765484,0,catboost
2021-02-08,0,0.41826240894065214,0,catboost
2021-02-09,0,0.5721736384859512,0,catboost
2021-02-10,0,0.2387356532359258,0,catboost
2021-02-11,0,0.1096509171968869,0,catboost
2021-02-12,0,0.2357548641487117,0,catboost
2021-02-13,0,0.14896647049046116,0,catboost
2021-02-14,0,0.15164535441852844,0,catboost
2021-02-15,0,0.11316450412965477,0,catboost
2021-02-16,0,0.20955304342802486,0,catboost
2021-02-17,0,0.039795751400397525,0,catboost
2021-02-18,0,0.1649086563405317,0,catboost
2021-02-19,0,0.4179130940519941,0,catboost
2021-02-20,0,0.6676537445509122,0,catboost
2021-02-21,0,0.7420455700510278,0,catboost
2021-02-22,0,0.7444753859438873,0,catboost
2021-02-23,0,0.8069204649099839,0,catboost
2021-02-24,0,0.6237032315333191,0,catboost
2021-02-25,0,0.28778375499527803,0,catboost
2021-02-26,0,0.3713288401779214,0,catboost
2021-02-27,0,0.3432849094266892,0,catboost
2021-02-28,0,0.4120517531163686,0,catboost
2021-03-01,0,0.18265854344369295,0,catboost
2021-03-02,0,0.04792085689435824,0,catboost
2021-03-03,0,0.1710593586007907,0,catboost
2021-03-04,0,0.598138375357043,0,catboost
2021-03-05,0,0.02100529885437523,0,catboost
2021-03-06,0,0.025215465905483823,0,catboost
2021-03-07,0,0.04076011067106616,0,catboost
2021-03-08,0,0.12552885632740762,0,catboost
2021-03-09,0,0.10534138700620524,0,catboost
2021-03-10,0,0.1433047938700486,0,catboost
2021-03-11,0,0.21003367577589604,0,catboost
2021-03-12,0,0.2133139394400681,0,catboost
2021-03-13,0,0.37286016689120377,0,catboost
2021-03-14,0,0.2445795899083793,0,catboost
2021-03-15,0,0.3309432972355674,0,catboost
2021-03-16,0,0.28759507843486515,0,catboost
2021-03-17,0,0.16587873793033497,0,catboost
2021-03-18,0,0.01770174521584649,0,catboost
2021-03-19,0,0.028932029304918463,0,catboost
2021-03-20,0,0.016959067734935294,0,catboost
2021-03-21,0,0.02953460583067787,0,catboost
2021-03-22,0,0.02302410855254534,0,catboost
2021-03-23,0,0.12322855278912669,0,catboost
2021-03-24,0,0.03429810278415655,0,catboost
2021-03-25,0,0.05924926424793066,0,catboost
2021-03-26,0,0.159381332021489,0,catboost
2021-03-27,0,0.07326714997380537,0,catboost
2021-03-28,1,0.5424634561739707,0,catboost
2021-03-29,1,0.2788900279747486,0,catboost
2021-03-30,1,0.4022163765498718,0,catboost
2021-03-31,1,0.23972243127031995,0,catboost
2021-04-01,0,0.1388501957561178,0,catboost
2021-04-02,0,0.03501205313847967,0,catboost
2021-04-03,0,0.058869426104063094,0,catboost
2021-04-04,0,0.04222629277294042,0,catboost
2021-04-05,0,0.03879429850419805,0,catboost
2021-04-06,0,0.017597796919868,0,catboost
2021-04-07,0,0.028191468012081108,0,catboost
2021-04-08,0,0.013657281954126748,0,catboost
2021-04-09,0,0.06658954082565835,0,catboost
2021-04-10,0,0.0804590606204744,0,catboost
2021-04-11,0,0.08154199973015007,0,catboost
2021-04-12,0,0.2240322649981842,0,catboost
2021-04-13,0,0.05747162885430883,0,catboost
2021-04-14,0,0.4870174969350597,0,catboost
2021-04-15,0,0.44387244549289534,0,catboost
2021-04-16,0,0.4379006926503937,0,catboost
2021-04-17,0,0.05591568966107244,0,catboost
2021-04-18,0,0.009227100233355741,0,catboost
2021-04-19,0,0.08931026844239448,0,catboost
2021-04-20,0,0.22680842444371835,0,catboost
2021-04-21,0,0.19266487284520864,0,catboost
2021-04-22,0,0.5815051524441067,0,catboost
2021-04-23,0,0.3807470470076978,0,catboost
2021-04-24,0,0.7445544213863511,0,catboost
2021-04-25,0,0.2531912747209058,0,catboost
2021-04-26,0,0.14339442315751713,0,catboost
2021-04-27,0,0.6320514782450374,0,catboost
2021-04-28,1,0.581297843583272,0,catboost
2021-04-29,1,0.5089023576697975,0,catboost
2021-04-30,1,0.1651466816942565,0,catboost
2021-05-01,1,0.29996757961751314,0,catboost
2021-05-02,1,0.47000894042718233,0,catboost
2021-05-03,1,0.0770039177152121,0,catboost
2021-05-04,0,0.08454773237366732,0,catboost
2021-05-05,0,0.10937052930331705,0,catboost
2021-05-06,0,0.07322740423451574,0,catboost
2021-05-07,0,0.06649087974592392,0,catboost
2021-05-08,0,0.017010200550825506,0,catboost
2021-05-09,0,0.12450838202124813,0,catboost
2021-05-10,0,0.21379342963067008,0,catboost
2021-05-11,0,0.2097403021704072,0,catboost
2021-05-12,0,0.17513672179066317,0,catboost
2021-05-13,0,0.35361569454931185,0,catboost
2021-05-14,0,0.2084429450633639,0,catboost
2021-05-15,0,0.09858074795562662,0,catboost
2021-05-16,0,0.1146013806695071,0,catboost
2021-05-17,0,0.3519878591854485,0,catboost
2021-05-18,0,0.16848811298028604,0,catboost
2021-05-19,0,0.026216917253761785,0,catboost
2021-05-20,0,0.07443498618886249,0,catboost
2021-05-21,0,0.10825331683890693,0,catboost
2021-05-22,0,0.2011092395129954,0,catboost
2021-05-23,0,0.05670167069170002,0,catboost
2021-05-24,0,0.18557983618460466,0,catboost
2021-05-25,0,0.24244889577532208,0,catboost
2021-05-26,0,0.2110453350593162,0,catboost
2021-05-27,0,0.20500858723591958,0,catboost
2021-05-28,0,0.1378989080915607,0,catboost
2021-05-29,0,0.14083514036581574,0,catboost
2021-05-30,0,0.20799395707754698,0,catboost
2021-05-31,0,0.08993490548480053,0,catboost
2021-06-01,0,0.336476303809383,0,catboost
2021-06-02,0,0.16522519519234782,0,catboost
2021-06-03,0,0.16157097133463483,0,catboost
2021-06-04,0,0.06123500984955843,0,catboost
2021-06-05,0,0.042667058772955346,0,catboost
2021-06-06,0,0.06651713626811677,0,catboost
2021-06-07,0,0.2479538607953021,0,catboost
2021-06-08,0,0.36780751335505163,0,catboost
2021-06-09,0,0.2620631917910798,0,catboost
2021-06-10,0,0.5457775031526096,0,catboost
2021-06-11,0,0.5212583643996621,0,catboost
2021-06-12,0,0.33004885494271463,0,catboost
2021-06-13,0,0.10490451592155575,0,catboost
2021-06-14,0,0.4455663126945678,0,catboost
2021-06-15,0,0.20170518511602098,0,catboost
2021-06-16,0,0.5388410566816401,0,catboost
2021-06-17,0,0.23814704924836277,0,catboost
2021-06-18,1,0.4821451990503011,0,catboost
2021-06-19,0,0.23537910011317256,0,catboost
2021-06-20,0,0.0607865444088922,0,catboost
2021-06-21,0,0.7274869066006924,0,catboost
2021-06-22,0,0.24757696789043676,0,catboost
2021-06-23,0,0.05075123306385808,0,catboost
2021-06-24,0,0.04759462026889963,0,catboost
2021-06-25,0,0.020110066076233783,0,catboost
2021-06-26,0,0.027589003651648562,0,catboost
2021-06-27,0,0.014077903021107157,0,catboost
2021-06-28,0,0.7168922079229062,0,catboost
2021-06-29,0,0.3963816202582517,0,catboost
2021-06-30,0,0.33621666373410414,0,catboost
2021-07-08,0,0.11279376359095371,1,catboost
2021-07-09,0,0.11561713406225824,1,catboost
2021-07-10,0,0.3566485633013832,1,catboost
2021-07-11,0,0.22056233062108524,1,catboost
2021-07-12,0,0.01639975628112091,1,catboost
2021-07-13,0,0.0946176635293469,1,catboost
2021-07-14,0,0.07771376482376184,1,catboost
2021-07-15,0,0.063907143893948,1,catboost
2021-07-16,0,0.04884019426147401,1,catboost
2021-07-17,0,0.015884611877765124,1,catboost
2021-07-18,0,0.06393831477287927,1,catboost
2021-07-19,0,0.09375287533386491,1,catboost
2021-07-20,0,0.1910783854243454,1,catboost
2021-07-21,0,0.321199388099758,1,catboost
2021-07-22,0,0.03165049686002779,1,catboost
2021-07-23,0,0.14638349177627985,1,catboost
2021-07-24,0,0.05787034835390508,1,catboost
2021-07-25,0,0.09363213643176331,1,catboost
2021-07-26,0,0.16261618643099748,1,catboost
2021-07-27,0,0.1655801900385877,1,catboost
2021-07-28,0,0.06738902851455139,1,catboost
2021-07-29,0,0.01120664525172272,1,catboost
2021-07-30,0,0.06392658854395329,1,catboost
2021-07-31,0,0.06410850886989022,1,catboost
2021-08-01,0,0.02551053552888433,1,catboost
2021-08-02,0,0.3093556819568333,1,catboost
2021-08-03,0,0.4760557374660939,1,catboost
2021-08-04,0,0.06958420448996658,1,catboost
2021-08-05,0,0.08578373013326175,1,catboost
2021-08-06,0,0.05507430327597182,1,catboost
2021-08-07,0,0.1209742935994892,1,catboost
2021-08-08,0,0.1512025381110598,1,catboost
2021-08-09,0,0.2312757133348573,1,catboost
2021-08-10,0,0.06650617546092971,1,catboost
2021-08-11,0,0.0401277790918002,1,catboost
2021-08-12,0,0.03310956345283041,1,catboost
2021-08-13,0,0.095217226831497,1,catboost
2021-08-14,0,0.04932769912223725,1,catboost
2021-08-15,0,0.08027663972178681,1,catboost
2021-08-16,0,0.020595353878419258,1,catboost
2021-08-17,0,0.2210932217342438,1,catboost
2021-08-18,0,0.2655262191597379,1,catboost
2021-08-19,0,0.06678715154076623,1,catboost
2021-08-20,0,0.1824844589845524,1,catboost
2021-08-21,0,0.3842387809302839,1,catboost
2021-08-22,0,0.1812838577815443,1,catboost
2021-08-23,0,0.4231623462439652,1,catboost
2021-08-24,0,0.697702185042235,1,catboost
2021-08-25,0,0.36354927163756257,1,catboost
2021-08-26,0,0.19348667342021142,1,catboost
2021-08-27,1,0.3054714991454431,1,catboost
2021-08-28,1,0.5819595332471453,1,catboost
2021-08-29,1,0.30592968618136607,1,catboost
2021-08-30,1,0.5104765099995056,1,catboost
2021-08-31,1,0.2106473614583671,1,catboost
2021-09-01,1,0.7048634100183432,1,catboost
2021-09-02,1,0.08591079204959544,1,catboost
2021-09-03,1,0.026695391384371964,1,catboost
2021-09-04,1,0.01627342460724569,1,catboost
2021-09-05,0,0.00774385691040151,1,catboost
2021-09-06,0,0.03930664830134613,1,catboost
2021-09-07,0,0.003797493112376729,1,catboost
2021-09-08,0,0.008523454102424038,1,catboost
2021-09-09,0,0.002849318524253633,1,catboost
2021-09-10,0,0.0038115052388413336,1,catboost
2021-09-11,0,0.007261332367967761,1,catboost
2021-09-12,0,0.017089769305895352,1,catboost
2021-09-13,0,0.04479205484711817,1,catboost
2021-09-14,0,0.050598550190575096,1,catboost
2021-09-15,0,0.03399737711845362,1,catboost
2021-09-16,0,0.07191601280599035,1,catboost
2021-09-17,0,0.04489951875047705,1,catboost
2021-09-18,0,0.06574789292699629,1,catboost
2021-09-19,0,0.09247562310017088,1,catboost
2021-09-20,0,0.11660951204836992,1,catboost
2021-09-21,0,0.1299963542640487,1,catboost
2021-09-22,0,0.14102928619197871,1,catboost
2021-09-23,0,0.6122951394586886,1,catboost
2021-09-24,0,0.5282227533375728,1,catboost
2021-09-25,1,0.6266423847596033,1,catboost
2021-09-26,0,0.48320608060255493,1,catboost
2021-09-27,0,0.3232113119885882,1,catboost
2021-09-28,0,0.26425247688834846,1,catboost
2021-09-29,0,0.41203390359292646,1,catboost
2021-09-30,0,0.16301276745455365,1,catboost
2021-10-01,0,0.14687378611032725,1,catboost
2021-10-02,0,0.07126358071717288,1,catboost
2021-10-03,0,0.03980488333234839,1,catboost
2021-10-04,0,0.14582674512670596,1,catboost
2021-10-05,0,0.4149277321424875,1,catboost
2021-10-06,0,0.2542071604572564,1,catboost
2021-10-07,0,0.27510968391698903,1,catboost
2021-10-08,0,0.1067368633392487,1,catboost
2021-10-09,0,0.06870721902120298,1,catboost
2021-10-10,0,0.0959193354386021,1,catboost
2021-10-11,0,0.044490834465838576,1,catboost
2021-10-12,0,0.013834194148626374,1,catboost
2021-10-13,0,0.0150575500359405,1,catboost
2021-10-14,0,0.011347098012775085,1,catboost
2021-10-15,0,0.008119099000450748,1,catboost
2021-10-16,0,0.012114080619696342,1,catboost
2021-10-17,0,0.03309716269540989,1,catboost
2021-10-18,0,0.018763989975834287,1,catboost
2021-10-19,1,0.02635351217138762,1,catboost
2021-10-20,0,0.006448460451394247,1,catboost
2021-10-21,0,0.006583270005991045,1,catboost
2021-10-22,0,0.01818874800042554,1,catboost
2021-10-23,0,0.011512030477677149,1,catboost
2021-10-24,0,0.031208948031642356,1,catboost
2021-10-25,0,0.014435285602334471,1,catboost
2021-10-26,0,0.034197504521611626,1,catboost
2021-10-27,0,0.013604028664677602,1,catboost
2021-10-28,0,0.05428429728482534,1,catboost
2021-10-29,0,0.1508090597590335,1,catboost
2021-10-30,0,0.19595046420855275,1,catboost
2021-10-31,0,0.006388534953883845,1,catboost
2021-11-01,0,0.010697385857643665,1,catboost
2021-11-02,0,0.021500019852019613,1,catboost
2021-11-03,0,0.01788908122536388,1,catboost
2021-11-04,0,0.006282620623467008,1,catboost
2021-11-05,0,0.020998178053353554,1,catboost
2021-11-06,0,0.013743403281759166,1,catboost
2021-11-07,0,0.0036854001788756007,1,catboost
2021-11-08,0,0.046578004374000864,1,catboost
2021-11-09,0,0.04161046148537835,1,catboost
2021-11-10,0,0.06675913190808498,1,catboost
2021-11-11,0,0.07627286519977916,1,catboost
2021-11-12,0,0.3253369730612719,1,catboost
2021-11-13,0,0.27473042768383676,1,catboost
2021-11-14,0,0.1627527401214526,1,catboost
2021-11-15,0,0.045421945518817175,1,catboost
2021-11-16,0,0.09638643086317797,1,catboost
2021-11-17,0,0.11991473766367143,1,catboost
2021-11-18,1,0.4429975460957067,1,catboost
2021-11-19,1,0.17861985849542666,1,catboost
2021-11-20,0,0.038588556436560076,1,catboost
2021-11-21,0,0.017032422602100687,1,catboost
2021-11-22,1,0.09019439647144434,1,catboost
2021-11-23,0,0.043929141707282224,1,catboost
2021-11-24,0,0.040093815637381645,1,catboost
2021-11-25,0,0.05183874358408339,1,catboost
2021-11-26,0,0.014837816917662132,1,catboost
2021-11-27,0,0.047020966344426166,1,catboost
2021-11-28,0,0.05405389428128035,1,catboost
2021-11-29,0,0.006737189744125705,1,catboost
2021-11-30,0,0.016520866276198812,1,catboost
2021-12-01,0,0.006775501412821638,1,catboost
2021-12-02,0,0.007620054477816181,1,catboost
2021-12-03,0,0.0046593546521059934,1,catboost
2021-12-04,0,0.01184783471884595,1,catboost
2021-12-05,0,0.0116239120736084,1,catboost
2021-12-06,0,0.013299109161418018,1,catboost
2021-12-07,0,0.010888431301785295,1,catboost
2021-12-08,0,0.019250431396711783,1,catboost
2021-12-09,0,0.015646370356561357,1,catboost
2021-12-10,0,0.02062055131309374,1,catboost
2021-12-11,0,0.005435097804056882,1,catboost
2021-12-12,0,0.02269869217137772,1,catboost
2021-12-13,0,0.06643989362161984,1,catboost
2021-12-14,0,0.039322019928645924,1,catboost
2021-12-15,0,0.1373964371839281,1,catboost
2021-12-16,0,0.035560897026716415,1,catboost
2021-12-17,0,0.044860347156099926,1,catboost
2021-12-18,0,0.10177935273432104,1,catboost
2021-12-19,0,0.12740182753483495,1,catboost
2021-12-20,0,0.13996806726871355,1,catboost
2021-12-21,0,0.09220557992973953,1,catboost
2021-12-22,0,0.11405052616248992,1,catboost
2021-12-23,0,0.032020817156896385,1,catboost
2021-12-24,0,0.02183014423268042,1,catboost
2021-12-25,0,0.01600237873006011,1,catboost
2021-12-26,0,0.0634194967690603,1,catboost
2021-12-27,0,0.026708714465903522,1,catboost
2021-12-28,0,0.03380293497440712,1,catboost
2021-12-29,0,0.04437606092609561,1,catboost
2021-12-30,1,0.27409719491913526,1,catboost
2021-12-31,0,0.4309551664969435,1,catboost
2022-01-08,0,0.02370724373038092,2,catboost
2022-01-09,0,0.11770057504629704,2,catboost
2022-01-10,0,0.030404804233701115,2,catboost
2022-01-11,0,0.04177786338437184,2,catboost
2022-01-12,0,0.09149621520893798,2,catboost
2022-01-13,0,0.10533484255988697,2,catboost
2022-01-14,0,0.08089713261844171,2,catboost
2022-01-15,0,0.020475219534539277,2,catboost
2022-01-16,0,0.08345366873051427,2,catboost
2022-01-17,0,0.050201189557071924,2,catboost
2022-01-18,0,0.015086621983256334,2,catboost
2022-01-19,0,0.05571352348030179,2,catboost
2022-01-20,0,0.04592265786578443,2,catboost
2022-01-21,0,0.012942840460646718,2,catboost
2022-01-22,0,0.058195637621716145,2,catboost
2022-01-23,0,0.04994053887397662,2,catboost
2022-01-24,0,0.10502966810679906,2,catboost
2022-01-25,0,0.0426709280714991,2,catboost
2022-01-26,0,0.042725242368280875,2,catboost
2022-01-27,0,0.012866180974883212,2,catboost
2022-01-28,0,0.05278030016023941,2,catboost
2022-01-29,1,0.04754957145789947,2,catboost
2022-01-30,1,0.010791497002559283,2,catboost
2022-01-31,0,0.011284602426181217,2,catboost
2022-02-01,0,0.014664270028986088,2,catboost
2022-02-02,0,0.029539803704657197,2,catboost
2022-02-03,0,0.03303814597045106,2,catboost
2022-02-04,0,0.05749611803196259,2,catboost
2022-02-05,0,0.12278011631217299,2,catboost
2022-02-06,0,0.06319213524020632,2,catboost
2022-02-07,0,0.02172553326096851,2,catboost
2022-02-08,0,0.0595159825497126,2,catboost
2022-02-09,0,0.008628523401741337,2,catboost
2022-02-10,0,0.015358037779523988,2,catboost
2022-02-11,0,0.0260310415174027,2,catboost
2022-02-12,0,0.027883741998674695,2,catboost
2022-02-13,0,0.018400878189962413,2,catboost
2022-02-14,0,0.008370688259069366,2,catboost
2022-02-15,0,0.11309246112275549,2,catboost
2022-02-16,0,0.050059567231829,2,catboost
2022-02-17,0,0.08759797363627435,2,catboost
2022-02-18,0,0.2485755208674495,2,catboost
2022-02-19,0,0.11173790348613265,2,catboost
2022-02-20,0,0.15410681823320216,2,catboost
2022-02-21,0,0.2870968816202598,2,catboost
2022-02-22,0,0.3173717245636076,2,catboost
2022-02-23,0,0.28572147128925157,2,catboost
2022-02-24,0,0.2817826198509139,2,catboost
2022-02-25,0,0.1964406828324168,2,catboost
2022-02-26,0,0.3091423334942263,2,catboost
2022-02-27,0,0.10010127598790472,2,catboost
2022-02-28,0,0.19140610900799376,2,catboost
2022-03-01,0,0.231620549241205,2,catboost
2022-03-02,0,0.511141347623602,2,catboost
2022-03-03,0,0.7728237395788693,2,catboost
2022-03-04,0,0.11098032975874358,2,catboost
2022-03-05,0,0.3242869792881038,2,catboost
2022-03-06,0,0.13187246653913262,2,catboost
2022-03-07,0,0.08380549408174424,2,catboost
2022-03-08,0,0.17468869681762664,2,catboost
2022-03-09,0,0.21396917780221755,2,catboost
2022-03-10,1,0.37721949127069,2,catboost
2022-03-11,1,0.20061974186044873,2,catboost
2022-03-12,0,0.22612824658438505,2,catboost
2022-03-13,0,0.17774231484375222,2,catboost
2022-03-14,1,0.32345493663105224,2,catboost
2022-03-15,0,0.035825395051123046,2,catboost
2022-03-16,0,0.04484662384105653,2,catboost
2022-03-17,0,0.06854202322970258,2,catboost
2022-03-18,0,0.04356971590268057,2,catboost
2022-03-19,0,0.05567619958016571,2,catboost
2022-03-20,0,0.026708466551348724,2,catboost
2022-03-21,0,0.024816011581365153,2,catboost
2022-03-22,0,0.0702070919260688,2,catboost
2022-03-23,0,0.028971052119179958,2,catboost
2022-03-24,0,0.036624210025108794,2,catboost
2022-03-25,0,0.03339253612047283,2,catboost
2022-03-26,0,0.04620363862807644,2,catboost
2022-03-27,0,0.08552997632395425,2,catboost
2022-03-28,0,0.0937541833461808,2,catboost
2022-03-29,0,0.026151708548183973,2,catboost
2022-03-30,0,0.11923883800529174,2,catboost
2022-03-31,0,0.07132769913938773,2,catboost
2022-04-01,0,0.4593743805207461,2,catboost
2022-04-02,0,0.2557591954169595,2,catboost
2022-04-03,0,0.4267248779723311,2,catboost
2022-04-04,0,0.18078926455978822,2,catboost
2022-04-05,0,0.13148842682181636,2,catboost
2022-04-06,0,0.2988662160680952,2,catboost
2022-04-07,0,0.15294606574605904,2,catboost
2022-04-08,0,0.1710159329019118,2,catboost
2022-04-09,0,0.42182077331806855,2,catboost
2022-04-10,0,0.2936517086208059,2,catboost
2022-04-11,0,0.5129495585486361,2,catboost
2022-04-12,0,0.14137724038040292,2,catboost
2022-04-13,0,0.3139933822832292,2,catboost
2022-04-14,0,0.21961190508477693,2,catboost
2022-04-15,0,0.06994247996122764,2,catboost
2022-04-16,0,0.06420228020953919,2,catboost
2022-04-17,0,0.29016767265385407,2,catboost
2022-04-18,0,0.2325905743605841,2,catboost
2022-04-19,0,0.0508210517423439,2,catboost
2022-04-20,0,0.24710908439522086,2,catboost
2022-04-21,0,0.14923084743531803,2,catboost
2022-04-22,0,0.30829730138420697,2,catboost
2022-04-23,0,0.30913563470386374,2,catboost
2022-04-24,1,0.2260145858318023,2,catboost
2022-04-25,0,0.07537198319488685,2,catboost
2022-04-26,0,0.10379599446117421,2,catboost
2022-04-27,0,0.07555983313105627,2,catboost
2022-04-28,1,0.0753163214218438,2,catboost
2022-04-29,1,0.09251238090664507,2,catboost
2022-04-30,1,0.19759943385739218,2,catboost
2022-05-01,0,0.09342078539573297,2,catboost
2022-05-02,0,0.12278048284957677,2,catboost
2022-05-03,0,0.14364232111020325,2,catboost
2022-05-04,0,0.1492116638334142,2,catboost
2022-05-05,0,0.08330633016547033,2,catboost
2022-05-06,0,0.02820234488267327,2,catboost
2022-05-07,0,0.04818223622600998,2,catboost
2022-05-08,0,0.009644282560709849,2,catboost
2022-05-09,0,0.06539550934104922,2,catboost
2022-05-10,0,0.04469446988178351,2,catboost
2022-05-11,0,0.06678082017423415,2,catboost
2022-05-12,0,0.0728798534691743,2,catboost
2022-05-13,0,0.02170480852946759,2,catboost
2022-05-14,0,0.06227163839172269,2,catboost
2022-05-15,1,0.07327932351427945,2,catboost
2022-05-16,1,0.08646995546176922,2,catboost
2022-05-17,1,0.06813093583562939,2,catboost
2022-05-18,0,0.03572855972444275,2,catboost
2022-05-19,0,0.039800422691505966,2,catboost
2022-05-20,0,0.013021191292880147,2,catboost
2022-05-21,0,0.02248306659473547,2,catboost
2022-05-22,0,0.02424539923371058,2,catboost
2022-05-23,0,0.015630166361811564,2,catboost
2022-05-24,0,0.026238903837576717,2,catboost
2022-05-25,0,0.09906911893259161,2,catboost
2022-05-26,0,0.027770737916104613,2,catboost
2022-05-27,0,0.034454556430137916,2,catboost
2022-05-28,0,0.041915676704144596,2,catboost
2022-05-29,0,0.0842437873599693,2,catboost
2022-05-30,0,0.056726879928079704,2,catboost
2022-05-31,0,0.03927056221795121,2,catboost
2022-06-01,0,0.09098093941624748,2,catboost
2022-06-02,0,0.06732947342003964,2,catboost
2022-06-03,0,0.08097295342363517,2,catboost
2022-06-04,0,0.1915409704339481,2,catboost
2022-06-05,0,0.10939607259031148,2,catboost
2022-06-06,0,0.2668590493347897,2,catboost
2022-06-07,0,0.1623453411907464,2,catboost
2022-06-08,0,0.4056108241525807,2,catboost
2022-06-09,0,0.17485982171657624,2,catboost
2022-06-10,0,0.192825256124029,2,catboost
2022-06-11,0,0.16727266590439885,2,catboost
2022-06-12,0,0.1632239955333806,2,catboost
2022-06-13,0,0.1881679532024015,2,catboost
2022-06-14,0,0.27012648281787444,2,catboost
2022-06-15,1,0.16013615930043437,2,catboost
2022-06-16,1,0.0910970703668794,2,catboost
2022-06-17,1,0.12742738578493754,2,catboost
2022-06-18,1,0.10511601269355816,2,catboost
2022-06-19,1,0.0452714520464569,2,catboost
2022-06-20,1,0.05072013472861526,2,catboost
2022-06-21,1,0.13560517154860025,2,catboost
2022-06-22,1,0.023076381765009927,2,catboost
2022-06-23,1,0.02423496584113282,2,catboost
2022-06-24,0,0.005964491781437016,2,catboost
2022-06-25,0,0.00783240412969978,2,catboost
2022-06-26,0,0.007122519979145975,2,catboost
2022-06-27,0,0.009908526377310272,2,catboost
2022-06-28,0,0.009101822421564452,2,catboost
2022-06-29,0,0.024502925633812376,2,catboost
2022-06-30,0,0.049953980506773854,2,catboost
2022-07-08,0,0.04899012783683336,3,catboost
2022-07-09,0,0.040676544379149096,3,catboost
2022-07-10,0,0.04606960643601922,3,catboost
2022-07-11,0,0.0917205017280442,3,catboost
2022-07-12,0,0.017543216496246287,3,catboost
2022-07-13,0,0.10942769276439097,3,catboost
2022-07-14,0,0.055490020698089504,3,catboost
2022-07-15,0,0.039979491740618864,3,catboost
2022-07-16,0,0.0124762776652327,3,catboost
2022-07-17,0,0.004619278034770078,3,catboost
2022-07-18,0,0.017876626004973844,3,catboost
2022-07-19,0,0.003763299841620195,3,catboost
2022-07-20,0,0.005405017016195616,3,catboost
2022-07-21,0,0.009558525724323901,3,catboost
2022-07-22,0,0.008845597614097695,3,catboost
2022-07-23,0,0.007657979949875549,3,catboost
2022-07-24,0,0.0051590562550831685,3,catboost
2022-07-25,0,0.04841259290116175,3,catboost
2022-07-26,0,0.011060485821984765,3,catboost
2022-07-27,0,0.014080285412826394,3,catboost
2022-07-28,0,0.03816563951443975,3,catboost
2022-07-29,0,0.02816424851793715,3,catboost
2022-07-30,0,0.095592399408799,3,catboost
2022-07-31,0,0.15741286735302365,3,catboost
2022-08-01,0,0.0742374896112163,3,catboost
2022-08-02,0,0.08125087579096782,3,catboost
2022-08-03,0,0.1572415861574356,3,catboost
2022-08-04,0,0.20360372504603053,3,catboost
2022-08-05,0,0.22160404317337856,3,catboost
2022-08-06,0,0.15840703744536405,3,catboost
2022-08-07,0,0.3710962987468693,3,catboost
2022-08-08,0,0.5071213896979072,3,catboost
2022-08-09,0,0.2147151421894164,3,catboost
2022-08-10,0,0.08998651413558639,3,catboost
2022-08-11,0,0.035048679088217086,3,catboost
2022-08-12,0,0.027218485107035256,3,catboost
2022-08-13,0,0.058306893430435054,3,catboost
2022-08-14,0,0.09000622193379523,3,catboost
2022-08-15,0,0.189713299842732,3,catboost
2022-08-16,0,0.11407638767912588,3,catboost
2022-08-17,0,0.09295658871929514,3,catboost
2022-08-18,0,0.030028619535299856,3,catboost
2022-08-19,0,0.03952800060936935,3,catboost
2022-08-20,0,0.013463299243863028,3,catboost
2022-08-21,0,0.024445367036942136,3,catboost
2022-08-22,0,0.021012109556453773,3,catboost
2022-08-23,0,0.01778041917342408,3,catboost
2022-08-24,0,0.013749677399258427,3,catboost
2022-08-25,0,0.013203554128496213,3,catboost
2022-08-26,0,0.01666162302114108,3,catboost
2022-08-27,0,0.015337534311291446,3,catboost
2022-08-28,0,0.00845929450623071,3,catboost
2022-08-29,0,0.028843153879370254,3,catboost
2022-08-30,0,0.06963650272874733,3,catboost
2022-08-31,0,0.02999203629641132,3,catboost
2022-09-01,0,0.046535754392389196,3,catboost
2022-09-02,0,0.021440342321471937,3,catboost
2022-09-03,0,0.04418522367407982,3,catboost
2022-09-04,0,0.018795632894331966,3,catboost
2022-09-05,0,0.01981504504531683,3,catboost
2022-09-06,0,0.07367381694854151,3,catboost
2022-09-07,0,0.04007887736212151,3,catboost
2022-09-08,0,0.018611711013409773,3,catboost
2022-09-09,0,0.04735739894685595,3,catboost
2022-09-10,0,0.029340187256856637,3,catboost
2022-09-11,0,0.06101064569496635,3,catboost
2022-09-12,0,0.07491770155512677,3,catboost
2022-09-13,0,0.1761089522855614,3,catboost
2022-09-14,0,0.16025418160082497,3,catboost
2022-09-15,0,0.058680083387779525,3,catboost
2022-09-16,0,0.37143135644402775,3,catboost
2022-09-17,0,0.4075364275283757,3,catboost
2022-09-18,1,0.3483004122538468,3,catboost
2022-09-19,1,0.2479522781046833,3,catboost
2022-09-20,0,0.09721602538624201,3,catboost
2022-09-21,1,0.22964499847661582,3,catboost
2022-09-22,1,0.35641207893384114,3,catboost
2022-09-23,1,0.21930454861705292,3,catboost
2022-09-24,1,0.14500127138228108,3,catboost
2022-09-25,1,0.1008131891241229,3,catboost
2022-09-26,0,0.0854948624486979,3,catboost
2022-09-27,1,0.0383648524430806,3,catboost
2022-09-28,0,0.04039349964674681,3,catboost
2022-09-29,0,0.021841242775839244,3,catboost
2022-09-30,0,0.006247517583297068,3,catboost
2022-10-01,0,0.01022820942184634,3,catboost
2022-10-02,1,0.007094032421132954,3,catboost
2022-10-03,0,0.012238773806337776,3,catboost
2022-10-04,0,0.007348320523122023,3,catboost
2022-10-05,0,0.010925685419169636,3,catboost
2022-10-06,0,0.031444372395757966,3,catboost
2022-10-07,0,0.03449531334771916,3,catboost
2022-10-08,0,0.02934854611533958,3,catboost
2022-10-09,0,0.021255759079796377,3,catboost
2022-10-10,0,0.014610199921111745,3,catboost
2022-10-11,0,0.011709572925372915,3,catboost
2022-10-12,0,0.03255463293662413,3,catboost
2022-10-13,0,0.011769172015148172,3,catboost
2022-10-14,0,0.01038630045156745,3,catboost
2022-10-15,0,0.010564968215522656,3,catboost
2022-10-16,0,0.016616046353220906,3,catboost
2022-10-17,0,0.005112275326187795,3,catboost
2022-10-18,0,0.004159286811769445,3,catboost
2022-10-19,0,0.015535510133348213,3,catboost
2022-10-20,0,0.020795184656516297,3,catboost
2022-10-21,0,0.027810976188007385,3,catboost
2022-10-22,0,0.04087566164005891,3,catboost
2022-10-23,0,0.041893775080971085,3,catboost
2022-10-24,0,0.03329504617507639,3,catboost
2022-10-25,0,0.0893095603934174,3,catboost
2022-10-26,0,0.35237036646052583,3,catboost
2022-10-27,0,0.1861444295097996,3,catboost
2022-10-28,0,0.07054755569350077,3,catboost
2022-10-29,0,0.16908386425421967,3,catboost
2022-10-30,0,0.11129008474446891,3,catboost
2022-10-31,0,0.11509623690890236,3,catboost
2022-11-01,0,0.18582003441902573,3,catboost
2022-11-02,0,0.1601920941491542,3,catboost
2022-11-03,0,0.18107305735864498,3,catboost
2022-11-04,0,0.14164261185335794,3,catboost
2022-11-05,0,0.1545623359841103,3,catboost
2022-11-06,0,0.18917578118135941,3,catboost
2022-11-07,0,0.08824252676916323,3,catboost
2022-11-08,0,0.23499424389640355,3,catboost
2022-11-09,0,0.09636677903455235,3,catboost
2022-11-10,0,0.14541593488931095,3,catboost
2022-11-11,0,0.05916089336448791,3,catboost
2022-11-12,0,0.10226791308079347,3,catboost
2022-11-13,0,0.0663828331586076,3,catboost
2022-11-14,0,0.04650025547863565,3,catboost
2022-11-15,0,0.23682122571071004,3,catboost
2022-11-16,0,0.07434860331062385,3,catboost
2022-11-17,0,0.07938348267147302,3,catboost
2022-11-18,0,0.1405186231398249,3,catboost
2022-11-19,0,0.04346399861832556,3,catboost
2022-11-20,0,0.12452471769950568,3,catboost
2022-11-21,0,0.09377651251085159,3,catboost
2022-11-22,0,0.17432653534365028,3,catboost
2022-11-23,0,0.053213590662929994,3,catboost
2022-11-24,0,0.1074303101128523,3,catboost
2022-11-25,0,0.14450760932085555,3,catboost
2022-11-26,0,0.11997645086084449,3,catboost
2022-11-27,0,0.1892538481257786,3,catboost
2022-11-28,0,0.07132035025788741,3,catboost
2022-11-29,0,0.13396010731370686,3,catboost
2022-11-30,0,0.1705623948075739,3,catboost
2022-12-01,0,0.2066872405233491,3,catboost
2022-12-02,0,0.4842180245423247,3,catboost
2022-12-03,0,0.4513771892478072,3,catboost
2022-12-04,0,0.4893656537140803,3,catboost
2022-12-05,0,0.13854337204687675,3,catboost
2022-12-06,0,0.4443069462457081,3,catboost
2022-12-07,0,0.7263822010823012,3,catboost
2022-12-08,0,0.6125295316471857,3,catboost
2022-12-09,0,0.6387051085491542,3,catboost
2022-12-10,0,0.6144275385528126,3,catboost
2022-12-11,0,0.4301054888982933,3,catboost
2022-12-12,0,0.7821899239656352,3,catboost
2022-12-13,0,0.7369605254000599,3,catboost
2022-12-14,0,0.7279732457262752,3,catboost
2022-12-15,0,0.6977602023532381,3,catboost
2022-12-16,0,0.47897129626877816,3,catboost
2022-12-17,1,0.884551562079847,3,catboost
2022-12-18,0,0.6924247471257765,3,catboost
2022-12-19,0,0.6724549775742943,3,catboost
2022-12-20,0,0.49864691325918414,3,catboost
2022-12-21,0,0.5708161103400526,3,catboost
2022-12-22,0,0.4540612462259864,3,catboost
2022-12-23,0,0.47246916245727444,3,catboost
2022-12-24,0,0.40609266542314915,3,catboost
