y,fold_id,merchant_logreg,merchant_extra,merchant_mean,merchant_disagreement,drift_adjusted_score,market_v3__risk_mean,market_v3__risk_max,market_v3__risk_p75,market_v3__risk_p90,market_v3__risk_share_25,market_v3__risk_share_50,market_v3__precursor_mean,market_v3__precursor_share_2,row_in_fold,date,target,v71_rank_score,v71_nested_threshold,v61_alert,v72_veto,v72_rescue,v72_alert
0,0,0.4895511411250903,0.2702043466721847,0.3798777438986375,0.2193467944529056,0.4255242012171552,0.29211001180473,0.5919368848012408,0.4791575560923423,0.5565719868813063,0.4545454545454545,0.2727272727272727,2.909090909090909,0.4545454545454545,0,2023-07-08,0,0.2274483432777884,0.0824454531754514,1,0,0,1
0,0,0.3989320944729524,0.2464557206726169,0.3226939075727847,0.1524763738003355,0.3900702226951265,0.1936991038430581,0.4293695019579549,0.3182197047135444,0.3889858782364058,0.3636363636363636,0.0,3.727272727272727,0.6363636363636364,1,2023-07-09,0,0.0556074322586705,0.0824454531754514,0,0,0,0
0,0,0.6384411135449768,0.3282016027031869,0.4833213581240818,0.3102395108417898,0.4896592420369307,0.1936991038430581,0.4293695019579549,0.3182197047135444,0.3889858782364058,0.3636363636363636,0.0,3.727272727272727,0.6363636363636364,2,2023-07-10,0,0.0410248635968802,0.0824454531754514,1,0,0,1
0,0,0.8715543904817674,0.3639954650801544,0.6177749277809609,0.5075589254016131,0.5730204552241958,0.1936991038430581,0.4293695019579549,0.3182197047135444,0.3889858782364058,0.3636363636363636,0.0,3.727272727272727,0.6363636363636364,3,2023-07-11,0,0.1211415252456451,0.0824454531754514,1,0,0,1
0,0,0.7508901417573854,0.3456105437182883,0.5482503427378369,0.4052795980390971,0.5299152124974589,0.1936991038430581,0.4293695019579549,0.3182197047135444,0.3889858782364058,0.3636363636363636,0.0,3.727272727272727,0.6363636363636364,4,2023-07-12,0,0.1111362307752365,0.0824454531754514,1,0,0,1
1,0,0.6331549965750303,0.3229085019958401,0.4780317492854352,0.3102464945791901,0.4863796845569698,0.1936991038430581,0.4293695019579549,0.3182197047135444,0.3889858782364058,0.3636363636363636,0.0,3.727272727272727,0.6363636363636364,5,2023-07-13,1,0.1073096834928068,0.0824454531754514,1,0,0,1
1,0,0.7075019838232676,0.3330191527887804,0.520260568306024,0.3744828310344871,0.5125615523497349,0.1936991038430581,0.4293695019579549,0.3182197047135444,0.3889858782364058,0.3636363636363636,0.0,3.727272727272727,0.6363636363636364,6,2023-07-14,1,0.1479097817322887,0.0824454531754514,1,0,0,1
0,0,0.4380732109369822,0.272010226345917,0.3550417186414496,0.1660629845910652,0.4101258655576987,0.1936991038430581,0.4293695019579549,0.3182197047135444,0.3889858782364058,0.3636363636363636,0.0,3.727272727272727,0.6363636363636364,7,2023-07-15,0,0.0464361465695126,0.0824454531754514,1,0,0,1
0,0,0.4132198487395411,0.3305802720400193,0.3719000603897802,0.0826395766995217,0.4205780374416637,0.2137238305035873,0.5606299354075673,0.2927067388556021,0.3951908768101901,0.3636363636363636,0.0909090909090909,3.727272727272727,0.9090909090909092,8,2023-07-16,0,0.0510980250518851,0.0824454531754514,1,0,0,1
0,0,0.4706112259176995,0.2686668820188674,0.3696390539682835,0.2019443438988321,0.4191762134603357,0.2137238305035873,0.5606299354075673,0.2927067388556021,0.3951908768101901,0.3636363636363636,0.0909090909090909,3.727272727272727,0.9090909090909092,9,2023-07-17,0,0.0941588408260996,0.0824454531754514,1,0,0,1
0,0,0.2374212167875465,0.1874293153681829,0.2124252660778647,0.0499919014193635,0.3217036649682761,0.2137238305035873,0.5606299354075673,0.2927067388556021,0.3951908768101901,0.3636363636363636,0.0909090909090909,3.727272727272727,0.9090909090909092,10,2023-07-18,0,0.0478413384788639,0.0824454531754514,0,0,0,0
0,0,0.4852046638131144,0.2983772438314486,0.3917909538222815,0.1868274199816657,0.4329103913698146,0.2137238305035873,0.5606299354075673,0.2927067388556021,0.3951908768101901,0.3636363636363636,0.0909090909090909,3.727272727272727,0.9090909090909092,11,2023-07-19,0,0.0589902870502844,0.0824454531754514,1,0,0,1
0,0,0.7333926954103425,0.3219628588954696,0.5276777771529061,0.4114298365148728,0.5171602218348017,0.2137238305035873,0.5606299354075673,0.2927067388556021,0.3951908768101901,0.3636363636363636,0.0909090909090909,3.727272727272727,0.9090909090909092,12,2023-07-20,0,0.1353123160542838,0.0824454531754514,1,0,0,1
0,0,0.4547128616045992,0.2484202247782803,0.3515665431914397,0.2062926368263188,0.4079712567786926,0.2137238305035873,0.5606299354075673,0.2927067388556021,0.3951908768101901,0.3636363636363636,0.0909090909090909,3.727272727272727,0.9090909090909092,13,2023-07-21,0,0.0451295308183883,0.0824454531754514,1,0,0,1
0,0,0.5880399449116706,0.3287278630952714,0.458383904003471,0.2593120818163991,0.474198020482152,0.2137238305035873,0.5606299354075673,0.2927067388556021,0.3951908768101901,0.3636363636363636,0.0909090909090909,3.727272727272727,0.9090909090909092,14,2023-07-22,0,0.0417728970374031,0.0824454531754514,1,0,0,1
0,0,0.0326826298545997,0.1087136834677561,0.0706981566611779,0.0760310536131564,0.2338328571299303,0.0691433210901266,0.1335453441590315,0.0857255077788514,0.1190367326461507,0.0,0.0,4.2727272727272725,0.8181818181818182,15,2023-07-23,0,0.0524950745946088,0.0824454531754514,0,0,0,0
0,0,0.0767994944278265,0.0835620556001397,0.0801807750139831,0.0067625611723131,0.2397120805086695,0.0691433210901266,0.1335453441590315,0.0857255077788514,0.1190367326461507,0.0,0.0,4.2727272727272725,0.8181818181818182,16,2023-07-24,0,0.034341651008188,0.0824454531754514,0,0,0,0
0,0,0.0856320942253096,0.1207855128851932,0.1032088035552514,0.0351534186598836,0.2539894582042559,0.0691433210901266,0.1335453441590315,0.0857255077788514,0.1190367326461507,0.0,0.0,4.2727272727272725,0.8181818181818182,17,2023-07-25,0,0.0786844326758651,0.0824454531754514,0,0,0,0
0,0,0.0500058260704117,0.091313981851623,0.0706599039610173,0.0413081557812112,0.2338091404558308,0.0691433210901266,0.1335453441590315,0.0857255077788514,0.1190367326461507,0.0,0.0,4.2727272727272725,0.8181818181818182,18,2023-07-26,0,0.0476830792547243,0.0824454531754514,0,0,0,0
0,0,0.0993557650101989,0.1286593713151737,0.1140075681626863,0.0293036063049747,0.2606846922608655,0.0691433210901266,0.1335453441590315,0.0857255077788514,0.1190367326461507,0.0,0.0,4.2727272727272725,0.8181818181818182,19,2023-07-27,0,0.0816036534485946,0.0824454531754514,0,0,0,0
0,0,0.0699766814669584,0.0886137817048451,0.0792952315859018,0.0186371002378867,0.0871630435832591,0.0691433210901266,0.1335453441590315,0.0857255077788514,0.1190367326461507,0.0,0.0,4.2727272727272725,0.8181818181818182,20,2023-07-28,0,0.0646879332656512,0.0824454531754514,0,0,0,0
0,0,0.2931338292949483,0.1364044269697353,0.2147691281323418,0.156729402325213,0.2598235261087186,0.0691433210901266,0.1335453441590315,0.0857255077788514,0.1190367326461507,0.0,0.0,4.2727272727272725,0.8181818181818182,21,2023-07-29,0,0.185170808503869,0.0824454531754514,0,0,0,0
0,0,0.0175082738891226,0.0655252661994142,0.0415167700442684,0.0480169923102916,0.0257403974274464,0.0477182190482198,0.0626779115758572,0.0548581948857302,0.0600929702656874,0.0,0.0,0.5454545454545454,0.0909090909090909,22,2023-07-30,0,0.039099000117932,0.0824454531754514,0,0,0,0
0,0,0.077156660072391,0.1163860710681994,0.0967713655702952,0.0392294109958083,0.1426069423057569,0.0477182190482198,0.0626779115758572,0.0548581948857302,0.0600929702656874,0.0,0.0,0.5454545454545454,0.0909090909090909,23,2023-07-31,0,0.0370528054057236,0.0824454531754514,0,0,0,0
0,0,0.0790667953304305,0.0940646269165708,0.0865657111235007,0.0149978315861403,0.1328374075632371,0.0477182190482198,0.0626779115758572,0.0548581948857302,0.0600929702656874,0.0,0.0,0.5454545454545454,0.0909090909090909,24,2023-08-01,0,0.2264273880128256,0.0824454531754514,0,0,0,0
0,0,0.0917894769692794,0.1194605295060233,0.1056250032376514,0.0276710525367438,0.1870875020073438,0.0477182190482198,0.0626779115758572,0.0548581948857302,0.0600929702656874,0.0,0.0,0.5454545454545454,0.0909090909090909,25,2023-08-02,0,0.0507648468048808,0.0824454531754514,0,0,0,0
0,0,0.1183853265051457,0.1099477481218503,0.114166537313498,0.0084375783832953,0.2169370992882149,0.0477182190482198,0.0626779115758572,0.0548581948857302,0.0600929702656874,0.0,0.0,0.5454545454545454,0.0909090909090909,26,2023-08-03,0,0.0506079317292806,0.0824454531754514,0,0,0,0
0,0,0.2535862381235828,0.1663874295634982,0.2099868338435405,0.0871988085600845,0.2850066517978099,0.0477182190482198,0.0626779115758572,0.0548581948857302,0.0600929702656874,0.0,0.0,0.5454545454545454,0.0909090909090909,27,2023-08-04,0,0.1878935301564661,0.0824454531754514,0,0,0,0
0,0,0.1570924870541044,0.1566355108557666,0.1568639989549355,0.0004569761983377,0.2465413936377743,0.0477182190482198,0.0626779115758572,0.0548581948857302,0.0600929702656874,0.0,0.0,0.5454545454545454,0.0909090909090909,28,2023-08-05,0,0.1405782114461445,0.0824454531754514,0,0,0,0
0,0,0.9151315640126528,0.7020121550189188,0.8085718595157858,0.2131194089937339,0.8813145528997872,0.0371463714630007,0.0611744519992017,0.046420345006498,0.0530902768328056,0.0,0.0,0.2727272727272727,0.0,29,2023-08-06,0,0.1228334437293317,0.0824454531754514,1,0,0,1
0,0,0.7168358253555214,0.4574580898672656,0.5871469576113935,0.2593777354882557,0.7186977803857306,0.0371463714630007,0.0611744519992017,0.046420345006498,0.0530902768328056,0.0,0.0,0.2727272727272727,0.0,30,2023-08-07,0,0.0658868095388543,0.0824454531754514,0,0,0,0
0,0,0.8620738477937648,0.5911733255534052,0.7266235866735851,0.2709005222403596,0.8182485592214936,0.0371463714630007,0.0611744519992017,0.046420345006498,0.0530902768328056,0.0,0.0,0.2727272727272727,0.0,31,2023-08-08,0,0.0651143376434694,0.0824454531754514,0,0,0,0
0,0,0.7267464148331755,0.473311599546854,0.6000290071900147,0.2534348152863214,0.7163929844578092,0.0371463714630007,0.0611744519992017,0.046420345006498,0.0530902768328056,0.0,0.0,0.2727272727272727,0.0,32,2023-08-09,0,0.0644576438104821,0.0824454531754514,0,0,0,0
0,0,0.9380505833940636,0.7098588551296996,0.8239547192618816,0.2281917282643639,0.8908519259423666,0.0371463714630007,0.0611744519992017,0.046420345006498,0.0530902768328056,0.0,0.0,0.2727272727272727,0.0,33,2023-08-10,0,0.1592280820900949,0.0824454531754514,1,0,0,1
0,0,0.9272906679597996,0.7050758813833028,0.8161832746715512,0.2222147865764967,0.8748571597081265,0.0371463714630007,0.0611744519992017,0.046420345006498,0.0530902768328056,0.0,0.0,0.2727272727272727,0.0,34,2023-08-11,0,0.0980290981566782,0.0824454531754514,1,0,0,1
0,0,0.8986737154499167,0.6855179583840826,0.7920958369169997,0.2131557570658341,0.8385279903171112,0.0371463714630007,0.0611744519992017,0.046420345006498,0.0530902768328056,0.0,0.0,0.2727272727272727,0.0,35,2023-08-12,0,0.2372973784220033,0.0824454531754514,1,0,0,1
0,0,0.6013159139911433,0.3497123763334566,0.4755141451622999,0.2516035376576866,0.5375965477784037,0.0964273541729863,0.2787245389959934,0.1180102443839091,0.1623184954723507,0.0909090909090909,0.0,0.4545454545454545,0.0909090909090909,36,2023-08-13,0,0.0542406635154652,0.0824454531754514,0,0,0,0
0,0,0.363921257264132,0.2962387443680689,0.3300800008161005,0.067682512896063,0.3689739248303066,0.0964273541729863,0.2787245389959934,0.1180102443839091,0.1623184954723507,0.0909090909090909,0.0,0.4545454545454545,0.0909090909090909,37,2023-08-14,0,0.0131957413324625,0.0824454531754514,0,0,0,0
0,0,0.622794336181795,0.3590857506403233,0.4909400434110592,0.2637085855414717,0.5743828269148568,0.0964273541729863,0.2787245389959934,0.1180102443839091,0.1623184954723507,0.0909090909090909,0.0,0.4545454545454545,0.0909090909090909,38,2023-08-15,0,0.0381339062331603,0.0824454531754514,0,0,0,0
0,0,0.527975587537575,0.339777161286276,0.4338763744119255,0.188198426251299,0.4931059162379579,0.0964273541729863,0.2787245389959934,0.1180102443839091,0.1623184954723507,0.0909090909090909,0.0,0.4545454545454545,0.0909090909090909,39,2023-08-16,0,0.056679792989088,0.0824454531754514,0,0,0,0
0,0,0.6398793754295101,0.4624671763197164,0.5511732758746133,0.1774121991097937,0.6457274310422603,0.0964273541729863,0.2787245389959934,0.1180102443839091,0.1623184954723507,0.0909090909090909,0.0,0.4545454545454545,0.0909090909090909,40,2023-08-17,0,0.0299021169599656,0.0824454531754514,0,0,0,0
1,0,0.5570697008941743,0.3510795233304004,0.4540746121122873,0.2059901775637739,0.5039652838998621,0.0964273541729863,0.2787245389959934,0.1180102443839091,0.1623184954723507,0.0909090909090909,0.0,0.4545454545454545,0.0909090909090909,41,2023-08-18,1,0.0487111131801034,0.0824454531754514,0,0,0,0
0,0,0.4097990202629158,0.3054432732669259,0.3576211467649208,0.1043557469959899,0.3936298728990128,0.0964273541729863,0.2787245389959934,0.1180102443839091,0.1623184954723507,0.0909090909090909,0.0,0.4545454545454545,0.0909090909090909,42,2023-08-19,0,0.0236785036802684,0.0824454531754514,0,0,0,0
0,0,0.1856113563955485,0.2039614116291658,0.1947863840123572,0.0183500552336172,0.2268140697155684,0.1256501972772514,0.7174040662809728,0.0661402731770933,0.1403382800444375,0.0909090909090909,0.0909090909090909,2.727272727272727,0.5454545454545454,43,2023-08-20,0,0.0799068782971067,0.0824454531754514,0,0,0,0
0,0,0.4713504491631502,0.2105815554270746,0.3409660022951124,0.2607688937360756,0.3668534668775152,0.1256501972772514,0.7174040662809728,0.0661402731770933,0.1403382800444375,0.0909090909090909,0.0909090909090909,2.727272727272727,0.5454545454545454,44,2023-08-21,0,0.250611778522581,0.0824454531754514,0,0,0,0
0,0,0.3772928875807803,0.2248935224888603,0.3010932050348203,0.1523993650919199,0.3217888982326997,0.1256501972772514,0.7174040662809728,0.0661402731770933,0.1403382800444375,0.0909090909090909,0.0909090909090909,2.727272727272727,0.5454545454545454,45,2023-08-22,0,0.2094537150997946,0.0824454531754514,0,0,0,0
0,0,0.3002875640631031,0.210737244603146,0.2555124043331246,0.089550319459957,0.2905916037300154,0.1256501972772514,0.7174040662809728,0.0661402731770933,0.1403382800444375,0.0909090909090909,0.0909090909090909,2.727272727272727,0.5454545454545454,46,2023-08-23,0,0.1059310815996845,0.0824454531754514,0,0,0,0
0,0,0.2230360788975756,0.1561440448256873,0.1895900618616315,0.0668920340718883,0.2145671149499562,0.1256501972772514,0.7174040662809728,0.0661402731770933,0.1403382800444375,0.0909090909090909,0.0909090909090909,2.727272727272727,0.5454545454545454,47,2023-08-24,0,0.1229495196886074,0.0824454531754514,0,0,0,0
0,0,0.0558006747836631,0.0862432140834389,0.071021944433551,0.0304425392997757,0.0677836055488016,0.1256501972772514,0.7174040662809728,0.0661402731770933,0.1403382800444375,0.0909090909090909,0.0909090909090909,2.727272727272727,0.5454545454545454,48,2023-08-25,0,0.0235125888291918,0.0824454531754514,0,0,0,0
0,0,0.152076588081422,0.1208900126681968,0.1364833003748094,0.0311865754132252,0.1776808707221778,0.1256501972772514,0.7174040662809728,0.0661402731770933,0.1403382800444375,0.0909090909090909,0.0909090909090909,2.727272727272727,0.5454545454545454,49,2023-08-26,0,0.0352898195104646,0.0824454531754514,0,0,0,0
0,0,0.8749899598125052,0.379025819725751,0.627007889769128,0.4959641400867541,0.7307448916568594,0.0871679253561558,0.6527151050850319,0.039606099840568,0.0619835974942174,0.0909090909090909,0.0909090909090909,4.181818181818182,0.7272727272727273,50,2023-08-27,0,0.3735931862632162,0.0824454531754514,0,0,0,0
0,0,0.7627303660373799,0.3876846918780726,0.5752075289577263,0.3750456741593072,0.6695698444243785,0.0871679253561558,0.6527151050850319,0.039606099840568,0.0619835974942174,0.0909090909090909,0.0909090909090909,4.181818181818182,0.7272727272727273,51,2023-08-28,0,0.1764178451775037,0.0824454531754514,0,0,0,0
0,0,0.6759260613393157,0.3804187801790509,0.5281724207591834,0.2955072811602647,0.619774593178386,0.0871679253561558,0.6527151050850319,0.039606099840568,0.0619835974942174,0.0909090909090909,0.0909090909090909,4.181818181818182,0.7272727272727273,52,2023-08-29,0,0.1094618884667503,0.0824454531754514,0,0,0,0
0,0,0.5889217851910288,0.2960237151083559,0.4424727501496923,0.2928980700826729,0.5037670673569602,0.0871679253561558,0.6527151050850319,0.039606099840568,0.0619835974942174,0.0909090909090909,0.0909090909090909,4.181818181818182,0.7272727272727273,53,2023-08-30,0,0.146074434596762,0.0824454531754514,0,0,0,0
0,0,0.6429322836971241,0.3806290348805617,0.5117806592888429,0.2623032488165623,0.5917484532035271,0.0871679253561558,0.6527151050850319,0.039606099840568,0.0619835974942174,0.0909090909090909,0.0909090909090909,4.181818181818182,0.7272727272727273,54,2023-08-31,0,0.0734294056121063,0.0824454531754514,0,0,0,0
0,0,0.794998095313103,0.4671542419138748,0.6310761686134889,0.3278438533992281,0.7367217699949086,0.0871679253561558,0.6527151050850319,0.039606099840568,0.0619835974942174,0.0909090909090909,0.0909090909090909,4.181818181818182,0.7272727272727273,55,2023-09-01,0,0.3147539671812785,0.0824454531754514,0,0,0,0
0,0,0.9241785002698396,0.4785332985941333,0.7013558994319864,0.4456452016757062,0.7809120862192602,0.0871679253561558,0.6527151050850319,0.039606099840568,0.0619835974942174,0.0909090909090909,0.0909090909090909,4.181818181818182,0.7272727272727273,56,2023-09-02,0,0.2486066465994191,0.0824454531754514,0,0,0,0
0,0,0.942366123792548,0.7147437447321857,0.8285549342623668,0.2276223790603623,0.8937040592426674,0.0784119415865928,0.5797946638381589,0.0369811464518296,0.0484371272589022,0.0909090909090909,0.0909090909090909,0.5454545454545454,0.0909090909090909,57,2023-09-03,0,0.5487000560988667,0.0824454531754514,1,0,0,1
0,0,0.9628537061798512,0.7265157108408052,0.8446847085103282,0.2363379953390458,0.9037045192764036,0.0784119415865928,0.5797946638381589,0.0369811464518296,0.0484371272589022,0.0909090909090909,0.0909090909090909,0.5454545454545454,0.0909090909090909,58,2023-09-04,0,0.4837284224852674,0.0824454531754514,1,0,0,1
1,0,0.93595033559573,0.6814585907656638,0.8087044631806969,0.2544917448300661,0.8556340553076253,0.0784119415865928,0.5797946638381589,0.0369811464518296,0.0484371272589022,0.0909090909090909,0.0909090909090909,0.5454545454545454,0.0909090909090909,59,2023-09-05,1,0.5815888880719359,0.0824454531754514,1,0,0,1
1,0,0.9288996243268092,0.7127623167244685,0.8208309705256389,0.2161373076023406,0.8699152017258961,0.0784119415865928,0.5797946638381589,0.0369811464518296,0.0484371272589022,0.0909090909090909,0.0909090909090909,0.5454545454545454,0.0909090909090909,60,2023-09-06,1,0.3283278720995483,0.0824454531754514,1,0,0,1
1,0,0.9459296295034776,0.7297457920522691,0.8378377107778734,0.2161838374512086,0.8932298724855602,0.0784119415865928,0.5797946638381589,0.0369811464518296,0.0484371272589022,0.0909090909090909,0.0909090909090909,0.5454545454545454,0.0909090909090909,61,2023-09-07,1,0.4962930805508293,0.0824454531754514,1,0,0,1
1,0,0.9794883424310024,0.7055351094427429,0.8425117259368726,0.2739532329882596,0.8962282378227965,0.0784119415865928,0.5797946638381589,0.0369811464518296,0.0484371272589022,0.0909090909090909,0.0909090909090909,0.5454545454545454,0.0909090909090909,62,2023-09-08,1,0.5676981526216803,0.0824454531754514,1,0,0,1
0,0,0.9553550292690904,0.6733961479791097,0.8143755886241001,0.2819588812899807,0.8426906427247198,0.0784119415865928,0.5797946638381589,0.0369811464518296,0.0484371272589022,0.0909090909090909,0.0909090909090909,0.5454545454545454,0.0909090909090909,63,2023-09-09,0,0.4664152416211101,0.0824454531754514,1,0,0,1
0,0,0.5917529034292641,0.5073944204547202,0.5495736619419922,0.0843584829745439,0.6019856704040352,0.0904195650958346,0.4596207538719958,0.0774343967199565,0.1122531257192978,0.0909090909090909,0.0,2.0,0.4545454545454545,64,2023-09-10,0,0.0292169819653673,0.0824454531754514,0,0,0,0
0,0,0.8777600210848873,0.5429950242713667,0.710377522678127,0.3347649968135205,0.7502802179065926,0.0904195650958346,0.4596207538719958,0.0774343967199565,0.1122531257192978,0.0909090909090909,0.0,2.0,0.4545454545454545,65,2023-09-11,0,0.1475154857607042,0.0824454531754514,0,0,0,0
0,0,0.721340211539826,0.4138321706654358,0.5675861911026309,0.3075080408743901,0.616751923332116,0.0904195650958346,0.4596207538719958,0.0774343967199565,0.1122531257192978,0.0909090909090909,0.0,2.0,0.4545454545454545,66,2023-09-12,0,0.0519595641189269,0.0824454531754514,0,0,0,0
0,0,0.8482898307150754,0.5307541705472384,0.6895220006311569,0.3175356601678369,0.7281006553166904,0.0904195650958346,0.4596207538719958,0.0774343967199565,0.1122531257192978,0.0909090909090909,0.0,2.0,0.4545454545454545,67,2023-09-13,0,0.0727267259572861,0.0824454531754514,0,0,0,0
0,0,0.890690790259059,0.5231521631417521,0.7069214767004055,0.3675386271173069,0.745644256730722,0.0904195650958346,0.4596207538719958,0.0774343967199565,0.1122531257192978,0.0909090909090909,0.0,2.0,0.4545454545454545,68,2023-09-14,0,0.0812457654049458,0.0824454531754514,0,0,0,0
0,0,0.7753909220838945,0.4886211513536586,0.6320060367187765,0.2867697707302358,0.6837278007366558,0.0904195650958346,0.4596207538719958,0.0774343967199565,0.1122531257192978,0.0909090909090909,0.0,2.0,0.4545454545454545,69,2023-09-15,0,0.1055592440595123,0.0824454531754514,0,0,0,0
0,0,0.7590457997452641,0.5248009574400485,0.6419233785926564,0.2342448423052155,0.6911353518703041,0.0904195650958346,0.4596207538719958,0.0774343967199565,0.1122531257192978,0.0909090909090909,0.0,2.0,0.4545454545454545,70,2023-09-16,0,0.0681313891992921,0.0824454531754514,0,0,0,0
0,0,0.5899128065703888,0.4129843295723288,0.5014485680713588,0.1769284769980599,0.5196305065704396,0.1513126120091671,0.4545344554863416,0.2109648665657441,0.3207656464885959,0.2727272727272727,0.0,4.181818181818182,1.0,71,2023-09-17,0,0.1137649085398396,0.0824454531754514,1,0,0,1
0,0,0.3841952757542937,0.3098580758277292,0.3470266757910115,0.0743371999265645,0.3418232056570938,0.1513126120091671,0.4545344554863416,0.2109648665657441,0.3207656464885959,0.2727272727272727,0.0,4.181818181818182,1.0,72,2023-09-18,0,0.0229312695034516,0.0824454531754514,0,0,0,0
0,0,0.73559138093771,0.4241363641483008,0.5798638725430054,0.3114550167894092,0.619789573579403,0.1513126120091671,0.4545344554863416,0.2109648665657441,0.3207656464885959,0.2727272727272727,0.0,4.181818181818182,1.0,73,2023-09-19,0,0.0689960342705852,0.0824454531754514,1,0,0,1
0,0,0.6119231385682837,0.3241682817265489,0.4680457101474163,0.2877548568417348,0.475053205156263,0.1513126120091671,0.4545344554863416,0.2109648665657441,0.3207656464885959,0.2727272727272727,0.0,4.181818181818182,1.0,74,2023-09-20,0,0.0831726024719929,0.0824454531754514,1,0,0,1
0,0,0.6786420180852445,0.4310030153139216,0.554822516699583,0.2476390027713229,0.5922566270204082,0.1513126120091671,0.4545344554863416,0.2109648665657441,0.3207656464885959,0.2727272727272727,0.0,4.181818181818182,1.0,75,2023-09-21,0,0.0852964183082015,0.0824454531754514,1,0,0,1
0,0,0.5865553730099587,0.4168698638370531,0.5017126184235059,0.1696855091729056,0.5210618234225737,0.1513126120091671,0.4545344554863416,0.2109648665657441,0.3207656464885959,0.2727272727272727,0.0,4.181818181818182,1.0,76,2023-09-22,0,0.0440153830327008,0.0824454531754514,1,0,0,1
0,0,0.7153778782936386,0.4383128960489063,0.5768453871712724,0.2770649822447323,0.6192025816046305,0.1513126120091671,0.4545344554863416,0.2109648665657441,0.3207656464885959,0.2727272727272727,0.0,4.181818181818182,1.0,77,2023-09-23,0,0.120288611286313,0.0824454531754514,1,0,0,1
0,0,0.1129133524365614,0.106491878235925,0.1097026153362432,0.0064214742006363,0.1167335702264195,0.0283499064298444,0.1084592498325085,0.0320557820320702,0.0504560384656514,0.0,0.0,4.2727272727272725,1.0,78,2023-09-24,0,0.1244920496960363,0.0824454531754514,0,0,0,0
0,0,0.1892647362824927,0.1285688038729319,0.1589167700777123,0.0606959324095607,0.1706802961823589,0.0283499064298444,0.1084592498325085,0.0320557820320702,0.0504560384656514,0.0,0.0,4.2727272727272725,1.0,79,2023-09-25,0,0.0688734183482479,0.0824454531754514,0,0,0,0
0,0,0.2721019785212331,0.1407593360200002,0.2064306572706167,0.1313426425012328,0.2134870075077823,0.0283499064298444,0.1084592498325085,0.0320557820320702,0.0504560384656514,0.0,0.0,4.2727272727272725,1.0,80,2023-09-26,0,0.2994588185763545,0.0824454531754514,0,0,0,0
0,0,0.1302745795543741,0.1024877337642973,0.1163811566593357,0.0277868457900767,0.1331439714497758,0.0283499064298444,0.1084592498325085,0.0320557820320702,0.0504560384656514,0.0,0.0,4.2727272727272725,1.0,81,2023-09-27,0,0.0617354507698255,0.0824454531754514,0,0,0,0
0,0,0.2049188398754091,0.1194995452993844,0.1622091925873968,0.0854192945760247,0.179350187209064,0.0283499064298444,0.1084592498325085,0.0320557820320702,0.0504560384656514,0.0,0.0,4.2727272727272725,1.0,82,2023-09-28,0,0.0367657337516382,0.0824454531754514,0,0,0,0
0,0,0.146231482650949,0.1247127185912865,0.1354721006211177,0.0215187640596625,0.1480890879272617,0.0283499064298444,0.1084592498325085,0.0320557820320702,0.0504560384656514,0.0,0.0,4.2727272727272725,1.0,83,2023-09-29,0,0.1189958572996333,0.0824454531754514,0,0,0,0
0,0,0.0878593672331519,0.09845220769386,0.093155787463506,0.010592840460708,0.0894232548940403,0.0283499064298444,0.1084592498325085,0.0320557820320702,0.0504560384656514,0.0,0.0,4.2727272727272725,1.0,84,2023-09-30,0,0.0561365072186691,0.0824454531754514,0,0,0,0
0,1,0.4877198371068625,0.322196557832789,0.4049581974698257,0.1655232792740734,0.4254270236077625,0.0215822515548161,0.1102591237710947,0.0151607656342005,0.0285667854605584,0.0,0.0,0.1818181818181818,0.0,0,2023-10-08,0,0.2113108838581389,0.29,1,0,0,1
0,1,0.4877714297408629,0.3207292557813537,0.4042503427611083,0.1670421739595092,0.4229607939072359,0.0215822515548161,0.1102591237710947,0.0151607656342005,0.0285667854605584,0.0,0.0,0.1818181818181818,0.0,1,2023-10-09,0,0.0352548530867771,0.29,1,0,0,1
0,1,0.4935043780472946,0.3442641345971082,0.4188842563222014,0.1492402434501863,0.4387886986898798,0.0215822515548161,0.1102591237710947,0.0151607656342005,0.0285667854605584,0.0,0.0,0.1818181818181818,0.0,2,2023-10-10,0,0.0730778616305607,0.29,1,0,0,1
0,1,0.4877198371068625,0.3152721756024554,0.401496006354659,0.172447661504407,0.4173366148489794,0.0215822515548161,0.1102591237710947,0.0151607656342005,0.0285667854605584,0.0,0.0,0.1818181818181818,0.0,3,2023-10-11,0,0.1446687134660302,0.29,1,0,0,1
0,1,0.4877198371068624,0.2934361510781497,0.390577994092506,0.1942836860287127,0.4044055473485897,0.0215822515548161,0.1102591237710947,0.0151607656342005,0.0285667854605584,0.0,0.0,0.1818181818181818,0.0,4,2023-10-12,0,0.2009861184649116,0.29,1,0,0,1
1,1,0.489642262361768,0.3237697921349267,0.4067060272483473,0.1658724702268413,0.4337132924495309,0.0215822515548161,0.1102591237710947,0.0151607656342005,0.0285667854605584,0.0,0.0,0.1818181818181818,0.0,5,2023-10-13,1,0.0678694235893125,0.29,1,0,0,1
1,1,0.489642262361768,0.3444631600877067,0.4170527112247374,0.1451791022740613,0.4423089446956009,0.0215822515548161,0.1102591237710947,0.0151607656342005,0.0285667854605584,0.0,0.0,0.1818181818181818,0.0,6,2023-10-14,1,0.0608527202378868,0.29,1,0,0,1
0,1,0.4564587302096122,0.2227520400291704,0.3396053851193913,0.2337066901804418,0.3344683822522835,0.0678398648032781,0.4266789051858747,0.0336006663427237,0.1218953356198144,0.0909090909090909,0.0,2.909090909090909,1.0,7,2023-10-15,0,0.1518492850889129,0.29,0,0,0,0
1,1,0.47793661014794,0.2299194012811464,0.3539280057145432,0.2480172088667935,0.3583600947258124,0.0678398648032781,0.4266789051858747,0.0336006663427237,0.1218953356198144,0.0909090909090909,0.0,2.909090909090909,1.0,8,2023-10-16,1,0.2183932995561032,0.29,0,0,0,0
1,1,0.4546911271327931,0.2396167246085611,0.3471539258706771,0.2150744025242319,0.3486396893589687,0.0678398648032781,0.4266789051858747,0.0336006663427237,0.1218953356198144,0.0909090909090909,0.0,2.909090909090909,1.0,9,2023-10-17,1,0.1819348894981945,0.29,0,0,0,0
0,1,0.456458730209612,0.2192639136701936,0.3378613219399028,0.2371948165394183,0.3294740196027397,0.0678398648032781,0.4266789051858747,0.0336006663427237,0.1218953356198144,0.0909090909090909,0.0,2.909090909090909,1.0,10,2023-10-18,0,0.0348167215824262,0.29,0,0,0,0
0,1,0.4564587302096122,0.2052954953935117,0.3308771128015619,0.2511632348161005,0.3238938099369683,0.0678398648032781,0.4266789051858747,0.0336006663427237,0.1218953356198144,0.0909090909090909,0.0,2.909090909090909,1.0,11,2023-10-19,0,0.0370610483443594,0.29,0,0,0,0
0,1,0.4564587302096122,0.2272431874459403,0.3418509588277763,0.2292155427636719,0.345143470761881,0.0678398648032781,0.4266789051858747,0.0336006663427237,0.1218953356198144,0.0909090909090909,0.0,2.909090909090909,1.0,12,2023-10-20,0,0.0911017901109314,0.29,0,0,0,0
0,1,0.4564587302096122,0.2271740220799506,0.3418163761447814,0.2292847081296616,0.343762887903642,0.0678398648032781,0.4266789051858747,0.0336006663427237,0.1218953356198144,0.0909090909090909,0.0,2.909090909090909,1.0,13,2023-10-21,0,0.0549869736896606,0.29,0,0,0,0
0,1,0.1366533026618693,0.0709962734793602,0.1038247880706148,0.065657029182509,0.1027552069876195,0.0380309047725892,0.2081360745064689,0.0306402638374118,0.0367116250208406,0.0,0.0,6.363636363636363,1.0,14,2023-10-22,0,0.0193438899996921,0.29,0,0,0,0
0,1,0.1366533026618694,0.0658061075119407,0.1012297050869051,0.0708471951499286,0.0969624171538811,0.0380309047725892,0.2081360745064689,0.0306402638374118,0.0367116250208406,0.0,0.0,6.363636363636363,1.0,15,2023-10-23,0,0.0867002976885222,0.29,0,0,0,0
0,1,0.0785774726992707,0.028657119905491,0.0536172963023809,0.0499203527937797,0.0370050999450999,0.0380309047725892,0.2081360745064689,0.0306402638374118,0.0367116250208406,0.0,0.0,6.363636363636363,1.0,16,2023-10-24,0,0.1075093223166668,0.29,0,0,0,0
0,1,0.0735081056523867,0.0251861614450314,0.0493471335487091,0.0483219442073553,0.034320712996278,0.0380309047725892,0.2081360745064689,0.0306402638374118,0.0367116250208406,0.0,0.0,6.363636363636363,1.0,17,2023-10-25,0,0.0151211057018249,0.29,0,0,0,0
0,1,0.0735081056523867,0.0330360080575574,0.0532720568549721,0.0404720975948293,0.0404073160267817,0.0380309047725892,0.2081360745064689,0.0306402638374118,0.0367116250208406,0.0,0.0,6.363636363636363,1.0,18,2023-10-26,0,0.160252282386876,0.29,0,0,0,0
0,1,0.0735081056523867,0.0275797924226143,0.0505439490375005,0.0459283132297724,0.0386449407109426,0.0380309047725892,0.2081360745064689,0.0306402638374118,0.0367116250208406,0.0,0.0,6.363636363636363,1.0,19,2023-10-27,0,0.0262109428158648,0.29,0,0,0,0
0,1,0.0729858482271599,0.0327039462793277,0.0528448972532438,0.0402819019478321,0.043620979154154,0.0380309047725892,0.2081360745064689,0.0306402638374118,0.0367116250208406,0.0,0.0,6.363636363636363,1.0,20,2023-10-28,0,0.088024724662841,0.29,0,0,0,0
0,1,0.1513113860275874,0.0997200589820962,0.1255157225048418,0.0515913270454912,0.1566876724813038,0.0100251343720618,0.063274978951774,0.0052168759406751,0.0089827653716583,0.0,0.0,0.8181818181818182,0.1818181818181818,21,2023-10-29,0,0.0277856420296603,0.29,0,0,0,0
0,1,0.1513113860275874,0.1089768863195676,0.1301441361735775,0.0423344997080198,0.1623716074182722,0.0100251343720618,0.063274978951774,0.0052168759406751,0.0089827653716583,0.0,0.0,0.8181818181818182,0.1818181818181818,22,2023-10-30,0,0.0627240507851262,0.29,0,0,0,0
0,1,0.1507963407728621,0.1076881659041964,0.1292422533385293,0.0431081748686656,0.1610561229958141,0.0100251343720618,0.063274978951774,0.0052168759406751,0.0089827653716583,0.0,0.0,0.8181818181818182,0.1818181818181818,23,2023-10-31,0,0.0472079646945977,0.29,0,0,0,0
0,1,0.2837689097024209,0.1817692642494394,0.2327690869759302,0.1019996454529815,0.26982142108104,0.0100251343720618,0.063274978951774,0.0052168759406751,0.0089827653716583,0.0,0.0,0.8181818181818182,0.1818181818181818,24,2023-11-01,0,0.1886265435732616,0.29,0,0,0,0
0,1,0.2639055091414213,0.2053907910123295,0.2346481500768754,0.0585147181290918,0.2733000348658446,0.0100251343720618,0.063274978951774,0.0052168759406751,0.0089827653716583,0.0,0.0,0.8181818181818182,0.1818181818181818,25,2023-11-02,0,0.1446998636998144,0.29,0,0,0,0
0,1,0.2638567338528247,0.2052457870916834,0.2345512604722541,0.0586109467611412,0.2720884481594642,0.0100251343720618,0.063274978951774,0.0052168759406751,0.0089827653716583,0.0,0.0,0.8181818181818182,0.1818181818181818,26,2023-11-03,0,0.0514520379690119,0.29,0,0,0,0
0,1,0.2638567338528246,0.1801321292519933,0.221994431552409,0.0837246046008312,0.2597794047053507,0.0100251343720618,0.063274978951774,0.0052168759406751,0.0089827653716583,0.0,0.0,0.8181818181818182,0.1818181818181818,27,2023-11-04,0,0.1333685391678523,0.29,0,0,0,0
0,1,0.2950466387964934,0.264155299950142,0.2796009693733177,0.0308913388463514,0.3112287072061472,0.0079928251651434,0.0516268100533735,0.0047790277366953,0.0053190942603361,0.0,0.0,0.1818181818181818,0.0,28,2023-11-05,0,0.229034836719096,0.29,0,0,0,0
0,1,0.2934489313571795,0.2393330601434612,0.2663909957503204,0.0541158712137183,0.3018290840318652,0.0079928251651434,0.0516268100533735,0.0047790277366953,0.0053190942603361,0.0,0.0,0.1818181818181818,0.0,29,2023-11-06,0,0.1326801598995754,0.29,0,0,0,0
0,1,0.2934489313571797,0.2723159674188536,0.2828824493880166,0.021132963938326,0.3174740751423094,0.0079928251651434,0.0516268100533735,0.0047790277366953,0.0053190942603361,0.0,0.0,0.1818181818181818,0.0,30,2023-11-07,0,0.4636949208027258,0.29,0,0,0,0
0,1,0.2934489313571795,0.2748354022454092,0.2841421668012944,0.0186135291117702,0.3203060744512853,0.0079928251651434,0.0516268100533735,0.0047790277366953,0.0053190942603361,0.0,0.0,0.1818181818181818,0.0,31,2023-11-08,0,0.3125052348452831,0.29,0,0,0,0
1,1,0.2953732149335103,0.2995756251823931,0.2974744200579517,0.0042024102488827,0.3305879865897762,0.0079928251651434,0.0516268100533735,0.0047790277366953,0.0053190942603361,0.0,0.0,0.1818181818181818,0.0,32,2023-11-09,1,0.2673095537163756,0.29,0,0,0,0
1,1,0.2934489313571795,0.2357267525650335,0.2645878419611065,0.057722178792146,0.2960783603209708,0.0079928251651434,0.0516268100533735,0.0047790277366953,0.0053190942603361,0.0,0.0,0.1818181818181818,0.0,33,2023-11-10,1,0.1117644432640504,0.29,0,0,0,0
0,1,0.2950466387964935,0.2650289185971616,0.2800377786968275,0.0300177201993319,0.3141276244727053,0.0079928251651434,0.0516268100533735,0.0047790277366953,0.0053190942603361,0.0,0.0,0.1818181818181818,0.0,34,2023-11-11,0,0.2459650549623508,0.29,0,0,0,0
0,1,0.1918480458955409,0.2314940244436143,0.2116710351695776,0.0396459785480734,0.2389027084718047,0.0084183360828514,0.0238396677861135,0.010085045191563,0.0154601687928125,0.0,0.0,1.0,0.1818181818181818,35,2023-11-12,0,0.1379564318504466,0.29,0,0,0,0
1,1,0.1918480458955409,0.1989195501430755,0.1953837980193082,0.0070715042475346,0.2216338225405661,0.0084183360828514,0.0238396677861135,0.010085045191563,0.0154601687928125,0.0,0.0,1.0,0.1818181818181818,36,2023-11-13,1,0.1704068851421827,0.29,0,0,0,0
1,1,0.1918480458955409,0.2228522388036729,0.2073501423496069,0.0310041929081319,0.2344587276010186,0.0084183360828514,0.0238396677861135,0.010085045191563,0.0154601687928125,0.0,0.0,1.0,0.1818181818181818,37,2023-11-14,1,0.2561551177225947,0.29,0,0,0,0
0,1,0.1918480458955409,0.1862515344827262,0.1890497901891335,0.0055965114128146,0.209893796746531,0.0084183360828514,0.0238396677861135,0.010085045191563,0.0154601687928125,0.0,0.0,1.0,0.1818181818181818,38,2023-11-15,0,0.072356390511288,0.29,0,0,0,0
0,1,0.1906580308014022,0.187190718579969,0.1889243746906856,0.0034673122214331,0.2090685961791928,0.0084183360828514,0.0238396677861135,0.010085045191563,0.0154601687928125,0.0,0.0,1.0,0.1818181818181818,39,2023-11-16,0,0.0760045576624631,0.29,0,0,0,0
0,1,0.1918480458955409,0.189380829412983,0.190614437654262,0.0024672164825578,0.2185009513456424,0.0084183360828514,0.0238396677861135,0.010085045191563,0.0154601687928125,0.0,0.0,1.0,0.1818181818181818,40,2023-11-17,0,0.0399733111620948,0.29,0,0,0,0
0,1,0.1918480458955407,0.1912152385314907,0.1915316422135157,0.0006328073640499,0.2212893007120622,0.0084183360828514,0.0238396677861135,0.010085045191563,0.0154601687928125,0.0,0.0,1.0,0.1818181818181818,41,2023-11-18,0,0.0585674106503994,0.29,0,0,0,0
0,1,0.0919321069774518,0.0867813404649008,0.0893567237211763,0.005150766512551,0.0915916448976055,0.0122726453698182,0.0344825377681177,0.0121979441875869,0.0234571176089968,0.0,0.0,4.727272727272728,1.0,42,2023-11-19,0,0.0491227316206438,0.29,0,0,0,0
0,1,0.0925763973244222,0.0919886767396067,0.0922825370320145,0.0005877205848155,0.0964215221661981,0.0122726453698182,0.0344825377681177,0.0121979441875869,0.0234571176089968,0.0,0.0,4.727272727272728,1.0,43,2023-11-20,0,0.0940552687429531,0.29,0,0,0,0
0,1,0.0925763973244222,0.082743923071056,0.0876601601977391,0.0098324742533661,0.0905397755130744,0.0122726453698182,0.0344825377681177,0.0121979441875869,0.0234571176089968,0.0,0.0,4.727272727272728,1.0,44,2023-11-21,0,0.023629694438426,0.29,0,0,0,0
0,1,0.0919321069774518,0.0884513414389479,0.0901917242081999,0.0034807655385039,0.0981410912313061,0.0122726453698182,0.0344825377681177,0.0121979441875869,0.0234571176089968,0.0,0.0,4.727272727272728,1.0,45,2023-11-22,0,0.0339600896729993,0.29,0,0,0,0
0,1,0.0925763973244222,0.0822995553541808,0.0874379763393015,0.0102768419702414,0.0904020215208431,0.0122726453698182,0.0344825377681177,0.0121979441875869,0.0234571176089968,0.0,0.0,4.727272727272728,1.0,46,2023-11-23,0,0.0382276055067733,0.29,0,0,0,0
0,1,0.0482958234278592,0.0427397359013795,0.0455177796646194,0.0055560875264797,0.031236896407937,0.0122726453698182,0.0344825377681177,0.0121979441875869,0.0234571176089968,0.0,0.0,4.727272727272728,1.0,47,2023-11-24,0,0.0575684533179685,0.29,0,0,0,0
0,1,0.0479434238653835,0.0448997637671357,0.0464215938162596,0.0030436600982477,0.0348131341978269,0.0122726453698182,0.0344825377681177,0.0121979441875869,0.0234571176089968,0.0,0.0,4.727272727272728,1.0,48,2023-11-25,0,0.0746417396928369,0.29,0,0,0,0
0,1,0.0765564581727015,0.050639884440868,0.0635981713067848,0.0259165737318334,0.0635578503371907,0.0212658618167571,0.103972612801024,0.0081438650381278,0.0899768502202139,0.0,0.0,4.818181818181818,1.0,49,2023-11-26,0,0.1329066994501193,0.29,0,0,0,0
0,1,0.0765564581727016,0.0474981678178921,0.0620273129952968,0.0290582903548094,0.0625839181840682,0.0212658618167571,0.103972612801024,0.0081438650381278,0.0899768502202139,0.0,0.0,4.818181818181818,1.0,50,2023-11-27,0,0.054492227789727,0.29,0,0,0,0
0,1,0.0765564581727015,0.0537823105716518,0.0651693843721766,0.0227741476010497,0.0705637484694797,0.0212658618167571,0.103972612801024,0.0081438650381278,0.0899768502202139,0.0,0.0,4.818181818181818,1.0,51,2023-11-28,0,0.0730461304232092,0.29,0,0,0,0
0,1,0.0765564581727015,0.0470267392464635,0.0617915987095825,0.0295297189262379,0.0624377753269253,0.0212658618167571,0.103972612801024,0.0081438650381278,0.0899768502202139,0.0,0.0,4.818181818181818,1.0,52,2023-11-29,0,0.0606949385173115,0.29,0,0,0,0
0,1,0.0760143198574233,0.0485800126679573,0.0622971662626903,0.0274343071894659,0.0687829732415981,0.0212658618167571,0.103972612801024,0.0081438650381278,0.0899768502202139,0.0,0.0,4.818181818181818,1.0,53,2023-11-30,0,0.068122745115592,0.29,0,0,0,0
0,1,0.1428586483766993,0.081696380548569,0.1122775144626342,0.0611622678281303,0.1631041224588967,0.0212658618167571,0.103972612801024,0.0081438650381278,0.0899768502202139,0.0,0.0,4.818181818181818,1.0,54,2023-12-01,0,0.0765652908066675,0.29,0,0,0,0
0,1,0.1428586483766993,0.0882864565222747,0.115572552449487,0.0545721918544246,0.1741946650583645,0.0212658618167571,0.103972612801024,0.0081438650381278,0.0899768502202139,0.0,0.0,4.818181818181818,1.0,55,2023-12-02,0,0.1453811185881921,0.29,0,0,0,0
0,1,0.7605445381055902,0.2874624828583088,0.5240035104819495,0.4730820552472814,0.6144059860226182,0.0106902612977672,0.0313588120131682,0.0114983849524347,0.029317637039141,0.0,0.0,0.2727272727272727,0.0,56,2023-12-03,0,0.3241956070015865,0.29,1,0,0,1
0,1,0.7605445381055902,0.3327315915042008,0.5466380648048955,0.4278129466013893,0.6314552827187178,0.0106902612977672,0.0313588120131682,0.0114983849524347,0.029317637039141,0.0,0.0,0.2727272727272727,0.0,57,2023-12-04,0,0.2963851664081041,0.29,1,0,0,1
0,1,0.7605445381055902,0.3377393425174097,0.5491419403115,0.4228051955881804,0.6330076855328126,0.0106902612977672,0.0313588120131682,0.0114983849524347,0.029317637039141,0.0,0.0,0.2727272727272727,0.0,58,2023-12-05,0,0.3785279731567714,0.29,1,0,0,1
0,1,0.7605445381055902,0.3059802452505166,0.5332623916780534,0.4545642928550735,0.6171306193483297,0.0106902612977672,0.0313588120131682,0.0114983849524347,0.029317637039141,0.0,0.0,0.2727272727272727,0.0,59,2023-12-06,0,0.1993797650490417,0.29,1,0,0,1
1,1,0.7605445381055904,0.3060311022633091,0.5332878201844498,0.4545134358422813,0.6171463850222954,0.0106902612977672,0.0313588120131682,0.0114983849524347,0.029317637039141,0.0,0.0,0.2727272727272727,0.0,60,2023-12-07,1,0.5257707471366903,0.29,1,0,0,1
0,1,0.7605445381055902,0.2901562794559535,0.5253504087807719,0.4703882586496366,0.603177570904396,0.0106902612977672,0.0313588120131682,0.0114983849524347,0.029317637039141,0.0,0.0,0.2727272727272727,0.0,61,2023-12-08,0,0.3952842054844671,0.29,1,0,0,1
0,1,0.7605445381055902,0.3318365532092202,0.5461905456574052,0.4287079848963699,0.6251460748155278,0.0106902612977672,0.0313588120131682,0.0114983849524347,0.029317637039141,0.0,0.0,0.2727272727272727,0.0,62,2023-12-09,0,0.2430246817826788,0.29,1,0,0,1
1,1,0.5946725612432886,0.3692650659174208,0.4819688135803547,0.2254074953258678,0.5551698707690262,0.0166223114372653,0.0829349624630289,0.0128475472140591,0.0419584735613452,0.0,0.0,0.7272727272727273,0.1818181818181818,63,2023-12-10,1,0.1921027925802169,0.29,1,0,0,1
1,1,0.5933877322818842,0.3461029314529495,0.4697453318674169,0.2472848008289346,0.5415595660752588,0.0166223114372653,0.0829349624630289,0.0128475472140591,0.0419584735613452,0.0,0.0,0.7272727272727273,0.1818181818181818,64,2023-12-11,1,0.1215248381741443,0.29,1,0,0,1
1,1,0.5946725612432885,0.3483851290207658,0.4715288451320272,0.2462874322225226,0.5426653442993172,0.0166223114372653,0.0829349624630289,0.0128475472140591,0.0419584735613452,0.0,0.0,0.7272727272727273,0.1818181818181818,65,2023-12-12,1,0.2741314304615569,0.29,1,0,0,1
1,1,0.5928167627432468,0.3053178775801609,0.4490673201617038,0.2874988851630859,0.5166757067542246,0.0166223114372653,0.0829349624630289,0.0128475472140591,0.0419584735613452,0.0,0.0,0.7272727272727273,0.1818181818181818,66,2023-12-13,1,0.1752777846264302,0.29,1,0,0,1
1,1,0.5928167627432468,0.2836327642844244,0.4382247635138356,0.3091839984588223,0.5039215756008003,0.0166223114372653,0.0829349624630289,0.0128475472140591,0.0419584735613452,0.0,0.0,0.7272727272727273,0.1818181818181818,67,2023-12-14,1,0.217771182120446,0.29,1,0,0,1
1,1,0.5946725612432884,0.3121516709005544,0.4534121160719214,0.282520890342734,0.5193694802185596,0.0166223114372653,0.0829349624630289,0.0128475472140591,0.0419584735613452,0.0,0.0,0.7272727272727273,0.1818181818181818,68,2023-12-15,1,0.074462570642849,0.29,1,0,0,1
0,1,0.5928167627432469,0.2820614616210569,0.4374391121821519,0.3107553011221899,0.4974027257434104,0.0166223114372653,0.0829349624630289,0.0128475472140591,0.0419584735613452,0.0,0.0,0.7272727272727273,0.1818181818181818,69,2023-12-16,0,0.161263392362221,0.29,1,0,0,1
0,1,0.3290251156466008,0.2386962377428502,0.2838606766947255,0.0903288779037505,0.3328190163761266,0.1651643284297944,0.7741539859274268,0.1273779669068502,0.5512539756863984,0.1818181818181818,0.1818181818181818,3.727272727272727,1.0,70,2023-12-17,0,0.08284360358437,0.29,0,0,0,0
0,1,0.3277238567980662,0.278139801856411,0.3029318293272386,0.0495840549416552,0.3567066230717768,0.1651643284297944,0.7741539859274268,0.1273779669068502,0.5512539756863984,0.1818181818181818,0.1818181818181818,3.727272727272727,1.0,71,2023-12-18,0,0.1180443536034171,0.29,0,0,0,0
0,1,0.3290251156466008,0.2753021063576306,0.3021636110021157,0.0537230092889702,0.3562303277102007,0.1651643284297944,0.7741539859274268,0.1273779669068502,0.5512539756863984,0.1818181818181818,0.1818181818181818,3.727272727272727,1.0,72,2023-12-19,0,0.0682119850156243,0.29,0,0,0,0
0,1,0.3290251156466008,0.244223533693004,0.2866243246698024,0.0848015819535968,0.3405642241524204,0.1651643284297944,0.7741539859274268,0.1273779669068502,0.5512539756863984,0.1818181818181818,0.1818181818181818,3.727272727272727,1.0,73,2023-12-20,0,0.2399788954437987,0.29,0,0,0,0
0,1,0.3290251156466008,0.2444837918929635,0.2867544537697822,0.0845413237536372,0.3436607772102808,0.1651643284297944,0.7741539859274268,0.1273779669068502,0.5512539756863984,0.1818181818181818,0.1818181818181818,3.727272727272727,1.0,74,2023-12-21,0,0.0219456981549142,0.29,0,0,0,0
0,1,0.329025115646601,0.253487037601781,0.291256076624191,0.07553807804482,0.3494676563958873,0.1651643284297944,0.7741539859274268,0.1273779669068502,0.5512539756863984,0.1818181818181818,0.1818181818181818,3.727272727272727,1.0,75,2023-12-22,0,0.1085926680144452,0.29,0,0,0,0
0,1,0.3290251156466008,0.2746613488638918,0.3018432322552463,0.0543637667827089,0.3650793119347607,0.1651643284297944,0.7741539859274268,0.1273779669068502,0.5512539756863984,0.1818181818181818,0.1818181818181818,3.727272727272727,1.0,76,2023-12-23,0,0.0186020172440805,0.29,0,0,0,0
0,1,0.0702780832211175,0.0464794301413223,0.0583787566812199,0.0237986530797952,0.0573059402534674,0.0174525356884732,0.0797568733429329,0.0160600709607038,0.0430410645752097,0.0,0.0,6.363636363636363,1.0,77,2023-12-24,0,0.0221695451168921,0.29,0,0,0,0
0,1,0.0697770460021395,0.0485215366186259,0.0591492913103827,0.0212555093835135,0.0607995447394214,0.0174525356884732,0.0797568733429329,0.0160600709607038,0.0430410645752097,0.0,0.0,6.363636363636363,1.0,78,2023-12-25,0,0.048098480239145,0.29,0,0,0,0
0,1,0.0702780832211175,0.0479873204338,0.0591327018274588,0.0222907627873175,0.0607892592600085,0.0174525356884732,0.0797568733429329,0.0160600709607038,0.0430410645752097,0.0,0.0,6.363636363636363,1.0,79,2023-12-26,0,0.0625111217089818,0.29,0,0,0,0
0,1,0.0702780832211175,0.0459505839874761,0.0581143336042968,0.0243274992336413,0.0571419979457751,0.0174525356884732,0.0797568733429329,0.0160600709607038,0.0430410645752097,0.0,0.0,6.363636363636363,1.0,80,2023-12-27,0,0.0266151757255814,0.29,0,0,0,0
0,1,0.0702780832211175,0.0454791554160475,0.0578786193185825,0.0247989278050699,0.0569958550886323,0.0174525356884732,0.0797568733429329,0.0160600709607038,0.0430410645752097,0.0,0.0,6.363636363636363,1.0,81,2023-12-28,0,0.0568634130473459,0.29,0,0,0,0
0,1,0.0702780832211175,0.0454791554160475,0.0578786193185825,0.0247989278050699,0.0585037915965688,0.0174525356884732,0.0797568733429329,0.0160600709607038,0.0430410645752097,0.0,0.0,6.363636363636363,1.0,82,2023-12-29,0,0.0167242290588297,0.29,0,0,0,0
0,1,0.0702780832211175,0.0466550603934231,0.0584665718072703,0.0236230228276944,0.0694238776951108,0.0174525356884732,0.0797568733429329,0.0160600709607038,0.0430410645752097,0.0,0.0,6.363636363636363,1.0,83,2023-12-30,0,0.0149174036812167,0.29,0,0,0,0
0,1,0.5065569975029637,0.3025129238656034,0.4045349606842836,0.2040440736373602,0.4950973899099701,0.0068419568447783,0.0216200801404997,0.0057942641403522,0.0135443501044062,0.0,0.0,0.3636363636363636,0.0,84,2023-12-31,0,0.266374463940931,0.29,1,0,0,1
0,2,0.8607256922613561,0.6526476985369366,0.7566866953991463,0.2080779937244194,0.8280346400363596,0.0093643278972487,0.0201142650779236,0.0094624810407797,0.0181400249855398,0.0,0.0,0.2727272727272727,0.0,0,2024-01-08,0,0.3062718490657203,0.1043528746012196,1,0,0,1
0,2,0.9086059457415372,0.6328980975383895,0.7707520216399635,0.2757078482031477,0.8367551423056663,0.0093643278972487,0.0201142650779236,0.0094624810407797,0.0181400249855398,0.0,0.0,0.2727272727272727,0.0,1,2024-01-09,0,0.4001895474212528,0.1043528746012196,1,0,0,1
0,2,0.9256584854298912,0.5885231659700189,0.7570908256999551,0.3371353194598724,0.825269327806988,0.0093643278972487,0.0201142650779236,0.0094624810407797,0.0181400249855398,0.0,0.0,0.2727272727272727,0.0,2,2024-01-10,0,0.2359707562325795,0.1043528746012196,1,0,0,1
1,2,0.9475471890794268,0.6045910139859583,0.7760691015326926,0.3429561750934685,0.8400517318391583,0.0093643278972487,0.0201142650779236,0.0094624810407797,0.0181400249855398,0.0,0.0,0.2727272727272727,0.0,3,2024-01-11,1,0.3765387206823397,0.1043528746012196,1,0,0,1
1,2,0.9492240841448948,0.682449520933799,0.8158368025393469,0.2667745632110958,0.87073945249503,0.0093643278972487,0.0201142650779236,0.0094624810407797,0.0181400249855398,0.0,0.0,0.2727272727272727,0.0,4,2024-01-12,1,0.6040635687620745,0.1043528746012196,1,0,0,1
1,2,0.9642892361609536,0.6682400857312237,0.8162646609460887,0.29604915042973,0.8710047247072099,0.0093643278972487,0.0201142650779236,0.0094624810407797,0.0181400249855398,0.0,0.0,0.2727272727272727,0.0,5,2024-01-13,1,0.2213517930727536,0.1043528746012196,1,0,0,1
1,2,0.5812602633092605,0.4728125510397916,0.527036407174526,0.1084477122694688,0.6072387629243967,0.0869478498038505,0.3728861144667388,0.0925563969071975,0.2539620438673278,0.1818181818181818,0.0,2.363636363636364,0.6363636363636364,6,2024-01-14,1,0.0864839274507472,0.1043528746012196,1,0,0,1
1,2,0.5030863191007838,0.393389245742545,0.4482377824216644,0.1096970733582388,0.5252090124030193,0.0869478498038505,0.3728861144667388,0.0925563969071975,0.2539620438673278,0.1818181818181818,0.0,2.363636363636364,0.6363636363636364,7,2024-01-15,1,0.1785526746979334,0.1043528746012196,1,0,0,1
0,2,0.5362690571197782,0.4942335841607786,0.5152513206402785,0.0420354729589996,0.5969161362572901,0.0869478498038505,0.3728861144667388,0.0925563969071975,0.2539620438673278,0.1818181818181818,0.0,2.363636363636364,0.6363636363636364,8,2024-01-16,0,0.3746311062467665,0.1043528746012196,1,0,0,1
1,2,0.2486371754032048,0.3953386847460528,0.3219879300746288,0.1467015093428479,0.3896325166462698,0.0869478498038505,0.3728861144667388,0.0925563969071975,0.2539620438673278,0.1818181818181818,0.0,2.363636363636364,0.6363636363636364,9,2024-01-17,1,0.284940546961876,0.1043528746012196,0,0,0,0
1,2,0.5014824760363774,0.4099476773872212,0.4557150767117993,0.0915347986491562,0.538892553910522,0.0869478498038505,0.3728861144667388,0.0925563969071975,0.2539620438673278,0.1818181818181818,0.0,2.363636363636364,0.6363636363636364,10,2024-01-18,1,0.3302041214650048,0.1043528746012196,1,0,0,1
1,2,0.4403433531371286,0.410876269902821,0.4256098115199748,0.0294670832343076,0.5051479244122257,0.0869478498038505,0.3728861144667388,0.0925563969071975,0.2539620438673278,0.1818181818181818,0.0,2.363636363636364,0.6363636363636364,11,2024-01-19,1,0.1224223933795474,0.1043528746012196,1,0,0,1
0,2,0.6273335896792217,0.4877648622893553,0.5575492259842885,0.1395687273898664,0.6593313137610525,0.0869478498038505,0.3728861144667388,0.0925563969071975,0.2539620438673278,0.1818181818181818,0.0,2.363636363636364,0.6363636363636364,12,2024-01-20,0,0.0707149092413386,0.1043528746012196,1,0,0,1
0,2,0.1277149206803444,0.0346810726964932,0.0811979966884188,0.0930338479838511,0.1076443452484069,0.0315542359006207,0.123561148126454,0.0370251672284756,0.0613894374818422,0.0,0.0,6.090909090909091,1.0,13,2024-01-21,0,0.0260847688640152,0.1043528746012196,0,0,0,0
0,2,0.2654141746911614,0.0839652301846838,0.1746897024379226,0.1814489445064775,0.2229107901146866,0.0315542359006207,0.123561148126454,0.0370251672284756,0.0613894374818422,0.0,0.0,6.090909090909091,1.0,14,2024-01-22,0,0.0414317105651199,0.1043528746012196,0,0,0,0
0,2,0.2570203569998892,0.0771324573630553,0.1670764071814723,0.1798878996368338,0.2181905470556874,0.0315542359006207,0.123561148126454,0.0370251672284756,0.0613894374818422,0.0,0.0,6.090909090909091,1.0,15,2024-01-23,0,0.0358509087654596,0.1043528746012196,0,0,0,0
0,2,0.138363389808077,0.0186263823680017,0.0784948860880394,0.1197370074400753,0.1059684166761717,0.0315542359006207,0.123561148126454,0.0370251672284756,0.0613894374818422,0.0,0.0,6.090909090909091,1.0,16,2024-01-24,0,0.0230424610347855,0.1043528746012196,0,0,0,0
0,2,0.2067160943195312,0.0338852469113973,0.1203006706154643,0.1728308474081339,0.1741102253053973,0.0315542359006207,0.123561148126454,0.0370251672284756,0.0613894374818422,0.0,0.0,6.090909090909091,1.0,17,2024-01-25,0,0.1107185321432196,0.1043528746012196,0,0,0,0
0,2,0.1042521102765569,0.0096282354283215,0.0569401728524392,0.0946238748482353,0.0564140182796234,0.0315542359006207,0.123561148126454,0.0370251672284756,0.0613894374818422,0.0,0.0,6.090909090909091,1.0,18,2024-01-26,0,0.0139598399759602,0.1043528746012196,0,0,0,0
0,2,0.0826317804307407,0.0090835268827641,0.0458576536567524,0.0735482535479765,0.0314476182830595,0.0315542359006207,0.123561148126454,0.0370251672284756,0.0613894374818422,0.0,0.0,6.090909090909091,1.0,19,2024-01-27,0,0.0475135339132831,0.1043528746012196,0,0,0,0
0,2,0.1802652812239011,0.0273429532578088,0.1038041172408549,0.1529223279660923,0.1548347431655205,0.0166149827152612,0.0616594703618386,0.0210499586410353,0.0344029751334316,0.0,0.0,5.454545454545454,1.0,20,2024-01-28,0,0.0178704139609463,0.1043528746012196,0,0,0,0
0,2,0.1935900056538836,0.0273429532578088,0.1104664794558462,0.1662470523960748,0.1680130267864342,0.0166149827152612,0.0616594703618386,0.0210499586410353,0.0344029751334316,0.0,0.0,5.454545454545454,1.0,21,2024-01-29,0,0.0214707141113119,0.1043528746012196,0,0,0,0
1,2,0.2214907528144751,0.0373631319251636,0.1294269423698194,0.1841276208893114,0.2008796249042087,0.0166149827152612,0.0616594703618386,0.0210499586410353,0.0344029751334316,0.0,0.0,5.454545454545454,1.0,22,2024-01-30,1,0.0305630381349485,0.1043528746012196,0,0,0,0
0,2,0.3219579346272778,0.0380859459299054,0.1800219402785916,0.2838719886973723,0.2533596347187585,0.0166149827152612,0.0616594703618386,0.0210499586410353,0.0344029751334316,0.0,0.0,5.454545454545454,1.0,23,2024-01-31,0,0.0600773896842848,0.1043528746012196,0,0,0,0
0,2,0.3330251944246402,0.0914221006645796,0.2122236475446099,0.2416030937600606,0.300467550366547,0.0166149827152612,0.0616594703618386,0.0210499586410353,0.0344029751334316,0.0,0.0,5.454545454545454,1.0,24,2024-02-01,0,0.0538139506964922,0.1043528746012196,0,0,0,0
0,2,0.4363498199204028,0.1476068602635829,0.2919783400919928,0.2887429596568198,0.3951535549840197,0.0166149827152612,0.0616594703618386,0.0210499586410353,0.0344029751334316,0.0,0.0,5.454545454545454,1.0,25,2024-02-02,0,0.055606910467978,0.1043528746012196,0,0,0,0
0,2,0.3809804705923555,0.1263911597214263,0.2536858151568909,0.2545893108709292,0.3412534593655263,0.0166149827152612,0.0616594703618386,0.0210499586410353,0.0344029751334316,0.0,0.0,5.454545454545454,1.0,26,2024-02-03,0,0.0245271194269257,0.1043528746012196,0,0,0,0
0,2,0.8028915439146591,0.4592928987743573,0.6310922213445083,0.3435986451403017,0.753181939138357,0.0096407918475997,0.0238486150286186,0.0118877099167312,0.0164493087343,0.0,0.0,0.5454545454545454,0.0,27,2024-02-04,0,0.2131451152367312,0.1043528746012196,1,0,0,1
0,2,0.7711182902824245,0.482777222576277,0.6269477564293507,0.2883410677061475,0.7475964978750863,0.0096407918475997,0.0238486150286186,0.0118877099167312,0.0164493087343,0.0,0.0,0.5454545454545454,0.0,28,2024-02-05,0,0.3959259377905725,0.1043528746012196,1,0,0,1
0,2,0.8441254733279275,0.5117343133204004,0.677929893324164,0.3323911600075271,0.7822212957657435,0.0096407918475997,0.0238486150286186,0.0118877099167312,0.0164493087343,0.0,0.0,0.5454545454545454,0.0,29,2024-02-06,0,0.4387643150560033,0.1043528746012196,1,0,0,1
0,2,0.8042011067949716,0.4809051443548861,0.6425531255749288,0.3232959624400854,0.7572718267453448,0.0096407918475997,0.0238486150286186,0.0118877099167312,0.0164493087343,0.0,0.0,0.5454545454545454,0.0,30,2024-02-07,0,0.3461481784000173,0.1043528746012196,1,0,0,1
0,2,0.8388752503825447,0.5438181503281831,0.6913467003553639,0.2950571000543616,0.7905397161250876,0.0096407918475997,0.0238486150286186,0.0118877099167312,0.0164493087343,0.0,0.0,0.5454545454545454,0.0,31,2024-02-08,0,0.7404019877243074,0.1043528746012196,1,0,0,1
0,2,0.8085061618256474,0.5412170001642269,0.6748615809949372,0.2672891616614204,0.774287196089877,0.0096407918475997,0.0238486150286186,0.0118877099167312,0.0164493087343,0.0,0.0,0.5454545454545454,0.0,32,2024-02-09,0,0.7028869056991633,0.1043528746012196,1,0,0,1
0,2,0.8010263462907777,0.5094193261025534,0.6552228361966655,0.2916070201882244,0.7590953012990755,0.0096407918475997,0.0238486150286186,0.0118877099167312,0.0164493087343,0.0,0.0,0.5454545454545454,0.0,33,2024-02-10,0,0.5103571850098932,0.1043528746012196,1,0,0,1
0,2,0.6828837542671943,0.6066746243755827,0.6447791893213886,0.0762091298916115,0.7496043672205308,0.0368339322887805,0.1092538699064417,0.0411721394474678,0.0904877948162671,0.0,0.0,0.2727272727272727,0.0,34,2024-02-11,0,0.3892822979315257,0.1043528746012196,0,0,0,0
0,2,0.7259753787697353,0.6081187893614907,0.667047084065613,0.1178565894082446,0.7664263349778229,0.0368339322887805,0.1092538699064417,0.0411721394474678,0.0904877948162671,0.0,0.0,0.2727272727272727,0.0,35,2024-02-12,0,0.2934833408803324,0.1043528746012196,0,0,0,0
0,2,0.3746236149275128,0.5557644184271155,0.4651940166773142,0.1811408034996027,0.5839758458954903,0.0368339322887805,0.1092538699064417,0.0411721394474678,0.0904877948162671,0.0,0.0,0.2727272727272727,0.0,36,2024-02-13,0,0.1984869317186438,0.1043528746012196,0,0,0,0
0,2,0.5950532367931867,0.5954282991922235,0.5952407679927051,0.0003750623990368,0.7038111809173819,0.0368339322887805,0.1092538699064417,0.0411721394474678,0.0904877948162671,0.0,0.0,0.2727272727272727,0.0,37,2024-02-14,0,0.3085820865052715,0.1043528746012196,0,0,0,0
0,2,0.7960204165999917,0.6236890444790534,0.7098547305395225,0.1723313721209383,0.8020146948392659,0.0368339322887805,0.1092538699064417,0.0411721394474678,0.0904877948162671,0.0,0.0,0.2727272727272727,0.0,38,2024-02-15,0,0.3701790196452297,0.1043528746012196,1,0,0,1
0,2,0.6092898670924916,0.576719366277631,0.5930046166850613,0.0325705008148605,0.6963930210748968,0.0368339322887805,0.1092538699064417,0.0411721394474678,0.0904877948162671,0.0,0.0,0.2727272727272727,0.0,39,2024-02-16,0,0.3859263185616727,0.1043528746012196,0,0,0,0
0,2,0.65224741172896,0.5937033106705619,0.6229753611997609,0.058544101058398,0.7179907556898835,0.0368339322887805,0.1092538699064417,0.0411721394474678,0.0904877948162671,0.0,0.0,0.2727272727272727,0.0,40,2024-02-17,0,0.2670697277661039,0.1043528746012196,0,0,0,0
0,2,0.5635150828444697,0.3460880619749235,0.4548015724096966,0.2174270208695462,0.5594372923543294,0.0941451636473873,0.3015383898418529,0.1024634272134452,0.2878006729470495,0.1818181818181818,0.0,2.727272727272727,1.0,41,2024-02-18,0,0.1203926684114048,0.1043528746012196,1,0,0,1
0,2,0.623817440066289,0.3816615383171496,0.5027394891917193,0.2421559017491394,0.6042381658385485,0.0941451636473873,0.3015383898418529,0.1024634272134452,0.2878006729470495,0.1818181818181818,0.0,2.727272727272727,1.0,42,2024-02-19,0,0.1144029437577816,0.1043528746012196,1,0,0,1
0,2,0.7445131100669631,0.3765092978847688,0.560511203975866,0.3680038121821943,0.6702153591634497,0.0941451636473873,0.3015383898418529,0.1024634272134452,0.2878006729470495,0.1818181818181818,0.0,2.727272727272727,1.0,43,2024-02-20,0,0.2823426322423195,0.1043528746012196,1,0,0,1
0,2,0.4592110588162057,0.2728782949383908,0.3660446768772982,0.1863327638778149,0.4621857949020201,0.0941451636473873,0.3015383898418529,0.1024634272134452,0.2878006729470495,0.1818181818181818,0.0,2.727272727272727,1.0,44,2024-02-21,0,0.2176390926910477,0.1043528746012196,1,0,0,1
0,2,0.5665319168871672,0.3375250509496295,0.4520284839183983,0.2290068659375377,0.5456544854262324,0.0941451636473873,0.3015383898418529,0.1024634272134452,0.2878006729470495,0.1818181818181818,0.0,2.727272727272727,1.0,45,2024-02-22,0,0.226382664148201,0.1043528746012196,1,0,0,1
0,2,0.3891357357525762,0.2284535686441481,0.3087946521983622,0.1606821671084281,0.4025637954740957,0.0941451636473873,0.3015383898418529,0.1024634272134452,0.2878006729470495,0.1818181818181818,0.0,2.727272727272727,1.0,46,2024-02-23,0,0.2170948107345012,0.1043528746012196,0,0,0,0
0,2,0.1858071982010575,0.1148371487153474,0.1503221734582025,0.07097004948571,0.2108187951631331,0.0941451636473873,0.3015383898418529,0.1024634272134452,0.2878006729470495,0.1818181818181818,0.0,2.727272727272727,1.0,47,2024-02-24,0,0.0800443330966977,0.1043528746012196,0,0,0,0
0,2,0.0209478036429109,0.0129343690292699,0.0169410863360904,0.0080134346136409,0.010503473528376,0.0203433005981751,0.0598827292234327,0.0214814121486218,0.0385101233710368,0.0,0.0,3.363636363636364,0.9090909090909092,48,2024-02-25,0,0.0100492387317852,0.1043528746012196,0,0,0,0
0,2,0.0173467053967842,0.0094540855647035,0.0134003954807438,0.0078926198320806,0.0083082451980612,0.0203433005981751,0.0598827292234327,0.0214814121486218,0.0385101233710368,0.0,0.0,3.363636363636364,0.9090909090909092,49,2024-02-26,0,0.0096674024765272,0.1043528746012196,0,0,0,0
0,2,0.0164523387487844,0.0091645142027254,0.0128084264757549,0.007287824546059,0.007941224414968,0.0203433005981751,0.0598827292234327,0.0214814121486218,0.0385101233710368,0.0,0.0,3.363636363636364,0.9090909090909092,50,2024-02-27,0,0.0338140683690986,0.1043528746012196,0,0,0,0
0,2,0.0190506081520159,0.0124401412444234,0.0157453746982196,0.0066104669075924,0.0157938783446422,0.0203433005981751,0.0598827292234327,0.0214814121486218,0.0385101233710368,0.0,0.0,3.363636363636364,0.9090909090909092,51,2024-02-28,0,0.0199920472166803,0.1043528746012196,0,0,0,0
0,2,0.0197622620503877,0.0083024904540807,0.0140323762522342,0.011459771596307,0.0147318193081312,0.0203433005981751,0.0598827292234327,0.0214814121486218,0.0385101233710368,0.0,0.0,3.363636363636364,0.9090909090909092,52,2024-02-29,0,0.0655799758719475,0.1043528746012196,0,0,0,0
0,2,0.0604351401829993,0.0744498162356632,0.0674424782093313,0.0140146760526638,0.1202270349024838,0.0203433005981751,0.0598827292234327,0.0214814121486218,0.0385101233710368,0.0,0.0,3.363636363636364,0.9090909090909092,53,2024-03-01,0,0.050385102886012,0.1043528746012196,0,0,0,0
0,2,0.0819058846500789,0.082453493560416,0.0821796891052475,0.000547608910337,0.1384117247055709,0.0203433005981751,0.0598827292234327,0.0214814121486218,0.0385101233710368,0.0,0.0,3.363636363636364,0.9090909090909092,54,2024-03-02,0,0.1105060842050652,0.1043528746012196,0,0,0,0
0,2,0.7293111413190682,0.4911158937876113,0.6102135175533397,0.2381952475314568,0.7070625396132294,0.0318416125212169,0.0528185733551628,0.0425301729715891,0.0524967041730907,0.0,0.0,0.2727272727272727,0.0,55,2024-03-03,0,0.2688947346193124,0.1043528746012196,0,0,0,0
0,2,0.6710726645140651,0.4745983740619937,0.5728355192880294,0.1964742904520714,0.6748405616411179,0.0318416125212169,0.0528185733551628,0.0425301729715891,0.0524967041730907,0.0,0.0,0.2727272727272727,0.0,56,2024-03-04,0,0.2790451948613892,0.1043528746012196,0,0,0,0
0,2,0.7565259495205986,0.5228576625939795,0.639691806057289,0.2336682869266191,0.734386697533297,0.0318416125212169,0.0528185733551628,0.0425301729715891,0.0524967041730907,0.0,0.0,0.2727272727272727,0.0,57,2024-03-05,0,0.3634758840891243,0.1043528746012196,0,0,0,0
0,2,0.6747568772861232,0.4909473067624161,0.5828520920242697,0.183809570523707,0.6780349637217139,0.0318416125212169,0.0528185733551628,0.0425301729715891,0.0524967041730907,0.0,0.0,0.2727272727272727,0.0,58,2024-03-06,0,0.2681894448421392,0.1043528746012196,0,0,0,0
0,2,0.793047796256793,0.5333860370407834,0.6632169166487882,0.2596617592160096,0.7580198851476455,0.0318416125212169,0.0528185733551628,0.0425301729715891,0.0524967041730907,0.0,0.0,0.2727272727272727,0.0,59,2024-03-07,0,0.4753050340480807,0.1043528746012196,0,0,0,0
0,2,0.6365203089338038,0.4231183411462275,0.5298193250400156,0.2134019677875763,0.6149959180327462,0.0318416125212169,0.0528185733551628,0.0425301729715891,0.0524967041730907,0.0,0.0,0.2727272727272727,0.0,60,2024-03-08,0,0.1746840945677152,0.1043528746012196,0,0,0,0
1,2,0.6953858514254015,0.483562609096184,0.5894742302607928,0.2118232423292175,0.6791248164124852,0.0318416125212169,0.0528185733551628,0.0425301729715891,0.0524967041730907,0.0,0.0,0.2727272727272727,0.0,61,2024-03-09,1,0.3200484375229516,0.1043528746012196,0,0,0,0
1,2,0.8509622080801521,0.6166324901209117,0.7337973491005318,0.2343297179592404,0.8168591183470917,0.1033264933103319,0.1835337584900395,0.1135741373888142,0.1209145275135281,0.0,0.0,0.2727272727272727,0.0,62,2024-03-10,1,0.5584927951481795,0.1043528746012196,1,0,0,1
1,2,0.9136788609046304,0.6462659523488757,0.779972406626753,0.2674129085557546,0.8575511460768408,0.1033264933103319,0.1835337584900395,0.1135741373888142,0.1209145275135281,0.0,0.0,0.2727272727272727,0.0,63,2024-03-11,1,0.8027207931163163,0.1043528746012196,1,0,0,1
1,2,0.9364685721190176,0.6614904308678055,0.7989795014934115,0.274978141251212,0.8693355448941691,0.1033264933103319,0.1835337584900395,0.1135741373888142,0.1209145275135281,0.0,0.0,0.2727272727272727,0.0,64,2024-03-12,1,0.8315273815726714,0.1043528746012196,1,0,0,1
1,2,0.9067924501252826,0.6332163156857143,0.7700043829054986,0.2735761344395683,0.839307479306171,0.1033264933103319,0.1835337584900395,0.1135741373888142,0.1209145275135281,0.0,0.0,0.2727272727272727,0.0,65,2024-03-13,1,0.6338256644519228,0.1043528746012196,1,0,0,1
1,2,0.94804601665515,0.639451737156572,0.7937488769058609,0.308594279498578,0.8630766846340148,0.1033264933103319,0.1835337584900395,0.1135741373888142,0.1209145275135281,0.0,0.0,0.2727272727272727,0.0,66,2024-03-14,1,0.5894144661433554,0.1043528746012196,1,0,0,1
1,2,0.8776507139081318,0.6276546458315868,0.7526526798698593,0.2499960680765449,0.8164859313605826,0.1033264933103319,0.1835337584900395,0.1135741373888142,0.1209145275135281,0.0,0.0,0.2727272727272727,0.0,67,2024-03-15,1,0.3456116063133865,0.1043528746012196,1,0,0,1
1,2,0.8604264139653567,0.6100239531868359,0.7352251835760963,0.2504024607785208,0.8026650106425766,0.1033264933103319,0.1835337584900395,0.1135741373888142,0.1209145275135281,0.0,0.0,0.2727272727272727,0.0,68,2024-03-16,1,0.2758686428354734,0.1043528746012196,1,0,0,1
0,2,0.1941607083633255,0.1975181454020558,0.1958394268826906,0.0033574370387303,0.2571347303815539,0.3760591816981873,0.5883621986108304,0.4842284287413048,0.5235143671438834,0.7272727272727273,0.2727272727272727,5.818181818181818,1.0,69,2024-03-17,0,0.1166460553576,0.1043528746012196,0,0,0,0
0,2,0.3557889140092424,0.3206272809594284,0.3382080974843354,0.035161633049814,0.408736639487907,0.3760591816981873,0.5883621986108304,0.4842284287413048,0.5235143671438834,0.7272727272727273,0.2727272727272727,5.818181818181818,1.0,70,2024-03-18,0,0.1489841567678291,0.1043528746012196,0,0,0,0
0,2,0.2582601378698149,0.183109441279891,0.220684789574853,0.0751506965899238,0.2846023473141866,0.3760591816981873,0.5883621986108304,0.4842284287413048,0.5235143671438834,0.7272727272727273,0.2727272727272727,5.818181818181818,1.0,71,2024-03-19,0,0.0238629570335968,0.1043528746012196,0,0,0,0
0,2,0.2436335570833814,0.2072220168358145,0.225427786959598,0.0364115402475669,0.2905588787086015,0.3760591816981873,0.5883621986108304,0.4842284287413048,0.5235143671438834,0.7272727272727273,0.2727272727272727,5.818181818181818,1.0,72,2024-03-20,0,0.0823850998715155,0.1043528746012196,0,0,0,0
0,2,0.1709957688693458,0.1787928451545784,0.1748943070119621,0.0077970762852325,0.2260535179664641,0.3760591816981873,0.5883621986108304,0.4842284287413048,0.5235143671438834,0.7272727272727273,0.2727272727272727,5.818181818181818,1.0,73,2024-03-21,0,0.0325739951984424,0.1043528746012196,0,0,0,0
0,2,0.1802939047101001,0.1955429647479285,0.1879184347290143,0.0152490600378284,0.2401602231827825,0.3760591816981873,0.5883621986108304,0.4842284287413048,0.5235143671438834,0.7272727272727273,0.2727272727272727,5.818181818181818,1.0,74,2024-03-22,0,0.0477129166647333,0.1043528746012196,0,0,0,0
0,2,0.2412059838573836,0.1876095848904921,0.2144077843739379,0.0535963989668915,0.2867423501213653,0.3760591816981873,0.5883621986108304,0.4842284287413048,0.5235143671438834,0.7272727272727273,0.2727272727272727,5.818181818181818,1.0,75,2024-03-23,0,0.0485510884279751,0.1043528746012196,0,0,0,0
0,2,0.0323208893538703,0.0144122001563519,0.0233665447551111,0.0179086891975184,0.0295666228275339,0.0570455697927791,0.1312541716618993,0.0583642806098991,0.0951693555397479,0.0,0.0,6.181818181818182,1.0,76,2024-03-24,0,0.0524802069535842,0.1043528746012196,0,0,0,0
0,2,0.0317207135397195,0.0142561223765634,0.0229884179581415,0.017464591163156,0.0293321842134128,0.0570455697927791,0.1312541716618993,0.0583642806098991,0.0951693555397479,0.0,0.0,6.181818181818182,1.0,77,2024-03-25,0,0.0400612065127634,0.1043528746012196,0,0,0,0
0,2,0.0213601473035243,0.0055682683045984,0.0134642078040614,0.0157918789989258,0.0143795548702641,0.0570455697927791,0.1312541716618993,0.0583642806098991,0.0951693555397479,0.0,0.0,6.181818181818182,1.0,78,2024-03-26,0,0.0186034027227564,0.1043528746012196,0,0,0,0
0,2,0.0197254459898477,0.0057608734297978,0.0127431597098227,0.0139645725600498,0.0079007590200901,0.0570455697927791,0.1312541716618993,0.0583642806098991,0.0951693555397479,0.0,0.0,6.181818181818182,1.0,79,2024-03-27,0,0.0109427034282284,0.1043528746012196,0,0,0,0
0,2,0.0180934260185291,0.0045572552851584,0.0113253406518438,0.0135361707333706,0.0070217112041431,0.0570455697927791,0.1312541716618993,0.0583642806098991,0.0951693555397479,0.0,0.0,6.181818181818182,1.0,80,2024-03-28,0,0.0404036806944727,0.1043528746012196,0,0,0,0
0,2,0.0205817779024623,0.0042402999930462,0.0124110389477543,0.016341477909416,0.0107107171634806,0.0570455697927791,0.1312541716618993,0.0583642806098991,0.0951693555397479,0.0,0.0,6.181818181818182,1.0,81,2024-03-29,0,0.0170343377744019,0.1043528746012196,0,0,0,0
0,2,0.0340847513407398,0.0149476362934235,0.0245161938170817,0.0191371150473162,0.0483746433411938,0.0570455697927791,0.1312541716618993,0.0583642806098991,0.0951693555397479,0.0,0.0,6.181818181818182,1.0,82,2024-03-30,0,0.0604659345287974,0.1043528746012196,0,0,0,0
0,2,0.1058417127260121,0.0920686729794707,0.0989551928527414,0.0137730397465414,0.1729395211560013,0.0443159967354414,0.0890988084818719,0.0446012791502325,0.0537928846748112,0.0,0.0,2.1818181818181817,0.6363636363636364,83,2024-03-31,0,0.0491863501796439,0.1043528746012196,0,0,0,0
0,3,0.8174099997718058,0.5183733973886395,0.6678916985802227,0.2990366023831663,0.7428230118498969,0.3361837851285,0.5829638854779247,0.3559831925540553,0.4293686939093646,0.9090909090909092,0.0909090909090909,0.4545454545454545,0.0,0,2024-04-08,0,0.7068245547803782,0.2666981021800991,1,0,0,1
0,3,0.8174099997718061,0.5233824566151846,0.6703962281934953,0.2940275431566215,0.7443758202101258,0.3361837851285,0.5829638854779247,0.3559831925540553,0.4293686939093646,0.9090909090909092,0.0909090909090909,0.4545454545454545,0.0,1,2024-04-09,0,0.3926352770911866,0.2666981021800991,1,0,0,1
1,3,0.8174099997718061,0.5115694301848467,0.6644897149783264,0.3058405695869594,0.7316661629691021,0.3361837851285,0.5829638854779247,0.3559831925540553,0.4293686939093646,0.9090909090909092,0.0909090909090909,0.4545454545454545,0.0,2,2024-04-10,1,0.6257788054274829,0.2666981021800991,1,0,0,1
1,3,0.8174099997718057,0.5262641917456061,0.6718370957587059,0.2911458080261996,0.7452691581005564,0.3361837851285,0.5829638854779247,0.3559831925540553,0.4293686939093646,0.9090909090909092,0.0909090909090909,0.4545454545454545,0.0,3,2024-04-11,1,0.740003539311856,0.2666981021800991,1,0,0,1
0,3,0.8174099997718061,0.5194188715991725,0.6684144356854893,0.2979911281726335,0.737115362823416,0.3361837851285,0.5829638854779247,0.3559831925540553,0.4293686939093646,0.9090909090909092,0.0909090909090909,0.4545454545454545,0.0,4,2024-04-12,0,0.6741796383941917,0.2666981021800991,1,0,0,1
1,3,0.8174099997718058,0.5115694301848467,0.6644897149783262,0.3058405695869591,0.722618543921483,0.3361837851285,0.5829638854779247,0.3559831925540553,0.4293686939093646,0.9090909090909092,0.0909090909090909,0.4545454545454545,0.0,5,2024-04-13,1,0.4059497128627229,0.2666981021800991,1,0,0,1
1,3,0.5391292067585186,0.2461746733120996,0.3926519400353091,0.292954533446419,0.4274124567901456,0.5524281830922528,0.8240894810241818,0.6966407066073046,0.7782023547916227,0.9090909090909092,0.5454545454545454,3.1818181818181817,1.0,6,2024-04-14,1,0.0978080330067843,0.2666981021800991,1,0,0,1
1,3,0.5391292067585182,0.249282511981482,0.3942058593700001,0.2898466947770362,0.428375886777654,0.5524281830922528,0.8240894810241818,0.6966407066073046,0.7782023547916227,0.9090909090909092,0.5454545454545454,3.1818181818181817,1.0,7,2024-04-15,1,0.1119909108132635,0.2666981021800991,1,0,0,1
1,3,0.5391292067585179,0.2458771855904181,0.392503196174468,0.2932520211680998,0.4212884895646781,0.5524281830922528,0.8240894810241818,0.6966407066073046,0.7782023547916227,0.9090909090909092,0.5454545454545454,3.1818181818181817,1.0,8,2024-04-16,1,0.0822650613052419,0.2666981021800991,1,0,0,1
1,3,0.5391292067585179,0.2456149803149606,0.3923720935367393,0.2935142264435573,0.4181913329134132,0.5524281830922528,0.8240894810241818,0.6966407066073046,0.7782023547916227,0.9090909090909092,0.5454545454545454,3.1818181818181817,1.0,9,2024-04-17,1,0.2915971491400486,0.2666981021800991,1,0,0,1
1,3,0.5391292067585182,0.2936809164816266,0.4164050616200724,0.2454482902768915,0.4451552651885718,0.5524281830922528,0.8240894810241818,0.6966407066073046,0.7782023547916227,0.9090909090909092,0.5454545454545454,3.1818181818181817,1.0,10,2024-04-18,1,0.4050662218258202,0.2666981021800991,1,0,0,1
1,3,0.5391292067585179,0.2632721326650264,0.4012006697117722,0.2758570740934914,0.4296967961736797,0.5524281830922528,0.8240894810241818,0.6966407066073046,0.7782023547916227,0.9090909090909092,0.5454545454545454,3.1818181818181817,1.0,11,2024-04-19,1,0.154725524889502,0.2666981021800991,1,0,0,1
1,3,0.5391292067585182,0.2486792991094439,0.393904252933981,0.2904499076490742,0.4191412717397031,0.5524281830922528,0.8240894810241818,0.6966407066073046,0.7782023547916227,0.9090909090909092,0.5454545454545454,3.1818181818181817,1.0,12,2024-04-20,1,0.2957463691532263,0.2666981021800991,1,0,0,1
0,3,0.1740679760821805,0.1149613405070628,0.1445146582946216,0.0591066355751176,0.1800752786188559,0.3487899767156552,0.8469537633976527,0.3871909357349078,0.6130088549683413,0.5454545454545454,0.1818181818181818,5.181818181818182,1.0,13,2024-04-21,0,0.0448525729675735,0.2666981021800991,0,0,0,0
0,3,0.1740679760821806,0.1175698304982825,0.1458189032902316,0.0564981455838981,0.1838997835320071,0.3487899767156552,0.8469537633976527,0.3871909357349078,0.6130088549683413,0.5454545454545454,0.1818181818181818,5.181818181818182,1.0,14,2024-04-22,0,0.0656992577169483,0.2666981021800991,0,0,0,0
0,3,0.1740679760821807,0.136650482379843,0.1553592292310119,0.0374174937023376,0.1958465316470369,0.3487899767156552,0.8469537633976527,0.3871909357349078,0.6130088549683413,0.5454545454545454,0.1818181818181818,5.181818181818182,1.0,15,2024-04-23,0,0.0628017937053657,0.2666981021800991,0,0,0,0
0,3,0.1279862662481226,0.1408449841062301,0.1344156251771764,0.0128587178581075,0.1738138780860398,0.3487899767156552,0.8469537633976527,0.3871909357349078,0.6130088549683413,0.5454545454545454,0.1818181818181818,5.181818181818182,1.0,16,2024-04-24,0,0.0131072941948108,0.2666981021800991,0,0,0,0
0,3,0.1279862662481226,0.1165148487113942,0.1222505574797584,0.0114714175367284,0.1632556630977677,0.3487899767156552,0.8469537633976527,0.3871909357349078,0.6130088549683413,0.5454545454545454,0.1818181818181818,5.181818181818182,1.0,17,2024-04-25,0,0.0209735229935609,0.2666981021800991,0,0,0,0
0,3,0.1279862662481226,0.1370871576297836,0.1325367119389531,0.0091008913816609,0.1756648248942144,0.3487899767156552,0.8469537633976527,0.3871909357349078,0.6130088549683413,0.5454545454545454,0.1818181818181818,5.181818181818182,1.0,18,2024-04-26,0,0.0579493940828919,0.2666981021800991,0,0,0,0
0,3,0.1279862662481226,0.1165148487113942,0.1222505574797584,0.0114714175367284,0.1647635996057042,0.3487899767156552,0.8469537633976527,0.3871909357349078,0.6130088549683413,0.5454545454545454,0.1818181818181818,5.181818181818182,1.0,19,2024-04-27,0,0.0688332360512314,0.2666981021800991,0,0,0,0
0,3,0.0502290085188074,0.1698455420689701,0.1100372752938887,0.1196165335501627,0.1496516821107824,0.1658933235063506,0.6271110221412775,0.1303029663597174,0.2448564873426327,0.0909090909090909,0.0909090909090909,4.181818181818182,0.9090909090909092,20,2024-04-28,0,0.021301905187764,0.2666981021800991,0,0,0,0
0,3,0.0502290085188074,0.1812051462252648,0.1157170773720361,0.1309761377064574,0.1592049054309798,0.1658933235063506,0.6271110221412775,0.1303029663597174,0.2448564873426327,0.0909090909090909,0.0909090909090909,4.181818181818182,0.9090909090909092,21,2024-04-29,0,0.0329270257115184,0.2666981021800991,0,0,0,0
0,3,0.0502290085188073,0.1867922512622794,0.1185106298905434,0.1365632427434721,0.1639527810083274,0.1658933235063506,0.6271110221412775,0.1303029663597174,0.2448564873426327,0.0909090909090909,0.0909090909090909,4.181818181818182,0.9090909090909092,22,2024-04-30,0,0.0401177004600859,0.2666981021800991,0,0,0,0
0,3,0.0705800897347701,0.1422026093114596,0.1063913495231148,0.0716225195766895,0.1473912081329026,0.1658933235063506,0.6271110221412775,0.1303029663597174,0.2448564873426327,0.0909090909090909,0.0909090909090909,4.181818181818182,0.9090909090909092,23,2024-05-01,0,0.0140522293550268,0.2666981021800991,0,0,0,0
0,3,0.0705800897347699,0.174264135857049,0.1224221127959094,0.103684046122279,0.1814572654890194,0.1658933235063506,0.6271110221412775,0.1303029663597174,0.2448564873426327,0.0909090909090909,0.0909090909090909,4.181818181818182,0.9090909090909092,24,2024-05-02,0,0.02422204985913,0.2666981021800991,0,0,0,0
0,3,0.0705800897347699,0.174264135857049,0.1224221127959094,0.1036840461222791,0.1814572654890194,0.1658933235063506,0.6271110221412775,0.1303029663597174,0.2448564873426327,0.0909090909090909,0.0909090909090909,4.181818181818182,0.9090909090909092,25,2024-05-03,0,0.0526662190493728,0.2666981021800991,0,0,0,0
0,3,0.0705800897347699,0.1534151602027505,0.1119976249687602,0.0828350704679805,0.1599147179568218,0.1658933235063506,0.6271110221412775,0.1303029663597174,0.2448564873426327,0.0909090909090909,0.0909090909090909,4.181818181818182,0.9090909090909092,26,2024-05-04,0,0.0810021373225127,0.2666981021800991,0,0,0,0
0,3,0.6373782700731825,0.3510547416406123,0.4942165058568973,0.2863235284325702,0.5537158209328636,0.1455320504735239,0.2531960888637083,0.1419995784338329,0.1942265008761484,0.0909090909090909,0.0,0.4545454545454545,0.0909090909090909,27,2024-05-05,0,0.2773499839990487,0.2666981021800991,0,0,0,0
0,3,0.6373782700731822,0.3483499317139645,0.4928641008935733,0.2890283383592176,0.5498614568397298,0.1455320504735239,0.2531960888637083,0.1419995784338329,0.1942265008761484,0.0909090909090909,0.0,0.4545454545454545,0.0909090909090909,28,2024-05-06,0,0.164940424649832,0.2666981021800991,0,0,0,0
0,3,0.6373782700731827,0.3607905254624715,0.4990843977678271,0.2765877446107112,0.5567339139176402,0.1455320504735239,0.2531960888637083,0.1419995784338329,0.1942265008761484,0.0909090909090909,0.0,0.4545454545454545,0.0909090909090909,29,2024-05-07,0,0.2552093902851765,0.2666981021800991,0,0,0,0
0,3,0.6373782700731825,0.3497744728367547,0.4935763714549686,0.2876037972364277,0.5472871915719217,0.1455320504735239,0.2531960888637083,0.1419995784338329,0.1942265008761484,0.0909090909090909,0.0,0.4545454545454545,0.0909090909090909,30,2024-05-08,0,0.215754249301398,0.2666981021800991,0,0,0,0
0,3,0.6373782700731825,0.3480183012213924,0.4926982856472874,0.28935996885179,0.5407110323394135,0.1455320504735239,0.2531960888637083,0.1419995784338329,0.1942265008761484,0.0909090909090909,0.0,0.4545454545454545,0.0909090909090909,31,2024-05-09,0,0.2336151987659901,0.2666981021800991,0,0,0,0
0,3,0.6373782700731827,0.3366372910216447,0.4870077805474137,0.3007409790515379,0.5341670461616188,0.1455320504735239,0.2531960888637083,0.1419995784338329,0.1942265008761484,0.0909090909090909,0.0,0.4545454545454545,0.0909090909090909,32,2024-05-10,0,0.2096752857404723,0.2666981021800991,0,0,0,0
0,3,0.6373782700731825,0.3471007341729014,0.4922395021230419,0.290277535900281,0.5374107135385082,0.1455320504735239,0.2531960888637083,0.1419995784338329,0.1942265008761484,0.0909090909090909,0.0,0.4545454545454545,0.0909090909090909,33,2024-05-11,0,0.2652451705849113,0.2666981021800991,0,0,0,0
0,3,0.8935512239446222,0.3564628634018369,0.6250070436732296,0.5370883605427852,0.6740123035853388,0.2468510023751307,0.324302046097761,0.26503432660996,0.3039971902617726,0.3636363636363636,0.0,0.5454545454545454,0.0,34,2024-05-12,0,0.5076384185051683,0.2666981021800991,1,0,0,1
0,3,0.8935512239446224,0.3636263044408953,0.6285887641927589,0.529924919503727,0.67924884332332,0.2468510023751307,0.324302046097761,0.26503432660996,0.3039971902617726,0.3636363636363636,0.0,0.5454545454545454,0.0,35,2024-05-13,0,0.1961375107613965,0.2666981021800991,1,0,0,1
0,3,0.8935512239446222,0.3407799962853217,0.617165610114972,0.5527712276593004,0.6601029957316,0.2468510023751307,0.324302046097761,0.26503432660996,0.3039971902617726,0.3636363636363636,0.0,0.5454545454545454,0.0,36,2024-05-14,0,0.1967179623645724,0.2666981021800991,1,0,0,1
0,3,0.8935512239446224,0.3449848704208397,0.619268047182731,0.5485663535237827,0.6614065067136107,0.2468510023751307,0.324302046097761,0.26503432660996,0.3039971902617726,0.3636363636363636,0.0,0.5454545454545454,0.0,37,2024-05-15,0,0.2255143935507145,0.2666981021800991,1,0,0,1
0,3,0.8935512239446222,0.3463013602683319,0.6199262921064771,0.5472498636762901,0.6618146185663333,0.2468510023751307,0.324302046097761,0.26503432660996,0.3039971902617726,0.3636363636363636,0.0,0.5454545454545454,0.0,38,2024-05-16,0,0.2818247780413835,0.2666981021800991,1,0,0,1
1,3,0.8935512239446224,0.3509471581747811,0.6222491910597018,0.5426040657698412,0.6632548159173326,0.2468510023751307,0.324302046097761,0.26503432660996,0.3039971902617726,0.3636363636363636,0.0,0.5454545454545454,0.0,39,2024-05-17,1,0.3609593321449503,0.2666981021800991,1,0,0,1
0,3,0.8935512239446222,0.373913928298919,0.6337325761217706,0.5196372956457032,0.6854538797351803,0.2468510023751307,0.324302046097761,0.26503432660996,0.3039971902617726,0.3636363636363636,0.0,0.5454545454545454,0.0,40,2024-05-18,0,0.2257610902518737,0.2666981021800991,1,0,0,1
0,3,0.3417252475378144,0.1607683462020801,0.2512467968699473,0.1809569013357343,0.300534918821272,0.235463680117689,0.6097836222883085,0.2764441954131449,0.3928841964609412,0.3636363636363636,0.0909090909090909,3.272727272727273,0.9090909090909092,41,2024-05-19,0,0.1235469716697641,0.2666981021800991,0,0,0,0
0,3,0.3417252475378143,0.1506505873250406,0.2461879174314274,0.1910746602127737,0.2973984135693898,0.235463680117689,0.6097836222883085,0.2764441954131449,0.3928841964609412,0.3636363636363636,0.0909090909090909,3.272727272727273,0.9090909090909092,42,2024-05-20,0,0.2563338227636508,0.2666981021800991,0,0,0,0
0,3,0.3417252475378146,0.1347323902265544,0.2382288188821845,0.2069928573112602,0.2924637724688591,0.235463680117689,0.6097836222883085,0.2764441954131449,0.3928841964609412,0.3636363636363636,0.0909090909090909,3.272727272727273,0.9090909090909092,43,2024-05-21,0,0.1258609774146213,0.2666981021800991,0,0,0,0
0,3,0.3417252475378143,0.1347323902265544,0.2382288188821844,0.2069928573112599,0.2924637724688591,0.235463680117689,0.6097836222883085,0.2764441954131449,0.3928841964609412,0.3636363636363636,0.0909090909090909,3.272727272727273,0.9090909090909092,44,2024-05-22,0,0.3849036735039776,0.2666981021800991,0,0,0,0
0,3,0.3417252475378147,0.1541640914438656,0.2479446694908402,0.1875611560939491,0.3075352188938447,0.235463680117689,0.6097836222883085,0.2764441954131449,0.3928841964609412,0.3636363636363636,0.0909090909090909,3.272727272727273,0.9090909090909092,45,2024-05-23,0,0.3164421192324322,0.2666981021800991,0,0,0,0
0,3,0.2655281160015404,0.1205458333371501,0.1930369746693452,0.1449822826643902,0.2493654639775337,0.235463680117689,0.6097836222883085,0.2764441954131449,0.3928841964609412,0.3636363636363636,0.0909090909090909,3.272727272727273,0.9090909090909092,46,2024-05-24,0,0.0801147850244317,0.2666981021800991,0,0,0,0
0,3,0.2655281160015409,0.109502176570504,0.1875151462860224,0.1560259394310368,0.2429260573640005,0.235463680117689,0.6097836222883085,0.2764441954131449,0.3928841964609412,0.3636363636363636,0.0909090909090909,3.272727272727273,0.9090909090909092,47,2024-05-25,0,0.0598085047870915,0.2666981021800991,0,0,0,0
0,3,0.0283942789693034,0.0445477723479855,0.0364710256586444,0.0161534933786821,0.0588025120988357,0.0847224909156805,0.1195417608031196,0.1036469942524349,0.1137456332216132,0.0,0.0,6.2727272727272725,1.0,48,2024-05-26,0,0.0229903230072612,0.2666981021800991,0,0,0,0
0,3,0.0283942789693033,0.0426391381649145,0.0355167085671089,0.0142448591956111,0.0582108355020837,0.0847224909156805,0.1195417608031196,0.1036469942524349,0.1137456332216132,0.0,0.0,6.2727272727272725,1.0,49,2024-05-27,0,0.0460305627018346,0.2666981021800991,0,0,0,0
0,3,0.0283942789693033,0.04523980340679,0.0368170411880466,0.0168455244374867,0.0650487877588111,0.0847224909156805,0.1195417608031196,0.1036469942524349,0.1137456332216132,0.0,0.0,6.2727272727272725,1.0,50,2024-05-28,0,0.0936001501373856,0.2666981021800991,0,0,0,0
0,3,0.0283942789693033,0.0568940384757344,0.0426441587225188,0.028499759506431,0.0716774736460569,0.0847224909156805,0.1195417608031196,0.1036469942524349,0.1137456332216132,0.0,0.0,6.2727272727272725,1.0,51,2024-05-29,0,0.0698359681885541,0.2666981021800991,0,0,0,0
0,3,0.0283942789693033,0.0460777719119234,0.0372360254406133,0.0176834929426201,0.0683244310112755,0.0847224909156805,0.1195417608031196,0.1036469942524349,0.1137456332216132,0.0,0.0,6.2727272727272725,1.0,52,2024-05-30,0,0.0153839926658611,0.2666981021800991,0,0,0,0
0,3,0.0283942789693033,0.043902909081171,0.0361485940252372,0.0155086301118677,0.0616184775019962,0.0847224909156805,0.1195417608031196,0.1036469942524349,0.1137456332216132,0.0,0.0,6.2727272727272725,1.0,53,2024-05-31,0,0.0231157300426928,0.2666981021800991,0,0,0,0
0,3,0.0402738047330342,0.0510524304743464,0.0456631176036903,0.0107786257413121,0.0825968472000023,0.0847224909156805,0.1195417608031196,0.1036469942524349,0.1137456332216132,0.0,0.0,6.2727272727272725,1.0,54,2024-06-01,0,0.2117987086944361,0.2666981021800991,0,0,0,0
0,3,0.2501763936822347,0.3516525044498785,0.3009144490660566,0.1014761107676437,0.3795828314368281,0.0851387571774274,0.0980640408897593,0.0932238233629086,0.0962562020766831,0.0,0.0,0.2727272727272727,0.0,55,2024-06-02,0,0.1764878960215702,0.2666981021800991,0,0,0,0
0,3,0.2501763936822349,0.3465660303356061,0.2983712120089204,0.0963896366533712,0.3749901514455307,0.0851387571774274,0.0980640408897593,0.0932238233629086,0.0962562020766831,0.0,0.0,0.2727272727272727,0.0,56,2024-06-03,0,0.2549282804827316,0.2666981021800991,0,0,0,0
0,3,0.2501763936822349,0.3561545911786772,0.3031654924304561,0.1059781974964423,0.3809784783227558,0.0851387571774274,0.0980640408897593,0.0932238233629086,0.0962562020766831,0.0,0.0,0.2727272727272727,0.0,57,2024-06-04,0,0.1917630128673455,0.2666981021800991,0,0,0,0
0,3,0.2501763936822347,0.3505014899565105,0.3003389418193726,0.1003250962742758,0.3731942709121379,0.0851387571774274,0.0980640408897593,0.0932238233629086,0.0962562020766831,0.0,0.0,0.2727272727272727,0.0,58,2024-06-05,0,0.1241341554502617,0.2666981021800991,0,0,0,0
0,3,0.2501763936822347,0.3689857633372293,0.309581078509732,0.1188093696549946,0.3879720147077799,0.0851387571774274,0.0980640408897593,0.0932238233629086,0.0962562020766831,0.0,0.0,0.2727272727272727,0.0,59,2024-06-06,0,0.2445738351555994,0.2666981021800991,0,0,0,0
0,3,0.250176393682235,0.3489910593197483,0.2995837265009916,0.0988146656375132,0.3666942913829957,0.0851387571774274,0.0980640408897593,0.0932238233629086,0.0962562020766831,0.0,0.0,0.2727272727272727,0.0,60,2024-06-07,0,0.1862530547600823,0.2666981021800991,0,0,0,0
0,3,0.2501763936822349,0.3475609861455084,0.2988686899138716,0.0973845924632735,0.3632350956831083,0.0851387571774274,0.0980640408897593,0.0932238233629086,0.0962562020766831,0.0,0.0,0.2727272727272727,0.0,61,2024-06-08,0,0.1634683678085856,0.2666981021800991,0,0,0,0
0,3,0.531194980437567,0.406318406021795,0.468756693229681,0.1248765744157719,0.5228513720246245,0.17550083159112,0.2809089366967718,0.1967527150768347,0.2206423529131617,0.0909090909090909,0.0,0.0,0.0,62,2024-06-09,0,0.1533114997698217,0.2666981021800991,1,0,0,1
0,3,0.5311949804375672,0.4036904180290511,0.4674426992333091,0.1275045624085161,0.5190208227310009,0.17550083159112,0.2809089366967718,0.1967527150768347,0.2206423529131617,0.0909090909090909,0.0,0.0,0.0,63,2024-06-10,0,0.0856229629292649,0.2666981021800991,1,0,0,1
0,3,0.5311949804375672,0.4028618071328759,0.4670283937852215,0.1283331733046913,0.5157480803373136,0.17550083159112,0.2809089366967718,0.1967527150768347,0.2206423529131617,0.0909090909090909,0.0,0.0,0.0,64,2024-06-11,0,0.1109814449358557,0.2666981021800991,1,0,0,1
0,3,0.5311949804375672,0.3965136981260275,0.4638543392817973,0.1346812823115397,0.5077484205134445,0.17550083159112,0.2809089366967718,0.1967527150768347,0.2206423529131617,0.0909090909090909,0.0,0.0,0.0,65,2024-06-12,0,0.1078107261375527,0.2666981021800991,1,0,0,1
0,3,0.531194980437567,0.4103522941008672,0.470773637269217,0.1208426863366997,0.5241018773291368,0.17550083159112,0.2809089366967718,0.1967527150768347,0.2206423529131617,0.0909090909090909,0.0,0.0,0.0,66,2024-06-13,0,0.1799697458008117,0.2666981021800991,1,0,0,1
1,3,0.531194980437567,0.3964139980356216,0.4638044892365943,0.1347809824019453,0.5016857674536725,0.17550083159112,0.2809089366967718,0.1967527150768347,0.2206423529131617,0.0909090909090909,0.0,0.0,0.0,67,2024-06-14,1,0.3080026284315162,0.2666981021800991,1,0,0,1
1,3,0.5311949804375672,0.4131008977982121,0.4721479391178896,0.118094082639355,0.5249539444753138,0.17550083159112,0.2809089366967718,0.1967527150768347,0.2206423529131617,0.0909090909090909,0.0,0.0,0.0,68,2024-06-15,1,0.2042232391134147,0.2666981021800991,1,0,0,1
1,3,0.9373550289453032,0.6859722639199751,0.8116636464326392,0.2513827650253282,0.8832314607882363,0.6841836433051252,0.7442697654490459,0.7237960337826042,0.7415142045476388,1.0,1.0,1.4545454545454546,0.4545454545454545,69,2024-06-16,1,0.545702069758373,0.2666981021800991,1,0,0,1
1,3,0.9373550289453032,0.676286583394107,0.8068208061697051,0.2610684455511963,0.8772130268093441,0.6841836433051252,0.7442697654490459,0.7237960337826042,0.7415142045476388,1.0,1.0,1.4545454545454546,0.4545454545454545,70,2024-06-17,1,0.6139790567836735,0.2666981021800991,1,0,0,1
1,3,0.9373550289453032,0.6869442499998732,0.8121496394725882,0.25041077894543,0.8835327764730047,0.6841836433051252,0.7442697654490459,0.7237960337826042,0.7415142045476388,1.0,1.0,1.4545454545454546,0.4545454545454545,71,2024-06-18,1,0.7380706565441839,0.2666981021800991,1,0,0,1
1,3,0.9373550289453032,0.6823143307856127,0.809834679865458,0.2550406981596906,0.8760657554848379,0.6841836433051252,0.7442697654490459,0.7237960337826042,0.7415142045476388,1.0,1.0,1.4545454545454546,0.4545454545454545,72,2024-06-19,1,0.4479593113147306,0.2666981021800991,1,0,0,1
1,3,0.9373550289453032,0.6818703104293785,0.8096126696873409,0.2554847185159248,0.8729122361585323,0.6841836433051252,0.7442697654490459,0.7237960337826042,0.7415142045476388,1.0,1.0,1.4545454545454546,0.4545454545454545,73,2024-06-20,1,0.4682305370519236,0.2666981021800991,1,0,0,1
1,3,0.9373550289453032,0.6818703104293785,0.8096126696873409,0.2554847185159248,0.8714042996505958,0.6841836433051252,0.7442697654490459,0.7237960337826042,0.7415142045476388,1.0,1.0,1.4545454545454546,0.4545454545454545,74,2024-06-21,1,0.3896691395163254,0.2666981021800991,1,0,0,1
0,3,0.9373550289453032,0.683146632793871,0.8102508308695872,0.2542083961514323,0.876323769107398,0.6841836433051252,0.7442697654490459,0.7237960337826042,0.7415142045476388,1.0,1.0,1.4545454545454546,0.4545454545454545,75,2024-06-22,0,0.476972041272642,0.2666981021800991,1,0,0,1
0,3,0.0804142987487747,0.163039641037735,0.1217269698932549,0.0826253422889602,0.1568992927623894,0.1528184719886975,0.3897999257814399,0.1508359767133915,0.1584459334680581,0.0909090909090909,0.0,6.363636363636363,1.0,76,2024-06-23,0,0.0729892313065645,0.2666981021800991,0,0,0,0
0,3,0.0574027511553616,0.1570792359943002,0.1072409935748309,0.0996764848389386,0.1358544953814745,0.1528184719886975,0.3897999257814399,0.1508359767133915,0.1584459334680581,0.0909090909090909,0.0,6.363636363636363,1.0,77,2024-06-24,0,0.15133185146598,0.2666981021800991,0,0,0,0
0,3,0.0574027511553617,0.1500706788577133,0.1037367150065375,0.0926679277023516,0.1306659696532596,0.1528184719886975,0.3897999257814399,0.1508359767133915,0.1584459334680581,0.0909090909090909,0.0,6.363636363636363,1.0,78,2024-06-25,0,0.0349063709603982,0.2666981021800991,0,0,0,0
0,3,0.0574027511553616,0.1500706788577133,0.1037367150065374,0.0926679277023516,0.1306659696532595,0.1528184719886975,0.3897999257814399,0.1508359767133915,0.1584459334680581,0.0909090909090909,0.0,6.363636363636363,1.0,79,2024-06-26,0,0.3169572862678561,0.2666981021800991,0,0,0,0
0,3,0.0574027511553615,0.1643759219539449,0.1108893365546532,0.1069731707985833,0.1501799600924564,0.1528184719886975,0.3897999257814399,0.1508359767133915,0.1584459334680581,0.0909090909090909,0.0,6.363636363636363,1.0,80,2024-06-27,0,0.1910374163891993,0.2666981021800991,0,0,0,0
0,3,0.0574027511553616,0.1696458518138936,0.1135243014846276,0.112243100658532,0.1578453843807866,0.1528184719886975,0.3897999257814399,0.1508359767133915,0.1584459334680581,0.0909090909090909,0.0,6.363636363636363,1.0,81,2024-06-28,0,0.1049676854968446,0.2666981021800991,0,0,0,0
0,3,0.0574027511553617,0.1527715656126918,0.1050871583840267,0.0953688144573301,0.1375349905790489,0.1528184719886975,0.3897999257814399,0.1508359767133915,0.1584459334680581,0.0909090909090909,0.0,6.363636363636363,1.0,82,2024-06-29,0,0.0525764436807938,0.2666981021800991,0,0,0,0
0,3,0.0912045490564955,0.0289366580171488,0.0600706035368222,0.0622678910393467,0.094545361494417,0.0910672142271288,0.1419598210347509,0.0946432355021492,0.1154887321095182,0.0,0.0,4.363636363636363,0.9090909090909092,83,2024-06-30,0,0.011864223354768,0.2666981021800991,0,0,0,0
0,4,0.6466429522916449,0.4557411826657491,0.551192067478697,0.1909017696258957,0.6191993992971097,0.1268869924420288,0.1408574631190014,0.1322829861612717,0.135077595650589,0.0,0.0,0.8181818181818182,0.1818181818181818,0,2024-07-08,0,0.1758067683532663,0.3857424936629952,0,0,0,0
0,4,0.6451829289275539,0.4561041775822131,0.5506435532548835,0.1890787513453408,0.6158434474624721,0.1268869924420288,0.1408574631190014,0.1322829861612717,0.135077595650589,0.0,0.0,0.8181818181818182,0.1818181818181818,1,2024-07-09,0,0.2080855852340072,0.3857424936629952,0,0,0,0
0,4,0.6400992725982372,0.4564992697267159,0.5482992711624766,0.1836000028715212,0.6143899925651799,0.1268869924420288,0.1408574631190014,0.1322829861612717,0.135077595650589,0.0,0.0,0.8181818181818182,0.1818181818181818,2,2024-07-10,0,0.3538259301397478,0.3857424936629952,0,0,0,0
0,4,0.6506790191654741,0.4522314633571931,0.5514552412613336,0.198447555808281,0.6223784400582173,0.1268869924420288,0.1408574631190014,0.1322829861612717,0.135077595650589,0.0,0.0,0.8181818181818182,0.1818181818181818,3,2024-07-11,0,0.1674152371789864,0.3857424936629952,0,0,0,0
0,4,0.6374145569481624,0.4452171846823045,0.5413158708152335,0.1921973722658578,0.6040285383181432,0.1268869924420288,0.1408574631190014,0.1322829861612717,0.135077595650589,0.0,0.0,0.8181818181818182,0.1818181818181818,4,2024-07-12,0,0.2129690613847682,0.3857424936629952,0,0,0,0
0,4,0.6627086793755749,0.4567070962998014,0.5597078878376881,0.2060015830757735,0.6274950809355571,0.1268869924420288,0.1408574631190014,0.1322829861612717,0.135077595650589,0.0,0.0,0.8181818181818182,0.1818181818181818,5,2024-07-13,0,0.1498795850595887,0.3857424936629952,0,0,0,0
1,4,0.5681596744834869,0.5241219337748688,0.5461408041291779,0.0440377407086181,0.6040041239569156,0.3466564783056913,0.5409756093506629,0.4197832570539775,0.4965394541620371,0.9090909090909092,0.0909090909090909,1.0909090909090908,0.5454545454545454,6,2024-07-14,1,0.2225481166578612,0.3857424936629952,1,0,0,1
1,4,0.5683111193194283,0.5656530298489116,0.56698207458417,0.0026580894705167,0.6320050767183759,0.3466564783056913,0.5409756093506629,0.4197832570539775,0.4965394541620371,0.9090909090909092,0.0909090909090909,1.0909090909090908,0.5454545454545454,7,2024-07-15,1,0.4939081675700509,0.3857424936629952,1,0,0,1
0,4,0.5743046724221239,0.5646979328916506,0.5695013026568873,0.0096067395304733,0.6335669981234606,0.3466564783056913,0.5409756093506629,0.4197832570539775,0.4965394541620371,0.9090909090909092,0.0909090909090909,1.0909090909090908,0.5454545454545454,8,2024-07-16,0,0.2899043734831886,0.3857424936629952,1,0,0,1
1,4,0.5787951534000321,0.5659380760876644,0.5723666147438482,0.0128570773123676,0.6353434916173764,0.3466564783056913,0.5409756093506629,0.4197832570539775,0.4965394541620371,0.9090909090909092,0.0909090909090909,1.0909090909090908,0.5454545454545454,9,2024-07-17,1,0.3467494456090252,0.3857424936629952,1,0,0,1
1,4,0.5559238091304418,0.5621724400245427,0.5590481245774923,0.0062486308941008,0.6150225356507437,0.3466564783056913,0.5409756093506629,0.4197832570539775,0.4965394541620371,0.9090909090909092,0.0909090909090909,1.0909090909090908,0.5454545454545454,10,2024-07-18,1,0.2857292790289,0.3857424936629952,1,0,0,1
0,4,0.5735542590962754,0.563431038410058,0.5684926487531667,0.0101232206862174,0.6269098866714078,0.3466564783056913,0.5409756093506629,0.4197832570539775,0.4965394541620371,0.9090909090909092,0.0909090909090909,1.0909090909090908,0.5454545454545454,11,2024-07-19,0,0.3493748442188004,0.3857424936629952,1,0,0,1
0,4,0.5755031357303553,0.5625231451247917,0.5690131404275736,0.0129799906055635,0.62723259150954,0.3466564783056913,0.5409756093506629,0.4197832570539775,0.4965394541620371,0.9090909090909092,0.0909090909090909,1.0909090909090908,0.5454545454545454,12,2024-07-20,0,0.4735291779362708,0.3857424936629952,1,0,0,1
0,4,0.2242869375262565,0.1020405606593198,0.1631637490927881,0.1222463768669367,0.2127488260248302,0.1118313139554038,0.2038801359665326,0.1274413843744732,0.1442797166081288,0.0,0.0,5.454545454545454,1.0,13,2024-07-21,0,0.112791988690895,0.3857424936629952,0,0,0,0
0,4,0.2323777006302141,0.100780769925284,0.1665792352777491,0.13159693070493,0.217882300475379,0.1118313139554038,0.2038801359665326,0.1274413843744732,0.1442797166081288,0.0,0.0,5.454545454545454,1.0,14,2024-07-22,0,0.0277799109625038,0.3857424936629952,0,0,0,0
0,4,0.223869117624145,0.1004419003730613,0.1621555089986031,0.1234272172510836,0.2121237171664355,0.1118313139554038,0.2038801359665326,0.1274413843744732,0.1442797166081288,0.0,0.0,5.454545454545454,1.0,15,2024-07-23,0,0.0185071755687114,0.3857424936629952,0,0,0,0
0,4,0.148755915897182,0.0473514717465606,0.0980536938218713,0.1014044441506214,0.1060313854076554,0.1118313139554038,0.2038801359665326,0.1274413843744732,0.1442797166081288,0.0,0.0,5.454545454545454,1.0,16,2024-07-24,0,0.0168752124216282,0.3857424936629952,0,0,0,0
0,4,0.1456207794911748,0.0449223886388709,0.0952715840650229,0.1006983908523038,0.1043064773584094,0.1118313139554038,0.2038801359665326,0.1274413843744732,0.1442797166081288,0.0,0.0,5.454545454545454,1.0,17,2024-07-25,0,0.0166240370174668,0.3857424936629952,0,0,0,0
0,4,0.1439024650641982,0.0446474210877261,0.0942749430759621,0.099255043976472,0.1036885599451917,0.1118313139554038,0.2038801359665326,0.1274413843744732,0.1442797166081288,0.0,0.0,5.454545454545454,1.0,18,2024-07-26,0,0.0392717513863638,0.3857424936629952,0,0,0,0
0,4,0.1419272538867892,0.0445713491651812,0.0932493015259852,0.097355904721608,0.103052662184206,0.1118313139554038,0.2038801359665326,0.1274413843744732,0.1442797166081288,0.0,0.0,5.454545454545454,1.0,19,2024-07-27,0,0.0180603992695025,0.3857424936629952,0,0,0,0
0,4,0.0336837685447526,0.0481199209624022,0.0409018447535774,0.0144361524176495,0.0615496199376942,0.0422043571664989,0.068960256753417,0.0448404969516513,0.0677078125444935,0.0,0.0,5.2727272727272725,1.0,20,2024-07-28,0,0.004530261339962,0.3857424936629952,0,0,0,0
0,4,0.0331571109767202,0.0491984052901529,0.0411777581334366,0.0160412943134326,0.0647365592490799,0.0422043571664989,0.068960256753417,0.0448404969516513,0.0677078125444935,0.0,0.0,5.2727272727272725,1.0,21,2024-07-29,0,0.102185837114974,0.3857424936629952,0,0,0,0
0,4,0.0315032954968829,0.0477771552095964,0.0396402253532397,0.0162738597127134,0.0607674159094848,0.0422043571664989,0.068960256753417,0.0448404969516513,0.0677078125444935,0.0,0.0,5.2727272727272725,1.0,22,2024-07-30,0,0.0185375030039857,0.3857424936629952,0,0,0,0
0,4,0.0317675866057553,0.0477771552095964,0.0397723709076759,0.016009568603841,0.0638652191691082,0.0422043571664989,0.068960256753417,0.0448404969516513,0.0677078125444935,0.0,0.0,5.2727272727272725,1.0,23,2024-07-31,0,0.0633662517100914,0.3857424936629952,0,0,0,0
0,4,0.0572061628619545,0.0577597418564833,0.0574829523592189,0.0005535789945288,0.08992514474843,0.0422043571664989,0.068960256753417,0.0448404969516513,0.0677078125444935,0.0,0.0,5.2727272727272725,1.0,24,2024-08-01,0,0.0467221271807779,0.3857424936629952,0,0,0,0
0,4,0.0547994511863779,0.0547541181362072,0.0547767846612925,4.5333050170751066e-05,0.0882473207757156,0.0422043571664989,0.068960256753417,0.0448404969516513,0.0677078125444935,0.0,0.0,5.2727272727272725,1.0,25,2024-08-02,0,0.0636147159202605,0.3857424936629952,0,0,0,0
0,4,0.0567455304213009,0.0607353399854698,0.0587404352033854,0.0039898095641688,0.0967365301435592,0.0422043571664989,0.068960256753417,0.0448404969516513,0.0677078125444935,0.0,0.0,5.2727272727272725,1.0,26,2024-08-03,0,0.0674190730986849,0.3857424936629952,0,0,0,0
0,4,0.7797226495534056,0.6333589865637081,0.7065408180585568,0.1463636629896975,0.7969441960851942,0.0448479929729377,0.0606810938255691,0.0525059326836707,0.0557678245740693,0.0,0.0,0.1818181818181818,0.0,27,2024-08-04,0,0.4197344818138754,0.3857424936629952,1,0,0,1
0,4,0.7852216417012052,0.6768568428340184,0.7310392422676117,0.1083647988671868,0.8121332190948081,0.0448479929729377,0.0606810938255691,0.0525059326836707,0.0557678245740693,0.0,0.0,0.1818181818181818,0.0,28,2024-08-05,0,0.3300433809600733,0.3857424936629952,1,0,0,1
0,4,0.797041889532881,0.6816509159959074,0.7393464027643942,0.1153909735369735,0.8172836586028133,0.0448479929729377,0.0606810938255691,0.0525059326836707,0.0557678245740693,0.0,0.0,0.1818181818181818,0.0,29,2024-08-06,0,0.4004272648589964,0.3857424936629952,1,0,0,1
0,4,0.7881611290333191,0.6343328988184374,0.7112470139258782,0.1538282302148818,0.7938302914911873,0.0448479929729377,0.0606810938255691,0.0525059326836707,0.0557678245740693,0.0,0.0,0.1818181818181818,0.0,30,2024-08-07,0,0.3022370161633151,0.3857424936629952,1,0,0,1
0,4,0.7946781270693951,0.6801699842501211,0.7374240556597581,0.114508142819274,0.8130759303820659,0.0448479929729377,0.0606810938255691,0.0525059326836707,0.0557678245740693,0.0,0.0,0.1818181818181818,0.0,31,2024-08-08,0,0.4849836936951378,0.3857424936629952,1,0,0,1
0,4,0.7973831677969423,0.6791357140904916,0.7382594409437169,0.1182474537064507,0.8135938692581204,0.0448479929729377,0.0606810938255691,0.0525059326836707,0.0557678245740693,0.0,0.0,0.1818181818181818,0.0,32,2024-08-09,0,0.3280133430507932,0.3857424936629952,1,0,0,1
0,4,0.7934410051425098,0.6841593053961329,0.7388001552693213,0.1092816997463769,0.8139291121399951,0.0448479929729377,0.0606810938255691,0.0525059326836707,0.0557678245740693,0.0,0.0,0.1818181818181818,0.0,33,2024-08-10,0,0.4230507835201898,0.3857424936629952,1,0,0,1
0,4,0.5242963824137594,0.3920594567631534,0.4581779195884564,0.132236925650606,0.5012131672877,0.0551567430079886,0.1003910821134699,0.0624379033816542,0.0834351205691481,0.0,0.0,0.3636363636363636,0.0,34,2024-08-11,0,0.3284826635909126,0.3857424936629952,0,0,0,0
0,4,0.5315422980590034,0.3915137260574777,0.4615280120582405,0.1400285720015257,0.5032902246189663,0.0551567430079886,0.1003910821134699,0.0624379033816542,0.0834351205691481,0.0,0.0,0.3636363636363636,0.0,35,2024-08-12,0,0.2275345423125034,0.3857424936629952,0,0,0,0
0,4,0.5242074321786188,0.3855628988495289,0.4548851655140738,0.1386445333290898,0.4931399137298369,0.0551567430079886,0.1003910821134699,0.0624379033816542,0.0834351205691481,0.0,0.0,0.3636363636363636,0.0,36,2024-08-13,0,0.2190899703893939,0.3857424936629952,0,0,0,0
1,4,0.5211138013160832,0.3933123596041149,0.457213080460099,0.1278014417119682,0.4945832209963725,0.0551567430079886,0.1003910821134699,0.0624379033816542,0.0834351205691481,0.0,0.0,0.3636363636363636,0.0,37,2024-08-14,1,0.2926214441777999,0.3857424936629952,0,0,0,0
0,4,0.5282330346621168,0.3927829622925993,0.460507998477358,0.1354500723695175,0.4996419431829461,0.0551567430079886,0.1003910821134699,0.0624379033816542,0.0834351205691481,0.0,0.0,0.3636363636363636,0.0,38,2024-08-15,0,0.2159052125404482,0.3857424936629952,0,0,0,0
0,4,0.5256579735891102,0.3882130392615872,0.4569355064253486,0.1374449343275229,0.4883793790630812,0.0551567430079886,0.1003910821134699,0.0624379033816542,0.0834351205691481,0.0,0.0,0.3636363636363636,0.0,39,2024-08-16,0,0.1130929994543224,0.3857424936629952,0,0,0,0
0,4,0.5158250768731639,0.3725829033195456,0.4442039900963547,0.1432421735536183,0.4744540929073589,0.0551567430079886,0.1003910821134699,0.0624379033816542,0.0834351205691481,0.0,0.0,0.3636363636363636,0.0,40,2024-08-17,0,0.2218989140547213,0.3857424936629952,0,0,0,0
0,4,0.5461456825598778,0.5196530469527678,0.5328993647563228,0.02649263560711,0.5897626855139995,0.450798518815542,0.8459476381838075,0.4703564955328301,0.6265458244100345,0.9090909090909092,0.2727272727272727,2.0,0.5454545454545454,41,2024-08-18,0,0.6823073160506512,0.3857424936629952,1,0,0,1
0,4,0.5431043328772688,0.5159981579404884,0.5295512454088787,0.0271061749367803,0.5846709785027111,0.450798518815542,0.8459476381838075,0.4703564955328301,0.6265458244100345,0.9090909090909092,0.2727272727272727,2.0,0.5454545454545454,42,2024-08-19,0,0.6879972020106807,0.3857424936629952,1,0,0,1
