date,target,rank_score,raw_score,q,fold_id,feature_set,model
2023-07-08,0,0.552,0.3547646056875218,0.6300000000000001,0,compact24,logistic
2023-07-09,0,0.736,0.4912760417686539,0.6300000000000001,0,compact24,logistic
2023-07-10,0,0.376,0.2748882640348651,0.6300000000000001,0,compact24,logistic
2023-07-11,0,0.784,0.5156119910163001,0.6300000000000001,0,compact24,logistic
2023-07-12,0,0.752,0.5032863869284261,0.6300000000000001,0,compact24,logistic
2023-07-13,1,0.704,0.47883405791956185,0.6300000000000001,0,compact24,logistic
2023-07-14,1,0.744,0.49834629033760786,0.6300000000000001,0,compact24,logistic
2023-07-15,0,0.024,0.06276271428730863,0.6300000000000001,0,compact24,logistic
2023-07-16,0,0.688,0.4529679219981733,0.6300000000000001,0,compact24,logistic
2023-07-17,0,0.864,0.6407963202215098,0.6300000000000001,0,compact24,logistic
2023-07-18,0,0.68,0.4409951950109955,0.6300000000000001,0,compact24,logistic
2023-07-19,0,0.712,0.4824362991052457,0.6300000000000001,0,compact24,logistic
2023-07-20,0,0.552,0.35661990848933717,0.6300000000000001,0,compact24,logistic
2023-07-21,0,0.328,0.2426249931956053,0.6300000000000001,0,compact24,logistic
2023-07-22,0,0.024,0.06028003314074514,0.6300000000000001,0,compact24,logistic
2023-07-23,0,0.048,0.09512601176527777,0.6300000000000001,0,compact24,logistic
2023-07-24,0,0.168,0.16909297441979015,0.6300000000000001,0,compact24,logistic
2023-07-25,0,0.176,0.1737299242985394,0.6300000000000001,0,compact24,logistic
2023-07-26,0,0.08,0.11803017414460493,0.6300000000000001,0,compact24,logistic
2023-07-27,0,0.248,0.1949231074121971,0.6300000000000001,0,compact24,logistic
2023-07-28,0,0.264,0.20503643492322923,0.6300000000000001,0,compact24,logistic
2023-07-29,0,0.152,0.14803914383292083,0.6300000000000001,0,compact24,logistic
2023-07-30,0,0.2,0.18161846233693038,0.6300000000000001,0,compact24,logistic
2023-07-31,0,0.816,0.564778637685189,0.6300000000000001,0,compact24,logistic
2023-08-01,0,0.816,0.5710460084126932,0.6300000000000001,0,compact24,logistic
2023-08-02,0,0.616,0.3825316872655309,0.6300000000000001,0,compact24,logistic
2023-08-03,0,0.704,0.46970136905248994,0.6300000000000001,0,compact24,logistic
2023-08-04,0,0.792,0.5426139837618793,0.6300000000000001,0,compact24,logistic
2023-08-05,0,0.84,0.5911134637857012,0.6300000000000001,0,compact24,logistic
2023-08-06,0,0.84,0.5959330217165478,0.6300000000000001,0,compact24,logistic
2023-08-07,0,0.664,0.4134878829521026,0.6300000000000001,0,compact24,logistic
2023-08-08,0,0.336,0.24829326368916543,0.6300000000000001,0,compact24,logistic
2023-08-09,0,0.16,0.1637353357060272,0.6300000000000001,0,compact24,logistic
2023-08-10,0,0.76,0.5047598446674736,0.6300000000000001,0,compact24,logistic
2023-08-11,0,0.752,0.5027228210066937,0.6300000000000001,0,compact24,logistic
2023-08-12,0,0.848,0.6091069141113745,0.6300000000000001,0,compact24,logistic
2023-08-13,0,0.288,0.21660881881496302,0.6300000000000001,0,compact24,logistic
2023-08-14,0,0.104,0.1223372246311296,0.6300000000000001,0,compact24,logistic
2023-08-15,0,0.712,0.48585888741780725,0.6300000000000001,0,compact24,logistic
2023-08-16,0,0.72,0.48942086194279133,0.6300000000000001,0,compact24,logistic
2023-08-17,0,0.864,0.637169586847618,0.6300000000000001,0,compact24,logistic
2023-08-18,1,0.688,0.455314145331352,0.6300000000000001,0,compact24,logistic
2023-08-19,0,0.48,0.30990909026555297,0.6300000000000001,0,compact24,logistic
2023-08-20,0,0.824,0.5795791330595992,0.6300000000000001,0,compact24,logistic
2023-08-21,0,0.84,0.5980619326731789,0.6300000000000001,0,compact24,logistic
2023-08-22,0,0.664,0.4203802863491385,0.6300000000000001,0,compact24,logistic
2023-08-23,0,0.824,0.5815870843379609,0.6300000000000001,0,compact24,logistic
2023-08-24,0,0.784,0.5288679352815282,0.6300000000000001,0,compact24,logistic
2023-08-25,0,0.344,0.25088173216756604,0.6300000000000001,0,compact24,logistic
2023-08-26,0,0.336,0.24620621333680937,0.6300000000000001,0,compact24,logistic
2023-08-27,0,0.824,0.5812964627684136,0.6300000000000001,0,compact24,logistic
2023-08-28,0,0.344,0.2600510950391219,0.6300000000000001,0,compact24,logistic
2023-08-29,0,0.144,0.14364144166964618,0.6300000000000001,0,compact24,logistic
2023-08-30,0,0.112,0.12523145946064268,0.6300000000000001,0,compact24,logistic
2023-08-31,0,0.328,0.24066830190194463,0.6300000000000001,0,compact24,logistic
2023-09-01,0,0.032,0.09179174143294956,0.6300000000000001,0,compact24,logistic
2023-09-02,0,0.704,0.4786435112603514,0.6300000000000001,0,compact24,logistic
2023-09-03,0,0.864,0.6305901255563845,0.6300000000000001,0,compact24,logistic
2023-09-04,0,0.904,0.7184846362574465,0.6300000000000001,0,compact24,logistic
2023-09-05,1,0.864,0.6477515941641064,0.6300000000000001,0,compact24,logistic
2023-09-06,1,0.704,0.48126689834670006,0.6300000000000001,0,compact24,logistic
2023-09-07,1,0.888,0.6839013938642758,0.6300000000000001,0,compact24,logistic
2023-09-08,1,0.912,0.7294440666483829,0.6300000000000001,0,compact24,logistic
2023-09-09,0,0.872,0.6648268434265273,0.6300000000000001,0,compact24,logistic
2023-09-10,0,0.84,0.6011569598287099,0.6300000000000001,0,compact24,logistic
2023-09-11,0,0.792,0.5491199891936348,0.6300000000000001,0,compact24,logistic
2023-09-12,0,0.712,0.4846378435224079,0.6300000000000001,0,compact24,logistic
2023-09-13,0,0.416,0.2894206298925612,0.6300000000000001,0,compact24,logistic
2023-09-14,0,0.8,0.5598180864612438,0.6300000000000001,0,compact24,logistic
2023-09-15,0,0.304,0.23264348663859205,0.6300000000000001,0,compact24,logistic
2023-09-16,0,0.344,0.2585509038327652,0.6300000000000001,0,compact24,logistic
2023-09-17,0,0.704,0.46389317303562577,0.6300000000000001,0,compact24,logistic
2023-09-18,0,0.336,0.24777945009591795,0.6300000000000001,0,compact24,logistic
2023-09-19,0,0.744,0.49525097788607275,0.6300000000000001,0,compact24,logistic
2023-09-20,0,0.56,0.36168967103765776,0.6300000000000001,0,compact24,logistic
2023-09-21,0,0.784,0.5396484142270179,0.6300000000000001,0,compact24,logistic
2023-09-22,0,0.704,0.4741643268369146,0.6300000000000001,0,compact24,logistic
2023-09-23,0,0.672,0.4263287186505093,0.6300000000000001,0,compact24,logistic
2023-09-24,0,0.032,0.08209963070296712,0.6300000000000001,0,compact24,logistic
2023-09-25,0,0.048,0.10277166603498844,0.6300000000000001,0,compact24,logistic
2023-09-26,0,0.496,0.3216966565508569,0.6300000000000001,0,compact24,logistic
2023-09-27,0,0.288,0.21776858585919703,0.6300000000000001,0,compact24,logistic
2023-09-28,0,0.168,0.17072828192452089,0.6300000000000001,0,compact24,logistic
2023-09-29,0,0.152,0.1574482949113168,0.6300000000000001,0,compact24,logistic
2023-09-30,0,0.272,0.21127606598774432,0.6300000000000001,0,compact24,logistic
2023-10-08,0,0.8663594470046083,0.6822993899323316,0.6000000000000001,1,compact24,logistic
2023-10-09,0,0.9124423963133641,0.7417308338197623,0.6000000000000001,1,compact24,logistic
2023-10-10,0,0.9170506912442397,0.75200490713359,0.6000000000000001,1,compact24,logistic
2023-10-11,0,0.7972350230414746,0.5410589466620161,0.6000000000000001,1,compact24,logistic
2023-10-12,0,0.6682027649769585,0.4453363796253933,0.6000000000000001,1,compact24,logistic
2023-10-13,1,0.1152073732718894,0.09183246170851934,0.6000000000000001,1,compact24,logistic
2023-10-14,1,0.631336405529954,0.4243349967327204,0.6000000000000001,1,compact24,logistic
2023-10-15,0,0.8525345622119815,0.6510900298886415,0.6000000000000001,1,compact24,logistic
2023-10-16,1,0.7695852534562212,0.5121777461474387,0.6000000000000001,1,compact24,logistic
2023-10-17,1,0.7972350230414746,0.5324992733900613,0.6000000000000001,1,compact24,logistic
2023-10-18,0,0.5299539170506913,0.33201345859186243,0.6000000000000001,1,compact24,logistic
2023-10-19,0,0.423963133640553,0.26593896739952166,0.6000000000000001,1,compact24,logistic
2023-10-20,0,0.5483870967741935,0.3623696096101072,0.6000000000000001,1,compact24,logistic
2023-10-21,0,0.5898617511520737,0.40070827507779533,0.6000000000000001,1,compact24,logistic
2023-10-22,0,0.1336405529953917,0.1040201176470963,0.6000000000000001,1,compact24,logistic
2023-10-23,0,0.013824884792626729,0.03894969109894563,0.6000000000000001,1,compact24,logistic
2023-10-24,0,0.018433179723502304,0.04520012020642216,0.6000000000000001,1,compact24,logistic
2023-10-25,0,0.004608294930875576,0.011094445971622124,0.6000000000000001,1,compact24,logistic
2023-10-26,0,0.2350230414746544,0.14753386929463894,0.6000000000000001,1,compact24,logistic
2023-10-27,0,0.009216589861751152,0.027419899574345243,0.6000000000000001,1,compact24,logistic
2023-10-28,0,0.30414746543778803,0.18717456475431227,0.6000000000000001,1,compact24,logistic
2023-10-29,0,0.3271889400921659,0.2081067878234119,0.6000000000000001,1,compact24,logistic
2023-10-30,0,0.4423963133640553,0.2912823141699723,0.6000000000000001,1,compact24,logistic
2023-10-31,0,0.5391705069124424,0.3420632573549313,0.6000000000000001,1,compact24,logistic
2023-11-01,0,0.6359447004608295,0.4261243423226445,0.6000000000000001,1,compact24,logistic
2023-11-02,0,0.9400921658986175,0.8028421412134699,0.6000000000000001,1,compact24,logistic
2023-11-03,0,0.8018433179723502,0.5458674819638233,0.6000000000000001,1,compact24,logistic
2023-11-04,0,0.7926267281105991,0.521997110694165,0.6000000000000001,1,compact24,logistic
2023-11-05,0,0.6129032258064516,0.4149427929437028,0.6000000000000001,1,compact24,logistic
2023-11-06,0,0.6359447004608295,0.4305768553361566,0.6000000000000001,1,compact24,logistic
2023-11-07,0,0.9585253456221198,0.8502673763685016,0.6000000000000001,1,compact24,logistic
2023-11-08,0,0.7649769585253456,0.5070715956238949,0.6000000000000001,1,compact24,logistic
2023-11-09,1,0.8525345622119815,0.6599481209037794,0.6000000000000001,1,compact24,logistic
2023-11-10,1,0.695852534562212,0.4681833150630057,0.6000000000000001,1,compact24,logistic
2023-11-11,0,0.7972350230414746,0.542998765822427,0.6000000000000001,1,compact24,logistic
2023-11-12,0,0.07834101382488479,0.07768521961172263,0.6000000000000001,1,compact24,logistic
2023-11-13,1,0.4147465437788018,0.2634814934692762,0.6000000000000001,1,compact24,logistic
2023-11-14,1,0.6359447004608295,0.426260942114818,0.6000000000000001,1,compact24,logistic
2023-11-15,0,0.04608294930875576,0.058873188783854155,0.6000000000000001,1,compact24,logistic
2023-11-16,0,0.041474654377880185,0.05494895623511965,0.6000000000000001,1,compact24,logistic
2023-11-17,0,0.004608294930875576,0.013502512194771964,0.6000000000000001,1,compact24,logistic
2023-11-18,0,0.04608294930875576,0.05768046841064066,0.6000000000000001,1,compact24,logistic
2023-11-19,0,0.42857142857142855,0.276877451274726,0.6000000000000001,1,compact24,logistic
2023-11-20,0,0.11981566820276497,0.09445069205003025,0.6000000000000001,1,compact24,logistic
2023-11-21,0,0.013824884792626729,0.030591371894215718,0.6000000000000001,1,compact24,logistic
2023-11-22,0,0.009216589861751152,0.028922082335872585,0.6000000000000001,1,compact24,logistic
2023-11-23,0,0.3778801843317972,0.23526081745852687,0.6000000000000001,1,compact24,logistic
2023-11-24,0,0.2304147465437788,0.14253273570549216,0.6000000000000001,1,compact24,logistic
2023-11-25,0,0.12903225806451613,0.10105313060812157,0.6000000000000001,1,compact24,logistic
2023-11-26,0,0.013824884792626729,0.0368923879708058,0.6000000000000001,1,compact24,logistic
2023-11-27,0,0.0,0.003619847383371258,0.6000000000000001,1,compact24,logistic
2023-11-28,0,0.23963133640552994,0.14891072664549027,0.6000000000000001,1,compact24,logistic
2023-11-29,0,0.055299539170506916,0.06456859788779121,0.6000000000000001,1,compact24,logistic
2023-11-30,0,0.3824884792626728,0.23938186320047303,0.6000000000000001,1,compact24,logistic
2023-12-01,0,0.29493087557603687,0.1769535414342901,0.6000000000000001,1,compact24,logistic
2023-12-02,0,0.30414746543778803,0.18441070010863758,0.6000000000000001,1,compact24,logistic
2023-12-03,0,0.9216589861751152,0.762575443215906,0.6000000000000001,1,compact24,logistic
2023-12-04,0,1.0,0.9610495906117407,0.6000000000000001,1,compact24,logistic
2023-12-05,0,1.0,0.9403444469398926,0.6000000000000001,1,compact24,logistic
2023-12-06,0,0.9216589861751152,0.7618363822068045,0.6000000000000001,1,compact24,logistic
2023-12-07,1,0.9769585253456221,0.8708332922568379,0.6000000000000001,1,compact24,logistic
2023-12-08,0,0.9585253456221198,0.8279223063268457,0.6000000000000001,1,compact24,logistic
2023-12-09,0,0.695852534562212,0.4613444120850024,0.6000000000000001,1,compact24,logistic
2023-12-10,1,0.9447004608294931,0.8144273945857115,0.6000000000000001,1,compact24,logistic
2023-12-11,1,0.8617511520737328,0.6714651567595121,0.6000000000000001,1,compact24,logistic
2023-12-12,1,0.7880184331797235,0.5150082693893289,0.6000000000000001,1,compact24,logistic
2023-12-13,1,0.6175115207373272,0.42007221548027646,0.6000000000000001,1,compact24,logistic
2023-12-14,1,0.41013824884792627,0.26062467837584047,0.6000000000000001,1,compact24,logistic
2023-12-15,1,0.013824884792626729,0.03954614821052823,0.6000000000000001,1,compact24,logistic
2023-12-16,0,0.6129032258064516,0.4116758723783881,0.6000000000000001,1,compact24,logistic
2023-12-17,0,0.31797235023041476,0.2020873121448455,0.6000000000000001,1,compact24,logistic
2023-12-18,0,0.3778801843317972,0.2336437666458937,0.6000000000000001,1,compact24,logistic
2023-12-19,0,0.2903225806451613,0.16502257926635722,0.6000000000000001,1,compact24,logistic
2023-12-20,0,0.37327188940092165,0.23320465606232837,0.6000000000000001,1,compact24,logistic
2023-12-21,0,0.004608294930875576,0.015045711443411497,0.6000000000000001,1,compact24,logistic
2023-12-22,0,0.31797235023041476,0.20066023941851416,0.6000000000000001,1,compact24,logistic
2023-12-23,0,0.5391705069124424,0.3441767845753633,0.6000000000000001,1,compact24,logistic
2023-12-24,0,0.004608294930875576,0.015914723032611874,0.6000000000000001,1,compact24,logistic
2023-12-25,0,0.04608294930875576,0.06165654883125038,0.6000000000000001,1,compact24,logistic
2023-12-26,0,0.009216589861751152,0.02762388601287975,0.6000000000000001,1,compact24,logistic
2023-12-27,0,0.0,0.006046934543056076,0.6000000000000001,1,compact24,logistic
2023-12-28,0,0.3824884792626728,0.2388942637520631,0.6000000000000001,1,compact24,logistic
2023-12-29,0,0.20276497695852536,0.1330229880882663,0.6000000000000001,1,compact24,logistic
2023-12-30,0,0.30414746543778803,0.18031957820715883,0.6000000000000001,1,compact24,logistic
2023-12-31,0,0.8433179723502304,0.6118524576503099,0.6000000000000001,1,compact24,logistic
2024-01-08,0,0.8284789644012945,0.6217876086686083,0.52,2,compact24,logistic
2024-01-09,0,0.9029126213592233,0.7564185415870849,0.52,2,compact24,logistic
2024-01-10,0,0.8640776699029126,0.665040258531299,0.52,2,compact24,logistic
2024-01-11,1,0.883495145631068,0.7054922530760406,0.52,2,compact24,logistic
2024-01-12,1,0.8284789644012945,0.6236449380705682,0.52,2,compact24,logistic
2024-01-13,1,0.8122977346278317,0.6004523684491938,0.52,2,compact24,logistic
2024-01-14,1,0.8025889967637541,0.5885047924171241,0.52,2,compact24,logistic
2024-01-15,1,0.8640776699029126,0.6722215370055994,0.52,2,compact24,logistic
2024-01-16,0,0.7378640776699029,0.5353178293313883,0.52,2,compact24,logistic
2024-01-17,1,0.8932038834951457,0.7214462058125107,0.52,2,compact24,logistic
2024-01-18,1,0.8932038834951457,0.716574516729413,0.52,2,compact24,logistic
2024-01-19,1,0.6116504854368932,0.4538780247013559,0.52,2,compact24,logistic
2024-01-20,0,0.3559870550161812,0.26123417657284587,0.52,2,compact24,logistic
2024-01-21,0,0.40129449838187703,0.31285237121419074,0.52,2,compact24,logistic
2024-01-22,0,0.2783171521035599,0.2028145740897627,0.52,2,compact24,logistic
2024-01-23,0,0.35275080906148865,0.2532515754762281,0.52,2,compact24,logistic
2024-01-24,0,0.3106796116504854,0.23126139733252005,0.52,2,compact24,logistic
2024-01-25,0,0.20064724919093851,0.15456244596118818,0.52,2,compact24,logistic
2024-01-26,0,0.2168284789644013,0.16501486280769298,0.52,2,compact24,logistic
2024-01-27,0,0.48220064724919093,0.3742239148169229,0.52,2,compact24,logistic
2024-01-28,0,0.038834951456310676,0.06098472657702044,0.52,2,compact24,logistic
2024-01-29,0,0.1423948220064725,0.12733215342377305,0.52,2,compact24,logistic
2024-01-30,1,0.13592233009708737,0.12383126456750011,0.52,2,compact24,logistic
2024-01-31,0,0.13592233009708737,0.12133219952814694,0.52,2,compact24,logistic
2024-02-01,0,0.20388349514563106,0.15725730083694367,0.52,2,compact24,logistic
2024-02-02,0,0.13592233009708737,0.12293490605039951,0.52,2,compact24,logistic
2024-02-03,0,0.0970873786407767,0.09610308232662171,0.52,2,compact24,logistic
2024-02-04,0,0.8705501618122977,0.6782915130952547,0.52,2,compact24,logistic
2024-02-05,0,0.8640776699029126,0.6621555792516943,0.52,2,compact24,logistic
2024-02-06,0,0.8932038834951457,0.7218175390925652,0.52,2,compact24,logistic
2024-02-07,0,0.5857605177993528,0.43340959562604947,0.52,2,compact24,logistic
2024-02-08,0,0.8996763754045307,0.7326027418060862,0.52,2,compact24,logistic
2024-02-09,0,0.9514563106796117,0.8130432896681495,0.52,2,compact24,logistic
2024-02-10,0,0.9029126213592233,0.7484883528805661,0.52,2,compact24,logistic
2024-02-11,0,0.7508090614886731,0.5478218847759769,0.52,2,compact24,logistic
2024-02-12,0,0.40129449838187703,0.3119427231749525,0.52,2,compact24,logistic
2024-02-13,0,0.284789644012945,0.20711625093138805,0.52,2,compact24,logistic
2024-02-14,0,0.36893203883495146,0.2773707883204421,0.52,2,compact24,logistic
2024-02-15,0,0.37216828478964403,0.280201336167542,0.52,2,compact24,logistic
2024-02-16,0,0.37540453074433655,0.2824890071979054,0.52,2,compact24,logistic
2024-02-17,0,0.42071197411003236,0.33890769675876603,0.52,2,compact24,logistic
2024-02-18,0,0.30097087378640774,0.22582999397717185,0.52,2,compact24,logistic
2024-02-19,0,0.24919093851132687,0.17749381626650404,0.52,2,compact24,logistic
2024-02-20,0,0.4854368932038835,0.37864821303034485,0.52,2,compact24,logistic
2024-02-21,0,0.42394822006472493,0.34104439121966024,0.52,2,compact24,logistic
2024-02-22,0,0.511326860841424,0.3912385151162951,0.52,2,compact24,logistic
2024-02-23,0,0.4077669902912621,0.32463220503075163,0.52,2,compact24,logistic
2024-02-24,0,0.4919093851132686,0.38385594327415873,0.52,2,compact24,logistic
2024-02-25,0,0.061488673139158574,0.0684690822576736,0.52,2,compact24,logistic
2024-02-26,0,0.0970873786407767,0.09631160299615447,0.52,2,compact24,logistic
2024-02-27,0,0.038834951456310676,0.060177844976192336,0.52,2,compact24,logistic
2024-02-28,0,0.28802588996763756,0.21495282581262692,0.52,2,compact24,logistic
2024-02-29,0,0.34627831715210355,0.24983575431388458,0.52,2,compact24,logistic
2024-03-01,0,0.3948220064724919,0.3046007884366175,0.52,2,compact24,logistic
2024-03-02,0,0.28802588996763756,0.21637543683493085,0.52,2,compact24,logistic
2024-03-03,0,0.8932038834951457,0.7187260499199808,0.52,2,compact24,logistic
2024-03-04,0,0.9093851132686084,0.7577162228518912,0.52,2,compact24,logistic
2024-03-05,0,0.948220064724919,0.8017989608391113,0.52,2,compact24,logistic
2024-03-06,0,0.8996763754045307,0.7300282383192217,0.52,2,compact24,logistic
2024-03-07,0,0.9385113268608414,0.793285204198384,0.52,2,compact24,logistic
2024-03-08,0,0.948220064724919,0.8030006780106523,0.52,2,compact24,logistic
2024-03-09,1,0.8770226537216829,0.6923474520553827,0.52,2,compact24,logistic
2024-03-10,1,0.9935275080906149,0.889752199805749,0.52,2,compact24,logistic
2024-03-11,1,1.0,0.9188836920499261,0.52,2,compact24,logistic
2024-03-12,1,1.0,0.920068426057392,0.52,2,compact24,logistic
2024-03-13,1,1.0,0.9123714615015205,0.52,2,compact24,logistic
2024-03-14,1,0.9255663430420712,0.779148595669133,0.52,2,compact24,logistic
2024-03-15,1,0.7313915857605178,0.5278344248767057,0.52,2,compact24,logistic
2024-03-16,1,0.8705501618122977,0.6821631380164833,0.52,2,compact24,logistic
2024-03-17,0,0.511326860841424,0.3933918194214651,0.52,2,compact24,logistic
2024-03-18,0,0.343042071197411,0.24868830969936467,0.52,2,compact24,logistic
2024-03-19,0,0.284789644012945,0.20997445850937124,0.52,2,compact24,logistic
2024-03-20,0,0.13268608414239483,0.10860407826290483,0.52,2,compact24,logistic
2024-03-21,0,0.13592233009708737,0.11617573676758013,0.52,2,compact24,logistic
2024-03-22,0,0.2588996763754045,0.18352510316569787,0.52,2,compact24,logistic
2024-03-23,0,0.30097087378640774,0.22570249543784157,0.52,2,compact24,logistic
2024-03-24,0,0.13592233009708737,0.12380726519627784,0.52,2,compact24,logistic
2024-03-25,0,0.07119741100323625,0.07942758633380113,0.52,2,compact24,logistic
2024-03-26,0,0.006472491909385114,0.03811603985434147,0.52,2,compact24,logistic
2024-03-27,0,0.11326860841423948,0.10018976286832797,0.52,2,compact24,logistic
2024-03-28,0,0.13268608414239483,0.10808163170012755,0.52,2,compact24,logistic
2024-03-29,0,0.0744336569579288,0.08267514572248612,0.52,2,compact24,logistic
2024-03-30,0,0.18446601941747573,0.1466156653962081,0.52,2,compact24,logistic
2024-03-31,0,0.13268608414239483,0.10962136334557543,0.52,2,compact24,logistic
2024-04-08,0,0.8775,0.7096678867411962,0.6700000000000002,3,compact24,logistic
2024-04-09,0,0.925,0.7764110612557649,0.6700000000000002,3,compact24,logistic
2024-04-10,1,0.92,0.7443918623432385,0.6700000000000002,3,compact24,logistic
2024-04-11,1,0.9675,0.8356895976463805,0.6700000000000002,3,compact24,logistic
2024-04-12,0,0.92,0.7646443187577583,0.6700000000000002,3,compact24,logistic
2024-04-13,1,0.9625,0.8314819641576408,0.6700000000000002,3,compact24,logistic
2024-04-14,1,0.615,0.44547121612016916,0.6700000000000002,3,compact24,logistic
2024-04-15,1,0.46,0.34940765650109656,0.6700000000000002,3,compact24,logistic
2024-04-16,1,0.34,0.24430953336693734,0.6700000000000002,3,compact24,logistic
2024-04-17,1,0.4875,0.3612802225184538,0.6700000000000002,3,compact24,logistic
2024-04-18,1,0.5525,0.39403767910959553,0.6700000000000002,3,compact24,logistic
2024-04-19,1,0.37,0.26612860928044896,0.6700000000000002,3,compact24,logistic
2024-04-20,1,0.31,0.21817892407501815,0.6700000000000002,3,compact24,logistic
2024-04-21,0,0.22,0.15028303544575558,0.6700000000000002,3,compact24,logistic
2024-04-22,0,0.265,0.1896299383577176,0.6700000000000002,3,compact24,logistic
2024-04-23,0,0.2225,0.15414008701566578,0.6700000000000002,3,compact24,logistic
2024-04-24,0,0.19,0.1360382017570773,0.6700000000000002,3,compact24,logistic
2024-04-25,0,0.145,0.11810400092981185,0.6700000000000002,3,compact24,logistic
2024-04-26,0,0.1225,0.09269631546251014,0.6700000000000002,3,compact24,logistic
2024-04-27,0,0.16,0.12607655719502087,0.6700000000000002,3,compact24,logistic
2024-04-28,0,0.0,0.021254078363424404,0.6700000000000002,3,compact24,logistic
2024-04-29,0,0.0025,0.025931711098112698,0.6700000000000002,3,compact24,logistic
2024-04-30,0,0.0,0.019389760448047088,0.6700000000000002,3,compact24,logistic
2024-05-01,0,0.0,0.01687340383959097,0.6700000000000002,3,compact24,logistic
2024-05-02,0,0.0,0.013700102049359248,0.6700000000000002,3,compact24,logistic
2024-05-03,0,0.005,0.030739738885138375,0.6700000000000002,3,compact24,logistic
2024-05-04,0,0.035,0.05041772846876874,0.6700000000000002,3,compact24,logistic
2024-05-05,0,0.7325,0.5446000050753128,0.6700000000000002,3,compact24,logistic
2024-05-06,0,0.735,0.5512314542755343,0.6700000000000002,3,compact24,logistic
2024-05-07,0,0.79,0.605054910404998,0.6700000000000002,3,compact24,logistic
2024-05-08,0,0.76,0.5804014174712656,0.6700000000000002,3,compact24,logistic
2024-05-09,0,0.7825,0.596316742919866,0.6700000000000002,3,compact24,logistic
2024-05-10,0,0.79,0.6051840047272244,0.6700000000000002,3,compact24,logistic
2024-05-11,0,0.85,0.6795495579391948,0.6700000000000002,3,compact24,logistic
2024-05-12,0,0.7325,0.5445330007511996,0.6700000000000002,3,compact24,logistic
2024-05-13,0,0.57,0.4131766229536576,0.6700000000000002,3,compact24,logistic
2024-05-14,0,0.5525,0.39386176878773305,0.6700000000000002,3,compact24,logistic
2024-05-15,0,0.5825,0.41958279893885747,0.6700000000000002,3,compact24,logistic
2024-05-16,0,0.82,0.6279791269104518,0.6700000000000002,3,compact24,logistic
2024-05-17,1,0.79,0.6060552684854688,0.6700000000000002,3,compact24,logistic
2024-05-18,0,0.5975,0.43095273097375025,0.6700000000000002,3,compact24,logistic
2024-05-19,0,0.435,0.32777090103677703,0.6700000000000002,3,compact24,logistic
2024-05-20,0,0.37,0.26420659943373487,0.6700000000000002,3,compact24,logistic
2024-05-21,0,0.4575,0.3457854360590021,0.6700000000000002,3,compact24,logistic
2024-05-22,0,0.405,0.3018069563567865,0.6700000000000002,3,compact24,logistic
2024-05-23,0,0.6525,0.47957345258971373,0.6700000000000002,3,compact24,logistic
2024-05-24,0,0.49,0.36342603127432416,0.6700000000000002,3,compact24,logistic
2024-05-25,0,0.565,0.40752670978434496,0.6700000000000002,3,compact24,logistic
2024-05-26,0,0.025,0.04867671577605077,0.6700000000000002,3,compact24,logistic
2024-05-27,0,0.14,0.11426278554978288,0.6700000000000002,3,compact24,logistic
2024-05-28,0,0.13,0.1009122035013128,0.6700000000000002,3,compact24,logistic
2024-05-29,0,0.315,0.22088567948030668,0.6700000000000002,3,compact24,logistic
2024-05-30,0,0.1375,0.1125573236086349,0.6700000000000002,3,compact24,logistic
2024-05-31,0,0.22,0.15026033410625053,0.6700000000000002,3,compact24,logistic
2024-06-01,0,0.0375,0.05177679160959567,0.6700000000000002,3,compact24,logistic
2024-06-02,0,0.8025,0.6160276277960727,0.6700000000000002,3,compact24,logistic
2024-06-03,0,0.935,0.7982255334815034,0.6700000000000002,3,compact24,logistic
2024-06-04,0,0.92,0.746007388615784,0.6700000000000002,3,compact24,logistic
2024-06-05,0,0.78,0.5938738707277439,0.6700000000000002,3,compact24,logistic
2024-06-06,0,0.815,0.6262948133933592,0.6700000000000002,3,compact24,logistic
2024-06-07,0,0.8025,0.6172371294615995,0.6700000000000002,3,compact24,logistic
2024-06-08,0,0.9475,0.8123894754283765,0.6700000000000002,3,compact24,logistic
2024-06-09,0,0.8425,0.6704284936237115,0.6700000000000002,3,compact24,logistic
2024-06-10,0,0.605,0.43802623138248226,0.6700000000000002,3,compact24,logistic
2024-06-11,0,0.405,0.30034065353434763,0.6700000000000002,3,compact24,logistic
2024-06-12,0,0.61,0.44129504708288564,0.6700000000000002,3,compact24,logistic
2024-06-13,0,0.4575,0.3447212247909814,0.6700000000000002,3,compact24,logistic
2024-06-14,1,0.5325,0.38548463856660875,0.6700000000000002,3,compact24,logistic
2024-06-15,1,0.7825,0.5965613808419448,0.6700000000000002,3,compact24,logistic
2024-06-16,1,0.9325,0.797385558772192,0.6700000000000002,3,compact24,logistic
2024-06-17,1,0.8825,0.7190731300658714,0.6700000000000002,3,compact24,logistic
2024-06-18,1,0.92,0.7679951646382621,0.6700000000000002,3,compact24,logistic
2024-06-19,1,0.795,0.6105589778262003,0.6700000000000002,3,compact24,logistic
2024-06-20,1,0.8775,0.7076104861010679,0.6700000000000002,3,compact24,logistic
2024-06-21,1,0.92,0.747126477029969,0.6700000000000002,3,compact24,logistic
2024-06-22,0,0.7575,0.5738847153504674,0.6700000000000002,3,compact24,logistic
2024-06-23,0,0.01,0.037249225553442865,0.6700000000000002,3,compact24,logistic
2024-06-24,0,0.0325,0.05008897292238472,0.6700000000000002,3,compact24,logistic
2024-06-25,0,0.0175,0.04275356165811446,0.6700000000000002,3,compact24,logistic
2024-06-26,0,0.09,0.07109179995294929,0.6700000000000002,3,compact24,logistic
2024-06-27,0,0.0925,0.07509956106337952,0.6700000000000002,3,compact24,logistic
2024-06-28,0,0.005,0.03185822872398295,0.6700000000000002,3,compact24,logistic
2024-06-29,0,0.01,0.03678865114968927,0.6700000000000002,3,compact24,logistic
2024-06-30,0,0.095,0.0763306263419617,0.6700000000000002,3,compact24,logistic
2024-07-08,0,0.7759674134419552,0.5927753605415635,0.8500000000000003,4,compact24,logistic
2024-07-09,0,0.8289205702647657,0.6381960295001408,0.8500000000000003,4,compact24,logistic
2024-07-10,0,0.7556008146639511,0.5759688688027673,0.8500000000000003,4,compact24,logistic
2024-07-11,0,0.7107942973523421,0.5513739950332694,0.8500000000000003,4,compact24,logistic
2024-07-12,0,0.4725050916496945,0.39496259917081455,0.8500000000000003,4,compact24,logistic
2024-07-13,0,0.5926680244399185,0.47230535572233756,0.8500000000000003,4,compact24,logistic
2024-07-14,1,0.8431771894093686,0.6484950986642619,0.8500000000000003,4,compact24,logistic
2024-07-15,1,0.5743380855397149,0.4594729650178581,0.8500000000000003,4,compact24,logistic
2024-07-16,0,0.47657841140529533,0.39954531971109164,0.8500000000000003,4,compact24,logistic
2024-07-17,1,0.3604887983706721,0.29818873405048507,0.8500000000000003,4,compact24,logistic
2024-07-18,1,0.3788187372708758,0.32044052602718787,0.8500000000000003,4,compact24,logistic
2024-07-19,0,0.5458248472505092,0.44452879376982546,0.8500000000000003,4,compact24,logistic
2024-07-20,0,0.594704684317719,0.47244906149717386,0.8500000000000003,4,compact24,logistic
2024-07-21,0,0.4073319755600815,0.347913499611082,0.8500000000000003,4,compact24,logistic
2024-07-22,0,0.3788187372708758,0.31889254522292637,0.8500000000000003,4,compact24,logistic
2024-07-23,0,0.5336048879837068,0.4324415948234013,0.8500000000000003,4,compact24,logistic
2024-07-24,0,0.36863543788187375,0.3049316108864998,0.8500000000000003,4,compact24,logistic
2024-07-25,0,0.3788187372708758,0.31870759288507694,0.8500000000000003,4,compact24,logistic
2024-07-26,0,0.5743380855397149,0.45402887212368326,0.8500000000000003,4,compact24,logistic
2024-07-27,0,0.3421588594704684,0.2858149882953315,0.8500000000000003,4,compact24,logistic
2024-07-28,0,0.05091649694501019,0.07253091372177142,0.8500000000000003,4,compact24,logistic
2024-07-29,0,0.04480651731160896,0.06723104631302981,0.8500000000000003,4,compact24,logistic
2024-07-30,0,0.014256619144602852,0.03917112588107119,0.8500000000000003,4,compact24,logistic
2024-07-31,0,0.12016293279022404,0.10627333945491094,0.8500000000000003,4,compact24,logistic
2024-08-01,0,0.23421588594704684,0.20110277014425426,0.8500000000000003,4,compact24,logistic
2024-08-02,0,0.1364562118126273,0.12598339647871046,0.8500000000000003,4,compact24,logistic
2024-08-03,0,0.18126272912423624,0.15591009634313197,0.8500000000000003,4,compact24,logistic
2024-08-04,0,0.8676171079429735,0.6746401284456062,0.8500000000000003,4,compact24,logistic
2024-08-05,0,0.869653767820774,0.6764036875302878,0.8500000000000003,4,compact24,logistic
2024-08-06,0,0.9083503054989817,0.743981399275318,0.8500000000000003,4,compact24,logistic
2024-08-07,0,0.9205702647657841,0.7676954218315991,0.8500000000000003,4,compact24,logistic
2024-08-08,0,0.955193482688391,0.8028556926513052,0.8500000000000003,4,compact24,logistic
2024-08-09,0,0.9592668024439919,0.8172395707148948,0.8500000000000003,4,compact24,logistic
2024-08-10,0,0.955193482688391,0.8006974852604305,0.8500000000000003,4,compact24,logistic
2024-08-11,0,0.814663951120163,0.6314857561019587,0.8500000000000003,4,compact24,logistic
2024-08-12,0,0.7963340122199593,0.6110688594017125,0.8500000000000003,4,compact24,logistic
2024-08-13,0,0.8981670061099797,0.713146266291767,0.8500000000000003,4,compact24,logistic
2024-08-14,1,0.7983706720977597,0.6123296587170427,0.8500000000000003,4,compact24,logistic
2024-08-15,0,0.6741344195519349,0.5292710123745373,0.8500000000000003,4,compact24,logistic
2024-08-16,0,0.5845213849287169,0.4654455724106024,0.8500000000000003,4,compact24,logistic
2024-08-17,0,0.4378818737270876,0.37465236212112557,0.8500000000000003,4,compact24,logistic
2024-08-18,0,0.725050916496945,0.5638611672834761,0.8500000000000003,4,compact24,logistic
2024-08-19,0,0.6985743380855397,0.5441548128521908,0.8500000000000003,4,compact24,logistic
2023-07-08,0,0.6,0.3205978260904651,0.7600000000000002,0,compact24,extra_trees
2023-07-09,0,0.552,0.2956405443278581,0.7600000000000002,0,compact24,extra_trees
2023-07-10,0,0.16,0.14869702344864888,0.7600000000000002,0,compact24,extra_trees
2023-07-11,0,0.728,0.37566423564157647,0.7600000000000002,0,compact24,extra_trees
2023-07-12,0,0.576,0.3104282379781186,0.7600000000000002,0,compact24,extra_trees
2023-07-13,1,0.76,0.4254599526489151,0.7600000000000002,0,compact24,extra_trees
2023-07-14,1,0.752,0.4001461000116364,0.7600000000000002,0,compact24,extra_trees
2023-07-15,0,0.168,0.15655035580622711,0.7600000000000002,0,compact24,extra_trees
2023-07-16,0,0.544,0.28918034116265784,0.7600000000000002,0,compact24,extra_trees
2023-07-17,0,0.76,0.41159380633683357,0.7600000000000002,0,compact24,extra_trees
2023-07-18,0,0.608,0.32633164507124435,0.7600000000000002,0,compact24,extra_trees
2023-07-19,0,0.544,0.2860124122608024,0.7600000000000002,0,compact24,extra_trees
2023-07-20,0,0.76,0.4241741820296982,0.7600000000000002,0,compact24,extra_trees
2023-07-21,0,0.64,0.3351502408817769,0.7600000000000002,0,compact24,extra_trees
2023-07-22,0,0.248,0.20300136583964495,0.7600000000000002,0,compact24,extra_trees
2023-07-23,0,0.168,0.16180799666159304,0.7600000000000002,0,compact24,extra_trees
2023-07-24,0,0.04,0.0888116724258662,0.7600000000000002,0,compact24,extra_trees
2023-07-25,0,0.168,0.1500044023592522,0.7600000000000002,0,compact24,extra_trees
2023-07-26,0,0.12,0.13789747917752224,0.7600000000000002,0,compact24,extra_trees
2023-07-27,0,0.048,0.09878556583030786,0.7600000000000002,0,compact24,extra_trees
2023-07-28,0,0.24,0.19244275716123477,0.7600000000000002,0,compact24,extra_trees
2023-07-29,0,0.088,0.12145069105768225,0.7600000000000002,0,compact24,extra_trees
2023-07-30,0,0.264,0.20692211428447774,0.7600000000000002,0,compact24,extra_trees
2023-07-31,0,0.568,0.30553065530605716,0.7600000000000002,0,compact24,extra_trees
2023-08-01,0,0.576,0.3086123515361705,0.7600000000000002,0,compact24,extra_trees
2023-08-02,0,0.352,0.233489222567459,0.7600000000000002,0,compact24,extra_trees
2023-08-03,0,0.472,0.26016065219221074,0.7600000000000002,0,compact24,extra_trees
2023-08-04,0,0.648,0.339835506707983,0.7600000000000002,0,compact24,extra_trees
2023-08-05,0,0.64,0.3381971161618819,0.7600000000000002,0,compact24,extra_trees
2023-08-06,0,0.904,0.6109484429480675,0.7600000000000002,0,compact24,extra_trees
2023-08-07,0,0.752,0.39222347383530015,0.7600000000000002,0,compact24,extra_trees
2023-08-08,0,0.64,0.33834857680776464,0.7600000000000002,0,compact24,extra_trees
2023-08-09,0,0.64,0.33813206620476366,0.7600000000000002,0,compact24,extra_trees
2023-08-10,0,0.68,0.3548950881432253,0.7600000000000002,0,compact24,extra_trees
2023-08-11,0,0.784,0.45323409040771423,0.7600000000000002,0,compact24,extra_trees
2023-08-12,0,0.896,0.5548999374463406,0.7600000000000002,0,compact24,extra_trees
2023-08-13,0,0.496,0.2688510989866278,0.7600000000000002,0,compact24,extra_trees
2023-08-14,0,0.6,0.3165617435104481,0.7600000000000002,0,compact24,extra_trees
2023-08-15,0,0.752,0.3984223972357513,0.7600000000000002,0,compact24,extra_trees
2023-08-16,0,0.616,0.33114356021121155,0.7600000000000002,0,compact24,extra_trees
2023-08-17,0,0.768,0.4311861762793823,0.7600000000000002,0,compact24,extra_trees
2023-08-18,1,0.6,0.3165530551552555,0.7600000000000002,0,compact24,extra_trees
2023-08-19,0,0.384,0.24287664565254896,0.7600000000000002,0,compact24,extra_trees
2023-08-20,0,0.88,0.5275967771183533,0.7600000000000002,0,compact24,extra_trees
2023-08-21,0,0.76,0.4091886626619469,0.7600000000000002,0,compact24,extra_trees
2023-08-22,0,0.904,0.5822027209242646,0.7600000000000002,0,compact24,extra_trees
2023-08-23,0,0.784,0.4433890610954358,0.7600000000000002,0,compact24,extra_trees
2023-08-24,0,0.808,0.4716434129297263,0.7600000000000002,0,compact24,extra_trees
2023-08-25,0,0.208,0.17694498643921353,0.7600000000000002,0,compact24,extra_trees
2023-08-26,0,0.872,0.5140328667262769,0.7600000000000002,0,compact24,extra_trees
2023-08-27,0,0.6,0.31927699224245826,0.7600000000000002,0,compact24,extra_trees
2023-08-28,0,0.208,0.17674488337804362,0.7600000000000002,0,compact24,extra_trees
2023-08-29,0,0.088,0.12083536660965348,0.7600000000000002,0,compact24,extra_trees
2023-08-30,0,0.2,0.1730717566245766,0.7600000000000002,0,compact24,extra_trees
2023-08-31,0,0.496,0.26898143926097456,0.7600000000000002,0,compact24,extra_trees
2023-09-01,0,0.752,0.39093004651255453,0.7600000000000002,0,compact24,extra_trees
2023-09-02,0,0.288,0.2102029274616934,0.7600000000000002,0,compact24,extra_trees
2023-09-03,0,0.816,0.47552849220754667,0.7600000000000002,0,compact24,extra_trees
2023-09-04,0,0.784,0.4529334274726491,0.7600000000000002,0,compact24,extra_trees
2023-09-05,1,0.784,0.446153439880408,0.7600000000000002,0,compact24,extra_trees
2023-09-06,1,0.712,0.3667006766097885,0.7600000000000002,0,compact24,extra_trees
2023-09-07,1,0.784,0.45068407282070033,0.7600000000000002,0,compact24,extra_trees
2023-09-08,1,0.904,0.58791554893116,0.7600000000000002,0,compact24,extra_trees
2023-09-09,0,0.8,0.46558748448631215,0.7600000000000002,0,compact24,extra_trees
2023-09-10,0,0.504,0.27335744143718127,0.7600000000000002,0,compact24,extra_trees
2023-09-11,0,0.368,0.23444333451359556,0.7600000000000002,0,compact24,extra_trees
2023-09-12,0,0.784,0.4613259237752768,0.7600000000000002,0,compact24,extra_trees
2023-09-13,0,0.392,0.24561005647118697,0.7600000000000002,0,compact24,extra_trees
2023-09-14,0,0.472,0.2666215756340624,0.7600000000000002,0,compact24,extra_trees
2023-09-15,0,0.128,0.1426049508472104,0.7600000000000002,0,compact24,extra_trees
2023-09-16,0,0.64,0.3349901560653591,0.7600000000000002,0,compact24,extra_trees
2023-09-17,0,0.408,0.2488058043913349,0.7600000000000002,0,compact24,extra_trees
2023-09-18,0,0.256,0.20465059463312646,0.7600000000000002,0,compact24,extra_trees
2023-09-19,0,0.536,0.27774353562950715,0.7600000000000002,0,compact24,extra_trees
2023-09-20,0,0.544,0.2911859778090088,0.7600000000000002,0,compact24,extra_trees
2023-09-21,0,0.728,0.3737456907101183,0.7600000000000002,0,compact24,extra_trees
2023-09-22,0,0.496,0.26841835924516727,0.7600000000000002,0,compact24,extra_trees
2023-09-23,0,0.496,0.2716084276197478,0.7600000000000002,0,compact24,extra_trees
2023-09-24,0,0.008,0.0695316126645446,0.7600000000000002,0,compact24,extra_trees
2023-09-25,0,0.0,0.044259404867052085,0.7600000000000002,0,compact24,extra_trees
2023-09-26,0,0.568,0.3049551514928099,0.7600000000000002,0,compact24,extra_trees
2023-09-27,0,0.168,0.1603851060765239,0.7600000000000002,0,compact24,extra_trees
2023-09-28,0,0.208,0.17742616221945928,0.7600000000000002,0,compact24,extra_trees
2023-09-29,0,0.376,0.23793249972747563,0.7600000000000002,0,compact24,extra_trees
2023-09-30,0,0.24,0.1922520334106471,0.7600000000000002,0,compact24,extra_trees
2023-10-08,0,0.7603686635944701,0.43872743513682955,0.6700000000000002,1,compact24,extra_trees
2023-10-09,0,0.8018433179723502,0.48885803665962524,0.6700000000000002,1,compact24,extra_trees
2023-10-10,0,0.7788018433179723,0.44715087806084575,0.6700000000000002,1,compact24,extra_trees
2023-10-11,0,0.7327188940092166,0.42353142300594376,0.6700000000000002,1,compact24,extra_trees
2023-10-12,0,0.7972350230414746,0.4780181820034005,0.6700000000000002,1,compact24,extra_trees
2023-10-13,1,0.41013824884792627,0.24463766130982334,0.6700000000000002,1,compact24,extra_trees
2023-10-14,1,0.663594470046083,0.3740995732084198,0.6700000000000002,1,compact24,extra_trees
2023-10-15,0,0.7972350230414746,0.4579374317331354,0.6700000000000002,1,compact24,extra_trees
2023-10-16,1,0.7142857142857143,0.4161820189751578,0.6700000000000002,1,compact24,extra_trees
2023-10-17,1,0.7557603686635944,0.43065306528568176,0.6700000000000002,1,compact24,extra_trees
2023-10-18,0,0.631336405529954,0.3488864105134783,0.6700000000000002,1,compact24,extra_trees
2023-10-19,0,0.3087557603686636,0.1937844798598253,0.6700000000000002,1,compact24,extra_trees
2023-10-20,0,0.576036866359447,0.3148872437335126,0.6700000000000002,1,compact24,extra_trees
2023-10-21,0,0.5391705069124424,0.30265176541435046,0.6700000000000002,1,compact24,extra_trees
2023-10-22,0,0.09216589861751152,0.10728810704132259,0.6700000000000002,1,compact24,extra_trees
2023-10-23,0,0.17511520737327188,0.13814800500293598,0.6700000000000002,1,compact24,extra_trees
2023-10-24,0,0.4608294930875576,0.26797401450771474,0.6700000000000002,1,compact24,extra_trees
2023-10-25,0,0.02304147465437788,0.058713314909151916,0.6700000000000002,1,compact24,extra_trees
2023-10-26,0,0.09216589861751152,0.1000680825722227,0.6700000000000002,1,compact24,extra_trees
2023-10-27,0,0.059907834101382486,0.08333806713402332,0.6700000000000002,1,compact24,extra_trees
2023-10-28,0,0.10138248847926268,0.11067691484541252,0.6700000000000002,1,compact24,extra_trees
2023-10-29,0,0.3456221198156682,0.21735186964253603,0.6700000000000002,1,compact24,extra_trees
2023-10-30,0,0.5023041474654378,0.28175958786912786,0.6700000000000002,1,compact24,extra_trees
2023-10-31,0,0.5161290322580645,0.2865005027507671,0.6700000000000002,1,compact24,extra_trees
2023-11-01,0,0.7788018433179723,0.45063723585780857,0.6700000000000002,1,compact24,extra_trees
2023-11-02,0,0.7557603686635944,0.43453623636855127,0.6700000000000002,1,compact24,extra_trees
2023-11-03,0,0.7050691244239631,0.4020042625718559,0.6700000000000002,1,compact24,extra_trees
2023-11-04,0,0.8202764976958525,0.49858068911311987,0.6700000000000002,1,compact24,extra_trees
2023-11-05,0,0.7511520737327189,0.4297873601926061,0.6700000000000002,1,compact24,extra_trees
2023-11-06,0,0.7972350230414746,0.463821702297056,0.6700000000000002,1,compact24,extra_trees
2023-11-07,0,0.8847926267281107,0.5648967867798369,0.6700000000000002,1,compact24,extra_trees
2023-11-08,0,0.8341013824884793,0.5047339361765621,0.6700000000000002,1,compact24,extra_trees
2023-11-09,1,0.9170506912442397,0.6410608109708927,0.6700000000000002,1,compact24,extra_trees
2023-11-10,1,0.7142857142857143,0.41217859158877534,0.6700000000000002,1,compact24,extra_trees
2023-11-11,0,0.7327188940092166,0.42319922964094164,0.6700000000000002,1,compact24,extra_trees
2023-11-12,0,0.46543778801843316,0.2732761713789793,0.6700000000000002,1,compact24,extra_trees
2023-11-13,1,0.7142857142857143,0.41229865259271314,0.6700000000000002,1,compact24,extra_trees
2023-11-14,1,0.7419354838709677,0.4290722848761351,0.6700000000000002,1,compact24,extra_trees
2023-11-15,0,0.4423963133640553,0.26195018029389583,0.6700000000000002,1,compact24,extra_trees
2023-11-16,0,0.2857142857142857,0.18456009562993353,0.6700000000000002,1,compact24,extra_trees
2023-11-17,0,0.10138248847926268,0.11060293000692582,0.6700000000000002,1,compact24,extra_trees
2023-11-18,0,0.4423963133640553,0.2624814149732552,0.6700000000000002,1,compact24,extra_trees
2023-11-19,0,0.3456221198156682,0.2175392398310305,0.6700000000000002,1,compact24,extra_trees
2023-11-20,0,0.6082949308755761,0.336419053957616,0.6700000000000002,1,compact24,extra_trees
2023-11-21,0,0.09216589861751152,0.10286527691011317,0.6700000000000002,1,compact24,extra_trees
2023-11-22,0,0.39631336405529954,0.2325521178225386,0.6700000000000002,1,compact24,extra_trees
2023-11-23,0,0.5207373271889401,0.29169161977479546,0.6700000000000002,1,compact24,extra_trees
2023-11-24,0,0.5207373271889401,0.29365887219197145,0.6700000000000002,1,compact24,extra_trees
2023-11-25,0,0.3317972350230415,0.20510928383291865,0.6700000000000002,1,compact24,extra_trees
2023-11-26,0,0.3456221198156682,0.21742576372757272,0.6700000000000002,1,compact24,extra_trees
2023-11-27,0,0.02304147465437788,0.05847040070696523,0.6700000000000002,1,compact24,extra_trees
2023-11-28,0,0.16129032258064516,0.13354995964001726,0.6700000000000002,1,compact24,extra_trees
2023-11-29,0,0.2119815668202765,0.14777795919078068,0.6700000000000002,1,compact24,extra_trees
2023-11-30,0,0.3225806451612903,0.19758236569267285,0.6700000000000002,1,compact24,extra_trees
2023-12-01,0,0.3317972350230415,0.20350390932664952,0.6700000000000002,1,compact24,extra_trees
2023-12-02,0,0.4009216589861751,0.23735959292163608,0.6700000000000002,1,compact24,extra_trees
2023-12-03,0,0.9170506912442397,0.6384153169519418,0.6700000000000002,1,compact24,extra_trees
2023-12-04,0,0.9631336405529954,0.7094153249744835,0.6700000000000002,1,compact24,extra_trees
2023-12-05,0,0.9447004608294931,0.6859449380303027,0.6700000000000002,1,compact24,extra_trees
2023-12-06,0,0.9447004608294931,0.6888257775461093,0.6700000000000002,1,compact24,extra_trees
2023-12-07,1,0.9631336405529954,0.7104609176592528,0.6700000000000002,1,compact24,extra_trees
2023-12-08,0,0.8940092165898618,0.5980179753353956,0.6700000000000002,1,compact24,extra_trees
2023-12-09,0,0.9216589861751152,0.6475863260607402,0.6700000000000002,1,compact24,extra_trees
2023-12-10,1,0.8940092165898618,0.5954492885826881,0.6700000000000002,1,compact24,extra_trees
2023-12-11,1,0.8018433179723502,0.480901820428883,0.6700000000000002,1,compact24,extra_trees
2023-12-12,1,0.7788018433179723,0.44552294352368493,0.6700000000000002,1,compact24,extra_trees
2023-12-13,1,0.7557603686635944,0.43475414936658696,0.6700000000000002,1,compact24,extra_trees
2023-12-14,1,0.663594470046083,0.36708933156514606,0.6700000000000002,1,compact24,extra_trees
2023-12-15,1,0.18433179723502305,0.1422952069044153,0.6700000000000002,1,compact24,extra_trees
2023-12-16,0,0.3317972350230415,0.20607241727843154,0.6700000000000002,1,compact24,extra_trees
2023-12-17,0,0.16129032258064516,0.13249420435933068,0.6700000000000002,1,compact24,extra_trees
2023-12-18,0,0.663594470046083,0.3670652059270774,0.6700000000000002,1,compact24,extra_trees
2023-12-19,0,0.4608294930875576,0.2675082634307995,0.6700000000000002,1,compact24,extra_trees
2023-12-20,0,0.6728110599078341,0.3798763679910212,0.6700000000000002,1,compact24,extra_trees
2023-12-21,0,0.14746543778801843,0.12804494365394808,0.6700000000000002,1,compact24,extra_trees
2023-12-22,0,0.41013824884792627,0.24523957633627508,0.6700000000000002,1,compact24,extra_trees
2023-12-23,0,0.35023041474654376,0.21861483871823537,0.6700000000000002,1,compact24,extra_trees
2023-12-24,0,0.04608294930875576,0.07653936072125224,0.6700000000000002,1,compact24,extra_trees
2023-12-25,0,0.018433179723502304,0.05775735930724627,0.6700000000000002,1,compact24,extra_trees
2023-12-26,0,0.2626728110599078,0.17614294143425183,0.6700000000000002,1,compact24,extra_trees
2023-12-27,0,0.041474654377880185,0.06992831775500481,0.6700000000000002,1,compact24,extra_trees
2023-12-28,0,0.23963133640552994,0.16467625181705706,0.6700000000000002,1,compact24,extra_trees
2023-12-29,0,0.10138248847926268,0.10917734190943926,0.6700000000000002,1,compact24,extra_trees
2023-12-30,0,0.17511520737327188,0.1395124190378434,0.6700000000000002,1,compact24,extra_trees
2023-12-31,0,0.7511520737327189,0.43011428019676423,0.6700000000000002,1,compact24,extra_trees
2024-01-08,0,0.7766990291262136,0.5379079732926586,0.5700000000000001,2,compact24,extra_trees
2024-01-09,0,0.9158576051779935,0.6216604538491528,0.5700000000000001,2,compact24,extra_trees
2024-01-10,0,0.86084142394822,0.5908078400217674,0.5700000000000001,2,compact24,extra_trees
2024-01-11,1,0.7216828478964401,0.49493587986109994,0.5700000000000001,2,compact24,extra_trees
2024-01-12,1,0.8737864077669902,0.604799869859139,0.5700000000000001,2,compact24,extra_trees
2024-01-13,1,0.8737864077669902,0.6037641186659084,0.5700000000000001,2,compact24,extra_trees
2024-01-14,1,0.8090614886731392,0.5578328234772558,0.5700000000000001,2,compact24,extra_trees
2024-01-15,1,0.7864077669902912,0.5474428914581776,0.5700000000000001,2,compact24,extra_trees
2024-01-16,0,0.7766990291262136,0.5384801818586209,0.5700000000000001,2,compact24,extra_trees
2024-01-17,1,0.9061488673139159,0.6142929518740399,0.5700000000000001,2,compact24,extra_trees
2024-01-18,1,0.8576051779935275,0.5900705689981125,0.5700000000000001,2,compact24,extra_trees
2024-01-19,1,0.4854368932038835,0.3553977906820105,0.5700000000000001,2,compact24,extra_trees
2024-01-20,0,0.42071197411003236,0.31446885632168087,0.5700000000000001,2,compact24,extra_trees
2024-01-21,0,0.23948220064724918,0.16714404420464082,0.5700000000000001,2,compact24,extra_trees
2024-01-22,0,0.1488673139158576,0.11380377340288564,0.5700000000000001,2,compact24,extra_trees
2024-01-23,0,0.18446601941747573,0.13000737814578622,0.5700000000000001,2,compact24,extra_trees
2024-01-24,0,0.1262135922330097,0.10437604197805676,0.5700000000000001,2,compact24,extra_trees
2024-01-25,0,0.43042071197411,0.31821866771470864,0.5700000000000001,2,compact24,extra_trees
2024-01-26,0,0.1553398058252427,0.11737297112463395,0.5700000000000001,2,compact24,extra_trees
2024-01-27,0,0.2750809061488673,0.1953140554206742,0.5700000000000001,2,compact24,extra_trees
2024-01-28,0,0.03559870550161812,0.06783203086567025,0.5700000000000001,2,compact24,extra_trees
2024-01-29,0,0.11650485436893204,0.09606603645155314,0.5700000000000001,2,compact24,extra_trees
2024-01-30,1,0.06472491909385113,0.07975744657545293,0.5700000000000001,2,compact24,extra_trees
2024-01-31,0,0.24919093851132687,0.17538047486795227,0.5700000000000001,2,compact24,extra_trees
2024-02-01,0,0.10679611650485436,0.09132621765161562,0.5700000000000001,2,compact24,extra_trees
2024-02-02,0,0.06472491909385113,0.07981192086211021,0.5700000000000001,2,compact24,extra_trees
2024-02-03,0,0.1262135922330097,0.10402088616806311,0.5700000000000001,2,compact24,extra_trees
2024-02-04,0,0.8737864077669902,0.602781280153216,0.5700000000000001,2,compact24,extra_trees
2024-02-05,0,0.9158576051779935,0.618593899146459,0.5700000000000001,2,compact24,extra_trees
2024-02-06,0,0.9223300970873787,0.6330107331005376,0.5700000000000001,2,compact24,extra_trees
2024-02-07,0,0.7993527508090615,0.5538146730783574,0.5700000000000001,2,compact24,extra_trees
2024-02-08,0,0.9546925566343042,0.712648411464774,0.5700000000000001,2,compact24,extra_trees
2024-02-09,0,0.9773462783171522,0.7673497818903193,0.5700000000000001,2,compact24,extra_trees
2024-02-10,0,0.9288025889967637,0.6526193496799739,0.5700000000000001,2,compact24,extra_trees
2024-02-11,0,0.627831715210356,0.43662588902722366,0.5700000000000001,2,compact24,extra_trees
2024-02-12,0,0.5048543689320388,0.3758224636330614,0.5700000000000001,2,compact24,extra_trees
2024-02-13,0,0.3851132686084142,0.2827274510415475,0.5700000000000001,2,compact24,extra_trees
2024-02-14,0,0.3559870550161812,0.2623809235384885,0.5700000000000001,2,compact24,extra_trees
2024-02-15,0,0.3559870550161812,0.2618956629633559,0.5700000000000001,2,compact24,extra_trees
2024-02-16,0,0.36893203883495146,0.2737483123140851,0.5700000000000001,2,compact24,extra_trees
2024-02-17,0,0.3851132686084142,0.2801959436304426,0.5700000000000001,2,compact24,extra_trees
2024-02-18,0,0.4045307443365696,0.3012016042739227,0.5700000000000001,2,compact24,extra_trees
2024-02-19,0,0.33980582524271846,0.2544372544831037,0.5700000000000001,2,compact24,extra_trees
2024-02-20,0,0.6601941747572816,0.4533600201783579,0.5700000000000001,2,compact24,extra_trees
2024-02-21,0,0.4563106796116505,0.33678592984736433,0.5700000000000001,2,compact24,extra_trees
2024-02-22,0,0.5242718446601942,0.386269032282101,0.5700000000000001,2,compact24,extra_trees
2024-02-23,0,0.540453074433657,0.3901610829127919,0.5700000000000001,2,compact24,extra_trees
2024-02-24,0,0.5048543689320388,0.37529724294856165,0.5700000000000001,2,compact24,extra_trees
2024-02-25,0,0.025889967637540454,0.05359708957169696,0.5700000000000001,2,compact24,extra_trees
2024-02-26,0,0.02912621359223301,0.06260302721598544,0.5700000000000001,2,compact24,extra_trees
2024-02-27,0,0.11650485436893204,0.09579892542229075,0.5700000000000001,2,compact24,extra_trees
2024-02-28,0,0.1488673139158576,0.11621416521183382,0.5700000000000001,2,compact24,extra_trees
2024-02-29,0,0.22006472491909385,0.1490449014894445,0.5700000000000001,2,compact24,extra_trees
2024-03-01,0,0.1488673139158576,0.11452435250686677,0.5700000000000001,2,compact24,extra_trees
2024-03-02,0,0.2524271844660194,0.1767670723445339,0.5700000000000001,2,compact24,extra_trees
2024-03-03,0,0.7734627831715211,0.5321950600803392,0.5700000000000001,2,compact24,extra_trees
2024-03-04,0,0.7766990291262136,0.5401061884340959,0.5700000000000001,2,compact24,extra_trees
2024-03-05,0,0.7961165048543689,0.5521399239728645,0.5700000000000001,2,compact24,extra_trees
2024-03-06,0,0.5566343042071198,0.40034180564625665,0.5700000000000001,2,compact24,extra_trees
2024-03-07,0,0.8705501618122977,0.6010897979807149,0.5700000000000001,2,compact24,extra_trees
2024-03-08,0,0.9029126213592233,0.6128736090364423,0.5700000000000001,2,compact24,extra_trees
2024-03-09,1,0.7734627831715211,0.535114009519358,0.5700000000000001,2,compact24,extra_trees
2024-03-10,1,0.9741100323624595,0.7608277144365012,0.5700000000000001,2,compact24,extra_trees
2024-03-11,1,0.970873786407767,0.7504718145172508,0.5700000000000001,2,compact24,extra_trees
2024-03-12,1,0.970873786407767,0.7490447866230341,0.5700000000000001,2,compact24,extra_trees
2024-03-13,1,0.9741100323624595,0.7568399055369764,0.5700000000000001,2,compact24,extra_trees
2024-03-14,1,0.9320388349514563,0.6591102600646145,0.5700000000000001,2,compact24,extra_trees
2024-03-15,1,0.7281553398058253,0.49671530429160715,0.5700000000000001,2,compact24,extra_trees
2024-03-16,1,0.8511326860841424,0.5816472632779186,0.5700000000000001,2,compact24,extra_trees
2024-03-17,0,0.5048543689320388,0.37413774675727424,0.5700000000000001,2,compact24,extra_trees
2024-03-18,0,0.3268608414239482,0.2466775817490999,0.5700000000000001,2,compact24,extra_trees
2024-03-19,0,0.19093851132686085,0.1325270047630474,0.5700000000000001,2,compact24,extra_trees
2024-03-20,0,0.2750809061488673,0.19949234949629568,0.5700000000000001,2,compact24,extra_trees
2024-03-21,0,0.24919093851132687,0.17237568443757095,0.5700000000000001,2,compact24,extra_trees
2024-03-22,0,0.23948220064724918,0.16694345282439627,0.5700000000000001,2,compact24,extra_trees
2024-03-23,0,0.26537216828478966,0.18936220484892832,0.5700000000000001,2,compact24,extra_trees
2024-03-24,0,0.03559870550161812,0.06752115279031835,0.5700000000000001,2,compact24,extra_trees
2024-03-25,0,0.2168284789644013,0.14605986614630417,0.5700000000000001,2,compact24,extra_trees
2024-03-26,0,0.03559870550161812,0.06868276500424257,0.5700000000000001,2,compact24,extra_trees
2024-03-27,0,0.061488673139158574,0.07843066232226102,0.5700000000000001,2,compact24,extra_trees
2024-03-28,0,0.12944983818770225,0.10539284099168547,0.5700000000000001,2,compact24,extra_trees
2024-03-29,0,0.06796116504854369,0.08324026335874414,0.5700000000000001,2,compact24,extra_trees
2024-03-30,0,0.1488673139158576,0.11570649560698573,0.5700000000000001,2,compact24,extra_trees
2024-03-31,0,0.15857605177993528,0.11955240218124695,0.5700000000000001,2,compact24,extra_trees
2024-04-08,0,0.975,0.7610729495769719,0.6100000000000001,3,compact24,extra_trees
2024-04-09,0,0.9775,0.7646070051677542,0.6100000000000001,3,compact24,extra_trees
2024-04-10,1,0.92,0.6864961347127848,0.6100000000000001,3,compact24,extra_trees
2024-04-11,1,0.95,0.7279715494259165,0.6100000000000001,3,compact24,extra_trees
2024-04-12,0,0.9075,0.6699318767764708,0.6100000000000001,3,compact24,extra_trees
2024-04-13,1,0.92,0.6942133289341392,0.6100000000000001,3,compact24,extra_trees
2024-04-14,1,0.8525,0.6048085327506266,0.6100000000000001,3,compact24,extra_trees
2024-04-15,1,0.645,0.4585518969731815,0.6100000000000001,3,compact24,extra_trees
2024-04-16,1,0.4475,0.32878828716479425,0.6100000000000001,3,compact24,extra_trees
2024-04-17,1,0.4475,0.3296462457142305,0.6100000000000001,3,compact24,extra_trees
2024-04-18,1,0.5625,0.41379567949856116,0.6100000000000001,3,compact24,extra_trees
2024-04-19,1,0.46,0.3403506679896184,0.6100000000000001,3,compact24,extra_trees
2024-04-20,1,0.375,0.28083664103494493,0.6100000000000001,3,compact24,extra_trees
2024-04-21,0,0.0325,0.07778498459809233,0.6100000000000001,3,compact24,extra_trees
2024-04-22,0,0.0575,0.08771462398236118,0.6100000000000001,3,compact24,extra_trees
2024-04-23,0,0.0825,0.10770507257954708,0.6100000000000001,3,compact24,extra_trees
2024-04-24,0,0.065,0.09107939453612347,0.6100000000000001,3,compact24,extra_trees
2024-04-25,0,0.0675,0.0924316032889177,0.6100000000000001,3,compact24,extra_trees
2024-04-26,0,0.065,0.09156814071761751,0.6100000000000001,3,compact24,extra_trees
2024-04-27,0,0.03,0.07598683045040487,0.6100000000000001,3,compact24,extra_trees
2024-04-28,0,0.0575,0.0882682954964671,0.6100000000000001,3,compact24,extra_trees
2024-04-29,0,0.0,0.02683909907927626,0.6100000000000001,3,compact24,extra_trees
2024-04-30,0,0.0025,0.04456571325763652,0.6100000000000001,3,compact24,extra_trees
2024-05-01,0,0.0,0.03803064281645073,0.6100000000000001,3,compact24,extra_trees
2024-05-02,0,0.0175,0.05657787605650299,0.6100000000000001,3,compact24,extra_trees
2024-05-03,0,0.015,0.05422110582414116,0.6100000000000001,3,compact24,extra_trees
2024-05-04,0,0.1575,0.129663609865572,0.6100000000000001,3,compact24,extra_trees
2024-05-05,0,0.82,0.5808194041924891,0.6100000000000001,3,compact24,extra_trees
2024-05-06,0,0.815,0.5767154512464835,0.6100000000000001,3,compact24,extra_trees
2024-05-07,0,0.8525,0.5989823517571485,0.6100000000000001,3,compact24,extra_trees
2024-05-08,0,0.815,0.5765018951348995,0.6100000000000001,3,compact24,extra_trees
2024-05-09,0,0.775,0.5343697976410834,0.6100000000000001,3,compact24,extra_trees
2024-05-10,0,0.6875,0.47744495972490586,0.6100000000000001,3,compact24,extra_trees
2024-05-11,0,0.87,0.6238694392064577,0.6100000000000001,3,compact24,extra_trees
2024-05-12,0,0.805,0.5602723303668455,0.6100000000000001,3,compact24,extra_trees
2024-05-13,0,0.645,0.455132662578535,0.6100000000000001,3,compact24,extra_trees
2024-05-14,0,0.595,0.4303432931720977,0.6100000000000001,3,compact24,extra_trees
2024-05-15,0,0.58,0.4212181220941195,0.6100000000000001,3,compact24,extra_trees
2024-05-16,0,0.6625,0.46753962098007235,0.6100000000000001,3,compact24,extra_trees
2024-05-17,1,0.7825,0.5456835373344125,0.6100000000000001,3,compact24,extra_trees
2024-05-18,0,0.675,0.47155337864057817,0.6100000000000001,3,compact24,extra_trees
2024-05-19,0,0.525,0.3892809282206259,0.6100000000000001,3,compact24,extra_trees
2024-05-20,0,0.4075,0.301324258444935,0.6100000000000001,3,compact24,extra_trees
2024-05-21,0,0.585,0.42589333152876235,0.6100000000000001,3,compact24,extra_trees
2024-05-22,0,0.6425,0.45376990509245024,0.6100000000000001,3,compact24,extra_trees
2024-05-23,0,0.76,0.5213479085288117,0.6100000000000001,3,compact24,extra_trees
2024-05-24,0,0.4025,0.29867462258750976,0.6100000000000001,3,compact24,extra_trees
2024-05-25,0,0.4225,0.30884768334851614,0.6100000000000001,3,compact24,extra_trees
2024-05-26,0,0.08,0.10370327083348718,0.6100000000000001,3,compact24,extra_trees
2024-05-27,0,0.1975,0.1490875316068582,0.6100000000000001,3,compact24,extra_trees
2024-05-28,0,0.2775,0.21363073607612884,0.6100000000000001,3,compact24,extra_trees
2024-05-29,0,0.24,0.17148587596720177,0.6100000000000001,3,compact24,extra_trees
2024-05-30,0,0.19,0.14065954368819727,0.6100000000000001,3,compact24,extra_trees
2024-05-31,0,0.125,0.1210406675970788,0.6100000000000001,3,compact24,extra_trees
2024-06-01,0,0.26,0.19006597775849787,0.6100000000000001,3,compact24,extra_trees
2024-06-02,0,0.8525,0.6036866951109343,0.6100000000000001,3,compact24,extra_trees
2024-06-03,0,0.96,0.7372764635200728,0.6100000000000001,3,compact24,extra_trees
2024-06-04,0,0.8825,0.6346350130122819,0.6100000000000001,3,compact24,extra_trees
2024-06-05,0,0.905,0.6669837048500329,0.6100000000000001,3,compact24,extra_trees
2024-06-06,0,0.8925,0.651674912857582,0.6100000000000001,3,compact24,extra_trees
2024-06-07,0,0.92,0.688987393199454,0.6100000000000001,3,compact24,extra_trees
2024-06-08,0,0.9075,0.6795368583137735,0.6100000000000001,3,compact24,extra_trees
2024-06-09,0,0.69,0.48028509189396373,0.6100000000000001,3,compact24,extra_trees
2024-06-10,0,0.505,0.38007649962386664,0.6100000000000001,3,compact24,extra_trees
2024-06-11,0,0.4675,0.3443347133751707,0.6100000000000001,3,compact24,extra_trees
2024-06-12,0,0.485,0.36515234630459403,0.6100000000000001,3,compact24,extra_trees
2024-06-13,0,0.495,0.37303318746945546,0.6100000000000001,3,compact24,extra_trees
2024-06-14,1,0.4725,0.3465544791370408,0.6100000000000001,3,compact24,extra_trees
2024-06-15,1,0.625,0.44108614649912553,0.6100000000000001,3,compact24,extra_trees
2024-06-16,1,0.9475,0.7206373239231942,0.6100000000000001,3,compact24,extra_trees
2024-06-17,1,0.815,0.5751044523738843,0.6100000000000001,3,compact24,extra_trees
2024-06-18,1,0.9075,0.6706657504716219,0.6100000000000001,3,compact24,extra_trees
2024-06-19,1,0.815,0.5736117402975048,0.6100000000000001,3,compact24,extra_trees
2024-06-20,1,0.7675,0.532455704780024,0.6100000000000001,3,compact24,extra_trees
2024-06-21,1,0.7625,0.5278369976802278,0.6100000000000001,3,compact24,extra_trees
2024-06-22,0,0.6975,0.4846883786572433,0.6100000000000001,3,compact24,extra_trees
2024-06-23,0,0.0125,0.050551306777230874,0.6100000000000001,3,compact24,extra_trees
2024-06-24,0,0.0375,0.07937202535792752,0.6100000000000001,3,compact24,extra_trees
2024-06-25,0,0.0975,0.11359472077893333,0.6100000000000001,3,compact24,extra_trees
2024-06-26,0,0.05,0.08437526508689254,0.6100000000000001,3,compact24,extra_trees
2024-06-27,0,0.0,0.043314191110305024,0.6100000000000001,3,compact24,extra_trees
2024-06-28,0,0.13,0.1236359596148384,0.6100000000000001,3,compact24,extra_trees
2024-06-29,0,0.02,0.06479735829563585,0.6100000000000001,3,compact24,extra_trees
2024-06-30,0,0.0425,0.08059389187906052,0.6100000000000001,3,compact24,extra_trees
2024-07-08,0,0.8105906313645621,0.55768053380032,0.7000000000000002,4,compact24,extra_trees
2024-07-09,0,0.8044806517311609,0.5552451559542342,0.7000000000000002,4,compact24,extra_trees
2024-07-10,0,0.5723014256619144,0.44648286155962386,0.7000000000000002,4,compact24,extra_trees
2024-07-11,0,0.780040733197556,0.5407124351247362,0.7000000000000002,4,compact24,extra_trees
2024-07-12,0,0.8004073319755601,0.5529142596610658,0.7000000000000002,4,compact24,extra_trees
2024-07-13,0,0.7759674134419552,0.5386518313890594,0.7000000000000002,4,compact24,extra_trees
2024-07-14,1,0.8167006109979633,0.5609879501513794,0.7000000000000002,4,compact24,extra_trees
2024-07-15,1,0.6252545824847251,0.46471546873769043,0.7000000000000002,4,compact24,extra_trees
2024-07-16,0,0.8024439918533605,0.5535134614702066,0.7000000000000002,4,compact24,extra_trees
2024-07-17,1,0.7046843177189409,0.49615663192979115,0.7000000000000002,4,compact24,extra_trees
2024-07-18,1,0.6232179226069247,0.4625284555094217,0.7000000000000002,4,compact24,extra_trees
2024-07-19,0,0.745417515274949,0.5252347070674389,0.7000000000000002,4,compact24,extra_trees
2024-07-20,0,0.714867617107943,0.5056252828774124,0.7000000000000002,4,compact24,extra_trees
2024-07-21,0,0.26883910386965376,0.2692512831832787,0.7000000000000002,4,compact24,extra_trees
2024-07-22,0,0.285132382892057,0.2813128494417055,0.7000000000000002,4,compact24,extra_trees
2024-07-23,0,0.24439918533604887,0.23847913684353897,0.7000000000000002,4,compact24,extra_trees
2024-07-24,0,0.27494908350305497,0.27596548516460756,0.7000000000000002,4,compact24,extra_trees
2024-07-25,0,0.23625254582484725,0.2265986324125552,0.7000000000000002,4,compact24,extra_trees
2024-07-26,0,0.24439918533604887,0.23894340409729878,0.7000000000000002,4,compact24,extra_trees
2024-07-27,0,0.24439918533604887,0.23876968410255614,0.7000000000000002,4,compact24,extra_trees
2024-07-28,0,0.03665987780040733,0.09920336923832322,0.7000000000000002,4,compact24,extra_trees
2024-07-29,0,0.02240325865580448,0.08793529644499512,0.7000000000000002,4,compact24,extra_trees
2024-07-30,0,0.1425661914460285,0.18724424503406167,0.7000000000000002,4,compact24,extra_trees
2024-07-31,0,0.164969450101833,0.1991742578601743,0.7000000000000002,4,compact24,extra_trees
2024-08-01,0,0.24439918533604887,0.23513129177631029,0.7000000000000002,4,compact24,extra_trees
2024-08-02,0,0.2484725050916497,0.24331714551935707,0.7000000000000002,4,compact24,extra_trees
2024-08-03,0,0.1934826883910387,0.20703858993511493,0.7000000000000002,4,compact24,extra_trees
2024-08-04,0,0.615071283095723,0.4601857334071739,0.7000000000000002,4,compact24,extra_trees
2024-08-05,0,0.745417515274949,0.5231735097336909,0.7000000000000002,4,compact24,extra_trees
2024-08-06,0,0.7270875763747454,0.5108459149213451,0.7000000000000002,4,compact24,extra_trees
2024-08-07,0,0.6883910386965377,0.4887272871618826,0.7000000000000002,4,compact24,extra_trees
2024-08-08,0,0.6965376782077393,0.4914825975917225,0.7000000000000002,4,compact24,extra_trees
2024-08-09,0,0.7006109979633401,0.4939456852291773,0.7000000000000002,4,compact24,extra_trees
2024-08-10,0,0.7637474541751528,0.534570341914164,0.7000000000000002,4,compact24,extra_trees
2024-08-11,0,0.7413441955193483,0.5170729184476824,0.7000000000000002,4,compact24,extra_trees
2024-08-12,0,0.714867617107943,0.5051744162252034,0.7000000000000002,4,compact24,extra_trees
2024-08-13,0,0.7637474541751528,0.5343046394348608,0.7000000000000002,4,compact24,extra_trees
2024-08-14,1,0.6680244399185336,0.4783744134096002,0.7000000000000002,4,compact24,extra_trees
2024-08-15,0,0.5091649694501018,0.41382635685353825,0.7000000000000002,4,compact24,extra_trees
2024-08-16,0,0.43380855397148677,0.3791249903205145,0.7000000000000002,4,compact24,extra_trees
2024-08-17,0,0.5234215885947047,0.4254691088955382,0.7000000000000002,4,compact24,extra_trees
2024-08-18,0,0.879837067209776,0.6031144871886881,0.7000000000000002,4,compact24,extra_trees
2024-08-19,0,0.9124236252545825,0.6473498512150311,0.7000000000000002,4,compact24,extra_trees
2023-07-08,0,0.672,0.23146427657361188,0.54,0,compact24,hist_gb
2023-07-09,0,0.44,0.1433686192997934,0.54,0,compact24,hist_gb
2023-07-10,0,0.176,0.06877458566590984,0.54,0,compact24,hist_gb
2023-07-11,0,0.232,0.09391252440486288,0.54,0,compact24,hist_gb
2023-07-12,0,0.416,0.13657749579908754,0.54,0,compact24,hist_gb
2023-07-13,1,0.568,0.17269336167884128,0.54,0,compact24,hist_gb
2023-07-14,1,0.712,0.25304885942806093,0.54,0,compact24,hist_gb
2023-07-15,0,0.264,0.10820092606616963,0.54,0,compact24,hist_gb
2023-07-16,0,0.448,0.14451705946988141,0.54,0,compact24,hist_gb
2023-07-17,0,0.8,0.32522044233276803,0.54,0,compact24,hist_gb
2023-07-18,0,0.872,0.5262834038646204,0.54,0,compact24,hist_gb
2023-07-19,0,0.864,0.5113484618671288,0.54,0,compact24,hist_gb
2023-07-20,0,0.76,0.29958551145508394,0.54,0,compact24,hist_gb
2023-07-21,0,0.84,0.4229799480474709,0.54,0,compact24,hist_gb
2023-07-22,0,0.568,0.17160560077299256,0.54,0,compact24,hist_gb
2023-07-23,0,0.24,0.10163988584258314,0.54,0,compact24,hist_gb
2023-07-24,0,0.056,0.04369761748265883,0.54,0,compact24,hist_gb
2023-07-25,0,0.416,0.13549553537481537,0.54,0,compact24,hist_gb
2023-07-26,0,0.264,0.10821251435359866,0.54,0,compact24,hist_gb
2023-07-27,0,0.048,0.0429374086983291,0.54,0,compact24,hist_gb
2023-07-28,0,0.04,0.03834631195782405,0.54,0,compact24,hist_gb
2023-07-29,0,0.04,0.04064358257150924,0.54,0,compact24,hist_gb
2023-07-30,0,0.184,0.07244903832906902,0.54,0,compact24,hist_gb
2023-07-31,0,0.176,0.06938001588191424,0.54,0,compact24,hist_gb
2023-08-01,0,0.208,0.08636233860983049,0.54,0,compact24,hist_gb
2023-08-02,0,0.568,0.17510042223434136,0.54,0,compact24,hist_gb
2023-08-03,0,0.248,0.1034446175479068,0.54,0,compact24,hist_gb
2023-08-04,0,0.392,0.13171673945427814,0.54,0,compact24,hist_gb
2023-08-05,0,0.448,0.1442657004212646,0.54,0,compact24,hist_gb
2023-08-06,0,0.904,0.6872112357845952,0.54,0,compact24,hist_gb
2023-08-07,0,0.776,0.31746828222018764,0.54,0,compact24,hist_gb
2023-08-08,0,0.448,0.14408825685197232,0.54,0,compact24,hist_gb
2023-08-09,0,0.544,0.16504818355067938,0.54,0,compact24,hist_gb
2023-08-10,0,0.768,0.31368315119675955,0.54,0,compact24,hist_gb
2023-08-11,0,0.696,0.2467048344502032,0.54,0,compact24,hist_gb
2023-08-12,0,0.864,0.5147499696619814,0.54,0,compact24,hist_gb
2023-08-13,0,0.184,0.07187486200972414,0.54,0,compact24,hist_gb
2023-08-14,0,0.696,0.25152095160945226,0.54,0,compact24,hist_gb
2023-08-15,0,0.728,0.26577243545896584,0.54,0,compact24,hist_gb
2023-08-16,0,0.816,0.3749172826884147,0.54,0,compact24,hist_gb
2023-08-17,0,0.888,0.6151229816350711,0.54,0,compact24,hist_gb
2023-08-18,1,0.264,0.10752000400241933,0.54,0,compact24,hist_gb
2023-08-19,0,0.208,0.08645649126394857,0.54,0,compact24,hist_gb
2023-08-20,0,0.888,0.5801575713789942,0.54,0,compact24,hist_gb
2023-08-21,0,0.816,0.36835566918117735,0.54,0,compact24,hist_gb
2023-08-22,0,0.872,0.5282699722131824,0.54,0,compact24,hist_gb
2023-08-23,0,0.896,0.6304637953016254,0.54,0,compact24,hist_gb
2023-08-24,0,0.856,0.4592627614159258,0.54,0,compact24,hist_gb
2023-08-25,0,0.232,0.10018228546450061,0.54,0,compact24,hist_gb
2023-08-26,0,0.768,0.30617367450500066,0.54,0,compact24,hist_gb
2023-08-27,0,0.752,0.2878183441034404,0.54,0,compact24,hist_gb
2023-08-28,0,0.12,0.061973958979169214,0.54,0,compact24,hist_gb
2023-08-29,0,0.12,0.05997314583898566,0.54,0,compact24,hist_gb
2023-08-30,0,0.248,0.10304269792020956,0.54,0,compact24,hist_gb
2023-08-31,0,0.376,0.12339639166264844,0.54,0,compact24,hist_gb
2023-09-01,0,0.768,0.30438397172711873,0.54,0,compact24,hist_gb
2023-09-02,0,0.648,0.22319759539350834,0.54,0,compact24,hist_gb
2023-09-03,0,0.888,0.6053605382436039,0.54,0,compact24,hist_gb
2023-09-04,0,0.512,0.1591245195385602,0.54,0,compact24,hist_gb
2023-09-05,1,0.776,0.3188902048559025,0.54,0,compact24,hist_gb
2023-09-06,1,0.512,0.15877726205336185,0.54,0,compact24,hist_gb
2023-09-07,1,0.632,0.22048775618325156,0.54,0,compact24,hist_gb
2023-09-08,1,0.88,0.5473993183471931,0.54,0,compact24,hist_gb
2023-09-09,0,0.752,0.28059525110765554,0.54,0,compact24,hist_gb
2023-09-10,0,0.384,0.1248628105053217,0.54,0,compact24,hist_gb
2023-09-11,0,0.416,0.13759463967332555,0.54,0,compact24,hist_gb
2023-09-12,0,0.872,0.5326425033377813,0.54,0,compact24,hist_gb
2023-09-13,0,0.4,0.13324272131894271,0.54,0,compact24,hist_gb
2023-09-14,0,0.416,0.1352575981943023,0.54,0,compact24,hist_gb
2023-09-15,0,0.12,0.06048395850603032,0.54,0,compact24,hist_gb
2023-09-16,0,0.592,0.19631442144508338,0.54,0,compact24,hist_gb
2023-09-17,0,0.232,0.09941373464454105,0.54,0,compact24,hist_gb
2023-09-18,0,0.568,0.17922900393377095,0.54,0,compact24,hist_gb
2023-09-19,0,0.584,0.19318422785585013,0.54,0,compact24,hist_gb
2023-09-20,0,0.856,0.44793370030457574,0.54,0,compact24,hist_gb
2023-09-21,0,0.904,0.6864858827785945,0.54,0,compact24,hist_gb
2023-09-22,0,0.624,0.21766333905810717,0.54,0,compact24,hist_gb
2023-09-23,0,0.448,0.14438879581655722,0.54,0,compact24,hist_gb
2023-09-24,0,0.432,0.14211315062887572,0.54,0,compact24,hist_gb
2023-09-25,0,0.0,0.02503173611201149,0.54,0,compact24,hist_gb
2023-09-26,0,0.824,0.3994270749326871,0.54,0,compact24,hist_gb
2023-09-27,0,0.432,0.14210358597838668,0.54,0,compact24,hist_gb
2023-09-28,0,0.184,0.07361172567282037,0.54,0,compact24,hist_gb
2023-09-29,0,0.568,0.18674441293338334,0.54,0,compact24,hist_gb
2023-09-30,0,0.648,0.22347677487370016,0.54,0,compact24,hist_gb
2023-10-08,0,0.7096774193548387,0.20675719787346458,0.5800000000000001,1,compact24,hist_gb
2023-10-09,0,0.7465437788018433,0.22879237128085048,0.5800000000000001,1,compact24,hist_gb
2023-10-10,0,0.7649769585253456,0.23738809856055168,0.5800000000000001,1,compact24,hist_gb
2023-10-11,0,0.6451612903225806,0.16612200233822366,0.5800000000000001,1,compact24,hist_gb
2023-10-12,0,0.8433179723502304,0.37093707328461395,0.5800000000000001,1,compact24,hist_gb
2023-10-13,1,0.6912442396313364,0.20005002612355322,0.5800000000000001,1,compact24,hist_gb
2023-10-14,1,0.6912442396313364,0.1934250923202796,0.5800000000000001,1,compact24,hist_gb
2023-10-15,0,0.08755760368663594,0.029387993905131467,0.5800000000000001,1,compact24,hist_gb
2023-10-16,1,0.3640552995391705,0.08247343826286262,0.5800000000000001,1,compact24,hist_gb
2023-10-17,1,0.5483870967741935,0.1254129475841837,0.5800000000000001,1,compact24,hist_gb
2023-10-18,0,0.6589861751152074,0.1734044201582257,0.5800000000000001,1,compact24,hist_gb
2023-10-19,0,0.16129032258064516,0.03691769941537717,0.5800000000000001,1,compact24,hist_gb
2023-10-20,0,0.6129032258064516,0.15709288667968174,0.5800000000000001,1,compact24,hist_gb
2023-10-21,0,0.8248847926267281,0.3156977223877689,0.5800000000000001,1,compact24,hist_gb
2023-10-22,0,0.5069124423963134,0.11583646478647608,0.5800000000000001,1,compact24,hist_gb
2023-10-23,0,0.5852534562211982,0.14264927768520336,0.5800000000000001,1,compact24,hist_gb
2023-10-24,0,0.6912442396313364,0.2015837837099229,0.5800000000000001,1,compact24,hist_gb
2023-10-25,0,0.2672811059907834,0.055421076663434175,0.5800000000000001,1,compact24,hist_gb
2023-10-26,0,0.17511520737327188,0.037866364272445725,0.5800000000000001,1,compact24,hist_gb
2023-10-27,0,0.2350230414746544,0.04954469646201075,0.5800000000000001,1,compact24,hist_gb
2023-10-28,0,0.34101382488479265,0.06981660737348394,0.5800000000000001,1,compact24,hist_gb
2023-10-29,0,0.4608294930875576,0.10114379615807957,0.5800000000000001,1,compact24,hist_gb
2023-10-30,0,0.06912442396313365,0.02622094490184768,0.5800000000000001,1,compact24,hist_gb
2023-10-31,0,0.09216589861751152,0.030020956153061697,0.5800000000000001,1,compact24,hist_gb
2023-11-01,0,0.6082949308755761,0.1558153365479103,0.5800000000000001,1,compact24,hist_gb
2023-11-02,0,0.4838709677419355,0.10805779459821656,0.5800000000000001,1,compact24,hist_gb
2023-11-03,0,0.5576036866359447,0.13107654407231686,0.5800000000000001,1,compact24,hist_gb
2023-11-04,0,0.815668202764977,0.27869832658466764,0.5800000000000001,1,compact24,hist_gb
2023-11-05,0,0.7419354838709677,0.22120678574565658,0.5800000000000001,1,compact24,hist_gb
2023-11-06,0,0.8571428571428571,0.39776063621961416,0.5800000000000001,1,compact24,hist_gb
2023-11-07,0,0.8571428571428571,0.39853073946056133,0.5800000000000001,1,compact24,hist_gb
2023-11-08,0,0.8018433179723502,0.26308575284099484,0.5800000000000001,1,compact24,hist_gb
2023-11-09,1,0.9124423963133641,0.6425145145490432,0.5800000000000001,1,compact24,hist_gb
2023-11-10,1,0.6866359447004609,0.1888313679776237,0.5800000000000001,1,compact24,hist_gb
2023-11-11,0,0.8387096774193549,0.3451157720974219,0.5800000000000001,1,compact24,hist_gb
2023-11-12,0,0.2903225806451613,0.05864696981432949,0.5800000000000001,1,compact24,hist_gb
2023-11-13,1,0.8387096774193549,0.3535572478669939,0.5800000000000001,1,compact24,hist_gb
2023-11-14,1,0.8571428571428571,0.39831716168183967,0.5800000000000001,1,compact24,hist_gb
2023-11-15,0,0.576036866359447,0.13368482107598964,0.5800000000000001,1,compact24,hist_gb
2023-11-16,0,0.3087557603686636,0.0626653096546867,0.5800000000000001,1,compact24,hist_gb
2023-11-17,0,0.05069124423963134,0.019077692990174398,0.5800000000000001,1,compact24,hist_gb
2023-11-18,0,0.6912442396313364,0.19248252221125203,0.5800000000000001,1,compact24,hist_gb
2023-11-19,0,0.28110599078341014,0.05678083449243518,0.5800000000000001,1,compact24,hist_gb
2023-11-20,0,0.6036866359447005,0.1532293520230763,0.5800000000000001,1,compact24,hist_gb
2023-11-21,0,0.2350230414746544,0.050794372115817915,0.5800000000000001,1,compact24,hist_gb
2023-11-22,0,0.8018433179723502,0.2585707684525836,0.5800000000000001,1,compact24,hist_gb
2023-11-23,0,0.2626728110599078,0.05419015681463853,0.5800000000000001,1,compact24,hist_gb
2023-11-24,0,0.8387096774193549,0.3485112838782453,0.5800000000000001,1,compact24,hist_gb
2023-11-25,0,0.2350230414746544,0.04909925796504751,0.5800000000000001,1,compact24,hist_gb
2023-11-26,0,0.5576036866359447,0.1320828888980222,0.5800000000000001,1,compact24,hist_gb
2023-11-27,0,0.2350230414746544,0.04969796082703151,0.5800000000000001,1,compact24,hist_gb
2023-11-28,0,0.2995391705069124,0.059915514794622225,0.5800000000000001,1,compact24,hist_gb
2023-11-29,0,0.391705069124424,0.08614984732657407,0.5800000000000001,1,compact24,hist_gb
2023-11-30,0,0.663594470046083,0.17927075367681,0.5800000000000001,1,compact24,hist_gb
2023-12-01,0,0.8018433179723502,0.2563487311879861,0.5800000000000001,1,compact24,hist_gb
2023-12-02,0,0.6451612903225806,0.1680485563140946,0.5800000000000001,1,compact24,hist_gb
2023-12-03,0,0.9124423963133641,0.6717036613119134,0.5800000000000001,1,compact24,hist_gb
2023-12-04,0,0.9354838709677419,0.8474561286049294,0.5800000000000001,1,compact24,hist_gb
2023-12-05,0,0.9124423963133641,0.7705230502757501,0.5800000000000001,1,compact24,hist_gb
2023-12-06,0,0.9170506912442397,0.8028188826816117,0.5800000000000001,1,compact24,hist_gb
2023-12-07,1,0.9124423963133641,0.6546655742251564,0.5800000000000001,1,compact24,hist_gb
2023-12-08,0,0.9124423963133641,0.7431191761846526,0.5800000000000001,1,compact24,hist_gb
2023-12-09,0,0.9124423963133641,0.7533930413499877,0.5800000000000001,1,compact24,hist_gb
2023-12-10,1,0.8387096774193549,0.3450793879954749,0.5800000000000001,1,compact24,hist_gb
2023-12-11,1,0.9078341013824884,0.5931822496765501,0.5800000000000001,1,compact24,hist_gb
2023-12-12,1,0.6912442396313364,0.19266487389087783,0.5800000000000001,1,compact24,hist_gb
2023-12-13,1,0.663594470046083,0.17903346756465033,0.5800000000000001,1,compact24,hist_gb
2023-12-14,1,0.6543778801843319,0.16905502687167043,0.5800000000000001,1,compact24,hist_gb
2023-12-15,1,0.2304147465437788,0.047770542518052676,0.5800000000000001,1,compact24,hist_gb
2023-12-16,0,0.34101382488479265,0.07156295129016936,0.5800000000000001,1,compact24,hist_gb
2023-12-17,0,0.22580645161290322,0.04722869418261322,0.5800000000000001,1,compact24,hist_gb
2023-12-18,0,0.6912442396313364,0.19783521553801875,0.5800000000000001,1,compact24,hist_gb
2023-12-19,0,0.7557603686635944,0.23287043414,0.5800000000000001,1,compact24,hist_gb
2023-12-20,0,0.9124423963133641,0.6674302761877989,0.5800000000000001,1,compact24,hist_gb
2023-12-21,0,0.4792626728110599,0.10453974660494708,0.5800000000000001,1,compact24,hist_gb
2023-12-22,0,0.6129032258064516,0.1570628941780724,0.5800000000000001,1,compact24,hist_gb
2023-12-23,0,0.2626728110599078,0.05473530314402021,0.5800000000000001,1,compact24,hist_gb
2023-12-24,0,0.29493087557603687,0.0591722527756555,0.5800000000000001,1,compact24,hist_gb
2023-12-25,0,0.391705069124424,0.08612358155610235,0.5800000000000001,1,compact24,hist_gb
2023-12-26,0,0.41013824884792627,0.08981993812850676,0.5800000000000001,1,compact24,hist_gb
2023-12-27,0,0.2350230414746544,0.048819906308721635,0.5800000000000001,1,compact24,hist_gb
2023-12-28,0,0.11981566820276497,0.03156861797154558,0.5800000000000001,1,compact24,hist_gb
2023-12-29,0,0.09216589861751152,0.030031053458602908,0.5800000000000001,1,compact24,hist_gb
2023-12-30,0,0.2672811059907834,0.055516929036879104,0.5800000000000001,1,compact24,hist_gb
2023-12-31,0,0.8387096774193549,0.3576933501835679,0.5800000000000001,1,compact24,hist_gb
2024-01-08,0,0.8511326860841424,0.444702051538418,0.6800000000000002,2,compact24,hist_gb
2024-01-09,0,0.9385113268608414,0.8762879519357473,0.6800000000000002,2,compact24,hist_gb
2024-01-10,0,0.883495145631068,0.5316178101757909,0.6800000000000002,2,compact24,hist_gb
2024-01-11,1,0.6084142394822006,0.15500317422740179,0.6800000000000002,2,compact24,hist_gb
2024-01-12,1,0.8867313915857605,0.5532347958792897,0.6800000000000002,2,compact24,hist_gb
2024-01-13,1,0.8867313915857605,0.605845538727836,0.6800000000000002,2,compact24,hist_gb
2024-01-14,1,0.8090614886731392,0.33276885955065966,0.6800000000000002,2,compact24,hist_gb
2024-01-15,1,0.8058252427184466,0.32811238378528057,0.6800000000000002,2,compact24,hist_gb
2024-01-16,0,0.7022653721682848,0.23200985761131354,0.6800000000000002,2,compact24,hist_gb
2024-01-17,1,0.889967637540453,0.7299545587314659,0.6800000000000002,2,compact24,hist_gb
2024-01-18,1,0.9029126213592233,0.8175437861040578,0.6800000000000002,2,compact24,hist_gb
2024-01-19,1,0.7799352750809061,0.29807516314459426,0.6800000000000002,2,compact24,hist_gb
2024-01-20,0,0.3948220064724919,0.07696547267318592,0.6800000000000002,2,compact24,hist_gb
2024-01-21,0,0.05501618122977346,0.019868389431920565,0.6800000000000002,2,compact24,hist_gb
2024-01-22,0,0.022653721682847898,0.012450677212006902,0.6800000000000002,2,compact24,hist_gb
2024-01-23,0,0.1262135922330097,0.02916626972482829,0.6800000000000002,2,compact24,hist_gb
2024-01-24,0,0.16181229773462782,0.034384469945414255,0.6800000000000002,2,compact24,hist_gb
2024-01-25,0,0.6731391585760518,0.20852981296098486,0.6800000000000002,2,compact24,hist_gb
2024-01-26,0,0.11003236245954692,0.026244809744655113,0.6800000000000002,2,compact24,hist_gb
2024-01-27,0,0.26537216828478966,0.04933457424129756,0.6800000000000002,2,compact24,hist_gb
2024-01-28,0,0.2686084142394822,0.05062757933383977,0.6800000000000002,2,compact24,hist_gb
2024-01-29,0,0.5242718446601942,0.1170507784806243,0.6800000000000002,2,compact24,hist_gb
2024-01-30,1,0.30097087378640774,0.060432043017843946,0.6800000000000002,2,compact24,hist_gb
2024-01-31,0,0.5275080906148867,0.11803039988387778,0.6800000000000002,2,compact24,hist_gb
2024-02-01,0,0.4401294498381877,0.08963376581586026,0.6800000000000002,2,compact24,hist_gb
2024-02-02,0,0.13268608414239483,0.030105271494684675,0.6800000000000002,2,compact24,hist_gb
2024-02-03,0,0.05501618122977346,0.02110643198753969,0.6800000000000002,2,compact24,hist_gb
2024-02-04,0,0.889967637540453,0.7511921770844805,0.6800000000000002,2,compact24,hist_gb
2024-02-05,0,0.8381877022653722,0.4003309022439421,0.6800000000000002,2,compact24,hist_gb
2024-02-06,0,0.8867313915857605,0.6074061956945455,0.6800000000000002,2,compact24,hist_gb
2024-02-07,0,0.8478964401294499,0.43839772111405084,0.6800000000000002,2,compact24,hist_gb
2024-02-08,0,0.9061488673139159,0.8299433146016976,0.6800000000000002,2,compact24,hist_gb
2024-02-09,0,0.9352750809061489,0.8719938593331809,0.6800000000000002,2,compact24,hist_gb
2024-02-10,0,0.8932038834951457,0.7832137230310812,0.6800000000000002,2,compact24,hist_gb
2024-02-11,0,0.40129449838187703,0.07879485978678942,0.6800000000000002,2,compact24,hist_gb
2024-02-12,0,0.5566343042071198,0.13023579592596146,0.6800000000000002,2,compact24,hist_gb
2024-02-13,0,0.7928802588996764,0.3088806824320669,0.6800000000000002,2,compact24,hist_gb
2024-02-14,0,0.22330097087378642,0.04277295444419707,0.6800000000000002,2,compact24,hist_gb
2024-02-15,0,0.042071197411003236,0.015464300432350623,0.6800000000000002,2,compact24,hist_gb
2024-02-16,0,0.39158576051779936,0.07577956119377754,0.6800000000000002,2,compact24,hist_gb
2024-02-17,0,0.29449838187702265,0.059693552650495904,0.6800000000000002,2,compact24,hist_gb
2024-02-18,0,0.2815533980582524,0.05449700603943235,0.6800000000000002,2,compact24,hist_gb
2024-02-19,0,0.21359223300970873,0.04129415365413458,0.6800000000000002,2,compact24,hist_gb
2024-02-20,0,0.7184466019417476,0.24806435229995735,0.6800000000000002,2,compact24,hist_gb
2024-02-21,0,0.032362459546925564,0.014279058979931819,0.6800000000000002,2,compact24,hist_gb
2024-02-22,0,0.26537216828478966,0.04729067732720102,0.6800000000000002,2,compact24,hist_gb
2024-02-23,0,0.6504854368932039,0.18261744039173303,0.6800000000000002,2,compact24,hist_gb
2024-02-24,0,0.4563106796116505,0.09575658171081242,0.6800000000000002,2,compact24,hist_gb
2024-02-25,0,0.045307443365695796,0.018621916720134045,0.6800000000000002,2,compact24,hist_gb
2024-02-26,0,0.05177993527508091,0.019039433208857044,0.6800000000000002,2,compact24,hist_gb
2024-02-27,0,0.34627831715210355,0.06993028963025713,0.6800000000000002,2,compact24,hist_gb
2024-02-28,0,0.40129449838187703,0.07936362820278632,0.6800000000000002,2,compact24,hist_gb
2024-02-29,0,0.6116504854368932,0.1569423325962389,0.6800000000000002,2,compact24,hist_gb
2024-03-01,0,0.5469255663430421,0.12552781209774727,0.6800000000000002,2,compact24,hist_gb
2024-03-02,0,0.6407766990291263,0.17414972161543113,0.6800000000000002,2,compact24,hist_gb
2024-03-03,0,0.883495145631068,0.5273197328300905,0.6800000000000002,2,compact24,hist_gb
2024-03-04,0,0.8867313915857605,0.5971882873218554,0.6800000000000002,2,compact24,hist_gb
2024-03-05,0,0.86084142394822,0.4667890902612025,0.6800000000000002,2,compact24,hist_gb
2024-03-06,0,0.6893203883495146,0.2223638129348383,0.6800000000000002,2,compact24,hist_gb
2024-03-07,0,0.8478964401294499,0.43215465381778045,0.6800000000000002,2,compact24,hist_gb
2024-03-08,0,0.889967637540453,0.7297221507278274,0.6800000000000002,2,compact24,hist_gb
2024-03-09,1,0.8414239482200647,0.42097957944755515,0.6800000000000002,2,compact24,hist_gb
2024-03-10,1,0.889967637540453,0.7411220033698128,0.6800000000000002,2,compact24,hist_gb
2024-03-11,1,0.9352750809061489,0.8717701405167398,0.6800000000000002,2,compact24,hist_gb
2024-03-12,1,0.9255663430420712,0.8591608408563282,0.6800000000000002,2,compact24,hist_gb
2024-03-13,1,0.889967637540453,0.6993952064308893,0.6800000000000002,2,compact24,hist_gb
2024-03-14,1,0.8867313915857605,0.626092357529997,0.6800000000000002,2,compact24,hist_gb
2024-03-15,1,0.6407766990291263,0.16906802788374073,0.6800000000000002,2,compact24,hist_gb
2024-03-16,1,0.8802588996763754,0.5169856257768493,0.6800000000000002,2,compact24,hist_gb
2024-03-17,0,0.11326860841423948,0.026989830005589705,0.6800000000000002,2,compact24,hist_gb
2024-03-18,0,0.41423948220064727,0.08269071866616991,0.6800000000000002,2,compact24,hist_gb
2024-03-19,0,0.18770226537216828,0.036406105751826325,0.6800000000000002,2,compact24,hist_gb
2024-03-20,0,0.31715210355987056,0.06253016834969342,0.6800000000000002,2,compact24,hist_gb
2024-03-21,0,0.2815533980582524,0.05812340097300273,0.6800000000000002,2,compact24,hist_gb
2024-03-22,0,0.14563106796116504,0.03206686483596333,0.6800000000000002,2,compact24,hist_gb
2024-03-23,0,0.31715210355987056,0.06287788208191661,0.6800000000000002,2,compact24,hist_gb
2024-03-24,0,0.2815533980582524,0.057798884158027926,0.6800000000000002,2,compact24,hist_gb
2024-03-25,0,0.3948220064724919,0.07642626805284647,0.6800000000000002,2,compact24,hist_gb
2024-03-26,0,0.032362459546925564,0.013890927935606836,0.6800000000000002,2,compact24,hist_gb
2024-03-27,0,0.18770226537216828,0.036340972597903407,0.6800000000000002,2,compact24,hist_gb
2024-03-28,0,0.5533980582524272,0.12822671301284996,0.6800000000000002,2,compact24,hist_gb
2024-03-29,0,0.13268608414239483,0.029913220738643616,0.6800000000000002,2,compact24,hist_gb
2024-03-30,0,0.17475728155339806,0.03564069140059755,0.6800000000000002,2,compact24,hist_gb
2024-03-31,0,0.022653721682847898,0.012331813251637699,0.6800000000000002,2,compact24,hist_gb
2024-04-08,0,0.9075,0.8643285399679878,0.56,3,compact24,hist_gb
2024-04-09,0,0.94,0.8969409121816952,0.56,3,compact24,hist_gb
2024-04-10,1,0.8625,0.6431043984694729,0.56,3,compact24,hist_gb
2024-04-11,1,0.91,0.8658103223097503,0.56,3,compact24,hist_gb
2024-04-12,0,0.875,0.782817157414309,0.56,3,compact24,hist_gb
2024-04-13,1,0.8925,0.829178851463015,0.56,3,compact24,hist_gb
2024-04-14,1,0.905,0.857487379177041,0.56,3,compact24,hist_gb
2024-04-15,1,0.67,0.20141136663660705,0.56,3,compact24,hist_gb
2024-04-16,1,0.445,0.0764612498180448,0.56,3,compact24,hist_gb
2024-04-17,1,0.5625,0.12840045418782942,0.56,3,compact24,hist_gb
2024-04-18,1,0.7975,0.37766129733055503,0.56,3,compact24,hist_gb
2024-04-19,1,0.53,0.10741712554448302,0.56,3,compact24,hist_gb
2024-04-20,1,0.4325,0.06891464328052592,0.56,3,compact24,hist_gb
2024-04-21,0,0.0625,0.014547075250602346,0.56,3,compact24,hist_gb
2024-04-22,0,0.2125,0.03373442262135128,0.56,3,compact24,hist_gb
2024-04-23,0,0.44,0.07292088588471393,0.56,3,compact24,hist_gb
2024-04-24,0,0.15,0.025535489886390938,0.56,3,compact24,hist_gb
2024-04-25,0,0.085,0.017923140615460322,0.56,3,compact24,hist_gb
2024-04-26,0,0.34,0.052566173841509536,0.56,3,compact24,hist_gb
2024-04-27,0,0.085,0.017252544140160465,0.56,3,compact24,hist_gb
2024-04-28,0,0.48,0.0920890362194501,0.56,3,compact24,hist_gb
2024-04-29,0,0.02,0.009416660109206712,0.56,3,compact24,hist_gb
2024-04-30,0,0.2975,0.04478790528505573,0.56,3,compact24,hist_gb
2024-05-01,0,0.2275,0.035943135951196616,0.56,3,compact24,hist_gb
2024-05-02,0,0.0375,0.01119216986062363,0.56,3,compact24,hist_gb
2024-05-03,0,0.1425,0.023703541418925906,0.56,3,compact24,hist_gb
2024-05-04,0,0.3275,0.04933502122525329,0.56,3,compact24,hist_gb
2024-05-05,0,0.795,0.3750527510574734,0.56,3,compact24,hist_gb
2024-05-06,0,0.6775,0.20621829256006233,0.56,3,compact24,hist_gb
2024-05-07,0,0.63,0.16542377310746237,0.56,3,compact24,hist_gb
2024-05-08,0,0.6275,0.15888923892653645,0.56,3,compact24,hist_gb
2024-05-09,0,0.2275,0.0361252108210905,0.56,3,compact24,hist_gb
2024-05-10,0,0.715,0.24141214410153725,0.56,3,compact24,hist_gb
2024-05-11,0,0.7775,0.323340893418843,0.56,3,compact24,hist_gb
2024-05-12,0,0.8625,0.7240365865279654,0.56,3,compact24,hist_gb
2024-05-13,0,0.5,0.0961238618821251,0.56,3,compact24,hist_gb
2024-05-14,0,0.2975,0.04524089328866298,0.56,3,compact24,hist_gb
2024-05-15,0,0.23,0.036937655539543236,0.56,3,compact24,hist_gb
2024-05-16,0,0.8175,0.4040729833654244,0.56,3,compact24,hist_gb
2024-05-17,1,0.705,0.2285106822702429,0.56,3,compact24,hist_gb
2024-05-18,0,0.8625,0.646121763271026,0.56,3,compact24,hist_gb
2024-05-19,0,0.475,0.08913578439845835,0.56,3,compact24,hist_gb
2024-05-20,0,0.4675,0.08427317251879456,0.56,3,compact24,hist_gb
2024-05-21,0,0.6275,0.15674031815161582,0.56,3,compact24,hist_gb
2024-05-22,0,0.73,0.26410278146168714,0.56,3,compact24,hist_gb
2024-05-23,0,0.8675,0.761857564143152,0.56,3,compact24,hist_gb
2024-05-24,0,0.64,0.1755365070582444,0.56,3,compact24,hist_gb
2024-05-25,0,0.42,0.06783504533543588,0.56,3,compact24,hist_gb
2024-05-26,0,0.145,0.024576330904436446,0.56,3,compact24,hist_gb
2024-05-27,0,0.5,0.09659358684091407,0.56,3,compact24,hist_gb
2024-05-28,0,0.375,0.05914405851671201,0.56,3,compact24,hist_gb
2024-05-29,0,0.35,0.05420851933201921,0.56,3,compact24,hist_gb
2024-05-30,0,0.44,0.07320282668662872,0.56,3,compact24,hist_gb
2024-05-31,0,0.64,0.17203963821405632,0.56,3,compact24,hist_gb
2024-06-01,0,0.44,0.07309307376173142,0.56,3,compact24,hist_gb
2024-06-02,0,0.87,0.7711594148953526,0.56,3,compact24,hist_gb
2024-06-03,0,0.9725,0.9205264570428568,0.56,3,compact24,hist_gb
2024-06-04,0,0.8625,0.7444077548029359,0.56,3,compact24,hist_gb
2024-06-05,0,0.84,0.49265853437294943,0.56,3,compact24,hist_gb
2024-06-06,0,0.78,0.3393279738829398,0.56,3,compact24,hist_gb
2024-06-07,0,0.8425,0.5093135561527392,0.56,3,compact24,hist_gb
2024-06-08,0,0.8175,0.41038167279440757,0.56,3,compact24,hist_gb
2024-06-09,0,0.475,0.09061771065712872,0.56,3,compact24,hist_gb
2024-06-10,0,0.1125,0.02116704598108434,0.56,3,compact24,hist_gb
2024-06-11,0,0.515,0.10024943831502746,0.56,3,compact24,hist_gb
2024-06-12,0,0.0625,0.014833154555551049,0.56,3,compact24,hist_gb
2024-06-13,0,0.34,0.05222457554036628,0.56,3,compact24,hist_gb
2024-06-14,1,0.3275,0.0488090524858969,0.56,3,compact24,hist_gb
2024-06-15,1,0.475,0.0900790381241816,0.56,3,compact24,hist_gb
2024-06-16,1,0.885,0.8200527960689534,0.56,3,compact24,hist_gb
2024-06-17,1,0.8075,0.383786383039621,0.56,3,compact24,hist_gb
2024-06-18,1,0.8625,0.6362149076000317,0.56,3,compact24,hist_gb
2024-06-19,1,0.8175,0.41208707933781036,0.56,3,compact24,hist_gb
2024-06-20,1,0.73,0.2645549213771063,0.56,3,compact24,hist_gb
2024-06-21,1,0.8225,0.4339866189867887,0.56,3,compact24,hist_gb
2024-06-22,0,0.785,0.36212498669293336,0.56,3,compact24,hist_gb
2024-06-23,0,0.06,0.014410559548437856,0.56,3,compact24,hist_gb
2024-06-24,0,0.215,0.03376809485042771,0.56,3,compact24,hist_gb
2024-06-25,0,0.4375,0.07105792283303679,0.56,3,compact24,hist_gb
2024-06-26,0,0.2425,0.038275109432336245,0.56,3,compact24,hist_gb
2024-06-27,0,0.0625,0.01469102232920953,0.56,3,compact24,hist_gb
2024-06-28,0,0.6225,0.15271810353930118,0.56,3,compact24,hist_gb
2024-06-29,0,0.4525,0.07840885566758485,0.56,3,compact24,hist_gb
2024-06-30,0,0.0275,0.0096965555144818,0.56,3,compact24,hist_gb
2024-07-08,0,0.7739307535641547,0.3782995728631569,0.6600000000000001,4,compact24,hist_gb
2024-07-09,0,0.8126272912423625,0.5031042156928439,0.6600000000000001,4,compact24,hist_gb
2024-07-10,0,0.6720977596741344,0.23647954749953898,0.6600000000000001,4,compact24,hist_gb
2024-07-11,0,0.8431771894093686,0.6800667542299714,0.6600000000000001,4,compact24,hist_gb
2024-07-12,0,0.7841140529531568,0.41197937981569005,0.6600000000000001,4,compact24,hist_gb
2024-07-13,0,0.5743380855397149,0.16799490338458797,0.6600000000000001,4,compact24,hist_gb
2024-07-14,1,0.8085539714867617,0.48818317520162313,0.6600000000000001,4,compact24,hist_gb
2024-07-15,1,0.814663951120163,0.5151579337257888,0.6600000000000001,4,compact24,hist_gb
2024-07-16,0,0.8391038696537678,0.6234081981731723,0.6600000000000001,4,compact24,hist_gb
2024-07-17,1,0.5743380855397149,0.16781919370772694,0.6600000000000001,4,compact24,hist_gb
2024-07-18,1,0.42362525458248473,0.08732376163891384,0.6600000000000001,4,compact24,hist_gb
2024-07-19,0,0.7169042769857433,0.2796048411392846,0.6600000000000001,4,compact24,hist_gb
2024-07-20,0,0.7881873727087576,0.4239334208056892,0.6600000000000001,4,compact24,hist_gb
2024-07-21,0,0.2240325865580448,0.03971940910678717,0.6600000000000001,4,compact24,hist_gb
2024-07-22,0,0.08757637474541752,0.0225776512834226,0.6600000000000001,4,compact24,hist_gb
2024-07-23,0,0.2953156822810591,0.053977310818354864,0.6600000000000001,4,compact24,hist_gb
2024-07-24,0,0.05091649694501019,0.016743545962152998,0.6600000000000001,4,compact24,hist_gb
2024-07-25,0,0.014256619144602852,0.012144445779110594,0.6600000000000001,4,compact24,hist_gb
2024-07-26,0,0.2708757637474542,0.047127742078723,0.6600000000000001,4,compact24,hist_gb
2024-07-27,0,0.2505091649694501,0.043793362580419305,0.6600000000000001,4,compact24,hist_gb
2024-07-28,0,0.014256619144602852,0.012358252197052482,0.6600000000000001,4,compact24,hist_gb
2024-07-29,0,0.1690427698574338,0.0316772443565988,0.6600000000000001,4,compact24,hist_gb
2024-07-30,0,0.3543788187372709,0.06722708632309506,0.6600000000000001,4,compact24,hist_gb
2024-07-31,0,0.3258655804480652,0.059349565276228075,0.6600000000000001,4,compact24,hist_gb
2024-08-01,0,0.46028513238289204,0.1064867207917804,0.6600000000000001,4,compact24,hist_gb
2024-08-02,0,0.5254582484725051,0.13303672088707305,0.6600000000000001,4,compact24,hist_gb
2024-08-03,0,0.46028513238289204,0.10616737211004194,0.6600000000000001,4,compact24,hist_gb
2024-08-04,0,0.7718940936863544,0.369190916578517,0.6600000000000001,4,compact24,hist_gb
2024-08-05,0,0.7494908350305499,0.32066045052889225,0.6600000000000001,4,compact24,hist_gb
2024-08-06,0,0.515274949083503,0.12397458040087427,0.6600000000000001,4,compact24,hist_gb
2024-08-07,0,0.5641547861507128,0.1631576920195509,0.6600000000000001,4,compact24,hist_gb
2024-08-08,0,0.42362525458248473,0.0882662050274197,0.6600000000000001,4,compact24,hist_gb
2024-08-09,0,0.6252545824847251,0.20109799155225408,0.6600000000000001,4,compact24,hist_gb
2024-08-10,0,0.7820773930753564,0.40330718400753646,0.6600000000000001,4,compact24,hist_gb
2024-08-11,0,0.780040733197556,0.3907080396293084,0.6600000000000001,4,compact24,hist_gb
2024-08-12,0,0.7759674134419552,0.3826957065011991,0.6600000000000001,4,compact24,hist_gb
2024-08-13,0,0.8472505091649695,0.7363228268249823,0.6600000000000001,4,compact24,hist_gb
2024-08-14,1,0.7209775967413442,0.2844069392620496,0.6600000000000001,4,compact24,hist_gb
2024-08-15,0,0.7128309572301426,0.273685004541199,0.6600000000000001,4,compact24,hist_gb
2024-08-16,0,0.2240325865580448,0.039756209788830446,0.6600000000000001,4,compact24,hist_gb
2024-08-17,0,0.5356415478615071,0.13862024082438537,0.6600000000000001,4,compact24,hist_gb
2024-08-18,0,0.8309572301425662,0.583363606843331,0.6600000000000001,4,compact24,hist_gb
2024-08-19,0,0.9083503054989817,0.8469766424273664,0.6600000000000001,4,compact24,hist_gb
2023-07-08,0,0.776,0.2839224934577942,0.8900000000000003,0,compact24,xgb
2023-07-09,0,0.792,0.29432275891304016,0.8900000000000003,0,compact24,xgb
2023-07-10,0,0.304,0.10461758822202682,0.8900000000000003,0,compact24,xgb
2023-07-11,0,0.648,0.22319412231445312,0.8900000000000003,0,compact24,xgb
2023-07-12,0,0.688,0.2415420413017273,0.8900000000000003,0,compact24,xgb
2023-07-13,1,0.736,0.25854066014289856,0.8900000000000003,0,compact24,xgb
2023-07-14,1,0.88,0.5804481506347656,0.8900000000000003,0,compact24,xgb
2023-07-15,0,0.432,0.1365995556116104,0.8900000000000003,0,compact24,xgb
2023-07-16,0,0.272,0.0951143354177475,0.8900000000000003,0,compact24,xgb
2023-07-17,0,0.296,0.10089834779500961,0.8900000000000003,0,compact24,xgb
2023-07-18,0,0.712,0.25375431776046753,0.8900000000000003,0,compact24,xgb
2023-07-19,0,0.6,0.2058018147945404,0.8900000000000003,0,compact24,xgb
2023-07-20,0,0.872,0.5359625220298767,0.8900000000000003,0,compact24,xgb
2023-07-21,0,0.768,0.28226158022880554,0.8900000000000003,0,compact24,xgb
2023-07-22,0,0.176,0.07916117459535599,0.8900000000000003,0,compact24,xgb
2023-07-23,0,0.464,0.1449560672044754,0.8900000000000003,0,compact24,xgb
2023-07-24,0,0.088,0.06024031713604927,0.8900000000000003,0,compact24,xgb
2023-07-25,0,0.344,0.1135275661945343,0.8900000000000003,0,compact24,xgb
2023-07-26,0,0.216,0.085133858025074,0.8900000000000003,0,compact24,xgb
2023-07-27,0,0.128,0.0676499754190445,0.8900000000000003,0,compact24,xgb
2023-07-28,0,0.432,0.1346486657857895,0.8900000000000003,0,compact24,xgb
2023-07-29,0,0.088,0.06043439358472824,0.8900000000000003,0,compact24,xgb
2023-07-30,0,0.016,0.0396474152803421,0.8900000000000003,0,compact24,xgb
2023-07-31,0,0.648,0.22305357456207275,0.8900000000000003,0,compact24,xgb
2023-08-01,0,0.472,0.14702604711055756,0.8900000000000003,0,compact24,xgb
2023-08-02,0,0.552,0.18391050398349762,0.8900000000000003,0,compact24,xgb
2023-08-03,0,0.44,0.1394389271736145,0.8900000000000003,0,compact24,xgb
2023-08-04,0,0.808,0.33403581380844116,0.8900000000000003,0,compact24,xgb
2023-08-05,0,0.68,0.23834143579006195,0.8900000000000003,0,compact24,xgb
2023-08-06,0,0.88,0.574832022190094,0.8900000000000003,0,compact24,xgb
2023-08-07,0,0.872,0.4774552583694458,0.8900000000000003,0,compact24,xgb
2023-08-08,0,0.688,0.24253447353839874,0.8900000000000003,0,compact24,xgb
2023-08-09,0,0.44,0.13986870646476746,0.8900000000000003,0,compact24,xgb
2023-08-10,0,0.792,0.29948657751083374,0.8900000000000003,0,compact24,xgb
2023-08-11,0,0.768,0.277925044298172,0.8900000000000003,0,compact24,xgb
2023-08-12,0,0.88,0.5442596673965454,0.8900000000000003,0,compact24,xgb
2023-08-13,0,0.216,0.08445508778095245,0.8900000000000003,0,compact24,xgb
2023-08-14,0,0.376,0.12213563919067383,0.8900000000000003,0,compact24,xgb
2023-08-15,0,0.576,0.19167405366897583,0.8900000000000003,0,compact24,xgb
2023-08-16,0,0.248,0.09150773286819458,0.8900000000000003,0,compact24,xgb
2023-08-17,0,0.832,0.359223335981369,0.8900000000000003,0,compact24,xgb
2023-08-18,1,0.416,0.13316261768341064,0.8900000000000003,0,compact24,xgb
2023-08-19,0,0.304,0.10387155413627625,0.8900000000000003,0,compact24,xgb
2023-08-20,0,0.88,0.5716443657875061,0.8900000000000003,0,compact24,xgb
2023-08-21,0,0.832,0.37449803948402405,0.8900000000000003,0,compact24,xgb
2023-08-22,0,0.872,0.4963163435459137,0.8900000000000003,0,compact24,xgb
2023-08-23,0,0.872,0.5296716094017029,0.8900000000000003,0,compact24,xgb
2023-08-24,0,0.896,0.6095134019851685,0.8900000000000003,0,compact24,xgb
2023-08-25,0,0.208,0.08375125378370285,0.8900000000000003,0,compact24,xgb
2023-08-26,0,0.832,0.36397942900657654,0.8900000000000003,0,compact24,xgb
2023-08-27,0,0.808,0.32970863580703735,0.8900000000000003,0,compact24,xgb
2023-08-28,0,0.176,0.07953643053770065,0.8900000000000003,0,compact24,xgb
2023-08-29,0,0.072,0.055611502379179,0.8900000000000003,0,compact24,xgb
2023-08-30,0,0.432,0.13546086847782135,0.8900000000000003,0,compact24,xgb
2023-08-31,0,0.36,0.11492624133825302,0.8900000000000003,0,compact24,xgb
2023-09-01,0,0.856,0.43410810828208923,0.8900000000000003,0,compact24,xgb
2023-09-02,0,0.592,0.20138980448246002,0.8900000000000003,0,compact24,xgb
2023-09-03,0,0.904,0.6567913889884949,0.8900000000000003,0,compact24,xgb
2023-09-04,0,0.648,0.22557690739631653,0.8900000000000003,0,compact24,xgb
2023-09-05,1,0.72,0.25792697072029114,0.8900000000000003,0,compact24,xgb
2023-09-06,1,0.376,0.12378472834825516,0.8900000000000003,0,compact24,xgb
2023-09-07,1,0.808,0.32798972725868225,0.8900000000000003,0,compact24,xgb
2023-09-08,1,0.856,0.4533011019229889,0.8900000000000003,0,compact24,xgb
2023-09-09,0,0.84,0.4139695167541504,0.8900000000000003,0,compact24,xgb
2023-09-10,0,0.232,0.08997989445924759,0.8900000000000003,0,compact24,xgb
2023-09-11,0,0.104,0.06103484705090523,0.8900000000000003,0,compact24,xgb
2023-09-12,0,0.872,0.5009118318557739,0.8900000000000003,0,compact24,xgb
2023-09-13,0,0.144,0.07372322678565979,0.8900000000000003,0,compact24,xgb
2023-09-14,0,0.272,0.09471206367015839,0.8900000000000003,0,compact24,xgb
2023-09-15,0,0.024,0.046104270964860916,0.8900000000000003,0,compact24,xgb
2023-09-16,0,0.44,0.13924162089824677,0.8900000000000003,0,compact24,xgb
2023-09-17,0,0.328,0.11169872432947159,0.8900000000000003,0,compact24,xgb
2023-09-18,0,0.328,0.11106296628713608,0.8900000000000003,0,compact24,xgb
2023-09-19,0,0.768,0.2804739773273468,0.8900000000000003,0,compact24,xgb
2023-09-20,0,0.84,0.4022831320762634,0.8900000000000003,0,compact24,xgb
2023-09-21,0,0.896,0.6094478368759155,0.8900000000000003,0,compact24,xgb
2023-09-22,0,0.552,0.18170598149299622,0.8900000000000003,0,compact24,xgb
2023-09-23,0,0.752,0.2664031684398651,0.8900000000000003,0,compact24,xgb
2023-09-24,0,0.088,0.06024768948554993,0.8900000000000003,0,compact24,xgb
2023-09-25,0,0.024,0.04650446027517319,0.8900000000000003,0,compact24,xgb
2023-09-26,0,0.88,0.5859441757202148,0.8900000000000003,0,compact24,xgb
2023-09-27,0,0.408,0.13081857562065125,0.8900000000000003,0,compact24,xgb
2023-09-28,0,0.432,0.1378868818283081,0.8900000000000003,0,compact24,xgb
2023-09-29,0,0.72,0.25728052854537964,0.8900000000000003,0,compact24,xgb
2023-09-30,0,0.504,0.15915657579898834,0.8900000000000003,0,compact24,xgb
2023-10-08,0,0.8064516129032258,0.325349897146225,0.7000000000000002,1,compact24,xgb
2023-10-09,0,0.8110599078341014,0.3344804644584656,0.7000000000000002,1,compact24,xgb
2023-10-10,0,0.8341013824884793,0.4112498164176941,0.7000000000000002,1,compact24,xgb
2023-10-11,0,0.8663594470046083,0.46519121527671814,0.7000000000000002,1,compact24,xgb
2023-10-12,0,0.7741935483870968,0.30087146162986755,0.7000000000000002,1,compact24,xgb
2023-10-13,1,0.6267281105990783,0.20223891735076904,0.7000000000000002,1,compact24,xgb
2023-10-14,1,0.5714285714285714,0.17377056181430817,0.7000000000000002,1,compact24,xgb
2023-10-15,0,0.663594470046083,0.2306579202413559,0.7000000000000002,1,compact24,xgb
2023-10-16,1,0.8341013824884793,0.41254061460494995,0.7000000000000002,1,compact24,xgb
2023-10-17,1,0.8341013824884793,0.412727952003479,0.7000000000000002,1,compact24,xgb
2023-10-18,0,0.7741935483870968,0.30164453387260437,0.7000000000000002,1,compact24,xgb
2023-10-19,0,0.5714285714285714,0.16924189031124115,0.7000000000000002,1,compact24,xgb
2023-10-20,0,0.7557603686635944,0.28445228934288025,0.7000000000000002,1,compact24,xgb
2023-10-21,0,0.8064516129032258,0.3334597945213318,0.7000000000000002,1,compact24,xgb
2023-10-22,0,0.0967741935483871,0.026266328990459442,0.7000000000000002,1,compact24,xgb
2023-10-23,0,0.19815668202764977,0.04390617832541466,0.7000000000000002,1,compact24,xgb
2023-10-24,0,0.4838709677419355,0.1168980523943901,0.7000000000000002,1,compact24,xgb
2023-10-25,0,0.2857142857142857,0.06399202346801758,0.7000000000000002,1,compact24,xgb
2023-10-26,0,0.11059907834101383,0.0302033182233572,0.7000000000000002,1,compact24,xgb
2023-10-27,0,0.271889400921659,0.05831628292798996,0.7000000000000002,1,compact24,xgb
2023-10-28,0,0.2119815668202765,0.047859128564596176,0.7000000000000002,1,compact24,xgb
2023-10-29,0,0.5161290322580645,0.12969282269477844,0.7000000000000002,1,compact24,xgb
2023-10-30,0,0.22119815668202766,0.05080706998705864,0.7000000000000002,1,compact24,xgb
2023-10-31,0,0.41935483870967744,0.09544187039136887,0.7000000000000002,1,compact24,xgb
2023-11-01,0,0.8847926267281107,0.5044822096824646,0.7000000000000002,1,compact24,xgb
2023-11-02,0,0.8248847926267281,0.3570500910282135,0.7000000000000002,1,compact24,xgb
2023-11-03,0,0.8294930875576036,0.3851155638694763,0.7000000000000002,1,compact24,xgb
2023-11-04,0,0.8341013824884793,0.4158083498477936,0.7000000000000002,1,compact24,xgb
2023-11-05,0,0.8847926267281107,0.5135241150856018,0.7000000000000002,1,compact24,xgb
2023-11-06,0,0.8847926267281107,0.52964848279953,0.7000000000000002,1,compact24,xgb
2023-11-07,0,0.9078341013824884,0.6581106185913086,0.7000000000000002,1,compact24,xgb
2023-11-08,0,0.9032258064516129,0.6084345579147339,0.7000000000000002,1,compact24,xgb
2023-11-09,1,0.9585253456221198,0.8411780595779419,0.7000000000000002,1,compact24,xgb
2023-11-10,1,0.8894009216589862,0.5709696412086487,0.7000000000000002,1,compact24,xgb
2023-11-11,0,0.9170506912442397,0.7322301268577576,0.7000000000000002,1,compact24,xgb
2023-11-12,0,0.5161290322580645,0.13266803324222565,0.7000000000000002,1,compact24,xgb
2023-11-13,1,0.9078341013824884,0.6994401812553406,0.7000000000000002,1,compact24,xgb
2023-11-14,1,0.880184331797235,0.48309630155563354,0.7000000000000002,1,compact24,xgb
2023-11-15,0,0.46543778801843316,0.112388014793396,0.7000000000000002,1,compact24,xgb
2023-11-16,0,0.28110599078341014,0.062446221709251404,0.7000000000000002,1,compact24,xgb
2023-11-17,0,0.059907834101382486,0.02107100747525692,0.7000000000000002,1,compact24,xgb
2023-11-18,0,0.5714285714285714,0.16945381462574005,0.7000000000000002,1,compact24,xgb
2023-11-19,0,0.16589861751152074,0.039433613419532776,0.7000000000000002,1,compact24,xgb
2023-11-20,0,0.42857142857142855,0.09693010151386261,0.7000000000000002,1,compact24,xgb
2023-11-21,0,0.2119815668202765,0.046338122338056564,0.7000000000000002,1,compact24,xgb
2023-11-22,0,0.5299539170506913,0.14443185925483704,0.7000000000000002,1,compact24,xgb
2023-11-23,0,0.25806451612903225,0.05780094861984253,0.7000000000000002,1,compact24,xgb
2023-11-24,0,0.5299539170506913,0.14446750283241272,0.7000000000000002,1,compact24,xgb
2023-11-25,0,0.15668202764976957,0.03753763064742088,0.7000000000000002,1,compact24,xgb
2023-11-26,0,0.5576036866359447,0.15958938002586365,0.7000000000000002,1,compact24,xgb
2023-11-27,0,0.22119815668202766,0.04989832267165184,0.7000000000000002,1,compact24,xgb
2023-11-28,0,0.2995391705069124,0.06837836652994156,0.7000000000000002,1,compact24,xgb
2023-11-29,0,0.5898617511520737,0.18332302570343018,0.7000000000000002,1,compact24,xgb
2023-11-30,0,0.8294930875576036,0.39178934693336487,0.7000000000000002,1,compact24,xgb
2023-12-01,0,0.7603686635944701,0.29124021530151367,0.7000000000000002,1,compact24,xgb
2023-12-02,0,0.8294930875576036,0.3939291536808014,0.7000000000000002,1,compact24,xgb
2023-12-03,0,0.9354838709677419,0.7939029335975647,0.7000000000000002,1,compact24,xgb
2023-12-04,0,0.9769585253456221,0.8811138868331909,0.7000000000000002,1,compact24,xgb
2023-12-05,0,0.9170506912442397,0.741657555103302,0.7000000000000002,1,compact24,xgb
2023-12-06,0,0.9585253456221198,0.838886559009552,0.7000000000000002,1,compact24,xgb
2023-12-07,1,0.9078341013824884,0.655836820602417,0.7000000000000002,1,compact24,xgb
2023-12-08,0,0.9861751152073732,0.8965412378311157,0.7000000000000002,1,compact24,xgb
2023-12-09,0,0.9585253456221198,0.8427115678787231,0.7000000000000002,1,compact24,xgb
2023-12-10,1,0.8894009216589862,0.5581802725791931,0.7000000000000002,1,compact24,xgb
2023-12-11,1,0.8847926267281107,0.489920437335968,0.7000000000000002,1,compact24,xgb
2023-12-12,1,0.7188940092165899,0.25967150926589966,0.7000000000000002,1,compact24,xgb
2023-12-13,1,0.631336405529954,0.20356102287769318,0.7000000000000002,1,compact24,xgb
2023-12-14,1,0.8294930875576036,0.3964694142341614,0.7000000000000002,1,compact24,xgb
2023-12-15,1,0.2857142857142857,0.06392459571361542,0.7000000000000002,1,compact24,xgb
2023-12-16,0,0.2672811059907834,0.058207955211400986,0.7000000000000002,1,compact24,xgb
2023-12-17,0,0.41935483870967744,0.09518449753522873,0.7000000000000002,1,compact24,xgb
2023-12-18,0,0.8248847926267281,0.37339895963668823,0.7000000000000002,1,compact24,xgb
2023-12-19,0,0.6405529953917051,0.20711839199066162,0.7000000000000002,1,compact24,xgb
2023-12-20,0,0.9078341013824884,0.6439571380615234,0.7000000000000002,1,compact24,xgb
2023-12-21,0,0.5714285714285714,0.16963987052440643,0.7000000000000002,1,compact24,xgb
2023-12-22,0,0.631336405529954,0.20371335744857788,0.7000000000000002,1,compact24,xgb
2023-12-23,0,0.42857142857142855,0.09699506312608719,0.7000000000000002,1,compact24,xgb
2023-12-24,0,0.1152073732718894,0.031221821904182434,0.7000000000000002,1,compact24,xgb
2023-12-25,0,0.271889400921659,0.06055579334497452,0.7000000000000002,1,compact24,xgb
2023-12-26,0,0.2764976958525346,0.0611688494682312,0.7000000000000002,1,compact24,xgb
2023-12-27,0,0.2350230414746544,0.054161638021469116,0.7000000000000002,1,compact24,xgb
2023-12-28,0,0.2857142857142857,0.06606975197792053,0.7000000000000002,1,compact24,xgb
2023-12-29,0,0.2857142857142857,0.06565281748771667,0.7000000000000002,1,compact24,xgb
2023-12-30,0,0.29493087557603687,0.06769305467605591,0.7000000000000002,1,compact24,xgb
2023-12-31,0,0.8018433179723502,0.3213287889957428,0.7000000000000002,1,compact24,xgb
2024-01-08,0,0.8737864077669902,0.6409242749214172,0.6900000000000002,2,compact24,xgb
2024-01-09,0,0.9385113268608414,0.8173990249633789,0.6900000000000002,2,compact24,xgb
2024-01-10,0,0.8381877022653722,0.5319132208824158,0.6900000000000002,2,compact24,xgb
2024-01-11,1,0.6925566343042071,0.30122819542884827,0.6900000000000002,2,compact24,xgb
2024-01-12,1,0.8705501618122977,0.6097427606582642,0.6900000000000002,2,compact24,xgb
2024-01-13,1,0.889967637540453,0.6841185688972473,0.6900000000000002,2,compact24,xgb
2024-01-14,1,0.6925566343042071,0.29761478304862976,0.6900000000000002,2,compact24,xgb
2024-01-15,1,0.7928802588996764,0.42067864537239075,0.6900000000000002,2,compact24,xgb
2024-01-16,0,0.7637540453074434,0.3747735917568207,0.6900000000000002,2,compact24,xgb
2024-01-17,1,0.9029126213592233,0.7241091728210449,0.6900000000000002,2,compact24,xgb
2024-01-18,1,0.8802588996763754,0.6707589626312256,0.6900000000000002,2,compact24,xgb
2024-01-19,1,0.6472491909385113,0.2545303404331207,0.6900000000000002,2,compact24,xgb
2024-01-20,0,0.3592233009708738,0.10372134298086166,0.6900000000000002,2,compact24,xgb
2024-01-21,0,0.02912621359223301,0.021214282140135765,0.6900000000000002,2,compact24,xgb
2024-01-22,0,0.019417475728155338,0.016331477090716362,0.6900000000000002,2,compact24,xgb
2024-01-23,0,0.08090614886731391,0.030759572982788086,0.6900000000000002,2,compact24,xgb
2024-01-24,0,0.06796116504854369,0.02967039868235588,0.6900000000000002,2,compact24,xgb
2024-01-25,0,0.6731391585760518,0.2807482182979584,0.6900000000000002,2,compact24,xgb
2024-01-26,0,0.02912621359223301,0.021492987871170044,0.6900000000000002,2,compact24,xgb
2024-01-27,0,0.16181229773462782,0.04864544793963432,0.6900000000000002,2,compact24,xgb
2024-01-28,0,0.1553398058252427,0.047146428376436234,0.6900000000000002,2,compact24,xgb
2024-01-29,0,0.49514563106796117,0.1653602570295334,0.6900000000000002,2,compact24,xgb
2024-01-30,1,0.1488673139158576,0.0454808846116066,0.6900000000000002,2,compact24,xgb
2024-01-31,0,0.47572815533980584,0.14627262949943542,0.6900000000000002,2,compact24,xgb
2024-02-01,0,0.06472491909385113,0.02837759256362915,0.6900000000000002,2,compact24,xgb
2024-02-02,0,0.08414239482200647,0.03169131651520729,0.6900000000000002,2,compact24,xgb
2024-02-03,0,0.2459546925566343,0.06161296367645264,0.6900000000000002,2,compact24,xgb
2024-02-04,0,0.9061488673139159,0.7285521626472473,0.6900000000000002,2,compact24,xgb
2024-02-05,0,0.7572815533980582,0.37007609009742737,0.6900000000000002,2,compact24,xgb
2024-02-06,0,0.9093851132686084,0.7511075735092163,0.6900000000000002,2,compact24,xgb
2024-02-07,0,0.7443365695792881,0.3583592474460602,0.6900000000000002,2,compact24,xgb
2024-02-08,0,0.8640776699029126,0.5975577235221863,0.6900000000000002,2,compact24,xgb
2024-02-09,0,0.9352750809061489,0.8115672469139099,0.6900000000000002,2,compact24,xgb
2024-02-10,0,0.9288025889967637,0.7845765948295593,0.6900000000000002,2,compact24,xgb
2024-02-11,0,0.4336569579288026,0.13413938879966736,0.6900000000000002,2,compact24,xgb
2024-02-12,0,0.43042071197411,0.1337471604347229,0.6900000000000002,2,compact24,xgb
2024-02-13,0,0.42718446601941745,0.13109299540519714,0.6900000000000002,2,compact24,xgb
2024-02-14,0,0.23624595469255663,0.060516998171806335,0.6900000000000002,2,compact24,xgb
2024-02-15,0,0.08090614886731391,0.030867692083120346,0.6900000000000002,2,compact24,xgb
2024-02-16,0,0.32038834951456313,0.08338860422372818,0.6900000000000002,2,compact24,xgb
2024-02-17,0,0.3592233009708738,0.10197503119707108,0.6900000000000002,2,compact24,xgb
2024-02-18,0,0.16181229773462782,0.048845935612916946,0.6900000000000002,2,compact24,xgb
2024-02-19,0,0.2524271844660194,0.06325149536132812,0.6900000000000002,2,compact24,xgb
2024-02-20,0,0.627831715210356,0.24307365715503693,0.6900000000000002,2,compact24,xgb
2024-02-21,0,0.1488673139158576,0.044171854853630066,0.6900000000000002,2,compact24,xgb
2024-02-22,0,0.3592233009708738,0.10309771448373795,0.6900000000000002,2,compact24,xgb
2024-02-23,0,0.5469255663430421,0.19154559075832367,0.6900000000000002,2,compact24,xgb
2024-02-24,0,0.4077669902912621,0.1213456317782402,0.6900000000000002,2,compact24,xgb
2024-02-25,0,0.14563106796116504,0.04336715489625931,0.6900000000000002,2,compact24,xgb
2024-02-26,0,0.042071197411003236,0.02254180610179901,0.6900000000000002,2,compact24,xgb
2024-02-27,0,0.3333333333333333,0.09326398372650146,0.6900000000000002,2,compact24,xgb
2024-02-28,0,0.41423948220064727,0.12975114583969116,0.6900000000000002,2,compact24,xgb
2024-02-29,0,0.7378640776699029,0.3561709523200989,0.6900000000000002,2,compact24,xgb
2024-03-01,0,0.627831715210356,0.24140973389148712,0.6900000000000002,2,compact24,xgb
2024-03-02,0,0.627831715210356,0.23882022500038147,0.6900000000000002,2,compact24,xgb
2024-03-03,0,0.8511326860841424,0.5676720142364502,0.6900000000000002,2,compact24,xgb
2024-03-04,0,0.8932038834951457,0.7096271514892578,0.6900000000000002,2,compact24,xgb
2024-03-05,0,0.8414239482200647,0.5387917757034302,0.6900000000000002,2,compact24,xgb
2024-03-06,0,0.6343042071197411,0.24840191006660461,0.6900000000000002,2,compact24,xgb
2024-03-07,0,0.8867313915857605,0.6790080070495605,0.6900000000000002,2,compact24,xgb
2024-03-08,0,0.8511326860841424,0.5703792572021484,0.6900000000000002,2,compact24,xgb
2024-03-09,1,0.7928802588996764,0.4081806540489197,0.6900000000000002,2,compact24,xgb
2024-03-10,1,0.9320388349514563,0.7905345559120178,0.6900000000000002,2,compact24,xgb
2024-03-11,1,0.9870550161812298,0.8831868171691895,0.6900000000000002,2,compact24,xgb
2024-03-12,1,0.9093851132686084,0.7563158869743347,0.6900000000000002,2,compact24,xgb
2024-03-13,1,0.8576051779935275,0.5925782918930054,0.6900000000000002,2,compact24,xgb
2024-03-14,1,0.9288025889967637,0.7823249697685242,0.6900000000000002,2,compact24,xgb
2024-03-15,1,0.5339805825242718,0.18027110397815704,0.6900000000000002,2,compact24,xgb
2024-03-16,1,0.8025889967637541,0.4494604766368866,0.6900000000000002,2,compact24,xgb
2024-03-17,0,0.6763754045307443,0.285359263420105,0.6900000000000002,2,compact24,xgb
2024-03-18,0,0.6925566343042071,0.29752036929130554,0.6900000000000002,2,compact24,xgb
2024-03-19,0,0.32362459546925565,0.08596944063901901,0.6900000000000002,2,compact24,xgb
2024-03-20,0,0.3818770226537217,0.11537587642669678,0.6900000000000002,2,compact24,xgb
2024-03-21,0,0.4854368932038835,0.15875297784805298,0.6900000000000002,2,compact24,xgb
2024-03-22,0,0.47896440129449835,0.15457461774349213,0.6900000000000002,2,compact24,xgb
2024-03-23,0,0.5760517799352751,0.20827624201774597,0.6900000000000002,2,compact24,xgb
2024-03-24,0,0.2297734627831715,0.05837563797831535,0.6900000000000002,2,compact24,xgb
2024-03-25,0,0.30097087378640774,0.07516300678253174,0.6900000000000002,2,compact24,xgb
2024-03-26,0,0.019417475728155338,0.01611344702541828,0.6900000000000002,2,compact24,xgb
2024-03-27,0,0.06796116504854369,0.02974315732717514,0.6900000000000002,2,compact24,xgb
2024-03-28,0,0.3333333333333333,0.09340684860944748,0.6900000000000002,2,compact24,xgb
2024-03-29,0,0.05825242718446602,0.026080159470438957,0.6900000000000002,2,compact24,xgb
2024-03-30,0,0.3559870550161812,0.09996402263641357,0.6900000000000002,2,compact24,xgb
2024-03-31,0,0.05177993527508091,0.02399941347539425,0.6900000000000002,2,compact24,xgb
2024-04-08,0,0.9825,0.8883756399154663,0.8800000000000003,3,compact24,xgb
2024-04-09,0,0.9875,0.8971729874610901,0.8800000000000003,3,compact24,xgb
2024-04-10,1,0.835,0.6349585056304932,0.8800000000000003,3,compact24,xgb
2024-04-11,1,0.995,0.925178587436676,0.8800000000000003,3,compact24,xgb
2024-04-12,0,0.9075,0.7805158495903015,0.8800000000000003,3,compact24,xgb
2024-04-13,1,0.9,0.7633496522903442,0.8800000000000003,3,compact24,xgb
2024-04-14,1,0.93,0.8151199221611023,0.8800000000000003,3,compact24,xgb
2024-04-15,1,0.565,0.20809319615364075,0.8800000000000003,3,compact24,xgb
2024-04-16,1,0.3625,0.11319700628519058,0.8800000000000003,3,compact24,xgb
2024-04-17,1,0.7025,0.37366655468940735,0.8800000000000003,3,compact24,xgb
2024-04-18,1,0.705,0.39298510551452637,0.8800000000000003,3,compact24,xgb
2024-04-19,1,0.615,0.24451644718647003,0.8800000000000003,3,compact24,xgb
2024-04-20,1,0.3425,0.10524053126573563,0.8800000000000003,3,compact24,xgb
2024-04-21,0,0.0275,0.01895066350698471,0.8800000000000003,3,compact24,xgb
2024-04-22,0,0.16,0.040825255215168,0.8800000000000003,3,compact24,xgb
2024-04-23,0,0.2375,0.0712311789393425,0.8800000000000003,3,compact24,xgb
2024-04-24,0,0.0625,0.026751399040222168,0.8800000000000003,3,compact24,xgb
2024-04-25,0,0.0275,0.019275235012173653,0.8800000000000003,3,compact24,xgb
2024-04-26,0,0.1975,0.04976389929652214,0.8800000000000003,3,compact24,xgb
2024-04-27,0,0.1125,0.03364783152937889,0.8800000000000003,3,compact24,xgb
2024-04-28,0,0.2375,0.06788376718759537,0.8800000000000003,3,compact24,xgb
2024-04-29,0,0.0125,0.013884290121495724,0.8800000000000003,3,compact24,xgb
2024-04-30,0,0.1825,0.04408589005470276,0.8800000000000003,3,compact24,xgb
2024-05-01,0,0.0475,0.024956706911325455,0.8800000000000003,3,compact24,xgb
2024-05-02,0,0.0,0.009367556311190128,0.8800000000000003,3,compact24,xgb
2024-05-03,0,0.0275,0.01904895156621933,0.8800000000000003,3,compact24,xgb
2024-05-04,0,0.2575,0.07642600685358047,0.8800000000000003,3,compact24,xgb
2024-05-05,0,0.8125,0.5796922445297241,0.8800000000000003,3,compact24,xgb
2024-05-06,0,0.71,0.39570844173431396,0.8800000000000003,3,compact24,xgb
2024-05-07,0,0.8075,0.5620994567871094,0.8800000000000003,3,compact24,xgb
2024-05-08,0,0.8,0.5282303690910339,0.8800000000000003,3,compact24,xgb
2024-05-09,0,0.655,0.29324090480804443,0.8800000000000003,3,compact24,xgb
2024-05-10,0,0.8075,0.5675561428070068,0.8800000000000003,3,compact24,xgb
2024-05-11,0,0.915,0.7895134687423706,0.8800000000000003,3,compact24,xgb
2024-05-12,0,0.8,0.5307155251502991,0.8800000000000003,3,compact24,xgb
2024-05-13,0,0.5925,0.22271601855754852,0.8800000000000003,3,compact24,xgb
2024-05-14,0,0.395,0.13077674806118011,0.8800000000000003,3,compact24,xgb
2024-05-15,0,0.49,0.1780981868505478,0.8800000000000003,3,compact24,xgb
2024-05-16,0,0.8325,0.6148486733436584,0.8800000000000003,3,compact24,xgb
2024-05-17,1,0.7025,0.37631556391716003,0.8800000000000003,3,compact24,xgb
2024-05-18,0,0.7525,0.4581257104873657,0.8800000000000003,3,compact24,xgb
2024-05-19,0,0.2375,0.06878994405269623,0.8800000000000003,3,compact24,xgb
2024-05-20,0,0.255,0.07575712352991104,0.8800000000000003,3,compact24,xgb
2024-05-21,0,0.6275,0.25401443243026733,0.8800000000000003,3,compact24,xgb
2024-05-22,0,0.7925,0.5147069096565247,0.8800000000000003,3,compact24,xgb
2024-05-23,0,0.86,0.6653463244438171,0.8800000000000003,3,compact24,xgb
2024-05-24,0,0.6,0.22790035605430603,0.8800000000000003,3,compact24,xgb
2024-05-25,0,0.35,0.10750553756952286,0.8800000000000003,3,compact24,xgb
2024-05-26,0,0.2075,0.05669981613755226,0.8800000000000003,3,compact24,xgb
2024-05-27,0,0.3975,0.13309358060359955,0.8800000000000003,3,compact24,xgb
2024-05-28,0,0.23,0.06660610437393188,0.8800000000000003,3,compact24,xgb
2024-05-29,0,0.2275,0.06561379879713058,0.8800000000000003,3,compact24,xgb
2024-05-30,0,0.3225,0.09551691263914108,0.8800000000000003,3,compact24,xgb
2024-05-31,0,0.59,0.22152464091777802,0.8800000000000003,3,compact24,xgb
2024-06-01,0,0.3225,0.09438944607973099,0.8800000000000003,3,compact24,xgb
2024-06-02,0,0.8325,0.6216597557067871,0.8800000000000003,3,compact24,xgb
2024-06-03,0,0.995,0.9149477481842041,0.8800000000000003,3,compact24,xgb
2024-06-04,0,0.8825,0.7163565158843994,0.8800000000000003,3,compact24,xgb
2024-06-05,0,0.8,0.5325536131858826,0.8800000000000003,3,compact24,xgb
2024-06-06,0,0.78,0.49719321727752686,0.8800000000000003,3,compact24,xgb
2024-06-07,0,0.8075,0.5643937587738037,0.8800000000000003,3,compact24,xgb
2024-06-08,0,0.785,0.5051724910736084,0.8800000000000003,3,compact24,xgb
2024-06-09,0,0.49,0.1757352650165558,0.8800000000000003,3,compact24,xgb
2024-06-10,0,0.3425,0.1057937815785408,0.8800000000000003,3,compact24,xgb
2024-06-11,0,0.25,0.07357029616832733,0.8800000000000003,3,compact24,xgb
2024-06-12,0,0.3025,0.08769189566373825,0.8800000000000003,3,compact24,xgb
2024-06-13,0,0.335,0.09895528107881546,0.8800000000000003,3,compact24,xgb
2024-06-14,1,0.415,0.13739195466041565,0.8800000000000003,3,compact24,xgb
2024-06-15,1,0.33,0.09802793711423874,0.8800000000000003,3,compact24,xgb
2024-06-16,1,0.9225,0.8063135743141174,0.8800000000000003,3,compact24,xgb
2024-06-17,1,0.7025,0.36360904574394226,0.8800000000000003,3,compact24,xgb
2024-06-18,1,0.91,0.7869950532913208,0.8800000000000003,3,compact24,xgb
2024-06-19,1,0.745,0.447987824678421,0.8800000000000003,3,compact24,xgb
2024-06-20,1,0.49,0.173593208193779,0.8800000000000003,3,compact24,xgb
2024-06-21,1,0.76,0.46442726254463196,0.8800000000000003,3,compact24,xgb
2024-06-22,0,0.7125,0.3969825208187103,0.8800000000000003,3,compact24,xgb
2024-06-23,0,0.035,0.02193792164325714,0.8800000000000003,3,compact24,xgb
2024-06-24,0,0.0825,0.028732655569911003,0.8800000000000003,3,compact24,xgb
2024-06-25,0,0.16,0.04080328345298767,0.8800000000000003,3,compact24,xgb
2024-06-26,0,0.1325,0.0372992679476738,0.8800000000000003,3,compact24,xgb
2024-06-27,0,0.08,0.028391165658831596,0.8800000000000003,3,compact24,xgb
2024-06-28,0,0.255,0.07568703591823578,0.8800000000000003,3,compact24,xgb
2024-06-29,0,0.23,0.06609726697206497,0.8800000000000003,3,compact24,xgb
2024-06-30,0,0.0275,0.017585860565304756,0.8800000000000003,3,compact24,xgb
2024-07-08,0,0.7291242362525459,0.4609566926956177,0.6000000000000001,4,compact24,xgb
2024-07-09,0,0.8289205702647657,0.6394440531730652,0.6000000000000001,4,compact24,xgb
2024-07-10,0,0.639511201629328,0.34645143151283264,0.6000000000000001,4,compact24,xgb
2024-07-11,0,0.8533604887983707,0.6926775574684143,0.6000000000000001,4,compact24,xgb
2024-07-12,0,0.780040733197556,0.5438079833984375,0.6000000000000001,4,compact24,xgb
2024-07-13,0,0.6313645621181263,0.33433327078819275,0.6000000000000001,4,compact24,xgb
2024-07-14,1,0.7556008146639511,0.5162220597267151,0.6000000000000001,4,compact24,xgb
2024-07-15,1,0.7535641547861507,0.5049946308135986,0.6000000000000001,4,compact24,xgb
2024-07-16,0,0.7983706720977597,0.5744239091873169,0.6000000000000001,4,compact24,xgb
2024-07-17,1,0.5661914460285132,0.28343552350997925,0.6000000000000001,4,compact24,xgb
2024-07-18,1,0.5193482688391039,0.24174199998378754,0.6000000000000001,4,compact24,xgb
2024-07-19,0,0.6639511201629328,0.3708062767982483,0.6000000000000001,4,compact24,xgb
2024-07-20,0,0.7169042769857433,0.4441114366054535,0.6000000000000001,4,compact24,xgb
2024-07-21,0,0.25661914460285135,0.08383570611476898,0.6000000000000001,4,compact24,xgb
2024-07-22,0,0.059063136456211814,0.032182224094867706,0.6000000000000001,4,compact24,xgb
2024-07-23,0,0.15071283095723015,0.05078118294477463,0.6000000000000001,4,compact24,xgb
2024-07-24,0,0.09572301425661914,0.03775254264473915,0.6000000000000001,4,compact24,xgb
2024-07-25,0,0.010183299389002037,0.021836936473846436,0.6000000000000001,4,compact24,xgb
2024-07-26,0,0.29327902240325865,0.10742528736591339,0.6000000000000001,4,compact24,xgb
2024-07-27,0,0.21181262729124237,0.0668749213218689,0.6000000000000001,4,compact24,xgb
2024-07-28,0,0.002036659877800407,0.016404516994953156,0.6000000000000001,4,compact24,xgb
2024-07-29,0,0.020366598778004074,0.023910365998744965,0.6000000000000001,4,compact24,xgb
2024-07-30,0,0.1955193482688391,0.061801373958587646,0.6000000000000001,4,compact24,xgb
2024-07-31,0,0.384928716904277,0.15814542770385742,0.6000000000000001,4,compact24,xgb
2024-08-01,0,0.5295315682281059,0.24559979140758514,0.6000000000000001,4,compact24,xgb
2024-08-02,0,0.6578411405295316,0.3611101806163788,0.6000000000000001,4,compact24,xgb
2024-08-03,0,0.38289205702647655,0.1575186550617218,0.6000000000000001,4,compact24,xgb
2024-08-04,0,0.7983706720977597,0.5747121572494507,0.6000000000000001,4,compact24,xgb
2024-08-05,0,0.6272912423625254,0.33168113231658936,0.6000000000000001,4,compact24,xgb
2024-08-06,0,0.5804480651731161,0.28996965289115906,0.6000000000000001,4,compact24,xgb
2024-08-07,0,0.5458248472505092,0.2665199339389801,0.6000000000000001,4,compact24,xgb
2024-08-08,0,0.6761710794297352,0.38879382610321045,0.6000000000000001,4,compact24,xgb
2024-08-09,0,0.6945010183299389,0.4088963270187378,0.6000000000000001,4,compact24,xgb
2024-08-10,0,0.7372708757637475,0.4697606563568115,0.6000000000000001,4,compact24,xgb
2024-08-11,0,0.725050916496945,0.45302796363830566,0.6000000000000001,4,compact24,xgb
2024-08-12,0,0.7535641547861507,0.5082668662071228,0.6000000000000001,4,compact24,xgb
2024-08-13,0,0.8533604887983707,0.6881872415542603,0.6000000000000001,4,compact24,xgb
2024-08-14,1,0.7189409368635438,0.4479621350765228,0.6000000000000001,4,compact24,xgb
2024-08-15,0,0.6985743380855397,0.416536808013916,0.6000000000000001,4,compact24,xgb
2024-08-16,0,0.40529531568228105,0.16318048536777496,0.6000000000000001,4,compact24,xgb
2024-08-17,0,0.5560081466395111,0.27396729588508606,0.6000000000000001,4,compact24,xgb
2024-08-18,0,0.8879837067209776,0.738821804523468,0.6000000000000001,4,compact24,xgb
2024-08-19,0,0.9531568228105907,0.8412423729896545,0.6000000000000001,4,compact24,xgb
2023-07-08,0,0.616,0.04388333852256279,0.8000000000000003,0,compact24,catboost
2023-07-09,0,0.616,0.043114033877713794,0.8000000000000003,0,compact24,catboost
2023-07-10,0,0.288,0.020776534653939065,0.8000000000000003,0,compact24,catboost
2023-07-11,0,0.816,0.06418264660445236,0.8000000000000003,0,compact24,catboost
2023-07-12,0,0.6,0.040614347789111424,0.8000000000000003,0,compact24,catboost
2023-07-13,1,0.896,0.1808286349205077,0.8000000000000003,0,compact24,catboost
2023-07-14,1,0.84,0.08784436636883289,0.8000000000000003,0,compact24,catboost
2023-07-15,0,0.0,0.0035723411482768115,0.8000000000000003,0,compact24,catboost
2023-07-16,0,0.56,0.03824244863468073,0.8000000000000003,0,compact24,catboost
2023-07-17,0,0.88,0.12658509166064763,0.8000000000000003,0,compact24,catboost
2023-07-18,0,0.904,0.1894230848811953,0.8000000000000003,0,compact24,catboost
2023-07-19,0,0.896,0.1823277102335284,0.8000000000000003,0,compact24,catboost
2023-07-20,0,0.84,0.08146313037517033,0.8000000000000003,0,compact24,catboost
2023-07-21,0,0.536,0.03695854913447892,0.8000000000000003,0,compact24,catboost
2023-07-22,0,0.12,0.010011095021536371,0.8000000000000003,0,compact24,catboost
2023-07-23,0,0.688,0.04849443587410911,0.8000000000000003,0,compact24,catboost
2023-07-24,0,0.088,0.00851474522866821,0.8000000000000003,0,compact24,catboost
2023-07-25,0,0.608,0.04096315382938697,0.8000000000000003,0,compact24,catboost
2023-07-26,0,0.368,0.024557897534602958,0.8000000000000003,0,compact24,catboost
2023-07-27,0,0.048,0.006534183228940753,0.8000000000000003,0,compact24,catboost
2023-07-28,0,0.224,0.01677877363570389,0.8000000000000003,0,compact24,catboost
2023-07-29,0,0.168,0.013463416112766505,0.8000000000000003,0,compact24,catboost
2023-07-30,0,0.136,0.010379143765335363,0.8000000000000003,0,compact24,catboost
2023-07-31,0,0.392,0.02720711212948297,0.8000000000000003,0,compact24,catboost
2023-08-01,0,0.616,0.04309794008811279,0.8000000000000003,0,compact24,catboost
2023-08-02,0,0.4,0.02811038372837982,0.8000000000000003,0,compact24,catboost
2023-08-03,0,0.456,0.031014959551513493,0.8000000000000003,0,compact24,catboost
2023-08-04,0,0.632,0.04422819531241486,0.8000000000000003,0,compact24,catboost
2023-08-05,0,0.72,0.05061300559646446,0.8000000000000003,0,compact24,catboost
2023-08-06,0,0.904,0.5593380674700295,0.8000000000000003,0,compact24,catboost
2023-08-07,0,0.776,0.05942886643344505,0.8000000000000003,0,compact24,catboost
2023-08-08,0,0.392,0.027670788047205134,0.8000000000000003,0,compact24,catboost
2023-08-09,0,0.84,0.07386404898496084,0.8000000000000003,0,compact24,catboost
2023-08-10,0,0.648,0.046263076373113596,0.8000000000000003,0,compact24,catboost
2023-08-11,0,0.864,0.10180108777000112,0.8000000000000003,0,compact24,catboost
2023-08-12,0,0.904,0.40152557212375906,0.8000000000000003,0,compact24,catboost
2023-08-13,0,0.456,0.03168320017811701,0.8000000000000003,0,compact24,catboost
2023-08-14,0,0.824,0.06887024295269696,0.8000000000000003,0,compact24,catboost
2023-08-15,0,0.888,0.14697956258231634,0.8000000000000003,0,compact24,catboost
2023-08-16,0,0.896,0.1673891266530997,0.8000000000000003,0,compact24,catboost
2023-08-17,0,0.904,0.20299318227444288,0.8000000000000003,0,compact24,catboost
2023-08-18,1,0.832,0.0706200834116936,0.8000000000000003,0,compact24,catboost
2023-08-19,0,0.824,0.06809364910686826,0.8000000000000003,0,compact24,catboost
2023-08-20,0,0.904,0.45150287199957706,0.8000000000000003,0,compact24,catboost
2023-08-21,0,0.88,0.12858749855738463,0.8000000000000003,0,compact24,catboost
2023-08-22,0,0.904,0.3838344029524026,0.8000000000000003,0,compact24,catboost
2023-08-23,0,0.896,0.18292783613408334,0.8000000000000003,0,compact24,catboost
2023-08-24,0,0.904,0.19864357743067595,0.8000000000000003,0,compact24,catboost
2023-08-25,0,0.216,0.016009701256988366,0.8000000000000003,0,compact24,catboost
2023-08-26,0,0.904,0.35897381736418216,0.8000000000000003,0,compact24,catboost
2023-08-27,0,0.872,0.12336229784055613,0.8000000000000003,0,compact24,catboost
2023-08-28,0,0.304,0.02197069938871604,0.8000000000000003,0,compact24,catboost
2023-08-29,0,0.024,0.00601047945437137,0.8000000000000003,0,compact24,catboost
2023-08-30,0,0.376,0.02517843180740398,0.8000000000000003,0,compact24,catboost
2023-08-31,0,0.84,0.08703536551008417,0.8000000000000003,0,compact24,catboost
2023-09-01,0,0.904,0.26796377945544136,0.8000000000000003,0,compact24,catboost
2023-09-02,0,0.688,0.04774497886056085,0.8000000000000003,0,compact24,catboost
2023-09-03,0,0.904,0.2519403686433582,0.8000000000000003,0,compact24,catboost
2023-09-04,0,0.864,0.1025663930178204,0.8000000000000003,0,compact24,catboost
2023-09-05,1,0.904,0.20115579841267525,0.8000000000000003,0,compact24,catboost
2023-09-06,1,0.488,0.033169510195419645,0.8000000000000003,0,compact24,catboost
2023-09-07,1,0.768,0.05883743525837686,0.8000000000000003,0,compact24,catboost
2023-09-08,1,0.904,0.5968620256557213,0.8000000000000003,0,compact24,catboost
2023-09-09,0,0.84,0.08809893363221556,0.8000000000000003,0,compact24,catboost
2023-09-10,0,0.824,0.06473253379360046,0.8000000000000003,0,compact24,catboost
2023-09-11,0,0.336,0.023939713265947536,0.8000000000000003,0,compact24,catboost
2023-09-12,0,0.904,0.36821233134246906,0.8000000000000003,0,compact24,catboost
2023-09-13,0,0.168,0.012647300065160226,0.8000000000000003,0,compact24,catboost
2023-09-14,0,0.224,0.01705875420304364,0.8000000000000003,0,compact24,catboost
2023-09-15,0,0.168,0.013492655315134158,0.8000000000000003,0,compact24,catboost
2023-09-16,0,0.848,0.09906356379151275,0.8000000000000003,0,compact24,catboost
2023-09-17,0,0.688,0.049701829360149746,0.8000000000000003,0,compact24,catboost
2023-09-18,0,0.44,0.029395682119676657,0.8000000000000003,0,compact24,catboost
2023-09-19,0,0.792,0.06201771513241014,0.8000000000000003,0,compact24,catboost
2023-09-20,0,0.904,0.2050549394683123,0.8000000000000003,0,compact24,catboost
2023-09-21,0,0.904,0.48057184352222976,0.8000000000000003,0,compact24,catboost
2023-09-22,0,0.848,0.09795347013088213,0.8000000000000003,0,compact24,catboost
2023-09-23,0,0.344,0.02409500004927801,0.8000000000000003,0,compact24,catboost
2023-09-24,0,0.144,0.010564649916148429,0.8000000000000003,0,compact24,catboost
2023-09-25,0,0.104,0.008902829317070255,0.8000000000000003,0,compact24,catboost
2023-09-26,0,0.904,0.18902843605988906,0.8000000000000003,0,compact24,catboost
2023-09-27,0,0.448,0.03024881881913686,0.8000000000000003,0,compact24,catboost
2023-09-28,0,0.824,0.07053250092069999,0.8000000000000003,0,compact24,catboost
2023-09-29,0,0.728,0.052691149447606195,0.8000000000000003,0,compact24,catboost
2023-09-30,0,0.792,0.06175964277030953,0.8000000000000003,0,compact24,catboost
2023-10-08,0,0.7419354838709677,0.0941643074530263,0.9000000000000004,1,compact24,catboost
2023-10-09,0,0.7557603686635944,0.10243500916586563,0.9000000000000004,1,compact24,catboost
2023-10-10,0,0.7972350230414746,0.12929941414511992,0.9000000000000004,1,compact24,catboost
2023-10-11,0,0.7649769585253456,0.10785687414451924,0.9000000000000004,1,compact24,catboost
2023-10-12,0,0.8617511520737328,0.17501559975233813,0.9000000000000004,1,compact24,catboost
2023-10-13,1,0.30414746543778803,0.030781387449089457,0.9000000000000004,1,compact24,catboost
2023-10-14,1,0.8617511520737328,0.17424523488543733,0.9000000000000004,1,compact24,catboost
2023-10-15,0,0.9078341013824884,0.3016121594019047,0.9000000000000004,1,compact24,catboost
2023-10-16,1,0.9078341013824884,0.24628556388475384,0.9000000000000004,1,compact24,catboost
2023-10-17,1,0.8571428571428571,0.16724302846053643,0.9000000000000004,1,compact24,catboost
2023-10-18,0,0.7557603686635944,0.10544591015613418,0.9000000000000004,1,compact24,catboost
2023-10-19,0,0.4608294930875576,0.04561643125438847,0.9000000000000004,1,compact24,catboost
2023-10-20,0,0.8755760368663594,0.17843925577421887,0.9000000000000004,1,compact24,catboost
2023-10-21,0,0.7972350230414746,0.12874843656467477,0.9000000000000004,1,compact24,catboost
2023-10-22,0,0.2119815668202765,0.022024554470659038,0.9000000000000004,1,compact24,catboost
2023-10-23,0,0.20276497695852536,0.021103769282641825,0.9000000000000004,1,compact24,catboost
2023-10-24,0,0.5622119815668203,0.0573344043029446,0.9000000000000004,1,compact24,catboost
2023-10-25,0,0.06912442396313365,0.007653135581235087,0.9000000000000004,1,compact24,catboost
2023-10-26,0,0.12442396313364056,0.012354833717708489,0.9000000000000004,1,compact24,catboost
2023-10-27,0,0.09216589861751152,0.00952520960893986,0.9000000000000004,1,compact24,catboost
2023-10-28,0,0.1935483870967742,0.01920433675508,0.9000000000000004,1,compact24,catboost
2023-10-29,0,0.6405529953917051,0.07122273851715408,0.9000000000000004,1,compact24,catboost
2023-10-30,0,0.5529953917050692,0.056741069025248385,0.9000000000000004,1,compact24,catboost
2023-10-31,0,0.6221198156682027,0.06833444361255239,0.9000000000000004,1,compact24,catboost
2023-11-01,0,0.9124423963133641,0.38086281958928825,0.9000000000000004,1,compact24,catboost
2023-11-02,0,0.9124423963133641,0.44064871552819596,0.9000000000000004,1,compact24,catboost
2023-11-03,0,0.8202764976958525,0.14094739471313716,0.9000000000000004,1,compact24,catboost
2023-11-04,0,0.7972350230414746,0.12652364526721607,0.9000000000000004,1,compact24,catboost
2023-11-05,0,0.7972350230414746,0.1279452106996715,0.9000000000000004,1,compact24,catboost
2023-11-06,0,0.7557603686635944,0.10101784754819323,0.9000000000000004,1,compact24,catboost
2023-11-07,0,0.9124423963133641,0.43649762180172696,0.9000000000000004,1,compact24,catboost
2023-11-08,0,0.9124423963133641,0.32832681699393357,0.9000000000000004,1,compact24,catboost
2023-11-09,1,0.9124423963133641,0.630652533409782,0.9000000000000004,1,compact24,catboost
2023-11-10,1,0.5944700460829493,0.06364651996517877,0.9000000000000004,1,compact24,catboost
2023-11-11,0,0.7972350230414746,0.12777936154382263,0.9000000000000004,1,compact24,catboost
2023-11-12,0,0.423963133640553,0.042230569387192406,0.9000000000000004,1,compact24,catboost
2023-11-13,1,0.8110599078341014,0.13442391988373445,0.9000000000000004,1,compact24,catboost
2023-11-14,1,0.7972350230414746,0.12858160473534733,0.9000000000000004,1,compact24,catboost
2023-11-15,0,0.20276497695852536,0.02093956907982217,0.9000000000000004,1,compact24,catboost
2023-11-16,0,0.2119815668202765,0.02260356158677245,0.9000000000000004,1,compact24,catboost
2023-11-17,0,0.09216589861751152,0.00981279981886047,0.9000000000000004,1,compact24,catboost
2023-11-18,0,0.7188940092165899,0.0906559628728363,0.9000000000000004,1,compact24,catboost
2023-11-19,0,0.391705069124424,0.04026623015495379,0.9000000000000004,1,compact24,catboost
2023-11-20,0,0.6589861751152074,0.0778558546317798,0.9000000000000004,1,compact24,catboost
2023-11-21,0,0.06451612903225806,0.00747527344121299,0.9000000000000004,1,compact24,catboost
2023-11-22,0,0.2903225806451613,0.027920024520414675,0.9000000000000004,1,compact24,catboost
2023-11-23,0,0.41935483870967744,0.041735618076377254,0.9000000000000004,1,compact24,catboost
2023-11-24,0,0.7188940092165899,0.09034377902148112,0.9000000000000004,1,compact24,catboost
2023-11-25,0,0.3271889400921659,0.0338638073559037,0.9000000000000004,1,compact24,catboost
2023-11-26,0,0.46543778801843316,0.04641798126375998,0.9000000000000004,1,compact24,catboost
2023-11-27,0,0.055299539170506916,0.006463787598384489,0.9000000000000004,1,compact24,catboost
2023-11-28,0,0.20276497695852536,0.021125543630832955,0.9000000000000004,1,compact24,catboost
2023-11-29,0,0.5944700460829493,0.06507083792755901,0.9000000000000004,1,compact24,catboost
2023-11-30,0,0.815668202764977,0.1358907570746272,0.9000000000000004,1,compact24,catboost
2023-12-01,0,0.7741935483870968,0.10966811398400934,0.9000000000000004,1,compact24,catboost
2023-12-02,0,0.7649769585253456,0.10801334430901985,0.9000000000000004,1,compact24,catboost
2023-12-03,0,0.9124423963133641,0.4419035717012072,0.9000000000000004,1,compact24,catboost
2023-12-04,0,0.9124423963133641,0.6700061683700137,0.9000000000000004,1,compact24,catboost
2023-12-05,0,0.9078341013824884,0.23892676278078984,0.9000000000000004,1,compact24,catboost
2023-12-06,0,0.9124423963133641,0.5565802503504969,0.9000000000000004,1,compact24,catboost
2023-12-07,1,0.9124423963133641,0.5955903727323625,0.9000000000000004,1,compact24,catboost
2023-12-08,0,0.9124423963133641,0.43191462221154464,0.9000000000000004,1,compact24,catboost
2023-12-09,0,0.9124423963133641,0.4218785082098112,0.9000000000000004,1,compact24,catboost
2023-12-10,1,0.9124423963133641,0.3147042470188499,0.9000000000000004,1,compact24,catboost
2023-12-11,1,0.9078341013824884,0.27770922402974096,0.9000000000000004,1,compact24,catboost
2023-12-12,1,0.815668202764977,0.1390167941331634,0.9000000000000004,1,compact24,catboost
2023-12-13,1,0.7741935483870968,0.10988588200653712,0.9000000000000004,1,compact24,catboost
2023-12-14,1,0.7327188940092166,0.0924088108723631,0.9000000000000004,1,compact24,catboost
2023-12-15,1,0.11059907834101383,0.011730021747624626,0.9000000000000004,1,compact24,catboost
2023-12-16,0,0.3456221198156682,0.0359262317686878,0.9000000000000004,1,compact24,catboost
2023-12-17,0,0.09216589861751152,0.009865378080578307,0.9000000000000004,1,compact24,catboost
2023-12-18,0,0.7695852534562212,0.10938875705186393,0.9000000000000004,1,compact24,catboost
2023-12-19,0,0.5345622119815668,0.0555978138842239,0.9000000000000004,1,compact24,catboost
2023-12-20,0,0.9078341013824884,0.26635791914627815,0.9000000000000004,1,compact24,catboost
2023-12-21,0,0.17050691244239632,0.017732427337562043,0.9000000000000004,1,compact24,catboost
2023-12-22,0,0.7741935483870968,0.11297633898517694,0.9000000000000004,1,compact24,catboost
2023-12-23,0,0.45622119815668205,0.04521832602964389,0.9000000000000004,1,compact24,catboost
2023-12-24,0,0.08755760368663594,0.009379409873811273,0.9000000000000004,1,compact24,catboost
2023-12-25,0,0.2488479262672811,0.024330119673280873,0.9000000000000004,1,compact24,catboost
2023-12-26,0,0.19815668202764977,0.020311659008125767,0.9000000000000004,1,compact24,catboost
2023-12-27,0,0.041474654377880185,0.0055634508655925275,0.9000000000000004,1,compact24,catboost
2023-12-28,0,0.783410138248848,0.11904814501004367,0.9000000000000004,1,compact24,catboost
2023-12-29,0,0.15207373271889402,0.016820753454055586,0.9000000000000004,1,compact24,catboost
2023-12-30,0,0.4608294930875576,0.04591012850892085,0.9000000000000004,1,compact24,catboost
2023-12-31,0,0.9078341013824884,0.23336802179791144,0.9000000000000004,1,compact24,catboost
2024-01-08,0,0.8867313915857605,0.4675373228219047,0.6700000000000002,2,compact24,catboost
2024-01-09,0,0.8964401294498382,0.8721725444576858,0.6700000000000002,2,compact24,catboost
2024-01-10,0,0.889967637540453,0.6313676651183463,0.6700000000000002,2,compact24,catboost
2024-01-11,1,0.7896440129449838,0.21470846982026084,0.6700000000000002,2,compact24,catboost
2024-01-12,1,0.889967637540453,0.6248818780960861,0.6700000000000002,2,compact24,catboost
2024-01-13,1,0.889967637540453,0.8194418660151492,0.6700000000000002,2,compact24,catboost
2024-01-14,1,0.8737864077669902,0.36053605287257434,0.6700000000000002,2,compact24,catboost
2024-01-15,1,0.7443365695792881,0.18661798670728455,0.6700000000000002,2,compact24,catboost
2024-01-16,0,0.7572815533980582,0.19663242712173906,0.6700000000000002,2,compact24,catboost
2024-01-17,1,0.889967637540453,0.6376118813191245,0.6700000000000002,2,compact24,catboost
2024-01-18,1,0.889967637540453,0.5807693340942808,0.6700000000000002,2,compact24,catboost
2024-01-19,1,0.7637540453074434,0.19713403259891904,0.6700000000000002,2,compact24,catboost
2024-01-20,0,0.42394822006472493,0.05775107885022645,0.6700000000000002,2,compact24,catboost
2024-01-21,0,0.042071197411003236,0.008114599886999599,0.6700000000000002,2,compact24,catboost
2024-01-22,0,0.0,0.0032257827586391987,0.6700000000000002,2,compact24,catboost
2024-01-23,0,0.1941747572815534,0.023132580567539352,0.6700000000000002,2,compact24,catboost
2024-01-24,0,0.06472491909385113,0.010479239511014773,0.6700000000000002,2,compact24,catboost
2024-01-25,0,0.86084142394822,0.31829198192170277,0.6700000000000002,2,compact24,catboost
2024-01-26,0,0.038834951456310676,0.0075783493357887465,0.6700000000000002,2,compact24,catboost
2024-01-27,0,0.24271844660194175,0.02986602166329971,0.6700000000000002,2,compact24,catboost
2024-01-28,0,0.13915857605177995,0.01831478324921853,0.6700000000000002,2,compact24,catboost
2024-01-29,0,0.5954692556634305,0.1024319166411872,0.6700000000000002,2,compact24,catboost
2024-01-30,1,0.12944983818770225,0.018189840645670228,0.6700000000000002,2,compact24,catboost
2024-01-31,0,0.46601941747572817,0.06355831218038031,0.6700000000000002,2,compact24,catboost
2024-02-01,0,0.36893203883495146,0.04844172016552053,0.6700000000000002,2,compact24,catboost
2024-02-02,0,0.1941747572815534,0.023855578954090084,0.6700000000000002,2,compact24,catboost
2024-02-03,0,0.20064724919093851,0.025140136126689028,0.6700000000000002,2,compact24,catboost
2024-02-04,0,0.889967637540453,0.5705083793105836,0.6700000000000002,2,compact24,catboost
2024-02-05,0,0.8705501618122977,0.3506418550438717,0.6700000000000002,2,compact24,catboost
2024-02-06,0,0.8770226537216829,0.3896017848377034,0.6700000000000002,2,compact24,catboost
2024-02-07,0,0.8090614886731392,0.23734492488328285,0.6700000000000002,2,compact24,catboost
2024-02-08,0,0.889967637540453,0.7098034064009133,0.6700000000000002,2,compact24,catboost
2024-02-09,0,0.889967637540453,0.8384884658658157,0.6700000000000002,2,compact24,catboost
2024-02-10,0,0.889967637540453,0.5487151969712631,0.6700000000000002,2,compact24,catboost
2024-02-11,0,0.5954692556634305,0.10083002370681989,0.6700000000000002,2,compact24,catboost
2024-02-12,0,0.2977346278317152,0.037942439012875674,0.6700000000000002,2,compact24,catboost
2024-02-13,0,0.2621359223300971,0.032697183031278665,0.6700000000000002,2,compact24,catboost
2024-02-14,0,0.3042071197411003,0.038907525410014056,0.6700000000000002,2,compact24,catboost
2024-02-15,0,0.20064724919093851,0.025329985459404094,0.6700000000000002,2,compact24,catboost
2024-02-16,0,0.4045307443365696,0.05323631468551362,0.6700000000000002,2,compact24,catboost
2024-02-17,0,0.32038834951456313,0.0425065328123572,0.6700000000000002,2,compact24,catboost
2024-02-18,0,0.11003236245954692,0.016653718912372793,0.6700000000000002,2,compact24,catboost
2024-02-19,0,0.20064724919093851,0.025301814660536163,0.6700000000000002,2,compact24,catboost
2024-02-20,0,0.86084142394822,0.3290108774447516,0.6700000000000002,2,compact24,catboost
2024-02-21,0,0.2524271844660194,0.031126673340522378,0.6700000000000002,2,compact24,catboost
2024-02-22,0,0.6893203883495146,0.1443593876924244,0.6700000000000002,2,compact24,catboost
2024-02-23,0,0.5760517799352751,0.09133286660141395,0.6700000000000002,2,compact24,catboost
2024-02-24,0,0.5436893203883495,0.0830092335318155,0.6700000000000002,2,compact24,catboost
2024-02-25,0,0.22653721682847897,0.027799479399925112,0.6700000000000002,2,compact24,catboost
2024-02-26,0,0.07119741100323625,0.011809143103432281,0.6700000000000002,2,compact24,catboost
2024-02-27,0,0.44660194174757284,0.062043298091778734,0.6700000000000002,2,compact24,catboost
2024-02-28,0,0.6181229773462783,0.11057003920710509,0.6700000000000002,2,compact24,catboost
2024-02-29,0,0.5760517799352751,0.09176450797378309,0.6700000000000002,2,compact24,catboost
2024-03-01,0,0.3786407766990291,0.05035933634379962,0.6700000000000002,2,compact24,catboost
2024-03-02,0,0.7766990291262136,0.20841728451129218,0.6700000000000002,2,compact24,catboost
2024-03-03,0,0.8802588996763754,0.42876750925971313,0.6700000000000002,2,compact24,catboost
2024-03-04,0,0.7961165048543689,0.2230612158897643,0.6700000000000002,2,compact24,catboost
2024-03-05,0,0.8673139158576052,0.339761697362934,0.6700000000000002,2,compact24,catboost
2024-03-06,0,0.5210355987055016,0.07423002552116725,0.6700000000000002,2,compact24,catboost
2024-03-07,0,0.8770226537216829,0.40450564020033286,0.6700000000000002,2,compact24,catboost
2024-03-08,0,0.8802588996763754,0.42235634173271214,0.6700000000000002,2,compact24,catboost
2024-03-09,1,0.8770226537216829,0.40489159049323203,0.6700000000000002,2,compact24,catboost
2024-03-10,1,0.889967637540453,0.7505707131280026,0.6700000000000002,2,compact24,catboost
2024-03-11,1,0.9029126213592233,0.8815418521031508,0.6700000000000002,2,compact24,catboost
2024-03-12,1,0.889967637540453,0.6660744723984453,0.6700000000000002,2,compact24,catboost
2024-03-13,1,0.889967637540453,0.7562643320943743,0.6700000000000002,2,compact24,catboost
2024-03-14,1,0.889967637540453,0.7232576459345684,0.6700000000000002,2,compact24,catboost
2024-03-15,1,0.44660194174757284,0.0622343060372748,0.6700000000000002,2,compact24,catboost
2024-03-16,1,0.8511326860841424,0.2916214182508039,0.6700000000000002,2,compact24,catboost
2024-03-17,0,0.6666666666666666,0.12763401615675088,0.6700000000000002,2,compact24,catboost
2024-03-18,0,0.5436893203883495,0.08402198899484417,0.6700000000000002,2,compact24,catboost
2024-03-19,0,0.21359223300970873,0.027075964636652326,0.6700000000000002,2,compact24,catboost
2024-03-20,0,0.18122977346278318,0.022394844306272376,0.6700000000000002,2,compact24,catboost
2024-03-21,0,0.42394822006472493,0.05797759611230062,0.6700000000000002,2,compact24,catboost
2024-03-22,0,0.42394822006472493,0.05757541796319208,0.6700000000000002,2,compact24,catboost
2024-03-23,0,0.44660194174757284,0.06128126558924888,0.6700000000000002,2,compact24,catboost
2024-03-24,0,0.10032362459546926,0.014287552838436938,0.6700000000000002,2,compact24,catboost
2024-03-25,0,0.16181229773462782,0.020829566658817515,0.6700000000000002,2,compact24,catboost
2024-03-26,0,0.02912621359223301,0.006718558090362544,0.6700000000000002,2,compact24,catboost
2024-03-27,0,0.06472491909385113,0.010144837427725309,0.6700000000000002,2,compact24,catboost
2024-03-28,0,0.5469255663430421,0.08447049598934588,0.6700000000000002,2,compact24,catboost
2024-03-29,0,0.016181229773462782,0.0058910326106889266,0.6700000000000002,2,compact24,catboost
2024-03-30,0,0.5210355987055016,0.07404286059436876,0.6700000000000002,2,compact24,catboost
2024-03-31,0,0.06472491909385113,0.010497795223957372,0.6700000000000002,2,compact24,catboost
2024-04-08,0,0.9,0.8514693019852367,0.6700000000000002,3,compact24,catboost
2024-04-09,0,0.945,0.8947601244247895,0.6700000000000002,3,compact24,catboost
2024-04-10,1,0.8675,0.553849576943807,0.6700000000000002,3,compact24,catboost
2024-04-11,1,0.9675,0.9168966213618851,0.6700000000000002,3,compact24,catboost
2024-04-12,0,0.8725,0.6814418415856472,0.6700000000000002,3,compact24,catboost
2024-04-13,1,0.8725,0.6350617709062701,0.6700000000000002,3,compact24,catboost
2024-04-14,1,0.8725,0.7804523465199602,0.6700000000000002,3,compact24,catboost
2024-04-15,1,0.8,0.32531559922859093,0.6700000000000002,3,compact24,catboost
2024-04-16,1,0.4025,0.06658238797795439,0.6700000000000002,3,compact24,catboost
2024-04-17,1,0.7375,0.2210699192335252,0.6700000000000002,3,compact24,catboost
2024-04-18,1,0.76,0.24999349288261966,0.6700000000000002,3,compact24,catboost
2024-04-19,1,0.8225,0.3795814240956942,0.6700000000000002,3,compact24,catboost
2024-04-20,1,0.45,0.07808755490658259,0.6700000000000002,3,compact24,catboost
2024-04-21,0,0.0375,0.009532253106625104,0.6700000000000002,3,compact24,catboost
2024-04-22,0,0.0975,0.01748193749731292,0.6700000000000002,3,compact24,catboost
2024-04-23,0,0.1375,0.021930710533005947,0.6700000000000002,3,compact24,catboost
2024-04-24,0,0.015,0.006596478892426915,0.6700000000000002,3,compact24,catboost
2024-04-25,0,0.05,0.010601386775277707,0.6700000000000002,3,compact24,catboost
2024-04-26,0,0.0325,0.008595191796973125,0.6700000000000002,3,compact24,catboost
2024-04-27,0,0.06,0.012326675426982063,0.6700000000000002,3,compact24,catboost
2024-04-28,0,0.3125,0.043724935600199924,0.6700000000000002,3,compact24,catboost
2024-04-29,0,0.015,0.006720486731205593,0.6700000000000002,3,compact24,catboost
2024-04-30,0,0.0675,0.013070424379359912,0.6700000000000002,3,compact24,catboost
2024-05-01,0,0.015,0.006783489767946948,0.6700000000000002,3,compact24,catboost
2024-05-02,0,0.0025,0.003708857035342441,0.6700000000000002,3,compact24,catboost
2024-05-03,0,0.0125,0.005713635395378296,0.6700000000000002,3,compact24,catboost
2024-05-04,0,0.05,0.011007836692643852,0.6700000000000002,3,compact24,catboost
2024-05-05,0,0.82,0.3790676124244058,0.6700000000000002,3,compact24,catboost
2024-05-06,0,0.785,0.29209635603780554,0.6700000000000002,3,compact24,catboost
2024-05-07,0,0.7675,0.26203795896686477,0.6700000000000002,3,compact24,catboost
2024-05-08,0,0.865,0.526744578771411,0.6700000000000002,3,compact24,catboost
2024-05-09,0,0.7375,0.22092233679892417,0.6700000000000002,3,compact24,catboost
2024-05-10,0,0.4875,0.09157001107629835,0.6700000000000002,3,compact24,catboost
2024-05-11,0,0.8725,0.6422025185647369,0.6700000000000002,3,compact24,catboost
2024-05-12,0,0.81,0.358339835410281,0.6700000000000002,3,compact24,catboost
2024-05-13,0,0.5675,0.11558860671782993,0.6700000000000002,3,compact24,catboost
2024-05-14,0,0.4775,0.08592620860508583,0.6700000000000002,3,compact24,catboost
2024-05-15,0,0.7,0.187958437548619,0.6700000000000002,3,compact24,catboost
2024-05-16,0,0.755,0.24677358490409143,0.6700000000000002,3,compact24,catboost
2024-05-17,1,0.7825,0.2883850918128811,0.6700000000000002,3,compact24,catboost
2024-05-18,0,0.865,0.5261361000186441,0.6700000000000002,3,compact24,catboost
2024-05-19,0,0.44,0.07632318555008698,0.6700000000000002,3,compact24,catboost
2024-05-20,0,0.335,0.05086313356707942,0.6700000000000002,3,compact24,catboost
2024-05-21,0,0.755,0.24624122103463997,0.6700000000000002,3,compact24,catboost
2024-05-22,0,0.81,0.34808622023379276,0.6700000000000002,3,compact24,catboost
2024-05-23,0,0.8725,0.7724791863945322,0.6700000000000002,3,compact24,catboost
2024-05-24,0,0.4025,0.06653134815113798,0.6700000000000002,3,compact24,catboost
2024-05-25,0,0.33,0.04869611969268526,0.6700000000000002,3,compact24,catboost
2024-05-26,0,0.19,0.028622657251177165,0.6700000000000002,3,compact24,catboost
2024-05-27,0,0.335,0.05077436266664638,0.6700000000000002,3,compact24,catboost
2024-05-28,0,0.335,0.05219204746393889,0.6700000000000002,3,compact24,catboost
2024-05-29,0,0.3725,0.06145696695152229,0.6700000000000002,3,compact24,catboost
2024-05-30,0,0.2175,0.030715147529138988,0.6700000000000002,3,compact24,catboost
2024-05-31,0,0.5625,0.11386741237252714,0.6700000000000002,3,compact24,catboost
2024-06-01,0,0.1825,0.0281992976100095,0.6700000000000002,3,compact24,catboost
2024-06-02,0,0.8725,0.6699956098402688,0.6700000000000002,3,compact24,catboost
2024-06-03,0,0.9875,0.9403028899770204,0.6700000000000002,3,compact24,catboost
2024-06-04,0,0.8725,0.6270768305446693,0.6700000000000002,3,compact24,catboost
2024-06-05,0,0.85,0.4513577927481846,0.6700000000000002,3,compact24,catboost
2024-06-06,0,0.8625,0.5019202447620745,0.6700000000000002,3,compact24,catboost
2024-06-07,0,0.8725,0.6536554578999307,0.6700000000000002,3,compact24,catboost
2024-06-08,0,0.8725,0.5700265910633224,0.6700000000000002,3,compact24,catboost
2024-06-09,0,0.5425,0.1076366372141127,0.6700000000000002,3,compact24,catboost
2024-06-10,0,0.51,0.0977979141910346,0.6700000000000002,3,compact24,catboost
2024-06-11,0,0.29,0.039134569631858886,0.6700000000000002,3,compact24,catboost
2024-06-12,0,0.335,0.05063267103882134,0.6700000000000002,3,compact24,catboost
2024-06-13,0,0.3075,0.04241256460408824,0.6700000000000002,3,compact24,catboost
2024-06-14,1,0.08,0.014629268499415309,0.6700000000000002,3,compact24,catboost
2024-06-15,1,0.5825,0.1258333263391147,0.6700000000000002,3,compact24,catboost
2024-06-16,1,0.875,0.8128825198780147,0.6700000000000002,3,compact24,catboost
2024-06-17,1,0.735,0.2168304095165429,0.6700000000000002,3,compact24,catboost
2024-06-18,1,0.8725,0.5877556958019963,0.6700000000000002,3,compact24,catboost
2024-06-19,1,0.8275,0.40128647543829005,0.6700000000000002,3,compact24,catboost
2024-06-20,1,0.6475,0.16275956973662695,0.6700000000000002,3,compact24,catboost
2024-06-21,1,0.8275,0.3957539365157342,0.6700000000000002,3,compact24,catboost
2024-06-22,0,0.7675,0.266008816753899,0.6700000000000002,3,compact24,catboost
2024-06-23,0,0.075,0.013681197470955477,0.6700000000000002,3,compact24,catboost
2024-06-24,0,0.0525,0.011369034120802812,0.6700000000000002,3,compact24,catboost
2024-06-25,0,0.12,0.0198252316052113,0.6700000000000002,3,compact24,catboost
2024-06-26,0,0.08,0.014609722731946682,0.6700000000000002,3,compact24,catboost
2024-06-27,0,0.06,0.012285385760621412,0.6700000000000002,3,compact24,catboost
2024-06-28,0,0.0475,0.010293400529223699,0.6700000000000002,3,compact24,catboost
2024-06-29,0,0.2075,0.02934371603711708,0.6700000000000002,3,compact24,catboost
2024-06-30,0,0.0075,0.005005533845738221,0.6700000000000002,3,compact24,catboost
2024-07-08,0,0.8370672097759674,0.5491650771798737,0.6800000000000002,4,compact24,catboost
2024-07-09,0,0.8472505091649695,0.6482942661479064,0.6800000000000002,4,compact24,catboost
2024-07-10,0,0.6741344195519349,0.2372620878696718,0.6800000000000002,4,compact24,catboost
2024-07-11,0,0.845213849287169,0.6209297741607017,0.6800000000000002,4,compact24,catboost
2024-07-12,0,0.8309572301425662,0.5163943293905311,0.6800000000000002,4,compact24,catboost
2024-07-13,0,0.7535641547861507,0.32394595955351857,0.6800000000000002,4,compact24,catboost
2024-07-14,1,0.8391038696537678,0.5706178973344967,0.6800000000000002,4,compact24,catboost
2024-07-15,1,0.835030549898167,0.5409851224238089,0.6800000000000002,4,compact24,catboost
2024-07-16,0,0.8309572301425662,0.5249160657290899,0.6800000000000002,4,compact24,catboost
2024-07-17,1,0.7270875763747454,0.28856838905585985,0.6800000000000002,4,compact24,catboost
2024-07-18,1,0.6741344195519349,0.23838571146539309,0.6800000000000002,4,compact24,catboost
2024-07-19,0,0.8309572301425662,0.5172189298848594,0.6800000000000002,4,compact24,catboost
2024-07-20,0,0.8289205702647657,0.47930876469926603,0.6800000000000002,4,compact24,catboost
2024-07-21,0,0.18329938900203666,0.04010993722083839,0.6800000000000002,4,compact24,catboost
2024-07-22,0,0.18329938900203666,0.04014117898714763,0.6800000000000002,4,compact24,catboost
2024-07-23,0,0.2219959266802444,0.05132872200184851,0.6800000000000002,4,compact24,catboost
2024-07-24,0,0.02240325865580448,0.01616195195865136,0.6800000000000002,4,compact24,catboost
2024-07-25,0,0.04073319755600815,0.01885907303792105,0.6800000000000002,4,compact24,catboost
2024-07-26,0,0.20570264765784113,0.04421457898595625,0.6800000000000002,4,compact24,catboost
2024-07-27,0,0.2606924643584521,0.0607410506940206,0.6800000000000002,4,compact24,catboost
2024-07-28,0,0.004073319755600814,0.012517855368173477,0.6800000000000002,4,compact24,catboost
2024-07-29,0,0.004073319755600814,0.011419306272335701,0.6800000000000002,4,compact24,catboost
2024-07-30,0,0.2219959266802444,0.05064687027036723,0.6800000000000002,4,compact24,catboost
2024-07-31,0,0.42769857433808556,0.11829216964152724,0.6800000000000002,4,compact24,catboost
2024-08-01,0,0.42973523421588594,0.11991288567208133,0.6800000000000002,4,compact24,catboost
2024-08-02,0,0.384928716904277,0.09766254736215993,0.6800000000000002,4,compact24,catboost
2024-08-03,0,0.2973523421588595,0.07076194358675093,0.6800000000000002,4,compact24,catboost
2024-08-04,0,0.6334012219959266,0.19761851105011405,0.6800000000000002,4,compact24,catboost
2024-08-05,0,0.6741344195519349,0.2380769362066521,0.6800000000000002,4,compact24,catboost
2024-08-06,0,0.5478615071283096,0.15833248037109793,0.6800000000000002,4,compact24,catboost
2024-08-07,0,0.40325865580448067,0.10699425514635036,0.6800000000000002,4,compact24,catboost
2024-08-08,0,0.604887983706721,0.1754715263722113,0.6800000000000002,4,compact24,catboost
2024-08-09,0,0.4175152749490835,0.1135930782409756,0.6800000000000002,4,compact24,catboost
2024-08-10,0,0.7922606924643585,0.40758982303477703,0.6800000000000002,4,compact24,catboost
2024-08-11,0,0.7535641547861507,0.32315037652175277,0.6800000000000002,4,compact24,catboost
2024-08-12,0,0.7881873727087576,0.39823648837327646,0.6800000000000002,4,compact24,catboost
2024-08-13,0,0.8411405295315683,0.5890877673757494,0.6800000000000002,4,compact24,catboost
2024-08-14,1,0.7433808553971487,0.3132405890241402,0.6800000000000002,4,compact24,catboost
2024-08-15,0,0.5071283095723014,0.14446299161378442,0.6800000000000002,4,compact24,catboost
2024-08-16,0,0.42973523421588594,0.1203169919564238,0.6800000000000002,4,compact24,catboost
2024-08-17,0,0.6720977596741344,0.23694228804716974,0.6800000000000002,4,compact24,catboost
2024-08-18,0,0.8553971486761711,0.7091753777692056,0.6800000000000002,4,compact24,catboost
2024-08-19,0,0.9490835030549898,0.893147362996108,0.6800000000000002,4,compact24,catboost
2023-07-08,0,0.688,0.42379768774940635,0.8300000000000003,0,compact32,logistic
2023-07-09,0,0.776,0.5140079555202384,0.8300000000000003,0,compact32,logistic
2023-07-10,0,0.328,0.20468456775156016,0.8300000000000003,0,compact32,logistic
2023-07-11,0,0.808,0.5370809048667198,0.8300000000000003,0,compact32,logistic
2023-07-12,0,0.6,0.35600501253111394,0.8300000000000003,0,compact32,logistic
2023-07-13,1,0.696,0.45501596992028526,0.8300000000000003,0,compact32,logistic
2023-07-14,1,0.784,0.522114410954277,0.8300000000000003,0,compact32,logistic
2023-07-15,0,0.08,0.10052264115481956,0.8300000000000003,0,compact32,logistic
2023-07-16,0,0.752,0.48535550284575685,0.8300000000000003,0,compact32,logistic
2023-07-17,0,0.784,0.5191303840874676,0.8300000000000003,0,compact32,logistic
2023-07-18,0,0.68,0.4141530005473987,0.8300000000000003,0,compact32,logistic
2023-07-19,0,0.776,0.5123530111948165,0.8300000000000003,0,compact32,logistic
2023-07-20,0,0.624,0.37113316427528076,0.8300000000000003,0,compact32,logistic
2023-07-21,0,0.232,0.16435403373868354,0.8300000000000003,0,compact32,logistic
2023-07-22,0,0.016,0.03485667325361145,0.8300000000000003,0,compact32,logistic
2023-07-23,0,0.032,0.0679519453809855,0.8300000000000003,0,compact32,logistic
2023-07-24,0,0.352,0.2164087936942216,0.8300000000000003,0,compact32,logistic
2023-07-25,0,0.176,0.14618403863934043,0.8300000000000003,0,compact32,logistic
2023-07-26,0,0.136,0.13610341026109404,0.8300000000000003,0,compact32,logistic
2023-07-27,0,0.176,0.14630386875339665,0.8300000000000003,0,compact32,logistic
2023-07-28,0,0.44,0.25923856416089597,0.8300000000000003,0,compact32,logistic
2023-07-29,0,0.232,0.16142045136116376,0.8300000000000003,0,compact32,logistic
2023-07-30,0,0.16,0.14169270277962795,0.8300000000000003,0,compact32,logistic
2023-07-31,0,0.848,0.5917626520377652,0.8300000000000003,0,compact32,logistic
2023-08-01,0,0.888,0.6746853817508014,0.8300000000000003,0,compact32,logistic
2023-08-02,0,0.608,0.36114066505988696,0.8300000000000003,0,compact32,logistic
2023-08-03,0,0.632,0.38326994550135235,0.8300000000000003,0,compact32,logistic
2023-08-04,0,0.808,0.5404569521686554,0.8300000000000003,0,compact32,logistic
2023-08-05,0,0.808,0.5408458510638635,0.8300000000000003,0,compact32,logistic
2023-08-06,0,0.896,0.7163517517474267,0.8300000000000003,0,compact32,logistic
2023-08-07,0,0.672,0.41032017996758874,0.8300000000000003,0,compact32,logistic
2023-08-08,0,0.48,0.28285406699768384,0.8300000000000003,0,compact32,logistic
2023-08-09,0,0.12,0.12727964583084372,0.8300000000000003,0,compact32,logistic
2023-08-10,0,0.776,0.514012376129439,0.8300000000000003,0,compact32,logistic
2023-08-11,0,0.696,0.45555455153251495,0.8300000000000003,0,compact32,logistic
2023-08-12,0,0.896,0.7137692178125891,0.8300000000000003,0,compact32,logistic
2023-08-13,0,0.544,0.3376237262967279,0.8300000000000003,0,compact32,logistic
2023-08-14,0,0.08,0.10229528524697365,0.8300000000000003,0,compact32,logistic
2023-08-15,0,0.624,0.37310549017032046,0.8300000000000003,0,compact32,logistic
2023-08-16,0,0.816,0.5498568361858958,0.8300000000000003,0,compact32,logistic
2023-08-17,0,0.824,0.5667883464408056,0.8300000000000003,0,compact32,logistic
2023-08-18,1,0.816,0.5443757519258493,0.8300000000000003,0,compact32,logistic
2023-08-19,0,0.512,0.3047248210881645,0.8300000000000003,0,compact32,logistic
2023-08-20,0,0.696,0.46436355808971963,0.8300000000000003,0,compact32,logistic
2023-08-21,0,0.696,0.4560042395464517,0.8300000000000003,0,compact32,logistic
2023-08-22,0,0.52,0.3217925066593574,0.8300000000000003,0,compact32,logistic
2023-08-23,0,0.76,0.4895998764719194,0.8300000000000003,0,compact32,logistic
2023-08-24,0,0.92,0.72981319411826,0.8300000000000003,0,compact32,logistic
2023-08-25,0,0.344,0.21426658634907597,0.8300000000000003,0,compact32,logistic
2023-08-26,0,0.224,0.15355914342978272,0.8300000000000003,0,compact32,logistic
2023-08-27,0,0.744,0.48032492826089923,0.8300000000000003,0,compact32,logistic
2023-08-28,0,0.36,0.22211581206296352,0.8300000000000003,0,compact32,logistic
2023-08-29,0,0.032,0.06031390866055764,0.8300000000000003,0,compact32,logistic
2023-08-30,0,0.144,0.139661942151076,0.8300000000000003,0,compact32,logistic
2023-08-31,0,0.208,0.1499130658721856,0.8300000000000003,0,compact32,logistic
2023-09-01,0,0.232,0.1562436588845389,0.8300000000000003,0,compact32,logistic
2023-09-02,0,0.824,0.5631147862061835,0.8300000000000003,0,compact32,logistic
2023-09-03,0,0.952,0.7781970327863589,0.8300000000000003,0,compact32,logistic
2023-09-04,0,0.848,0.5844090381157387,0.8300000000000003,0,compact32,logistic
2023-09-05,1,0.856,0.6198804348539922,0.8300000000000003,0,compact32,logistic
2023-09-06,1,0.76,0.49860032693564993,0.8300000000000003,0,compact32,logistic
2023-09-07,1,0.824,0.5677098975694193,0.8300000000000003,0,compact32,logistic
2023-09-08,1,0.888,0.6815470808469433,0.8300000000000003,0,compact32,logistic
2023-09-09,0,0.92,0.7273705930831551,0.8300000000000003,0,compact32,logistic
2023-09-10,0,0.696,0.45431762297231354,0.8300000000000003,0,compact32,logistic
2023-09-11,0,0.832,0.5700858588677985,0.8300000000000003,0,compact32,logistic
2023-09-12,0,0.624,0.36813172949818274,0.8300000000000003,0,compact32,logistic
2023-09-13,0,0.36,0.22244471015525183,0.8300000000000003,0,compact32,logistic
2023-09-14,0,0.504,0.2971275988688597,0.8300000000000003,0,compact32,logistic
2023-09-15,0,0.408,0.24476971223829727,0.8300000000000003,0,compact32,logistic
2023-09-16,0,0.624,0.3669006001377524,0.8300000000000003,0,compact32,logistic
2023-09-17,0,0.696,0.4629257770052964,0.8300000000000003,0,compact32,logistic
2023-09-18,0,0.192,0.1475884483935415,0.8300000000000003,0,compact32,logistic
2023-09-19,0,0.696,0.45102942344266694,0.8300000000000003,0,compact32,logistic
2023-09-20,0,0.672,0.40298300750805927,0.8300000000000003,0,compact32,logistic
2023-09-21,0,0.824,0.5585763503608203,0.8300000000000003,0,compact32,logistic
2023-09-22,0,0.696,0.46058023603162707,0.8300000000000003,0,compact32,logistic
2023-09-23,0,0.648,0.3886474442040428,0.8300000000000003,0,compact32,logistic
2023-09-24,0,0.016,0.05156672810666827,0.8300000000000003,0,compact32,logistic
2023-09-25,0,0.072,0.09475534039355468,0.8300000000000003,0,compact32,logistic
2023-09-26,0,0.56,0.3387280552566401,0.8300000000000003,0,compact32,logistic
2023-09-27,0,0.24,0.1676245316175543,0.8300000000000003,0,compact32,logistic
2023-09-28,0,0.296,0.18056712560358357,0.8300000000000003,0,compact32,logistic
2023-09-29,0,0.36,0.21797926487581662,0.8300000000000003,0,compact32,logistic
2023-09-30,0,0.128,0.12992957708314576,0.8300000000000003,0,compact32,logistic
2023-10-08,0,0.9170506912442397,0.7487487343193858,0.7300000000000002,1,compact32,logistic
2023-10-09,0,0.9032258064516129,0.7054144452678159,0.7300000000000002,1,compact32,logistic
2023-10-10,0,0.9170506912442397,0.7486745997583204,0.7300000000000002,1,compact32,logistic
2023-10-11,0,0.8341013824884793,0.6058234088807648,0.7300000000000002,1,compact32,logistic
2023-10-12,0,0.6682027649769585,0.4217379912535539,0.7300000000000002,1,compact32,logistic
2023-10-13,1,0.11981566820276497,0.0791149379752359,0.7300000000000002,1,compact32,logistic
2023-10-14,1,0.5576036866359447,0.3239467035012242,0.7300000000000002,1,compact32,logistic
2023-10-15,0,0.8064516129032258,0.5605324203127755,0.7300000000000002,1,compact32,logistic
2023-10-16,1,0.7649769585253456,0.5224890801954691,0.7300000000000002,1,compact32,logistic
2023-10-17,1,0.8110599078341014,0.5712180858010616,0.7300000000000002,1,compact32,logistic
2023-10-18,0,0.4608294930875576,0.26192132243111504,0.7300000000000002,1,compact32,logistic
2023-10-19,0,0.45161290322580644,0.2547449505359276,0.7300000000000002,1,compact32,logistic
2023-10-20,0,0.42857142857142855,0.23659852818280433,0.7300000000000002,1,compact32,logistic
2023-10-21,0,0.4147465437788018,0.22676523311958222,0.7300000000000002,1,compact32,logistic
2023-10-22,0,0.02304147465437788,0.03191987998109816,0.7300000000000002,1,compact32,logistic
2023-10-23,0,0.041474654377880185,0.05099856035980939,0.7300000000000002,1,compact32,logistic
2023-10-24,0,0.041474654377880185,0.052513869460026494,0.7300000000000002,1,compact32,logistic
2023-10-25,0,0.004608294930875576,0.011340085782354093,0.7300000000000002,1,compact32,logistic
2023-10-26,0,0.2857142857142857,0.14705805967216526,0.7300000000000002,1,compact32,logistic
2023-10-27,0,0.02304147465437788,0.029884577294110554,0.7300000000000002,1,compact32,logistic
2023-10-28,0,0.3456221198156682,0.18886288528549638,0.7300000000000002,1,compact32,logistic
2023-10-29,0,0.42857142857142855,0.2358211226309413,0.7300000000000002,1,compact32,logistic
2023-10-30,0,0.423963133640553,0.2336068693709746,0.7300000000000002,1,compact32,logistic
2023-10-31,0,0.5576036866359447,0.32779960561723465,0.7300000000000002,1,compact32,logistic
2023-11-01,0,0.7511520737327189,0.4965386623605494,0.7300000000000002,1,compact32,logistic
2023-11-02,0,0.9308755760368663,0.7634720752034104,0.7300000000000002,1,compact32,logistic
2023-11-03,0,0.8433179723502304,0.613395858654576,0.7300000000000002,1,compact32,logistic
2023-11-04,0,0.7511520737327189,0.5044383555006995,0.7300000000000002,1,compact32,logistic
2023-11-05,0,0.6682027649769585,0.42283456216853,0.7300000000000002,1,compact32,logistic
2023-11-06,0,0.6451612903225806,0.4082349110735902,0.7300000000000002,1,compact32,logistic
2023-11-07,0,0.9493087557603687,0.815963352160819,0.7300000000000002,1,compact32,logistic
2023-11-08,0,0.6682027649769585,0.41898629528967707,0.7300000000000002,1,compact32,logistic
2023-11-09,1,0.815668202764977,0.5759211921252149,0.7300000000000002,1,compact32,logistic
2023-11-10,1,0.41935483870967744,0.23278458108223768,0.7300000000000002,1,compact32,logistic
2023-11-11,0,0.815668202764977,0.5761454235536025,0.7300000000000002,1,compact32,logistic
2023-11-12,0,0.12903225806451613,0.08229554101558956,0.7300000000000002,1,compact32,logistic
2023-11-13,1,0.631336405529954,0.39700929131170065,0.7300000000000002,1,compact32,logistic
2023-11-14,1,0.7050691244239631,0.4678964731134545,0.7300000000000002,1,compact32,logistic
2023-11-15,0,0.10138248847926268,0.075752016561154,0.7300000000000002,1,compact32,logistic
2023-11-16,0,0.2119815668202765,0.10911608205766923,0.7300000000000002,1,compact32,logistic
2023-11-17,0,0.004608294930875576,0.010026524122702649,0.7300000000000002,1,compact32,logistic
2023-11-18,0,0.1336405529953917,0.0854471849911776,0.7300000000000002,1,compact32,logistic
2023-11-19,0,0.37327188940092165,0.20049644287832086,0.7300000000000002,1,compact32,logistic
2023-11-20,0,0.18433179723502305,0.10277094842479209,0.7300000000000002,1,compact32,logistic
2023-11-21,0,0.013824884792626729,0.02386617407023499,0.7300000000000002,1,compact32,logistic
2023-11-22,0,0.14285714285714285,0.09165823231279532,0.7300000000000002,1,compact32,logistic
2023-11-23,0,0.3686635944700461,0.19468439850562821,0.7300000000000002,1,compact32,logistic
2023-11-24,0,0.3456221198156682,0.18208742917831935,0.7300000000000002,1,compact32,logistic
2023-11-25,0,0.22580645161290322,0.11658551060915734,0.7300000000000002,1,compact32,logistic
2023-11-26,0,0.027649769585253458,0.04131971472846521,0.7300000000000002,1,compact32,logistic
2023-11-27,0,0.0,0.005928382829845026,0.7300000000000002,1,compact32,logistic
2023-11-28,0,0.22119815668202766,0.11095639697556707,0.7300000000000002,1,compact32,logistic
2023-11-29,0,0.02304147465437788,0.030904948530921142,0.7300000000000002,1,compact32,logistic
2023-11-30,0,0.3456221198156682,0.18124901976833477,0.7300000000000002,1,compact32,logistic
2023-12-01,0,0.4377880184331797,0.23967265560858936,0.7300000000000002,1,compact32,logistic
2023-12-02,0,0.3778801843317972,0.20288839736735878,0.7300000000000002,1,compact32,logistic
2023-12-03,0,0.9769585253456221,0.8718185216182623,0.7300000000000002,1,compact32,logistic
2023-12-04,0,1.0,0.9641138558528075,0.7300000000000002,1,compact32,logistic
2023-12-05,0,1.0,0.9490233823802114,0.7300000000000002,1,compact32,logistic
2023-12-06,0,0.9723502304147466,0.85048779802503,0.7300000000000002,1,compact32,logistic
2023-12-07,1,0.9769585253456221,0.8851341177373893,0.7300000000000002,1,compact32,logistic
2023-12-08,0,0.9631336405529954,0.8346789235462582,0.7300000000000002,1,compact32,logistic
2023-12-09,0,0.7050691244239631,0.4685133291426455,0.7300000000000002,1,compact32,logistic
2023-12-10,1,0.9124423963133641,0.7273703651420638,0.7300000000000002,1,compact32,logistic
2023-12-11,1,0.847926267281106,0.6193278544125291,0.7300000000000002,1,compact32,logistic
2023-12-12,1,0.815668202764977,0.5829616936278113,0.7300000000000002,1,compact32,logistic
2023-12-13,1,0.5668202764976958,0.33183603886838153,0.7300000000000002,1,compact32,logistic
2023-12-14,1,0.4470046082949309,0.24308689094746713,0.7300000000000002,1,compact32,logistic
2023-12-15,1,0.059907834101382486,0.06426806972581951,0.7300000000000002,1,compact32,logistic
2023-12-16,0,0.5806451612903226,0.3439171685888767,0.7300000000000002,1,compact32,logistic
2023-12-17,0,0.4055299539170507,0.22091380056755833,0.7300000000000002,1,compact32,logistic
2023-12-18,0,0.6129032258064516,0.3783618005678843,0.7300000000000002,1,compact32,logistic
2023-12-19,0,0.3456221198156682,0.18247817410158967,0.7300000000000002,1,compact32,logistic
2023-12-20,0,0.45161290322580644,0.2505201049049905,0.7300000000000002,1,compact32,logistic
2023-12-21,0,0.013824884792626729,0.02538175133450861,0.7300000000000002,1,compact32,logistic
2023-12-22,0,0.37327188940092165,0.2004464468099985,0.7300000000000002,1,compact32,logistic
2023-12-23,0,0.511520737327189,0.2912283036568527,0.7300000000000002,1,compact32,logistic
2023-12-24,0,0.004608294930875576,0.009235679314153962,0.7300000000000002,1,compact32,logistic
2023-12-25,0,0.12903225806451613,0.0834448307300927,0.7300000000000002,1,compact32,logistic
2023-12-26,0,0.009216589861751152,0.022890970944558876,0.7300000000000002,1,compact32,logistic
2023-12-27,0,0.004608294930875576,0.009645205387547685,0.7300000000000002,1,compact32,logistic
2023-12-28,0,0.2488479262672811,0.12773601297933482,0.7300000000000002,1,compact32,logistic
2023-12-29,0,0.059907834101382486,0.058045085431070204,0.7300000000000002,1,compact32,logistic
2023-12-30,0,0.20276497695852536,0.1077529771522941,0.7300000000000002,1,compact32,logistic
2023-12-31,0,0.7649769585253456,0.5213536668940276,0.7300000000000002,1,compact32,logistic
2024-01-08,0,0.8996763754045307,0.7261234290376363,0.52,2,compact32,logistic
2024-01-09,0,0.8155339805825242,0.607986616040959,0.52,2,compact32,logistic
2024-01-10,0,0.8737864077669902,0.6893747420539746,0.52,2,compact32,logistic
2024-01-11,1,0.8705501618122977,0.684051126191382,0.52,2,compact32,logistic
2024-01-12,1,0.8284789644012945,0.6239122398566015,0.52,2,compact32,logistic
2024-01-13,1,0.8446601941747572,0.6482335308159343,0.52,2,compact32,logistic
2024-01-14,1,0.7896440129449838,0.567336544017765,0.52,2,compact32,logistic
2024-01-15,1,0.8414239482200647,0.6441396836479315,0.52,2,compact32,logistic
2024-01-16,0,0.6407766990291263,0.44713603327310547,0.52,2,compact32,logistic
2024-01-17,1,0.8737864077669902,0.689409058179902,0.52,2,compact32,logistic
2024-01-18,1,0.8640776699029126,0.6677880329419975,0.52,2,compact32,logistic
2024-01-19,1,0.5663430420711975,0.3925390744724045,0.52,2,compact32,logistic
2024-01-20,0,0.3948220064724919,0.28345445679765613,0.52,2,compact32,logistic
2024-01-21,0,0.2621359223300971,0.1756605734168604,0.52,2,compact32,logistic
2024-01-22,0,0.2750809061488673,0.18285680457818046,0.52,2,compact32,logistic
2024-01-23,0,0.2912621359223301,0.19834856847194676,0.52,2,compact32,logistic
2024-01-24,0,0.3106796116504854,0.22644232072576662,0.52,2,compact32,logistic
2024-01-25,0,0.31715210355987056,0.23155494833888132,0.52,2,compact32,logistic
2024-01-26,0,0.20064724919093851,0.12968772619587296,0.52,2,compact32,logistic
2024-01-27,0,0.6504854368932039,0.4543085945307719,0.52,2,compact32,logistic
2024-01-28,0,0.061488673139158574,0.06642750509841179,0.52,2,compact32,logistic
2024-01-29,0,0.18770226537216828,0.12570835325530164,0.52,2,compact32,logistic
2024-01-30,1,0.2168284789644013,0.14394485952370298,0.52,2,compact32,logistic
2024-01-31,0,0.22330097087378642,0.14927271135204026,0.52,2,compact32,logistic
2024-02-01,0,0.2750809061488673,0.18442708249873188,0.52,2,compact32,logistic
2024-02-02,0,0.20064724919093851,0.1298320016845797,0.52,2,compact32,logistic
2024-02-03,0,0.20711974110032363,0.1392774584646393,0.52,2,compact32,logistic
2024-02-04,0,0.9029126213592233,0.7445731444631787,0.52,2,compact32,logistic
2024-02-05,0,0.8414239482200647,0.6339508498596855,0.52,2,compact32,logistic
2024-02-06,0,0.912621359223301,0.7558587011254742,0.52,2,compact32,logistic
2024-02-07,0,0.6310679611650486,0.44069202860682427,0.52,2,compact32,logistic
2024-02-08,0,0.8996763754045307,0.7240768388299957,0.52,2,compact32,logistic
2024-02-09,0,0.912621359223301,0.7588604762296358,0.52,2,compact32,logistic
2024-02-10,0,0.919093851132686,0.7775816754844199,0.52,2,compact32,logistic
2024-02-11,0,0.7119741100323624,0.5129566353134316,0.52,2,compact32,logistic
2024-02-12,0,0.6019417475728155,0.4167080843105715,0.52,2,compact32,logistic
2024-02-13,0,0.37216828478964403,0.2649941109900589,0.52,2,compact32,logistic
2024-02-14,0,0.2750809061488673,0.1833121902142754,0.52,2,compact32,logistic
2024-02-15,0,0.3333333333333333,0.24312219944644428,0.52,2,compact32,logistic
2024-02-16,0,0.2977346278317152,0.20406164571033678,0.52,2,compact32,logistic
2024-02-17,0,0.6019417475728155,0.41545214115965645,0.52,2,compact32,logistic
2024-02-18,0,0.20711974110032363,0.14004807179033288,0.52,2,compact32,logistic
2024-02-19,0,0.20711974110032363,0.13783590130859397,0.52,2,compact32,logistic
2024-02-20,0,0.598705501618123,0.4086870445963151,0.52,2,compact32,logistic
2024-02-21,0,0.47896440129449835,0.34985583545233834,0.52,2,compact32,logistic
2024-02-22,0,0.5242718446601942,0.3723787783340933,0.52,2,compact32,logistic
2024-02-23,0,0.32362459546925565,0.23581569624987808,0.52,2,compact32,logistic
2024-02-24,0,0.3948220064724919,0.2875343448457806,0.52,2,compact32,logistic
2024-02-25,0,0.02912621359223301,0.050326169310920446,0.52,2,compact32,logistic
2024-02-26,0,0.05825242718446602,0.06292614068635027,0.52,2,compact32,logistic
2024-02-27,0,0.1488673139158576,0.11181135672865099,0.52,2,compact32,logistic
2024-02-28,0,0.23624595469255663,0.15630227105914396,0.52,2,compact32,logistic
2024-02-29,0,0.3559870550161812,0.25887749499924356,0.52,2,compact32,logistic
2024-03-01,0,0.41423948220064727,0.30418544387469637,0.52,2,compact32,logistic
2024-03-02,0,0.34627831715210355,0.24954286277854293,0.52,2,compact32,logistic
2024-03-03,0,0.8511326860841424,0.6556716051085494,0.52,2,compact32,logistic
2024-03-04,0,0.8996763754045307,0.7270542216654924,0.52,2,compact32,logistic
2024-03-05,0,0.9741100323624595,0.8582129641225398,0.52,2,compact32,logistic
2024-03-06,0,0.86084142394822,0.6606726273583299,0.52,2,compact32,logistic
2024-03-07,0,0.9676375404530745,0.8400833278619622,0.52,2,compact32,logistic
2024-03-08,0,0.8802588996763754,0.6939173953885497,0.52,2,compact32,logistic
2024-03-09,1,0.8640776699029126,0.672534875595807,0.52,2,compact32,logistic
2024-03-10,1,1.0,0.9122300331902327,0.52,2,compact32,logistic
2024-03-11,1,1.0,0.9355919059225895,0.52,2,compact32,logistic
2024-03-12,1,1.0,0.9251452679865797,0.52,2,compact32,logistic
2024-03-13,1,1.0,0.9323872557825118,0.52,2,compact32,logistic
2024-03-14,1,0.941747572815534,0.7940782385163592,0.52,2,compact32,logistic
2024-03-15,1,0.6634304207119741,0.4749405375975078,0.52,2,compact32,logistic
2024-03-16,1,0.9158576051779935,0.7685932548788145,0.52,2,compact32,logistic
2024-03-17,0,0.7669902912621359,0.5441900587353787,0.52,2,compact32,logistic
2024-03-18,0,0.4077669902912621,0.29670172905098385,0.52,2,compact32,logistic
2024-03-19,0,0.23624595469255663,0.15643860141205704,0.52,2,compact32,logistic
2024-03-20,0,0.22653721682847897,0.15339883492915896,0.52,2,compact32,logistic
2024-03-21,0,0.2588996763754045,0.17120954625226242,0.52,2,compact32,logistic
2024-03-22,0,0.1423948220064725,0.10969840050010105,0.52,2,compact32,logistic
2024-03-23,0,0.28802588996763756,0.19392659248730693,0.52,2,compact32,logistic
2024-03-24,0,0.16181229773462782,0.11468064937123057,0.52,2,compact32,logistic
2024-03-25,0,0.019417475728155338,0.0471778409606089,0.52,2,compact32,logistic
2024-03-26,0,0.003236245954692557,0.026072805429715778,0.52,2,compact32,logistic
2024-03-27,0,0.10355987055016182,0.07990814964239698,0.52,2,compact32,logistic
2024-03-28,0,0.18770226537216828,0.12462738878371747,0.52,2,compact32,logistic
2024-03-29,0,0.10355987055016182,0.08823360229851361,0.52,2,compact32,logistic
2024-03-30,0,0.23948220064724918,0.1605896628540903,0.52,2,compact32,logistic
2024-03-31,0,0.10032362459546926,0.07880240461643194,0.52,2,compact32,logistic
2024-04-08,0,0.915,0.7594480890445762,0.6700000000000002,3,compact32,logistic
2024-04-09,0,0.945,0.8101268836662199,0.6700000000000002,3,compact32,logistic
2024-04-10,1,0.79,0.6041831027823901,0.6700000000000002,3,compact32,logistic
2024-04-11,1,0.975,0.8578760024043651,0.6700000000000002,3,compact32,logistic
2024-04-12,0,0.9325,0.7813583445692907,0.6700000000000002,3,compact32,logistic
2024-04-13,1,0.895,0.7256634042209078,0.6700000000000002,3,compact32,logistic
2024-04-14,1,0.675,0.4889042869209977,0.6700000000000002,3,compact32,logistic
2024-04-15,1,0.3875,0.2759873705194218,0.6700000000000002,3,compact32,logistic
2024-04-16,1,0.355,0.23404321495410135,0.6700000000000002,3,compact32,logistic
2024-04-17,1,0.625,0.42879379636020565,0.6700000000000002,3,compact32,logistic
2024-04-18,1,0.6425,0.4450309778844319,0.6700000000000002,3,compact32,logistic
2024-04-19,1,0.325,0.21288325196413002,0.6700000000000002,3,compact32,logistic
2024-04-20,1,0.25,0.15931108511071024,0.6700000000000002,3,compact32,logistic
2024-04-21,0,0.2825,0.18519351477396576,0.6700000000000002,3,compact32,logistic
2024-04-22,0,0.26,0.17263824021408616,0.6700000000000002,3,compact32,logistic
2024-04-23,0,0.2925,0.19658079335703468,0.6700000000000002,3,compact32,logistic
2024-04-24,0,0.1425,0.10092897832759501,0.6700000000000002,3,compact32,logistic
2024-04-25,0,0.2075,0.13770946224039793,0.6700000000000002,3,compact32,logistic
2024-04-26,0,0.1325,0.09287415589269879,0.6700000000000002,3,compact32,logistic
2024-04-27,0,0.125,0.08648550824063683,0.6700000000000002,3,compact32,logistic
2024-04-28,0,0.0025,0.018509554752051627,0.6700000000000002,3,compact32,logistic
2024-04-29,0,0.005,0.030488345668301244,0.6700000000000002,3,compact32,logistic
2024-04-30,0,0.0,0.014846630518998403,0.6700000000000002,3,compact32,logistic
2024-05-01,0,0.0,0.015755414343916245,0.6700000000000002,3,compact32,logistic
2024-05-02,0,0.0,0.015023356591642308,0.6700000000000002,3,compact32,logistic
2024-05-03,0,0.02,0.038411510801973386,0.6700000000000002,3,compact32,logistic
2024-05-04,0,0.055,0.05273914511240008,0.6700000000000002,3,compact32,logistic
2024-05-05,0,0.8475,0.6716017971883387,0.6700000000000002,3,compact32,logistic
2024-05-06,0,0.66,0.46425800880810386,0.6700000000000002,3,compact32,logistic
2024-05-07,0,0.7975,0.6143513755567735,0.6700000000000002,3,compact32,logistic
2024-05-08,0,0.8675,0.690127406274708,0.6700000000000002,3,compact32,logistic
2024-05-09,0,0.675,0.485944360072631,0.6700000000000002,3,compact32,logistic
2024-05-10,0,0.7825,0.590751378899894,0.6700000000000002,3,compact32,logistic
2024-05-11,0,0.87,0.6909078747248291,0.6700000000000002,3,compact32,logistic
2024-05-12,0,0.79,0.6024801314503275,0.6700000000000002,3,compact32,logistic
2024-05-13,0,0.6475,0.448314416942485,0.6700000000000002,3,compact32,logistic
2024-05-14,0,0.44,0.31141853603408864,0.6700000000000002,3,compact32,logistic
2024-05-15,0,0.5125,0.36419928271263796,0.6700000000000002,3,compact32,logistic
2024-05-16,0,0.795,0.6105824296842093,0.6700000000000002,3,compact32,logistic
2024-05-17,1,0.79,0.6015701532273238,0.6700000000000002,3,compact32,logistic
2024-05-18,0,0.745,0.5585649146208677,0.6700000000000002,3,compact32,logistic
2024-05-19,0,0.3625,0.24427114196535324,0.6700000000000002,3,compact32,logistic
2024-05-20,0,0.37,0.2509560904562036,0.6700000000000002,3,compact32,logistic
2024-05-21,0,0.3975,0.2818782218233447,0.6700000000000002,3,compact32,logistic
2024-05-22,0,0.455,0.32491051360977125,0.6700000000000002,3,compact32,logistic
2024-05-23,0,0.755,0.567626914703949,0.6700000000000002,3,compact32,logistic
2024-05-24,0,0.47,0.3361480243028356,0.6700000000000002,3,compact32,logistic
2024-05-25,0,0.43,0.30227186721983784,0.6700000000000002,3,compact32,logistic
2024-05-26,0,0.0425,0.04487935130407299,0.6700000000000002,3,compact32,logistic
2024-05-27,0,0.1825,0.1236045782089136,0.6700000000000002,3,compact32,logistic
2024-05-28,0,0.135,0.09545970061031715,0.6700000000000002,3,compact32,logistic
2024-05-29,0,0.35,0.22230722298915648,0.6700000000000002,3,compact32,logistic
2024-05-30,0,0.14,0.0981357924510601,0.6700000000000002,3,compact32,logistic
2024-05-31,0,0.3125,0.2085071129095019,0.6700000000000002,3,compact32,logistic
2024-06-01,0,0.0825,0.06362392978553706,0.6700000000000002,3,compact32,logistic
2024-06-02,0,0.8075,0.63090645396985,0.6700000000000002,3,compact32,logistic
2024-06-03,0,0.945,0.8084362208624534,0.6700000000000002,3,compact32,logistic
2024-06-04,0,0.905,0.7491299058139004,0.6700000000000002,3,compact32,logistic
2024-06-05,0,0.6675,0.4724471635945459,0.6700000000000002,3,compact32,logistic
2024-06-06,0,0.765,0.5778855067951986,0.6700000000000002,3,compact32,logistic
2024-06-07,0,0.7725,0.5817286271485294,0.6700000000000002,3,compact32,logistic
2024-06-08,0,0.8875,0.7158797563043608,0.6700000000000002,3,compact32,logistic
2024-06-09,0,0.79,0.601567513347934,0.6700000000000002,3,compact32,logistic
2024-06-10,0,0.43,0.3024359556983989,0.6700000000000002,3,compact32,logistic
2024-06-11,0,0.5525,0.38365062322087556,0.6700000000000002,3,compact32,logistic
2024-06-12,0,0.455,0.3250886318211767,0.6700000000000002,3,compact32,logistic
2024-06-13,0,0.435,0.30682144852062215,0.6700000000000002,3,compact32,logistic
2024-06-14,1,0.5125,0.3645476796644589,0.6700000000000002,3,compact32,logistic
2024-06-15,1,0.815,0.6454486251287612,0.6700000000000002,3,compact32,logistic
2024-06-16,1,0.9575,0.8358546445927748,0.6700000000000002,3,compact32,logistic
2024-06-17,1,0.9275,0.7721280453847998,0.6700000000000002,3,compact32,logistic
2024-06-18,1,0.9375,0.8014364585424062,0.6700000000000002,3,compact32,logistic
2024-06-19,1,0.7575,0.5726693349862767,0.6700000000000002,3,compact32,logistic
2024-06-20,1,0.8075,0.6345285913174878,0.6700000000000002,3,compact32,logistic
2024-06-21,1,0.91,0.7515823060312966,0.6700000000000002,3,compact32,logistic
2024-06-22,0,0.7375,0.5527177328784291,0.6700000000000002,3,compact32,logistic
2024-06-23,0,0.025,0.03964510288235702,0.6700000000000002,3,compact32,logistic
2024-06-24,0,0.0475,0.048167442627878705,0.6700000000000002,3,compact32,logistic
2024-06-25,0,0.05,0.04847806411038789,0.6700000000000002,3,compact32,logistic
2024-06-26,0,0.0625,0.05704088571541635,0.6700000000000002,3,compact32,logistic
2024-06-27,0,0.1275,0.08999695879901669,0.6700000000000002,3,compact32,logistic
2024-06-28,0,0.04,0.043444643270198285,0.6700000000000002,3,compact32,logistic
2024-06-29,0,0.055,0.05262620344241207,0.6700000000000002,3,compact32,logistic
2024-06-30,0,0.0575,0.053354617397102316,0.6700000000000002,3,compact32,logistic
2024-07-08,0,0.7922606924643585,0.6211552040670355,0.8600000000000003,4,compact32,logistic
2024-07-09,0,0.8757637474541752,0.68256308836085,0.8600000000000003,4,compact32,logistic
2024-07-10,0,0.8207739307535642,0.6320915018863433,0.8600000000000003,4,compact32,logistic
2024-07-11,0,0.814663951120163,0.6284955272871329,0.8600000000000003,4,compact32,logistic
2024-07-12,0,0.6069246435845214,0.46766716457586344,0.8600000000000003,4,compact32,logistic
2024-07-13,0,0.4378818737270876,0.34995753215910386,0.8600000000000003,4,compact32,logistic
2024-07-14,1,0.7820773930753564,0.6091884627449262,0.8600000000000003,4,compact32,logistic
2024-07-15,1,0.5784114052953157,0.4476565850583237,0.8600000000000003,4,compact32,logistic
2024-07-16,0,0.5173116089613035,0.41000057839638504,0.8600000000000003,4,compact32,logistic
2024-07-17,1,0.40325865580448067,0.3197028488095425,0.8600000000000003,4,compact32,logistic
2024-07-18,1,0.3645621181262729,0.2857651409740915,0.8600000000000003,4,compact32,logistic
2024-07-19,0,0.594704684317719,0.4592831315944192,0.8600000000000003,4,compact32,logistic
2024-07-20,0,0.6435845213849287,0.49623280265740993,0.8600000000000003,4,compact32,logistic
2024-07-21,0,0.4480651731160896,0.363349637268964,0.8600000000000003,4,compact32,logistic
2024-07-22,0,0.37474541751527496,0.2982706715342666,0.8600000000000003,4,compact32,logistic
2024-07-23,0,0.5112016293279023,0.40023455969059035,0.8600000000000003,4,compact32,logistic
2024-07-24,0,0.37678207739307534,0.2988782066234716,0.8600000000000003,4,compact32,logistic
2024-07-25,0,0.4623217922606925,0.37067302300228466,0.8600000000000003,4,compact32,logistic
2024-07-26,0,0.42362525458248473,0.3370125339514443,0.8600000000000003,4,compact32,logistic
2024-07-27,0,0.31771894093686354,0.2548629352529715,0.8600000000000003,4,compact32,logistic
2024-07-28,0,0.020366598778004074,0.04522054513112688,0.8600000000000003,4,compact32,logistic
2024-07-29,0,0.12830957230142567,0.1101438043006174,0.8600000000000003,4,compact32,logistic
2024-07-30,0,0.006109979633401222,0.028380832303903883,0.8600000000000003,4,compact32,logistic
2024-07-31,0,0.15478615071283094,0.12140112396205482,0.8600000000000003,4,compact32,logistic
2024-08-01,0,0.23014256619144602,0.18241477122499425,0.8600000000000003,4,compact32,logistic
2024-08-02,0,0.1364562118126273,0.11366210926966959,0.8600000000000003,4,compact32,logistic
2024-08-03,0,0.1120162932790224,0.0946567397064508,0.8600000000000003,4,compact32,logistic
2024-08-04,0,0.8757637474541752,0.6832084146180208,0.8600000000000003,4,compact32,logistic
2024-08-05,0,0.7556008146639511,0.5782336432707383,0.8600000000000003,4,compact32,logistic
2024-08-06,0,0.7637474541751528,0.5830332462172976,0.8600000000000003,4,compact32,logistic
2024-08-07,0,0.7515274949083504,0.5750264613587064,0.8600000000000003,4,compact32,logistic
2024-08-08,0,0.9694501018329938,0.8516985747777169,0.8600000000000003,4,compact32,logistic
2024-08-09,0,0.9164969450101833,0.7581902655006714,0.8600000000000003,4,compact32,logistic
2024-08-10,0,0.8940936863543788,0.7144464048581588,0.8600000000000003,4,compact32,logistic
2024-08-11,0,0.7963340122199593,0.6227997404808063,0.8600000000000003,4,compact32,logistic
2024-08-12,0,0.7759674134419552,0.5942392995610354,0.8600000000000003,4,compact32,logistic
2024-08-13,0,0.8615071283095723,0.6692235901133646,0.8600000000000003,4,compact32,logistic
2024-08-14,1,0.7820773930753564,0.6045909597226903,0.8600000000000003,4,compact32,logistic
2024-08-15,0,0.6720977596741344,0.5208517415696022,0.8600000000000003,4,compact32,logistic
2024-08-16,0,0.639511201629328,0.4930437261364838,0.8600000000000003,4,compact32,logistic
2024-08-17,0,0.4663951120162933,0.3730903153274167,0.8600000000000003,4,compact32,logistic
2024-08-18,0,0.7352342158859471,0.5627555459782118,0.8600000000000003,4,compact32,logistic
2024-08-19,0,0.6659877800407332,0.5157070101582816,0.8600000000000003,4,compact32,logistic
2023-07-08,0,0.736,0.3846558549199451,0.8900000000000003,0,compact32,extra_trees
2023-07-09,0,0.688,0.3402203192209302,0.8900000000000003,0,compact32,extra_trees
2023-07-10,0,0.056,0.08668247604113347,0.8900000000000003,0,compact32,extra_trees
2023-07-11,0,0.808,0.4233418244493092,0.8900000000000003,0,compact32,extra_trees
2023-07-12,0,0.248,0.1804347640768534,0.8900000000000003,0,compact32,extra_trees
2023-07-13,1,0.792,0.40827573835182507,0.8900000000000003,0,compact32,extra_trees
2023-07-14,1,0.816,0.4462886244852823,0.8900000000000003,0,compact32,extra_trees
2023-07-15,0,0.216,0.17416317257846414,0.8900000000000003,0,compact32,extra_trees
2023-07-16,0,0.736,0.3772151742589963,0.8900000000000003,0,compact32,extra_trees
2023-07-17,0,0.816,0.45279210960689203,0.8900000000000003,0,compact32,extra_trees
2023-07-18,0,0.736,0.38390526857472707,0.8900000000000003,0,compact32,extra_trees
2023-07-19,0,0.632,0.3135122165126462,0.8900000000000003,0,compact32,extra_trees
2023-07-20,0,0.792,0.40821376292558154,0.8900000000000003,0,compact32,extra_trees
2023-07-21,0,0.472,0.24924488136899398,0.8900000000000003,0,compact32,extra_trees
2023-07-22,0,0.184,0.1518166557380398,0.8900000000000003,0,compact32,extra_trees
2023-07-23,0,0.136,0.13362922076666867,0.8900000000000003,0,compact32,extra_trees
2023-07-24,0,0.128,0.12728234807560934,0.8900000000000003,0,compact32,extra_trees
2023-07-25,0,0.08,0.1019986361366305,0.8900000000000003,0,compact32,extra_trees
2023-07-26,0,0.272,0.18377077792574326,0.8900000000000003,0,compact32,extra_trees
2023-07-27,0,0.024,0.06455585768933789,0.8900000000000003,0,compact32,extra_trees
2023-07-28,0,0.376,0.2262384088249421,0.8900000000000003,0,compact32,extra_trees
2023-07-29,0,0.192,0.1573117872932775,0.8900000000000003,0,compact32,extra_trees
2023-07-30,0,0.192,0.15782415559230417,0.8900000000000003,0,compact32,extra_trees
2023-07-31,0,0.624,0.30828664850731174,0.8900000000000003,0,compact32,extra_trees
2023-08-01,0,0.472,0.25114949638921114,0.8900000000000003,0,compact32,extra_trees
2023-08-02,0,0.208,0.1651837157370886,0.8900000000000003,0,compact32,extra_trees
2023-08-03,0,0.584,0.28692056176647635,0.8900000000000003,0,compact32,extra_trees
2023-08-04,0,0.688,0.33593370846306403,0.8900000000000003,0,compact32,extra_trees
2023-08-05,0,0.736,0.374906287788194,0.8900000000000003,0,compact32,extra_trees
2023-08-06,0,0.912,0.6715993974231254,0.8900000000000003,0,compact32,extra_trees
2023-08-07,0,0.736,0.37093474007029026,0.8900000000000003,0,compact32,extra_trees
2023-08-08,0,0.736,0.3758816866870113,0.8900000000000003,0,compact32,extra_trees
2023-08-09,0,0.712,0.34860450072030613,0.8900000000000003,0,compact32,extra_trees
2023-08-10,0,0.848,0.4776518065422575,0.8900000000000003,0,compact32,extra_trees
2023-08-11,0,0.816,0.44766169074593576,0.8900000000000003,0,compact32,extra_trees
2023-08-12,0,0.896,0.559566815632676,0.8900000000000003,0,compact32,extra_trees
2023-08-13,0,0.44,0.2388504021252326,0.8900000000000003,0,compact32,extra_trees
2023-08-14,0,0.296,0.18922508420650064,0.8900000000000003,0,compact32,extra_trees
2023-08-15,0,0.576,0.28519017783592243,0.8900000000000003,0,compact32,extra_trees
2023-08-16,0,0.712,0.34785606309771305,0.8900000000000003,0,compact32,extra_trees
2023-08-17,0,0.544,0.27766382960830904,0.8900000000000003,0,compact32,extra_trees
2023-08-18,1,0.608,0.3034339832018995,0.8900000000000003,0,compact32,extra_trees
2023-08-19,0,0.6,0.29736892681232935,0.8900000000000003,0,compact32,extra_trees
2023-08-20,0,0.592,0.28982526869840874,0.8900000000000003,0,compact32,extra_trees
2023-08-21,0,0.656,0.3233464488493832,0.8900000000000003,0,compact32,extra_trees
2023-08-22,0,0.904,0.5628752197532028,0.8900000000000003,0,compact32,extra_trees
2023-08-23,0,0.472,0.25250343728587477,0.8900000000000003,0,compact32,extra_trees
2023-08-24,0,0.888,0.5134136300279839,0.8900000000000003,0,compact32,extra_trees
2023-08-25,0,0.096,0.11818059431452506,0.8900000000000003,0,compact32,extra_trees
2023-08-26,0,0.344,0.2146768359622442,0.8900000000000003,0,compact32,extra_trees
2023-08-27,0,0.416,0.2362506731316658,0.8900000000000003,0,compact32,extra_trees
2023-08-28,0,0.288,0.18570651310057368,0.8900000000000003,0,compact32,extra_trees
2023-08-29,0,0.04,0.0721920059092201,0.8900000000000003,0,compact32,extra_trees
2023-08-30,0,0.296,0.1885164939491962,0.8900000000000003,0,compact32,extra_trees
2023-08-31,0,0.192,0.15646605805991887,0.8900000000000003,0,compact32,extra_trees
2023-09-01,0,0.736,0.3734921257634186,0.8900000000000003,0,compact32,extra_trees
2023-09-02,0,0.152,0.14116356701598987,0.8900000000000003,0,compact32,extra_trees
2023-09-03,0,0.904,0.5952605216595911,0.8900000000000003,0,compact32,extra_trees
2023-09-04,0,0.608,0.30335495590941863,0.8900000000000003,0,compact32,extra_trees
2023-09-05,1,0.864,0.4964092222358055,0.8900000000000003,0,compact32,extra_trees
2023-09-06,1,0.472,0.25614519917494316,0.8900000000000003,0,compact32,extra_trees
2023-09-07,1,0.872,0.5028378590329228,0.8900000000000003,0,compact32,extra_trees
2023-09-08,1,0.872,0.5081525652957896,0.8900000000000003,0,compact32,extra_trees
2023-09-09,0,0.792,0.40697900036304185,0.8900000000000003,0,compact32,extra_trees
2023-09-10,0,0.168,0.14491501607161128,0.8900000000000003,0,compact32,extra_trees
2023-09-11,0,0.352,0.21807331296329743,0.8900000000000003,0,compact32,extra_trees
2023-09-12,0,0.816,0.4383987636160753,0.8900000000000003,0,compact32,extra_trees
2023-09-13,0,0.144,0.13901771685219386,0.8900000000000003,0,compact32,extra_trees
2023-09-14,0,0.152,0.14115551940280296,0.8900000000000003,0,compact32,extra_trees
2023-09-15,0,0.184,0.15342098669501444,0.8900000000000003,0,compact32,extra_trees
2023-09-16,0,0.712,0.3477406696005503,0.8900000000000003,0,compact32,extra_trees
2023-09-17,0,0.568,0.28173125206297867,0.8900000000000003,0,compact32,extra_trees
2023-09-18,0,0.208,0.16632441073674592,0.8900000000000003,0,compact32,extra_trees
2023-09-19,0,0.144,0.13462863778419726,0.8900000000000003,0,compact32,extra_trees
2023-09-20,0,0.584,0.2869409646366915,0.8900000000000003,0,compact32,extra_trees
2023-09-21,0,0.8,0.4158555870306114,0.8900000000000003,0,compact32,extra_trees
2023-09-22,0,0.656,0.32480659063536077,0.8900000000000003,0,compact32,extra_trees
2023-09-23,0,0.632,0.3149668705098955,0.8900000000000003,0,compact32,extra_trees
2023-09-24,0,0.056,0.09315012307255525,0.8900000000000003,0,compact32,extra_trees
2023-09-25,0,0.056,0.09212218225368528,0.8900000000000003,0,compact32,extra_trees
2023-09-26,0,0.496,0.2608639207453495,0.8900000000000003,0,compact32,extra_trees
2023-09-27,0,0.248,0.18164951013958455,0.8900000000000003,0,compact32,extra_trees
2023-09-28,0,0.216,0.1731388433784299,0.8900000000000003,0,compact32,extra_trees
2023-09-29,0,0.32,0.20197532411033106,0.8900000000000003,0,compact32,extra_trees
2023-09-30,0,0.248,0.18065191440074957,0.8900000000000003,0,compact32,extra_trees
2023-10-08,0,0.815668202764977,0.48059084565153243,0.5900000000000001,1,compact32,extra_trees
2023-10-09,0,0.6359447004608295,0.33920600382581867,0.5900000000000001,1,compact32,extra_trees
2023-10-10,0,0.7972350230414746,0.46064253203716454,0.5900000000000001,1,compact32,extra_trees
2023-10-11,0,0.7926267281105991,0.4478836392055093,0.5900000000000001,1,compact32,extra_trees
2023-10-12,0,0.7373271889400922,0.39742979154047414,0.5900000000000001,1,compact32,extra_trees
2023-10-13,1,0.4792626728110599,0.2694934338092633,0.5900000000000001,1,compact32,extra_trees
2023-10-14,1,0.5483870967741935,0.3049152095088777,0.5900000000000001,1,compact32,extra_trees
2023-10-15,0,0.8202764976958525,0.4874108055515227,0.5900000000000001,1,compact32,extra_trees
2023-10-16,1,0.7926267281105991,0.4509269830269448,0.5900000000000001,1,compact32,extra_trees
2023-10-17,1,0.7972350230414746,0.4556825094564549,0.5900000000000001,1,compact32,extra_trees
2023-10-18,0,0.48847926267281105,0.2792398310062078,0.5900000000000001,1,compact32,extra_trees
2023-10-19,0,0.39631336405529954,0.215360203504121,0.5900000000000001,1,compact32,extra_trees
2023-10-20,0,0.5622119815668203,0.31961056914152614,0.5900000000000001,1,compact32,extra_trees
2023-10-21,0,0.4700460829493088,0.2615457743931547,0.5900000000000001,1,compact32,extra_trees
2023-10-22,0,0.018433179723502304,0.050223188953536904,0.5900000000000001,1,compact32,extra_trees
2023-10-23,0,0.2534562211981567,0.16243952373515314,0.5900000000000001,1,compact32,extra_trees
2023-10-24,0,0.5207373271889401,0.2940568054965231,0.5900000000000001,1,compact32,extra_trees
2023-10-25,0,0.02304147465437788,0.05491571024060933,0.5900000000000001,1,compact32,extra_trees
2023-10-26,0,0.055299539170506916,0.07683358563351875,0.5900000000000001,1,compact32,extra_trees
2023-10-27,0,0.055299539170506916,0.07679019730648215,0.5900000000000001,1,compact32,extra_trees
2023-10-28,0,0.07834101382488479,0.09139936782827043,0.5900000000000001,1,compact32,extra_trees
2023-10-29,0,0.4377880184331797,0.23718712733653033,0.5900000000000001,1,compact32,extra_trees
2023-10-30,0,0.4423963133640553,0.2490084778458666,0.5900000000000001,1,compact32,extra_trees
2023-10-31,0,0.5069124423963134,0.2827430078424968,0.5900000000000001,1,compact32,extra_trees
2023-11-01,0,0.783410138248848,0.43894840872350976,0.5900000000000001,1,compact32,extra_trees
2023-11-02,0,0.7649769585253456,0.41945937505283987,0.5900000000000001,1,compact32,extra_trees
2023-11-03,0,0.8248847926267281,0.4958098648190132,0.5900000000000001,1,compact32,extra_trees
2023-11-04,0,0.8617511520737328,0.5403972295739209,0.5900000000000001,1,compact32,extra_trees
2023-11-05,0,0.7972350230414746,0.46528649315275367,0.5900000000000001,1,compact32,extra_trees
2023-11-06,0,0.8248847926267281,0.4891045357585427,0.5900000000000001,1,compact32,extra_trees
2023-11-07,0,0.8986175115207373,0.608203476191488,0.5900000000000001,1,compact32,extra_trees
2023-11-08,0,0.8018433179723502,0.4676713974781458,0.5900000000000001,1,compact32,extra_trees
2023-11-09,1,0.9308755760368663,0.6630064726190527,0.5900000000000001,1,compact32,extra_trees
2023-11-10,1,0.7373271889400922,0.40140415050793915,0.5900000000000001,1,compact32,extra_trees
2023-11-11,0,0.7465437788018433,0.4130983860155203,0.5900000000000001,1,compact32,extra_trees
2023-11-12,0,0.6774193548387096,0.35705675270038406,0.5900000000000001,1,compact32,extra_trees
2023-11-13,1,0.7419354838709677,0.4100976651568385,0.5900000000000001,1,compact32,extra_trees
2023-11-14,1,0.7788018433179723,0.43148070092839824,0.5900000000000001,1,compact32,extra_trees
2023-11-15,0,0.6267281105990783,0.33662900322037287,0.5900000000000001,1,compact32,extra_trees
2023-11-16,0,0.4838709677419355,0.2756865551203235,0.5900000000000001,1,compact32,extra_trees
2023-11-17,0,0.18433179723502305,0.1353821926803373,0.5900000000000001,1,compact32,extra_trees
2023-11-18,0,0.2857142857142857,0.17292297458089134,0.5900000000000001,1,compact32,extra_trees
2023-11-19,0,0.4377880184331797,0.24268577974589406,0.5900000000000001,1,compact32,extra_trees
2023-11-20,0,0.5345622119815668,0.2997543831296659,0.5900000000000001,1,compact32,extra_trees
2023-11-21,0,0.055299539170506916,0.08109964187054557,0.5900000000000001,1,compact32,extra_trees
2023-11-22,0,0.3225806451612903,0.1875580156537885,0.5900000000000001,1,compact32,extra_trees
2023-11-23,0,0.4423963133640553,0.24889021549573587,0.5900000000000001,1,compact32,extra_trees
2023-11-24,0,0.6774193548387096,0.3575635700844341,0.5900000000000001,1,compact32,extra_trees
2023-11-25,0,0.4377880184331797,0.23833988889466814,0.5900000000000001,1,compact32,extra_trees
2023-11-26,0,0.4377880184331797,0.24179486880573917,0.5900000000000001,1,compact32,extra_trees
2023-11-27,0,0.018433179723502304,0.045742018741705505,0.5900000000000001,1,compact32,extra_trees
2023-11-28,0,0.11981566820276497,0.12035872384728652,0.5900000000000001,1,compact32,extra_trees
2023-11-29,0,0.2350230414746544,0.15312237331365577,0.5900000000000001,1,compact32,extra_trees
2023-11-30,0,0.2995391705069124,0.17843777771362324,0.5900000000000001,1,compact32,extra_trees
2023-12-01,0,0.31336405529953915,0.18388694167566838,0.5900000000000001,1,compact32,extra_trees
2023-12-02,0,0.4838709677419355,0.274972985658513,0.5900000000000001,1,compact32,extra_trees
2023-12-03,0,0.9447004608294931,0.6897802112704832,0.5900000000000001,1,compact32,extra_trees
2023-12-04,0,0.9400921658986175,0.6815818893937793,0.5900000000000001,1,compact32,extra_trees
2023-12-05,0,0.9032258064516129,0.6491858071889596,0.5900000000000001,1,compact32,extra_trees
2023-12-06,0,0.967741935483871,0.7427627914106079,0.5900000000000001,1,compact32,extra_trees
2023-12-07,1,0.967741935483871,0.7378821604682734,0.5900000000000001,1,compact32,extra_trees
2023-12-08,0,0.8940092165898618,0.5919832399038171,0.5900000000000001,1,compact32,extra_trees
2023-12-09,0,0.8940092165898618,0.5998079891511914,0.5900000000000001,1,compact32,extra_trees
2023-12-10,1,0.815668202764977,0.4773674306249868,0.5900000000000001,1,compact32,extra_trees
2023-12-11,1,0.8341013824884793,0.5033625058149502,0.5900000000000001,1,compact32,extra_trees
2023-12-12,1,0.7972350230414746,0.46199715915577233,0.5900000000000001,1,compact32,extra_trees
2023-12-13,1,0.7511520737327189,0.41526685152423626,0.5900000000000001,1,compact32,extra_trees
2023-12-14,1,0.7419354838709677,0.4095022788576176,0.5900000000000001,1,compact32,extra_trees
2023-12-15,1,0.2119815668202765,0.14005695000470428,0.5900000000000001,1,compact32,extra_trees
2023-12-16,0,0.41013824884792627,0.22506877809155904,0.5900000000000001,1,compact32,extra_trees
2023-12-17,0,0.2857142857142857,0.17444876092477418,0.5900000000000001,1,compact32,extra_trees
2023-12-18,0,0.7788018433179723,0.4251223503650441,0.5900000000000001,1,compact32,extra_trees
2023-12-19,0,0.4700460829493088,0.2594945617637556,0.5900000000000001,1,compact32,extra_trees
2023-12-20,0,0.7788018433179723,0.4314226098433317,0.5900000000000001,1,compact32,extra_trees
2023-12-21,0,0.0967741935483871,0.10365894771461838,0.5900000000000001,1,compact32,extra_trees
2023-12-22,0,0.35023041474654376,0.1988236703069178,0.5900000000000001,1,compact32,extra_trees
2023-12-23,0,0.43317972350230416,0.2352470746641804,0.5900000000000001,1,compact32,extra_trees
2023-12-24,0,0.013824884792626729,0.04432976018348088,0.5900000000000001,1,compact32,extra_trees
2023-12-25,0,0.059907834101382486,0.08470183827051725,0.5900000000000001,1,compact32,extra_trees
2023-12-26,0,0.2488479262672811,0.16048129043950135,0.5900000000000001,1,compact32,extra_trees
2023-12-27,0,0.018433179723502304,0.04876615563770675,0.5900000000000001,1,compact32,extra_trees
2023-12-28,0,0.2304147465437788,0.14741370856966127,0.5900000000000001,1,compact32,extra_trees
2023-12-29,0,0.10599078341013825,0.11280867911417175,0.5900000000000001,1,compact32,extra_trees
2023-12-30,0,0.12903225806451613,0.12341675539632745,0.5900000000000001,1,compact32,extra_trees
2023-12-31,0,0.783410138248848,0.4389665053289143,0.5900000000000001,1,compact32,extra_trees
2024-01-08,0,0.8122977346278317,0.5489977872217912,0.52,2,compact32,extra_trees
2024-01-09,0,0.9093851132686084,0.6384580549185565,0.52,2,compact32,extra_trees
2024-01-10,0,0.8932038834951457,0.6274166746092904,0.52,2,compact32,extra_trees
2024-01-11,1,0.7669902912621359,0.515377454691727,0.52,2,compact32,extra_trees
2024-01-12,1,0.8964401294498382,0.6303265555685678,0.52,2,compact32,extra_trees
2024-01-13,1,0.8705501618122977,0.6116170156405397,0.52,2,compact32,extra_trees
2024-01-14,1,0.7669902912621359,0.51637034961929,0.52,2,compact32,extra_trees
2024-01-15,1,0.8220064724919094,0.5546756065999504,0.52,2,compact32,extra_trees
2024-01-16,0,0.7605177993527508,0.5113257360338004,0.52,2,compact32,extra_trees
2024-01-17,1,0.8932038834951457,0.6287204400362942,0.52,2,compact32,extra_trees
2024-01-18,1,0.8349514563106796,0.5668062615526583,0.52,2,compact32,extra_trees
2024-01-19,1,0.5048543689320388,0.3453797979685888,0.52,2,compact32,extra_trees
2024-01-20,0,0.3592233009708738,0.25854983359161404,0.52,2,compact32,extra_trees
2024-01-21,0,0.23624595469255663,0.16081922242507174,0.52,2,compact32,extra_trees
2024-01-22,0,0.1423948220064725,0.10425784487452129,0.52,2,compact32,extra_trees
2024-01-23,0,0.18770226537216828,0.12739847594837425,0.52,2,compact32,extra_trees
2024-01-24,0,0.18122977346278318,0.12179698728506246,0.52,2,compact32,extra_trees
2024-01-25,0,0.5242718446601942,0.35756995671017205,0.52,2,compact32,extra_trees
2024-01-26,0,0.1423948220064725,0.10410358642766034,0.52,2,compact32,extra_trees
2024-01-27,0,0.3268608414239482,0.23709465138322053,0.52,2,compact32,extra_trees
2024-01-28,0,0.06796116504854369,0.07815895215248607,0.52,2,compact32,extra_trees
2024-01-29,0,0.09385113268608414,0.08734334278238277,0.52,2,compact32,extra_trees
2024-01-30,1,0.09385113268608414,0.08722161756498305,0.52,2,compact32,extra_trees
2024-01-31,0,0.2783171521035599,0.20020212034345533,0.52,2,compact32,extra_trees
2024-02-01,0,0.0970873786407767,0.0898393399585789,0.52,2,compact32,extra_trees
2024-02-02,0,0.06472491909385113,0.07778735604218118,0.52,2,compact32,extra_trees
2024-02-03,0,0.10032362459546926,0.09134969153163817,0.52,2,compact32,extra_trees
2024-02-04,0,0.86084142394822,0.6006080666979352,0.52,2,compact32,extra_trees
2024-02-05,0,0.883495145631068,0.6204174575139401,0.52,2,compact32,extra_trees
2024-02-06,0,0.9093851132686084,0.6386654786601902,0.52,2,compact32,extra_trees
2024-02-07,0,0.6893203883495146,0.4575268406479631,0.52,2,compact32,extra_trees
2024-02-08,0,0.9579288025889967,0.7295475182418137,0.52,2,compact32,extra_trees
2024-02-09,0,0.9838187702265372,0.7748238638186032,0.52,2,compact32,extra_trees
2024-02-10,0,0.9320388349514563,0.6518996527924072,0.52,2,compact32,extra_trees
2024-02-11,0,0.6925566343042071,0.462929966385317,0.52,2,compact32,extra_trees
2024-02-12,0,0.6634304207119741,0.43043993955503757,0.52,2,compact32,extra_trees
2024-02-13,0,0.343042071197411,0.25039063711439186,0.52,2,compact32,extra_trees
2024-02-14,0,0.3948220064724919,0.2872133802858501,0.52,2,compact32,extra_trees
2024-02-15,0,0.34951456310679613,0.25266628552255826,0.52,2,compact32,extra_trees
2024-02-16,0,0.36893203883495146,0.2690004962231174,0.52,2,compact32,extra_trees
2024-02-17,0,0.4110032362459547,0.2954830534363044,0.52,2,compact32,extra_trees
2024-02-18,0,0.36245954692556637,0.26214195544604646,0.52,2,compact32,extra_trees
2024-02-19,0,0.2783171521035599,0.19464842380004324,0.52,2,compact32,extra_trees
2024-02-20,0,0.7475728155339806,0.49905427113999157,0.52,2,compact32,extra_trees
2024-02-21,0,0.5016181229773463,0.3393474298658734,0.52,2,compact32,extra_trees
2024-02-22,0,0.5825242718446602,0.3854484123971228,0.52,2,compact32,extra_trees
2024-02-23,0,0.6019417475728155,0.393027716965331,0.52,2,compact32,extra_trees
2024-02-24,0,0.5210355987055016,0.3550903764452058,0.52,2,compact32,extra_trees
2024-02-25,0,0.032362459546925564,0.06104862373560964,0.52,2,compact32,extra_trees
2024-02-26,0,0.03559870550161812,0.06498318572252067,0.52,2,compact32,extra_trees
2024-02-27,0,0.0744336569579288,0.08026977854905194,0.52,2,compact32,extra_trees
2024-02-28,0,0.09385113268608414,0.08784453186167085,0.52,2,compact32,extra_trees
2024-02-29,0,0.18770226537216828,0.12664090172428144,0.52,2,compact32,extra_trees
2024-03-01,0,0.19741100323624594,0.1374321682752435,0.52,2,compact32,extra_trees
2024-03-02,0,0.2588996763754045,0.17547073322580187,0.52,2,compact32,extra_trees
2024-03-03,0,0.8252427184466019,0.5561339652378138,0.52,2,compact32,extra_trees
2024-03-04,0,0.8220064724919094,0.5557298879301242,0.52,2,compact32,extra_trees
2024-03-05,0,0.8252427184466019,0.5609557218019987,0.52,2,compact32,extra_trees
2024-03-06,0,0.49514563106796117,0.33075326778320824,0.52,2,compact32,extra_trees
2024-03-07,0,0.8446601941747572,0.5842812097084407,0.52,2,compact32,extra_trees
2024-03-08,0,0.7249190938511327,0.4748049584527333,0.52,2,compact32,extra_trees
2024-03-09,1,0.6440129449838188,0.41554582114883837,0.52,2,compact32,extra_trees
2024-03-10,1,0.9611650485436893,0.7453017751268964,0.52,2,compact32,extra_trees
2024-03-11,1,0.9579288025889967,0.7360845035932546,0.52,2,compact32,extra_trees
2024-03-12,1,0.9805825242718447,0.7633607760508859,0.52,2,compact32,extra_trees
2024-03-13,1,0.9870550161812298,0.7826113073236999,0.52,2,compact32,extra_trees
2024-03-14,1,0.9320388349514563,0.6586164802819736,0.52,2,compact32,extra_trees
2024-03-15,1,0.7637540453074434,0.5127245547318751,0.52,2,compact32,extra_trees
2024-03-16,1,0.8349514563106796,0.5761540447834037,0.52,2,compact32,extra_trees
2024-03-17,0,0.6537216828478964,0.42124170327891264,0.52,2,compact32,extra_trees
2024-03-18,0,0.3948220064724919,0.2883550334828429,0.52,2,compact32,extra_trees
2024-03-19,0,0.1779935275080906,0.1191961799399933,0.52,2,compact32,extra_trees
2024-03-20,0,0.313915857605178,0.2220694966884679,0.52,2,compact32,extra_trees
2024-03-21,0,0.2750809061488673,0.18880521790331115,0.52,2,compact32,extra_trees
2024-03-22,0,0.2621359223300971,0.1799904162335462,0.52,2,compact32,extra_trees
2024-03-23,0,0.2783171521035599,0.19590465713247932,0.52,2,compact32,extra_trees
2024-03-24,0,0.05501618122977346,0.07497388712241126,0.52,2,compact32,extra_trees
2024-03-25,0,0.14563106796116504,0.10614203454112978,0.52,2,compact32,extra_trees
2024-03-26,0,0.02912621359223301,0.057536599151932384,0.52,2,compact32,extra_trees
2024-03-27,0,0.04854368932038835,0.06809226473313115,0.52,2,compact32,extra_trees
2024-03-28,0,0.09385113268608414,0.0872154729851261,0.52,2,compact32,extra_trees
2024-03-29,0,0.10032362459546926,0.09024155614309726,0.52,2,compact32,extra_trees
2024-03-30,0,0.22653721682847897,0.1550915053955627,0.52,2,compact32,extra_trees
2024-03-31,0,0.18122977346278318,0.12119682735127213,0.52,2,compact32,extra_trees
2024-04-08,0,0.9725,0.7615016361971354,0.8000000000000003,3,compact32,extra_trees
2024-04-09,0,0.9725,0.7723240885150128,0.8000000000000003,3,compact32,extra_trees
2024-04-10,1,0.9275,0.689792607429633,0.8000000000000003,3,compact32,extra_trees
2024-04-11,1,0.9625,0.73945649744748,0.8000000000000003,3,compact32,extra_trees
2024-04-12,0,0.93,0.6983407203543838,0.8000000000000003,3,compact32,extra_trees
2024-04-13,1,0.8625,0.6116551872712277,0.8000000000000003,3,compact32,extra_trees
2024-04-14,1,0.69,0.4707040684417474,0.8000000000000003,3,compact32,extra_trees
2024-04-15,1,0.72,0.4925707363413915,0.8000000000000003,3,compact32,extra_trees
2024-04-16,1,0.4225,0.2987296068488039,0.8000000000000003,3,compact32,extra_trees
2024-04-17,1,0.5125,0.3624072482754873,0.8000000000000003,3,compact32,extra_trees
2024-04-18,1,0.64,0.4310688536282312,0.8000000000000003,3,compact32,extra_trees
2024-04-19,1,0.415,0.2923495964436451,0.8000000000000003,3,compact32,extra_trees
2024-04-20,1,0.4375,0.3075605524216216,0.8000000000000003,3,compact32,extra_trees
2024-04-21,0,0.11,0.11542658162535725,0.8000000000000003,3,compact32,extra_trees
2024-04-22,0,0.07,0.10092988171289723,0.8000000000000003,3,compact32,extra_trees
2024-04-23,0,0.17,0.1352467515613698,0.8000000000000003,3,compact32,extra_trees
2024-04-24,0,0.0525,0.09221465245720496,0.8000000000000003,3,compact32,extra_trees
2024-04-25,0,0.16,0.13032900379792578,0.8000000000000003,3,compact32,extra_trees
2024-04-26,0,0.115,0.1166417311845357,0.8000000000000003,3,compact32,extra_trees
2024-04-27,0,0.0325,0.07713023847252898,0.8000000000000003,3,compact32,extra_trees
2024-04-28,0,0.0325,0.07834842150186919,0.8000000000000003,3,compact32,extra_trees
2024-04-29,0,0.0075,0.05008472782136775,0.8000000000000003,3,compact32,extra_trees
2024-04-30,0,0.02,0.06351116471616458,0.8000000000000003,3,compact32,extra_trees
2024-05-01,0,0.0075,0.051838280723501336,0.8000000000000003,3,compact32,extra_trees
2024-05-02,0,0.02,0.06276806926157814,0.8000000000000003,3,compact32,extra_trees
2024-05-03,0,0.0325,0.07620196063946937,0.8000000000000003,3,compact32,extra_trees
2024-05-04,0,0.16,0.13140605318259874,0.8000000000000003,3,compact32,extra_trees
2024-05-05,0,0.865,0.6269423033927802,0.8000000000000003,3,compact32,extra_trees
2024-05-06,0,0.8075,0.5619239539571506,0.8000000000000003,3,compact32,extra_trees
2024-05-07,0,0.8725,0.6300297497696734,0.8000000000000003,3,compact32,extra_trees
2024-05-08,0,0.865,0.6232841196620726,0.8000000000000003,3,compact32,extra_trees
2024-05-09,0,0.7025,0.48277355603323946,0.8000000000000003,3,compact32,extra_trees
2024-05-10,0,0.4975,0.35251806794217766,0.8000000000000003,3,compact32,extra_trees
2024-05-11,0,0.885,0.6461666992818658,0.8000000000000003,3,compact32,extra_trees
2024-05-12,0,0.815,0.5662603726176646,0.8000000000000003,3,compact32,extra_trees
2024-05-13,0,0.7,0.47874761330934246,0.8000000000000003,3,compact32,extra_trees
2024-05-14,0,0.62,0.4238925566899983,0.8000000000000003,3,compact32,extra_trees
2024-05-15,0,0.67,0.44314078030271,0.8000000000000003,3,compact32,extra_trees
2024-05-16,0,0.72,0.4965671296052989,0.8000000000000003,3,compact32,extra_trees
2024-05-17,1,0.7925,0.5524203200206893,0.8000000000000003,3,compact32,extra_trees
2024-05-18,0,0.7225,0.49734046793640213,0.8000000000000003,3,compact32,extra_trees
2024-05-19,0,0.4125,0.2889484683567743,0.8000000000000003,3,compact32,extra_trees
2024-05-20,0,0.4875,0.34358185523024537,0.8000000000000003,3,compact32,extra_trees
2024-05-21,0,0.5425,0.3801969970345197,0.8000000000000003,3,compact32,extra_trees
2024-05-22,0,0.4925,0.34991133011893966,0.8000000000000003,3,compact32,extra_trees
2024-05-23,0,0.7825,0.5446545066688456,0.8000000000000003,3,compact32,extra_trees
2024-05-24,0,0.4525,0.31809031861781173,0.8000000000000003,3,compact32,extra_trees
2024-05-25,0,0.4375,0.3069473253066112,0.8000000000000003,3,compact32,extra_trees
2024-05-26,0,0.05,0.08809459466135362,0.8000000000000003,3,compact32,extra_trees
2024-05-27,0,0.07,0.101965366007398,0.8000000000000003,3,compact32,extra_trees
2024-05-28,0,0.2575,0.17405414262258156,0.8000000000000003,3,compact32,extra_trees
2024-05-29,0,0.2975,0.2141602036773125,0.8000000000000003,3,compact32,extra_trees
2024-05-30,0,0.1975,0.15170486201311198,0.8000000000000003,3,compact32,extra_trees
2024-05-31,0,0.2075,0.15656565425381466,0.8000000000000003,3,compact32,extra_trees
2024-06-01,0,0.355,0.24247067387592877,0.8000000000000003,3,compact32,extra_trees
2024-06-02,0,0.865,0.6142345113733344,0.8000000000000003,3,compact32,extra_trees
2024-06-03,0,0.96,0.7367914864946669,0.8000000000000003,3,compact32,extra_trees
2024-06-04,0,0.865,0.6172064967391107,0.8000000000000003,3,compact32,extra_trees
2024-06-05,0,0.7725,0.5403884306596116,0.8000000000000003,3,compact32,extra_trees
2024-06-06,0,0.8775,0.6344487641644107,0.8000000000000003,3,compact32,extra_trees
2024-06-07,0,0.845,0.5876576952230974,0.8000000000000003,3,compact32,extra_trees
2024-06-08,0,0.7375,0.5101543446756976,0.8000000000000003,3,compact32,extra_trees
2024-06-09,0,0.615,0.4188704912891598,0.8000000000000003,3,compact32,extra_trees
2024-06-10,0,0.5,0.3536422973143623,0.8000000000000003,3,compact32,extra_trees
2024-06-11,0,0.485,0.34006161878125213,0.8000000000000003,3,compact32,extra_trees
2024-06-12,0,0.5,0.35301735724829714,0.8000000000000003,3,compact32,extra_trees
2024-06-13,0,0.4575,0.3237907514257212,0.8000000000000003,3,compact32,extra_trees
2024-06-14,1,0.4225,0.3016839792850975,0.8000000000000003,3,compact32,extra_trees
2024-06-15,1,0.645,0.43332046770034877,0.8000000000000003,3,compact32,extra_trees
2024-06-16,1,0.945,0.7225838601732815,0.8000000000000003,3,compact32,extra_trees
2024-06-17,1,0.865,0.6133780937650902,0.8000000000000003,3,compact32,extra_trees
2024-06-18,1,0.9275,0.6903078170879905,0.8000000000000003,3,compact32,extra_trees
2024-06-19,1,0.8525,0.5958946662852745,0.8000000000000003,3,compact32,extra_trees
2024-06-20,1,0.6875,0.4686866094387753,0.8000000000000003,3,compact32,extra_trees
2024-06-21,1,0.815,0.5655255982347359,0.8000000000000003,3,compact32,extra_trees
2024-06-22,0,0.69,0.47073664442303437,0.8000000000000003,3,compact32,extra_trees
2024-06-23,0,0.045,0.08393435054992564,0.8000000000000003,3,compact32,extra_trees
2024-06-24,0,0.0275,0.06923504306486179,0.8000000000000003,3,compact32,extra_trees
2024-06-25,0,0.06,0.09569139066481357,0.8000000000000003,3,compact32,extra_trees
2024-06-26,0,0.0325,0.07393227609136221,0.8000000000000003,3,compact32,extra_trees
2024-06-27,0,0.0325,0.07298335776789243,0.8000000000000003,3,compact32,extra_trees
2024-06-28,0,0.115,0.1168176940259389,0.8000000000000003,3,compact32,extra_trees
2024-06-29,0,0.05,0.0879902584609352,0.8000000000000003,3,compact32,extra_trees
2024-06-30,0,0.0575,0.09450498231088955,0.8000000000000003,3,compact32,extra_trees
2024-07-08,0,0.824847250509165,0.5581900177588072,0.7000000000000002,4,compact32,extra_trees
2024-07-09,0,0.8004073319755601,0.5499670068183339,0.7000000000000002,4,compact32,extra_trees
2024-07-10,0,0.5784114052953157,0.4300900944232047,0.7000000000000002,4,compact32,extra_trees
2024-07-11,0,0.7087576374745418,0.4969507396525414,0.7000000000000002,4,compact32,extra_trees
2024-07-12,0,0.8268839103869654,0.5630174714213712,0.7000000000000002,4,compact32,extra_trees
2024-07-13,0,0.7841140529531568,0.5371570741945413,0.7000000000000002,4,compact32,extra_trees
2024-07-14,1,0.7780040733197556,0.5351529274557872,0.7000000000000002,4,compact32,extra_trees
2024-07-15,1,0.6496945010183299,0.4607828756903963,0.7000000000000002,4,compact32,extra_trees
2024-07-16,0,0.8391038696537678,0.5714158895811372,0.7000000000000002,4,compact32,extra_trees
2024-07-17,1,0.6558044806517311,0.46834882250335447,0.7000000000000002,4,compact32,extra_trees
2024-07-18,1,0.6517311608961304,0.46321404475525507,0.7000000000000002,4,compact32,extra_trees
2024-07-19,0,0.7637474541751528,0.5298816981687015,0.7000000000000002,4,compact32,extra_trees
2024-07-20,0,0.7107942973523421,0.49986870210617385,0.7000000000000002,4,compact32,extra_trees
2024-07-21,0,0.2953156822810591,0.2800030622061142,0.7000000000000002,4,compact32,extra_trees
2024-07-22,0,0.2769857433808554,0.2645107878583154,0.7000000000000002,4,compact32,extra_trees
2024-07-23,0,0.23625254582484725,0.23636144855546665,0.7000000000000002,4,compact32,extra_trees
2024-07-24,0,0.2953156822810591,0.2801904930053405,0.7000000000000002,4,compact32,extra_trees
2024-07-25,0,0.23625254582484725,0.23568039866067433,0.7000000000000002,4,compact32,extra_trees
2024-07-26,0,0.26476578411405294,0.2558575824853325,0.7000000000000002,4,compact32,extra_trees
2024-07-27,0,0.23625254582484725,0.23634271303471283,0.7000000000000002,4,compact32,extra_trees
2024-07-28,0,0.004073319755600814,0.07787242862538893,0.7000000000000002,4,compact32,extra_trees
2024-07-29,0,0.09164969450101833,0.13690106387683312,0.7000000000000002,4,compact32,extra_trees
2024-07-30,0,0.08961303462321792,0.1332027961517064,0.7000000000000002,4,compact32,extra_trees
2024-07-31,0,0.20366598778004075,0.20780434992755484,0.7000000000000002,4,compact32,extra_trees
2024-08-01,0,0.11812627291242363,0.16046297201032847,0.7000000000000002,4,compact32,extra_trees
2024-08-02,0,0.21792260692464357,0.21989128713395306,0.7000000000000002,4,compact32,extra_trees
2024-08-03,0,0.17311608961303462,0.19283483208192526,0.7000000000000002,4,compact32,extra_trees
2024-08-04,0,0.6639511201629328,0.4734878797255864,0.7000000000000002,4,compact32,extra_trees
2024-08-05,0,0.6639511201629328,0.4722292557864522,0.7000000000000002,4,compact32,extra_trees
2024-08-06,0,0.6109979633401222,0.44472113413530145,0.7000000000000002,4,compact32,extra_trees
2024-08-07,0,0.6924643584521385,0.4864026189460484,0.7000000000000002,4,compact32,extra_trees
2024-08-08,0,0.7230142566191446,0.5109920859188025,0.7000000000000002,4,compact32,extra_trees
2024-08-09,0,0.5458248472505092,0.42112338998081106,0.7000000000000002,4,compact32,extra_trees
2024-08-10,0,0.7352342158859471,0.5200130686665023,0.7000000000000002,4,compact32,extra_trees
2024-08-11,0,0.7128309572301426,0.5031916102801307,0.7000000000000002,4,compact32,extra_trees
2024-08-12,0,0.6822810590631364,0.4791796433596105,0.7000000000000002,4,compact32,extra_trees
2024-08-13,0,0.7393075356415478,0.5220577088560372,0.7000000000000002,4,compact32,extra_trees
2024-08-14,1,0.6924643584521385,0.4865826602634463,0.7000000000000002,4,compact32,extra_trees
2024-08-15,0,0.6109979633401222,0.44441800778403945,0.7000000000000002,4,compact32,extra_trees
2024-08-16,0,0.4419551934826884,0.36677518965376754,0.7000000000000002,4,compact32,extra_trees
2024-08-17,0,0.5295315682281059,0.4122498652860192,0.7000000000000002,4,compact32,extra_trees
2024-08-18,0,0.8778004073319755,0.6130143645241362,0.7000000000000002,4,compact32,extra_trees
2024-08-19,0,0.9226069246435845,0.6663982666106987,0.7000000000000002,4,compact32,extra_trees
2023-07-08,0,0.624,0.21796216046463754,0.8300000000000003,0,compact32,hist_gb
2023-07-09,0,0.328,0.12305816486094753,0.8300000000000003,0,compact32,hist_gb
2023-07-10,0,0.192,0.07875982924482396,0.8300000000000003,0,compact32,hist_gb
2023-07-11,0,0.176,0.0756861378905789,0.8300000000000003,0,compact32,hist_gb
2023-07-12,0,0.336,0.1256658356430443,0.8300000000000003,0,compact32,hist_gb
2023-07-13,1,0.584,0.18483439247500108,0.8300000000000003,0,compact32,hist_gb
2023-07-14,1,0.648,0.22636056423721576,0.8300000000000003,0,compact32,hist_gb
2023-07-15,0,0.216,0.09468512292366292,0.8300000000000003,0,compact32,hist_gb
2023-07-16,0,0.552,0.1738228730476031,0.8300000000000003,0,compact32,hist_gb
2023-07-17,0,0.808,0.3518206357662956,0.8300000000000003,0,compact32,hist_gb
2023-07-18,0,0.864,0.5014490364448255,0.8300000000000003,0,compact32,hist_gb
2023-07-19,0,0.864,0.4763917596336655,0.8300000000000003,0,compact32,hist_gb
2023-07-20,0,0.752,0.2764912935647083,0.8300000000000003,0,compact32,hist_gb
2023-07-21,0,0.824,0.400979375229084,0.8300000000000003,0,compact32,hist_gb
2023-07-22,0,0.48,0.143761895668848,0.8300000000000003,0,compact32,hist_gb
2023-07-23,0,0.256,0.09965238704131156,0.8300000000000003,0,compact32,hist_gb
2023-07-24,0,0.04,0.042724503148371736,0.8300000000000003,0,compact32,hist_gb
2023-07-25,0,0.328,0.11966193981669677,0.8300000000000003,0,compact32,hist_gb
2023-07-26,0,0.392,0.13343440943736956,0.8300000000000003,0,compact32,hist_gb
2023-07-27,0,0.04,0.04187717243409002,0.8300000000000003,0,compact32,hist_gb
2023-07-28,0,0.08,0.053906189922407324,0.8300000000000003,0,compact32,hist_gb
2023-07-29,0,0.024,0.041299603867202044,0.8300000000000003,0,compact32,hist_gb
2023-07-30,0,0.136,0.0681985910775684,0.8300000000000003,0,compact32,hist_gb
2023-07-31,0,0.176,0.07487594754762791,0.8300000000000003,0,compact32,hist_gb
2023-08-01,0,0.152,0.07082582805136009,0.8300000000000003,0,compact32,hist_gb
2023-08-02,0,0.592,0.19193951133673826,0.8300000000000003,0,compact32,hist_gb
2023-08-03,0,0.32,0.11759393151833653,0.8300000000000003,0,compact32,hist_gb
2023-08-04,0,0.464,0.14029885063490347,0.8300000000000003,0,compact32,hist_gb
2023-08-05,0,0.368,0.13083694950974512,0.8300000000000003,0,compact32,hist_gb
2023-08-06,0,0.896,0.6182627597532091,0.8300000000000003,0,compact32,hist_gb
2023-08-07,0,0.8,0.3421477166155184,0.8300000000000003,0,compact32,hist_gb
2023-08-08,0,0.48,0.1506428107465322,0.8300000000000003,0,compact32,hist_gb
2023-08-09,0,0.6,0.2001651144333395,0.8300000000000003,0,compact32,hist_gb
2023-08-10,0,0.776,0.2941793265918733,0.8300000000000003,0,compact32,hist_gb
2023-08-11,0,0.68,0.23972353953879788,0.8300000000000003,0,compact32,hist_gb
2023-08-12,0,0.864,0.4731206452218129,0.8300000000000003,0,compact32,hist_gb
2023-08-13,0,0.208,0.08548672200851547,0.8300000000000003,0,compact32,hist_gb
2023-08-14,0,0.64,0.2199001706356682,0.8300000000000003,0,compact32,hist_gb
2023-08-15,0,0.656,0.23465399411224938,0.8300000000000003,0,compact32,hist_gb
2023-08-16,0,0.824,0.37252177456510704,0.8300000000000003,0,compact32,hist_gb
2023-08-17,0,0.896,0.6415271635332886,0.8300000000000003,0,compact32,hist_gb
2023-08-18,1,0.328,0.1193444016100268,0.8300000000000003,0,compact32,hist_gb
2023-08-19,0,0.216,0.09181786886267601,0.8300000000000003,0,compact32,hist_gb
2023-08-20,0,0.864,0.511180822357853,0.8300000000000003,0,compact32,hist_gb
2023-08-21,0,0.784,0.31402884435203554,0.8300000000000003,0,compact32,hist_gb
2023-08-22,0,0.824,0.4001900507711851,0.8300000000000003,0,compact32,hist_gb
2023-08-23,0,0.896,0.6129008516807396,0.8300000000000003,0,compact32,hist_gb
2023-08-24,0,0.856,0.439875220000234,0.8300000000000003,0,compact32,hist_gb
2023-08-25,0,0.208,0.08603757686636947,0.8300000000000003,0,compact32,hist_gb
2023-08-26,0,0.784,0.302755448881476,0.8300000000000003,0,compact32,hist_gb
2023-08-27,0,0.744,0.2664845737493978,0.8300000000000003,0,compact32,hist_gb
2023-08-28,0,0.128,0.0662590024017811,0.8300000000000003,0,compact32,hist_gb
2023-08-29,0,0.112,0.06220878694318455,0.8300000000000003,0,compact32,hist_gb
2023-08-30,0,0.296,0.11308280805695446,0.8300000000000003,0,compact32,hist_gb
2023-08-31,0,0.48,0.14987513861203297,0.8300000000000003,0,compact32,hist_gb
2023-09-01,0,0.792,0.3318859403709132,0.8300000000000003,0,compact32,hist_gb
2023-09-02,0,0.592,0.1906932572610273,0.8300000000000003,0,compact32,hist_gb
2023-09-03,0,0.896,0.6132778922519896,0.8300000000000003,0,compact32,hist_gb
2023-09-04,0,0.552,0.17336446975339248,0.8300000000000003,0,compact32,hist_gb
2023-09-05,1,0.792,0.3239677031882047,0.8300000000000003,0,compact32,hist_gb
2023-09-06,1,0.352,0.12821268312589934,0.8300000000000003,0,compact32,hist_gb
2023-09-07,1,0.784,0.3024965331487304,0.8300000000000003,0,compact32,hist_gb
2023-09-08,1,0.864,0.4974451844621847,0.8300000000000003,0,compact32,hist_gb
2023-09-09,0,0.648,0.22698186414148383,0.8300000000000003,0,compact32,hist_gb
2023-09-10,0,0.352,0.13005948758022587,0.8300000000000003,0,compact32,hist_gb
2023-09-11,0,0.328,0.12417646995736771,0.8300000000000003,0,compact32,hist_gb
2023-09-12,0,0.872,0.5334978022127153,0.8300000000000003,0,compact32,hist_gb
2023-09-13,0,0.4,0.13400808531836425,0.8300000000000003,0,compact32,hist_gb
2023-09-14,0,0.328,0.12468428713955705,0.8300000000000003,0,compact32,hist_gb
2023-09-15,0,0.088,0.058016447664469395,0.8300000000000003,0,compact32,hist_gb
2023-09-16,0,0.648,0.22858144130681893,0.8300000000000003,0,compact32,hist_gb
2023-09-17,0,0.328,0.12130649724114656,0.8300000000000003,0,compact32,hist_gb
2023-09-18,0,0.56,0.18176375041753826,0.8300000000000003,0,compact32,hist_gb
2023-09-19,0,0.624,0.21929940958870678,0.8300000000000003,0,compact32,hist_gb
2023-09-20,0,0.864,0.4717876999468625,0.8300000000000003,0,compact32,hist_gb
2023-09-21,0,0.904,0.6749165869399983,0.8300000000000003,0,compact32,hist_gb
2023-09-22,0,0.624,0.2131922893718783,0.8300000000000003,0,compact32,hist_gb
2023-09-23,0,0.536,0.16922222901848585,0.8300000000000003,0,compact32,hist_gb
2023-09-24,0,0.464,0.1396939925904496,0.8300000000000003,0,compact32,hist_gb
2023-09-25,0,0.024,0.03844624118623917,0.8300000000000003,0,compact32,hist_gb
2023-09-26,0,0.856,0.4315555774406966,0.8300000000000003,0,compact32,hist_gb
2023-09-27,0,0.48,0.14868542926959294,0.8300000000000003,0,compact32,hist_gb
2023-09-28,0,0.176,0.07591230385461449,0.8300000000000003,0,compact32,hist_gb
2023-09-29,0,0.56,0.18168295154555417,0.8300000000000003,0,compact32,hist_gb
2023-09-30,0,0.56,0.18067038989133763,0.8300000000000003,0,compact32,hist_gb
2023-10-08,0,0.8248847926267281,0.32951864606888337,0.5800000000000001,1,compact32,hist_gb
2023-10-09,0,0.543778801843318,0.12676714942523362,0.5800000000000001,1,compact32,hist_gb
2023-10-10,0,0.8433179723502304,0.37864489260531575,0.5800000000000001,1,compact32,hist_gb
2023-10-11,0,0.8202764976958525,0.3212076316370327,0.5800000000000001,1,compact32,hist_gb
2023-10-12,0,0.9032258064516129,0.5321638992239295,0.5800000000000001,1,compact32,hist_gb
2023-10-13,1,0.7465437788018433,0.20778602145752462,0.5800000000000001,1,compact32,hist_gb
2023-10-14,1,0.7004608294930875,0.1803415641941182,0.5800000000000001,1,compact32,hist_gb
2023-10-15,0,0.19815668202764977,0.0453519787206384,0.5800000000000001,1,compact32,hist_gb
2023-10-16,1,0.2995391705069124,0.06039318664456632,0.5800000000000001,1,compact32,hist_gb
2023-10-17,1,0.5069124423963134,0.11775511453633583,0.5800000000000001,1,compact32,hist_gb
2023-10-18,0,0.511520737327189,0.11996263791221631,0.5800000000000001,1,compact32,hist_gb
2023-10-19,0,0.14746543778801843,0.032024521815134314,0.5800000000000001,1,compact32,hist_gb
2023-10-20,0,0.7788018433179723,0.2525770624303632,0.5800000000000001,1,compact32,hist_gb
2023-10-21,0,0.5990783410138248,0.1506736249152626,0.5800000000000001,1,compact32,hist_gb
2023-10-22,0,0.31797235023041476,0.06544806461312666,0.5800000000000001,1,compact32,hist_gb
2023-10-23,0,0.5944700460829493,0.14835580585312774,0.5800000000000001,1,compact32,hist_gb
2023-10-24,0,0.7926267281105991,0.2739864562053995,0.5800000000000001,1,compact32,hist_gb
2023-10-25,0,0.19815668202764977,0.04553601907615573,0.5800000000000001,1,compact32,hist_gb
2023-10-26,0,0.23963133640552994,0.052504634429908104,0.5800000000000001,1,compact32,hist_gb
2023-10-27,0,0.16589861751152074,0.03904068523955465,0.5800000000000001,1,compact32,hist_gb
2023-10-28,0,0.31797235023041476,0.0673782533367972,0.5800000000000001,1,compact32,hist_gb
2023-10-29,0,0.3870967741935484,0.0843403255363122,0.5800000000000001,1,compact32,hist_gb
2023-10-30,0,0.15207373271889402,0.035160574843460975,0.5800000000000001,1,compact32,hist_gb
2023-10-31,0,0.10599078341013825,0.02758360136713329,0.5800000000000001,1,compact32,hist_gb
2023-11-01,0,0.543778801843318,0.12693841068203027,0.5800000000000001,1,compact32,hist_gb
2023-11-02,0,0.3640552995391705,0.08050439788841711,0.5800000000000001,1,compact32,hist_gb
2023-11-03,0,0.5622119815668203,0.135682173315556,0.5800000000000001,1,compact32,hist_gb
2023-11-04,0,0.8202764976958525,0.31783560941157474,0.5800000000000001,1,compact32,hist_gb
2023-11-05,0,0.8202764976958525,0.31479897155900655,0.5800000000000001,1,compact32,hist_gb
2023-11-06,0,0.7926267281105991,0.2684434111452362,0.5800000000000001,1,compact32,hist_gb
2023-11-07,0,0.8571428571428571,0.400509407063875,0.5800000000000001,1,compact32,hist_gb
2023-11-08,0,0.7465437788018433,0.21087458936541859,0.5800000000000001,1,compact32,hist_gb
2023-11-09,1,0.9124423963133641,0.5773413651016756,0.5800000000000001,1,compact32,hist_gb
2023-11-10,1,0.5069124423963134,0.11965033149508544,0.5800000000000001,1,compact32,hist_gb
2023-11-11,0,0.8387096774193549,0.3506732863586406,0.5800000000000001,1,compact32,hist_gb
2023-11-12,0,0.5622119815668203,0.13278506686579314,0.5800000000000001,1,compact32,hist_gb
2023-11-13,1,0.8617511520737328,0.41845335830420394,0.5800000000000001,1,compact32,hist_gb
2023-11-14,1,0.8847926267281107,0.4829256404039641,0.5800000000000001,1,compact32,hist_gb
2023-11-15,0,0.5529953917050692,0.13018829436921583,0.5800000000000001,1,compact32,hist_gb
2023-11-16,0,0.31797235023041476,0.06759342911329175,0.5800000000000001,1,compact32,hist_gb
2023-11-17,0,0.027649769585253458,0.015136467321434671,0.5800000000000001,1,compact32,hist_gb
2023-11-18,0,0.7050691244239631,0.1891620729188875,0.5800000000000001,1,compact32,hist_gb
2023-11-19,0,0.1382488479262673,0.030871335393283586,0.5800000000000001,1,compact32,hist_gb
2023-11-20,0,0.7603686635944701,0.2179749961262642,0.5800000000000001,1,compact32,hist_gb
2023-11-21,0,0.2304147465437788,0.05211301378357569,0.5800000000000001,1,compact32,hist_gb
2023-11-22,0,0.7926267281105991,0.28211780560988164,0.5800000000000001,1,compact32,hist_gb
2023-11-23,0,0.5622119815668203,0.13365993097619178,0.5800000000000001,1,compact32,hist_gb
2023-11-24,0,0.9032258064516129,0.5120163935353244,0.5800000000000001,1,compact32,hist_gb
2023-11-25,0,0.2350230414746544,0.05217391105029134,0.5800000000000001,1,compact32,hist_gb
2023-11-26,0,0.7465437788018433,0.20605668952058556,0.5800000000000001,1,compact32,hist_gb
2023-11-27,0,0.30414746543778803,0.06197104792534364,0.5800000000000001,1,compact32,hist_gb
2023-11-28,0,0.45622119815668205,0.10672152189874055,0.5800000000000001,1,compact32,hist_gb
2023-11-29,0,0.2534562211981567,0.0555230544005258,0.5800000000000001,1,compact32,hist_gb
2023-11-30,0,0.7050691244239631,0.18818038318329267,0.5800000000000001,1,compact32,hist_gb
2023-12-01,0,0.7741935483870968,0.23441742623740763,0.5800000000000001,1,compact32,hist_gb
2023-12-02,0,0.7004608294930875,0.1802093264334571,0.5800000000000001,1,compact32,hist_gb
2023-12-03,0,0.9124423963133641,0.6729390530714398,0.5800000000000001,1,compact32,hist_gb
2023-12-04,0,0.9170506912442397,0.7944987761124852,0.5800000000000001,1,compact32,hist_gb
2023-12-05,0,0.9124423963133641,0.7591735536157567,0.5800000000000001,1,compact32,hist_gb
2023-12-06,0,0.9354838709677419,0.8600959939400673,0.5800000000000001,1,compact32,hist_gb
2023-12-07,1,0.9124423963133641,0.7485746349424449,0.5800000000000001,1,compact32,hist_gb
2023-12-08,0,0.9124423963133641,0.7755250807370767,0.5800000000000001,1,compact32,hist_gb
2023-12-09,0,0.9124423963133641,0.7872339501995895,0.5800000000000001,1,compact32,hist_gb
2023-12-10,1,0.7926267281105991,0.2763299454492037,0.5800000000000001,1,compact32,hist_gb
2023-12-11,1,0.9032258064516129,0.5207782183984345,0.5800000000000001,1,compact32,hist_gb
2023-12-12,1,0.7004608294930875,0.1775889412443379,0.5800000000000001,1,compact32,hist_gb
2023-12-13,1,0.695852534562212,0.17629452508420856,0.5800000000000001,1,compact32,hist_gb
2023-12-14,1,0.5898617511520737,0.14337832088020427,0.5800000000000001,1,compact32,hist_gb
2023-12-15,1,0.14746543778801843,0.03376269146313604,0.5800000000000001,1,compact32,hist_gb
2023-12-16,0,0.31797235023041476,0.06836021019380906,0.5800000000000001,1,compact32,hist_gb
2023-12-17,0,0.2304147465437788,0.05174429102383465,0.5800000000000001,1,compact32,hist_gb
2023-12-18,0,0.7142857142857143,0.19585577762322912,0.5800000000000001,1,compact32,hist_gb
2023-12-19,0,0.8110599078341014,0.29264699961242785,0.5800000000000001,1,compact32,hist_gb
2023-12-20,0,0.9124423963133641,0.6130745527367226,0.5800000000000001,1,compact32,hist_gb
2023-12-21,0,0.3824884792626728,0.08320079899968154,0.5800000000000001,1,compact32,hist_gb
2023-12-22,0,0.6405529953917051,0.16007492132693513,0.5800000000000001,1,compact32,hist_gb
2023-12-23,0,0.2626728110599078,0.05782276250565559,0.5800000000000001,1,compact32,hist_gb
2023-12-24,0,0.16129032258064516,0.03811049839371842,0.5800000000000001,1,compact32,hist_gb
2023-12-25,0,0.30414746543778803,0.061025879422185736,0.5800000000000001,1,compact32,hist_gb
2023-12-26,0,0.3640552995391705,0.0802948211335713,0.5800000000000001,1,compact32,hist_gb
2023-12-27,0,0.1935483870967742,0.04398036822862302,0.5800000000000001,1,compact32,hist_gb
2023-12-28,0,0.18433179723502305,0.04181882833941911,0.5800000000000001,1,compact32,hist_gb
2023-12-29,0,0.16589861751152074,0.038443027982849695,0.5800000000000001,1,compact32,hist_gb
2023-12-30,0,0.3087557603686636,0.06382326077159224,0.5800000000000001,1,compact32,hist_gb
2023-12-31,0,0.815668202764977,0.3049327872751486,0.5800000000000001,1,compact32,hist_gb
2024-01-08,0,0.8381877022653722,0.39542373412069914,0.7900000000000003,2,compact32,hist_gb
2024-01-09,0,0.889967637540453,0.7622499922405075,0.7900000000000003,2,compact32,hist_gb
2024-01-10,0,0.8867313915857605,0.5868271238104916,0.7900000000000003,2,compact32,hist_gb
2024-01-11,1,0.6925566343042071,0.2190688624009282,0.7900000000000003,2,compact32,hist_gb
2024-01-12,1,0.883495145631068,0.5472584172759491,0.7900000000000003,2,compact32,hist_gb
2024-01-13,1,0.8867313915857605,0.6022974096032185,0.7900000000000003,2,compact32,hist_gb
2024-01-14,1,0.8446601941747572,0.41447599915038597,0.7900000000000003,2,compact32,hist_gb
2024-01-15,1,0.8446601941747572,0.40775209678187124,0.7900000000000003,2,compact32,hist_gb
2024-01-16,0,0.7475728155339806,0.2619782593818747,0.7900000000000003,2,compact32,hist_gb
2024-01-17,1,0.889967637540453,0.7793290679157623,0.7900000000000003,2,compact32,hist_gb
2024-01-18,1,0.889967637540453,0.7380828839610762,0.7900000000000003,2,compact32,hist_gb
2024-01-19,1,0.7961165048543689,0.30575914790975095,0.7900000000000003,2,compact32,hist_gb
2024-01-20,0,0.6148867313915858,0.15876994994152743,0.7900000000000003,2,compact32,hist_gb
2024-01-21,0,0.025889967637540454,0.01489124480404077,0.7900000000000003,2,compact32,hist_gb
2024-01-22,0,0.032362459546925564,0.016581796366934985,0.7900000000000003,2,compact32,hist_gb
2024-01-23,0,0.11326860841423948,0.030045135685129277,0.7900000000000003,2,compact32,hist_gb
2024-01-24,0,0.09385113268608414,0.02779989279152512,0.7900000000000003,2,compact32,hist_gb
2024-01-25,0,0.7055016181229773,0.23471938481077317,0.7900000000000003,2,compact32,hist_gb
2024-01-26,0,0.05825242718446602,0.022802539385517104,0.7900000000000003,2,compact32,hist_gb
2024-01-27,0,0.2297734627831715,0.04486704163378034,0.7900000000000003,2,compact32,hist_gb
2024-01-28,0,0.2524271844660194,0.04999642480656395,0.7900000000000003,2,compact32,hist_gb
2024-01-29,0,0.42071197411003236,0.08955708002807428,0.7900000000000003,2,compact32,hist_gb
2024-01-30,1,0.4110032362459547,0.0836489303145917,0.7900000000000003,2,compact32,hist_gb
2024-01-31,0,0.48220064724919093,0.10830285250498466,0.7900000000000003,2,compact32,hist_gb
2024-02-01,0,0.3786407766990291,0.07225093046228254,0.7900000000000003,2,compact32,hist_gb
2024-02-02,0,0.0744336569579288,0.025032190220332477,0.7900000000000003,2,compact32,hist_gb
2024-02-03,0,0.0744336569579288,0.024541476841744698,0.7900000000000003,2,compact32,hist_gb
2024-02-04,0,0.889967637540453,0.6927175390540999,0.7900000000000003,2,compact32,hist_gb
2024-02-05,0,0.8867313915857605,0.6002477401812634,0.7900000000000003,2,compact32,hist_gb
2024-02-06,0,0.889967637540453,0.6350703295347644,0.7900000000000003,2,compact32,hist_gb
2024-02-07,0,0.8673139158576052,0.44869261469358673,0.7900000000000003,2,compact32,hist_gb
2024-02-08,0,0.889967637540453,0.7682488699508675,0.7900000000000003,2,compact32,hist_gb
2024-02-09,0,0.919093851132686,0.8453873718560543,0.7900000000000003,2,compact32,hist_gb
2024-02-10,0,0.889967637540453,0.7314727249474855,0.7900000000000003,2,compact32,hist_gb
2024-02-11,0,0.284789644012945,0.054010830425158925,0.7900000000000003,2,compact32,hist_gb
2024-02-12,0,0.5501618122977346,0.13415645609095975,0.7900000000000003,2,compact32,hist_gb
2024-02-13,0,0.7378640776699029,0.25078141723993774,0.7900000000000003,2,compact32,hist_gb
2024-02-14,0,0.1553398058252427,0.0355385853535388,0.7900000000000003,2,compact32,hist_gb
2024-02-15,0,0.012944983818770227,0.01201018146432613,0.7900000000000003,2,compact32,hist_gb
2024-02-16,0,0.4854368932038835,0.1096090218128106,0.7900000000000003,2,compact32,hist_gb
2024-02-17,0,0.2588996763754045,0.05065313675697128,0.7900000000000003,2,compact32,hist_gb
2024-02-18,0,0.31715210355987056,0.05920301493495843,0.7900000000000003,2,compact32,hist_gb
2024-02-19,0,0.284789644012945,0.05395471627588925,0.7900000000000003,2,compact32,hist_gb
2024-02-20,0,0.6699029126213593,0.19482239687032743,0.7900000000000003,2,compact32,hist_gb
2024-02-21,0,0.05501618122977346,0.022120794979356165,0.7900000000000003,2,compact32,hist_gb
2024-02-22,0,0.2750809061488673,0.05261030881033905,0.7900000000000003,2,compact32,hist_gb
2024-02-23,0,0.6343042071197411,0.16921656112678013,0.7900000000000003,2,compact32,hist_gb
2024-02-24,0,0.4110032362459547,0.08440444126463757,0.7900000000000003,2,compact32,hist_gb
2024-02-25,0,0.025889967637540454,0.01525366520545331,0.7900000000000003,2,compact32,hist_gb
2024-02-26,0,0.045307443365695796,0.017666150818707035,0.7900000000000003,2,compact32,hist_gb
2024-02-27,0,0.45307443365695793,0.10078061622897629,0.7900000000000003,2,compact32,hist_gb
2024-02-28,0,0.4045307443365696,0.08030097931182353,0.7900000000000003,2,compact32,hist_gb
2024-02-29,0,0.6148867313915858,0.15742021910619058,0.7900000000000003,2,compact32,hist_gb
2024-03-01,0,0.5533980582524272,0.1380378959986857,0.7900000000000003,2,compact32,hist_gb
2024-03-02,0,0.6990291262135923,0.22524222089037252,0.7900000000000003,2,compact32,hist_gb
2024-03-03,0,0.8802588996763754,0.5129505735976598,0.7900000000000003,2,compact32,hist_gb
2024-03-04,0,0.8673139158576052,0.4652227303227025,0.7900000000000003,2,compact32,hist_gb
2024-03-05,0,0.883495145631068,0.5256327026386081,0.7900000000000003,2,compact32,hist_gb
2024-03-06,0,0.6537216828478964,0.18274754137499624,0.7900000000000003,2,compact32,hist_gb
2024-03-07,0,0.8090614886731392,0.33158881846438804,0.7900000000000003,2,compact32,hist_gb
2024-03-08,0,0.883495145631068,0.5694415429144905,0.7900000000000003,2,compact32,hist_gb
2024-03-09,1,0.8381877022653722,0.3858184916062684,0.7900000000000003,2,compact32,hist_gb
2024-03-10,1,0.889967637540453,0.6131088159991009,0.7900000000000003,2,compact32,hist_gb
2024-03-11,1,0.9288025889967637,0.8581741637982369,0.7900000000000003,2,compact32,hist_gb
2024-03-12,1,0.8964401294498382,0.8254898302213896,0.7900000000000003,2,compact32,hist_gb
2024-03-13,1,0.889967637540453,0.6630102193877468,0.7900000000000003,2,compact32,hist_gb
2024-03-14,1,0.889967637540453,0.6350703295347644,0.7900000000000003,2,compact32,hist_gb
2024-03-15,1,0.598705501618123,0.15301545586165433,0.7900000000000003,2,compact32,hist_gb
2024-03-16,1,0.8867313915857605,0.5852192732609862,0.7900000000000003,2,compact32,hist_gb
2024-03-17,0,0.05825242718446602,0.023077114287917685,0.7900000000000003,2,compact32,hist_gb
2024-03-18,0,0.4886731391585761,0.11007475219014373,0.7900000000000003,2,compact32,hist_gb
2024-03-19,0,0.061488673139158574,0.023757712910075075,0.7900000000000003,2,compact32,hist_gb
2024-03-20,0,0.3268608414239482,0.059642685956297646,0.7900000000000003,2,compact32,hist_gb
2024-03-21,0,0.29449838187702265,0.05598686293504246,0.7900000000000003,2,compact32,hist_gb
2024-03-22,0,0.23624595469255663,0.046641569851445124,0.7900000000000003,2,compact32,hist_gb
2024-03-23,0,0.28802588996763756,0.05473133684579515,0.7900000000000003,2,compact32,hist_gb
2024-03-24,0,0.31715210355987056,0.05778524131553995,0.7900000000000003,2,compact32,hist_gb
2024-03-25,0,0.4110032362459547,0.08313684021041476,0.7900000000000003,2,compact32,hist_gb
2024-03-26,0,0.05825242718446602,0.022884521605685316,0.7900000000000003,2,compact32,hist_gb
2024-03-27,0,0.11650485436893204,0.030195537409068905,0.7900000000000003,2,compact32,hist_gb
2024-03-28,0,0.511326860841424,0.11664980055709143,0.7900000000000003,2,compact32,hist_gb
2024-03-29,0,0.05501618122977346,0.022669721729771126,0.7900000000000003,2,compact32,hist_gb
2024-03-30,0,0.19093851132686085,0.0389213664944217,0.7900000000000003,2,compact32,hist_gb
2024-03-31,0,0.05177993527508091,0.021001876993471214,0.7900000000000003,2,compact32,hist_gb
2024-04-08,0,0.91,0.8628345927115773,0.8600000000000003,3,compact32,hist_gb
2024-04-09,0,0.9275,0.8833291397332097,0.8600000000000003,3,compact32,hist_gb
2024-04-10,1,0.86,0.5743900975341889,0.8600000000000003,3,compact32,hist_gb
2024-04-11,1,0.915,0.8696250810638408,0.8600000000000003,3,compact32,hist_gb
2024-04-12,0,0.8775,0.7843655046692527,0.8600000000000003,3,compact32,hist_gb
2024-04-13,1,0.8775,0.7948456987490318,0.8600000000000003,3,compact32,hist_gb
2024-04-14,1,0.8975,0.8455001629431894,0.8600000000000003,3,compact32,hist_gb
2024-04-15,1,0.79,0.35675565008320337,0.8600000000000003,3,compact32,hist_gb
2024-04-16,1,0.42,0.07256925103574863,0.8600000000000003,3,compact32,hist_gb
2024-04-17,1,0.5025,0.09751348193533821,0.8600000000000003,3,compact32,hist_gb
2024-04-18,1,0.795,0.38420033620164473,0.8600000000000003,3,compact32,hist_gb
2024-04-19,1,0.5175,0.1069397363804886,0.8600000000000003,3,compact32,hist_gb
2024-04-20,1,0.3275,0.05207645239761744,0.8600000000000003,3,compact32,hist_gb
2024-04-21,0,0.0575,0.013353517283963738,0.8600000000000003,3,compact32,hist_gb
2024-04-22,0,0.1675,0.028437407960379954,0.8600000000000003,3,compact32,hist_gb
2024-04-23,0,0.455,0.08321979912469801,0.8600000000000003,3,compact32,hist_gb
2024-04-24,0,0.0925,0.018700979917659333,0.8600000000000003,3,compact32,hist_gb
2024-04-25,0,0.085,0.01768123076445033,0.8600000000000003,3,compact32,hist_gb
2024-04-26,0,0.3,0.047018007531162365,0.8600000000000003,3,compact32,hist_gb
2024-04-27,0,0.065,0.01475311833874358,0.8600000000000003,3,compact32,hist_gb
2024-04-28,0,0.45,0.08167889534093808,0.8600000000000003,3,compact32,hist_gb
2024-04-29,0,0.0225,0.009845212051474997,0.8600000000000003,3,compact32,hist_gb
2024-04-30,0,0.3025,0.04753570364739117,0.8600000000000003,3,compact32,hist_gb
2024-05-01,0,0.2375,0.03687589860245077,0.8600000000000003,3,compact32,hist_gb
2024-05-02,0,0.0225,0.00987283657298686,0.8600000000000003,3,compact32,hist_gb
2024-05-03,0,0.155,0.02721549145808855,0.8600000000000003,3,compact32,hist_gb
2024-05-04,0,0.405,0.06517432660851818,0.8600000000000003,3,compact32,hist_gb
2024-05-05,0,0.7725,0.32819164794132316,0.8600000000000003,3,compact32,hist_gb
2024-05-06,0,0.705,0.24381892661581014,0.8600000000000003,3,compact32,hist_gb
2024-05-07,0,0.635,0.16488142094765362,0.8600000000000003,3,compact32,hist_gb
2024-05-08,0,0.66,0.19878786716958294,0.8600000000000003,3,compact32,hist_gb
2024-05-09,0,0.23,0.03507146089771577,0.8600000000000003,3,compact32,hist_gb
2024-05-10,0,0.5575,0.12230897414049846,0.8600000000000003,3,compact32,hist_gb
2024-05-11,0,0.77,0.31932641105463566,0.8600000000000003,3,compact32,hist_gb
2024-05-12,0,0.8625,0.6761557965828324,0.8600000000000003,3,compact32,hist_gb
2024-05-13,0,0.585,0.13704721273533646,0.8600000000000003,3,compact32,hist_gb
2024-05-14,0,0.3225,0.05071464911142946,0.8600000000000003,3,compact32,hist_gb
2024-05-15,0,0.3275,0.052128243770411024,0.8600000000000003,3,compact32,hist_gb
2024-05-16,0,0.8375,0.4798042949649691,0.8600000000000003,3,compact32,hist_gb
2024-05-17,1,0.5975,0.14459311466371536,0.8600000000000003,3,compact32,hist_gb
2024-05-18,0,0.86,0.6011416967973072,0.8600000000000003,3,compact32,hist_gb
2024-05-19,0,0.5025,0.09789465523699463,0.8600000000000003,3,compact32,hist_gb
2024-05-20,0,0.5225,0.11177055191740912,0.8600000000000003,3,compact32,hist_gb
2024-05-21,0,0.6,0.1459078841506931,0.8600000000000003,3,compact32,hist_gb
2024-05-22,0,0.6525,0.17932226385445899,0.8600000000000003,3,compact32,hist_gb
2024-05-23,0,0.865,0.7538035021846431,0.8600000000000003,3,compact32,hist_gb
2024-05-24,0,0.655,0.1943072923614587,0.8600000000000003,3,compact32,hist_gb
2024-05-25,0,0.465,0.08748609915975927,0.8600000000000003,3,compact32,hist_gb
2024-05-26,0,0.1175,0.021868238280291392,0.8600000000000003,3,compact32,hist_gb
2024-05-27,0,0.425,0.07494306908901002,0.8600000000000003,3,compact32,hist_gb
2024-05-28,0,0.465,0.0879029200269766,0.8600000000000003,3,compact32,hist_gb
2024-05-29,0,0.3025,0.04739124932725137,0.8600000000000003,3,compact32,hist_gb
2024-05-30,0,0.405,0.0657192455452747,0.8600000000000003,3,compact32,hist_gb
2024-05-31,0,0.635,0.1643135497158587,0.8600000000000003,3,compact32,hist_gb
2024-06-01,0,0.5025,0.0985106115689291,0.8600000000000003,3,compact32,hist_gb
2024-06-02,0,0.885,0.8243911586846738,0.8600000000000003,3,compact32,hist_gb
2024-06-03,0,0.9875,0.9315543483635554,0.8600000000000003,3,compact32,hist_gb
2024-06-04,0,0.855,0.5546052916550719,0.8600000000000003,3,compact32,hist_gb
2024-06-05,0,0.8,0.3930907330530492,0.8600000000000003,3,compact32,hist_gb
2024-06-06,0,0.775,0.329517906001884,0.8600000000000003,3,compact32,hist_gb
2024-06-07,0,0.83,0.46917129076551356,0.8600000000000003,3,compact32,hist_gb
2024-06-08,0,0.8075,0.394164444862838,0.8600000000000003,3,compact32,hist_gb
2024-06-09,0,0.515,0.1048475496589358,0.8600000000000003,3,compact32,hist_gb
2024-06-10,0,0.115,0.021659306879777112,0.8600000000000003,3,compact32,hist_gb
2024-06-11,0,0.59,0.14133685364026066,0.8600000000000003,3,compact32,hist_gb
2024-06-12,0,0.07,0.015548831428765307,0.8600000000000003,3,compact32,hist_gb
2024-06-13,0,0.39,0.061117204716076214,0.8600000000000003,3,compact32,hist_gb
2024-06-14,1,0.2575,0.03994901968053144,0.8600000000000003,3,compact32,hist_gb
2024-06-15,1,0.4525,0.0818799328475449,0.8600000000000003,3,compact32,hist_gb
2024-06-16,1,0.885,0.8206951384440856,0.8600000000000003,3,compact32,hist_gb
2024-06-17,1,0.8075,0.40986589068703044,0.8600000000000003,3,compact32,hist_gb
2024-06-18,1,0.8625,0.6621961487338979,0.8600000000000003,3,compact32,hist_gb
2024-06-19,1,0.82,0.4397922175263558,0.8600000000000003,3,compact32,hist_gb
2024-06-20,1,0.6975,0.22939568607853764,0.8600000000000003,3,compact32,hist_gb
2024-06-21,1,0.8425,0.48903021692628207,0.8600000000000003,3,compact32,hist_gb
2024-06-22,0,0.8,0.3858261936711725,0.8600000000000003,3,compact32,hist_gb
2024-06-23,0,0.03,0.011106279165344695,0.8600000000000003,3,compact32,hist_gb
2024-06-24,0,0.2375,0.03726347980386515,0.8600000000000003,3,compact32,hist_gb
2024-06-25,0,0.4075,0.06778460675619541,0.8600000000000003,3,compact32,hist_gb
2024-06-26,0,0.1725,0.029424286032817427,0.8600000000000003,3,compact32,hist_gb
2024-06-27,0,0.0875,0.018270421691346225,0.8600000000000003,3,compact32,hist_gb
2024-06-28,0,0.575,0.13322895255859432,0.8600000000000003,3,compact32,hist_gb
2024-06-29,0,0.3975,0.062279389143805645,0.8600000000000003,3,compact32,hist_gb
2024-06-30,0,0.025,0.010244474000152232,0.8600000000000003,3,compact32,hist_gb
2024-07-08,0,0.8167006109979633,0.5195587406795374,0.7000000000000002,4,compact32,hist_gb
2024-07-09,0,0.8370672097759674,0.652530466431288,0.7000000000000002,4,compact32,hist_gb
2024-07-10,0,0.7209775967413442,0.26645055128828876,0.7000000000000002,4,compact32,hist_gb
2024-07-11,0,0.8207739307535642,0.5384711161092027,0.7000000000000002,4,compact32,hist_gb
2024-07-12,0,0.8024439918533605,0.45778004597559013,0.7000000000000002,4,compact32,hist_gb
2024-07-13,0,0.4908350305498982,0.1228434419782269,0.7000000000000002,4,compact32,hist_gb
2024-07-14,1,0.845213849287169,0.7426578863136147,0.7000000000000002,4,compact32,hist_gb
2024-07-15,1,0.7841140529531568,0.4123308756727353,0.7000000000000002,4,compact32,hist_gb
2024-07-16,0,0.8370672097759674,0.6175688653070672,0.7000000000000002,4,compact32,hist_gb
2024-07-17,1,0.4684317718940937,0.11201095789435124,0.7000000000000002,4,compact32,hist_gb
2024-07-18,1,0.25865580448065173,0.046958201895155816,0.7000000000000002,4,compact32,hist_gb
2024-07-19,0,0.6924643584521385,0.2352235548911915,0.7000000000000002,4,compact32,hist_gb
2024-07-20,0,0.8044806517311609,0.4626695272746129,0.7000000000000002,4,compact32,hist_gb
2024-07-21,0,0.1710794297352342,0.032284045987983574,0.7000000000000002,4,compact32,hist_gb
2024-07-22,0,0.07128309572301425,0.01843087983009975,0.7000000000000002,4,compact32,hist_gb
2024-07-23,0,0.29938900203665986,0.050965814445995225,0.7000000000000002,4,compact32,hist_gb
2024-07-24,0,0.10386965376782077,0.022160750040093533,0.7000000000000002,4,compact32,hist_gb
2024-07-25,0,0.059063136456211814,0.017042718931067777,0.7000000000000002,4,compact32,hist_gb
2024-07-26,0,0.40325865580448067,0.08057700642628943,0.7000000000000002,4,compact32,hist_gb
2024-07-27,0,0.23828920570264767,0.04400615897330545,0.7000000000000002,4,compact32,hist_gb
2024-07-28,0,0.04073319755600815,0.014936426355915695,0.7000000000000002,4,compact32,hist_gb
2024-07-29,0,0.24032586558044808,0.04429857207116871,0.7000000000000002,4,compact32,hist_gb
2024-07-30,0,0.42362525458248473,0.09107362294119008,0.7000000000000002,4,compact32,hist_gb
2024-07-31,0,0.38085539714867617,0.07285490258937342,0.7000000000000002,4,compact32,hist_gb
2024-08-01,0,0.42769857433808556,0.09434786406078519,0.7000000000000002,4,compact32,hist_gb
2024-08-02,0,0.46435845213849286,0.11001125155671264,0.7000000000000002,4,compact32,hist_gb
2024-08-03,0,0.29938900203665986,0.05331834572159545,0.7000000000000002,4,compact32,hist_gb
2024-08-04,0,0.7617107942973523,0.3586705792580358,0.7000000000000002,4,compact32,hist_gb
2024-08-05,0,0.7209775967413442,0.2679005323739334,0.7000000000000002,4,compact32,hist_gb
2024-08-06,0,0.40325865580448067,0.08008837814436616,0.7000000000000002,4,compact32,hist_gb
2024-08-07,0,0.6456211812627292,0.1937701788569337,0.7000000000000002,4,compact32,hist_gb
2024-08-08,0,0.4623217922606925,0.10636481507974992,0.7000000000000002,4,compact32,hist_gb
2024-08-09,0,0.6741344195519349,0.22294331779693172,0.7000000000000002,4,compact32,hist_gb
2024-08-10,0,0.7739307535641547,0.38368209499824774,0.7000000000000002,4,compact32,hist_gb
2024-08-11,0,0.7291242362525459,0.28696415294574634,0.7000000000000002,4,compact32,hist_gb
2024-08-12,0,0.7556008146639511,0.3430584229137607,0.7000000000000002,4,compact32,hist_gb
2024-08-13,0,0.8065173116089613,0.48483215383707545,0.7000000000000002,4,compact32,hist_gb
2024-08-14,1,0.7209775967413442,0.270271397230941,0.7000000000000002,4,compact32,hist_gb
2024-08-15,0,0.6883910386965377,0.23077087542528169,0.7000000000000002,4,compact32,hist_gb
2024-08-16,0,0.3869653767820774,0.07513228218615298,0.7000000000000002,4,compact32,hist_gb
2024-08-17,0,0.6517311608961304,0.19814942589371765,0.7000000000000002,4,compact32,hist_gb
2024-08-18,0,0.8228105906313645,0.5596733104797769,0.7000000000000002,4,compact32,hist_gb
2024-08-19,0,0.8737270875763747,0.8052486467593941,0.7000000000000002,4,compact32,hist_gb
2023-07-08,0,0.76,0.2849525511264801,0.8900000000000003,0,compact32,xgb
2023-07-09,0,0.76,0.28072553873062134,0.8900000000000003,0,compact32,xgb
2023-07-10,0,0.28,0.09822063893079758,0.8900000000000003,0,compact32,xgb
2023-07-11,0,0.616,0.20423747599124908,0.8900000000000003,0,compact32,xgb
2023-07-12,0,0.632,0.21360376477241516,0.8900000000000003,0,compact32,xgb
2023-07-13,1,0.672,0.2290809005498886,0.8900000000000003,0,compact32,xgb
2023-07-14,1,0.88,0.5358179211616516,0.8900000000000003,0,compact32,xgb
2023-07-15,0,0.4,0.12572316825389862,0.8900000000000003,0,compact32,xgb
2023-07-16,0,0.344,0.11220315843820572,0.8900000000000003,0,compact32,xgb
2023-07-17,0,0.4,0.12433211505413055,0.8900000000000003,0,compact32,xgb
2023-07-18,0,0.72,0.24214757978916168,0.8900000000000003,0,compact32,xgb
2023-07-19,0,0.616,0.20440611243247986,0.8900000000000003,0,compact32,xgb
2023-07-20,0,0.872,0.49285411834716797,0.8900000000000003,0,compact32,xgb
2023-07-21,0,0.672,0.23042918741703033,0.8900000000000003,0,compact32,xgb
2023-07-22,0,0.12,0.06708993017673492,0.8900000000000003,0,compact32,xgb
2023-07-23,0,0.416,0.1354253888130188,0.8900000000000003,0,compact32,xgb
2023-07-24,0,0.072,0.05780154466629028,0.8900000000000003,0,compact32,xgb
2023-07-25,0,0.24,0.096440389752388,0.8900000000000003,0,compact32,xgb
2023-07-26,0,0.232,0.09289820492267609,0.8900000000000003,0,compact32,xgb
2023-07-27,0,0.128,0.07300509512424469,0.8900000000000003,0,compact32,xgb
2023-07-28,0,0.456,0.1452062577009201,0.8900000000000003,0,compact32,xgb
2023-07-29,0,0.096,0.06463509052991867,0.8900000000000003,0,compact32,xgb
2023-07-30,0,0.0,0.03824235871434212,0.8900000000000003,0,compact32,xgb
2023-07-31,0,0.616,0.20678211748600006,0.8900000000000003,0,compact32,xgb
2023-08-01,0,0.496,0.1513989269733429,0.8900000000000003,0,compact32,xgb
2023-08-02,0,0.656,0.22226734459400177,0.8900000000000003,0,compact32,xgb
2023-08-03,0,0.552,0.16428720951080322,0.8900000000000003,0,compact32,xgb
2023-08-04,0,0.8,0.32983657717704773,0.8900000000000003,0,compact32,xgb
2023-08-05,0,0.752,0.2670329809188843,0.8900000000000003,0,compact32,xgb
2023-08-06,0,0.888,0.5782605409622192,0.8900000000000003,0,compact32,xgb
2023-08-07,0,0.848,0.410094678401947,0.8900000000000003,0,compact32,xgb
2023-08-08,0,0.616,0.2110784947872162,0.8900000000000003,0,compact32,xgb
2023-08-09,0,0.4,0.13023719191551208,0.8900000000000003,0,compact32,xgb
2023-08-10,0,0.776,0.307344526052475,0.8900000000000003,0,compact32,xgb
2023-08-11,0,0.704,0.23303279280662537,0.8900000000000003,0,compact32,xgb
2023-08-12,0,0.88,0.5527052879333496,0.8900000000000003,0,compact32,xgb
2023-08-13,0,0.168,0.08142993599176407,0.8900000000000003,0,compact32,xgb
2023-08-14,0,0.36,0.11780010908842087,0.8900000000000003,0,compact32,xgb
2023-08-15,0,0.576,0.17828573286533356,0.8900000000000003,0,compact32,xgb
2023-08-16,0,0.36,0.11435229331254959,0.8900000000000003,0,compact32,xgb
2023-08-17,0,0.824,0.37393173575401306,0.8900000000000003,0,compact32,xgb
2023-08-18,1,0.496,0.15159985423088074,0.8900000000000003,0,compact32,xgb
2023-08-19,0,0.296,0.10476641356945038,0.8900000000000003,0,compact32,xgb
2023-08-20,0,0.88,0.5345120429992676,0.8900000000000003,0,compact32,xgb
2023-08-21,0,0.776,0.3124141991138458,0.8900000000000003,0,compact32,xgb
2023-08-22,0,0.864,0.4378146827220917,0.8900000000000003,0,compact32,xgb
2023-08-23,0,0.864,0.4411288797855377,0.8900000000000003,0,compact32,xgb
2023-08-24,0,0.904,0.6367422342300415,0.8900000000000003,0,compact32,xgb
2023-08-25,0,0.128,0.07309839874505997,0.8900000000000003,0,compact32,xgb
2023-08-26,0,0.776,0.30412501096725464,0.8900000000000003,0,compact32,xgb
2023-08-27,0,0.768,0.29373064637184143,0.8900000000000003,0,compact32,xgb
2023-08-28,0,0.16,0.07942139357328415,0.8900000000000003,0,compact32,xgb
2023-08-29,0,0.072,0.05591937527060509,0.8900000000000003,0,compact32,xgb
2023-08-30,0,0.4,0.1297268122434616,0.8900000000000003,0,compact32,xgb
2023-08-31,0,0.288,0.10116659849882126,0.8900000000000003,0,compact32,xgb
2023-09-01,0,0.864,0.45765483379364014,0.8900000000000003,0,compact32,xgb
2023-09-02,0,0.616,0.19910956919193268,0.8900000000000003,0,compact32,xgb
2023-09-03,0,0.92,0.716884970664978,0.8900000000000003,0,compact32,xgb
2023-09-04,0,0.672,0.22802960872650146,0.8900000000000003,0,compact32,xgb
2023-09-05,1,0.752,0.269179105758667,0.8900000000000003,0,compact32,xgb
2023-09-06,1,0.32,0.10986074805259705,0.8900000000000003,0,compact32,xgb
2023-09-07,1,0.816,0.35716065764427185,0.8900000000000003,0,compact32,xgb
2023-09-08,1,0.856,0.42324766516685486,0.8900000000000003,0,compact32,xgb
2023-09-09,0,0.824,0.3707196116447449,0.8900000000000003,0,compact32,xgb
2023-09-10,0,0.232,0.09324154257774353,0.8900000000000003,0,compact32,xgb
2023-09-11,0,0.128,0.07318177819252014,0.8900000000000003,0,compact32,xgb
2023-09-12,0,0.864,0.48323747515678406,0.8900000000000003,0,compact32,xgb
2023-09-13,0,0.128,0.07546556740999222,0.8900000000000003,0,compact32,xgb
2023-09-14,0,0.288,0.10005206614732742,0.8900000000000003,0,compact32,xgb
2023-09-15,0,0.032,0.04971172660589218,0.8900000000000003,0,compact32,xgb
2023-09-16,0,0.384,0.12074317783117294,0.8900000000000003,0,compact32,xgb
2023-09-17,0,0.4,0.12693198025226593,0.8900000000000003,0,compact32,xgb
2023-09-18,0,0.328,0.11033128947019577,0.8900000000000003,0,compact32,xgb
2023-09-19,0,0.752,0.2583044469356537,0.8900000000000003,0,compact32,xgb
2023-09-20,0,0.848,0.4064663052558899,0.8900000000000003,0,compact32,xgb
2023-09-21,0,0.904,0.6300861239433289,0.8900000000000003,0,compact32,xgb
2023-09-22,0,0.576,0.18942421674728394,0.8900000000000003,0,compact32,xgb
2023-09-23,0,0.72,0.24041032791137695,0.8900000000000003,0,compact32,xgb
2023-09-24,0,0.048,0.05392219498753548,0.8900000000000003,0,compact32,xgb
2023-09-25,0,0.024,0.0453629344701767,0.8900000000000003,0,compact32,xgb
2023-09-26,0,0.904,0.627933144569397,0.8900000000000003,0,compact32,xgb
2023-09-27,0,0.496,0.15120422840118408,0.8900000000000003,0,compact32,xgb
2023-09-28,0,0.4,0.13077914714813232,0.8900000000000003,0,compact32,xgb
2023-09-29,0,0.752,0.26214709877967834,0.8900000000000003,0,compact32,xgb
2023-09-30,0,0.448,0.1431870311498642,0.8900000000000003,0,compact32,xgb
2023-10-08,0,0.8433179723502304,0.38942041993141174,0.8000000000000003,1,compact32,xgb
2023-10-09,0,0.7511520737327189,0.2855673134326935,0.8000000000000003,1,compact32,xgb
2023-10-10,0,0.8709677419354839,0.46872010827064514,0.8000000000000003,1,compact32,xgb
2023-10-11,0,0.8571428571428571,0.4325469434261322,0.8000000000000003,1,compact32,xgb
2023-10-12,0,0.783410138248848,0.3133518099784851,0.8000000000000003,1,compact32,xgb
2023-10-13,1,0.7096774193548387,0.2589614987373352,0.8000000000000003,1,compact32,xgb
2023-10-14,1,0.5990783410138248,0.1775367558002472,0.8000000000000003,1,compact32,xgb
2023-10-15,0,0.783410138248848,0.3114267885684967,0.8000000000000003,1,compact32,xgb
2023-10-16,1,0.8525345622119815,0.4216860830783844,0.8000000000000003,1,compact32,xgb
2023-10-17,1,0.8525345622119815,0.41652339696884155,0.8000000000000003,1,compact32,xgb
2023-10-18,0,0.6820276497695853,0.22727176547050476,0.8000000000000003,1,compact32,xgb
2023-10-19,0,0.6129032258064516,0.19532623887062073,0.8000000000000003,1,compact32,xgb
2023-10-20,0,0.8064516129032258,0.345663458108902,0.8000000000000003,1,compact32,xgb
2023-10-21,0,0.847926267281106,0.40270206332206726,0.8000000000000003,1,compact32,xgb
2023-10-22,0,0.09216589861751152,0.025684593245387077,0.8000000000000003,1,compact32,xgb
2023-10-23,0,0.24423963133640553,0.05906806141138077,0.8000000000000003,1,compact32,xgb
2023-10-24,0,0.4377880184331797,0.10501279681921005,0.8000000000000003,1,compact32,xgb
2023-10-25,0,0.34101382488479265,0.07971328496932983,0.8000000000000003,1,compact32,xgb
2023-10-26,0,0.10599078341013825,0.027567462995648384,0.8000000000000003,1,compact32,xgb
2023-10-27,0,0.2857142857142857,0.06442173570394516,0.8000000000000003,1,compact32,xgb
2023-10-28,0,0.23963133640552994,0.057631880044937134,0.8000000000000003,1,compact32,xgb
2023-10-29,0,0.5529953917050692,0.14512157440185547,0.8000000000000003,1,compact32,xgb
2023-10-30,0,0.2534562211981567,0.06047559902071953,0.8000000000000003,1,compact32,xgb
2023-10-31,0,0.4423963133640553,0.1057947501540184,0.8000000000000003,1,compact32,xgb
2023-11-01,0,0.847926267281106,0.4004625082015991,0.8000000000000003,1,compact32,xgb
2023-11-02,0,0.7511520737327189,0.2891136407852173,0.8000000000000003,1,compact32,xgb
2023-11-03,0,0.8709677419354839,0.47431108355522156,0.8000000000000003,1,compact32,xgb
2023-11-04,0,0.8525345622119815,0.4188937246799469,0.8000000000000003,1,compact32,xgb
2023-11-05,0,0.8940092165898618,0.5787543654441833,0.8000000000000003,1,compact32,xgb
2023-11-06,0,0.8940092165898618,0.5535415410995483,0.8000000000000003,1,compact32,xgb
2023-11-07,0,0.9078341013824884,0.7030349373817444,0.8000000000000003,1,compact32,xgb
2023-11-08,0,0.8709677419354839,0.4776883125305176,0.8000000000000003,1,compact32,xgb
2023-11-09,1,0.9723502304147466,0.8726605772972107,0.8000000000000003,1,compact32,xgb
2023-11-10,1,0.8940092165898618,0.5569981336593628,0.8000000000000003,1,compact32,xgb
2023-11-11,0,0.9078341013824884,0.6993980407714844,0.8000000000000003,1,compact32,xgb
2023-11-12,0,0.5622119815668203,0.15484057366847992,0.8000000000000003,1,compact32,xgb
2023-11-13,1,0.8940092165898618,0.6051380634307861,0.8000000000000003,1,compact32,xgb
2023-11-14,1,0.8755760368663594,0.5019761323928833,0.8000000000000003,1,compact32,xgb
2023-11-15,0,0.5161290322580645,0.12993298470973969,0.8000000000000003,1,compact32,xgb
2023-11-16,0,0.34101382488479265,0.08233995735645294,0.8000000000000003,1,compact32,xgb
2023-11-17,0,0.041474654377880185,0.017758293077349663,0.8000000000000003,1,compact32,xgb
2023-11-18,0,0.5622119815668203,0.1502627730369568,0.8000000000000003,1,compact32,xgb
2023-11-19,0,0.14746543778801843,0.0367133691906929,0.8000000000000003,1,compact32,xgb
2023-11-20,0,0.391705069124424,0.09361300617456436,0.8000000000000003,1,compact32,xgb
2023-11-21,0,0.17972350230414746,0.04159215837717056,0.8000000000000003,1,compact32,xgb
2023-11-22,0,0.4930875576036866,0.12175952643156052,0.8000000000000003,1,compact32,xgb
2023-11-23,0,0.3317972350230415,0.07772213220596313,0.8000000000000003,1,compact32,xgb
2023-11-24,0,0.6036866359447005,0.18623711168766022,0.8000000000000003,1,compact32,xgb
2023-11-25,0,0.15207373271889402,0.03905792906880379,0.8000000000000003,1,compact32,xgb
2023-11-26,0,0.5714285714285714,0.15794092416763306,0.8000000000000003,1,compact32,xgb
2023-11-27,0,0.2672811059907834,0.06310512125492096,0.8000000000000003,1,compact32,xgb
2023-11-28,0,0.2995391705069124,0.06639019399881363,0.8000000000000003,1,compact32,xgb
2023-11-29,0,0.5714285714285714,0.15557195246219635,0.8000000000000003,1,compact32,xgb
2023-11-30,0,0.8341013824884793,0.36471089720726013,0.8000000000000003,1,compact32,xgb
2023-12-01,0,0.7695852534562212,0.30498480796813965,0.8000000000000003,1,compact32,xgb
2023-12-02,0,0.8341013824884793,0.3588310182094574,0.8000000000000003,1,compact32,xgb
2023-12-03,0,0.9354838709677419,0.7821230888366699,0.8000000000000003,1,compact32,xgb
2023-12-04,0,0.9539170506912442,0.8300619125366211,0.8000000000000003,1,compact32,xgb
2023-12-05,0,0.9032258064516129,0.665705680847168,0.8000000000000003,1,compact32,xgb
2023-12-06,0,0.967741935483871,0.8678988814353943,0.8000000000000003,1,compact32,xgb
2023-12-07,1,0.9032258064516129,0.6415412425994873,0.8000000000000003,1,compact32,xgb
2023-12-08,0,0.9953917050691244,0.8998762965202332,0.8000000000000003,1,compact32,xgb
2023-12-09,0,0.9631336405529954,0.8531255125999451,0.8000000000000003,1,compact32,xgb
2023-12-10,1,0.8341013824884793,0.37162163853645325,0.8000000000000003,1,compact32,xgb
2023-12-11,1,0.8571428571428571,0.4388328194618225,0.8000000000000003,1,compact32,xgb
2023-12-12,1,0.695852534562212,0.24170511960983276,0.8000000000000003,1,compact32,xgb
2023-12-13,1,0.663594470046083,0.21288634836673737,0.8000000000000003,1,compact32,xgb
2023-12-14,1,0.8341013824884793,0.3701282739639282,0.8000000000000003,1,compact32,xgb
2023-12-15,1,0.33640552995391704,0.07957586646080017,0.8000000000000003,1,compact32,xgb
2023-12-16,0,0.2119815668202765,0.05219169706106186,0.8000000000000003,1,compact32,xgb
2023-12-17,0,0.39631336405529954,0.09758792072534561,0.8000000000000003,1,compact32,xgb
2023-12-18,0,0.8433179723502304,0.39732450246810913,0.8000000000000003,1,compact32,xgb
2023-12-19,0,0.7096774193548387,0.26207929849624634,0.8000000000000003,1,compact32,xgb
2023-12-20,0,0.8986175115207373,0.6348673105239868,0.8000000000000003,1,compact32,xgb
2023-12-21,0,0.5299539170506913,0.1359880417585373,0.8000000000000003,1,compact32,xgb
2023-12-22,0,0.7649769585253456,0.29862263798713684,0.8000000000000003,1,compact32,xgb
2023-12-23,0,0.5161290322580645,0.13025309145450592,0.8000000000000003,1,compact32,xgb
2023-12-24,0,0.14746543778801843,0.036802344024181366,0.8000000000000003,1,compact32,xgb
2023-12-25,0,0.21658986175115208,0.05286130681633949,0.8000000000000003,1,compact32,xgb
2023-12-26,0,0.21658986175115208,0.05278473719954491,0.8000000000000003,1,compact32,xgb
2023-12-27,0,0.21658986175115208,0.05305367708206177,0.8000000000000003,1,compact32,xgb
2023-12-28,0,0.2995391705069124,0.06721991300582886,0.8000000000000003,1,compact32,xgb
2023-12-29,0,0.3640552995391705,0.08837059885263443,0.8000000000000003,1,compact32,xgb
2023-12-30,0,0.34101382488479265,0.08257348835468292,0.8000000000000003,1,compact32,xgb
2023-12-31,0,0.7142857142857143,0.26746657490730286,0.8000000000000003,1,compact32,xgb
2024-01-08,0,0.8705501618122977,0.6425107717514038,0.7200000000000002,2,compact32,xgb
2024-01-09,0,0.948220064724919,0.8295862078666687,0.7200000000000002,2,compact32,xgb
2024-01-10,0,0.8543689320388349,0.5835378170013428,0.7200000000000002,2,compact32,xgb
2024-01-11,1,0.7249190938511327,0.3493472635746002,0.7200000000000002,2,compact32,xgb
2024-01-12,1,0.8737864077669902,0.6489365100860596,0.7200000000000002,2,compact32,xgb
2024-01-13,1,0.8770226537216829,0.657180905342102,0.7200000000000002,2,compact32,xgb
2024-01-14,1,0.7022653721682848,0.3175227642059326,0.7200000000000002,2,compact32,xgb
2024-01-15,1,0.8058252427184466,0.4514230191707611,0.7200000000000002,2,compact32,xgb
2024-01-16,0,0.8025889967637541,0.4398699104785919,0.7200000000000002,2,compact32,xgb
2024-01-17,1,0.9061488673139159,0.7479438781738281,0.7200000000000002,2,compact32,xgb
2024-01-18,1,0.8770226537216829,0.6593798398971558,0.7200000000000002,2,compact32,xgb
2024-01-19,1,0.6699029126213593,0.2727360725402832,0.7200000000000002,2,compact32,xgb
2024-01-20,0,0.31715210355987056,0.08740291744470596,0.7200000000000002,2,compact32,xgb
2024-01-21,0,0.019417475728155338,0.016356391832232475,0.7200000000000002,2,compact32,xgb
2024-01-22,0,0.032362459546925564,0.01942061074078083,0.7200000000000002,2,compact32,xgb
2024-01-23,0,0.061488673139158574,0.025838682428002357,0.7200000000000002,2,compact32,xgb
2024-01-24,0,0.06796116504854369,0.02777736820280552,0.7200000000000002,2,compact32,xgb
2024-01-25,0,0.6796116504854369,0.2849491238594055,0.7200000000000002,2,compact32,xgb
2024-01-26,0,0.05177993527508091,0.02399740181863308,0.7200000000000002,2,compact32,xgb
2024-01-27,0,0.15210355987055016,0.04876115545630455,0.7200000000000002,2,compact32,xgb
2024-01-28,0,0.12297734627831715,0.04051627218723297,0.7200000000000002,2,compact32,xgb
2024-01-29,0,0.5048543689320388,0.1625533252954483,0.7200000000000002,2,compact32,xgb
2024-01-30,1,0.2783171521035599,0.06932789087295532,0.7200000000000002,2,compact32,xgb
2024-01-31,0,0.48220064724919093,0.14968225359916687,0.7200000000000002,2,compact32,xgb
2024-02-01,0,0.06472491909385113,0.027130642905831337,0.7200000000000002,2,compact32,xgb
2024-02-02,0,0.10355987055016182,0.035658564418554306,0.7200000000000002,2,compact32,xgb
2024-02-03,0,0.2297734627831715,0.058480001986026764,0.7200000000000002,2,compact32,xgb
2024-02-04,0,0.889967637540453,0.6981633305549622,0.7200000000000002,2,compact32,xgb
2024-02-05,0,0.8220064724919094,0.4835313856601715,0.7200000000000002,2,compact32,xgb
2024-02-06,0,0.912621359223301,0.7516267895698547,0.7200000000000002,2,compact32,xgb
2024-02-07,0,0.6957928802588996,0.30867671966552734,0.7200000000000002,2,compact32,xgb
2024-02-08,0,0.8543689320388349,0.5578572154045105,0.7200000000000002,2,compact32,xgb
2024-02-09,0,0.9385113268608414,0.810147762298584,0.7200000000000002,2,compact32,xgb
2024-02-10,0,0.9223300970873787,0.7648413181304932,0.7200000000000002,2,compact32,xgb
2024-02-11,0,0.47896440129449835,0.1413382738828659,0.7200000000000002,2,compact32,xgb
2024-02-12,0,0.37540453074433655,0.11441271007061005,0.7200000000000002,2,compact32,xgb
2024-02-13,0,0.35275080906148865,0.10233236104249954,0.7200000000000002,2,compact32,xgb
2024-02-14,0,0.284789644012945,0.07145437598228455,0.7200000000000002,2,compact32,xgb
2024-02-15,0,0.10355987055016182,0.03492245450615883,0.7200000000000002,2,compact32,xgb
2024-02-16,0,0.3268608414239482,0.09332643449306488,0.7200000000000002,2,compact32,xgb
2024-02-17,0,0.32362459546925565,0.09095102548599243,0.7200000000000002,2,compact32,xgb
2024-02-18,0,0.12944983818770225,0.04226107522845268,0.7200000000000002,2,compact32,xgb
2024-02-19,0,0.21035598705501618,0.05383400246500969,0.7200000000000002,2,compact32,xgb
2024-02-20,0,0.5954692556634305,0.22913338243961334,0.7200000000000002,2,compact32,xgb
2024-02-21,0,0.20388349514563106,0.05212925001978874,0.7200000000000002,2,compact32,xgb
2024-02-22,0,0.35275080906148865,0.10265693068504333,0.7200000000000002,2,compact32,xgb
2024-02-23,0,0.6601941747572816,0.2625919580459595,0.7200000000000002,2,compact32,xgb
2024-02-24,0,0.3365695792880259,0.09775900840759277,0.7200000000000002,2,compact32,xgb
2024-02-25,0,0.10355987055016182,0.03498068451881409,0.7200000000000002,2,compact32,xgb
2024-02-26,0,0.045307443365695796,0.023600667715072632,0.7200000000000002,2,compact32,xgb
2024-02-27,0,0.32362459546925565,0.09089663624763489,0.7200000000000002,2,compact32,xgb
2024-02-28,0,0.32038834951456313,0.08803298324346542,0.7200000000000002,2,compact32,xgb
2024-02-29,0,0.6763754045307443,0.27892404794692993,0.7200000000000002,2,compact32,xgb
2024-03-01,0,0.5631067961165048,0.2135847806930542,0.7200000000000002,2,compact32,xgb
2024-03-02,0,0.6245954692556634,0.24156223237514496,0.7200000000000002,2,compact32,xgb
2024-03-03,0,0.86084142394822,0.6243487000465393,0.7200000000000002,2,compact32,xgb
2024-03-04,0,0.883495145631068,0.6748207807540894,0.7200000000000002,2,compact32,xgb
2024-03-05,0,0.8543689320388349,0.5770750641822815,0.7200000000000002,2,compact32,xgb
2024-03-06,0,0.540453074433657,0.197354257106781,0.7200000000000002,2,compact32,xgb
2024-03-07,0,0.8770226537216829,0.6566946506500244,0.7200000000000002,2,compact32,xgb
2024-03-08,0,0.8543689320388349,0.5503851175308228,0.7200000000000002,2,compact32,xgb
2024-03-09,1,0.7508090614886731,0.3742421567440033,0.7200000000000002,2,compact32,xgb
2024-03-10,1,0.9255663430420712,0.7861952781677246,0.7200000000000002,2,compact32,xgb
2024-03-11,1,0.9805825242718447,0.8694109320640564,0.7200000000000002,2,compact32,xgb
2024-03-12,1,0.912621359223301,0.7500400543212891,0.7200000000000002,2,compact32,xgb
2024-03-13,1,0.8576051779935275,0.6044400334358215,0.7200000000000002,2,compact32,xgb
2024-03-14,1,0.9255663430420712,0.7816183567047119,0.7200000000000002,2,compact32,xgb
2024-03-15,1,0.5663430420711975,0.2163199931383133,0.7200000000000002,2,compact32,xgb
2024-03-16,1,0.8511326860841424,0.5386244058609009,0.7200000000000002,2,compact32,xgb
2024-03-17,0,0.6925566343042071,0.3024376928806305,0.7200000000000002,2,compact32,xgb
2024-03-18,0,0.7152103559870551,0.33358779549598694,0.7200000000000002,2,compact32,xgb
2024-03-19,0,0.3106796116504854,0.08111383020877838,0.7200000000000002,2,compact32,xgb
2024-03-20,0,0.4110032362459547,0.12681834399700165,0.7200000000000002,2,compact32,xgb
2024-03-21,0,0.4336569579288026,0.131194069981575,0.7200000000000002,2,compact32,xgb
2024-03-22,0,0.459546925566343,0.13708330690860748,0.7200000000000002,2,compact32,xgb
2024-03-23,0,0.5048543689320388,0.1632811427116394,0.7200000000000002,2,compact32,xgb
2024-03-24,0,0.22006472491909385,0.05521833524107933,0.7200000000000002,2,compact32,xgb
2024-03-25,0,0.23948220064724918,0.061242733150720596,0.7200000000000002,2,compact32,xgb
2024-03-26,0,0.032362459546925564,0.020151013508439064,0.7200000000000002,2,compact32,xgb
2024-03-27,0,0.06472491909385113,0.02677856758236885,0.7200000000000002,2,compact32,xgb
2024-03-28,0,0.33980582524271846,0.0981469601392746,0.7200000000000002,2,compact32,xgb
2024-03-29,0,0.06472491909385113,0.027475131675601006,0.7200000000000002,2,compact32,xgb
2024-03-30,0,0.32038834951456313,0.0898357406258583,0.7200000000000002,2,compact32,xgb
2024-03-31,0,0.042071197411003236,0.023506026715040207,0.7200000000000002,2,compact32,xgb
2024-04-08,0,0.96,0.8558059334754944,0.8900000000000003,3,compact32,xgb
2024-04-09,0,0.9825,0.8906915783882141,0.8900000000000003,3,compact32,xgb
2024-04-10,1,0.83,0.5999911427497864,0.8900000000000003,3,compact32,xgb
2024-04-11,1,0.995,0.9188421368598938,0.8900000000000003,3,compact32,xgb
2024-04-12,0,0.9275,0.8120996952056885,0.8900000000000003,3,compact32,xgb
2024-04-13,1,0.9,0.76987224817276,0.8900000000000003,3,compact32,xgb
2024-04-14,1,0.8925,0.7312895059585571,0.8900000000000003,3,compact32,xgb
2024-04-15,1,0.545,0.20451045036315918,0.8900000000000003,3,compact32,xgb
2024-04-16,1,0.34,0.1083613708615303,0.8900000000000003,3,compact32,xgb
2024-04-17,1,0.7025,0.3726854622364044,0.8900000000000003,3,compact32,xgb
2024-04-18,1,0.705,0.3853204846382141,0.8900000000000003,3,compact32,xgb
2024-04-19,1,0.5875,0.22015593945980072,0.8900000000000003,3,compact32,xgb
2024-04-20,1,0.3725,0.11811237037181854,0.8900000000000003,3,compact32,xgb
2024-04-21,0,0.055,0.02519437111914158,0.8900000000000003,3,compact32,xgb
2024-04-22,0,0.145,0.040210090577602386,0.8900000000000003,3,compact32,xgb
2024-04-23,0,0.25,0.07411738485097885,0.8900000000000003,3,compact32,xgb
2024-04-24,0,0.05,0.024891475215554237,0.8900000000000003,3,compact32,xgb
2024-04-25,0,0.06,0.027172798290848732,0.8900000000000003,3,compact32,xgb
2024-04-26,0,0.2,0.05159368738532066,0.8900000000000003,3,compact32,xgb
2024-04-27,0,0.0975,0.032007619738578796,0.8900000000000003,3,compact32,xgb
2024-04-28,0,0.2425,0.06856179237365723,0.8900000000000003,3,compact32,xgb
2024-04-29,0,0.025,0.018746070563793182,0.8900000000000003,3,compact32,xgb
2024-04-30,0,0.1875,0.047540485858917236,0.8900000000000003,3,compact32,xgb
2024-05-01,0,0.0975,0.03203614428639412,0.8900000000000003,3,compact32,xgb
2024-05-02,0,0.0025,0.012117515318095684,0.8900000000000003,3,compact32,xgb
2024-05-03,0,0.0325,0.02080095373094082,0.8900000000000003,3,compact32,xgb
2024-05-04,0,0.265,0.07954854518175125,0.8900000000000003,3,compact32,xgb
2024-05-05,0,0.82,0.5785630941390991,0.8900000000000003,3,compact32,xgb
2024-05-06,0,0.6975,0.36372849345207214,0.8900000000000003,3,compact32,xgb
2024-05-07,0,0.835,0.6149935722351074,0.8900000000000003,3,compact32,xgb
2024-05-08,0,0.84,0.629511833190918,0.8900000000000003,3,compact32,xgb
2024-05-09,0,0.5425,0.19982671737670898,0.8900000000000003,3,compact32,xgb
2024-05-10,0,0.73,0.40834808349609375,0.8900000000000003,3,compact32,xgb
2024-05-11,0,0.9125,0.7861875891685486,0.8900000000000003,3,compact32,xgb
2024-05-12,0,0.8175,0.5752466320991516,0.8900000000000003,3,compact32,xgb
2024-05-13,0,0.64,0.27039727568626404,0.8900000000000003,3,compact32,xgb
2024-05-14,0,0.495,0.1733945906162262,0.8900000000000003,3,compact32,xgb
2024-05-15,0,0.545,0.2035328447818756,0.8900000000000003,3,compact32,xgb
2024-05-16,0,0.8625,0.6783769130706787,0.8900000000000003,3,compact32,xgb
2024-05-17,1,0.69,0.3494482934474945,0.8900000000000003,3,compact32,xgb
2024-05-18,0,0.7425,0.43801000714302063,0.8900000000000003,3,compact32,xgb
2024-05-19,0,0.1825,0.04692414030432701,0.8900000000000003,3,compact32,xgb
2024-05-20,0,0.2775,0.0867445319890976,0.8900000000000003,3,compact32,xgb
2024-05-21,0,0.595,0.23372890055179596,0.8900000000000003,3,compact32,xgb
2024-05-22,0,0.74,0.4231357276439667,0.8900000000000003,3,compact32,xgb
2024-05-23,0,0.865,0.6831818222999573,0.8900000000000003,3,compact32,xgb
2024-05-24,0,0.545,0.2039116770029068,0.8900000000000003,3,compact32,xgb
2024-05-25,0,0.425,0.138229101896286,0.8900000000000003,3,compact32,xgb
2024-05-26,0,0.19,0.0484926700592041,0.8900000000000003,3,compact32,xgb
2024-05-27,0,0.3875,0.12532690167427063,0.8900000000000003,3,compact32,xgb
2024-05-28,0,0.31,0.09885147958993912,0.8900000000000003,3,compact32,xgb
2024-05-29,0,0.3,0.0961514487862587,0.8900000000000003,3,compact32,xgb
2024-05-30,0,0.2975,0.09494630992412567,0.8900000000000003,3,compact32,xgb
2024-05-31,0,0.645,0.2759913206100464,0.8900000000000003,3,compact32,xgb
2024-06-01,0,0.425,0.13935469090938568,0.8900000000000003,3,compact32,xgb
2024-06-02,0,0.88,0.7014315724372864,0.8900000000000003,3,compact32,xgb
2024-06-03,0,0.9925,0.9107917547225952,0.8900000000000003,3,compact32,xgb
2024-06-04,0,0.86,0.6738482117652893,0.8900000000000003,3,compact32,xgb
2024-06-05,0,0.7325,0.41514959931373596,0.8900000000000003,3,compact32,xgb
2024-06-06,0,0.795,0.5351678729057312,0.8900000000000003,3,compact32,xgb
2024-06-07,0,0.7625,0.46949121356010437,0.8900000000000003,3,compact32,xgb
2024-06-08,0,0.715,0.38958799839019775,0.8900000000000003,3,compact32,xgb
2024-06-09,0,0.525,0.1867840439081192,0.8900000000000003,3,compact32,xgb
2024-06-10,0,0.35,0.11236572265625,0.8900000000000003,3,compact32,xgb
2024-06-11,0,0.3175,0.1006995365023613,0.8900000000000003,3,compact32,xgb
2024-06-12,0,0.2475,0.07170609384775162,0.8900000000000003,3,compact32,xgb
2024-06-13,0,0.3675,0.11701496690511703,0.8900000000000003,3,compact32,xgb
2024-06-14,1,0.3125,0.09912730753421783,0.8900000000000003,3,compact32,xgb
2024-06-15,1,0.4125,0.13368521630764008,0.8900000000000003,3,compact32,xgb
2024-06-16,1,0.9475,0.8388622999191284,0.8900000000000003,3,compact32,xgb
2024-06-17,1,0.69,0.3514130115509033,0.8900000000000003,3,compact32,xgb
2024-06-18,1,0.905,0.7801103591918945,0.8900000000000003,3,compact32,xgb
2024-06-19,1,0.7525,0.45332711935043335,0.8900000000000003,3,compact32,xgb
2024-06-20,1,0.365,0.11601107567548752,0.8900000000000003,3,compact32,xgb
2024-06-21,1,0.76,0.4629611670970917,0.8900000000000003,3,compact32,xgb
2024-06-22,0,0.69,0.35057729482650757,0.8900000000000003,3,compact32,xgb
2024-06-23,0,0.06,0.026939066126942635,0.8900000000000003,3,compact32,xgb
2024-06-24,0,0.1475,0.04114096239209175,0.8900000000000003,3,compact32,xgb
2024-06-25,0,0.17,0.045347750186920166,0.8900000000000003,3,compact32,xgb
2024-06-26,0,0.1175,0.033933207392692566,0.8900000000000003,3,compact32,xgb
2024-06-27,0,0.13,0.03768182918429375,0.8900000000000003,3,compact32,xgb
2024-06-28,0,0.265,0.08130543678998947,0.8900000000000003,3,compact32,xgb
2024-06-29,0,0.25,0.07251113653182983,0.8900000000000003,3,compact32,xgb
2024-06-30,0,0.0275,0.019906960427761078,0.8900000000000003,3,compact32,xgb
2024-07-08,0,0.7270875763747454,0.4475526511669159,0.6400000000000001,4,compact32,xgb
2024-07-09,0,0.8391038696537678,0.6705763339996338,0.6400000000000001,4,compact32,xgb
2024-07-10,0,0.7352342158859471,0.4589385986328125,0.6400000000000001,4,compact32,xgb
2024-07-11,0,0.7942973523421588,0.5628412365913391,0.6400000000000001,4,compact32,xgb
2024-07-12,0,0.8024439918533605,0.5809733271598816,0.6400000000000001,4,compact32,xgb
2024-07-13,0,0.6252545824847251,0.338506817817688,0.6400000000000001,4,compact32,xgb
2024-07-14,1,0.7718940936863544,0.5184920430183411,0.6400000000000001,4,compact32,xgb
2024-07-15,1,0.7942973523421588,0.5633355379104614,0.6400000000000001,4,compact32,xgb
2024-07-16,0,0.7922606924643585,0.5579186677932739,0.6400000000000001,4,compact32,xgb
2024-07-17,1,0.5173116089613035,0.22201350331306458,0.6400000000000001,4,compact32,xgb
2024-07-18,1,0.48065173116089616,0.1987379938364029,0.6400000000000001,4,compact32,xgb
2024-07-19,0,0.6680244399185336,0.37335723638534546,0.6400000000000001,4,compact32,xgb
2024-07-20,0,0.7718940936863544,0.5173985958099365,0.6400000000000001,4,compact32,xgb
2024-07-21,0,0.23625254582484725,0.0721239447593689,0.6400000000000001,4,compact32,xgb
2024-07-22,0,0.05091649694501019,0.027948414906859398,0.6400000000000001,4,compact32,xgb
2024-07-23,0,0.12830957230142567,0.041824307292699814,0.6400000000000001,4,compact32,xgb
2024-07-24,0,0.15071283095723015,0.04422006383538246,0.6400000000000001,4,compact32,xgb
2024-07-25,0,0.008146639511201629,0.021261146292090416,0.6400000000000001,4,compact32,xgb
2024-07-26,0,0.26272912423625255,0.09052492678165436,0.6400000000000001,4,compact32,xgb
2024-07-27,0,0.18533604887983707,0.05460109934210777,0.6400000000000001,4,compact32,xgb
2024-07-28,0,0.006109979633401222,0.015852374956011772,0.6400000000000001,4,compact32,xgb
2024-07-29,0,0.07942973523421588,0.03242424130439758,0.6400000000000001,4,compact32,xgb
2024-07-30,0,0.17311608961303462,0.0513741672039032,0.6400000000000001,4,compact32,xgb
2024-07-31,0,0.38289205702647655,0.14921526610851288,0.6400000000000001,4,compact32,xgb
2024-08-01,0,0.40325865580448067,0.15939059853553772,0.6400000000000001,4,compact32,xgb
2024-08-02,0,0.5926680244399185,0.2987655699253082,0.6400000000000001,4,compact32,xgb
2024-08-03,0,0.41140529531568226,0.16276796162128448,0.6400000000000001,4,compact32,xgb
2024-08-04,0,0.8085539714867617,0.5983319282531738,0.6400000000000001,4,compact32,xgb
2024-08-05,0,0.5926680244399185,0.2983822524547577,0.6400000000000001,4,compact32,xgb
2024-08-06,0,0.5580448065173116,0.2612152099609375,0.6400000000000001,4,compact32,xgb
2024-08-07,0,0.6639511201629328,0.36992597579956055,0.6400000000000001,4,compact32,xgb
2024-08-08,0,0.7841140529531568,0.5413698554039001,0.6400000000000001,4,compact32,xgb
2024-08-09,0,0.7067209775967414,0.4139237105846405,0.6400000000000001,4,compact32,xgb
2024-08-10,0,0.7657841140529531,0.5012490153312683,0.6400000000000001,4,compact32,xgb
2024-08-11,0,0.725050916496945,0.439892053604126,0.6400000000000001,4,compact32,xgb
2024-08-12,0,0.7515274949083504,0.475086510181427,0.6400000000000001,4,compact32,xgb
2024-08-13,0,0.824847250509165,0.6337141990661621,0.6400000000000001,4,compact32,xgb
2024-08-14,1,0.7169042769857433,0.42583295702934265,0.6400000000000001,4,compact32,xgb
2024-08-15,0,0.6639511201629328,0.3696528673171997,0.6400000000000001,4,compact32,xgb
2024-08-16,0,0.42973523421588594,0.16950002312660217,0.6400000000000001,4,compact32,xgb
2024-08-17,0,0.594704684317719,0.30253779888153076,0.6400000000000001,4,compact32,xgb
2024-08-18,0,0.8818737270875764,0.7431288361549377,0.6400000000000001,4,compact32,xgb
2024-08-19,0,0.9714867617107943,0.8618207573890686,0.6400000000000001,4,compact32,xgb
2023-07-08,0,0.792,0.07167565521364189,0.7000000000000002,0,compact32,catboost
2023-07-09,0,0.616,0.04033422103621837,0.7000000000000002,0,compact32,catboost
2023-07-10,0,0.12,0.011417500731094083,0.7000000000000002,0,compact32,catboost
2023-07-11,0,0.856,0.10689894731663033,0.7000000000000002,0,compact32,catboost
2023-07-12,0,0.424,0.029761220945261232,0.7000000000000002,0,compact32,catboost
2023-07-13,1,0.904,0.19337368683592362,0.7000000000000002,0,compact32,catboost
2023-07-14,1,0.808,0.07593535887243691,0.7000000000000002,0,compact32,catboost
2023-07-15,0,0.048,0.006999727364114565,0.7000000000000002,0,compact32,catboost
2023-07-16,0,0.768,0.06279597692932197,0.7000000000000002,0,compact32,catboost
2023-07-17,0,0.888,0.16222386779435208,0.7000000000000002,0,compact32,catboost
2023-07-18,0,0.904,0.23645027049869333,0.7000000000000002,0,compact32,catboost
2023-07-19,0,0.896,0.17151368281949156,0.7000000000000002,0,compact32,catboost
2023-07-20,0,0.856,0.10372516287655426,0.7000000000000002,0,compact32,catboost
2023-07-21,0,0.64,0.044444253456294845,0.7000000000000002,0,compact32,catboost
2023-07-22,0,0.152,0.015492038157128966,0.7000000000000002,0,compact32,catboost
2023-07-23,0,0.288,0.024225133224139828,0.7000000000000002,0,compact32,catboost
2023-07-24,0,0.128,0.0115302210953634,0.7000000000000002,0,compact32,catboost
2023-07-25,0,0.232,0.021031626137323272,0.7000000000000002,0,compact32,catboost
2023-07-26,0,0.232,0.021072657788354925,0.7000000000000002,0,compact32,catboost
2023-07-27,0,0.032,0.005943535679656815,0.7000000000000002,0,compact32,catboost
2023-07-28,0,0.152,0.01578387471890914,0.7000000000000002,0,compact32,catboost
2023-07-29,0,0.128,0.011607724580962734,0.7000000000000002,0,compact32,catboost
2023-07-30,0,0.032,0.005727918510685676,0.7000000000000002,0,compact32,catboost
2023-07-31,0,0.568,0.03710933546383371,0.7000000000000002,0,compact32,catboost
2023-08-01,0,0.736,0.05795353550635657,0.7000000000000002,0,compact32,catboost
2023-08-02,0,0.264,0.023838595335159776,0.7000000000000002,0,compact32,catboost
2023-08-03,0,0.296,0.024686599390190318,0.7000000000000002,0,compact32,catboost
2023-08-04,0,0.64,0.044034709073791,0.7000000000000002,0,compact32,catboost
2023-08-05,0,0.824,0.07981643232900375,0.7000000000000002,0,compact32,catboost
2023-08-06,0,0.904,0.6928353712194524,0.7000000000000002,0,compact32,catboost
2023-08-07,0,0.808,0.07690078750850145,0.7000000000000002,0,compact32,catboost
2023-08-08,0,0.4,0.028959983129466887,0.7000000000000002,0,compact32,catboost
2023-08-09,0,0.776,0.06556854830567894,0.7000000000000002,0,compact32,catboost
2023-08-10,0,0.824,0.08338658460505771,0.7000000000000002,0,compact32,catboost
2023-08-11,0,0.88,0.13790737053677035,0.7000000000000002,0,compact32,catboost
2023-08-12,0,0.904,0.2879057224355946,0.7000000000000002,0,compact32,catboost
2023-08-13,0,0.184,0.01675804058653579,0.7000000000000002,0,compact32,catboost
2023-08-14,0,0.496,0.03258945672487721,0.7000000000000002,0,compact32,catboost
2023-08-15,0,0.872,0.11775368779459772,0.7000000000000002,0,compact32,catboost
2023-08-16,0,0.88,0.12822542084747782,0.7000000000000002,0,compact32,catboost
2023-08-17,0,0.864,0.11256997768853973,0.7000000000000002,0,compact32,catboost
2023-08-18,1,0.72,0.05513127418704701,0.7000000000000002,0,compact32,catboost
2023-08-19,0,0.64,0.04434856000433425,0.7000000000000002,0,compact32,catboost
2023-08-20,0,0.904,0.2760217307252638,0.7000000000000002,0,compact32,catboost
2023-08-21,0,0.872,0.12243184003182661,0.7000000000000002,0,compact32,catboost
2023-08-22,0,0.904,0.5650603188613207,0.7000000000000002,0,compact32,catboost
2023-08-23,0,0.88,0.14744518256383823,0.7000000000000002,0,compact32,catboost
2023-08-24,0,0.904,0.3583556715671845,0.7000000000000002,0,compact32,catboost
2023-08-25,0,0.216,0.018310800034495128,0.7000000000000002,0,compact32,catboost
2023-08-26,0,0.88,0.14897553453174764,0.7000000000000002,0,compact32,catboost
2023-08-27,0,0.824,0.09090562582392427,0.7000000000000002,0,compact32,catboost
2023-08-28,0,0.416,0.029272216308629605,0.7000000000000002,0,compact32,catboost
2023-08-29,0,0.072,0.00867137732293673,0.7000000000000002,0,compact32,catboost
2023-08-30,0,0.352,0.026492647133628276,0.7000000000000002,0,compact32,catboost
2023-08-31,0,0.552,0.03567468465178578,0.7000000000000002,0,compact32,catboost
2023-09-01,0,0.904,0.49796529598748007,0.7000000000000002,0,compact32,catboost
2023-09-02,0,0.608,0.040041117148194666,0.7000000000000002,0,compact32,catboost
2023-09-03,0,0.904,0.35588894724534437,0.7000000000000002,0,compact32,catboost
2023-09-04,0,0.776,0.06466834290327624,0.7000000000000002,0,compact32,catboost
2023-09-05,1,0.904,0.2506102253864975,0.7000000000000002,0,compact32,catboost
2023-09-06,1,0.28,0.024118445108186864,0.7000000000000002,0,compact32,catboost
2023-09-07,1,0.824,0.09013926728708362,0.7000000000000002,0,compact32,catboost
2023-09-08,1,0.904,0.47691837731023157,0.7000000000000002,0,compact32,catboost
2023-09-09,0,0.824,0.08911696375220543,0.7000000000000002,0,compact32,catboost
2023-09-10,0,0.384,0.02784521190934536,0.7000000000000002,0,compact32,catboost
2023-09-11,0,0.336,0.02560365877084683,0.7000000000000002,0,compact32,catboost
2023-09-12,0,0.904,0.2866190164812366,0.7000000000000002,0,compact32,catboost
2023-09-13,0,0.128,0.011812331213327401,0.7000000000000002,0,compact32,catboost
2023-09-14,0,0.128,0.012362004942020272,0.7000000000000002,0,compact32,catboost
2023-09-15,0,0.144,0.014249684485472995,0.7000000000000002,0,compact32,catboost
2023-09-16,0,0.88,0.15851402503753767,0.7000000000000002,0,compact32,catboost
2023-09-17,0,0.632,0.041888052179085464,0.7000000000000002,0,compact32,catboost
2023-09-18,0,0.224,0.019351712293065353,0.7000000000000002,0,compact32,catboost
2023-09-19,0,0.32,0.025263531602514336,0.7000000000000002,0,compact32,catboost
2023-09-20,0,0.824,0.0868149068474617,0.7000000000000002,0,compact32,catboost
2023-09-21,0,0.904,0.37235180763032105,0.7000000000000002,0,compact32,catboost
2023-09-22,0,0.824,0.08734345390843334,0.7000000000000002,0,compact32,catboost
2023-09-23,0,0.608,0.040046272233100574,0.7000000000000002,0,compact32,catboost
2023-09-24,0,0.088,0.009694068104367683,0.7000000000000002,0,compact32,catboost
2023-09-25,0,0.048,0.007795727401032338,0.7000000000000002,0,compact32,catboost
2023-09-26,0,0.88,0.14236087837400402,0.7000000000000002,0,compact32,catboost
2023-09-27,0,0.504,0.03329003014416672,0.7000000000000002,0,compact32,catboost
2023-09-28,0,0.336,0.02602379556929393,0.7000000000000002,0,compact32,catboost
2023-09-29,0,0.784,0.06980346539311064,0.7000000000000002,0,compact32,catboost
2023-09-30,0,0.792,0.07249848441189718,0.7000000000000002,0,compact32,catboost
2023-10-08,0,0.8341013824884793,0.1408242856131576,0.54,1,compact32,catboost
2023-10-09,0,0.7511520737327189,0.0971331517276799,0.54,1,compact32,catboost
2023-10-10,0,0.8894009216589862,0.1857335239713665,0.54,1,compact32,catboost
2023-10-11,0,0.7926267281105991,0.125767122358422,0.54,1,compact32,catboost
2023-10-12,0,0.7926267281105991,0.12614716809967327,0.54,1,compact32,catboost
2023-10-13,1,0.5161290322580645,0.046153552614044246,0.54,1,compact32,catboost
2023-10-14,1,0.8018433179723502,0.12794884132866072,0.54,1,compact32,catboost
2023-10-15,0,0.9124423963133641,0.24482147122933567,0.54,1,compact32,catboost
2023-10-16,1,0.8617511520737328,0.1611980624245837,0.54,1,compact32,catboost
2023-10-17,1,0.8294930875576036,0.13859174509236039,0.54,1,compact32,catboost
2023-10-18,0,0.6129032258064516,0.059364936071281856,0.54,1,compact32,catboost
2023-10-19,0,0.576036866359447,0.05557411835969809,0.54,1,compact32,catboost
2023-10-20,0,0.8847926267281107,0.18125187591904743,0.54,1,compact32,catboost
2023-10-21,0,0.8248847926267281,0.13556763251171172,0.54,1,compact32,catboost
2023-10-22,0,0.2073732718894009,0.018160663996957104,0.54,1,compact32,catboost
2023-10-23,0,0.18433179723502305,0.015978872295709698,0.54,1,compact32,catboost
2023-10-24,0,0.5161290322580645,0.04624726749261841,0.54,1,compact32,catboost
2023-10-25,0,0.09216589861751152,0.009026077781818185,0.54,1,compact32,catboost
2023-10-26,0,0.15668202764976957,0.013764736018193785,0.54,1,compact32,catboost
2023-10-27,0,0.08755760368663594,0.007666362916758042,0.54,1,compact32,catboost
2023-10-28,0,0.17050691244239632,0.01549021517135465,0.54,1,compact32,catboost
2023-10-29,0,0.6728110599078341,0.07317066558082087,0.54,1,compact32,catboost
2023-10-30,0,0.3870967741935484,0.03261683296721887,0.54,1,compact32,catboost
2023-10-31,0,0.43317972350230416,0.03582377153201538,0.54,1,compact32,catboost
2023-11-01,0,0.8894009216589862,0.19100331915326846,0.54,1,compact32,catboost
2023-11-02,0,0.9124423963133641,0.28723716172704966,0.54,1,compact32,catboost
2023-11-03,0,0.880184331797235,0.17454898211307832,0.54,1,compact32,catboost
2023-11-04,0,0.8617511520737328,0.16225996617664695,0.54,1,compact32,catboost
2023-11-05,0,0.8894009216589862,0.18577533022886275,0.54,1,compact32,catboost
2023-11-06,0,0.8525345622119815,0.15448070433681624,0.54,1,compact32,catboost
2023-11-07,0,0.9124423963133641,0.39893476259563626,0.54,1,compact32,catboost
2023-11-08,0,0.9124423963133641,0.2589883236194879,0.54,1,compact32,catboost
2023-11-09,1,0.9124423963133641,0.6762717732488025,0.54,1,compact32,catboost
2023-11-10,1,0.6451612903225806,0.06620169571949808,0.54,1,compact32,catboost
2023-11-11,0,0.8110599078341014,0.13196654306741376,0.54,1,compact32,catboost
2023-11-12,0,0.6405529953917051,0.06523900731648763,0.54,1,compact32,catboost
2023-11-13,1,0.7926267281105991,0.12533443507300218,0.54,1,compact32,catboost
2023-11-14,1,0.8847926267281107,0.18210342784629197,0.54,1,compact32,catboost
2023-11-15,0,0.2764976958525346,0.02259835526875263,0.54,1,compact32,catboost
2023-11-16,0,0.45622119815668205,0.03988742545696793,0.54,1,compact32,catboost
2023-11-17,0,0.11981566820276497,0.010564177578468802,0.54,1,compact32,catboost
2023-11-18,0,0.5714285714285714,0.05351110055647169,0.54,1,compact32,catboost
2023-11-19,0,0.39631336405529954,0.03342129831188309,0.54,1,compact32,catboost
2023-11-20,0,0.5207373271889401,0.04833757759591907,0.54,1,compact32,catboost
2023-11-21,0,0.03686635944700461,0.006287670691087939,0.54,1,compact32,catboost
2023-11-22,0,0.3087557603686636,0.02629729584163076,0.54,1,compact32,catboost
2023-11-23,0,0.45622119815668205,0.04054776993084232,0.54,1,compact32,catboost
2023-11-24,0,0.7050691244239631,0.0796342989449622,0.54,1,compact32,catboost
2023-11-25,0,0.20276497695852536,0.017712046108132033,0.54,1,compact32,catboost
2023-11-26,0,0.46543778801843316,0.04182251001545017,0.54,1,compact32,catboost
2023-11-27,0,0.0,0.003627826951783882,0.54,1,compact32,catboost
2023-11-28,0,0.07834101382488479,0.007501802097014733,0.54,1,compact32,catboost
2023-11-29,0,0.4423963133640553,0.03736516765986926,0.54,1,compact32,catboost
2023-11-30,0,0.5299539170506913,0.04961055398690834,0.54,1,compact32,catboost
2023-12-01,0,0.728110599078341,0.09094437757186398,0.54,1,compact32,catboost
2023-12-02,0,0.783410138248848,0.11666773864078397,0.54,1,compact32,catboost
2023-12-03,0,0.9124423963133641,0.6023191605185286,0.54,1,compact32,catboost
2023-12-04,0,0.9124423963133641,0.6504612088787165,0.54,1,compact32,catboost
2023-12-05,0,0.9124423963133641,0.27819767891404795,0.54,1,compact32,catboost
2023-12-06,0,0.9124423963133641,0.6687678059121048,0.54,1,compact32,catboost
2023-12-07,1,0.9124423963133641,0.5878798997597765,0.54,1,compact32,catboost
2023-12-08,0,0.9124423963133641,0.471578196858654,0.54,1,compact32,catboost
2023-12-09,0,0.9124423963133641,0.3981110566413257,0.54,1,compact32,catboost
2023-12-10,1,0.9124423963133641,0.27435519640174294,0.54,1,compact32,catboost
2023-12-11,1,0.9124423963133641,0.2869396132420563,0.54,1,compact32,catboost
2023-12-12,1,0.9124423963133641,0.23459488458114186,0.54,1,compact32,catboost
2023-12-13,1,0.7741935483870968,0.10901668684607561,0.54,1,compact32,catboost
2023-12-14,1,0.7235023041474654,0.08481915548078556,0.54,1,compact32,catboost
2023-12-15,1,0.16589861751152074,0.015384334913448547,0.54,1,compact32,catboost
2023-12-16,0,0.5161290322580645,0.04602724335725674,0.54,1,compact32,catboost
2023-12-17,0,0.10599078341013825,0.010036976513743825,0.54,1,compact32,catboost
2023-12-18,0,0.880184331797235,0.1768516821685609,0.54,1,compact32,catboost
2023-12-19,0,0.5990783410138248,0.05675290043244056,0.54,1,compact32,catboost
2023-12-20,0,0.9124423963133641,0.27139098648535454,0.54,1,compact32,catboost
2023-12-21,0,0.19815668202764977,0.01735954490295747,0.54,1,compact32,catboost
2023-12-22,0,0.5299539170506913,0.04954203528380857,0.54,1,compact32,catboost
2023-12-23,0,0.39631336405529954,0.03378292589570481,0.54,1,compact32,catboost
2023-12-24,0,0.03225806451612903,0.005739330580942458,0.54,1,compact32,catboost
2023-12-25,0,0.3087557603686636,0.026204757842070193,0.54,1,compact32,catboost
2023-12-26,0,0.1889400921658986,0.01721230992717325,0.54,1,compact32,catboost
2023-12-27,0,0.0,0.003913127856884333,0.54,1,compact32,catboost
2023-12-28,0,0.7511520737327189,0.09738810946422724,0.54,1,compact32,catboost
2023-12-29,0,0.17511520737327188,0.015581017056315372,0.54,1,compact32,catboost
2023-12-30,0,0.43317972350230416,0.03675761301939291,0.54,1,compact32,catboost
2023-12-31,0,0.7880184331797235,0.11753366132140301,0.54,1,compact32,catboost
2024-01-08,0,0.8802588996763754,0.4107402827737684,0.6600000000000001,2,compact32,catboost
2024-01-09,0,0.8996763754045307,0.8755799439949482,0.6600000000000001,2,compact32,catboost
2024-01-10,0,0.889967637540453,0.6295254216196846,0.6600000000000001,2,compact32,catboost
2024-01-11,1,0.7864077669902912,0.20905388399382363,0.6600000000000001,2,compact32,catboost
2024-01-12,1,0.889967637540453,0.7160975251573084,0.6600000000000001,2,compact32,catboost
2024-01-13,1,0.889967637540453,0.7960326842628055,0.6600000000000001,2,compact32,catboost
2024-01-14,1,0.8478964401294499,0.2765706068719639,0.6600000000000001,2,compact32,catboost
2024-01-15,1,0.8317152103559871,0.2627514861487703,0.6600000000000001,2,compact32,catboost
2024-01-16,0,0.7540453074433657,0.1845414973650297,0.6600000000000001,2,compact32,catboost
2024-01-17,1,0.889967637540453,0.6590717983794757,0.6600000000000001,2,compact32,catboost
2024-01-18,1,0.889967637540453,0.5372267228216037,0.6600000000000001,2,compact32,catboost
2024-01-19,1,0.6601941747572816,0.12935983269360957,0.6600000000000001,2,compact32,catboost
2024-01-20,0,0.3074433656957929,0.03864941747680861,0.6600000000000001,2,compact32,catboost
2024-01-21,0,0.032362459546925564,0.006540708194267893,0.6600000000000001,2,compact32,catboost
2024-01-22,0,0.025889967637540454,0.005949560226572338,0.6600000000000001,2,compact32,catboost
2024-01-23,0,0.05501618122977346,0.009824904133774943,0.6600000000000001,2,compact32,catboost
2024-01-24,0,0.06796116504854369,0.012284332851482139,0.6600000000000001,2,compact32,catboost
2024-01-25,0,0.8737864077669902,0.35419313929730434,0.6600000000000001,2,compact32,catboost
2024-01-26,0,0.0,0.004429992797541172,0.6600000000000001,2,compact32,catboost
2024-01-27,0,0.23300970873786409,0.02848676583823858,0.6600000000000001,2,compact32,catboost
2024-01-28,0,0.07119741100323625,0.012539792644260564,0.6600000000000001,2,compact32,catboost
2024-01-29,0,0.42394822006472493,0.05947450300160182,0.6600000000000001,2,compact32,catboost
2024-01-30,1,0.16828478964401294,0.021299618899904265,0.6600000000000001,2,compact32,catboost
2024-01-31,0,0.6245954692556634,0.1105427471432276,0.6600000000000001,2,compact32,catboost
2024-02-01,0,0.3883495145631068,0.05078969411992637,0.6600000000000001,2,compact32,catboost
2024-02-02,0,0.20388349514563106,0.02518577537874254,0.6600000000000001,2,compact32,catboost
2024-02-03,0,0.22330097087378642,0.02710769979526706,0.6600000000000001,2,compact32,catboost
2024-02-04,0,0.889967637540453,0.4834677793467846,0.6600000000000001,2,compact32,catboost
2024-02-05,0,0.889967637540453,0.47853772539454853,0.6600000000000001,2,compact32,catboost
2024-02-06,0,0.889967637540453,0.4587708169735672,0.6600000000000001,2,compact32,catboost
2024-02-07,0,0.7475728155339806,0.17872030379575612,0.6600000000000001,2,compact32,catboost
2024-02-08,0,0.889967637540453,0.7293659549563966,0.6600000000000001,2,compact32,catboost
2024-02-09,0,0.889967637540453,0.8366435301188471,0.6600000000000001,2,compact32,catboost
2024-02-10,0,0.889967637540453,0.5520874328784052,0.6600000000000001,2,compact32,catboost
2024-02-11,0,0.6407766990291263,0.11799515952848545,0.6600000000000001,2,compact32,catboost
2024-02-12,0,0.5533980582524272,0.0882300269346261,0.6600000000000001,2,compact32,catboost
2024-02-13,0,0.19741100323624594,0.02488628452383368,0.6600000000000001,2,compact32,catboost
2024-02-14,0,0.3592233009708738,0.047074424536597895,0.6600000000000001,2,compact32,catboost
2024-02-15,0,0.1553398058252427,0.019313195097607552,0.6600000000000001,2,compact32,catboost
2024-02-16,0,0.4174757281553398,0.056047882014166994,0.6600000000000001,2,compact32,catboost
2024-02-17,0,0.4110032362459547,0.05467808383516152,0.6600000000000001,2,compact32,catboost
2024-02-18,0,0.15210355987055016,0.017992083985624158,0.6600000000000001,2,compact32,catboost
2024-02-19,0,0.1650485436893204,0.02031167582480046,0.6600000000000001,2,compact32,catboost
2024-02-20,0,0.8576051779935275,0.29391478570017837,0.6600000000000001,2,compact32,catboost
2024-02-21,0,0.4110032362459547,0.05471881707119313,0.6600000000000001,2,compact32,catboost
2024-02-22,0,0.6440129449838188,0.12083003742195657,0.6600000000000001,2,compact32,catboost
2024-02-23,0,0.6148867313915858,0.10680086739473878,0.6600000000000001,2,compact32,catboost
2024-02-24,0,0.6148867313915858,0.10555426643800372,0.6600000000000001,2,compact32,catboost
2024-02-25,0,0.13592233009708737,0.01668126151254975,0.6600000000000001,2,compact32,catboost
2024-02-26,0,0.21359223300970873,0.02593920434682121,0.6600000000000001,2,compact32,catboost
2024-02-27,0,0.44983818770226536,0.06425684515747089,0.6600000000000001,2,compact32,catboost
2024-02-28,0,0.6116504854368932,0.10297083795788352,0.6600000000000001,2,compact32,catboost
2024-02-29,0,0.6245954692556634,0.10823385561233892,0.6600000000000001,2,compact32,catboost
2024-03-01,0,0.4919093851132686,0.07387458679435079,0.6600000000000001,2,compact32,catboost
2024-03-02,0,0.7928802588996764,0.21542972009683936,0.6600000000000001,2,compact32,catboost
2024-03-03,0,0.8770226537216829,0.37171459820927505,0.6600000000000001,2,compact32,catboost
2024-03-04,0,0.8576051779935275,0.3063517184498309,0.6600000000000001,2,compact32,catboost
2024-03-05,0,0.883495145631068,0.4244262118531676,0.6600000000000001,2,compact32,catboost
2024-03-06,0,0.4919093851132686,0.0728430653600318,0.6600000000000001,2,compact32,catboost
2024-03-07,0,0.8802588996763754,0.3883616985221919,0.6600000000000001,2,compact32,catboost
2024-03-08,0,0.8737864077669902,0.3596393693396277,0.6600000000000001,2,compact32,catboost
2024-03-09,1,0.7572815533980582,0.18943357828471366,0.6600000000000001,2,compact32,catboost
2024-03-10,1,0.889967637540453,0.5767314129530912,0.6600000000000001,2,compact32,catboost
2024-03-11,1,0.9029126213592233,0.8801719728671871,0.6600000000000001,2,compact32,catboost
2024-03-12,1,0.889967637540453,0.6344782935658279,0.6600000000000001,2,compact32,catboost
2024-03-13,1,0.889967637540453,0.7965452848311426,0.6600000000000001,2,compact32,catboost
2024-03-14,1,0.889967637540453,0.7802549748735015,0.6600000000000001,2,compact32,catboost
2024-03-15,1,0.47896440129449835,0.06866767597475237,0.6600000000000001,2,compact32,catboost
2024-03-16,1,0.7864077669902912,0.21160933969031837,0.6600000000000001,2,compact32,catboost
2024-03-17,0,0.7864077669902912,0.21009535651691022,0.6600000000000001,2,compact32,catboost
2024-03-18,0,0.4919093851132686,0.0749417826227965,0.6600000000000001,2,compact32,catboost
2024-03-19,0,0.23300970873786409,0.028720403099764674,0.6600000000000001,2,compact32,catboost
2024-03-20,0,0.28802588996763756,0.03495606861008091,0.6600000000000001,2,compact32,catboost
2024-03-21,0,0.32362459546925565,0.041559381790529176,0.6600000000000001,2,compact32,catboost
2024-03-22,0,0.33980582524271846,0.04423782549890099,0.6600000000000001,2,compact32,catboost
2024-03-23,0,0.4045307443365696,0.053542119853131634,0.6600000000000001,2,compact32,catboost
2024-03-24,0,0.1553398058252427,0.019148334836267523,0.6600000000000001,2,compact32,catboost
2024-03-25,0,0.15210355987055016,0.018101054995948586,0.6600000000000001,2,compact32,catboost
2024-03-26,0,0.032362459546925564,0.006801169396983371,0.6600000000000001,2,compact32,catboost
2024-03-27,0,0.05177993527508091,0.008823639870736467,0.6600000000000001,2,compact32,catboost
2024-03-28,0,0.39158576051779936,0.051607737833639575,0.6600000000000001,2,compact32,catboost
2024-03-29,0,0.05177993527508091,0.008756300142390268,0.6600000000000001,2,compact32,catboost
2024-03-30,0,0.5663430420711975,0.09015497026275512,0.6600000000000001,2,compact32,catboost
2024-03-31,0,0.10679611650485436,0.015165929198395267,0.6600000000000001,2,compact32,catboost
2024-04-08,0,0.875,0.8013877515992428,0.8500000000000003,3,compact32,catboost
2024-04-09,0,0.905,0.865063618301697,0.8500000000000003,3,compact32,catboost
2024-04-10,1,0.8725,0.6138634537384221,0.8500000000000003,3,compact32,catboost
2024-04-11,1,0.91,0.8686436876456097,0.8500000000000003,3,compact32,catboost
2024-04-12,0,0.8725,0.732761719382578,0.8500000000000003,3,compact32,catboost
2024-04-13,1,0.8725,0.6306905825097356,0.8500000000000003,3,compact32,catboost
2024-04-14,1,0.8725,0.7004005860981596,0.8500000000000003,3,compact32,catboost
2024-04-15,1,0.8425,0.3884028508677405,0.8500000000000003,3,compact32,catboost
2024-04-16,1,0.42,0.0688666097723804,0.8500000000000003,3,compact32,catboost
2024-04-17,1,0.7475,0.2186446716850654,0.8500000000000003,3,compact32,catboost
2024-04-18,1,0.8075,0.3123109628718481,0.8500000000000003,3,compact32,catboost
2024-04-19,1,0.785,0.2625206292734432,0.8500000000000003,3,compact32,catboost
2024-04-20,1,0.43,0.07433050300653984,0.8500000000000003,3,compact32,catboost
2024-04-21,0,0.0275,0.00816406646586316,0.8500000000000003,3,compact32,catboost
2024-04-22,0,0.1025,0.01693827736200072,0.8500000000000003,3,compact32,catboost
2024-04-23,0,0.0725,0.013179048432158768,0.8500000000000003,3,compact32,catboost
2024-04-24,0,0.0325,0.008738391648873543,0.8500000000000003,3,compact32,catboost
2024-04-25,0,0.06,0.011404948734538156,0.8500000000000003,3,compact32,catboost
2024-04-26,0,0.055,0.010688069859324497,0.8500000000000003,3,compact32,catboost
2024-04-27,0,0.0625,0.011757808448149968,0.8500000000000003,3,compact32,catboost
2024-04-28,0,0.255,0.03751459124417608,0.8500000000000003,3,compact32,catboost
2024-04-29,0,0.035,0.00911076274928899,0.8500000000000003,3,compact32,catboost
2024-04-30,0,0.1075,0.017337284838188603,0.8500000000000003,3,compact32,catboost
2024-05-01,0,0.0575,0.010875651272088912,0.8500000000000003,3,compact32,catboost
2024-05-02,0,0.0,0.004421970824664758,0.8500000000000003,3,compact32,catboost
2024-05-03,0,0.01,0.006444753985422202,0.8500000000000003,3,compact32,catboost
2024-05-04,0,0.1025,0.01650971244599754,0.8500000000000003,3,compact32,catboost
2024-05-05,0,0.815,0.3240558369244383,0.8500000000000003,3,compact32,catboost
2024-05-06,0,0.5975,0.13030597455917056,0.8500000000000003,3,compact32,catboost
2024-05-07,0,0.785,0.2581137266867302,0.8500000000000003,3,compact32,catboost
2024-05-08,0,0.87,0.5486563279147296,0.8500000000000003,3,compact32,catboost
2024-05-09,0,0.5875,0.1241146894573313,0.8500000000000003,3,compact32,catboost
2024-05-10,0,0.245,0.03631959216290466,0.8500000000000003,3,compact32,catboost
2024-05-11,0,0.8725,0.6740028907555379,0.8500000000000003,3,compact32,catboost
2024-05-12,0,0.7975,0.2888866947178853,0.8500000000000003,3,compact32,catboost
2024-05-13,0,0.65,0.15643340069519732,0.8500000000000003,3,compact32,catboost
2024-05-14,0,0.5875,0.12422108231555057,0.8500000000000003,3,compact32,catboost
2024-05-15,0,0.7425,0.2138614364532542,0.8500000000000003,3,compact32,catboost
2024-05-16,0,0.7675,0.2406669038802744,0.8500000000000003,3,compact32,catboost
2024-05-17,1,0.7725,0.25291850903605856,0.8500000000000003,3,compact32,catboost
2024-05-18,0,0.8725,0.6679765559092442,0.8500000000000003,3,compact32,catboost
2024-05-19,0,0.305,0.04328412470969885,0.8500000000000003,3,compact32,catboost
2024-05-20,0,0.3675,0.05647933751351549,0.8500000000000003,3,compact32,catboost
2024-05-21,0,0.74,0.21222305186030843,0.8500000000000003,3,compact32,catboost
2024-05-22,0,0.7675,0.24226220323878395,0.8500000000000003,3,compact32,catboost
2024-05-23,0,0.8725,0.688911047497655,0.8500000000000003,3,compact32,catboost
2024-05-24,0,0.505,0.10105402898897024,0.8500000000000003,3,compact32,catboost
2024-05-25,0,0.44,0.07956638726163819,0.8500000000000003,3,compact32,catboost
2024-05-26,0,0.1325,0.019885900390380035,0.8500000000000003,3,compact32,catboost
2024-05-27,0,0.2375,0.03375606381977161,0.8500000000000003,3,compact32,catboost
2024-05-28,0,0.4975,0.09680837579436896,0.8500000000000003,3,compact32,catboost
2024-05-29,0,0.42,0.06833191045626093,0.8500000000000003,3,compact32,catboost
2024-05-30,0,0.215,0.030072179653262667,0.8500000000000003,3,compact32,catboost
2024-05-31,0,0.5625,0.11642294877837712,0.8500000000000003,3,compact32,catboost
2024-06-01,0,0.35,0.04960884221687673,0.8500000000000003,3,compact32,catboost
2024-06-02,0,0.8725,0.668616124668236,0.8500000000000003,3,compact32,catboost
2024-06-03,0,0.975,0.9304066041385815,0.8500000000000003,3,compact32,catboost
2024-06-04,0,0.8675,0.5424727053878047,0.8500000000000003,3,compact32,catboost
2024-06-05,0,0.8175,0.33488042867850215,0.8500000000000003,3,compact32,catboost
2024-06-06,0,0.8725,0.6416969342935624,0.8500000000000003,3,compact32,catboost
2024-06-07,0,0.8675,0.5354663551145492,0.8500000000000003,3,compact32,catboost
2024-06-08,0,0.8425,0.3887820400265952,0.8500000000000003,3,compact32,catboost
2024-06-09,0,0.505,0.1004426013576031,0.8500000000000003,3,compact32,catboost
2024-06-10,0,0.64,0.1476504724546226,0.8500000000000003,3,compact32,catboost
2024-06-11,0,0.42,0.07027382074177513,0.8500000000000003,3,compact32,catboost
2024-06-12,0,0.375,0.05748802036834461,0.8500000000000003,3,compact32,catboost
2024-06-13,0,0.395,0.06418317139130068,0.8500000000000003,3,compact32,catboost
2024-06-14,1,0.1525,0.022303041156264507,0.8500000000000003,3,compact32,catboost
2024-06-15,1,0.6375,0.14505474253356437,0.8500000000000003,3,compact32,catboost
2024-06-16,1,0.88,0.8265774478006249,0.8500000000000003,3,compact32,catboost
2024-06-17,1,0.84,0.3834731665185506,0.8500000000000003,3,compact32,catboost
2024-06-18,1,0.87,0.5599662639291507,0.8500000000000003,3,compact32,catboost
2024-06-19,1,0.8375,0.3680052363606428,0.8500000000000003,3,compact32,catboost
2024-06-20,1,0.6925,0.1897803814233806,0.8500000000000003,3,compact32,catboost
2024-06-21,1,0.84,0.3817561164791476,0.8500000000000003,3,compact32,catboost
2024-06-22,0,0.65,0.15575225741997345,0.8500000000000003,3,compact32,catboost
2024-06-23,0,0.08,0.013929923733061692,0.8500000000000003,3,compact32,catboost
2024-06-24,0,0.0875,0.014397493143821438,0.8500000000000003,3,compact32,catboost
2024-06-25,0,0.09,0.014765010206348345,0.8500000000000003,3,compact32,catboost
2024-06-26,0,0.09,0.015326922757198252,0.8500000000000003,3,compact32,catboost
2024-06-27,0,0.085,0.014233855608419487,0.8500000000000003,3,compact32,catboost
2024-06-28,0,0.09,0.015101117763374975,0.8500000000000003,3,compact32,catboost
2024-06-29,0,0.1475,0.02173018424648146,0.8500000000000003,3,compact32,catboost
2024-06-30,0,0.015,0.006965616709373861,0.8500000000000003,3,compact32,catboost
2024-07-08,0,0.8167006109979633,0.47493769894250626,0.7200000000000002,4,compact32,catboost
2024-07-09,0,0.845213849287169,0.619264965370007,0.7200000000000002,4,compact32,catboost
2024-07-10,0,0.594704684317719,0.17076914699213255,0.7200000000000002,4,compact32,catboost
2024-07-11,0,0.8411405295315683,0.5656652131338753,0.7200000000000002,4,compact32,catboost
2024-07-12,0,0.8431771894093686,0.6025506096302863,0.7200000000000002,4,compact32,catboost
2024-07-13,0,0.7556008146639511,0.3272175778851922,0.7200000000000002,4,compact32,catboost
2024-07-14,1,0.8309572301425662,0.5326720627703885,0.7200000000000002,4,compact32,catboost
2024-07-15,1,0.8472505091649695,0.6319576188606688,0.7200000000000002,4,compact32,catboost
2024-07-16,0,0.8309572301425662,0.5367746530859119,0.7200000000000002,4,compact32,catboost
2024-07-17,1,0.7617107942973523,0.3375096074042143,0.7200000000000002,4,compact32,catboost
2024-07-18,1,0.6782077393075356,0.22706713380514318,0.7200000000000002,4,compact32,catboost
2024-07-19,0,0.8044806517311609,0.4189890313232458,0.7200000000000002,4,compact32,catboost
2024-07-20,0,0.8228105906313645,0.4830550482870108,0.7200000000000002,4,compact32,catboost
2024-07-21,0,0.24643584521384929,0.05062091349855451,0.7200000000000002,4,compact32,catboost
2024-07-22,0,0.164969450101833,0.03474062651469882,0.7200000000000002,4,compact32,catboost
2024-07-23,0,0.2525458248472505,0.051874052999051304,0.7200000000000002,4,compact32,catboost
2024-07-24,0,0.059063136456211814,0.021462984198691127,0.7200000000000002,4,compact32,catboost
2024-07-25,0,0.05295315682281059,0.020419955471166273,0.7200000000000002,4,compact32,catboost
2024-07-26,0,0.3075356415478615,0.07053209756888808,0.7200000000000002,4,compact32,catboost
2024-07-27,0,0.26476578411405294,0.05565664504489743,0.7200000000000002,4,compact32,catboost
2024-07-28,0,0.016293279022403257,0.014121790197995,0.7200000000000002,4,compact32,catboost
2024-07-29,0,0.012219959266802444,0.013163188310050524,0.7200000000000002,4,compact32,catboost
2024-07-30,0,0.19959266802443992,0.04117375040610132,0.7200000000000002,4,compact32,catboost
2024-07-31,0,0.5437881873727087,0.14458468218128057,0.7200000000000002,4,compact32,catboost
2024-08-01,0,0.319755600814664,0.07409077741812366,0.7200000000000002,4,compact32,catboost
2024-08-02,0,0.41140529531568226,0.10185682754865842,0.7200000000000002,4,compact32,catboost
2024-08-03,0,0.3075356415478615,0.07025484175975484,0.7200000000000002,4,compact32,catboost
2024-08-04,0,0.6822810590631364,0.24069424141802576,0.7200000000000002,4,compact32,catboost
2024-08-05,0,0.6028513238289206,0.1751433837225571,0.7200000000000002,4,compact32,catboost
2024-08-06,0,0.42973523421588594,0.10934712571473443,0.7200000000000002,4,compact32,catboost
2024-08-07,0,0.5641547861507128,0.1582270177408425,0.7200000000000002,4,compact32,catboost
2024-08-08,0,0.659877800407332,0.2111310843380551,0.7200000000000002,4,compact32,catboost
2024-08-09,0,0.4684317718940937,0.1230531124544143,0.7200000000000002,4,compact32,catboost
2024-08-10,0,0.7515274949083504,0.31310141294199695,0.7200000000000002,4,compact32,catboost
2024-08-11,0,0.6802443991853361,0.2307687616805327,0.7200000000000002,4,compact32,catboost
2024-08-12,0,0.8085539714867617,0.42664086731590123,0.7200000000000002,4,compact32,catboost
2024-08-13,0,0.8309572301425662,0.5478181181951598,0.7200000000000002,4,compact32,catboost
2024-08-14,1,0.7739307535641547,0.3499414150370562,0.7200000000000002,4,compact32,catboost
2024-08-15,0,0.6822810590631364,0.23760584195300713,0.7200000000000002,4,compact32,catboost
2024-08-16,0,0.539714867617108,0.14390125120492955,0.7200000000000002,4,compact32,catboost
2024-08-17,0,0.7393075356415478,0.2977909758408773,0.7200000000000002,4,compact32,catboost
2024-08-18,0,0.8533604887983707,0.7132258080469787,0.7200000000000002,4,compact32,catboost
2024-08-19,0,0.9409368635437881,0.8762733622010377,0.7200000000000002,4,compact32,catboost
2023-07-08,0,0.664,0.41620087942384026,0.8800000000000003,0,compact40,logistic
2023-07-09,0,0.816,0.5507583781725104,0.8800000000000003,0,compact40,logistic
2023-07-10,0,0.328,0.1807402284707791,0.8800000000000003,0,compact40,logistic
2023-07-11,0,0.768,0.5081481503125321,0.8800000000000003,0,compact40,logistic
2023-07-12,0,0.6,0.35126695818760995,0.8800000000000003,0,compact40,logistic
2023-07-13,1,0.744,0.48244306095835954,0.8800000000000003,0,compact40,logistic
2023-07-14,1,0.832,0.5732183291815579,0.8800000000000003,0,compact40,logistic
2023-07-15,0,0.136,0.10315225126578342,0.8800000000000003,0,compact40,logistic
2023-07-16,0,0.776,0.5190522137110957,0.8800000000000003,0,compact40,logistic
2023-07-17,0,0.864,0.6189998130976613,0.8800000000000003,0,compact40,logistic
2023-07-18,0,0.696,0.4320287778974095,0.8800000000000003,0,compact40,logistic
2023-07-19,0,0.824,0.5558867557772449,0.8800000000000003,0,compact40,logistic
2023-07-20,0,0.704,0.4456833210987379,0.8800000000000003,0,compact40,logistic
2023-07-21,0,0.424,0.20966060657881933,0.8800000000000003,0,compact40,logistic
2023-07-22,0,0.048,0.05979937451122027,0.8800000000000003,0,compact40,logistic
2023-07-23,0,0.128,0.1008734453258301,0.8800000000000003,0,compact40,logistic
2023-07-24,0,0.184,0.1183177825844513,0.8800000000000003,0,compact40,logistic
2023-07-25,0,0.064,0.06475358579524326,0.8800000000000003,0,compact40,logistic
2023-07-26,0,0.064,0.0688550397104693,0.8800000000000003,0,compact40,logistic
2023-07-27,0,0.112,0.08605249674543818,0.8800000000000003,0,compact40,logistic
2023-07-28,0,0.248,0.14273840935487317,0.8800000000000003,0,compact40,logistic
2023-07-29,0,0.12,0.09171663227439082,0.8800000000000003,0,compact40,logistic
2023-07-30,0,0.088,0.08027946469730321,0.8800000000000003,0,compact40,logistic
2023-07-31,0,0.656,0.4016500690951312,0.8800000000000003,0,compact40,logistic
2023-08-01,0,0.912,0.7407812564916231,0.8800000000000003,0,compact40,logistic
2023-08-02,0,0.648,0.3898543109419937,0.8800000000000003,0,compact40,logistic
2023-08-03,0,0.672,0.4201252408703385,0.8800000000000003,0,compact40,logistic
2023-08-04,0,0.784,0.5279737302947328,0.8800000000000003,0,compact40,logistic
2023-08-05,0,0.768,0.5125969524268633,0.8800000000000003,0,compact40,logistic
2023-08-06,0,0.872,0.6724983337089767,0.8800000000000003,0,compact40,logistic
2023-08-07,0,0.704,0.4496370743382661,0.8800000000000003,0,compact40,logistic
2023-08-08,0,0.528,0.3078700992437222,0.8800000000000003,0,compact40,logistic
2023-08-09,0,0.24,0.14043174144064313,0.8800000000000003,0,compact40,logistic
2023-08-10,0,0.832,0.5678863774357562,0.8800000000000003,0,compact40,logistic
2023-08-11,0,0.728,0.4686512190811199,0.8800000000000003,0,compact40,logistic
2023-08-12,0,0.88,0.6943143136647811,0.8800000000000003,0,compact40,logistic
2023-08-13,0,0.632,0.3635024069908531,0.8800000000000003,0,compact40,logistic
2023-08-14,0,0.168,0.11047113943364972,0.8800000000000003,0,compact40,logistic
2023-08-15,0,0.584,0.3459983611985893,0.8800000000000003,0,compact40,logistic
2023-08-16,0,0.832,0.584878859862054,0.8800000000000003,0,compact40,logistic
2023-08-17,0,0.824,0.5625867463075367,0.8800000000000003,0,compact40,logistic
2023-08-18,1,0.816,0.5541303552355389,0.8800000000000003,0,compact40,logistic
2023-08-19,0,0.528,0.2954224044324705,0.8800000000000003,0,compact40,logistic
2023-08-20,0,0.696,0.4273567310429684,0.8800000000000003,0,compact40,logistic
2023-08-21,0,0.744,0.49767215507633045,0.8800000000000003,0,compact40,logistic
2023-08-22,0,0.544,0.323385332359592,0.8800000000000003,0,compact40,logistic
2023-08-23,0,0.728,0.46498071380362305,0.8800000000000003,0,compact40,logistic
2023-08-24,0,0.816,0.5531345454917359,0.8800000000000003,0,compact40,logistic
2023-08-25,0,0.144,0.1043331611358536,0.8800000000000003,0,compact40,logistic
2023-08-26,0,0.088,0.07464388671866361,0.8800000000000003,0,compact40,logistic
2023-08-27,0,0.56,0.32958975691815817,0.8800000000000003,0,compact40,logistic
2023-08-28,0,0.128,0.09988775810418331,0.8800000000000003,0,compact40,logistic
2023-08-29,0,0.024,0.033116826988747954,0.8800000000000003,0,compact40,logistic
2023-08-30,0,0.064,0.06629625846994823,0.8800000000000003,0,compact40,logistic
2023-08-31,0,0.072,0.07251045422494842,0.8800000000000003,0,compact40,logistic
2023-09-01,0,0.328,0.1806100209246527,0.8800000000000003,0,compact40,logistic
2023-09-02,0,0.816,0.5480145410795476,0.8800000000000003,0,compact40,logistic
2023-09-03,0,0.944,0.7794642322536848,0.8800000000000003,0,compact40,logistic
2023-09-04,0,0.848,0.5952959790011355,0.8800000000000003,0,compact40,logistic
2023-09-05,1,0.856,0.6121322312363784,0.8800000000000003,0,compact40,logistic
2023-09-06,1,0.704,0.4558496117298626,0.8800000000000003,0,compact40,logistic
2023-09-07,1,0.856,0.6042945884151274,0.8800000000000003,0,compact40,logistic
2023-09-08,1,0.872,0.665250900194203,0.8800000000000003,0,compact40,logistic
2023-09-09,0,0.928,0.744169759820266,0.8800000000000003,0,compact40,logistic
2023-09-10,0,0.792,0.5382524536452071,0.8800000000000003,0,compact40,logistic
2023-09-11,0,0.776,0.5265410657529506,0.8800000000000003,0,compact40,logistic
2023-09-12,0,0.568,0.33434698710830574,0.8800000000000003,0,compact40,logistic
2023-09-13,0,0.464,0.2376595601073956,0.8800000000000003,0,compact40,logistic
2023-09-14,0,0.624,0.36145616852437196,0.8800000000000003,0,compact40,logistic
2023-09-15,0,0.504,0.26732814591115134,0.8800000000000003,0,compact40,logistic
2023-09-16,0,0.632,0.36815306997897657,0.8800000000000003,0,compact40,logistic
2023-09-17,0,0.792,0.5418984168613334,0.8800000000000003,0,compact40,logistic
2023-09-18,0,0.288,0.16122425783158553,0.8800000000000003,0,compact40,logistic
2023-09-19,0,0.792,0.5388277916618263,0.8800000000000003,0,compact40,logistic
2023-09-20,0,0.656,0.4120488544875923,0.8800000000000003,0,compact40,logistic
2023-09-21,0,0.832,0.5786967774137676,0.8800000000000003,0,compact40,logistic
2023-09-22,0,0.736,0.4732414885999085,0.8800000000000003,0,compact40,logistic
2023-09-23,0,0.656,0.40774863172588466,0.8800000000000003,0,compact40,logistic
2023-09-24,0,0.016,0.02769022581610681,0.8800000000000003,0,compact40,logistic
2023-09-25,0,0.032,0.04957041736372203,0.8800000000000003,0,compact40,logistic
2023-09-26,0,0.512,0.2894293513521316,0.8800000000000003,0,compact40,logistic
2023-09-27,0,0.128,0.09418765275289205,0.8800000000000003,0,compact40,logistic
2023-09-28,0,0.128,0.09668117050146796,0.8800000000000003,0,compact40,logistic
2023-09-29,0,0.216,0.12397788257895787,0.8800000000000003,0,compact40,logistic
2023-09-30,0,0.096,0.08163443717322069,0.8800000000000003,0,compact40,logistic
2023-10-08,0,0.9124423963133641,0.7247100896956103,0.6600000000000001,1,compact40,logistic
2023-10-09,0,0.8755760368663594,0.668257770884737,0.6600000000000001,1,compact40,logistic
2023-10-10,0,0.9124423963133641,0.7247369478636959,0.6600000000000001,1,compact40,logistic
2023-10-11,0,0.8248847926267281,0.6095803818969401,0.6600000000000001,1,compact40,logistic
2023-10-12,0,0.6543778801843319,0.4170020886989321,0.6600000000000001,1,compact40,logistic
2023-10-13,1,0.28110599078341014,0.10718522588981058,0.6600000000000001,1,compact40,logistic
2023-10-14,1,0.5990783410138248,0.35709259479985705,0.6600000000000001,1,compact40,logistic
2023-10-15,0,0.8248847926267281,0.5830404253462292,0.6600000000000001,1,compact40,logistic
2023-10-16,1,0.7741935483870968,0.534339384388481,0.6600000000000001,1,compact40,logistic
2023-10-17,1,0.8248847926267281,0.5744362515323086,0.6600000000000001,1,compact40,logistic
2023-10-18,0,0.4423963133640553,0.2266687365190445,0.6600000000000001,1,compact40,logistic
2023-10-19,0,0.5483870967741935,0.3098101907644606,0.6600000000000001,1,compact40,logistic
2023-10-20,0,0.4608294930875576,0.2473533590790237,0.6600000000000001,1,compact40,logistic
2023-10-21,0,0.4470046082949309,0.22926929525595804,0.6600000000000001,1,compact40,logistic
2023-10-22,0,0.1152073732718894,0.04656434741814408,0.6600000000000001,1,compact40,logistic
2023-10-23,0,0.18433179723502305,0.07549844920376489,0.6600000000000001,1,compact40,logistic
2023-10-24,0,0.03686635944700461,0.026485103742742967,0.6600000000000001,1,compact40,logistic
2023-10-25,0,0.004608294930875576,0.005793101345611263,0.6600000000000001,1,compact40,logistic
2023-10-26,0,0.18433179723502305,0.07930013668922999,0.6600000000000001,1,compact40,logistic
2023-10-27,0,0.013824884792626729,0.013194323703758913,0.6600000000000001,1,compact40,logistic
2023-10-28,0,0.2304147465437788,0.09346338955962674,0.6600000000000001,1,compact40,logistic
2023-10-29,0,0.2764976958525346,0.10577213593896655,0.6600000000000001,1,compact40,logistic
2023-10-30,0,0.2073732718894009,0.08612825922430668,0.6600000000000001,1,compact40,logistic
2023-10-31,0,0.4009216589861751,0.1852783009922354,0.6600000000000001,1,compact40,logistic
2023-11-01,0,0.8110599078341014,0.5589428931257319,0.6600000000000001,1,compact40,logistic
2023-11-02,0,0.9170506912442397,0.7316711440560899,0.6600000000000001,1,compact40,logistic
2023-11-03,0,0.8341013824884793,0.6309479559301265,0.6600000000000001,1,compact40,logistic
2023-11-04,0,0.6728110599078341,0.43956480029856343,0.6600000000000001,1,compact40,logistic
2023-11-05,0,0.6866359447004609,0.451324460892229,0.6600000000000001,1,compact40,logistic
2023-11-06,0,0.6912442396313364,0.45388716519284295,0.6600000000000001,1,compact40,logistic
2023-11-07,0,0.9631336405529954,0.8172540921930291,0.6600000000000001,1,compact40,logistic
2023-11-08,0,0.6866359447004609,0.45169306805430554,0.6600000000000001,1,compact40,logistic
2023-11-09,1,0.8248847926267281,0.5877076648213535,0.6600000000000001,1,compact40,logistic
2023-11-10,1,0.41935483870967744,0.20464953080986276,0.6600000000000001,1,compact40,logistic
2023-11-11,0,0.8248847926267281,0.5929212961761139,0.6600000000000001,1,compact40,logistic
2023-11-12,0,0.2534562211981567,0.10047134540711214,0.6600000000000001,1,compact40,logistic
2023-11-13,1,0.6129032258064516,0.3778254118321913,0.6600000000000001,1,compact40,logistic
2023-11-14,1,0.7695852534562212,0.5253310609074425,0.6600000000000001,1,compact40,logistic
2023-11-15,0,0.2534562211981567,0.09977791376714334,0.6600000000000001,1,compact40,logistic
2023-11-16,0,0.3548387096774194,0.15369670114676706,0.6600000000000001,1,compact40,logistic
2023-11-17,0,0.013824884792626729,0.012763694809124414,0.6600000000000001,1,compact40,logistic
2023-11-18,0,0.2626728110599078,0.10253855142591393,0.6600000000000001,1,compact40,logistic
2023-11-19,0,0.4470046082949309,0.23888031455151748,0.6600000000000001,1,compact40,logistic
2023-11-20,0,0.3271889400921659,0.1425906162400204,0.6600000000000001,1,compact40,logistic
2023-11-21,0,0.03686635944700461,0.025998979946176372,0.6600000000000001,1,compact40,logistic
2023-11-22,0,0.18433179723502305,0.07675468986348974,0.6600000000000001,1,compact40,logistic
2023-11-23,0,0.4009216589861751,0.1854587688578247,0.6600000000000001,1,compact40,logistic
2023-11-24,0,0.20276497695852536,0.08591351574922158,0.6600000000000001,1,compact40,logistic
2023-11-25,0,0.11981566820276497,0.04813432124570127,0.6600000000000001,1,compact40,logistic
2023-11-26,0,0.03225806451612903,0.022077195947063616,0.6600000000000001,1,compact40,logistic
2023-11-27,0,0.0,0.0031995108180212744,0.6600000000000001,1,compact40,logistic
2023-11-28,0,0.1336405529953917,0.051537123115783665,0.6600000000000001,1,compact40,logistic
2023-11-29,0,0.013824884792626729,0.012402087900051196,0.6600000000000001,1,compact40,logistic
2023-11-30,0,0.28110599078341014,0.10818878615729177,0.6600000000000001,1,compact40,logistic
2023-12-01,0,0.5990783410138248,0.34993350986879634,0.6600000000000001,1,compact40,logistic
2023-12-02,0,0.4470046082949309,0.23435404637713347,0.6600000000000001,1,compact40,logistic
2023-12-03,0,0.9354838709677419,0.7909684808849232,0.6600000000000001,1,compact40,logistic
2023-12-04,0,1.0,0.9556125982946942,0.6600000000000001,1,compact40,logistic
2023-12-05,0,1.0,0.9381730145670123,0.6600000000000001,1,compact40,logistic
2023-12-06,0,0.9631336405529954,0.8190672663676288,0.6600000000000001,1,compact40,logistic
2023-12-07,1,0.9815668202764977,0.8769326576902816,0.6600000000000001,1,compact40,logistic
2023-12-08,0,0.967741935483871,0.8460054073645811,0.6600000000000001,1,compact40,logistic
2023-12-09,0,0.6820276497695853,0.44672882606036646,0.6600000000000001,1,compact40,logistic
2023-12-10,1,0.8709677419354839,0.6647423112740642,0.6600000000000001,1,compact40,logistic
2023-12-11,1,0.8018433179723502,0.5529153123084659,0.6600000000000001,1,compact40,logistic
2023-12-12,1,0.8202764976958525,0.5701078058246474,0.6600000000000001,1,compact40,logistic
2023-12-13,1,0.5852534562211982,0.3367027425108522,0.6600000000000001,1,compact40,logistic
2023-12-14,1,0.511520737327189,0.2822425590839059,0.6600000000000001,1,compact40,logistic
2023-12-15,1,0.16129032258064516,0.06839256953447426,0.6600000000000001,1,compact40,logistic
2023-12-16,0,0.6129032258064516,0.3802408891207952,0.6600000000000001,1,compact40,logistic
2023-12-17,0,0.4838709677419355,0.26688391354915597,0.6600000000000001,1,compact40,logistic
2023-12-18,0,0.6728110599078341,0.43859680318999816,0.6600000000000001,1,compact40,logistic
2023-12-19,0,0.4608294930875576,0.2480244602621364,0.6600000000000001,1,compact40,logistic
2023-12-20,0,0.5714285714285714,0.3254103132471376,0.6600000000000001,1,compact40,logistic
2023-12-21,0,0.07373271889400922,0.038522512430480924,0.6600000000000001,1,compact40,logistic
2023-12-22,0,0.42857142857142855,0.21854504968435215,0.6600000000000001,1,compact40,logistic
2023-12-23,0,0.5806451612903226,0.332493021299608,0.6600000000000001,1,compact40,logistic
2023-12-24,0,0.004608294930875576,0.003680121980414503,0.6600000000000001,1,compact40,logistic
2023-12-25,0,0.08294930875576037,0.042996020372155844,0.6600000000000001,1,compact40,logistic
2023-12-26,0,0.013824884792626729,0.012778068679084539,0.6600000000000001,1,compact40,logistic
2023-12-27,0,0.004608294930875576,0.008105871354390242,0.6600000000000001,1,compact40,logistic
2023-12-28,0,0.15668202764976957,0.0604007843529523,0.6600000000000001,1,compact40,logistic
2023-12-29,0,0.041474654377880185,0.028649214237216367,0.6600000000000001,1,compact40,logistic
2023-12-30,0,0.11981566820276497,0.04829345575255285,0.6600000000000001,1,compact40,logistic
2023-12-31,0,0.4838709677419355,0.2635120004258024,0.6600000000000001,1,compact40,logistic
2024-01-08,0,0.8705501618122977,0.6740947508483011,0.52,2,compact40,logistic
2024-01-09,0,0.8381877022653722,0.6487715316810564,0.52,2,compact40,logistic
2024-01-10,0,0.7831715210355987,0.5885616142484058,0.52,2,compact40,logistic
2024-01-11,1,0.8187702265372169,0.6220896617572755,0.52,2,compact40,logistic
2024-01-12,1,0.8122977346278317,0.6042415156825373,0.52,2,compact40,logistic
2024-01-13,1,0.8802588996763754,0.6922493600094931,0.52,2,compact40,logistic
2024-01-14,1,0.7572815533980582,0.5599670738138428,0.52,2,compact40,logistic
2024-01-15,1,0.8155339805825242,0.6172190603426627,0.52,2,compact40,logistic
2024-01-16,0,0.686084142394822,0.4953773890767643,0.52,2,compact40,logistic
2024-01-17,1,0.8317152103559871,0.6407861341020172,0.52,2,compact40,logistic
2024-01-18,1,0.8737864077669902,0.6840134971495293,0.52,2,compact40,logistic
2024-01-19,1,0.6245954692556634,0.4443240232988248,0.52,2,compact40,logistic
2024-01-20,0,0.2783171521035599,0.14379359847555123,0.52,2,compact40,logistic
2024-01-21,0,0.37216828478964403,0.22485851374701943,0.52,2,compact40,logistic
2024-01-22,0,0.3851132686084142,0.24787332255982175,0.52,2,compact40,logistic
2024-01-23,0,0.3786407766990291,0.23354881100782315,0.52,2,compact40,logistic
2024-01-24,0,0.17475728155339806,0.06978738681857029,0.52,2,compact40,logistic
2024-01-25,0,0.20064724919093851,0.08933768340620836,0.52,2,compact40,logistic
2024-01-26,0,0.11003236245954692,0.040752439431171135,0.52,2,compact40,logistic
2024-01-27,0,0.313915857605178,0.17106714900648418,0.52,2,compact40,logistic
2024-01-28,0,0.05825242718446602,0.026742065008415035,0.52,2,compact40,logistic
2024-01-29,0,0.15857605177993528,0.06486854942934636,0.52,2,compact40,logistic
2024-01-30,1,0.15857605177993528,0.06250012982772915,0.52,2,compact40,logistic
2024-01-31,0,0.18122977346278318,0.07395584745888209,0.52,2,compact40,logistic
2024-02-01,0,0.2783171521035599,0.14140298390810777,0.52,2,compact40,logistic
2024-02-02,0,0.33980582524271846,0.20143134034044094,0.52,2,compact40,logistic
2024-02-03,0,0.30097087378640774,0.1643347246137186,0.52,2,compact40,logistic
2024-02-04,0,0.8737864077669902,0.6897936413625556,0.52,2,compact40,logistic
2024-02-05,0,0.8122977346278317,0.6030126188365118,0.52,2,compact40,logistic
2024-02-06,0,0.889967637540453,0.7286805544551731,0.52,2,compact40,logistic
2024-02-07,0,0.4627831715210356,0.3107792561885857,0.52,2,compact40,logistic
2024-02-08,0,0.9514563106796117,0.8033995369868172,0.52,2,compact40,logistic
2024-02-09,0,0.9579288025889967,0.8191700040919707,0.52,2,compact40,logistic
2024-02-10,0,0.8737864077669902,0.6855748463155263,0.52,2,compact40,logistic
2024-02-11,0,0.7734627831715211,0.5816900315086698,0.52,2,compact40,logistic
2024-02-12,0,0.6375404530744336,0.4544091605593241,0.52,2,compact40,logistic
2024-02-13,0,0.4368932038834951,0.28732923512627195,0.52,2,compact40,logistic
2024-02-14,0,0.3818770226537217,0.23741562960683987,0.52,2,compact40,logistic
2024-02-15,0,0.4627831715210356,0.31163405510668934,0.52,2,compact40,logistic
2024-02-16,0,0.3851132686084142,0.24338721442192537,0.52,2,compact40,logistic
2024-02-17,0,0.6796116504854369,0.48499038333901934,0.52,2,compact40,logistic
2024-02-18,0,0.36245954692556637,0.21839570468314995,0.52,2,compact40,logistic
2024-02-19,0,0.3268608414239482,0.18158435818111257,0.52,2,compact40,logistic
2024-02-20,0,0.7216828478964401,0.5177158397508604,0.52,2,compact40,logistic
2024-02-21,0,0.6245954692556634,0.44772610761025283,0.52,2,compact40,logistic
2024-02-22,0,0.6051779935275081,0.4344380736127685,0.52,2,compact40,logistic
2024-02-23,0,0.4627831715210356,0.3122162330990625,0.52,2,compact40,logistic
2024-02-24,0,0.2815533980582524,0.14567507117275397,0.52,2,compact40,logistic
2024-02-25,0,0.038834951456310676,0.021088488876658106,0.52,2,compact40,logistic
2024-02-26,0,0.05825242718446602,0.025465638884432696,0.52,2,compact40,logistic
2024-02-27,0,0.10032362459546926,0.03747079643239919,0.52,2,compact40,logistic
2024-02-28,0,0.1262135922330097,0.05243307157728119,0.52,2,compact40,logistic
2024-02-29,0,0.2459546925566343,0.12458082178172916,0.52,2,compact40,logistic
2024-03-01,0,0.39805825242718446,0.2615585486471174,0.52,2,compact40,logistic
2024-03-02,0,0.42071197411003236,0.2807243358258482,0.52,2,compact40,logistic
2024-03-03,0,0.8640776699029126,0.6623499037666332,0.52,2,compact40,logistic
2024-03-04,0,0.889967637540453,0.7251289316003487,0.52,2,compact40,logistic
2024-03-05,0,0.9741100323624595,0.8615818512636191,0.52,2,compact40,logistic
2024-03-06,0,0.8252427184466019,0.6235929752945772,0.52,2,compact40,logistic
2024-03-07,0,0.9644012944983819,0.8347336324124482,0.52,2,compact40,logistic
2024-03-08,0,0.7799352750809061,0.5856833449392707,0.52,2,compact40,logistic
2024-03-09,1,0.8155339805825242,0.6135373551996093,0.52,2,compact40,logistic
2024-03-10,1,1.0,0.9028876473637484,0.52,2,compact40,logistic
2024-03-11,1,1.0,0.9153955603650638,0.52,2,compact40,logistic
2024-03-12,1,1.0,0.93409080684577,0.52,2,compact40,logistic
2024-03-13,1,1.0,0.9274108525861933,0.52,2,compact40,logistic
2024-03-14,1,0.9546925566343042,0.8096541228521267,0.52,2,compact40,logistic
2024-03-15,1,0.7378640776699029,0.5419429406593995,0.52,2,compact40,logistic
2024-03-16,1,0.9158576051779935,0.7609519868835676,0.52,2,compact40,logistic
2024-03-17,0,0.8155339805825242,0.6113130449126909,0.52,2,compact40,logistic
2024-03-18,0,0.49838187702265374,0.3548947076623536,0.52,2,compact40,logistic
2024-03-19,0,0.284789644012945,0.15206296785789875,0.52,2,compact40,logistic
2024-03-20,0,0.3365695792880259,0.1910933832916208,0.52,2,compact40,logistic
2024-03-21,0,0.23948220064724918,0.11988541859081733,0.52,2,compact40,logistic
2024-03-22,0,0.23300970873786409,0.11393244545766118,0.52,2,compact40,logistic
2024-03-23,0,0.3818770226537217,0.24165969390474,0.52,2,compact40,logistic
2024-03-24,0,0.1262135922330097,0.053422095286179555,0.52,2,compact40,logistic
2024-03-25,0,0.03559870550161812,0.02007336851049159,0.52,2,compact40,logistic
2024-03-26,0,0.0,0.00604819216517456,0.52,2,compact40,logistic
2024-03-27,0,0.10679611650485436,0.03972927511888797,0.52,2,compact40,logistic
2024-03-28,0,0.11003236245954692,0.043445694531319266,0.52,2,compact40,logistic
2024-03-29,0,0.08414239482200647,0.03268963230624142,0.52,2,compact40,logistic
2024-03-30,0,0.1262135922330097,0.05313557681460785,0.52,2,compact40,logistic
2024-03-31,0,0.10032362459546926,0.03562917970664593,0.52,2,compact40,logistic
2024-04-08,0,0.8775,0.709366360748921,0.8700000000000003,3,compact40,logistic
2024-04-09,0,0.905,0.7469091698194504,0.8700000000000003,3,compact40,logistic
2024-04-10,1,0.7775,0.597626154944448,0.8700000000000003,3,compact40,logistic
2024-04-11,1,0.9425,0.8191351575437275,0.8700000000000003,3,compact40,logistic
2024-04-12,0,0.935,0.8007798955602781,0.8700000000000003,3,compact40,logistic
2024-04-13,1,0.8775,0.70851130082431,0.8700000000000003,3,compact40,logistic
2024-04-14,1,0.7225,0.5366023088897252,0.8700000000000003,3,compact40,logistic
2024-04-15,1,0.435,0.28296972449721886,0.8700000000000003,3,compact40,logistic
2024-04-16,1,0.3925,0.2509650497649489,0.8700000000000003,3,compact40,logistic
2024-04-17,1,0.575,0.3956836043911919,0.8700000000000003,3,compact40,logistic
2024-04-18,1,0.7225,0.5341245709423281,0.8700000000000003,3,compact40,logistic
2024-04-19,1,0.2875,0.1581578536377612,0.8700000000000003,3,compact40,logistic
2024-04-20,1,0.305,0.18056497385649872,0.8700000000000003,3,compact40,logistic
2024-04-21,0,0.3425,0.21859709661758236,0.8700000000000003,3,compact40,logistic
2024-04-22,0,0.385,0.2465329125928025,0.8700000000000003,3,compact40,logistic
2024-04-23,0,0.305,0.1792186712824987,0.8700000000000003,3,compact40,logistic
2024-04-24,0,0.085,0.04048526859834097,0.8700000000000003,3,compact40,logistic
2024-04-25,0,0.135,0.0653809949231959,0.8700000000000003,3,compact40,logistic
2024-04-26,0,0.0975,0.04663698155828991,0.8700000000000003,3,compact40,logistic
2024-04-27,0,0.1075,0.05140812322301857,0.8700000000000003,3,compact40,logistic
2024-04-28,0,0.0075,0.014675373078877833,0.8700000000000003,3,compact40,logistic
2024-04-29,0,0.0125,0.01709430911237818,0.8700000000000003,3,compact40,logistic
2024-04-30,0,0.0075,0.012339624429583416,0.8700000000000003,3,compact40,logistic
2024-05-01,0,0.0475,0.029493290730513034,0.8700000000000003,3,compact40,logistic
2024-05-02,0,0.025,0.02192710681550591,0.8700000000000003,3,compact40,logistic
2024-05-03,0,0.14,0.06915948236151322,0.8700000000000003,3,compact40,logistic
2024-05-04,0,0.2125,0.11089612851479312,0.8700000000000003,3,compact40,logistic
2024-05-05,0,0.79,0.6111602907111059,0.8700000000000003,3,compact40,logistic
2024-05-06,0,0.7325,0.5434810160738353,0.8700000000000003,3,compact40,logistic
2024-05-07,0,0.7825,0.6088199526390591,0.8700000000000003,3,compact40,logistic
2024-05-08,0,0.8225,0.6524996449969072,0.8700000000000003,3,compact40,logistic
2024-05-09,0,0.7225,0.53112326849006,0.8700000000000003,3,compact40,logistic
2024-05-10,0,0.7325,0.5445917165091492,0.8700000000000003,3,compact40,logistic
2024-05-11,0,0.795,0.6178002758820571,0.8700000000000003,3,compact40,logistic
2024-05-12,0,0.825,0.656673478722044,0.8700000000000003,3,compact40,logistic
2024-05-13,0,0.5675,0.38987738997573734,0.8700000000000003,3,compact40,logistic
2024-05-14,0,0.575,0.3949586949262586,0.8700000000000003,3,compact40,logistic
2024-05-15,0,0.6375,0.45247415230656385,0.8700000000000003,3,compact40,logistic
2024-05-16,0,0.765,0.5859350300057043,0.8700000000000003,3,compact40,logistic
2024-05-17,1,0.825,0.6548281528685225,0.8700000000000003,3,compact40,logistic
2024-05-18,0,0.805,0.6281487003069461,0.8700000000000003,3,compact40,logistic
2024-05-19,0,0.41,0.2673166692236097,0.8700000000000003,3,compact40,logistic
2024-05-20,0,0.4575,0.3099342320829133,0.8700000000000003,3,compact40,logistic
2024-05-21,0,0.37,0.22952171947489494,0.8700000000000003,3,compact40,logistic
2024-05-22,0,0.6,0.41783274089381545,0.8700000000000003,3,compact40,logistic
2024-05-23,0,0.745,0.5546864690296518,0.8700000000000003,3,compact40,logistic
2024-05-24,0,0.2875,0.16654644664820803,0.8700000000000003,3,compact40,logistic
2024-05-25,0,0.26,0.13992660128122578,0.8700000000000003,3,compact40,logistic
2024-05-26,0,0.0375,0.024436084305386865,0.8700000000000003,3,compact40,logistic
2024-05-27,0,0.1525,0.07637014120177005,0.8700000000000003,3,compact40,logistic
2024-05-28,0,0.105,0.051178155413954526,0.8700000000000003,3,compact40,logistic
2024-05-29,0,0.265,0.14473916080369215,0.8700000000000003,3,compact40,logistic
2024-05-30,0,0.1325,0.061554367171719054,0.8700000000000003,3,compact40,logistic
2024-05-31,0,0.195,0.09914299176054082,0.8700000000000003,3,compact40,logistic
2024-06-01,0,0.2575,0.13786571695097347,0.8700000000000003,3,compact40,logistic
2024-06-02,0,0.905,0.733410178596004,0.8700000000000003,3,compact40,logistic
2024-06-03,0,0.925,0.7839321824862636,0.8700000000000003,3,compact40,logistic
2024-06-04,0,0.8125,0.6384618889994663,0.8700000000000003,3,compact40,logistic
2024-06-05,0,0.6775,0.48679350288166334,0.8700000000000003,3,compact40,logistic
2024-06-06,0,0.745,0.5538446568092047,0.8700000000000003,3,compact40,logistic
2024-06-07,0,0.78,0.6007943219500986,0.8700000000000003,3,compact40,logistic
2024-06-08,0,0.815,0.6467427694317976,0.8700000000000003,3,compact40,logistic
2024-06-09,0,0.745,0.5616375787943095,0.8700000000000003,3,compact40,logistic
2024-06-10,0,0.575,0.39778789671188347,0.8700000000000003,3,compact40,logistic
2024-06-11,0,0.6425,0.45490936500090856,0.8700000000000003,3,compact40,logistic
2024-06-12,0,0.58,0.40096010786717157,0.8700000000000003,3,compact40,logistic
2024-06-13,0,0.465,0.3127914264423365,0.8700000000000003,3,compact40,logistic
2024-06-14,1,0.5975,0.4138236117341626,0.8700000000000003,3,compact40,logistic
2024-06-15,1,0.86,0.6882979153909831,0.8700000000000003,3,compact40,logistic
2024-06-16,1,0.9675,0.8530841769919808,0.8700000000000003,3,compact40,logistic
2024-06-17,1,0.9175,0.7674929956274611,0.8700000000000003,3,compact40,logistic
2024-06-18,1,0.9575,0.8365230338642585,0.8700000000000003,3,compact40,logistic
2024-06-19,1,0.7175,0.5281514670314332,0.8700000000000003,3,compact40,logistic
2024-06-20,1,0.7075,0.516966831225162,0.8700000000000003,3,compact40,logistic
2024-06-21,1,0.8325,0.664518988221554,0.8700000000000003,3,compact40,logistic
2024-06-22,0,0.7225,0.5354672837098546,0.8700000000000003,3,compact40,logistic
2024-06-23,0,0.0975,0.0445154373115814,0.8700000000000003,3,compact40,logistic
2024-06-24,0,0.0975,0.04712041498885831,0.8700000000000003,3,compact40,logistic
2024-06-25,0,0.0375,0.025103779376865528,0.8700000000000003,3,compact40,logistic
2024-06-26,0,0.0425,0.02731113555662306,0.8700000000000003,3,compact40,logistic
2024-06-27,0,0.14,0.06910348165411685,0.8700000000000003,3,compact40,logistic
2024-06-28,0,0.06,0.03289601578782065,0.8700000000000003,3,compact40,logistic
2024-06-29,0,0.0575,0.031438132714856716,0.8700000000000003,3,compact40,logistic
2024-06-30,0,0.045,0.028956076152511456,0.8700000000000003,3,compact40,logistic
2024-07-08,0,0.7983706720977597,0.6232204899068282,0.8400000000000003,4,compact40,logistic
2024-07-09,0,0.9124236252545825,0.7316868690078164,0.8400000000000003,4,compact40,logistic
2024-07-10,0,0.8574338085539714,0.6820197020979258,0.8400000000000003,4,compact40,logistic
2024-07-11,0,0.6741344195519349,0.5222497294659506,0.8400000000000003,4,compact40,logistic
2024-07-12,0,0.5274949083503055,0.4203132083393147,0.8400000000000003,4,compact40,logistic
2024-07-13,0,0.4215885947046843,0.3230415263220084,0.8400000000000003,4,compact40,logistic
2024-07-14,1,0.7494908350305499,0.5915819459416076,0.8400000000000003,4,compact40,logistic
2024-07-15,1,0.6313645621181263,0.4965047219791233,0.8400000000000003,4,compact40,logistic
2024-07-16,0,0.5723014256619144,0.4549580333008337,0.8400000000000003,4,compact40,logistic
2024-07-17,1,0.40122199592668023,0.30192898762501036,0.8400000000000003,4,compact40,logistic
2024-07-18,1,0.40325865580448067,0.30395936079227975,0.8400000000000003,4,compact40,logistic
2024-07-19,0,0.5804480651731161,0.46436508515336866,0.8400000000000003,4,compact40,logistic
2024-07-20,0,0.8553971486761711,0.6774298924333604,0.8400000000000003,4,compact40,logistic
2024-07-21,0,0.5458248472505092,0.4394661935849447,0.8400000000000003,4,compact40,logistic
2024-07-22,0,0.4175152749490835,0.31805838834088324,0.8400000000000003,4,compact40,logistic
2024-07-23,0,0.4195519348268839,0.3218599537064157,0.8400000000000003,4,compact40,logistic
2024-07-24,0,0.1384928716904277,0.06190551542373339,0.8400000000000003,4,compact40,logistic
2024-07-25,0,0.2525458248472505,0.15944469610472997,0.8400000000000003,4,compact40,logistic
2024-07-26,0,0.2668024439918534,0.17186574012932332,0.8400000000000003,4,compact40,logistic
2024-07-27,0,0.2158859470468432,0.11370084517287914,0.8400000000000003,4,compact40,logistic
2024-07-28,0,0.020366598778004074,0.0177920373242164,0.8400000000000003,4,compact40,logistic
2024-07-29,0,0.14867617107942974,0.06752063974330615,0.8400000000000003,4,compact40,logistic
2024-07-30,0,0.004073319755600814,0.012257779715230944,0.8400000000000003,4,compact40,logistic
2024-07-31,0,0.15071283095723015,0.07037446482719473,0.8400000000000003,4,compact40,logistic
2024-08-01,0,0.2830957230142566,0.1856315502035873,0.8400000000000003,4,compact40,logistic
2024-08-02,0,0.19959266802443992,0.10563481897792364,0.8400000000000003,4,compact40,logistic
2024-08-03,0,0.17718940936863545,0.08955959642233509,0.8400000000000003,4,compact40,logistic
2024-08-04,0,0.8737270875763747,0.7003984378354288,0.8400000000000003,4,compact40,logistic
2024-08-05,0,0.7087576374745418,0.5465174398003174,0.8400000000000003,4,compact40,logistic
2024-08-06,0,0.7189409368635438,0.5540362717598821,0.8400000000000003,4,compact40,logistic
2024-08-07,0,0.7067209775967414,0.5450473289497474,0.8400000000000003,4,compact40,logistic
2024-08-08,0,0.9735234215885947,0.8462119260961487,0.8400000000000003,4,compact40,logistic
2024-08-09,0,0.90020366598778,0.7204935883924932,0.8400000000000003,4,compact40,logistic
2024-08-10,0,0.9205702647657841,0.7513164407397587,0.8400000000000003,4,compact40,logistic
2024-08-11,0,0.879837067209776,0.7088328930218891,0.8400000000000003,4,compact40,logistic
2024-08-12,0,0.8431771894093686,0.6697576304325429,0.8400000000000003,4,compact40,logistic
2024-08-13,0,0.8289205702647657,0.6551668197238336,0.8400000000000003,4,compact40,logistic
2024-08-14,1,0.7963340122199593,0.6215832001627818,0.8400000000000003,4,compact40,logistic
2024-08-15,0,0.7169042769857433,0.5531857492523456,0.8400000000000003,4,compact40,logistic
2024-08-16,0,0.7372708757637475,0.5775087564321411,0.8400000000000003,4,compact40,logistic
2024-08-17,0,0.5315682281059063,0.425756548875581,0.8400000000000003,4,compact40,logistic
2024-08-18,0,0.5274949083503055,0.42018014821586375,0.8400000000000003,4,compact40,logistic
2024-08-19,0,0.6293279022403259,0.4952317708108757,0.8400000000000003,4,compact40,logistic
2023-07-08,0,0.832,0.4552372685700516,0.8900000000000003,0,compact40,extra_trees
2023-07-09,0,0.76,0.4118289268209182,0.8900000000000003,0,compact40,extra_trees
2023-07-10,0,0.272,0.12713252417167367,0.8900000000000003,0,compact40,extra_trees
2023-07-11,0,0.84,0.48587906289559085,0.8900000000000003,0,compact40,extra_trees
2023-07-12,0,0.488,0.2822601908776497,0.8900000000000003,0,compact40,extra_trees
2023-07-13,1,0.856,0.5139966338474765,0.8900000000000003,0,compact40,extra_trees
2023-07-14,1,0.856,0.5194830066508631,0.8900000000000003,0,compact40,extra_trees
2023-07-15,0,0.512,0.296629679212785,0.8900000000000003,0,compact40,extra_trees
2023-07-16,0,0.84,0.46721324372496936,0.8900000000000003,0,compact40,extra_trees
2023-07-17,0,0.872,0.544812773621672,0.8900000000000003,0,compact40,extra_trees
2023-07-18,0,0.84,0.4642656846563069,0.8900000000000003,0,compact40,extra_trees
2023-07-19,0,0.8,0.4331581151644704,0.8900000000000003,0,compact40,extra_trees
2023-07-20,0,0.84,0.45796391547527954,0.8900000000000003,0,compact40,extra_trees
2023-07-21,0,0.6,0.32358085767922035,0.8900000000000003,0,compact40,extra_trees
2023-07-22,0,0.328,0.18644496526947146,0.8900000000000003,0,compact40,extra_trees
2023-07-23,0,0.456,0.2775466428908481,0.8900000000000003,0,compact40,extra_trees
2023-07-24,0,0.056,0.016576761795126616,0.8900000000000003,0,compact40,extra_trees
2023-07-25,0,0.048,0.01193576686574419,0.8900000000000003,0,compact40,extra_trees
2023-07-26,0,0.048,0.011805070417963973,0.8900000000000003,0,compact40,extra_trees
2023-07-27,0,0.024,0.008107038398981558,0.8900000000000003,0,compact40,extra_trees
2023-07-28,0,0.168,0.03110567605860358,0.8900000000000003,0,compact40,extra_trees
2023-07-29,0,0.048,0.014140954403764302,0.8900000000000003,0,compact40,extra_trees
2023-07-30,0,0.168,0.02854435456838789,0.8900000000000003,0,compact40,extra_trees
2023-07-31,0,0.136,0.02364149773537418,0.8900000000000003,0,compact40,extra_trees
2023-08-01,0,0.6,0.32491585175573706,0.8900000000000003,0,compact40,extra_trees
2023-08-02,0,0.488,0.28437104002797287,0.8900000000000003,0,compact40,extra_trees
2023-08-03,0,0.736,0.38560945998901647,0.8900000000000003,0,compact40,extra_trees
2023-08-04,0,0.704,0.3632152219263847,0.8900000000000003,0,compact40,extra_trees
2023-08-05,0,0.776,0.42179464915438275,0.8900000000000003,0,compact40,extra_trees
2023-08-06,0,0.912,0.6673395145196006,0.8900000000000003,0,compact40,extra_trees
2023-08-07,0,0.84,0.4573057218519214,0.8900000000000003,0,compact40,extra_trees
2023-08-08,0,0.84,0.45930488853673057,0.8900000000000003,0,compact40,extra_trees
2023-08-09,0,0.784,0.4221928440533708,0.8900000000000003,0,compact40,extra_trees
2023-08-10,0,0.872,0.5419013534233014,0.8900000000000003,0,compact40,extra_trees
2023-08-11,0,0.872,0.5448245877584131,0.8900000000000003,0,compact40,extra_trees
2023-08-12,0,0.88,0.5870391411537655,0.8900000000000003,0,compact40,extra_trees
2023-08-13,0,0.448,0.27091054331436965,0.8900000000000003,0,compact40,extra_trees
2023-08-14,0,0.32,0.184830285532185,0.8900000000000003,0,compact40,extra_trees
2023-08-15,0,0.576,0.3212560865303012,0.8900000000000003,0,compact40,extra_trees
2023-08-16,0,0.84,0.4655164653364244,0.8900000000000003,0,compact40,extra_trees
2023-08-17,0,0.528,0.30334630873753454,0.8900000000000003,0,compact40,extra_trees
2023-08-18,1,0.616,0.3359115340937172,0.8900000000000003,0,compact40,extra_trees
2023-08-19,0,0.752,0.399499684091586,0.8900000000000003,0,compact40,extra_trees
2023-08-20,0,0.424,0.2649526528117373,0.8900000000000003,0,compact40,extra_trees
2023-08-21,0,0.776,0.41988215772112997,0.8900000000000003,0,compact40,extra_trees
2023-08-22,0,0.896,0.6235794988258954,0.8900000000000003,0,compact40,extra_trees
2023-08-23,0,0.416,0.26275067305373356,0.8900000000000003,0,compact40,extra_trees
2023-08-24,0,0.256,0.059481377345129996,0.8900000000000003,0,compact40,extra_trees
2023-08-25,0,0.096,0.019928166111879773,0.8900000000000003,0,compact40,extra_trees
2023-08-26,0,0.184,0.035270601848020555,0.8900000000000003,0,compact40,extra_trees
2023-08-27,0,0.256,0.060347536261472344,0.8900000000000003,0,compact40,extra_trees
2023-08-28,0,0.112,0.02139939834874027,0.8900000000000003,0,compact40,extra_trees
2023-08-29,0,0.048,0.011878720998960078,0.8900000000000003,0,compact40,extra_trees
2023-08-30,0,0.048,0.014758202695324775,0.8900000000000003,0,compact40,extra_trees
2023-08-31,0,0.144,0.025010544085552967,0.8900000000000003,0,compact40,extra_trees
2023-09-01,0,0.816,0.4407039220225478,0.8900000000000003,0,compact40,extra_trees
2023-09-02,0,0.296,0.17254175508553765,0.8900000000000003,0,compact40,extra_trees
2023-09-03,0,0.896,0.6287055782244841,0.8900000000000003,0,compact40,extra_trees
2023-09-04,0,0.568,0.3148991630408388,0.8900000000000003,0,compact40,extra_trees
2023-09-05,1,0.864,0.5262057705640159,0.8900000000000003,0,compact40,extra_trees
2023-09-06,1,0.488,0.28299223705938475,0.8900000000000003,0,compact40,extra_trees
2023-09-07,1,0.84,0.4815160905716526,0.8900000000000003,0,compact40,extra_trees
2023-09-08,1,0.888,0.6033685909300754,0.8900000000000003,0,compact40,extra_trees
2023-09-09,0,0.816,0.43983899443757885,0.8900000000000003,0,compact40,extra_trees
2023-09-10,0,0.336,0.19630870381461168,0.8900000000000003,0,compact40,extra_trees
2023-09-11,0,0.552,0.30784438510889744,0.8900000000000003,0,compact40,extra_trees
2023-09-12,0,0.84,0.4865592060052449,0.8900000000000003,0,compact40,extra_trees
2023-09-13,0,0.352,0.21476814953233353,0.8900000000000003,0,compact40,extra_trees
2023-09-14,0,0.36,0.23505814392387578,0.8900000000000003,0,compact40,extra_trees
2023-09-15,0,0.408,0.2585147633411777,0.8900000000000003,0,compact40,extra_trees
2023-09-16,0,0.808,0.4345983907244062,0.8900000000000003,0,compact40,extra_trees
2023-09-17,0,0.712,0.3690010914322316,0.8900000000000003,0,compact40,extra_trees
2023-09-18,0,0.392,0.25364385039046905,0.8900000000000003,0,compact40,extra_trees
2023-09-19,0,0.32,0.17761011097099746,0.8900000000000003,0,compact40,extra_trees
2023-09-20,0,0.648,0.3473724958028246,0.8900000000000003,0,compact40,extra_trees
2023-09-21,0,0.864,0.5236215353879258,0.8900000000000003,0,compact40,extra_trees
2023-09-22,0,0.76,0.4130124946301983,0.8900000000000003,0,compact40,extra_trees
2023-09-23,0,0.792,0.4292689120655438,0.8900000000000003,0,compact40,extra_trees
2023-09-24,0,0.024,0.007684801090823059,0.8900000000000003,0,compact40,extra_trees
2023-09-25,0,0.024,0.00750529393475401,0.8900000000000003,0,compact40,extra_trees
2023-09-26,0,0.216,0.0485394148757149,0.8900000000000003,0,compact40,extra_trees
2023-09-27,0,0.112,0.021294701400165955,0.8900000000000003,0,compact40,extra_trees
2023-09-28,0,0.128,0.021778978217105855,0.8900000000000003,0,compact40,extra_trees
2023-09-29,0,0.184,0.034854442412378644,0.8900000000000003,0,compact40,extra_trees
2023-09-30,0,0.16,0.026429643307267436,0.8900000000000003,0,compact40,extra_trees
2023-10-08,0,0.7050691244239631,0.4216217526451132,0.7000000000000002,1,compact40,extra_trees
2023-10-09,0,0.5576036866359447,0.3461414306853247,0.7000000000000002,1,compact40,extra_trees
2023-10-10,0,0.8294930875576036,0.5289630598866071,0.7000000000000002,1,compact40,extra_trees
2023-10-11,0,0.8202764976958525,0.5219394162362864,0.7000000000000002,1,compact40,extra_trees
2023-10-12,0,0.7419354838709677,0.44889109435922026,0.7000000000000002,1,compact40,extra_trees
2023-10-13,1,0.4838709677419355,0.30469747951826054,0.7000000000000002,1,compact40,extra_trees
2023-10-14,1,0.5990783410138248,0.374664689737209,0.7000000000000002,1,compact40,extra_trees
2023-10-15,0,0.8525345622119815,0.5524870499178115,0.7000000000000002,1,compact40,extra_trees
2023-10-16,1,0.8341013824884793,0.5343391494922326,0.7000000000000002,1,compact40,extra_trees
2023-10-17,1,0.8294930875576036,0.5305239350626347,0.7000000000000002,1,compact40,extra_trees
2023-10-18,0,0.5714285714285714,0.3496935912710706,0.7000000000000002,1,compact40,extra_trees
2023-10-19,0,0.46543778801843316,0.2899164856375748,0.7000000000000002,1,compact40,extra_trees
2023-10-20,0,0.663594470046083,0.4042729080028995,0.7000000000000002,1,compact40,extra_trees
2023-10-21,0,0.41935483870967744,0.2689610083202538,0.7000000000000002,1,compact40,extra_trees
2023-10-22,0,0.2304147465437788,0.07928309045874839,0.7000000000000002,1,compact40,extra_trees
2023-10-23,0,0.3778801843317972,0.23165172444942317,0.7000000000000002,1,compact40,extra_trees
2023-10-24,0,0.22119815668202766,0.04782054246292619,0.7000000000000002,1,compact40,extra_trees
2023-10-25,0,0.07834101382488479,0.01020717736522565,0.7000000000000002,1,compact40,extra_trees
2023-10-26,0,0.1336405529953917,0.014514413836159302,0.7000000000000002,1,compact40,extra_trees
2023-10-27,0,0.04608294930875576,0.006954376131421951,0.7000000000000002,1,compact40,extra_trees
2023-10-28,0,0.055299539170506916,0.007595802435906976,0.7000000000000002,1,compact40,extra_trees
2023-10-29,0,0.2073732718894009,0.03136025802006518,0.7000000000000002,1,compact40,extra_trees
2023-10-30,0,0.18433179723502305,0.025359048733417804,0.7000000000000002,1,compact40,extra_trees
2023-10-31,0,0.18433179723502305,0.022966132692689097,0.7000000000000002,1,compact40,extra_trees
2023-11-01,0,0.783410138248848,0.48212811462259986,0.7000000000000002,1,compact40,extra_trees
2023-11-02,0,0.7327188940092166,0.44166809703268967,0.7000000000000002,1,compact40,extra_trees
2023-11-03,0,0.8571428571428571,0.5652170985823404,0.7000000000000002,1,compact40,extra_trees
2023-11-04,0,0.8525345622119815,0.5548875961350846,0.7000000000000002,1,compact40,extra_trees
2023-11-05,0,0.8064516129032258,0.5141371308684739,0.7000000000000002,1,compact40,extra_trees
2023-11-06,0,0.8064516129032258,0.5095955318072244,0.7000000000000002,1,compact40,extra_trees
2023-11-07,0,0.8986175115207373,0.6280966054112349,0.7000000000000002,1,compact40,extra_trees
2023-11-08,0,0.8202764976958525,0.5255910801324798,0.7000000000000002,1,compact40,extra_trees
2023-11-09,1,0.9170506912442397,0.6644530340616787,0.7000000000000002,1,compact40,extra_trees
2023-11-10,1,0.6682027649769585,0.40896406923242534,0.7000000000000002,1,compact40,extra_trees
2023-11-11,0,0.7419354838709677,0.44797815947158803,0.7000000000000002,1,compact40,extra_trees
2023-11-12,0,0.663594470046083,0.40740075139198967,0.7000000000000002,1,compact40,extra_trees
2023-11-13,1,0.7880184331797235,0.4861470388432667,0.7000000000000002,1,compact40,extra_trees
2023-11-14,1,0.7373271889400922,0.4431317012378734,0.7000000000000002,1,compact40,extra_trees
2023-11-15,0,0.5714285714285714,0.3494176971991431,0.7000000000000002,1,compact40,extra_trees
2023-11-16,0,0.5253456221198156,0.3309025031647082,0.7000000000000002,1,compact40,extra_trees
2023-11-17,0,0.3225806451612903,0.18789708268310426,0.7000000000000002,1,compact40,extra_trees
2023-11-18,0,0.2857142857142857,0.154168615049691,0.7000000000000002,1,compact40,extra_trees
2023-11-19,0,0.5253456221198156,0.3300173440932645,0.7000000000000002,1,compact40,extra_trees
2023-11-20,0,0.5898617511520737,0.3579833901380413,0.7000000000000002,1,compact40,extra_trees
2023-11-21,0,0.2534562211981567,0.0999863085342287,0.7000000000000002,1,compact40,extra_trees
2023-11-22,0,0.29493087557603687,0.15643564904299723,0.7000000000000002,1,compact40,extra_trees
2023-11-23,0,0.3870967741935484,0.23442893282499902,0.7000000000000002,1,compact40,extra_trees
2023-11-24,0,0.2304147465437788,0.0660698499431678,0.7000000000000002,1,compact40,extra_trees
2023-11-25,0,0.2073732718894009,0.032382663702681294,0.7000000000000002,1,compact40,extra_trees
2023-11-26,0,0.22119815668202766,0.046522179325996775,0.7000000000000002,1,compact40,extra_trees
2023-11-27,0,0.055299539170506916,0.008061539222601105,0.7000000000000002,1,compact40,extra_trees
2023-11-28,0,0.06912442396313365,0.00935456743429427,0.7000000000000002,1,compact40,extra_trees
2023-11-29,0,0.1336405529953917,0.014171187797333534,0.7000000000000002,1,compact40,extra_trees
2023-11-30,0,0.17511520737327188,0.021290308224856724,0.7000000000000002,1,compact40,extra_trees
2023-12-01,0,0.47465437788018433,0.30113619026768196,0.7000000000000002,1,compact40,extra_trees
2023-12-02,0,0.5898617511520737,0.3570264334782391,0.7000000000000002,1,compact40,extra_trees
2023-12-03,0,0.8617511520737328,0.5833076413357786,0.7000000000000002,1,compact40,extra_trees
2023-12-04,0,0.9539170506912442,0.7142805973456909,0.7000000000000002,1,compact40,extra_trees
2023-12-05,0,0.9078341013824884,0.6572414783506589,0.7000000000000002,1,compact40,extra_trees
2023-12-06,0,0.967741935483871,0.7497613691227969,0.7000000000000002,1,compact40,extra_trees
2023-12-07,1,0.9631336405529954,0.7347560344245319,0.7000000000000002,1,compact40,extra_trees
2023-12-08,0,0.880184331797235,0.6020467767187905,0.7000000000000002,1,compact40,extra_trees
2023-12-09,0,0.7926267281105991,0.49379433128036776,0.7000000000000002,1,compact40,extra_trees
2023-12-10,1,0.7926267281105991,0.4917969089747873,0.7000000000000002,1,compact40,extra_trees
2023-12-11,1,0.8341013824884793,0.530895234485719,0.7000000000000002,1,compact40,extra_trees
2023-12-12,1,0.8202764976958525,0.5223311854220715,0.7000000000000002,1,compact40,extra_trees
2023-12-13,1,0.7649769585253456,0.4590744564972077,0.7000000000000002,1,compact40,extra_trees
2023-12-14,1,0.695852534562212,0.41854173757375274,0.7000000000000002,1,compact40,extra_trees
2023-12-15,1,0.28110599078341014,0.14629844393588248,0.7000000000000002,1,compact40,extra_trees
2023-12-16,0,0.543778801843318,0.3387470775202306,0.7000000000000002,1,compact40,extra_trees
2023-12-17,0,0.4009216589861751,0.25271264109565844,0.7000000000000002,1,compact40,extra_trees
2023-12-18,0,0.7557603686635944,0.45213822167277384,0.7000000000000002,1,compact40,extra_trees
2023-12-19,0,0.5207373271889401,0.32638122045592977,0.7000000000000002,1,compact40,extra_trees
2023-12-20,0,0.6682027649769585,0.40903936572515853,0.7000000000000002,1,compact40,extra_trees
2023-12-21,0,0.2534562211981567,0.0980512951112261,0.7000000000000002,1,compact40,extra_trees
2023-12-22,0,0.423963133640553,0.2770954011342858,0.7000000000000002,1,compact40,extra_trees
2023-12-23,0,0.511520737327189,0.321452878604675,0.7000000000000002,1,compact40,extra_trees
2023-12-24,0,0.018433179723502304,0.004242662954453433,0.7000000000000002,1,compact40,extra_trees
2023-12-25,0,0.11059907834101383,0.01188599830630888,0.7000000000000002,1,compact40,extra_trees
2023-12-26,0,0.19815668202764977,0.026886617091254773,0.7000000000000002,1,compact40,extra_trees
2023-12-27,0,0.1152073732718894,0.01250107102248338,0.7000000000000002,1,compact40,extra_trees
2023-12-28,0,0.1152073732718894,0.012031726674055098,0.7000000000000002,1,compact40,extra_trees
2023-12-29,0,0.041474654377880185,0.00580968828028961,0.7000000000000002,1,compact40,extra_trees
2023-12-30,0,0.059907834101382486,0.008382846304022471,0.7000000000000002,1,compact40,extra_trees
2023-12-31,0,0.2119815668202765,0.04239809649803616,0.7000000000000002,1,compact40,extra_trees
2024-01-08,0,0.6796116504854369,0.4887505900639779,0.56,2,compact40,extra_trees
2024-01-09,0,0.8770226537216829,0.6516771816513975,0.56,2,compact40,extra_trees
2024-01-10,0,0.9158576051779935,0.6591561915143297,0.56,2,compact40,extra_trees
2024-01-11,1,0.6957928802588996,0.5014809531043537,0.56,2,compact40,extra_trees
2024-01-12,1,0.9385113268608414,0.6794723024826443,0.56,2,compact40,extra_trees
2024-01-13,1,0.8737864077669902,0.6487147354323924,0.56,2,compact40,extra_trees
2024-01-14,1,0.7022653721682848,0.5038448880018915,0.56,2,compact40,extra_trees
2024-01-15,1,0.8543689320388349,0.6219652350339444,0.56,2,compact40,extra_trees
2024-01-16,0,0.8220064724919094,0.5902240421941446,0.56,2,compact40,extra_trees
2024-01-17,1,0.941747572815534,0.687862584800005,0.56,2,compact40,extra_trees
2024-01-18,1,0.8381877022653722,0.6101701255957074,0.56,2,compact40,extra_trees
2024-01-19,1,0.5954692556634305,0.42861560341634597,0.56,2,compact40,extra_trees
2024-01-20,0,0.37540453074433655,0.2825168347022517,0.56,2,compact40,extra_trees
2024-01-21,0,0.36893203883495146,0.2674442870650113,0.56,2,compact40,extra_trees
2024-01-22,0,0.2912621359223301,0.1910374248581314,0.56,2,compact40,extra_trees
2024-01-23,0,0.26537216828478966,0.15061202475351204,0.56,2,compact40,extra_trees
2024-01-24,0,0.17475728155339806,0.012964492360502728,0.56,2,compact40,extra_trees
2024-01-25,0,0.255663430420712,0.0404661233176613,0.56,2,compact40,extra_trees
2024-01-26,0,0.11003236245954692,0.0066236905019812515,0.56,2,compact40,extra_trees
2024-01-27,0,0.2297734627831715,0.021489577271071817,0.56,2,compact40,extra_trees
2024-01-28,0,0.12944983818770225,0.008022416321985108,0.56,2,compact40,extra_trees
2024-01-29,0,0.11003236245954692,0.006002520680061216,0.56,2,compact40,extra_trees
2024-01-30,1,0.042071197411003236,0.002467649304892839,0.56,2,compact40,extra_trees
2024-01-31,0,0.2297734627831715,0.02496826405790568,0.56,2,compact40,extra_trees
2024-02-01,0,0.2912621359223301,0.1890910903586764,0.56,2,compact40,extra_trees
2024-02-02,0,0.35275080906148865,0.25576650162260334,0.56,2,compact40,extra_trees
2024-02-03,0,0.3818770226537217,0.288714016106877,0.56,2,compact40,extra_trees
2024-02-04,0,0.8478964401294499,0.6147022075124645,0.56,2,compact40,extra_trees
2024-02-05,0,0.8737864077669902,0.6501901613709007,0.56,2,compact40,extra_trees
2024-02-06,0,0.9158576051779935,0.6579216333963641,0.56,2,compact40,extra_trees
2024-02-07,0,0.540453074433657,0.3994686709875081,0.56,2,compact40,extra_trees
2024-02-08,0,0.9676375404530745,0.745924417750912,0.56,2,compact40,extra_trees
2024-02-09,0,0.9805825242718447,0.7685693531961116,0.56,2,compact40,extra_trees
2024-02-10,0,0.8090614886731392,0.5826149801980077,0.56,2,compact40,extra_trees
2024-02-11,0,0.7572815533980582,0.5461131890974812,0.56,2,compact40,extra_trees
2024-02-12,0,0.6763754045307443,0.48418687603384447,0.56,2,compact40,extra_trees
2024-02-13,0,0.3365695792880259,0.24576664843779814,0.56,2,compact40,extra_trees
2024-02-14,0,0.5307443365695793,0.38792037988932876,0.56,2,compact40,extra_trees
2024-02-15,0,0.4854368932038835,0.3627505027686524,0.56,2,compact40,extra_trees
2024-02-16,0,0.5080906148867314,0.3727126895641954,0.56,2,compact40,extra_trees
2024-02-17,0,0.5307443365695793,0.3910478164958013,0.56,2,compact40,extra_trees
2024-02-18,0,0.4854368932038835,0.36133463584116426,0.56,2,compact40,extra_trees
2024-02-19,0,0.36893203883495146,0.27005605953976475,0.56,2,compact40,extra_trees
2024-02-20,0,0.7152103559870551,0.5240702716306529,0.56,2,compact40,extra_trees
2024-02-21,0,0.6407766990291263,0.45230664148958816,0.56,2,compact40,extra_trees
2024-02-22,0,0.6763754045307443,0.4861476026702602,0.56,2,compact40,extra_trees
2024-02-23,0,0.7055016181229773,0.5058228933573161,0.56,2,compact40,extra_trees
2024-02-24,0,0.16181229773462782,0.010478693157156794,0.56,2,compact40,extra_trees
2024-02-25,0,0.016181229773462782,0.0009272139454782015,0.56,2,compact40,extra_trees
2024-02-26,0,0.006472491909385114,0.0005542957923910301,0.56,2,compact40,extra_trees
2024-02-27,0,0.16181229773462782,0.010471692840932202,0.56,2,compact40,extra_trees
2024-02-28,0,0.12944983818770225,0.007934940444306635,0.56,2,compact40,extra_trees
2024-02-29,0,0.2297734627831715,0.02423072146123453,0.56,2,compact40,extra_trees
2024-03-01,0,0.3818770226537217,0.2913201666434561,0.56,2,compact40,extra_trees
2024-03-02,0,0.42071197411003236,0.3148354894293974,0.56,2,compact40,extra_trees
2024-03-03,0,0.7637540453074434,0.5495570625172049,0.56,2,compact40,extra_trees
2024-03-04,0,0.8381877022653722,0.6077812643849285,0.56,2,compact40,extra_trees
2024-03-05,0,0.8090614886731392,0.5756457601445897,0.56,2,compact40,extra_trees
2024-03-06,0,0.5307443365695793,0.38972295516494115,0.56,2,compact40,extra_trees
2024-03-07,0,0.8576051779935275,0.6306268795528145,0.56,2,compact40,extra_trees
2024-03-08,0,0.7313915857605178,0.5325509837090916,0.56,2,compact40,extra_trees
2024-03-09,1,0.4919093851132686,0.36627366369574826,0.56,2,compact40,extra_trees
2024-03-10,1,0.9741100323624595,0.7502615860337437,0.56,2,compact40,extra_trees
2024-03-11,1,0.9546925566343042,0.7285112959002148,0.56,2,compact40,extra_trees
2024-03-12,1,0.9773462783171522,0.759624771771945,0.56,2,compact40,extra_trees
2024-03-13,1,0.9773462783171522,0.7603964475670908,0.56,2,compact40,extra_trees
2024-03-14,1,0.9352750809061489,0.6769309685280449,0.56,2,compact40,extra_trees
2024-03-15,1,0.8090614886731392,0.5819863386963596,0.56,2,compact40,extra_trees
2024-03-16,1,0.8576051779935275,0.6295804163127098,0.56,2,compact40,extra_trees
2024-03-17,0,0.6925566343042071,0.49786311520742,0.56,2,compact40,extra_trees
2024-03-18,0,0.459546925566343,0.34605463463900826,0.56,2,compact40,extra_trees
2024-03-19,0,0.2912621359223301,0.20004254805091032,0.56,2,compact40,extra_trees
2024-03-20,0,0.3818770226537217,0.28980286753627904,0.56,2,compact40,extra_trees
2024-03-21,0,0.284789644012945,0.18277777563520148,0.56,2,compact40,extra_trees
2024-03-22,0,0.2783171521035599,0.17325633779039631,0.56,2,compact40,extra_trees
2024-03-23,0,0.29449838187702265,0.20074066847097982,0.56,2,compact40,extra_trees
2024-03-24,0,0.05825242718446602,0.0033585882570385792,0.56,2,compact40,extra_trees
2024-03-25,0,0.21035598705501618,0.017504561800023292,0.56,2,compact40,extra_trees
2024-03-26,0,0.09061488673139159,0.0047197101111242125,0.56,2,compact40,extra_trees
2024-03-27,0,0.07119741100323625,0.0034990484821016783,0.56,2,compact40,extra_trees
2024-03-28,0,0.08737864077669903,0.00466076981023659,0.56,2,compact40,extra_trees
2024-03-29,0,0.045307443365695796,0.0029159263719553538,0.56,2,compact40,extra_trees
2024-03-30,0,0.16828478964401294,0.01082208994769833,0.56,2,compact40,extra_trees
2024-03-31,0,0.022653721682847898,0.0012000299635586708,0.56,2,compact40,extra_trees
2024-04-08,0,0.9775,0.7794930655353675,0.8800000000000003,3,compact40,extra_trees
2024-04-09,0,0.9725,0.7717385257205049,0.8800000000000003,3,compact40,extra_trees
2024-04-10,1,0.945,0.7302379281800313,0.8800000000000003,3,compact40,extra_trees
2024-04-11,1,0.9675,0.7496756865668057,0.8800000000000003,3,compact40,extra_trees
2024-04-12,0,0.945,0.7290950260453687,0.8800000000000003,3,compact40,extra_trees
2024-04-13,1,0.8225,0.6009658652020705,0.8800000000000003,3,compact40,extra_trees
2024-04-14,1,0.69,0.491620594635487,0.8800000000000003,3,compact40,extra_trees
2024-04-15,1,0.7125,0.5101026855047894,0.8800000000000003,3,compact40,extra_trees
2024-04-16,1,0.4375,0.3285277666379993,0.8800000000000003,3,compact40,extra_trees
2024-04-17,1,0.5125,0.3894728484311369,0.8800000000000003,3,compact40,extra_trees
2024-04-18,1,0.62,0.4564764581220744,0.8800000000000003,3,compact40,extra_trees
2024-04-19,1,0.4125,0.30002071464780716,0.8800000000000003,3,compact40,extra_trees
2024-04-20,1,0.45,0.33962232293810174,0.8800000000000003,3,compact40,extra_trees
2024-04-21,0,0.3025,0.182183831260245,0.8800000000000003,3,compact40,extra_trees
2024-04-22,0,0.265,0.14186060461097405,0.8800000000000003,3,compact40,extra_trees
2024-04-23,0,0.31,0.20103325108746498,0.8800000000000003,3,compact40,extra_trees
2024-04-24,0,0.005,0.008207104075709144,0.8800000000000003,3,compact40,extra_trees
2024-04-25,0,0.03,0.0162763046572418,0.8800000000000003,3,compact40,extra_trees
2024-04-26,0,0.0325,0.016912381399665905,0.8800000000000003,3,compact40,extra_trees
2024-04-27,0,0.0225,0.014531154147416988,0.8800000000000003,3,compact40,extra_trees
2024-04-28,0,0.15,0.05557654485993479,0.8800000000000003,3,compact40,extra_trees
2024-04-29,0,0.01,0.011088737652412972,0.8800000000000003,3,compact40,extra_trees
2024-04-30,0,0.1325,0.049346732032533654,0.8800000000000003,3,compact40,extra_trees
2024-05-01,0,0.2125,0.09210867482587753,0.8800000000000003,3,compact40,extra_trees
2024-05-02,0,0.2275,0.10102010344620142,0.8800000000000003,3,compact40,extra_trees
2024-05-03,0,0.2525,0.12888504711700152,0.8800000000000003,3,compact40,extra_trees
2024-05-04,0,0.315,0.20567071109337942,0.8800000000000003,3,compact40,extra_trees
2024-05-05,0,0.8625,0.6258563284402138,0.8800000000000003,3,compact40,extra_trees
2024-05-06,0,0.8475,0.6192749806205192,0.8800000000000003,3,compact40,extra_trees
2024-05-07,0,0.8775,0.6515596052757598,0.8800000000000003,3,compact40,extra_trees
2024-05-08,0,0.8725,0.6383498817114526,0.8800000000000003,3,compact40,extra_trees
2024-05-09,0,0.7125,0.5169540741303268,0.8800000000000003,3,compact40,extra_trees
2024-05-10,0,0.56,0.41717714712156156,0.8800000000000003,3,compact40,extra_trees
2024-05-11,0,0.8825,0.6579578814629845,0.8800000000000003,3,compact40,extra_trees
2024-05-12,0,0.83,0.6109834425413397,0.8800000000000003,3,compact40,extra_trees
2024-05-13,0,0.7275,0.531761531776176,0.8800000000000003,3,compact40,extra_trees
2024-05-14,0,0.69,0.48994797465707246,0.8800000000000003,3,compact40,extra_trees
2024-05-15,0,0.7075,0.5034351683269118,0.8800000000000003,3,compact40,extra_trees
2024-05-16,0,0.7675,0.5619984589329783,0.8800000000000003,3,compact40,extra_trees
2024-05-17,1,0.7875,0.577528379465226,0.8800000000000003,3,compact40,extra_trees
2024-05-18,0,0.76,0.5523374132683239,0.8800000000000003,3,compact40,extra_trees
2024-05-19,0,0.47,0.35484645843432167,0.8800000000000003,3,compact40,extra_trees
2024-05-20,0,0.515,0.3938541635875714,0.8800000000000003,3,compact40,extra_trees
2024-05-21,0,0.6025,0.44356586876185855,0.8800000000000003,3,compact40,extra_trees
2024-05-22,0,0.55,0.4095287434761651,0.8800000000000003,3,compact40,extra_trees
2024-05-23,0,0.7775,0.5681173339574432,0.8800000000000003,3,compact40,extra_trees
2024-05-24,0,0.1,0.037287597765607014,0.8800000000000003,3,compact40,extra_trees
2024-05-25,0,0.165,0.06569552379975697,0.8800000000000003,3,compact40,extra_trees
2024-05-26,0,0.015,0.012297126172235471,0.8800000000000003,3,compact40,extra_trees
2024-05-27,0,0.1325,0.0495291287039178,0.8800000000000003,3,compact40,extra_trees
2024-05-28,0,0.22,0.09644880003244694,0.8800000000000003,3,compact40,extra_trees
2024-05-29,0,0.185,0.0741745119140891,0.8800000000000003,3,compact40,extra_trees
2024-05-30,0,0.1925,0.08054644964012739,0.8800000000000003,3,compact40,extra_trees
2024-05-31,0,0.1475,0.05453258871436776,0.8800000000000003,3,compact40,extra_trees
2024-06-01,0,0.36,0.2501221531558453,0.8800000000000003,3,compact40,extra_trees
2024-06-02,0,0.8725,0.6434978960520127,0.8800000000000003,3,compact40,extra_trees
2024-06-03,0,0.945,0.7256009845850123,0.8800000000000003,3,compact40,extra_trees
2024-06-04,0,0.865,0.6315778889108022,0.8800000000000003,3,compact40,extra_trees
2024-06-05,0,0.76,0.5513446099137722,0.8800000000000003,3,compact40,extra_trees
2024-06-06,0,0.87,0.6372058490229103,0.8800000000000003,3,compact40,extra_trees
2024-06-07,0,0.8725,0.6413854476485786,0.8800000000000003,3,compact40,extra_trees
2024-06-08,0,0.7125,0.5171195835895228,0.8800000000000003,3,compact40,extra_trees
2024-06-09,0,0.565,0.4194392951747309,0.8800000000000003,3,compact40,extra_trees
2024-06-10,0,0.5225,0.39509482945002006,0.8800000000000003,3,compact40,extra_trees
2024-06-11,0,0.49,0.3639194626406784,0.8800000000000003,3,compact40,extra_trees
2024-06-12,0,0.5775,0.42454715921099867,0.8800000000000003,3,compact40,extra_trees
2024-06-13,0,0.495,0.3676650093279261,0.8800000000000003,3,compact40,extra_trees
2024-06-14,1,0.5125,0.38978575158144774,0.8800000000000003,3,compact40,extra_trees
2024-06-15,1,0.6475,0.4672750474027636,0.8800000000000003,3,compact40,extra_trees
2024-06-16,1,0.945,0.7296820289836702,0.8800000000000003,3,compact40,extra_trees
2024-06-17,1,0.8725,0.6382230799763805,0.8800000000000003,3,compact40,extra_trees
2024-06-18,1,0.945,0.7286253351374147,0.8800000000000003,3,compact40,extra_trees
2024-06-19,1,0.84,0.6128841927616413,0.8800000000000003,3,compact40,extra_trees
2024-06-20,1,0.6825,0.48654896252009416,0.8800000000000003,3,compact40,extra_trees
2024-06-21,1,0.8,0.5873687902472188,0.8800000000000003,3,compact40,extra_trees
2024-06-22,0,0.69,0.4893038065072406,0.8800000000000003,3,compact40,extra_trees
2024-06-23,0,0.25,0.12234940307693941,0.8800000000000003,3,compact40,extra_trees
2024-06-24,0,0.13,0.04825633414384926,0.8800000000000003,3,compact40,extra_trees
2024-06-25,0,0.1325,0.049639755940527844,0.8800000000000003,3,compact40,extra_trees
2024-06-26,0,0.065,0.026172747300796873,0.8800000000000003,3,compact40,extra_trees
2024-06-27,0,0.1375,0.05394694823166351,0.8800000000000003,3,compact40,extra_trees
2024-06-28,0,0.1525,0.05606337334594855,0.8800000000000003,3,compact40,extra_trees
2024-06-29,0,0.12,0.04563529898532143,0.8800000000000003,3,compact40,extra_trees
2024-06-30,0,0.1075,0.03926272261726006,0.8800000000000003,3,compact40,extra_trees
2024-07-08,0,0.8309572301425662,0.5903050215273868,0.6700000000000002,4,compact40,extra_trees
2024-07-09,0,0.835030549898167,0.5990632821597243,0.6700000000000002,4,compact40,extra_trees
2024-07-10,0,0.6211812627291242,0.48957507893121893,0.6700000000000002,4,compact40,extra_trees
2024-07-11,0,0.6211812627291242,0.4899737551563457,0.6700000000000002,4,compact40,extra_trees
2024-07-12,0,0.8472505091649695,0.6045565985055333,0.6700000000000002,4,compact40,extra_trees
2024-07-13,0,0.7739307535641547,0.5604355819271767,0.6700000000000002,4,compact40,extra_trees
2024-07-14,1,0.8065173116089613,0.5743060456103869,0.6700000000000002,4,compact40,extra_trees
2024-07-15,1,0.7189409368635438,0.5368055879482571,0.6700000000000002,4,compact40,extra_trees
2024-07-16,0,0.8961303462321792,0.6396546784746545,0.6700000000000002,4,compact40,extra_trees
2024-07-17,1,0.6211812627291242,0.49029872975262323,0.6700000000000002,4,compact40,extra_trees
2024-07-18,1,0.6904276985743381,0.5171347231718482,0.6700000000000002,4,compact40,extra_trees
2024-07-19,0,0.7942973523421588,0.5666944840261354,0.6700000000000002,4,compact40,extra_trees
2024-07-20,0,0.8024439918533605,0.5709584087040194,0.6700000000000002,4,compact40,extra_trees
2024-07-21,0,0.40529531568228105,0.39639313685521277,0.6700000000000002,4,compact40,extra_trees
2024-07-22,0,0.3340122199592668,0.33624082457024146,0.6700000000000002,4,compact40,extra_trees
2024-07-23,0,0.29327902240325865,0.3001691537092934,0.6700000000000002,4,compact40,extra_trees
2024-07-24,0,0.054989816700611,0.015459549478780673,0.6700000000000002,4,compact40,extra_trees
2024-07-25,0,0.08757637474541752,0.02401907654046749,0.6700000000000002,4,compact40,extra_trees
2024-07-26,0,0.0835030549898167,0.02326909709631522,0.6700000000000002,4,compact40,extra_trees
2024-07-27,0,0.19959266802443992,0.055817186395722036,0.6700000000000002,4,compact40,extra_trees
2024-07-28,0,0.04073319755600815,0.011957656717275717,0.6700000000000002,4,compact40,extra_trees
2024-07-29,0,0.24032586558044808,0.08776012735023105,0.6700000000000002,4,compact40,extra_trees
2024-07-30,0,0.219959266802444,0.07137630761655239,0.6700000000000002,4,compact40,extra_trees
2024-07-31,0,0.1975560081466395,0.05571186663731979,0.6700000000000002,4,compact40,extra_trees
2024-08-01,0,0.2708757637474542,0.2577093551531568,0.6700000000000002,4,compact40,extra_trees
2024-08-02,0,0.2790224032586558,0.2748530349461467,0.6700000000000002,4,compact40,extra_trees
2024-08-03,0,0.29327902240325865,0.3012921132681044,0.6700000000000002,4,compact40,extra_trees
2024-08-04,0,0.7107942973523421,0.5286024474802543,0.6700000000000002,4,compact40,extra_trees
2024-08-05,0,0.6904276985743381,0.5177254203331559,0.6700000000000002,4,compact40,extra_trees
2024-08-06,0,0.5845213849287169,0.48039968298544933,0.6700000000000002,4,compact40,extra_trees
2024-08-07,0,0.6883910386965377,0.5151781760879268,0.6700000000000002,4,compact40,extra_trees
2024-08-08,0,0.7311608961303462,0.5425705629360953,0.6700000000000002,4,compact40,extra_trees
2024-08-09,0,0.5804480651731161,0.47902793862701454,0.6700000000000002,4,compact40,extra_trees
2024-08-10,0,0.7841140529531568,0.5636978820577435,0.6700000000000002,4,compact40,extra_trees
2024-08-11,0,0.7189409368635438,0.5364980703097367,0.6700000000000002,4,compact40,extra_trees
2024-08-12,0,0.7311608961303462,0.543633195535029,0.6700000000000002,4,compact40,extra_trees
2024-08-13,0,0.714867617107943,0.5329356287712722,0.6700000000000002,4,compact40,extra_trees
2024-08-14,1,0.7209775967413442,0.5387309247914408,0.6700000000000002,4,compact40,extra_trees
2024-08-15,0,0.6802443991853361,0.5105356635585289,0.6700000000000002,4,compact40,extra_trees
2024-08-16,0,0.505091649694501,0.447313284201965,0.6700000000000002,4,compact40,extra_trees
2024-08-17,0,0.6069246435845214,0.48713726990214296,0.6700000000000002,4,compact40,extra_trees
2024-08-18,0,0.8615071283095723,0.6248378409061802,0.6700000000000002,4,compact40,extra_trees
2024-08-19,0,0.9205702647657841,0.6701137872778586,0.6700000000000002,4,compact40,extra_trees
2023-07-08,0,0.44,0.14779479588538744,0.5700000000000001,0,compact40,hist_gb
2023-07-09,0,0.296,0.1133797485469678,0.5700000000000001,0,compact40,hist_gb
2023-07-10,0,0.344,0.12004318656608653,0.5700000000000001,0,compact40,hist_gb
2023-07-11,0,0.192,0.09839170363977238,0.5700000000000001,0,compact40,hist_gb
2023-07-12,0,0.408,0.1401063028072827,0.5700000000000001,0,compact40,hist_gb
2023-07-13,1,0.592,0.18560821990627116,0.5700000000000001,0,compact40,hist_gb
2023-07-14,1,0.536,0.165893932915521,0.5700000000000001,0,compact40,hist_gb
2023-07-15,0,0.32,0.1168794140578697,0.5700000000000001,0,compact40,hist_gb
2023-07-16,0,0.696,0.23441789300682395,0.5700000000000001,0,compact40,hist_gb
2023-07-17,0,0.88,0.5533175266144421,0.5700000000000001,0,compact40,hist_gb
2023-07-18,0,0.856,0.47187702482574617,0.5700000000000001,0,compact40,hist_gb
2023-07-19,0,0.848,0.4320816646764684,0.5700000000000001,0,compact40,hist_gb
2023-07-20,0,0.696,0.24048732321397112,0.5700000000000001,0,compact40,hist_gb
2023-07-21,0,0.832,0.3627250461884615,0.5700000000000001,0,compact40,hist_gb
2023-07-22,0,0.152,0.09116983140964291,0.5700000000000001,0,compact40,hist_gb
2023-07-23,0,0.232,0.10294437906477104,0.5700000000000001,0,compact40,hist_gb
2023-07-24,0,0.152,0.08987948039246985,0.5700000000000001,0,compact40,hist_gb
2023-07-25,0,0.424,0.14382467806753427,0.5700000000000001,0,compact40,hist_gb
2023-07-26,0,0.56,0.17471866812907252,0.5700000000000001,0,compact40,hist_gb
2023-07-27,0,0.088,0.06770165700873479,0.5700000000000001,0,compact40,hist_gb
2023-07-28,0,0.56,0.17334130314905374,0.5700000000000001,0,compact40,hist_gb
2023-07-29,0,0.232,0.10299991399576723,0.5700000000000001,0,compact40,hist_gb
2023-07-30,0,0.376,0.12550846415395278,0.5700000000000001,0,compact40,hist_gb
2023-07-31,0,0.384,0.1284710298144912,0.5700000000000001,0,compact40,hist_gb
2023-08-01,0,0.48,0.15754122930892753,0.5700000000000001,0,compact40,hist_gb
2023-08-02,0,0.696,0.23892955717366668,0.5700000000000001,0,compact40,hist_gb
2023-08-03,0,0.744,0.2689524830612381,0.5700000000000001,0,compact40,hist_gb
2023-08-04,0,0.672,0.2167439985203723,0.5700000000000001,0,compact40,hist_gb
2023-08-05,0,0.664,0.21004298807532756,0.5700000000000001,0,compact40,hist_gb
2023-08-06,0,0.88,0.5741338703595532,0.5700000000000001,0,compact40,hist_gb
2023-08-07,0,0.832,0.3735824804058467,0.5700000000000001,0,compact40,hist_gb
2023-08-08,0,0.56,0.1737101796694516,0.5700000000000001,0,compact40,hist_gb
2023-08-09,0,0.632,0.19901055428743833,0.5700000000000001,0,compact40,hist_gb
2023-08-10,0,0.76,0.27671894709268674,0.5700000000000001,0,compact40,hist_gb
2023-08-11,0,0.816,0.33854015693321093,0.5700000000000001,0,compact40,hist_gb
2023-08-12,0,0.888,0.6007511455421742,0.5700000000000001,0,compact40,hist_gb
2023-08-13,0,0.176,0.09400362258805724,0.5700000000000001,0,compact40,hist_gb
2023-08-14,0,0.448,0.15076487273617548,0.5700000000000001,0,compact40,hist_gb
2023-08-15,0,0.664,0.20761741907323888,0.5700000000000001,0,compact40,hist_gb
2023-08-16,0,0.856,0.4805465536626543,0.5700000000000001,0,compact40,hist_gb
2023-08-17,0,0.872,0.5321042869530201,0.5700000000000001,0,compact40,hist_gb
2023-08-18,1,0.432,0.14677407377055648,0.5700000000000001,0,compact40,hist_gb
2023-08-19,0,0.152,0.08707580277159156,0.5700000000000001,0,compact40,hist_gb
2023-08-20,0,0.872,0.5206455155112869,0.5700000000000001,0,compact40,hist_gb
2023-08-21,0,0.792,0.302893124952932,0.5700000000000001,0,compact40,hist_gb
2023-08-22,0,0.848,0.4150701042086708,0.5700000000000001,0,compact40,hist_gb
2023-08-23,0,0.872,0.5240312304295284,0.5700000000000001,0,compact40,hist_gb
2023-08-24,0,0.832,0.35658474025415343,0.5700000000000001,0,compact40,hist_gb
2023-08-25,0,0.048,0.059458854466643556,0.5700000000000001,0,compact40,hist_gb
2023-08-26,0,0.72,0.2508979765644848,0.5700000000000001,0,compact40,hist_gb
2023-08-27,0,0.512,0.16223212348835978,0.5700000000000001,0,compact40,hist_gb
2023-08-28,0,0.392,0.13530369065748094,0.5700000000000001,0,compact40,hist_gb
2023-08-29,0,0.032,0.04907824391616537,0.5700000000000001,0,compact40,hist_gb
2023-08-30,0,0.376,0.12597562546057925,0.5700000000000001,0,compact40,hist_gb
2023-08-31,0,0.216,0.1018323943157306,0.5700000000000001,0,compact40,hist_gb
2023-09-01,0,0.6,0.18665045328254723,0.5700000000000001,0,compact40,hist_gb
2023-09-02,0,0.552,0.17213490707298043,0.5700000000000001,0,compact40,hist_gb
2023-09-03,0,0.896,0.6992471459120034,0.5700000000000001,0,compact40,hist_gb
2023-09-04,0,0.6,0.18834735328858107,0.5700000000000001,0,compact40,hist_gb
2023-09-05,1,0.84,0.37797785095878567,0.5700000000000001,0,compact40,hist_gb
2023-09-06,1,0.144,0.08375763197075,0.5700000000000001,0,compact40,hist_gb
2023-09-07,1,0.696,0.24020943642324527,0.5700000000000001,0,compact40,hist_gb
2023-09-08,1,0.848,0.39225765140326635,0.5700000000000001,0,compact40,hist_gb
2023-09-09,0,0.736,0.26463267147062797,0.5700000000000001,0,compact40,hist_gb
2023-09-10,0,0.632,0.19821684835608813,0.5700000000000001,0,compact40,hist_gb
2023-09-11,0,0.192,0.09785891663381974,0.5700000000000001,0,compact40,hist_gb
2023-09-12,0,0.832,0.3538194431445152,0.5700000000000001,0,compact40,hist_gb
2023-09-13,0,0.728,0.26199587871627844,0.5700000000000001,0,compact40,hist_gb
2023-09-14,0,0.432,0.1467510692382787,0.5700000000000001,0,compact40,hist_gb
2023-09-15,0,0.048,0.0579445268531156,0.5700000000000001,0,compact40,hist_gb
2023-09-16,0,0.8,0.3058876759545517,0.5700000000000001,0,compact40,hist_gb
2023-09-17,0,0.6,0.18651485898653103,0.5700000000000001,0,compact40,hist_gb
2023-09-18,0,0.12,0.07872250063970021,0.5700000000000001,0,compact40,hist_gb
2023-09-19,0,0.776,0.2853956130153353,0.5700000000000001,0,compact40,hist_gb
2023-09-20,0,0.848,0.40360460068997156,0.5700000000000001,0,compact40,hist_gb
2023-09-21,0,0.896,0.7201647607116262,0.5700000000000001,0,compact40,hist_gb
2023-09-22,0,0.456,0.1558080969265885,0.5700000000000001,0,compact40,hist_gb
2023-09-23,0,0.648,0.2040542655004623,0.5700000000000001,0,compact40,hist_gb
2023-09-24,0,0.344,0.11964220264988978,0.5700000000000001,0,compact40,hist_gb
2023-09-25,0,0.088,0.06951000663368867,0.5700000000000001,0,compact40,hist_gb
2023-09-26,0,0.856,0.4850562907719222,0.5700000000000001,0,compact40,hist_gb
2023-09-27,0,0.584,0.1833802454056102,0.5700000000000001,0,compact40,hist_gb
2023-09-28,0,0.056,0.06189846722494261,0.5700000000000001,0,compact40,hist_gb
2023-09-29,0,0.672,0.2187362730233728,0.5700000000000001,0,compact40,hist_gb
2023-09-30,0,0.56,0.1736621605662674,0.5700000000000001,0,compact40,hist_gb
2023-10-08,0,0.7188940092165899,0.18971742751324058,0.8900000000000003,1,compact40,hist_gb
2023-10-09,0,0.543778801843318,0.11776583874316357,0.8900000000000003,1,compact40,hist_gb
2023-10-10,0,0.8202764976958525,0.29808190229780324,0.8900000000000003,1,compact40,hist_gb
2023-10-11,0,0.8525345622119815,0.3935571645198694,0.8900000000000003,1,compact40,hist_gb
2023-10-12,0,0.9032258064516129,0.5701859413570456,0.8900000000000003,1,compact40,hist_gb
2023-10-13,1,0.7695852534562212,0.22727213622675194,0.8900000000000003,1,compact40,hist_gb
2023-10-14,1,0.7235023041474654,0.20013165576018271,0.8900000000000003,1,compact40,hist_gb
2023-10-15,0,0.33640552995391704,0.0725706837052596,0.8900000000000003,1,compact40,hist_gb
2023-10-16,1,0.423963133640553,0.08422294068282328,0.8900000000000003,1,compact40,hist_gb
2023-10-17,1,0.6912442396313364,0.16490161035042794,0.8900000000000003,1,compact40,hist_gb
2023-10-18,0,0.5668202764976958,0.12268926990475405,0.8900000000000003,1,compact40,hist_gb
2023-10-19,0,0.16129032258064516,0.04033631242497762,0.8900000000000003,1,compact40,hist_gb
2023-10-20,0,0.8294930875576036,0.31366869653610724,0.8900000000000003,1,compact40,hist_gb
2023-10-21,0,0.5806451612903226,0.12497518809756786,0.8900000000000003,1,compact40,hist_gb
2023-10-22,0,0.29493087557603687,0.06341373896424671,0.8900000000000003,1,compact40,hist_gb
2023-10-23,0,0.423963133640553,0.08380723174382863,0.8900000000000003,1,compact40,hist_gb
2023-10-24,0,0.6912442396313364,0.17181000834141136,0.8900000000000003,1,compact40,hist_gb
2023-10-25,0,0.15668202764976957,0.0398314616689491,0.8900000000000003,1,compact40,hist_gb
2023-10-26,0,0.21658986175115208,0.05029838401083202,0.8900000000000003,1,compact40,hist_gb
2023-10-27,0,0.2488479262672811,0.054793994369433066,0.8900000000000003,1,compact40,hist_gb
2023-10-28,0,0.12903225806451613,0.03565938977755858,0.8900000000000003,1,compact40,hist_gb
2023-10-29,0,0.271889400921659,0.05742529930363768,0.8900000000000003,1,compact40,hist_gb
2023-10-30,0,0.11059907834101383,0.032173242483914316,0.8900000000000003,1,compact40,hist_gb
2023-10-31,0,0.1382488479262673,0.03754294610069911,0.8900000000000003,1,compact40,hist_gb
2023-11-01,0,0.5806451612903226,0.12590821174559644,0.8900000000000003,1,compact40,hist_gb
2023-11-02,0,0.10599078341013825,0.030543164658948664,0.8900000000000003,1,compact40,hist_gb
2023-11-03,0,0.7972350230414746,0.2567642793868158,0.8900000000000003,1,compact40,hist_gb
2023-11-04,0,0.7695852534562212,0.22660887962363915,0.8900000000000003,1,compact40,hist_gb
2023-11-05,0,0.7511520737327189,0.2101394019340994,0.8900000000000003,1,compact40,hist_gb
2023-11-06,0,0.7972350230414746,0.25697575172843734,0.8900000000000003,1,compact40,hist_gb
2023-11-07,0,0.8986175115207373,0.5255088156344094,0.8900000000000003,1,compact40,hist_gb
2023-11-08,0,0.8294930875576036,0.3152292602978678,0.8900000000000003,1,compact40,hist_gb
2023-11-09,1,0.9078341013824884,0.5796494072694588,0.8900000000000003,1,compact40,hist_gb
2023-11-10,1,0.6221198156682027,0.14036326378646202,0.8900000000000003,1,compact40,hist_gb
2023-11-11,0,0.8387096774193549,0.3482200912149465,0.8900000000000003,1,compact40,hist_gb
2023-11-12,0,0.5806451612903226,0.12561695409781473,0.8900000000000003,1,compact40,hist_gb
2023-11-13,1,0.8986175115207373,0.5337650515400398,0.8900000000000003,1,compact40,hist_gb
2023-11-14,1,0.8986175115207373,0.5136305316320986,0.8900000000000003,1,compact40,hist_gb
2023-11-15,0,0.6912442396313364,0.18059875844142242,0.8900000000000003,1,compact40,hist_gb
2023-11-16,0,0.5345622119815668,0.11030548383571173,0.8900000000000003,1,compact40,hist_gb
2023-11-17,0,0.02304147465437788,0.015396271227900557,0.8900000000000003,1,compact40,hist_gb
2023-11-18,0,0.6451612903225806,0.15073624537518737,0.8900000000000003,1,compact40,hist_gb
2023-11-19,0,0.10599078341013825,0.031015787041410597,0.8900000000000003,1,compact40,hist_gb
2023-11-20,0,0.8018433179723502,0.26885686960829164,0.8900000000000003,1,compact40,hist_gb
2023-11-21,0,0.1152073732718894,0.03284080423985877,0.8900000000000003,1,compact40,hist_gb
2023-11-22,0,0.7972350230414746,0.24983970124209162,0.8900000000000003,1,compact40,hist_gb
2023-11-23,0,0.5944700460829493,0.13202053731131344,0.8900000000000003,1,compact40,hist_gb
2023-11-24,0,0.9032258064516129,0.5684045410486518,0.8900000000000003,1,compact40,hist_gb
2023-11-25,0,0.34101382488479265,0.07426207357078007,0.8900000000000003,1,compact40,hist_gb
2023-11-26,0,0.7695852534562212,0.23508637527568796,0.8900000000000003,1,compact40,hist_gb
2023-11-27,0,0.3778801843317972,0.07902537807482417,0.8900000000000003,1,compact40,hist_gb
2023-11-28,0,0.28110599078341014,0.059651495146811666,0.8900000000000003,1,compact40,hist_gb
2023-11-29,0,0.29493087557603687,0.06329976573794031,0.8900000000000003,1,compact40,hist_gb
2023-11-30,0,0.6728110599078341,0.15876002319925683,0.8900000000000003,1,compact40,hist_gb
2023-12-01,0,0.8294930875576036,0.3206785839598714,0.8900000000000003,1,compact40,hist_gb
2023-12-02,0,0.7788018433179723,0.24157139021450916,0.8900000000000003,1,compact40,hist_gb
2023-12-03,0,0.9078341013824884,0.5926431828979941,0.8900000000000003,1,compact40,hist_gb
2023-12-04,0,0.9262672811059908,0.8413702864105584,0.8900000000000003,1,compact40,hist_gb
2023-12-05,0,0.9124423963133641,0.7560468416346817,0.8900000000000003,1,compact40,hist_gb
2023-12-06,0,0.9631336405529954,0.895273384181318,0.8900000000000003,1,compact40,hist_gb
2023-12-07,1,0.9124423963133641,0.735260258123785,0.8900000000000003,1,compact40,hist_gb
2023-12-08,0,0.9124423963133641,0.7332082365103441,0.8900000000000003,1,compact40,hist_gb
2023-12-09,0,0.9078341013824884,0.582514490669938,0.8900000000000003,1,compact40,hist_gb
2023-12-10,1,0.8202764976958525,0.284074374245835,0.8900000000000003,1,compact40,hist_gb
2023-12-11,1,0.8894009216589862,0.4642039094423836,0.8900000000000003,1,compact40,hist_gb
2023-12-12,1,0.695852534562212,0.1830554725515523,0.8900000000000003,1,compact40,hist_gb
2023-12-13,1,0.6405529953917051,0.14721328396278743,0.8900000000000003,1,compact40,hist_gb
2023-12-14,1,0.6912442396313364,0.17647399822514231,0.8900000000000003,1,compact40,hist_gb
2023-12-15,1,0.10599078341013825,0.030798658553087555,0.8900000000000003,1,compact40,hist_gb
2023-12-16,0,0.2119815668202765,0.050170085703526025,0.8900000000000003,1,compact40,hist_gb
2023-12-17,0,0.29493087557603687,0.06488572083143804,0.8900000000000003,1,compact40,hist_gb
2023-12-18,0,0.8018433179723502,0.27261981101618254,0.8900000000000003,1,compact40,hist_gb
2023-12-19,0,0.7972350230414746,0.26464439961183095,0.8900000000000003,1,compact40,hist_gb
2023-12-20,0,0.9124423963133641,0.6380713253278189,0.8900000000000003,1,compact40,hist_gb
2023-12-21,0,0.20276497695852536,0.04756942584024157,0.8900000000000003,1,compact40,hist_gb
2023-12-22,0,0.7235023041474654,0.19291847325294728,0.8900000000000003,1,compact40,hist_gb
2023-12-23,0,0.33640552995391704,0.07297003794339221,0.8900000000000003,1,compact40,hist_gb
2023-12-24,0,0.03686635944700461,0.018386208408149324,0.8900000000000003,1,compact40,hist_gb
2023-12-25,0,0.2073732718894009,0.048307805636519915,0.8900000000000003,1,compact40,hist_gb
2023-12-26,0,0.48847926267281105,0.09678883182494666,0.8900000000000003,1,compact40,hist_gb
2023-12-27,0,0.16589861751152074,0.040934385249013584,0.8900000000000003,1,compact40,hist_gb
2023-12-28,0,0.12442396313364056,0.03439269971144372,0.8900000000000003,1,compact40,hist_gb
2023-12-29,0,0.17972350230414746,0.04244871828421399,0.8900000000000003,1,compact40,hist_gb
2023-12-30,0,0.18433179723502305,0.043891851582658875,0.8900000000000003,1,compact40,hist_gb
2023-12-31,0,0.7880184331797235,0.2433860887179462,0.8900000000000003,1,compact40,hist_gb
2024-01-08,0,0.8576051779935275,0.4251058897527657,0.6100000000000001,2,compact40,hist_gb
2024-01-09,0,0.889967637540453,0.7675256449775034,0.6100000000000001,2,compact40,hist_gb
2024-01-10,0,0.889967637540453,0.7028008345255687,0.6100000000000001,2,compact40,hist_gb
2024-01-11,1,0.7508090614886731,0.25226888788381857,0.6100000000000001,2,compact40,hist_gb
2024-01-12,1,0.889967637540453,0.6018419019403297,0.6100000000000001,2,compact40,hist_gb
2024-01-13,1,0.8867313915857605,0.5366340950335281,0.6100000000000001,2,compact40,hist_gb
2024-01-14,1,0.656957928802589,0.1811213916844421,0.6100000000000001,2,compact40,hist_gb
2024-01-15,1,0.8317152103559871,0.35254488655390914,0.6100000000000001,2,compact40,hist_gb
2024-01-16,0,0.7928802588996764,0.29614267624808693,0.6100000000000001,2,compact40,hist_gb
2024-01-17,1,0.889967637540453,0.7553713125121279,0.6100000000000001,2,compact40,hist_gb
2024-01-18,1,0.889967637540453,0.7418034360278125,0.6100000000000001,2,compact40,hist_gb
2024-01-19,1,0.8025889967637541,0.3072515378096804,0.6100000000000001,2,compact40,hist_gb
2024-01-20,0,0.4401294498381877,0.09456699576187891,0.6100000000000001,2,compact40,hist_gb
2024-01-21,0,0.042071197411003236,0.019488032430794406,0.6100000000000001,2,compact40,hist_gb
2024-01-22,0,0.038834951456310676,0.0187909751245146,0.6100000000000001,2,compact40,hist_gb
2024-01-23,0,0.0970873786407767,0.029116468678798826,0.6100000000000001,2,compact40,hist_gb
2024-01-24,0,0.0970873786407767,0.029032774363658087,0.6100000000000001,2,compact40,hist_gb
2024-01-25,0,0.6957928802588996,0.21598549895576413,0.6100000000000001,2,compact40,hist_gb
2024-01-26,0,0.10032362459546926,0.030121893165793518,0.6100000000000001,2,compact40,hist_gb
2024-01-27,0,0.2459546925566343,0.04710642610577597,0.6100000000000001,2,compact40,hist_gb
2024-01-28,0,0.23624595469255663,0.046016607087012204,0.6100000000000001,2,compact40,hist_gb
2024-01-29,0,0.36245954692556637,0.06858479435462693,0.6100000000000001,2,compact40,hist_gb
2024-01-30,1,0.24919093851132687,0.04742046830039721,0.6100000000000001,2,compact40,hist_gb
2024-01-31,0,0.4919093851132686,0.10750636748784566,0.6100000000000001,2,compact40,hist_gb
2024-02-01,0,0.3883495145631068,0.08061886316694962,0.6100000000000001,2,compact40,hist_gb
2024-02-02,0,0.09061488673139159,0.026760754244271195,0.6100000000000001,2,compact40,hist_gb
2024-02-03,0,0.13268608414239483,0.034610018566984216,0.6100000000000001,2,compact40,hist_gb
2024-02-04,0,0.889967637540453,0.7532809063862487,0.6100000000000001,2,compact40,hist_gb
2024-02-05,0,0.883495145631068,0.5236427143058416,0.6100000000000001,2,compact40,hist_gb
2024-02-06,0,0.889967637540453,0.6270714128201867,0.6100000000000001,2,compact40,hist_gb
2024-02-07,0,0.540453074433657,0.12610394430734206,0.6100000000000001,2,compact40,hist_gb
2024-02-08,0,0.889967637540453,0.6582982566072352,0.6100000000000001,2,compact40,hist_gb
2024-02-09,0,0.9385113268608414,0.8785625421832838,0.6100000000000001,2,compact40,hist_gb
2024-02-10,0,0.8640776699029126,0.44195603923801485,0.6100000000000001,2,compact40,hist_gb
2024-02-11,0,0.3333333333333333,0.06313608325521242,0.6100000000000001,2,compact40,hist_gb
2024-02-12,0,0.5436893203883495,0.12652232500928265,0.6100000000000001,2,compact40,hist_gb
2024-02-13,0,0.6828478964401294,0.20305280113196214,0.6100000000000001,2,compact40,hist_gb
2024-02-14,0,0.22653721682847897,0.044469317434269455,0.6100000000000001,2,compact40,hist_gb
2024-02-15,0,0.04854368932038835,0.020445003368286963,0.6100000000000001,2,compact40,hist_gb
2024-02-16,0,0.44660194174757284,0.09717906702999016,0.6100000000000001,2,compact40,hist_gb
2024-02-17,0,0.37540453074433655,0.07222150681437338,0.6100000000000001,2,compact40,hist_gb
2024-02-18,0,0.22653721682847897,0.044397822003595225,0.6100000000000001,2,compact40,hist_gb
2024-02-19,0,0.36245954692556637,0.06788089724535676,0.6100000000000001,2,compact40,hist_gb
2024-02-20,0,0.7508090614886731,0.2516559567868513,0.6100000000000001,2,compact40,hist_gb
2024-02-21,0,0.038834951456310676,0.01941405707564541,0.6100000000000001,2,compact40,hist_gb
2024-02-22,0,0.11974110032362459,0.032484850249684914,0.6100000000000001,2,compact40,hist_gb
2024-02-23,0,0.6796116504854369,0.19533792320944032,0.6100000000000001,2,compact40,hist_gb
2024-02-24,0,0.37540453074433655,0.07316368335945397,0.6100000000000001,2,compact40,hist_gb
2024-02-25,0,0.022653721682847898,0.015772839577429986,0.6100000000000001,2,compact40,hist_gb
2024-02-26,0,0.012944983818770227,0.012063284621560687,0.6100000000000001,2,compact40,hist_gb
2024-02-27,0,0.37540453074433655,0.07130473192091659,0.6100000000000001,2,compact40,hist_gb
2024-02-28,0,0.37540453074433655,0.07010647179609851,0.6100000000000001,2,compact40,hist_gb
2024-02-29,0,0.5048543689320388,0.11113385217453361,0.6100000000000001,2,compact40,hist_gb
2024-03-01,0,0.7055016181229773,0.23024601232519296,0.6100000000000001,2,compact40,hist_gb
2024-03-02,0,0.7055016181229773,0.23149680415567953,0.6100000000000001,2,compact40,hist_gb
2024-03-03,0,0.889967637540453,0.6448007017713027,0.6100000000000001,2,compact40,hist_gb
2024-03-04,0,0.8737864077669902,0.4956021598505102,0.6100000000000001,2,compact40,hist_gb
2024-03-05,0,0.8511326860841424,0.39682042162360304,0.6100000000000001,2,compact40,hist_gb
2024-03-06,0,0.6472491909385113,0.174414765187785,0.6100000000000001,2,compact40,hist_gb
2024-03-07,0,0.8640776699029126,0.44316678477215266,0.6100000000000001,2,compact40,hist_gb
2024-03-08,0,0.889967637540453,0.6181167068170179,0.6100000000000001,2,compact40,hist_gb
2024-03-09,1,0.6893203883495146,0.20595179972171412,0.6100000000000001,2,compact40,hist_gb
2024-03-10,1,0.889967637540453,0.6019151599375563,0.6100000000000001,2,compact40,hist_gb
2024-03-11,1,0.9320388349514563,0.8722679926429046,0.6100000000000001,2,compact40,hist_gb
2024-03-12,1,0.912621359223301,0.8508981973354548,0.6100000000000001,2,compact40,hist_gb
2024-03-13,1,0.889967637540453,0.6782514505538323,0.6100000000000001,2,compact40,hist_gb
2024-03-14,1,0.889967637540453,0.6270714128201867,0.6100000000000001,2,compact40,hist_gb
2024-03-15,1,0.5663430420711975,0.1326024483859219,0.6100000000000001,2,compact40,hist_gb
2024-03-16,1,0.8802588996763754,0.5078038225705265,0.6100000000000001,2,compact40,hist_gb
2024-03-17,0,0.10679611650485436,0.03129520381920796,0.6100000000000001,2,compact40,hist_gb
2024-03-18,0,0.4692556634304207,0.1037420203994622,0.6100000000000001,2,compact40,hist_gb
2024-03-19,0,0.19741100323624594,0.040966342286620924,0.6100000000000001,2,compact40,hist_gb
2024-03-20,0,0.255663430420712,0.051388548570035705,0.6100000000000001,2,compact40,hist_gb
2024-03-21,0,0.255663430420712,0.050529496263698244,0.6100000000000001,2,compact40,hist_gb
2024-03-22,0,0.20064724919093851,0.04146949428165076,0.6100000000000001,2,compact40,hist_gb
2024-03-23,0,0.13915857605177995,0.03607839389359992,0.6100000000000001,2,compact40,hist_gb
2024-03-24,0,0.2912621359223301,0.057354002243891436,0.6100000000000001,2,compact40,hist_gb
2024-03-25,0,0.4368932038834951,0.09343134968449401,0.6100000000000001,2,compact40,hist_gb
2024-03-26,0,0.06472491909385113,0.02245173716646063,0.6100000000000001,2,compact40,hist_gb
2024-03-27,0,0.08414239482200647,0.02629722480407947,0.6100000000000001,2,compact40,hist_gb
2024-03-28,0,0.37540453074433655,0.07143385929633765,0.6100000000000001,2,compact40,hist_gb
2024-03-29,0,0.019417475728155338,0.014733403558156326,0.6100000000000001,2,compact40,hist_gb
2024-03-30,0,0.23624595469255663,0.04609921715656274,0.6100000000000001,2,compact40,hist_gb
2024-03-31,0,0.038834951456310676,0.017883796460855687,0.6100000000000001,2,compact40,hist_gb
2024-04-08,0,0.9,0.8482105441852189,0.8500000000000003,3,compact40,hist_gb
2024-04-09,0,0.9225,0.8815045723676965,0.8500000000000003,3,compact40,hist_gb
2024-04-10,1,0.8625,0.6569007729929239,0.8500000000000003,3,compact40,hist_gb
2024-04-11,1,0.915,0.8726805952746752,0.8500000000000003,3,compact40,hist_gb
2024-04-12,0,0.87,0.7812281652679026,0.8500000000000003,3,compact40,hist_gb
2024-04-13,1,0.87,0.776984876409982,0.8500000000000003,3,compact40,hist_gb
2024-04-14,1,0.9,0.8463787696193613,0.8500000000000003,3,compact40,hist_gb
2024-04-15,1,0.7925,0.3349517714893683,0.8500000000000003,3,compact40,hist_gb
2024-04-16,1,0.3175,0.0512254770147158,0.8500000000000003,3,compact40,hist_gb
2024-04-17,1,0.525,0.10901045126781503,0.8500000000000003,3,compact40,hist_gb
2024-04-18,1,0.8025,0.3594943633741625,0.8500000000000003,3,compact40,hist_gb
2024-04-19,1,0.525,0.10537570623371925,0.8500000000000003,3,compact40,hist_gb
2024-04-20,1,0.3425,0.05456126039907129,0.8500000000000003,3,compact40,hist_gb
2024-04-21,0,0.0525,0.014960886513830415,0.8500000000000003,3,compact40,hist_gb
2024-04-22,0,0.2925,0.045706686396554945,0.8500000000000003,3,compact40,hist_gb
2024-04-23,0,0.44,0.07379927909048463,0.8500000000000003,3,compact40,hist_gb
2024-04-24,0,0.1225,0.023682250596880235,0.8500000000000003,3,compact40,hist_gb
2024-04-25,0,0.1175,0.02300523738199917,0.8500000000000003,3,compact40,hist_gb
2024-04-26,0,0.305,0.04837565312640582,0.8500000000000003,3,compact40,hist_gb
2024-04-27,0,0.0825,0.019249593350983234,0.8500000000000003,3,compact40,hist_gb
2024-04-28,0,0.465,0.07725609229648592,0.8500000000000003,3,compact40,hist_gb
2024-04-29,0,0.0175,0.010932170907749112,0.8500000000000003,3,compact40,hist_gb
2024-04-30,0,0.305,0.048296809457319234,0.8500000000000003,3,compact40,hist_gb
2024-05-01,0,0.275,0.04387832716920265,0.8500000000000003,3,compact40,hist_gb
2024-05-02,0,0.0325,0.012305541756308623,0.8500000000000003,3,compact40,hist_gb
2024-05-03,0,0.1175,0.023550990168854757,0.8500000000000003,3,compact40,hist_gb
2024-05-04,0,0.4125,0.06525902087472873,0.8500000000000003,3,compact40,hist_gb
2024-05-05,0,0.785,0.3256786304515038,0.8500000000000003,3,compact40,hist_gb
2024-05-06,0,0.625,0.15723667204443678,0.8500000000000003,3,compact40,hist_gb
2024-05-07,0,0.6375,0.16614294632249424,0.8500000000000003,3,compact40,hist_gb
2024-05-08,0,0.6725,0.19784562087972277,0.8500000000000003,3,compact40,hist_gb
2024-05-09,0,0.245,0.038751071268389704,0.8500000000000003,3,compact40,hist_gb
2024-05-10,0,0.63,0.16094183932796577,0.8500000000000003,3,compact40,hist_gb
2024-05-11,0,0.73,0.25893275861698256,0.8500000000000003,3,compact40,hist_gb
2024-05-12,0,0.8625,0.6982348967820502,0.8500000000000003,3,compact40,hist_gb
2024-05-13,0,0.5225,0.10357576167999266,0.8500000000000003,3,compact40,hist_gb
2024-05-14,0,0.275,0.04368021077857609,0.8500000000000003,3,compact40,hist_gb
2024-05-15,0,0.3625,0.05723715351968703,0.8500000000000003,3,compact40,hist_gb
2024-05-16,0,0.8375,0.47616932682233715,0.8500000000000003,3,compact40,hist_gb
2024-05-17,1,0.5575,0.12440834790834879,0.8500000000000003,3,compact40,hist_gb
2024-05-18,0,0.86,0.6208988166387324,0.8500000000000003,3,compact40,hist_gb
2024-05-19,0,0.4225,0.06798244640125317,0.8500000000000003,3,compact40,hist_gb
2024-05-20,0,0.525,0.10778426483999544,0.8500000000000003,3,compact40,hist_gb
2024-05-21,0,0.655,0.17763065039067433,0.8500000000000003,3,compact40,hist_gb
2024-05-22,0,0.67,0.1965100637828294,0.8500000000000003,3,compact40,hist_gb
2024-05-23,0,0.865,0.7366249770941836,0.8500000000000003,3,compact40,hist_gb
2024-05-24,0,0.6625,0.18918984869673058,0.8500000000000003,3,compact40,hist_gb
2024-05-25,0,0.485,0.0890373008388201,0.8500000000000003,3,compact40,hist_gb
2024-05-26,0,0.2,0.03257532125876646,0.8500000000000003,3,compact40,hist_gb
2024-05-27,0,0.435,0.07173099758663427,0.8500000000000003,3,compact40,hist_gb
2024-05-28,0,0.3875,0.06156912745449862,0.8500000000000003,3,compact40,hist_gb
2024-05-29,0,0.3575,0.05695675493588992,0.8500000000000003,3,compact40,hist_gb
2024-05-30,0,0.3625,0.05724793120780657,0.8500000000000003,3,compact40,hist_gb
2024-05-31,0,0.6375,0.16808397470761383,0.8500000000000003,3,compact40,hist_gb
2024-06-01,0,0.6425,0.17045905327875577,0.8500000000000003,3,compact40,hist_gb
2024-06-02,0,0.9,0.8429595923603512,0.8500000000000003,3,compact40,hist_gb
2024-06-03,0,0.97,0.9178590523677461,0.8500000000000003,3,compact40,hist_gb
2024-06-04,0,0.86,0.6357145854966554,0.8500000000000003,3,compact40,hist_gb
2024-06-05,0,0.8275,0.41178526508674096,0.8500000000000003,3,compact40,hist_gb
2024-06-06,0,0.83,0.4267884160166549,0.8500000000000003,3,compact40,hist_gb
2024-06-07,0,0.84,0.48370741908108406,0.8500000000000003,3,compact40,hist_gb
2024-06-08,0,0.8175,0.39543927784146,0.8500000000000003,3,compact40,hist_gb
2024-06-09,0,0.51,0.09624306395384688,0.8500000000000003,3,compact40,hist_gb
2024-06-10,0,0.3225,0.05233637658220236,0.8500000000000003,3,compact40,hist_gb
2024-06-11,0,0.4575,0.07610414583521771,0.8500000000000003,3,compact40,hist_gb
2024-06-12,0,0.1125,0.021954509385848968,0.8500000000000003,3,compact40,hist_gb
2024-06-13,0,0.3,0.047174763907410794,0.8500000000000003,3,compact40,hist_gb
2024-06-14,1,0.265,0.04262692226251727,0.8500000000000003,3,compact40,hist_gb
2024-06-15,1,0.5375,0.11547316164854506,0.8500000000000003,3,compact40,hist_gb
2024-06-16,1,0.895,0.8348430240478383,0.8500000000000003,3,compact40,hist_gb
2024-06-17,1,0.805,0.363219028763334,0.8500000000000003,3,compact40,hist_gb
2024-06-18,1,0.8625,0.6457001386751815,0.8500000000000003,3,compact40,hist_gb
2024-06-19,1,0.8175,0.40136960047342757,0.8500000000000003,3,compact40,hist_gb
2024-06-20,1,0.6975,0.21304798592637406,0.8500000000000003,3,compact40,hist_gb
2024-06-21,1,0.8375,0.4683027282435654,0.8500000000000003,3,compact40,hist_gb
2024-06-22,0,0.8125,0.388385181903919,0.8500000000000003,3,compact40,hist_gb
2024-06-23,0,0.06,0.016794120096022044,0.8500000000000003,3,compact40,hist_gb
2024-06-24,0,0.2425,0.03782637454929876,0.8500000000000003,3,compact40,hist_gb
2024-06-25,0,0.3825,0.05987525057463972,0.8500000000000003,3,compact40,hist_gb
2024-06-26,0,0.18,0.030564677982103227,0.8500000000000003,3,compact40,hist_gb
2024-06-27,0,0.1025,0.021212157547189154,0.8500000000000003,3,compact40,hist_gb
2024-06-28,0,0.55,0.1222596020943935,0.8500000000000003,3,compact40,hist_gb
2024-06-29,0,0.4425,0.0743978014952389,0.8500000000000003,3,compact40,hist_gb
2024-06-30,0,0.005,0.009760602482148049,0.8500000000000003,3,compact40,hist_gb
2024-07-08,0,0.7780040733197556,0.358098195254626,0.6500000000000001,4,compact40,hist_gb
2024-07-09,0,0.835030549898167,0.5814235999044494,0.6500000000000001,4,compact40,hist_gb
2024-07-10,0,0.7026476578411406,0.24604266353152393,0.6500000000000001,4,compact40,hist_gb
2024-07-11,0,0.8370672097759674,0.6084259191430128,0.6500000000000001,4,compact40,hist_gb
2024-07-12,0,0.835030549898167,0.5964515994288164,0.6500000000000001,4,compact40,hist_gb
2024-07-13,0,0.5804480651731161,0.1649157094879764,0.6500000000000001,4,compact40,hist_gb
2024-07-14,1,0.8553971486761711,0.7772947656634952,0.6500000000000001,4,compact40,hist_gb
2024-07-15,1,0.8167006109979633,0.4921555892574514,0.6500000000000001,4,compact40,hist_gb
2024-07-16,0,0.8268839103869654,0.5430335410310089,0.6500000000000001,4,compact40,hist_gb
2024-07-17,1,0.4195519348268839,0.08885818026648162,0.6500000000000001,4,compact40,hist_gb
2024-07-18,1,0.2729124236252546,0.05182854399846422,0.6500000000000001,4,compact40,hist_gb
2024-07-19,0,0.6985743380855397,0.24104511903510045,0.6500000000000001,4,compact40,hist_gb
2024-07-20,0,0.7861507128309573,0.36618726694537895,0.6500000000000001,4,compact40,hist_gb
2024-07-21,0,0.0835030549898167,0.02184673711321612,0.6500000000000001,4,compact40,hist_gb
2024-07-22,0,0.14052953156822812,0.029617919645549714,0.6500000000000001,4,compact40,hist_gb
2024-07-23,0,0.3971486761710794,0.082799597702859,0.6500000000000001,4,compact40,hist_gb
2024-07-24,0,0.006109979633401222,0.011771277669154074,0.6500000000000001,4,compact40,hist_gb
2024-07-25,0,0.010183299389002037,0.012428640731220911,0.6500000000000001,4,compact40,hist_gb
2024-07-26,0,0.12016293279022404,0.02627548756175135,0.6500000000000001,4,compact40,hist_gb
2024-07-27,0,0.19959266802443992,0.038688968599347735,0.6500000000000001,4,compact40,hist_gb
2024-07-28,0,0.018329938900203666,0.014164877437272539,0.6500000000000001,4,compact40,hist_gb
2024-07-29,0,0.1670061099796334,0.03274005391420825,0.6500000000000001,4,compact40,hist_gb
2024-07-30,0,0.25865580448065173,0.04982103782605026,0.6500000000000001,4,compact40,hist_gb
2024-07-31,0,0.3258655804480652,0.06185419883236708,0.6500000000000001,4,compact40,hist_gb
2024-08-01,0,0.604887983706721,0.17631722419333262,0.6500000000000001,4,compact40,hist_gb
2024-08-02,0,0.5315682281059063,0.13603320148214915,0.6500000000000001,4,compact40,hist_gb
2024-08-03,0,0.35234215885947046,0.06906251814483286,0.6500000000000001,4,compact40,hist_gb
2024-08-04,0,0.7535641547861507,0.2908590468615625,0.6500000000000001,4,compact40,hist_gb
2024-08-05,0,0.7861507128309573,0.37097237932692206,0.6500000000000001,4,compact40,hist_gb
2024-08-06,0,0.42769857433808556,0.09040641038174174,0.6500000000000001,4,compact40,hist_gb
2024-08-07,0,0.6089613034623218,0.17788448342485372,0.6500000000000001,4,compact40,hist_gb
2024-08-08,0,0.5926680244399185,0.16710307493852133,0.6500000000000001,4,compact40,hist_gb
2024-08-09,0,0.6822810590631364,0.23177352753973296,0.6500000000000001,4,compact40,hist_gb
2024-08-10,0,0.8207739307535642,0.5105653718922787,0.6500000000000001,4,compact40,hist_gb
2024-08-11,0,0.7596741344195519,0.2990322507200854,0.6500000000000001,4,compact40,hist_gb
2024-08-12,0,0.8207739307535642,0.4984999598870417,0.6500000000000001,4,compact40,hist_gb
2024-08-13,0,0.835030549898167,0.5869498791178802,0.6500000000000001,4,compact40,hist_gb
2024-08-14,1,0.7331975560081466,0.26887975490507093,0.6500000000000001,4,compact40,hist_gb
2024-08-15,0,0.7678207739307535,0.31430993686595166,0.6500000000000001,4,compact40,hist_gb
2024-08-16,0,0.4073319755600815,0.0856752116619123,0.6500000000000001,4,compact40,hist_gb
2024-08-17,0,0.6008146639511202,0.17070823941404328,0.6500000000000001,4,compact40,hist_gb
2024-08-18,0,0.8228105906313645,0.5124154685357114,0.6500000000000001,4,compact40,hist_gb
2024-08-19,0,0.9205702647657841,0.8740626171568593,0.6500000000000001,4,compact40,hist_gb
2023-07-08,0,0.728,0.2404949963092804,0.8800000000000003,0,compact40,xgb
2023-07-09,0,0.808,0.31542226672172546,0.8800000000000003,0,compact40,xgb
2023-07-10,0,0.312,0.1169634684920311,0.8800000000000003,0,compact40,xgb
2023-07-11,0,0.712,0.22569331526756287,0.8800000000000003,0,compact40,xgb
2023-07-12,0,0.6,0.18488042056560516,0.8800000000000003,0,compact40,xgb
2023-07-13,1,0.752,0.26622873544692993,0.8800000000000003,0,compact40,xgb
2023-07-14,1,0.88,0.4690239727497101,0.8800000000000003,0,compact40,xgb
2023-07-15,0,0.408,0.1342194527387619,0.8800000000000003,0,compact40,xgb
2023-07-16,0,0.592,0.1843007653951645,0.8800000000000003,0,compact40,xgb
2023-07-17,0,0.568,0.17694486677646637,0.8800000000000003,0,compact40,xgb
2023-07-18,0,0.784,0.28758591413497925,0.8800000000000003,0,compact40,xgb
2023-07-19,0,0.656,0.19758091866970062,0.8800000000000003,0,compact40,xgb
2023-07-20,0,0.864,0.4272155463695526,0.8800000000000003,0,compact40,xgb
2023-07-21,0,0.752,0.26557472348213196,0.8800000000000003,0,compact40,xgb
2023-07-22,0,0.064,0.0652371197938919,0.8800000000000003,0,compact40,xgb
2023-07-23,0,0.344,0.12313321977853775,0.8800000000000003,0,compact40,xgb
2023-07-24,0,0.232,0.09631393849849701,0.8800000000000003,0,compact40,xgb
2023-07-25,0,0.264,0.10308816283941269,0.8800000000000003,0,compact40,xgb
2023-07-26,0,0.584,0.17940650880336761,0.8800000000000003,0,compact40,xgb
2023-07-27,0,0.288,0.11012742668390274,0.8800000000000003,0,compact40,xgb
2023-07-28,0,0.656,0.19754666090011597,0.8800000000000003,0,compact40,xgb
2023-07-29,0,0.184,0.08563609421253204,0.8800000000000003,0,compact40,xgb
2023-07-30,0,0.032,0.05669344589114189,0.8800000000000003,0,compact40,xgb
2023-07-31,0,0.736,0.25200408697128296,0.8800000000000003,0,compact40,xgb
2023-08-01,0,0.504,0.16055208444595337,0.8800000000000003,0,compact40,xgb
2023-08-02,0,0.736,0.2516777217388153,0.8800000000000003,0,compact40,xgb
2023-08-03,0,0.744,0.25547194480895996,0.8800000000000003,0,compact40,xgb
2023-08-04,0,0.768,0.2754848301410675,0.8800000000000003,0,compact40,xgb
2023-08-05,0,0.8,0.3063449561595917,0.8800000000000003,0,compact40,xgb
2023-08-06,0,0.872,0.4615606367588043,0.8800000000000003,0,compact40,xgb
2023-08-07,0,0.848,0.392739862203598,0.8800000000000003,0,compact40,xgb
2023-08-08,0,0.696,0.21384695172309875,0.8800000000000003,0,compact40,xgb
2023-08-09,0,0.408,0.1388084590435028,0.8800000000000003,0,compact40,xgb
2023-08-10,0,0.856,0.40052351355552673,0.8800000000000003,0,compact40,xgb
2023-08-11,0,0.8,0.3030032813549042,0.8800000000000003,0,compact40,xgb
2023-08-12,0,0.896,0.6393612623214722,0.8800000000000003,0,compact40,xgb
2023-08-13,0,0.2,0.09060390293598175,0.8800000000000003,0,compact40,xgb
2023-08-14,0,0.176,0.08416205644607544,0.8800000000000003,0,compact40,xgb
2023-08-15,0,0.36,0.12532539665699005,0.8800000000000003,0,compact40,xgb
2023-08-16,0,0.624,0.18900856375694275,0.8800000000000003,0,compact40,xgb
2023-08-17,0,0.8,0.3010890483856201,0.8800000000000003,0,compact40,xgb
2023-08-18,1,0.424,0.14275574684143066,0.8800000000000003,0,compact40,xgb
2023-08-19,0,0.312,0.11478091776371002,0.8800000000000003,0,compact40,xgb
2023-08-20,0,0.872,0.45643216371536255,0.8800000000000003,0,compact40,xgb
2023-08-21,0,0.776,0.28124934434890747,0.8800000000000003,0,compact40,xgb
2023-08-22,0,0.88,0.4961085915565491,0.8800000000000003,0,compact40,xgb
2023-08-23,0,0.848,0.39625149965286255,0.8800000000000003,0,compact40,xgb
2023-08-24,0,0.888,0.5689130425453186,0.8800000000000003,0,compact40,xgb
2023-08-25,0,0.12,0.07505673170089722,0.8800000000000003,0,compact40,xgb
2023-08-26,0,0.768,0.27535319328308105,0.8800000000000003,0,compact40,xgb
2023-08-27,0,0.584,0.17945672571659088,0.8800000000000003,0,compact40,xgb
2023-08-28,0,0.304,0.1140059232711792,0.8800000000000003,0,compact40,xgb
2023-08-29,0,0.032,0.05696708709001541,0.8800000000000003,0,compact40,xgb
2023-08-30,0,0.416,0.14100033044815063,0.8800000000000003,0,compact40,xgb
2023-08-31,0,0.28,0.10957381129264832,0.8800000000000003,0,compact40,xgb
2023-09-01,0,0.8,0.29530441761016846,0.8800000000000003,0,compact40,xgb
2023-09-02,0,0.624,0.18777894973754883,0.8800000000000003,0,compact40,xgb
2023-09-03,0,0.904,0.7133808732032776,0.8800000000000003,0,compact40,xgb
2023-09-04,0,0.672,0.20874206721782684,0.8800000000000003,0,compact40,xgb
2023-09-05,1,0.76,0.26887547969818115,0.8800000000000003,0,compact40,xgb
2023-09-06,1,0.272,0.10438904166221619,0.8800000000000003,0,compact40,xgb
2023-09-07,1,0.824,0.3503323197364807,0.8800000000000003,0,compact40,xgb
2023-09-08,1,0.832,0.3530060350894928,0.8800000000000003,0,compact40,xgb
2023-09-09,0,0.808,0.30837440490722656,0.8800000000000003,0,compact40,xgb
2023-09-10,0,0.288,0.11133379489183426,0.8800000000000003,0,compact40,xgb
2023-09-11,0,0.168,0.08031512051820755,0.8800000000000003,0,compact40,xgb
2023-09-12,0,0.84,0.37393635511398315,0.8800000000000003,0,compact40,xgb
2023-09-13,0,0.344,0.12355794757604599,0.8800000000000003,0,compact40,xgb
2023-09-14,0,0.168,0.08182156085968018,0.8800000000000003,0,compact40,xgb
2023-09-15,0,0.016,0.04578091576695442,0.8800000000000003,0,compact40,xgb
2023-09-16,0,0.656,0.19724956154823303,0.8800000000000003,0,compact40,xgb
2023-09-17,0,0.416,0.14001953601837158,0.8800000000000003,0,compact40,xgb
2023-09-18,0,0.168,0.08201953768730164,0.8800000000000003,0,compact40,xgb
2023-09-19,0,0.72,0.23631159961223602,0.8800000000000003,0,compact40,xgb
2023-09-20,0,0.84,0.3605427145957947,0.8800000000000003,0,compact40,xgb
2023-09-21,0,0.896,0.6293937563896179,0.8800000000000003,0,compact40,xgb
2023-09-22,0,0.632,0.190321683883667,0.8800000000000003,0,compact40,xgb
2023-09-23,0,0.824,0.3479672074317932,0.8800000000000003,0,compact40,xgb
2023-09-24,0,0.064,0.06249088793992996,0.8800000000000003,0,compact40,xgb
2023-09-25,0,0.216,0.09221787005662918,0.8800000000000003,0,compact40,xgb
2023-09-26,0,0.896,0.5894346237182617,0.8800000000000003,0,compact40,xgb
2023-09-27,0,0.448,0.15165793895721436,0.8800000000000003,0,compact40,xgb
2023-09-28,0,0.272,0.10362853109836578,0.8800000000000003,0,compact40,xgb
2023-09-29,0,0.696,0.21642819046974182,0.8800000000000003,0,compact40,xgb
2023-09-30,0,0.44,0.14722171425819397,0.8800000000000003,0,compact40,xgb
2023-10-08,0,0.847926267281106,0.3984590470790863,0.8000000000000003,1,compact40,xgb
2023-10-09,0,0.8294930875576036,0.38002103567123413,0.8000000000000003,1,compact40,xgb
2023-10-10,0,0.8663594470046083,0.44701826572418213,0.8000000000000003,1,compact40,xgb
2023-10-11,0,0.8894009216589862,0.48094531893730164,0.8000000000000003,1,compact40,xgb
2023-10-12,0,0.8294930875576036,0.3745875358581543,0.8000000000000003,1,compact40,xgb
2023-10-13,1,0.6820276497695853,0.20576803386211395,0.8000000000000003,1,compact40,xgb
2023-10-14,1,0.576036866359447,0.16260161995887756,0.8000000000000003,1,compact40,xgb
2023-10-15,0,0.7926267281105991,0.310941219329834,0.8000000000000003,1,compact40,xgb
2023-10-16,1,0.8433179723502304,0.39640673995018005,0.8000000000000003,1,compact40,xgb
2023-10-17,1,0.8894009216589862,0.4933411478996277,0.8000000000000003,1,compact40,xgb
2023-10-18,0,0.7188940092165899,0.2387656718492508,0.8000000000000003,1,compact40,xgb
2023-10-19,0,0.6405529953917051,0.18705575168132782,0.8000000000000003,1,compact40,xgb
2023-10-20,0,0.7926267281105991,0.3119218647480011,0.8000000000000003,1,compact40,xgb
2023-10-21,0,0.8018433179723502,0.3284498155117035,0.8000000000000003,1,compact40,xgb
2023-10-22,0,0.059907834101382486,0.024672767147421837,0.8000000000000003,1,compact40,xgb
2023-10-23,0,0.22119815668202766,0.05317560210824013,0.8000000000000003,1,compact40,xgb
2023-10-24,0,0.41013824884792627,0.10413119941949844,0.8000000000000003,1,compact40,xgb
2023-10-25,0,0.19815668202764977,0.04706905037164688,0.8000000000000003,1,compact40,xgb
2023-10-26,0,0.15207373271889402,0.03487204387784004,0.8000000000000003,1,compact40,xgb
2023-10-27,0,0.1935483870967742,0.04425624758005142,0.8000000000000003,1,compact40,xgb
2023-10-28,0,0.15668202764976957,0.03619805723428726,0.8000000000000003,1,compact40,xgb
2023-10-29,0,0.5714285714285714,0.15904448926448822,0.8000000000000003,1,compact40,xgb
2023-10-30,0,0.2857142857142857,0.06858596950769424,0.8000000000000003,1,compact40,xgb
2023-10-31,0,0.391705069124424,0.09836689382791519,0.8000000000000003,1,compact40,xgb
2023-11-01,0,0.8202764976958525,0.3404528796672821,0.8000000000000003,1,compact40,xgb
2023-11-02,0,0.6405529953917051,0.1873486042022705,0.8000000000000003,1,compact40,xgb
2023-11-03,0,0.8940092165898618,0.5866888165473938,0.8000000000000003,1,compact40,xgb
2023-11-04,0,0.8571428571428571,0.4167051613330841,0.8000000000000003,1,compact40,xgb
2023-11-05,0,0.9032258064516129,0.6583686470985413,0.8000000000000003,1,compact40,xgb
2023-11-06,0,0.8940092165898618,0.5092363953590393,0.8000000000000003,1,compact40,xgb
2023-11-07,0,0.9032258064516129,0.6616467833518982,0.8000000000000003,1,compact40,xgb
2023-11-08,0,0.8940092165898618,0.5031501650810242,0.8000000000000003,1,compact40,xgb
2023-11-09,1,0.9216589861751152,0.7954950928688049,0.8000000000000003,1,compact40,xgb
2023-11-10,1,0.8894009216589862,0.48521339893341064,0.8000000000000003,1,compact40,xgb
2023-11-11,0,0.9032258064516129,0.7073707580566406,0.8000000000000003,1,compact40,xgb
2023-11-12,0,0.576036866359447,0.16335316002368927,0.8000000000000003,1,compact40,xgb
2023-11-13,1,0.9032258064516129,0.6510315537452698,0.8000000000000003,1,compact40,xgb
2023-11-14,1,0.8940092165898618,0.5062795281410217,0.8000000000000003,1,compact40,xgb
2023-11-15,0,0.6175115207373272,0.17906920611858368,0.8000000000000003,1,compact40,xgb
2023-11-16,0,0.41013824884792627,0.10459743440151215,0.8000000000000003,1,compact40,xgb
2023-11-17,0,0.055299539170506916,0.02351350337266922,0.8000000000000003,1,compact40,xgb
2023-11-18,0,0.3640552995391705,0.09124918282032013,0.8000000000000003,1,compact40,xgb
2023-11-19,0,0.11981566820276497,0.033212948590517044,0.8000000000000003,1,compact40,xgb
2023-11-20,0,0.45622119815668205,0.11946798861026764,0.8000000000000003,1,compact40,xgb
2023-11-21,0,0.1382488479262673,0.03435550257563591,0.8000000000000003,1,compact40,xgb
2023-11-22,0,0.3548387096774194,0.0852920338511467,0.8000000000000003,1,compact40,xgb
2023-11-23,0,0.4147465437788018,0.10701216012239456,0.8000000000000003,1,compact40,xgb
2023-11-24,0,0.7050691244239631,0.2218865603208542,0.8000000000000003,1,compact40,xgb
2023-11-25,0,0.10138248847926268,0.02942919172346592,0.8000000000000003,1,compact40,xgb
2023-11-26,0,0.576036866359447,0.16179752349853516,0.8000000000000003,1,compact40,xgb
2023-11-27,0,0.2626728110599078,0.0653727650642395,0.8000000000000003,1,compact40,xgb
2023-11-28,0,0.17050691244239632,0.03680649399757385,0.8000000000000003,1,compact40,xgb
2023-11-29,0,0.576036866359447,0.15911422669887543,0.8000000000000003,1,compact40,xgb
2023-11-30,0,0.7465437788018433,0.2729753851890564,0.8000000000000003,1,compact40,xgb
2023-12-01,0,0.8663594470046083,0.4456242024898529,0.8000000000000003,1,compact40,xgb
2023-12-02,0,0.8294930875576036,0.379658967256546,0.8000000000000003,1,compact40,xgb
2023-12-03,0,0.9539170506912442,0.8186329007148743,0.8000000000000003,1,compact40,xgb
2023-12-04,0,0.9907834101382489,0.8915630578994751,0.8000000000000003,1,compact40,xgb
2023-12-05,0,0.9170506912442397,0.7500662207603455,0.8000000000000003,1,compact40,xgb
2023-12-06,0,0.967741935483871,0.8676866292953491,0.8000000000000003,1,compact40,xgb
2023-12-07,1,0.9032258064516129,0.6678086519241333,0.8000000000000003,1,compact40,xgb
2023-12-08,0,0.9723502304147466,0.8753644824028015,0.8000000000000003,1,compact40,xgb
2023-12-09,0,0.9631336405529954,0.8464325666427612,0.8000000000000003,1,compact40,xgb
2023-12-10,1,0.8294930875576036,0.3653726279735565,0.8000000000000003,1,compact40,xgb
2023-12-11,1,0.8294930875576036,0.3756071925163269,0.8000000000000003,1,compact40,xgb
2023-12-12,1,0.7419354838709677,0.2654808461666107,0.8000000000000003,1,compact40,xgb
2023-12-13,1,0.6682027649769585,0.19906571507453918,0.8000000000000003,1,compact40,xgb
2023-12-14,1,0.8294930875576036,0.3671870231628418,0.8000000000000003,1,compact40,xgb
2023-12-15,1,0.3087557603686636,0.07092229276895523,0.8000000000000003,1,compact40,xgb
2023-12-16,0,0.15668202764976957,0.034960370510816574,0.8000000000000003,1,compact40,xgb
2023-12-17,0,0.41013824884792627,0.1039508804678917,0.8000000000000003,1,compact40,xgb
2023-12-18,0,0.8433179723502304,0.3936246335506439,0.8000000000000003,1,compact40,xgb
2023-12-19,0,0.7695852534562212,0.29722854495048523,0.8000000000000003,1,compact40,xgb
2023-12-20,0,0.8986175115207373,0.6335775256156921,0.8000000000000003,1,compact40,xgb
2023-12-21,0,0.4470046082949309,0.11876749247312546,0.8000000000000003,1,compact40,xgb
2023-12-22,0,0.5990783410138248,0.17219005525112152,0.8000000000000003,1,compact40,xgb
2023-12-23,0,0.4423963133640553,0.11656167358160019,0.8000000000000003,1,compact40,xgb
2023-12-24,0,0.10138248847926268,0.029523545876145363,0.8000000000000003,1,compact40,xgb
2023-12-25,0,0.2488479262672811,0.059771012514829636,0.8000000000000003,1,compact40,xgb
2023-12-26,0,0.22119815668202766,0.052739791572093964,0.8000000000000003,1,compact40,xgb
2023-12-27,0,0.19815668202764977,0.04729694873094559,0.8000000000000003,1,compact40,xgb
2023-12-28,0,0.2119815668202765,0.05154659226536751,0.8000000000000003,1,compact40,xgb
2023-12-29,0,0.25806451612903225,0.06325729936361313,0.8000000000000003,1,compact40,xgb
2023-12-30,0,0.2073732718894009,0.049336060881614685,0.8000000000000003,1,compact40,xgb
2023-12-31,0,0.7603686635944701,0.2884528338909149,0.8000000000000003,1,compact40,xgb
2024-01-08,0,0.8576051779935275,0.6222211122512817,0.7200000000000002,2,compact40,xgb
2024-01-09,0,0.9352750809061489,0.8045542240142822,0.7200000000000002,2,compact40,xgb
2024-01-10,0,0.8511326860841424,0.5552182197570801,0.7200000000000002,2,compact40,xgb
2024-01-11,1,0.6375404530744336,0.24612703919410706,0.7200000000000002,2,compact40,xgb
2024-01-12,1,0.8770226537216829,0.6575819849967957,0.7200000000000002,2,compact40,xgb
2024-01-13,1,0.8802588996763754,0.6836844086647034,0.7200000000000002,2,compact40,xgb
2024-01-14,1,0.6407766990291263,0.24920952320098877,0.7200000000000002,2,compact40,xgb
2024-01-15,1,0.7928802588996764,0.41568779945373535,0.7200000000000002,2,compact40,xgb
2024-01-16,0,0.7928802588996764,0.411465585231781,0.7200000000000002,2,compact40,xgb
2024-01-17,1,0.9029126213592233,0.7152062058448792,0.7200000000000002,2,compact40,xgb
2024-01-18,1,0.86084142394822,0.6252471208572388,0.7200000000000002,2,compact40,xgb
2024-01-19,1,0.6699029126213593,0.2667820155620575,0.7200000000000002,2,compact40,xgb
2024-01-20,0,0.3333333333333333,0.09667037427425385,0.7200000000000002,2,compact40,xgb
2024-01-21,0,0.07119741100323625,0.02893647365272045,0.7200000000000002,2,compact40,xgb
2024-01-22,0,0.09385113268608414,0.032020967453718185,0.7200000000000002,2,compact40,xgb
2024-01-23,0,0.10679611650485436,0.03479184955358505,0.7200000000000002,2,compact40,xgb
2024-01-24,0,0.09385113268608414,0.03130430355668068,0.7200000000000002,2,compact40,xgb
2024-01-25,0,0.6407766990291263,0.24994613230228424,0.7200000000000002,2,compact40,xgb
2024-01-26,0,0.06796116504854369,0.026442687958478928,0.7200000000000002,2,compact40,xgb
2024-01-27,0,0.1423948220064725,0.041254304349422455,0.7200000000000002,2,compact40,xgb
2024-01-28,0,0.1941747572815534,0.0502198301255703,0.7200000000000002,2,compact40,xgb
2024-01-29,0,0.36893203883495146,0.10995014756917953,0.7200000000000002,2,compact40,xgb
2024-01-30,1,0.2524271844660194,0.06333118677139282,0.7200000000000002,2,compact40,xgb
2024-01-31,0,0.4919093851132686,0.1572493463754654,0.7200000000000002,2,compact40,xgb
2024-02-01,0,0.08414239482200647,0.030371077358722687,0.7200000000000002,2,compact40,xgb
2024-02-02,0,0.1715210355987055,0.046650540083646774,0.7200000000000002,2,compact40,xgb
2024-02-03,0,0.2912621359223301,0.07742156833410263,0.7200000000000002,2,compact40,xgb
2024-02-04,0,0.8576051779935275,0.6210280060768127,0.7200000000000002,2,compact40,xgb
2024-02-05,0,0.8220064724919094,0.48092183470726013,0.7200000000000002,2,compact40,xgb
2024-02-06,0,0.9061488673139159,0.7372250556945801,0.7200000000000002,2,compact40,xgb
2024-02-07,0,0.6925566343042071,0.2938147485256195,0.7200000000000002,2,compact40,xgb
2024-02-08,0,0.8640776699029126,0.6382753849029541,0.7200000000000002,2,compact40,xgb
2024-02-09,0,0.9385113268608414,0.8130385279655457,0.7200000000000002,2,compact40,xgb
2024-02-10,0,0.9029126213592233,0.7272316217422485,0.7200000000000002,2,compact40,xgb
2024-02-11,0,0.49514563106796117,0.15882137417793274,0.7200000000000002,2,compact40,xgb
2024-02-12,0,0.4174757281553398,0.12304963916540146,0.7200000000000002,2,compact40,xgb
2024-02-13,0,0.4045307443365696,0.11952938884496689,0.7200000000000002,2,compact40,xgb
2024-02-14,0,0.3268608414239482,0.09391617774963379,0.7200000000000002,2,compact40,xgb
2024-02-15,0,0.1941747572815534,0.049479804933071136,0.7200000000000002,2,compact40,xgb
2024-02-16,0,0.313915857605178,0.08520782738924026,0.7200000000000002,2,compact40,xgb
2024-02-17,0,0.343042071197411,0.0992768257856369,0.7200000000000002,2,compact40,xgb
2024-02-18,0,0.23948220064724918,0.061609961092472076,0.7200000000000002,2,compact40,xgb
2024-02-19,0,0.16181229773462782,0.045201607048511505,0.7200000000000002,2,compact40,xgb
2024-02-20,0,0.6601941747572816,0.263284832239151,0.7200000000000002,2,compact40,xgb
2024-02-21,0,0.1941747572815534,0.0495484322309494,0.7200000000000002,2,compact40,xgb
2024-02-22,0,0.3333333333333333,0.0962979793548584,0.7200000000000002,2,compact40,xgb
2024-02-23,0,0.5922330097087378,0.21348875761032104,0.7200000000000002,2,compact40,xgb
2024-02-24,0,0.3042071197411003,0.08061698824167252,0.7200000000000002,2,compact40,xgb
2024-02-25,0,0.09385113268608414,0.031349435448646545,0.7200000000000002,2,compact40,xgb
2024-02-26,0,0.025889967637540454,0.01762678474187851,0.7200000000000002,2,compact40,xgb
2024-02-27,0,0.3333333333333333,0.09560101479291916,0.7200000000000002,2,compact40,xgb
2024-02-28,0,0.3074433656957929,0.08201207220554352,0.7200000000000002,2,compact40,xgb
2024-02-29,0,0.5501618122977346,0.18634922802448273,0.7200000000000002,2,compact40,xgb
2024-03-01,0,0.5922330097087378,0.21238520741462708,0.7200000000000002,2,compact40,xgb
2024-03-02,0,0.6796116504854369,0.28572359681129456,0.7200000000000002,2,compact40,xgb
2024-03-03,0,0.8511326860841424,0.5749644637107849,0.7200000000000002,2,compact40,xgb
2024-03-04,0,0.8802588996763754,0.6713591814041138,0.7200000000000002,2,compact40,xgb
2024-03-05,0,0.8511326860841424,0.5761920809745789,0.7200000000000002,2,compact40,xgb
2024-03-06,0,0.7055016181229773,0.2993483245372772,0.7200000000000002,2,compact40,xgb
2024-03-07,0,0.8576051779935275,0.6215500235557556,0.7200000000000002,2,compact40,xgb
2024-03-08,0,0.8349514563106796,0.5079601407051086,0.7200000000000002,2,compact40,xgb
2024-03-09,1,0.7152103559870551,0.32725951075553894,0.7200000000000002,2,compact40,xgb
2024-03-10,1,0.9223300970873787,0.7847638726234436,0.7200000000000002,2,compact40,xgb
2024-03-11,1,0.9838187702265372,0.8657617568969727,0.7200000000000002,2,compact40,xgb
2024-03-12,1,0.9352750809061489,0.8054140210151672,0.7200000000000002,2,compact40,xgb
2024-03-13,1,0.8511326860841424,0.5584196448326111,0.7200000000000002,2,compact40,xgb
2024-03-14,1,0.9158576051779935,0.758252739906311,0.7200000000000002,2,compact40,xgb
2024-03-15,1,0.6699029126213593,0.2688002586364746,0.7200000000000002,2,compact40,xgb
2024-03-16,1,0.8349514563106796,0.49603426456451416,0.7200000000000002,2,compact40,xgb
2024-03-17,0,0.6763754045307443,0.28506481647491455,0.7200000000000002,2,compact40,xgb
2024-03-18,0,0.6828478964401294,0.29053154587745667,0.7200000000000002,2,compact40,xgb
2024-03-19,0,0.3592233009708738,0.10850158333778381,0.7200000000000002,2,compact40,xgb
2024-03-20,0,0.49838187702265374,0.15931642055511475,0.7200000000000002,2,compact40,xgb
2024-03-21,0,0.42718446601941745,0.12841369211673737,0.7200000000000002,2,compact40,xgb
2024-03-22,0,0.4174757281553398,0.12197231501340866,0.7200000000000002,2,compact40,xgb
2024-03-23,0,0.4401294498381877,0.1329924762248993,0.7200000000000002,2,compact40,xgb
2024-03-24,0,0.20711974110032363,0.05611823871731758,0.7200000000000002,2,compact40,xgb
2024-03-25,0,0.2815533980582524,0.07272425293922424,0.7200000000000002,2,compact40,xgb
2024-03-26,0,0.05825242718446602,0.025040913373231888,0.7200000000000002,2,compact40,xgb
2024-03-27,0,0.061488673139158574,0.025900674983859062,0.7200000000000002,2,compact40,xgb
2024-03-28,0,0.2686084142394822,0.06911799311637878,0.7200000000000002,2,compact40,xgb
2024-03-29,0,0.07119741100323625,0.02886006608605385,0.7200000000000002,2,compact40,xgb
2024-03-30,0,0.3559870550161812,0.10598573088645935,0.7200000000000002,2,compact40,xgb
2024-03-31,0,0.019417475728155338,0.017036771401762962,0.7200000000000002,2,compact40,xgb
2024-04-08,0,0.955,0.8448262810707092,0.8900000000000003,3,compact40,xgb
2024-04-09,0,0.9575,0.848013162612915,0.8900000000000003,3,compact40,xgb
2024-04-10,1,0.845,0.6376991271972656,0.8900000000000003,3,compact40,xgb
2024-04-11,1,0.99,0.9008610248565674,0.8900000000000003,3,compact40,xgb
2024-04-12,0,0.9225,0.8160531520843506,0.8900000000000003,3,compact40,xgb
2024-04-13,1,0.8825,0.723000168800354,0.8900000000000003,3,compact40,xgb
2024-04-14,1,0.865,0.6852223873138428,0.8900000000000003,3,compact40,xgb
2024-04-15,1,0.5625,0.21019132435321808,0.8900000000000003,3,compact40,xgb
2024-04-16,1,0.3025,0.09270570427179337,0.8900000000000003,3,compact40,xgb
2024-04-17,1,0.7075,0.36292436718940735,0.8900000000000003,3,compact40,xgb
2024-04-18,1,0.7475,0.4438644349575043,0.8900000000000003,3,compact40,xgb
2024-04-19,1,0.6125,0.23859666287899017,0.8900000000000003,3,compact40,xgb
2024-04-20,1,0.4625,0.1562948226928711,0.8900000000000003,3,compact40,xgb
2024-04-21,0,0.105,0.032214559614658356,0.8900000000000003,3,compact40,xgb
2024-04-22,0,0.1475,0.03808894380927086,0.8900000000000003,3,compact40,xgb
2024-04-23,0,0.255,0.07582911849021912,0.8900000000000003,3,compact40,xgb
2024-04-24,0,0.04,0.023808788508176804,0.8900000000000003,3,compact40,xgb
2024-04-25,0,0.035,0.021039947867393494,0.8900000000000003,3,compact40,xgb
2024-04-26,0,0.165,0.042501598596572876,0.8900000000000003,3,compact40,xgb
2024-04-27,0,0.06,0.025790031999349594,0.8900000000000003,3,compact40,xgb
2024-04-28,0,0.2275,0.06376112252473831,0.8900000000000003,3,compact40,xgb
2024-04-29,0,0.015,0.01541242003440857,0.8900000000000003,3,compact40,xgb
2024-04-30,0,0.17,0.043878085911273956,0.8900000000000003,3,compact40,xgb
2024-05-01,0,0.1225,0.034440867602825165,0.8900000000000003,3,compact40,xgb
2024-05-02,0,0.01,0.014279591850936413,0.8900000000000003,3,compact40,xgb
2024-05-03,0,0.07,0.027294378727674484,0.8900000000000003,3,compact40,xgb
2024-05-04,0,0.295,0.08941616117954254,0.8900000000000003,3,compact40,xgb
2024-05-05,0,0.815,0.5669056177139282,0.8900000000000003,3,compact40,xgb
2024-05-06,0,0.7325,0.41396564245224,0.8900000000000003,3,compact40,xgb
2024-05-07,0,0.84,0.6193351149559021,0.8900000000000003,3,compact40,xgb
2024-05-08,0,0.8475,0.6436882019042969,0.8900000000000003,3,compact40,xgb
2024-05-09,0,0.5725,0.21373307704925537,0.8900000000000003,3,compact40,xgb
2024-05-10,0,0.72,0.39281412959098816,0.8900000000000003,3,compact40,xgb
2024-05-11,0,0.8825,0.7219974398612976,0.8900000000000003,3,compact40,xgb
2024-05-12,0,0.82,0.5817640423774719,0.8900000000000003,3,compact40,xgb
2024-05-13,0,0.6275,0.2460060864686966,0.8900000000000003,3,compact40,xgb
2024-05-14,0,0.55,0.19573438167572021,0.8900000000000003,3,compact40,xgb
2024-05-15,0,0.6325,0.2583667039871216,0.8900000000000003,3,compact40,xgb
2024-05-16,0,0.85,0.6483493447303772,0.8900000000000003,3,compact40,xgb
2024-05-17,1,0.695,0.34072640538215637,0.8900000000000003,3,compact40,xgb
2024-05-18,0,0.7825,0.48690104484558105,0.8900000000000003,3,compact40,xgb
2024-05-19,0,0.225,0.062197692692279816,0.8900000000000003,3,compact40,xgb
2024-05-20,0,0.355,0.1135624572634697,0.8900000000000003,3,compact40,xgb
2024-05-21,0,0.6275,0.24722233414649963,0.8900000000000003,3,compact40,xgb
2024-05-22,0,0.715,0.375759482383728,0.8900000000000003,3,compact40,xgb
2024-05-23,0,0.83,0.6010242104530334,0.8900000000000003,3,compact40,xgb
2024-05-24,0,0.56,0.20632725954055786,0.8900000000000003,3,compact40,xgb
2024-05-25,0,0.355,0.11356336623430252,0.8900000000000003,3,compact40,xgb
2024-05-26,0,0.1675,0.04335007444024086,0.8900000000000003,3,compact40,xgb
2024-05-27,0,0.3675,0.11724667996168137,0.8900000000000003,3,compact40,xgb
2024-05-28,0,0.2775,0.0832206979393959,0.8900000000000003,3,compact40,xgb
2024-05-29,0,0.295,0.08873434364795685,0.8900000000000003,3,compact40,xgb
2024-05-30,0,0.255,0.07536809891462326,0.8900000000000003,3,compact40,xgb
2024-05-31,0,0.5275,0.19139216840267181,0.8900000000000003,3,compact40,xgb
2024-06-01,0,0.5275,0.19034266471862793,0.8900000000000003,3,compact40,xgb
2024-06-02,0,0.8925,0.7497904896736145,0.8900000000000003,3,compact40,xgb
2024-06-03,0,0.9925,0.9072233438491821,0.8900000000000003,3,compact40,xgb
2024-06-04,0,0.84,0.6223626136779785,0.8900000000000003,3,compact40,xgb
2024-06-05,0,0.72,0.3957309126853943,0.8900000000000003,3,compact40,xgb
2024-06-06,0,0.82,0.5794275999069214,0.8900000000000003,3,compact40,xgb
2024-06-07,0,0.785,0.49968764185905457,0.8900000000000003,3,compact40,xgb
2024-06-08,0,0.7025,0.3540267050266266,0.8900000000000003,3,compact40,xgb
2024-06-09,0,0.4825,0.1725720316171646,0.8900000000000003,3,compact40,xgb
2024-06-10,0,0.465,0.15884912014007568,0.8900000000000003,3,compact40,xgb
2024-06-11,0,0.33,0.1028115451335907,0.8900000000000003,3,compact40,xgb
2024-06-12,0,0.3425,0.10738386958837509,0.8900000000000003,3,compact40,xgb
2024-06-13,0,0.335,0.10453508794307709,0.8900000000000003,3,compact40,xgb
2024-06-14,1,0.335,0.10418065637350082,0.8900000000000003,3,compact40,xgb
2024-06-15,1,0.4925,0.1763075590133667,0.8900000000000003,3,compact40,xgb
2024-06-16,1,0.9375,0.8274748921394348,0.8900000000000003,3,compact40,xgb
2024-06-17,1,0.765,0.4703615605831146,0.8900000000000003,3,compact40,xgb
2024-06-18,1,0.92,0.8116769194602966,0.8900000000000003,3,compact40,xgb
2024-06-19,1,0.8025,0.5384038090705872,0.8900000000000003,3,compact40,xgb
2024-06-20,1,0.3675,0.11767372488975525,0.8900000000000003,3,compact40,xgb
2024-06-21,1,0.77,0.4783531725406647,0.8900000000000003,3,compact40,xgb
2024-06-22,0,0.72,0.39484477043151855,0.8900000000000003,3,compact40,xgb
2024-06-23,0,0.08,0.028628632426261902,0.8900000000000003,3,compact40,xgb
2024-06-24,0,0.0975,0.0314810574054718,0.8900000000000003,3,compact40,xgb
2024-06-25,0,0.115,0.03336703032255173,0.8900000000000003,3,compact40,xgb
2024-06-26,0,0.09,0.030288314446806908,0.8900000000000003,3,compact40,xgb
2024-06-27,0,0.1325,0.03574909642338753,0.8900000000000003,3,compact40,xgb
2024-06-28,0,0.3025,0.09144798666238785,0.8900000000000003,3,compact40,xgb
2024-06-29,0,0.225,0.062111496925354004,0.8900000000000003,3,compact40,xgb
2024-06-30,0,0.02,0.017401866614818573,0.8900000000000003,3,compact40,xgb
2024-07-08,0,0.745417515274949,0.4513867199420929,0.6300000000000001,4,compact40,xgb
2024-07-09,0,0.8329938900203666,0.6456702947616577,0.6300000000000001,4,compact40,xgb
2024-07-10,0,0.7535641547861507,0.4854207932949066,0.6300000000000001,4,compact40,xgb
2024-07-11,0,0.8167006109979633,0.605141818523407,0.6300000000000001,4,compact40,xgb
2024-07-12,0,0.7861507128309573,0.5379464030265808,0.6300000000000001,4,compact40,xgb
2024-07-13,0,0.615071283095723,0.3261844217777252,0.6300000000000001,4,compact40,xgb
2024-07-14,1,0.7841140529531568,0.5305366516113281,0.6300000000000001,4,compact40,xgb
2024-07-15,1,0.7841140529531568,0.5302063822746277,0.6300000000000001,4,compact40,xgb
2024-07-16,0,0.8329938900203666,0.6476283073425293,0.6300000000000001,4,compact40,xgb
2024-07-17,1,0.5295315682281059,0.23324881494045258,0.6300000000000001,4,compact40,xgb
2024-07-18,1,0.5560081466395111,0.2657317817211151,0.6300000000000001,4,compact40,xgb
2024-07-19,0,0.7352342158859471,0.4440567195415497,0.6300000000000001,4,compact40,xgb
2024-07-20,0,0.8309572301425662,0.6435734629631042,0.6300000000000001,4,compact40,xgb
2024-07-21,0,0.34012219959266804,0.12948383390903473,0.6300000000000001,4,compact40,xgb
2024-07-22,0,0.1425661914460285,0.04336727410554886,0.6300000000000001,4,compact40,xgb
2024-07-23,0,0.20977596741344195,0.06645888835191727,0.6300000000000001,4,compact40,xgb
2024-07-24,0,0.010183299389002037,0.017006468027830124,0.6300000000000001,4,compact40,xgb
2024-07-25,0,0.010183299389002037,0.01620238460600376,0.6300000000000001,4,compact40,xgb
2024-07-26,0,0.19959266802443992,0.05993310734629631,0.6300000000000001,4,compact40,xgb
2024-07-27,0,0.1079429735234216,0.037757508456707,0.6300000000000001,4,compact40,xgb
2024-07-28,0,0.004073319755600814,0.012871833518147469,0.6300000000000001,4,compact40,xgb
2024-07-29,0,0.06313645621181263,0.029095813632011414,0.6300000000000001,4,compact40,xgb
2024-07-30,0,0.09368635437881874,0.034659069031476974,0.6300000000000001,4,compact40,xgb
2024-07-31,0,0.34012219959266804,0.12902702391147614,0.6300000000000001,4,compact40,xgb
2024-08-01,0,0.5498981670061099,0.2548299729824066,0.6300000000000001,4,compact40,xgb
2024-08-02,0,0.5804480651731161,0.2918814718723297,0.6300000000000001,4,compact40,xgb
2024-08-03,0,0.34012219959266804,0.12893794476985931,0.6300000000000001,4,compact40,xgb
2024-08-04,0,0.8167006109979633,0.6102944016456604,0.6300000000000001,4,compact40,xgb
2024-08-05,0,0.5498981670061099,0.2563677728176117,0.6300000000000001,4,compact40,xgb
2024-08-06,0,0.505091649694501,0.21794523298740387,0.6300000000000001,4,compact40,xgb
2024-08-07,0,0.6680244399185336,0.3799388110637665,0.6300000000000001,4,compact40,xgb
2024-08-08,0,0.790224032586558,0.5416153073310852,0.6300000000000001,4,compact40,xgb
2024-08-09,0,0.659877800407332,0.37526339292526245,0.6300000000000001,4,compact40,xgb
2024-08-10,0,0.7494908350305499,0.46941858530044556,0.6300000000000001,4,compact40,xgb
2024-08-11,0,0.7474541751527495,0.4620519280433655,0.6300000000000001,4,compact40,xgb
2024-08-12,0,0.780040733197556,0.5168921947479248,0.6300000000000001,4,compact40,xgb
2024-08-13,0,0.7922606924643585,0.5547776222229004,0.6300000000000001,4,compact40,xgb
2024-08-14,1,0.7046843177189409,0.41988369822502136,0.6300000000000001,4,compact40,xgb
2024-08-15,0,0.6537678207739308,0.3674027919769287,0.6300000000000001,4,compact40,xgb
2024-08-16,0,0.4378818737270876,0.17940641939640045,0.6300000000000001,4,compact40,xgb
2024-08-17,0,0.5967413441955194,0.3086720407009125,0.6300000000000001,4,compact40,xgb
2024-08-18,0,0.8533604887983707,0.6794630885124207,0.6300000000000001,4,compact40,xgb
2024-08-19,0,0.9531568228105907,0.84015953540802,0.6300000000000001,4,compact40,xgb
2023-07-08,0,0.752,0.06199288535093875,0.5900000000000001,0,compact40,catboost
2023-07-09,0,0.816,0.08010404020576875,0.5900000000000001,0,compact40,catboost
2023-07-10,0,0.144,0.015079621952688844,0.5900000000000001,0,compact40,catboost
2023-07-11,0,0.832,0.09083976747170461,0.5900000000000001,0,compact40,catboost
2023-07-12,0,0.704,0.05051526824174108,0.5900000000000001,0,compact40,catboost
2023-07-13,1,0.896,0.187190034701127,0.5900000000000001,0,compact40,catboost
2023-07-14,1,0.88,0.13430341879521024,0.5900000000000001,0,compact40,catboost
2023-07-15,0,0.088,0.012388142473805161,0.5900000000000001,0,compact40,catboost
2023-07-16,0,0.88,0.13786341245990844,0.5900000000000001,0,compact40,catboost
2023-07-17,0,0.904,0.26684255884756863,0.5900000000000001,0,compact40,catboost
2023-07-18,0,0.904,0.3076874997731577,0.5900000000000001,0,compact40,catboost
2023-07-19,0,0.872,0.12721630135439516,0.5900000000000001,0,compact40,catboost
2023-07-20,0,0.832,0.10155957085973526,0.5900000000000001,0,compact40,catboost
2023-07-21,0,0.808,0.0753308393654402,0.5900000000000001,0,compact40,catboost
2023-07-22,0,0.248,0.0207596804220133,0.5900000000000001,0,compact40,catboost
2023-07-23,0,0.728,0.05440874630446285,0.5900000000000001,0,compact40,catboost
2023-07-24,0,0.08,0.01092370420153731,0.5900000000000001,0,compact40,catboost
2023-07-25,0,0.088,0.011986924540836379,0.5900000000000001,0,compact40,catboost
2023-07-26,0,0.36,0.029130332057335295,0.5900000000000001,0,compact40,catboost
2023-07-27,0,0.04,0.0066389600009741975,0.5900000000000001,0,compact40,catboost
2023-07-28,0,0.296,0.02301995440772711,0.5900000000000001,0,compact40,catboost
2023-07-29,0,0.08,0.011737852415003112,0.5900000000000001,0,compact40,catboost
2023-07-30,0,0.096,0.012966231951546654,0.5900000000000001,0,compact40,catboost
2023-07-31,0,0.112,0.013906977664828518,0.5900000000000001,0,compact40,catboost
2023-08-01,0,0.704,0.05005214995547751,0.5900000000000001,0,compact40,catboost
2023-08-02,0,0.728,0.0540452360391797,0.5900000000000001,0,compact40,catboost
2023-08-03,0,0.792,0.0718033400751518,0.5900000000000001,0,compact40,catboost
2023-08-04,0,0.608,0.040462075052088285,0.5900000000000001,0,compact40,catboost
2023-08-05,0,0.808,0.07727088629401412,0.5900000000000001,0,compact40,catboost
2023-08-06,0,0.904,0.4629757375529281,0.5900000000000001,0,compact40,catboost
2023-08-07,0,0.832,0.09561109941962263,0.5900000000000001,0,compact40,catboost
2023-08-08,0,0.752,0.06335066561036377,0.5900000000000001,0,compact40,catboost
2023-08-09,0,0.792,0.07184303231361683,0.5900000000000001,0,compact40,catboost
2023-08-10,0,0.832,0.08967888445974549,0.5900000000000001,0,compact40,catboost
2023-08-11,0,0.872,0.1233692125135986,0.5900000000000001,0,compact40,catboost
2023-08-12,0,0.904,0.24398069592583663,0.5900000000000001,0,compact40,catboost
2023-08-13,0,0.216,0.018589059404007752,0.5900000000000001,0,compact40,catboost
2023-08-14,0,0.36,0.02919062148817289,0.5900000000000001,0,compact40,catboost
2023-08-15,0,0.888,0.1589991046795063,0.5900000000000001,0,compact40,catboost
2023-08-16,0,0.896,0.18335320496230892,0.5900000000000001,0,compact40,catboost
2023-08-17,0,0.888,0.15669239490196873,0.5900000000000001,0,compact40,catboost
2023-08-18,1,0.4,0.031469476650163225,0.5900000000000001,0,compact40,catboost
2023-08-19,0,0.424,0.03239406713131956,0.5900000000000001,0,compact40,catboost
2023-08-20,0,0.832,0.098493082920325,0.5900000000000001,0,compact40,catboost
2023-08-21,0,0.896,0.19817873316653037,0.5900000000000001,0,compact40,catboost
2023-08-22,0,0.904,0.4149689421729039,0.5900000000000001,0,compact40,catboost
2023-08-23,0,0.776,0.06806438292687983,0.5900000000000001,0,compact40,catboost
2023-08-24,0,0.904,0.3932080830155568,0.5900000000000001,0,compact40,catboost
2023-08-25,0,0.024,0.0062228723624825205,0.5900000000000001,0,compact40,catboost
2023-08-26,0,0.672,0.046980437866510606,0.5900000000000001,0,compact40,catboost
2023-08-27,0,0.8,0.07470684623229443,0.5900000000000001,0,compact40,catboost
2023-08-28,0,0.296,0.025564752757357947,0.5900000000000001,0,compact40,catboost
2023-08-29,0,0.056,0.007349992620148664,0.5900000000000001,0,compact40,catboost
2023-08-30,0,0.096,0.01309452528297274,0.5900000000000001,0,compact40,catboost
2023-08-31,0,0.296,0.02574176023445749,0.5900000000000001,0,compact40,catboost
2023-09-01,0,0.904,0.4728160503343507,0.5900000000000001,0,compact40,catboost
2023-09-02,0,0.8,0.07445036324243158,0.5900000000000001,0,compact40,catboost
2023-09-03,0,0.904,0.3100282338347795,0.5900000000000001,0,compact40,catboost
2023-09-04,0,0.832,0.08649156134615005,0.5900000000000001,0,compact40,catboost
2023-09-05,1,0.896,0.17226322087934046,0.5900000000000001,0,compact40,catboost
2023-09-06,1,0.368,0.030008820650911705,0.5900000000000001,0,compact40,catboost
2023-09-07,1,0.832,0.08607403701360986,0.5900000000000001,0,compact40,catboost
2023-09-08,1,0.904,0.6098847493818896,0.5900000000000001,0,compact40,catboost
2023-09-09,0,0.872,0.11966552344845732,0.5900000000000001,0,compact40,catboost
2023-09-10,0,0.52,0.03659286416258534,0.5900000000000001,0,compact40,catboost
2023-09-11,0,0.576,0.038840426469317686,0.5900000000000001,0,compact40,catboost
2023-09-12,0,0.904,0.42919750552501096,0.5900000000000001,0,compact40,catboost
2023-09-13,0,0.096,0.012940045334045245,0.5900000000000001,0,compact40,catboost
2023-09-14,0,0.232,0.020337439645274367,0.5900000000000001,0,compact40,catboost
2023-09-15,0,0.216,0.017868750960852123,0.5900000000000001,0,compact40,catboost
2023-09-16,0,0.776,0.06997568114355232,0.5900000000000001,0,compact40,catboost
2023-09-17,0,0.712,0.050876751041290885,0.5900000000000001,0,compact40,catboost
2023-09-18,0,0.56,0.0378452687353386,0.5900000000000001,0,compact40,catboost
2023-09-19,0,0.232,0.020299614262322473,0.5900000000000001,0,compact40,catboost
2023-09-20,0,0.832,0.09206404331002357,0.5900000000000001,0,compact40,catboost
2023-09-21,0,0.904,0.5555277523003156,0.5900000000000001,0,compact40,catboost
2023-09-22,0,0.768,0.06605414731062467,0.5900000000000001,0,compact40,catboost
2023-09-23,0,0.864,0.10862729262060968,0.5900000000000001,0,compact40,catboost
2023-09-24,0,0.104,0.013419993492771749,0.5900000000000001,0,compact40,catboost
2023-09-25,0,0.08,0.011164198448740644,0.5900000000000001,0,compact40,catboost
2023-09-26,0,0.896,0.19978459253480058,0.5900000000000001,0,compact40,catboost
2023-09-27,0,0.368,0.029997543970319958,0.5900000000000001,0,compact40,catboost
2023-09-28,0,0.216,0.01838816148951885,0.5900000000000001,0,compact40,catboost
2023-09-29,0,0.4,0.03146956743978128,0.5900000000000001,0,compact40,catboost
2023-09-30,0,0.808,0.07621806300993131,0.5900000000000001,0,compact40,catboost
2023-10-08,0,0.783410138248848,0.09931411862859675,0.9000000000000004,1,compact40,catboost
2023-10-09,0,0.6728110599078341,0.07396918309373597,0.9000000000000004,1,compact40,catboost
2023-10-10,0,0.880184331797235,0.19694373258866749,0.9000000000000004,1,compact40,catboost
2023-10-11,0,0.8894009216589862,0.20193437111481913,0.9000000000000004,1,compact40,catboost
2023-10-12,0,0.8064516129032258,0.12888777363370466,0.9000000000000004,1,compact40,catboost
2023-10-13,1,0.45622119815668205,0.04288968384893828,0.9000000000000004,1,compact40,catboost
2023-10-14,1,0.8248847926267281,0.14750512843124464,0.9000000000000004,1,compact40,catboost
2023-10-15,0,0.9124423963133641,0.3107166411616315,0.9000000000000004,1,compact40,catboost
2023-10-16,1,0.9124423963133641,0.3206125228726624,0.9000000000000004,1,compact40,catboost
2023-10-17,1,0.9124423963133641,0.3532823413836691,0.9000000000000004,1,compact40,catboost
2023-10-18,0,0.663594470046083,0.06953748730689364,0.9000000000000004,1,compact40,catboost
2023-10-19,0,0.7096774193548387,0.084728139150492,0.9000000000000004,1,compact40,catboost
2023-10-20,0,0.9124423963133641,0.32569147210350835,0.9000000000000004,1,compact40,catboost
2023-10-21,0,0.8018433179723502,0.1261491922701035,0.9000000000000004,1,compact40,catboost
2023-10-22,0,0.2626728110599078,0.02215578415046198,0.9000000000000004,1,compact40,catboost
2023-10-23,0,0.3087557603686636,0.028142452737244514,0.9000000000000004,1,compact40,catboost
2023-10-24,0,0.2672811059907834,0.023750703041207234,0.9000000000000004,1,compact40,catboost
2023-10-25,0,0.059907834101382486,0.0063422145885042155,0.9000000000000004,1,compact40,catboost
2023-10-26,0,0.14285714285714285,0.012434860148492589,0.9000000000000004,1,compact40,catboost
2023-10-27,0,0.0967741935483871,0.009240961905589222,0.9000000000000004,1,compact40,catboost
2023-10-28,0,0.12903225806451613,0.01091660949731373,0.9000000000000004,1,compact40,catboost
2023-10-29,0,0.2488479262672811,0.020909382246101827,0.9000000000000004,1,compact40,catboost
2023-10-30,0,0.1889400921658986,0.014520505203884433,0.9000000000000004,1,compact40,catboost
2023-10-31,0,0.35023041474654376,0.03260266766523578,0.9000000000000004,1,compact40,catboost
2023-11-01,0,0.9124423963133641,0.3445992074613848,0.9000000000000004,1,compact40,catboost
2023-11-02,0,0.8986175115207373,0.24346756871721742,0.9000000000000004,1,compact40,catboost
2023-11-03,0,0.8663594470046083,0.17148896700484154,0.9000000000000004,1,compact40,catboost
2023-11-04,0,0.9078341013824884,0.2760624333399755,0.9000000000000004,1,compact40,catboost
2023-11-05,0,0.8986175115207373,0.24337898484791476,0.9000000000000004,1,compact40,catboost
2023-11-06,0,0.880184331797235,0.19992050144935516,0.9000000000000004,1,compact40,catboost
2023-11-07,0,0.9124423963133641,0.5074427826535853,0.9000000000000004,1,compact40,catboost
2023-11-08,0,0.8986175115207373,0.24166917874823945,0.9000000000000004,1,compact40,catboost
2023-11-09,1,0.9124423963133641,0.6715322466103456,0.9000000000000004,1,compact40,catboost
2023-11-10,1,0.8018433179723502,0.1251881786608055,0.9000000000000004,1,compact40,catboost
2023-11-11,0,0.783410138248848,0.10297201465742051,0.9000000000000004,1,compact40,catboost
2023-11-12,0,0.6267281105990783,0.06566348618965545,0.9000000000000004,1,compact40,catboost
2023-11-13,1,0.9124423963133641,0.3098851875110463,0.9000000000000004,1,compact40,catboost
2023-11-14,1,0.7880184331797235,0.11110764373093607,0.9000000000000004,1,compact40,catboost
2023-11-15,0,0.4608294930875576,0.04337333301371023,0.9000000000000004,1,compact40,catboost
2023-11-16,0,0.3548387096774194,0.03283797484160529,0.9000000000000004,1,compact40,catboost
2023-11-17,0,0.15207373271889402,0.012735180490116373,0.9000000000000004,1,compact40,catboost
2023-11-18,0,0.2857142857142857,0.026179743316916363,0.9000000000000004,1,compact40,catboost
2023-11-19,0,0.41013824884792627,0.03756425504256137,0.9000000000000004,1,compact40,catboost
2023-11-20,0,0.728110599078341,0.09069598225725152,0.9000000000000004,1,compact40,catboost
2023-11-21,0,0.06451612903225806,0.007312639060364211,0.9000000000000004,1,compact40,catboost
2023-11-22,0,0.22580645161290322,0.018685718703736368,0.9000000000000004,1,compact40,catboost
2023-11-23,0,0.2995391705069124,0.027668345489685588,0.9000000000000004,1,compact40,catboost
2023-11-24,0,0.423963133640553,0.03879804160467083,0.9000000000000004,1,compact40,catboost
2023-11-25,0,0.1152073732718894,0.010147402716244367,0.9000000000000004,1,compact40,catboost
2023-11-26,0,0.29493087557603687,0.02685619342716102,0.9000000000000004,1,compact40,catboost
2023-11-27,0,0.059907834101382486,0.0067930254131274145,0.9000000000000004,1,compact40,catboost
2023-11-28,0,0.1152073732718894,0.01034559563160389,0.9000000000000004,1,compact40,catboost
2023-11-29,0,0.4377880184331797,0.04134912143217459,0.9000000000000004,1,compact40,catboost
2023-11-30,0,0.5391705069124424,0.05231525049211516,0.9000000000000004,1,compact40,catboost
2023-12-01,0,0.8894009216589862,0.20370228973987373,0.9000000000000004,1,compact40,catboost
2023-12-02,0,0.8894009216589862,0.20061068330272464,0.9000000000000004,1,compact40,catboost
2023-12-03,0,0.9124423963133641,0.3341840467060983,0.9000000000000004,1,compact40,catboost
2023-12-04,0,0.9124423963133641,0.7006114676233486,0.9000000000000004,1,compact40,catboost
2023-12-05,0,0.9124423963133641,0.4546454148292518,0.9000000000000004,1,compact40,catboost
2023-12-06,0,0.9124423963133641,0.7343172658123491,0.9000000000000004,1,compact40,catboost
2023-12-07,1,0.9124423963133641,0.5403837765781002,0.9000000000000004,1,compact40,catboost
2023-12-08,0,0.9124423963133641,0.44835970269801667,0.9000000000000004,1,compact40,catboost
2023-12-09,0,0.9124423963133641,0.3536012672133845,0.9000000000000004,1,compact40,catboost
2023-12-10,1,0.9124423963133641,0.30217469667062974,0.9000000000000004,1,compact40,catboost
2023-12-11,1,0.9078341013824884,0.2882676406030441,0.9000000000000004,1,compact40,catboost
2023-12-12,1,0.847926267281106,0.16151721372167674,0.9000000000000004,1,compact40,catboost
2023-12-13,1,0.7649769585253456,0.09779049092533669,0.9000000000000004,1,compact40,catboost
2023-12-14,1,0.6543778801843319,0.06813764365595697,0.9000000000000004,1,compact40,catboost
2023-12-15,1,0.1336405529953917,0.011453865804335526,0.9000000000000004,1,compact40,catboost
2023-12-16,0,0.24423963133640553,0.02065537862075486,0.9000000000000004,1,compact40,catboost
2023-12-17,0,0.1336405529953917,0.011286979197293453,0.9000000000000004,1,compact40,catboost
2023-12-18,0,0.880184331797235,0.1981704759602428,0.9000000000000004,1,compact40,catboost
2023-12-19,0,0.8064516129032258,0.1284885198483062,0.9000000000000004,1,compact40,catboost
2023-12-20,0,0.9078341013824884,0.2678576673210723,0.9000000000000004,1,compact40,catboost
2023-12-21,0,0.20276497695852536,0.016790984358655527,0.9000000000000004,1,compact40,catboost
2023-12-22,0,0.783410138248848,0.1019312331472256,0.9000000000000004,1,compact40,catboost
2023-12-23,0,0.783410138248848,0.09993877152834091,0.9000000000000004,1,compact40,catboost
2023-12-24,0,0.059907834101382486,0.006364338125323751,0.9000000000000004,1,compact40,catboost
2023-12-25,0,0.08294930875576037,0.008514934501959483,0.9000000000000004,1,compact40,catboost
2023-12-26,0,0.12903225806451613,0.011160601401905338,0.9000000000000004,1,compact40,catboost
2023-12-27,0,0.05069124423963134,0.005590922177629941,0.9000000000000004,1,compact40,catboost
2023-12-28,0,0.6267281105990783,0.0653796181987405,0.9000000000000004,1,compact40,catboost
2023-12-29,0,0.10138248847926268,0.00969613970820735,0.9000000000000004,1,compact40,catboost
2023-12-30,0,0.1889400921658986,0.014912892686993515,0.9000000000000004,1,compact40,catboost
2023-12-31,0,0.663594470046083,0.06877834438731135,0.9000000000000004,1,compact40,catboost
2024-01-08,0,0.8576051779935275,0.3050181400876235,0.7400000000000002,2,compact40,catboost
2024-01-09,0,0.8964401294498382,0.8865909721617381,0.7400000000000002,2,compact40,catboost
2024-01-10,0,0.889967637540453,0.5829422749052089,0.7400000000000002,2,compact40,catboost
2024-01-11,1,0.6828478964401294,0.13483765615824153,0.7400000000000002,2,compact40,catboost
2024-01-12,1,0.889967637540453,0.5581986622306626,0.7400000000000002,2,compact40,catboost
2024-01-13,1,0.889967637540453,0.7783075238234347,0.7400000000000002,2,compact40,catboost
2024-01-14,1,0.8446601941747572,0.2705718259638798,0.7400000000000002,2,compact40,catboost
2024-01-15,1,0.889967637540453,0.5358200547451868,0.7400000000000002,2,compact40,catboost
2024-01-16,0,0.8317152103559871,0.24973605686110947,0.7400000000000002,2,compact40,catboost
2024-01-17,1,0.889967637540453,0.7807694263218701,0.7400000000000002,2,compact40,catboost
2024-01-18,1,0.889967637540453,0.5522035305542076,0.7400000000000002,2,compact40,catboost
2024-01-19,1,0.6828478964401294,0.132007778979326,0.7400000000000002,2,compact40,catboost
2024-01-20,0,0.42071197411003236,0.05533836941174197,0.7400000000000002,2,compact40,catboost
2024-01-21,0,0.16828478964401294,0.017408229079779295,0.7400000000000002,2,compact40,catboost
2024-01-22,0,0.10355987055016182,0.0098214402967182,0.7400000000000002,2,compact40,catboost
2024-01-23,0,0.10032362459546926,0.009669884468390991,0.7400000000000002,2,compact40,catboost
2024-01-24,0,0.022653721682847898,0.00468340112103644,0.7400000000000002,2,compact40,catboost
2024-01-25,0,0.7152103559870551,0.1443991898301738,0.7400000000000002,2,compact40,catboost
2024-01-26,0,0.016181229773462782,0.004232942196439097,0.7400000000000002,2,compact40,catboost
2024-01-27,0,0.15210355987055016,0.015106041226526295,0.7400000000000002,2,compact40,catboost
2024-01-28,0,0.24271844660194175,0.02910538933911647,0.7400000000000002,2,compact40,catboost
2024-01-29,0,0.284789644012945,0.03412523073116432,0.7400000000000002,2,compact40,catboost
2024-01-30,1,0.13915857605177995,0.012830589841048054,0.7400000000000002,2,compact40,catboost
2024-01-31,0,0.3333333333333333,0.040402628886834636,0.7400000000000002,2,compact40,catboost
2024-02-01,0,0.36245954692556637,0.04454333588742218,0.7400000000000002,2,compact40,catboost
2024-02-02,0,0.31715210355987056,0.038405647541178256,0.7400000000000002,2,compact40,catboost
2024-02-03,0,0.4563106796116505,0.06619027586170906,0.7400000000000002,2,compact40,catboost
2024-02-04,0,0.889967637540453,0.4524899148010993,0.7400000000000002,2,compact40,catboost
2024-02-05,0,0.889967637540453,0.599744669653269,0.7400000000000002,2,compact40,catboost
2024-02-06,0,0.889967637540453,0.4319426997174264,0.7400000000000002,2,compact40,catboost
2024-02-07,0,0.8511326860841424,0.28248484363922494,0.7400000000000002,2,compact40,catboost
2024-02-08,0,0.889967637540453,0.78957069343738,0.7400000000000002,2,compact40,catboost
2024-02-09,0,0.889967637540453,0.8216250193479836,0.7400000000000002,2,compact40,catboost
2024-02-10,0,0.889967637540453,0.5921162833632498,0.7400000000000002,2,compact40,catboost
2024-02-11,0,0.6957928802588996,0.13976538646518236,0.7400000000000002,2,compact40,catboost
2024-02-12,0,0.5598705501618123,0.09085437705942472,0.7400000000000002,2,compact40,catboost
2024-02-13,0,0.2912621359223301,0.034967833056796765,0.7400000000000002,2,compact40,catboost
2024-02-14,0,0.4919093851132686,0.07224844202949744,0.7400000000000002,2,compact40,catboost
2024-02-15,0,0.2588996763754045,0.03060943953499368,0.7400000000000002,2,compact40,catboost
2024-02-16,0,0.4563106796116505,0.0657338045228806,0.7400000000000002,2,compact40,catboost
2024-02-17,0,0.42394822006472493,0.05597222787108535,0.7400000000000002,2,compact40,catboost
2024-02-18,0,0.33980582524271846,0.04167817228715986,0.7400000000000002,2,compact40,catboost
2024-02-19,0,0.2168284789644013,0.024431663048655357,0.7400000000000002,2,compact40,catboost
2024-02-20,0,0.889967637540453,0.4558705541769503,0.7400000000000002,2,compact40,catboost
2024-02-21,0,0.3883495145631068,0.04930117268297987,0.7400000000000002,2,compact40,catboost
2024-02-22,0,0.6957928802588996,0.14019896140538873,0.7400000000000002,2,compact40,catboost
2024-02-23,0,0.6957928802588996,0.13830490152549332,0.7400000000000002,2,compact40,catboost
2024-02-24,0,0.3074433656957929,0.03709495026300953,0.7400000000000002,2,compact40,catboost
2024-02-25,0,0.06472491909385113,0.008106176596878026,0.7400000000000002,2,compact40,catboost
2024-02-26,0,0.13915857605177995,0.013398321635545761,0.7400000000000002,2,compact40,catboost
2024-02-27,0,0.31715210355987056,0.03918933327784386,0.7400000000000002,2,compact40,catboost
2024-02-28,0,0.29449838187702265,0.03537139295921367,0.7400000000000002,2,compact40,catboost
2024-02-29,0,0.28802588996763756,0.03456202101014296,0.7400000000000002,2,compact40,catboost
2024-03-01,0,0.5016181229773463,0.074440549950338,0.7400000000000002,2,compact40,catboost
2024-03-02,0,0.8543689320388349,0.2936770307249584,0.7400000000000002,2,compact40,catboost
2024-03-03,0,0.8737864077669902,0.35928831900699765,0.7400000000000002,2,compact40,catboost
2024-03-04,0,0.8414239482200647,0.26840299162536174,0.7400000000000002,2,compact40,catboost
2024-03-05,0,0.8737864077669902,0.360735537762211,0.7400000000000002,2,compact40,catboost
2024-03-06,0,0.7831715210355987,0.1912141244184847,0.7400000000000002,2,compact40,catboost
2024-03-07,0,0.8867313915857605,0.4074271471940842,0.7400000000000002,2,compact40,catboost
2024-03-08,0,0.8737864077669902,0.35121327462217133,0.7400000000000002,2,compact40,catboost
2024-03-09,1,0.8446601941747572,0.2718351334063595,0.7400000000000002,2,compact40,catboost
2024-03-10,1,0.889967637540453,0.7108443976253114,0.7400000000000002,2,compact40,catboost
2024-03-11,1,0.9223300970873787,0.9014092409510895,0.7400000000000002,2,compact40,catboost
2024-03-12,1,0.889967637540453,0.711283286608465,0.7400000000000002,2,compact40,catboost
2024-03-13,1,0.889967637540453,0.674241409586251,0.7400000000000002,2,compact40,catboost
2024-03-14,1,0.889967637540453,0.7393123616595575,0.7400000000000002,2,compact40,catboost
2024-03-15,1,0.7605177993527508,0.17722220549630904,0.7400000000000002,2,compact40,catboost
2024-03-16,1,0.883495145631068,0.3936685267783526,0.7400000000000002,2,compact40,catboost
2024-03-17,0,0.8122977346278317,0.21179629552520624,0.7400000000000002,2,compact40,catboost
2024-03-18,0,0.4854368932038835,0.07120613148056752,0.7400000000000002,2,compact40,catboost
2024-03-19,0,0.2168284789644013,0.023529727030052416,0.7400000000000002,2,compact40,catboost
2024-03-20,0,0.15857605177993528,0.015947182517428864,0.7400000000000002,2,compact40,catboost
2024-03-21,0,0.4336569579288026,0.06184338301144605,0.7400000000000002,2,compact40,catboost
2024-03-22,0,0.4336569579288026,0.05996349081049255,0.7400000000000002,2,compact40,catboost
2024-03-23,0,0.42394822006472493,0.056199755745122114,0.7400000000000002,2,compact40,catboost
2024-03-24,0,0.13592233009708737,0.012670520343119447,0.7400000000000002,2,compact40,catboost
2024-03-25,0,0.13915857605177995,0.012996222627617928,0.7400000000000002,2,compact40,catboost
2024-03-26,0,0.003236245954692557,0.003017403953280099,0.7400000000000002,2,compact40,catboost
2024-03-27,0,0.08737864077669903,0.008917190055787469,0.7400000000000002,2,compact40,catboost
2024-03-28,0,0.3333333333333333,0.04029731550684804,0.7400000000000002,2,compact40,catboost
2024-03-29,0,0.05177993527508091,0.006927731090854428,0.7400000000000002,2,compact40,catboost
2024-03-30,0,0.4692556634304207,0.06851036610605768,0.7400000000000002,2,compact40,catboost
2024-03-31,0,0.11003236245954692,0.01010531924702375,0.7400000000000002,2,compact40,catboost
2024-04-08,0,0.8725,0.7720877991572919,0.8700000000000003,3,compact40,catboost
2024-04-09,0,0.9025,0.8650880895601055,0.8700000000000003,3,compact40,catboost
2024-04-10,1,0.8725,0.6554616963216018,0.8700000000000003,3,compact40,catboost
2024-04-11,1,0.9175,0.8722048199402915,0.8700000000000003,3,compact40,catboost
2024-04-12,0,0.8725,0.7657980906709162,0.8700000000000003,3,compact40,catboost
2024-04-13,1,0.8725,0.6124243617543746,0.8700000000000003,3,compact40,catboost
2024-04-14,1,0.87,0.5590181584175712,0.8700000000000003,3,compact40,catboost
2024-04-15,1,0.8025,0.30353329648244365,0.8700000000000003,3,compact40,catboost
2024-04-16,1,0.405,0.06782436584229709,0.8700000000000003,3,compact40,catboost
2024-04-17,1,0.685,0.18127865461632214,0.8700000000000003,3,compact40,catboost
2024-04-18,1,0.8175,0.33571258941031534,0.8700000000000003,3,compact40,catboost
2024-04-19,1,0.685,0.17953281830853818,0.8700000000000003,3,compact40,catboost
2024-04-20,1,0.4525,0.08003848428321565,0.8700000000000003,3,compact40,catboost
2024-04-21,0,0.09,0.014982241997951173,0.8700000000000003,3,compact40,catboost
2024-04-22,0,0.1725,0.022792374029281262,0.8700000000000003,3,compact40,catboost
2024-04-23,0,0.21,0.02754657073736146,0.8700000000000003,3,compact40,catboost
2024-04-24,0,0.005,0.004815789581427106,0.8700000000000003,3,compact40,catboost
2024-04-25,0,0.005,0.004704315677585741,0.8700000000000003,3,compact40,catboost
2024-04-26,0,0.0575,0.010569760029578235,0.8700000000000003,3,compact40,catboost
2024-04-27,0,0.005,0.003969299736691845,0.8700000000000003,3,compact40,catboost
2024-04-28,0,0.155,0.021121931007731836,0.8700000000000003,3,compact40,catboost
2024-04-29,0,0.015,0.006056162035781773,0.8700000000000003,3,compact40,catboost
2024-04-30,0,0.05,0.00970911513868037,0.8700000000000003,3,compact40,catboost
2024-05-01,0,0.0775,0.013990665153683444,0.8700000000000003,3,compact40,catboost
2024-05-02,0,0.02,0.00690824951703617,0.8700000000000003,3,compact40,catboost
2024-05-03,0,0.0925,0.015126975750942899,0.8700000000000003,3,compact40,catboost
2024-05-04,0,0.255,0.035842361179880745,0.8700000000000003,3,compact40,catboost
2024-05-05,0,0.8175,0.337975184751327,0.8700000000000003,3,compact40,catboost
2024-05-06,0,0.835,0.3753186565845337,0.8700000000000003,3,compact40,catboost
2024-05-07,0,0.8575,0.4639292749782179,0.8700000000000003,3,compact40,catboost
2024-05-08,0,0.8725,0.594045615514012,0.8700000000000003,3,compact40,catboost
2024-05-09,0,0.64,0.15247931149916186,0.8700000000000003,3,compact40,catboost
2024-05-10,0,0.4525,0.08275212837113505,0.8700000000000003,3,compact40,catboost
2024-05-11,0,0.8725,0.6585787541047953,0.8700000000000003,3,compact40,catboost
2024-05-12,0,0.835,0.38805195577120266,0.8700000000000003,3,compact40,catboost
2024-05-13,0,0.62,0.14022871299704648,0.8700000000000003,3,compact40,catboost
2024-05-14,0,0.6725,0.17067089685853112,0.8700000000000003,3,compact40,catboost
2024-05-15,0,0.78,0.26834483666082604,0.8700000000000003,3,compact40,catboost
2024-05-16,0,0.805,0.30698126785703017,0.8700000000000003,3,compact40,catboost
2024-05-17,1,0.7725,0.2500307301086583,0.8700000000000003,3,compact40,catboost
2024-05-18,0,0.8725,0.7173456078749547,0.8700000000000003,3,compact40,catboost
2024-05-19,0,0.405,0.07051613257701089,0.8700000000000003,3,compact40,catboost
2024-05-20,0,0.4625,0.08586312869198191,0.8700000000000003,3,compact40,catboost
2024-05-21,0,0.7725,0.25072524250281353,0.8700000000000003,3,compact40,catboost
2024-05-22,0,0.8025,0.2959155379788662,0.8700000000000003,3,compact40,catboost
2024-05-23,0,0.87,0.5558118955915139,0.8700000000000003,3,compact40,catboost
2024-05-24,0,0.335,0.05323880199797883,0.8700000000000003,3,compact40,catboost
2024-05-25,0,0.2625,0.03720441791707252,0.8700000000000003,3,compact40,catboost
2024-05-26,0,0.03,0.008121702466719909,0.8700000000000003,3,compact40,catboost
2024-05-27,0,0.325,0.05166476223644313,0.8700000000000003,3,compact40,catboost
2024-05-28,0,0.3,0.046698202870656146,0.8700000000000003,3,compact40,catboost
2024-05-29,0,0.355,0.05609002126643219,0.8700000000000003,3,compact40,catboost
2024-05-30,0,0.25,0.03545859440319122,0.8700000000000003,3,compact40,catboost
2024-05-31,0,0.415,0.07320071929837477,0.8700000000000003,3,compact40,catboost
2024-06-01,0,0.405,0.07109027861314442,0.8700000000000003,3,compact40,catboost
2024-06-02,0,0.8725,0.662507875894423,0.8700000000000003,3,compact40,catboost
2024-06-03,0,0.93,0.890731108620653,0.8700000000000003,3,compact40,catboost
2024-06-04,0,0.855,0.43794776961992254,0.8700000000000003,3,compact40,catboost
2024-06-05,0,0.8625,0.46987427660519093,0.8700000000000003,3,compact40,catboost
2024-06-06,0,0.8625,0.4690073691972179,0.8700000000000003,3,compact40,catboost
2024-06-07,0,0.87,0.5542890573898669,0.8700000000000003,3,compact40,catboost
2024-06-08,0,0.7675,0.24134890327543032,0.8700000000000003,3,compact40,catboost
2024-06-09,0,0.5625,0.12002206044597805,0.8700000000000003,3,compact40,catboost
2024-06-10,0,0.5525,0.11301682131629716,0.8700000000000003,3,compact40,catboost
2024-06-11,0,0.485,0.09013163379987033,0.8700000000000003,3,compact40,catboost
2024-06-12,0,0.395,0.0670634793114386,0.8700000000000003,3,compact40,catboost
2024-06-13,0,0.405,0.0695913768021292,0.8700000000000003,3,compact40,catboost
2024-06-14,1,0.2925,0.043328000661644675,0.8700000000000003,3,compact40,catboost
2024-06-15,1,0.7125,0.19607750056168027,0.8700000000000003,3,compact40,catboost
2024-06-16,1,0.9025,0.8637866621113298,0.8700000000000003,3,compact40,catboost
2024-06-17,1,0.8275,0.35637371673600055,0.8700000000000003,3,compact40,catboost
2024-06-18,1,0.87,0.5510397905910122,0.8700000000000003,3,compact40,catboost
2024-06-19,1,0.8025,0.29568887909430047,0.8700000000000003,3,compact40,catboost
2024-06-20,1,0.65,0.1565139230430732,0.8700000000000003,3,compact40,catboost
2024-06-21,1,0.8525,0.413511511094968,0.8700000000000003,3,compact40,catboost
2024-06-22,0,0.7725,0.25044372249477476,0.8700000000000003,3,compact40,catboost
2024-06-23,0,0.0975,0.015495304710526533,0.8700000000000003,3,compact40,catboost
2024-06-24,0,0.07,0.012880332502710081,0.8700000000000003,3,compact40,catboost
2024-06-25,0,0.03,0.008082179749096054,0.8700000000000003,3,compact40,catboost
2024-06-26,0,0.05,0.009875129507681487,0.8700000000000003,3,compact40,catboost
2024-06-27,0,0.035,0.008591410311071676,0.8700000000000003,3,compact40,catboost
2024-06-28,0,0.02,0.006899873497511167,0.8700000000000003,3,compact40,catboost
2024-06-29,0,0.1025,0.015925892312334218,0.8700000000000003,3,compact40,catboost
2024-06-30,0,0.005,0.004433667797375719,0.8700000000000003,3,compact40,catboost
2024-07-08,0,0.8431771894093686,0.5355049008410937,0.7800000000000002,4,compact40,catboost
2024-07-09,0,0.8492871690427699,0.6158389656013281,0.7800000000000002,4,compact40,catboost
2024-07-10,0,0.7006109979633401,0.2521011585639444,0.7800000000000002,4,compact40,catboost
2024-07-11,0,0.8187372708757638,0.43395238207468556,0.7800000000000002,4,compact40,catboost
2024-07-12,0,0.845213849287169,0.5624588084732061,0.7800000000000002,4,compact40,catboost
2024-07-13,0,0.7780040733197556,0.34339240590589815,0.7800000000000002,4,compact40,catboost
2024-07-14,1,0.8472505091649695,0.5891226659573429,0.7800000000000002,4,compact40,catboost
2024-07-15,1,0.8513238289205702,0.6966658008830283,0.7800000000000002,4,compact40,catboost
2024-07-16,0,0.8513238289205702,0.6757386204960227,0.7800000000000002,4,compact40,catboost
2024-07-17,1,0.6965376782077393,0.24651392010930345,0.7800000000000002,4,compact40,catboost
2024-07-18,1,0.6843177189409368,0.2355792232037289,0.7800000000000002,4,compact40,catboost
2024-07-19,0,0.8370672097759674,0.509830175904766,0.7800000000000002,4,compact40,catboost
2024-07-20,0,0.845213849287169,0.5855996772980575,0.7800000000000002,4,compact40,catboost
2024-07-21,0,0.37067209775967414,0.0932607493131886,0.7800000000000002,4,compact40,catboost
2024-07-22,0,0.23421588594704684,0.055714292121575616,0.7800000000000002,4,compact40,catboost
2024-07-23,0,0.25661914460285135,0.06406204419347726,0.7800000000000002,4,compact40,catboost
2024-07-24,0,0.002036659877800407,0.006845359108543947,0.7800000000000002,4,compact40,catboost
2024-07-25,0,0.004073319755600814,0.008716205537909506,0.7800000000000002,4,compact40,catboost
2024-07-26,0,0.11608961303462322,0.02656999521466898,0.7800000000000002,4,compact40,catboost
2024-07-27,0,0.17311608961303462,0.036217482624714685,0.7800000000000002,4,compact40,catboost
2024-07-28,0,0.006109979633401222,0.009600161362160606,0.7800000000000002,4,compact40,catboost
2024-07-29,0,0.1079429735234216,0.02462952178376818,0.7800000000000002,4,compact40,catboost
2024-07-30,0,0.20366598778004075,0.04473469883071122,0.7800000000000002,4,compact40,catboost
2024-07-31,0,0.4684317718940937,0.13027264001231692,0.7800000000000002,4,compact40,catboost
2024-08-01,0,0.4663951120162933,0.12969682379902076,0.7800000000000002,4,compact40,catboost
2024-08-02,0,0.5254582484725051,0.14882098449575673,0.7800000000000002,4,compact40,catboost
2024-08-03,0,0.4378818737270876,0.11981880416951966,0.7800000000000002,4,compact40,catboost
2024-08-04,0,0.7393075356415478,0.3023311906918643,0.7800000000000002,4,compact40,catboost
2024-08-05,0,0.6904276985743381,0.24112457241769034,0.7800000000000002,4,compact40,catboost
2024-08-06,0,0.42973523421588594,0.1134205926182397,0.7800000000000002,4,compact40,catboost
2024-08-07,0,0.5723014256619144,0.1682238399043073,0.7800000000000002,4,compact40,catboost
2024-08-08,0,0.7209775967413442,0.27787152636732326,0.7800000000000002,4,compact40,catboost
2024-08-09,0,0.38085539714867617,0.09602106027994219,0.7800000000000002,4,compact40,catboost
2024-08-10,0,0.8126272912423625,0.41398765354726363,0.7800000000000002,4,compact40,catboost
2024-08-11,0,0.8085539714867617,0.40345516261642567,0.7800000000000002,4,compact40,catboost
2024-08-12,0,0.8228105906313645,0.4666551161998578,0.7800000000000002,4,compact40,catboost
2024-08-13,0,0.835030549898167,0.4920829695432522,0.7800000000000002,4,compact40,catboost
2024-08-14,1,0.7026476578411406,0.2558444038334448,0.7800000000000002,4,compact40,catboost
2024-08-15,0,0.5967413441955194,0.17962222697473043,0.7800000000000002,4,compact40,catboost
2024-08-16,0,0.6272912423625254,0.19829688922745725,0.7800000000000002,4,compact40,catboost
2024-08-17,0,0.725050916496945,0.28539771480683934,0.7800000000000002,4,compact40,catboost
2024-08-18,0,0.8431771894093686,0.536152916050723,0.7800000000000002,4,compact40,catboost
2024-08-19,0,0.9470468431771895,0.8880022622469644,0.7800000000000002,4,compact40,catboost
2023-07-08,0,0.568,0.2980241769011683,0.55,0,compact48,logistic
2023-07-09,0,0.704,0.4000619139016074,0.55,0,compact48,logistic
2023-07-10,0,0.248,0.11210545088339322,0.55,0,compact48,logistic
2023-07-11,0,0.712,0.42622680517824474,0.55,0,compact48,logistic
2023-07-12,0,0.488,0.245229643819187,0.55,0,compact48,logistic
2023-07-13,1,0.656,0.3587181154494954,0.55,0,compact48,logistic
2023-07-14,1,0.728,0.4614153371424284,0.55,0,compact48,logistic
2023-07-15,0,0.048,0.042249230198726576,0.55,0,compact48,logistic
2023-07-16,0,0.608,0.32832642994035494,0.55,0,compact48,logistic
2023-07-17,0,0.768,0.5269020217244831,0.55,0,compact48,logistic
2023-07-18,0,0.576,0.31200983241088376,0.55,0,compact48,logistic
2023-07-19,0,0.744,0.4832850368410977,0.55,0,compact48,logistic
2023-07-20,0,0.688,0.38951997358561624,0.55,0,compact48,logistic
2023-07-21,0,0.136,0.08460692850878151,0.55,0,compact48,logistic
2023-07-22,0,0.048,0.03622736696039715,0.55,0,compact48,logistic
2023-07-23,0,0.088,0.06312056131328089,0.55,0,compact48,logistic
2023-07-24,0,0.104,0.07444219416014515,0.55,0,compact48,logistic
2023-07-25,0,0.048,0.04491056029715068,0.55,0,compact48,logistic
2023-07-26,0,0.048,0.03331547446763341,0.55,0,compact48,logistic
2023-07-27,0,0.048,0.03631782809697158,0.55,0,compact48,logistic
2023-07-28,0,0.296,0.12073894501886343,0.55,0,compact48,logistic
2023-07-29,0,0.096,0.06883443208653656,0.55,0,compact48,logistic
2023-07-30,0,0.048,0.03462411691276079,0.55,0,compact48,logistic
2023-07-31,0,0.48,0.23546195864280292,0.55,0,compact48,logistic
2023-08-01,0,0.872,0.6447058095357624,0.55,0,compact48,logistic
2023-08-02,0,0.392,0.1752717961420797,0.55,0,compact48,logistic
2023-08-03,0,0.656,0.3591161561212521,0.55,0,compact48,logistic
2023-08-04,0,0.568,0.30033759100267077,0.55,0,compact48,logistic
2023-08-05,0,0.608,0.3286015776117075,0.55,0,compact48,logistic
2023-08-06,0,0.824,0.5681266005801566,0.55,0,compact48,logistic
2023-08-07,0,0.648,0.35494965481152807,0.55,0,compact48,logistic
2023-08-08,0,0.304,0.12918051995543137,0.55,0,compact48,logistic
2023-08-09,0,0.16,0.08948837375289276,0.55,0,compact48,logistic
2023-08-10,0,0.752,0.4900678948166718,0.55,0,compact48,logistic
2023-08-11,0,0.624,0.3388454258945649,0.55,0,compact48,logistic
2023-08-12,0,0.776,0.5482097183049789,0.55,0,compact48,logistic
2023-08-13,0,0.528,0.26912525444855634,0.55,0,compact48,logistic
2023-08-14,0,0.048,0.040827331180420715,0.55,0,compact48,logistic
2023-08-15,0,0.392,0.17972486961799763,0.55,0,compact48,logistic
2023-08-16,0,0.768,0.4948907984841463,0.55,0,compact48,logistic
2023-08-17,0,0.624,0.34233367300173556,0.55,0,compact48,logistic
2023-08-18,1,0.712,0.42843537267851556,0.55,0,compact48,logistic
2023-08-19,0,0.224,0.10972289059798283,0.55,0,compact48,logistic
2023-08-20,0,0.416,0.19339102946681253,0.55,0,compact48,logistic
2023-08-21,0,0.656,0.3583636281893573,0.55,0,compact48,logistic
2023-08-22,0,0.416,0.2009302393686698,0.55,0,compact48,logistic
2023-08-23,0,0.48,0.2340556637581436,0.55,0,compact48,logistic
2023-08-24,0,0.76,0.4909741471767211,0.55,0,compact48,logistic
2023-08-25,0,0.048,0.02911571587664358,0.55,0,compact48,logistic
2023-08-26,0,0.048,0.03575861509985253,0.55,0,compact48,logistic
2023-08-27,0,0.4,0.18445268904905568,0.55,0,compact48,logistic
2023-08-28,0,0.168,0.09648150028290776,0.55,0,compact48,logistic
2023-08-29,0,0.04,0.020587280931015188,0.55,0,compact48,logistic
2023-08-30,0,0.056,0.051059437442020544,0.55,0,compact48,logistic
2023-08-31,0,0.048,0.025423201818904107,0.55,0,compact48,logistic
2023-09-01,0,0.296,0.1251490440093183,0.55,0,compact48,logistic
2023-09-02,0,0.712,0.42252687330469063,0.55,0,compact48,logistic
2023-09-03,0,0.88,0.6627792874259607,0.55,0,compact48,logistic
2023-09-04,0,0.528,0.26758749297193113,0.55,0,compact48,logistic
2023-09-05,1,0.768,0.5135472727340202,0.55,0,compact48,logistic
2023-09-06,1,0.392,0.18139212575888689,0.55,0,compact48,logistic
2023-09-07,1,0.776,0.5462626714925631,0.55,0,compact48,logistic
2023-09-08,1,0.72,0.45343690522583685,0.55,0,compact48,logistic
2023-09-09,0,0.832,0.6135337804220014,0.55,0,compact48,logistic
2023-09-10,0,0.464,0.2231060133034812,0.55,0,compact48,logistic
2023-09-11,0,0.656,0.3654007475747562,0.55,0,compact48,logistic
2023-09-12,0,0.296,0.11932790321335156,0.55,0,compact48,logistic
2023-09-13,0,0.224,0.10825028427057462,0.55,0,compact48,logistic
2023-09-14,0,0.392,0.16921050778714528,0.55,0,compact48,logistic
2023-09-15,0,0.296,0.1217907371279942,0.55,0,compact48,logistic
2023-09-16,0,0.248,0.11094447437136862,0.55,0,compact48,logistic
2023-09-17,0,0.712,0.42719180926441647,0.55,0,compact48,logistic
2023-09-18,0,0.048,0.03977634376655145,0.55,0,compact48,logistic
2023-09-19,0,0.536,0.2752263195844731,0.55,0,compact48,logistic
2023-09-20,0,0.536,0.2819423165434106,0.55,0,compact48,logistic
2023-09-21,0,0.688,0.3896476675096744,0.55,0,compact48,logistic
2023-09-22,0,0.416,0.19893719127447088,0.55,0,compact48,logistic
2023-09-23,0,0.432,0.20850586982552516,0.55,0,compact48,logistic
2023-09-24,0,0.0,0.006940587691262503,0.55,0,compact48,logistic
2023-09-25,0,0.048,0.033814835428144244,0.55,0,compact48,logistic
2023-09-26,0,0.4,0.18469018190680797,0.55,0,compact48,logistic
2023-09-27,0,0.048,0.02669676392928848,0.55,0,compact48,logistic
2023-09-28,0,0.056,0.048544207801393235,0.55,0,compact48,logistic
2023-09-29,0,0.072,0.05676666426698694,0.55,0,compact48,logistic
2023-09-30,0,0.048,0.04028923605166898,0.55,0,compact48,logistic
2023-10-08,0,0.8202764976958525,0.5872474028843485,0.6900000000000002,1,compact48,logistic
2023-10-09,0,0.7649769585253456,0.5267727079618041,0.6900000000000002,1,compact48,logistic
2023-10-10,0,0.8248847926267281,0.6032868515265877,0.6900000000000002,1,compact48,logistic
2023-10-11,0,0.7603686635944701,0.5214728254945449,0.6900000000000002,1,compact48,logistic
2023-10-12,0,0.5806451612903226,0.30159501651760284,0.6900000000000002,1,compact48,logistic
2023-10-13,1,0.2119815668202765,0.07295139772782577,0.6900000000000002,1,compact48,logistic
2023-10-14,1,0.45161290322580644,0.1818573764013924,0.6900000000000002,1,compact48,logistic
2023-10-15,0,0.6221198156682027,0.3734843703039244,0.6900000000000002,1,compact48,logistic
2023-10-16,1,0.728110599078341,0.48508198913676803,0.6900000000000002,1,compact48,logistic
2023-10-17,1,0.6221198156682027,0.38086036774457455,0.6900000000000002,1,compact48,logistic
2023-10-18,0,0.2626728110599078,0.09281180398275242,0.6900000000000002,1,compact48,logistic
2023-10-19,0,0.511520737327189,0.2539206041454987,0.6900000000000002,1,compact48,logistic
2023-10-20,0,0.29493087557603687,0.11028456593508797,0.6900000000000002,1,compact48,logistic
2023-10-21,0,0.4377880184331797,0.1780634412763791,0.6900000000000002,1,compact48,logistic
2023-10-22,0,0.03225806451612903,0.017744118114275207,0.6900000000000002,1,compact48,logistic
2023-10-23,0,0.07834101382488479,0.030504347153720968,0.6900000000000002,1,compact48,logistic
2023-10-24,0,0.027649769585253458,0.013899861049658643,0.6900000000000002,1,compact48,logistic
2023-10-25,0,0.004608294930875576,0.0027262800769150583,0.6900000000000002,1,compact48,logistic
2023-10-26,0,0.1382488479262673,0.05310013496473713,0.6900000000000002,1,compact48,logistic
2023-10-27,0,0.018433179723502304,0.00989092520401137,0.6900000000000002,1,compact48,logistic
2023-10-28,0,0.15207373271889402,0.058238210275293176,0.6900000000000002,1,compact48,logistic
2023-10-29,0,0.2626728110599078,0.09279324394737921,0.6900000000000002,1,compact48,logistic
2023-10-30,0,0.11981566820276497,0.04411048787456147,0.6900000000000002,1,compact48,logistic
2023-10-31,0,0.2672811059907834,0.0962235330863038,0.6900000000000002,1,compact48,logistic
2023-11-01,0,0.6451612903225806,0.3963965887713645,0.6900000000000002,1,compact48,logistic
2023-11-02,0,0.8110599078341014,0.5799510023865554,0.6900000000000002,1,compact48,logistic
2023-11-03,0,0.7465437788018433,0.5092183252477556,0.6900000000000002,1,compact48,logistic
2023-11-04,0,0.6129032258064516,0.3562500604233096,0.6900000000000002,1,compact48,logistic
2023-11-05,0,0.5161290322580645,0.25631524575477066,0.6900000000000002,1,compact48,logistic
2023-11-06,0,0.6082949308755761,0.3256050672925885,0.6900000000000002,1,compact48,logistic
2023-11-07,0,0.8018433179723502,0.572048580544439,0.6900000000000002,1,compact48,logistic
2023-11-08,0,0.47465437788018433,0.20794168334206045,0.6900000000000002,1,compact48,logistic
2023-11-09,1,0.6221198156682027,0.3653667993154314,0.6900000000000002,1,compact48,logistic
2023-11-10,1,0.43317972350230416,0.17486213681308976,0.6900000000000002,1,compact48,logistic
2023-11-11,0,0.7327188940092166,0.4936924141164617,0.6900000000000002,1,compact48,logistic
2023-11-12,0,0.2119815668202765,0.07276159150501245,0.6900000000000002,1,compact48,logistic
2023-11-13,1,0.5069124423963134,0.24954254302376713,0.6900000000000002,1,compact48,logistic
2023-11-14,1,0.7142857142857143,0.46444257769573194,0.6900000000000002,1,compact48,logistic
2023-11-15,0,0.2626728110599078,0.09123490160128997,0.6900000000000002,1,compact48,logistic
2023-11-16,0,0.30414746543778803,0.12460502832715205,0.6900000000000002,1,compact48,logistic
2023-11-17,0,0.004608294930875576,0.004196425912106032,0.6900000000000002,1,compact48,logistic
2023-11-18,0,0.03225806451612903,0.017776817885409774,0.6900000000000002,1,compact48,logistic
2023-11-19,0,0.29493087557603687,0.1149959650069366,0.6900000000000002,1,compact48,logistic
2023-11-20,0,0.041474654377880185,0.022222782852771256,0.6900000000000002,1,compact48,logistic
2023-11-21,0,0.013824884792626729,0.006365006923208009,0.6900000000000002,1,compact48,logistic
2023-11-22,0,0.041474654377880185,0.021253405339705617,0.6900000000000002,1,compact48,logistic
2023-11-23,0,0.29493087557603687,0.11161744968974296,0.6900000000000002,1,compact48,logistic
2023-11-24,0,0.24423963133640553,0.07775116401253873,0.6900000000000002,1,compact48,logistic
2023-11-25,0,0.07834101382488479,0.031171822156453713,0.6900000000000002,1,compact48,logistic
2023-11-26,0,0.027649769585253458,0.014454553605036065,0.6900000000000002,1,compact48,logistic
2023-11-27,0,0.0,0.0017315185553764885,0.6900000000000002,1,compact48,logistic
2023-11-28,0,0.15207373271889402,0.05800150753952524,0.6900000000000002,1,compact48,logistic
2023-11-29,0,0.018433179723502304,0.009383955374483503,0.6900000000000002,1,compact48,logistic
2023-11-30,0,0.15668202764976957,0.05918001916617178,0.6900000000000002,1,compact48,logistic
2023-12-01,0,0.3317972350230415,0.13307378623297825,0.6900000000000002,1,compact48,logistic
2023-12-02,0,0.3317972350230415,0.13977658520782413,0.6900000000000002,1,compact48,logistic
2023-12-03,0,0.8847926267281107,0.6803275121330389,0.6900000000000002,1,compact48,logistic
2023-12-04,0,0.9769585253456221,0.8793831263787873,0.6900000000000002,1,compact48,logistic
2023-12-05,0,0.9585253456221198,0.8161265950317668,0.6900000000000002,1,compact48,logistic
2023-12-06,0,0.9308755760368663,0.7484690301694329,0.6900000000000002,1,compact48,logistic
2023-12-07,1,0.9815668202764977,0.8810511461433312,0.6900000000000002,1,compact48,logistic
2023-12-08,0,0.9447004608294931,0.80201722386615,0.6900000000000002,1,compact48,logistic
2023-12-09,0,0.6129032258064516,0.3439939214500994,0.6900000000000002,1,compact48,logistic
2023-12-10,1,0.728110599078341,0.4851906118684745,0.6900000000000002,1,compact48,logistic
2023-12-11,1,0.7235023041474654,0.4765480103305503,0.6900000000000002,1,compact48,logistic
2023-12-12,1,0.663594470046083,0.4186532443651727,0.6900000000000002,1,compact48,logistic
2023-12-13,1,0.5990783410138248,0.31123592988506293,0.6900000000000002,1,compact48,logistic
2023-12-14,1,0.5391705069124424,0.27697517989885145,0.6900000000000002,1,compact48,logistic
2023-12-15,1,0.11059907834101383,0.037532675427216125,0.6900000000000002,1,compact48,logistic
2023-12-16,0,0.6082949308755761,0.33023359070391833,0.6900000000000002,1,compact48,logistic
2023-12-17,0,0.511520737327189,0.25410761856891656,0.6900000000000002,1,compact48,logistic
2023-12-18,0,0.5806451612903226,0.30251521192943537,0.6900000000000002,1,compact48,logistic
2023-12-19,0,0.3548387096774194,0.14769836038951029,0.6900000000000002,1,compact48,logistic
2023-12-20,0,0.46543778801843316,0.19348407493066508,0.6900000000000002,1,compact48,logistic
2023-12-21,0,0.05069124423963134,0.02313458066473652,0.6900000000000002,1,compact48,logistic
2023-12-22,0,0.4377880184331797,0.18031513684615988,0.6900000000000002,1,compact48,logistic
2023-12-23,0,0.4377880184331797,0.17977987287650826,0.6900000000000002,1,compact48,logistic
2023-12-24,0,0.0,0.002079471014149618,0.6900000000000002,1,compact48,logistic
2023-12-25,0,0.07834101382488479,0.030575084644276045,0.6900000000000002,1,compact48,logistic
2023-12-26,0,0.018433179723502304,0.008802776842829797,0.6900000000000002,1,compact48,logistic
2023-12-27,0,0.004608294930875576,0.0037918611108081015,0.6900000000000002,1,compact48,logistic
2023-12-28,0,0.12903225806451613,0.049544347639076426,0.6900000000000002,1,compact48,logistic
2023-12-29,0,0.055299539170506916,0.02550507382936653,0.6900000000000002,1,compact48,logistic
2023-12-30,0,0.11059907834101383,0.03895658766829951,0.6900000000000002,1,compact48,logistic
2023-12-31,0,0.43317972350230416,0.1766514486799177,0.6900000000000002,1,compact48,logistic
2024-01-08,0,0.9385113268608414,0.803306468632843,0.6100000000000001,2,compact48,logistic
2024-01-09,0,0.86084142394822,0.6786173267152561,0.6100000000000001,2,compact48,logistic
2024-01-10,0,0.8414239482200647,0.6447183648500062,0.6100000000000001,2,compact48,logistic
2024-01-11,1,0.8705501618122977,0.6935604059904623,0.6100000000000001,2,compact48,logistic
2024-01-12,1,0.8576051779935275,0.664608351739908,0.6100000000000001,2,compact48,logistic
2024-01-13,1,0.9158576051779935,0.7472281869780208,0.6100000000000001,2,compact48,logistic
2024-01-14,1,0.8478964401294499,0.6528949710485344,0.6100000000000001,2,compact48,logistic
2024-01-15,1,0.889967637540453,0.7136891265519264,0.6100000000000001,2,compact48,logistic
2024-01-16,0,0.8220064724919094,0.6269939761374839,0.6100000000000001,2,compact48,logistic
2024-01-17,1,0.9255663430420712,0.7776882189242631,0.6100000000000001,2,compact48,logistic
2024-01-18,1,0.9223300970873787,0.7704831183658782,0.6100000000000001,2,compact48,logistic
2024-01-19,1,0.6666666666666666,0.46068109569561444,0.6100000000000001,2,compact48,logistic
2024-01-20,0,0.22330097087378642,0.09316812925111093,0.6100000000000001,2,compact48,logistic
2024-01-21,0,0.48220064724919093,0.29586144916691626,0.6100000000000001,2,compact48,logistic
2024-01-22,0,0.4627831715210356,0.27122336678072523,0.6100000000000001,2,compact48,logistic
2024-01-23,0,0.4174757281553398,0.24325284015144116,0.6100000000000001,2,compact48,logistic
2024-01-24,0,0.18122977346278318,0.072867695590072,0.6100000000000001,2,compact48,logistic
2024-01-25,0,0.284789644012945,0.13739604676830589,0.6100000000000001,2,compact48,logistic
2024-01-26,0,0.13268608414239483,0.043439681148032455,0.6100000000000001,2,compact48,logistic
2024-01-27,0,0.3656957928802589,0.20462941957273192,0.6100000000000001,2,compact48,logistic
2024-01-28,0,0.13592233009708737,0.04642118968679103,0.6100000000000001,2,compact48,logistic
2024-01-29,0,0.2168284789644013,0.09130575551573392,0.6100000000000001,2,compact48,logistic
2024-01-30,1,0.19741100323624594,0.07623980140243967,0.6100000000000001,2,compact48,logistic
2024-01-31,0,0.2168284789644013,0.08999262671664425,0.6100000000000001,2,compact48,logistic
2024-02-01,0,0.3333333333333333,0.16433874875800858,0.6100000000000001,2,compact48,logistic
2024-02-02,0,0.43042071197411,0.24583394808494097,0.6100000000000001,2,compact48,logistic
2024-02-03,0,0.34951456310679613,0.18775900943404997,0.6100000000000001,2,compact48,logistic
2024-02-04,0,0.889967637540453,0.7116736968309229,0.6100000000000001,2,compact48,logistic
2024-02-05,0,0.86084142394822,0.6872518519222175,0.6100000000000001,2,compact48,logistic
2024-02-06,0,0.8640776699029126,0.6908684536081794,0.6100000000000001,2,compact48,logistic
2024-02-07,0,0.4627831715210356,0.27237236808925597,0.6100000000000001,2,compact48,logistic
2024-02-08,0,0.9611650485436893,0.8452514989373788,0.6100000000000001,2,compact48,logistic
2024-02-09,0,0.948220064724919,0.8284643211732837,0.6100000000000001,2,compact48,logistic
2024-02-10,0,0.7896440129449838,0.5835055967017239,0.6100000000000001,2,compact48,logistic
2024-02-11,0,0.86084142394822,0.6769756524134796,0.6100000000000001,2,compact48,logistic
2024-02-12,0,0.7216828478964401,0.523560222939713,0.6100000000000001,2,compact48,logistic
2024-02-13,0,0.37216828478964403,0.20814186460934905,0.6100000000000001,2,compact48,logistic
2024-02-14,0,0.6601941747572816,0.4531657302339424,0.6100000000000001,2,compact48,logistic
2024-02-15,0,0.6213592233009708,0.4234584791310129,0.6100000000000001,2,compact48,logistic
2024-02-16,0,0.511326860841424,0.329563792098608,0.6100000000000001,2,compact48,logistic
2024-02-17,0,0.7864077669902912,0.5804282748697173,0.6100000000000001,2,compact48,logistic
2024-02-18,0,0.34627831715210355,0.17806112806407337,0.6100000000000001,2,compact48,logistic
2024-02-19,0,0.3786407766990291,0.21306695139856127,0.6100000000000001,2,compact48,logistic
2024-02-20,0,0.8478964401294499,0.6543856664917149,0.6100000000000001,2,compact48,logistic
2024-02-21,0,0.5566343042071198,0.3625004034435404,0.6100000000000001,2,compact48,logistic
2024-02-22,0,0.7443365695792881,0.5474593850031284,0.6100000000000001,2,compact48,logistic
2024-02-23,0,0.5954692556634305,0.3953444889774369,0.6100000000000001,2,compact48,logistic
2024-02-24,0,0.255663430420712,0.11930927493959773,0.6100000000000001,2,compact48,logistic
2024-02-25,0,0.05177993527508091,0.026430160878509013,0.6100000000000001,2,compact48,logistic
2024-02-26,0,0.1423948220064725,0.04878702389296397,0.6100000000000001,2,compact48,logistic
2024-02-27,0,0.019417475728155338,0.013885850308422303,0.6100000000000001,2,compact48,logistic
2024-02-28,0,0.1650485436893204,0.05505505423619351,0.6100000000000001,2,compact48,logistic
2024-02-29,0,0.28802588996763756,0.1387725019326762,0.6100000000000001,2,compact48,logistic
2024-03-01,0,0.511326860841424,0.3279732374125655,0.6100000000000001,2,compact48,logistic
2024-03-02,0,0.5533980582524272,0.3580282172619171,0.6100000000000001,2,compact48,logistic
2024-03-03,0,0.8576051779935275,0.6643928953556433,0.6100000000000001,2,compact48,logistic
2024-03-04,0,0.919093851132686,0.7618559057896287,0.6100000000000001,2,compact48,logistic
2024-03-05,0,0.9870550161812298,0.8861706330789334,0.6100000000000001,2,compact48,logistic
2024-03-06,0,0.8737864077669902,0.700412798270515,0.6100000000000001,2,compact48,logistic
2024-03-07,0,0.9741100323624595,0.8653401649674517,0.6100000000000001,2,compact48,logistic
2024-03-08,0,0.7313915857605178,0.5329494835607844,0.6100000000000001,2,compact48,logistic
2024-03-09,1,0.7475728155339806,0.5554610520540676,0.6100000000000001,2,compact48,logistic
2024-03-10,1,0.9902912621359223,0.9014422101583662,0.6100000000000001,2,compact48,logistic
2024-03-11,1,0.9902912621359223,0.9100960944040302,0.6100000000000001,2,compact48,logistic
2024-03-12,1,0.9902912621359223,0.8969003785789791,0.6100000000000001,2,compact48,logistic
2024-03-13,1,1.0,0.9244896148619904,0.6100000000000001,2,compact48,logistic
2024-03-14,1,0.9288025889967637,0.7852649874889417,0.6100000000000001,2,compact48,logistic
2024-03-15,1,0.7896440129449838,0.5834382450738707,0.6100000000000001,2,compact48,logistic
2024-03-16,1,0.919093851132686,0.7661468489937825,0.6100000000000001,2,compact48,logistic
2024-03-17,0,0.7119741100323624,0.500864856050049,0.6100000000000001,2,compact48,logistic
2024-03-18,0,0.5210355987055016,0.33359524717443967,0.6100000000000001,2,compact48,logistic
2024-03-19,0,0.3300970873786408,0.16038294020150182,0.6100000000000001,2,compact48,logistic
2024-03-20,0,0.3948220064724919,0.23238315837122137,0.6100000000000001,2,compact48,logistic
2024-03-21,0,0.13268608414239483,0.04354162602562306,0.6100000000000001,2,compact48,logistic
2024-03-22,0,0.22006472491909385,0.09255946070223128,0.6100000000000001,2,compact48,logistic
2024-03-23,0,0.3300970873786408,0.16085409757100325,0.6100000000000001,2,compact48,logistic
2024-03-24,0,0.11003236245954692,0.0356225072916219,0.6100000000000001,2,compact48,logistic
2024-03-25,0,0.019417475728155338,0.015073436179954809,0.6100000000000001,2,compact48,logistic
2024-03-26,0,0.003236245954692557,0.009418177766941276,0.6100000000000001,2,compact48,logistic
2024-03-27,0,0.09061488673139159,0.034176355474450644,0.6100000000000001,2,compact48,logistic
2024-03-28,0,0.13268608414239483,0.043658754059255345,0.6100000000000001,2,compact48,logistic
2024-03-29,0,0.11326860841423948,0.03705933903895634,0.6100000000000001,2,compact48,logistic
2024-03-30,0,0.18122977346278318,0.07087229048409571,0.6100000000000001,2,compact48,logistic
2024-03-31,0,0.09061488673139159,0.032801564116873995,0.6100000000000001,2,compact48,logistic
2024-04-08,0,0.825,0.6599291332920204,0.9000000000000004,3,compact48,logistic
2024-04-09,0,0.8575,0.6904327201249092,0.9000000000000004,3,compact48,logistic
2024-04-10,1,0.75,0.57031773039934,0.9000000000000004,3,compact48,logistic
2024-04-11,1,0.945,0.8217139781926655,0.9000000000000004,3,compact48,logistic
2024-04-12,0,0.8825,0.7286610718668739,0.9000000000000004,3,compact48,logistic
2024-04-13,1,0.75,0.570155193559586,0.9000000000000004,3,compact48,logistic
2024-04-14,1,0.6225,0.4258679990539116,0.9000000000000004,3,compact48,logistic
2024-04-15,1,0.365,0.20633191447255791,0.9000000000000004,3,compact48,logistic
2024-04-16,1,0.28,0.14362902331869554,0.9000000000000004,3,compact48,logistic
2024-04-17,1,0.5775,0.37684422706628024,0.9000000000000004,3,compact48,logistic
2024-04-18,1,0.69,0.49002722786602704,0.9000000000000004,3,compact48,logistic
2024-04-19,1,0.1525,0.06794430367952425,0.9000000000000004,3,compact48,logistic
2024-04-20,1,0.2825,0.14695777616829847,0.9000000000000004,3,compact48,logistic
2024-04-21,0,0.3625,0.2029086865081607,0.9000000000000004,3,compact48,logistic
2024-04-22,0,0.3975,0.22143861268151824,0.9000000000000004,3,compact48,logistic
2024-04-23,0,0.3975,0.2210199932044658,0.9000000000000004,3,compact48,logistic
2024-04-24,0,0.0225,0.02152752922187814,0.9000000000000004,3,compact48,logistic
2024-04-25,0,0.1575,0.07484775066354704,0.9000000000000004,3,compact48,logistic
2024-04-26,0,0.0975,0.03926588051824388,0.9000000000000004,3,compact48,logistic
2024-04-27,0,0.12,0.04669596442414085,0.9000000000000004,3,compact48,logistic
2024-04-28,0,0.01,0.014410176987446725,0.9000000000000004,3,compact48,logistic
2024-04-29,0,0.015,0.017111952691975962,0.9000000000000004,3,compact48,logistic
2024-04-30,0,0.0025,0.009305838520241475,0.9000000000000004,3,compact48,logistic
2024-05-01,0,0.11,0.0447397540524523,0.9000000000000004,3,compact48,logistic
2024-05-02,0,0.0375,0.025056539391497,0.9000000000000004,3,compact48,logistic
2024-05-03,0,0.135,0.05508392252630816,0.9000000000000004,3,compact48,logistic
2024-05-04,0,0.2525,0.12084199549283499,0.9000000000000004,3,compact48,logistic
2024-05-05,0,0.7425,0.5572804444496224,0.9000000000000004,3,compact48,logistic
2024-05-06,0,0.65,0.4508218799133746,0.9000000000000004,3,compact48,logistic
2024-05-07,0,0.7025,0.5164039166622327,0.9000000000000004,3,compact48,logistic
2024-05-08,0,0.6875,0.48969189481615333,0.9000000000000004,3,compact48,logistic
2024-05-09,0,0.6,0.39737705534698514,0.9000000000000004,3,compact48,logistic
2024-05-10,0,0.57,0.3726925503497003,0.9000000000000004,3,compact48,logistic
2024-05-11,0,0.745,0.563566278801829,0.9000000000000004,3,compact48,logistic
2024-05-12,0,0.7775,0.594084559261758,0.9000000000000004,3,compact48,logistic
2024-05-13,0,0.46,0.26769764298727183,0.9000000000000004,3,compact48,logistic
2024-05-14,0,0.475,0.2798229785368466,0.9000000000000004,3,compact48,logistic
2024-05-15,0,0.665,0.4653631981164882,0.9000000000000004,3,compact48,logistic
2024-05-16,0,0.69,0.49536857199269557,0.9000000000000004,3,compact48,logistic
2024-05-17,1,0.78,0.5982633766395348,0.9000000000000004,3,compact48,logistic
2024-05-18,0,0.695,0.5073670491848443,0.9000000000000004,3,compact48,logistic
2024-05-19,0,0.28,0.14361414224447658,0.9000000000000004,3,compact48,logistic
2024-05-20,0,0.59,0.39505914229186534,0.9000000000000004,3,compact48,logistic
2024-05-21,0,0.29,0.15152753444696446,0.9000000000000004,3,compact48,logistic
2024-05-22,0,0.47,0.27666620072783027,0.9000000000000004,3,compact48,logistic
2024-05-23,0,0.705,0.5177710605775726,0.9000000000000004,3,compact48,logistic
2024-05-24,0,0.195,0.09492775041301184,0.9000000000000004,3,compact48,logistic
2024-05-25,0,0.1475,0.0645814574512376,0.9000000000000004,3,compact48,logistic
2024-05-26,0,0.015,0.018251580916092518,0.9000000000000004,3,compact48,logistic
2024-05-27,0,0.1275,0.05060942480794267,0.9000000000000004,3,compact48,logistic
2024-05-28,0,0.12,0.047541118588621485,0.9000000000000004,3,compact48,logistic
2024-05-29,0,0.185,0.0915454602114911,0.9000000000000004,3,compact48,logistic
2024-05-30,0,0.1325,0.05214770356904861,0.9000000000000004,3,compact48,logistic
2024-05-31,0,0.2375,0.1110763576096466,0.9000000000000004,3,compact48,logistic
2024-06-01,0,0.185,0.09145351244123172,0.9000000000000004,3,compact48,logistic
2024-06-02,0,0.84,0.674893941787105,0.9000000000000004,3,compact48,logistic
2024-06-03,0,0.88,0.7228153555250693,0.9000000000000004,3,compact48,logistic
2024-06-04,0,0.7375,0.5451696824445417,0.9000000000000004,3,compact48,logistic
2024-06-05,0,0.4275,0.24197505188312515,0.9000000000000004,3,compact48,logistic
2024-06-06,0,0.7175,0.5240452080165982,0.9000000000000004,3,compact48,logistic
2024-06-07,0,0.46,0.26794389422410253,0.9000000000000004,3,compact48,logistic
2024-06-08,0,0.695,0.4991141139578255,0.9000000000000004,3,compact48,logistic
2024-06-09,0,0.6475,0.44597965728911365,0.9000000000000004,3,compact48,logistic
2024-06-10,0,0.41,0.23403217530574638,0.9000000000000004,3,compact48,logistic
2024-06-11,0,0.6275,0.4301274580589954,0.9000000000000004,3,compact48,logistic
2024-06-12,0,0.52,0.31169950405416214,0.9000000000000004,3,compact48,logistic
2024-06-13,0,0.44,0.2592241896891877,0.9000000000000004,3,compact48,logistic
2024-06-14,1,0.5125,0.30583016746327646,0.9000000000000004,3,compact48,logistic
2024-06-15,1,0.75,0.5701169507009172,0.9000000000000004,3,compact48,logistic
2024-06-16,1,0.92,0.7783077844154582,0.9000000000000004,3,compact48,logistic
2024-06-17,1,0.7925,0.6139739196418461,0.9000000000000004,3,compact48,logistic
2024-06-18,1,0.825,0.6604499508564012,0.9000000000000004,3,compact48,logistic
2024-06-19,1,0.685,0.48790341257650605,0.9000000000000004,3,compact48,logistic
2024-06-20,1,0.5525,0.3426379268679867,0.9000000000000004,3,compact48,logistic
2024-06-21,1,0.6975,0.5087903305812997,0.9000000000000004,3,compact48,logistic
2024-06-22,0,0.5625,0.3569903675408626,0.9000000000000004,3,compact48,logistic
2024-06-23,0,0.06,0.030858968881782647,0.9000000000000004,3,compact48,logistic
2024-06-24,0,0.1275,0.050993871410457796,0.9000000000000004,3,compact48,logistic
2024-06-25,0,0.0125,0.015521646662983356,0.9000000000000004,3,compact48,logistic
2024-06-26,0,0.015,0.01644581050576039,0.9000000000000004,3,compact48,logistic
2024-06-27,0,0.1475,0.06549524027444392,0.9000000000000004,3,compact48,logistic
2024-06-28,0,0.0275,0.023047012091354804,0.9000000000000004,3,compact48,logistic
2024-06-29,0,0.0125,0.015469964677165412,0.9000000000000004,3,compact48,logistic
2024-06-30,0,0.0575,0.030537594696677765,0.9000000000000004,3,compact48,logistic
2024-07-08,0,0.6619144602851323,0.5114963811904161,0.7700000000000002,4,compact48,logistic
2024-07-09,0,0.8289205702647657,0.6643261880275881,0.7700000000000002,4,compact48,logistic
2024-07-10,0,0.7393075356415478,0.5859519799324243,0.7700000000000002,4,compact48,logistic
2024-07-11,0,0.5132382892057027,0.3796971228926154,0.7700000000000002,4,compact48,logistic
2024-07-12,0,0.4256619144602851,0.2961316941416745,0.7700000000000002,4,compact48,logistic
2024-07-13,0,0.3910386965376782,0.2680565130552287,0.7700000000000002,4,compact48,logistic
2024-07-14,1,0.6272912423625254,0.4727599828646743,0.7700000000000002,4,compact48,logistic
2024-07-15,1,0.5132382892057027,0.3838607731458162,0.7700000000000002,4,compact48,logistic
2024-07-16,0,0.4623217922606925,0.33379254842070916,0.7700000000000002,4,compact48,logistic
2024-07-17,1,0.31160896130346233,0.20341257795468884,0.7700000000000002,4,compact48,logistic
2024-07-18,1,0.3788187372708758,0.24795116347151328,0.7700000000000002,4,compact48,logistic
2024-07-19,0,0.4745417515274949,0.34084169438539186,0.7700000000000002,4,compact48,logistic
2024-07-20,0,0.7780040733197556,0.6207659904262949,0.7700000000000002,4,compact48,logistic
2024-07-21,0,0.5010183299389002,0.3687506999500019,0.7700000000000002,4,compact48,logistic
2024-07-22,0,0.29124236252545826,0.17679896842701087,0.7700000000000002,4,compact48,logistic
2024-07-23,0,0.37067209775967414,0.24178307886524242,0.7700000000000002,4,compact48,logistic
2024-07-24,0,0.08757637474541752,0.04053111518076194,0.7700000000000002,4,compact48,logistic
2024-07-25,0,0.19959266802443992,0.09882168525338313,0.7700000000000002,4,compact48,logistic
2024-07-26,0,0.21181262729124237,0.11120067185920078,0.7700000000000002,4,compact48,logistic
2024-07-27,0,0.14663951120162932,0.0683435267727082,0.7700000000000002,4,compact48,logistic
2024-07-28,0,0.004073319755600814,0.00909523271229064,0.7700000000000002,4,compact48,logistic
2024-07-29,0,0.11405295315682282,0.049548497615278984,0.7700000000000002,4,compact48,logistic
2024-07-30,0,0.004073319755600814,0.011415015097112156,0.7700000000000002,4,compact48,logistic
2024-07-31,0,0.13238289205702647,0.06063691570587276,0.7700000000000002,4,compact48,logistic
2024-08-01,0,0.20977596741344195,0.10445253341401915,0.7700000000000002,4,compact48,logistic
2024-08-02,0,0.1670061099796334,0.08002149942764826,0.7700000000000002,4,compact48,logistic
2024-08-03,0,0.11405295315682282,0.05100055502705522,0.7700000000000002,4,compact48,logistic
2024-08-04,0,0.7270875763747454,0.5707447473757677,0.7700000000000002,4,compact48,logistic
2024-08-05,0,0.5132382892057027,0.38261742461183373,0.7700000000000002,4,compact48,logistic
2024-08-06,0,0.5906313645621182,0.45209712880330344,0.7700000000000002,4,compact48,logistic
2024-08-07,0,0.5295315682281059,0.39735932876125607,0.7700000000000002,4,compact48,logistic
2024-08-08,0,0.8940936863543788,0.7384116773498832,0.7700000000000002,4,compact48,logistic
2024-08-09,0,0.7270875763747454,0.5740007505091885,0.7700000000000002,4,compact48,logistic
2024-08-10,0,0.7942973523421588,0.6411057036840639,0.7700000000000002,4,compact48,logistic
2024-08-11,0,0.7270875763747454,0.5736869369968197,0.7700000000000002,4,compact48,logistic
2024-08-12,0,0.7576374745417516,0.6012689632194782,0.7700000000000002,4,compact48,logistic
2024-08-13,0,0.6965376782077393,0.5409143527031588,0.7700000000000002,4,compact48,logistic
2024-08-14,1,0.6680244399185336,0.5214430472930914,0.7700000000000002,4,compact48,logistic
2024-08-15,0,0.5132382892057027,0.3804201539566003,0.7700000000000002,4,compact48,logistic
2024-08-16,0,0.6252545824847251,0.46782065946686135,0.7700000000000002,4,compact48,logistic
2024-08-17,0,0.4908350305498982,0.34668667617485355,0.7700000000000002,4,compact48,logistic
2024-08-18,0,0.45213849287169044,0.3159237643674638,0.7700000000000002,4,compact48,logistic
2024-08-19,0,0.5539714867617108,0.4187003914224128,0.7700000000000002,4,compact48,logistic
2023-07-08,0,0.792,0.4780352508099561,0.52,0,compact48,extra_trees
2023-07-09,0,0.76,0.4259998528355119,0.52,0,compact48,extra_trees
2023-07-10,0,0.432,0.16076769371011693,0.52,0,compact48,extra_trees
2023-07-11,0,0.792,0.48717895185012305,0.52,0,compact48,extra_trees
2023-07-12,0,0.672,0.3703901069714045,0.52,0,compact48,extra_trees
2023-07-13,1,0.832,0.531468300831711,0.52,0,compact48,extra_trees
2023-07-14,1,0.824,0.511633169060322,0.52,0,compact48,extra_trees
2023-07-15,0,0.592,0.3104123900752643,0.52,0,compact48,extra_trees
2023-07-16,0,0.568,0.3034223635260878,0.52,0,compact48,extra_trees
2023-07-17,0,0.872,0.5958108988555905,0.52,0,compact48,extra_trees
2023-07-18,0,0.776,0.4330628562755557,0.52,0,compact48,extra_trees
2023-07-19,0,0.776,0.4483886020976649,0.52,0,compact48,extra_trees
2023-07-20,0,0.792,0.48081833392094514,0.52,0,compact48,extra_trees
2023-07-21,0,0.44,0.17691351252387288,0.52,0,compact48,extra_trees
2023-07-22,0,0.288,0.06198559058839439,0.52,0,compact48,extra_trees
2023-07-23,0,0.552,0.29768526431602027,0.52,0,compact48,extra_trees
2023-07-24,0,0.08,0.014103423483372164,0.52,0,compact48,extra_trees
2023-07-25,0,0.048,0.00936227790074081,0.52,0,compact48,extra_trees
2023-07-26,0,0.08,0.011695109276292215,0.52,0,compact48,extra_trees
2023-07-27,0,0.008,0.004686432738938622,0.52,0,compact48,extra_trees
2023-07-28,0,0.168,0.023820504095633792,0.52,0,compact48,extra_trees
2023-07-29,0,0.08,0.014623425573582111,0.52,0,compact48,extra_trees
2023-07-30,0,0.088,0.015373695810251583,0.52,0,compact48,extra_trees
2023-07-31,0,0.048,0.00964260180131648,0.52,0,compact48,extra_trees
2023-08-01,0,0.528,0.28464498951388395,0.52,0,compact48,extra_trees
2023-08-02,0,0.44,0.17607027386034382,0.52,0,compact48,extra_trees
2023-08-03,0,0.672,0.3743273616387481,0.52,0,compact48,extra_trees
2023-08-04,0,0.368,0.10488304360356164,0.52,0,compact48,extra_trees
2023-08-05,0,0.64,0.33797613183797126,0.52,0,compact48,extra_trees
2023-08-06,0,0.904,0.6739819129661451,0.52,0,compact48,extra_trees
2023-08-07,0,0.76,0.4273922651946197,0.52,0,compact48,extra_trees
2023-08-08,0,0.776,0.4523673935097923,0.52,0,compact48,extra_trees
2023-08-09,0,0.824,0.5135518008549115,0.52,0,compact48,extra_trees
2023-08-10,0,0.864,0.5918507255162807,0.52,0,compact48,extra_trees
2023-08-11,0,0.864,0.5737023050692818,0.52,0,compact48,extra_trees
2023-08-12,0,0.856,0.5636218900288594,0.52,0,compact48,extra_trees
2023-08-13,0,0.464,0.21340496579053564,0.52,0,compact48,extra_trees
2023-08-14,0,0.264,0.050724922124597435,0.52,0,compact48,extra_trees
2023-08-15,0,0.344,0.09755282918392706,0.52,0,compact48,extra_trees
2023-08-16,0,0.776,0.43601399875834174,0.52,0,compact48,extra_trees
2023-08-17,0,0.384,0.11277854841011577,0.52,0,compact48,extra_trees
2023-08-18,1,0.592,0.3077172708100677,0.52,0,compact48,extra_trees
2023-08-19,0,0.472,0.25546687578518135,0.52,0,compact48,extra_trees
2023-08-20,0,0.32,0.076356804310731,0.52,0,compact48,extra_trees
2023-08-21,0,0.8,0.4997787123382767,0.52,0,compact48,extra_trees
2023-08-22,0,0.896,0.6383976754082579,0.52,0,compact48,extra_trees
2023-08-23,0,0.304,0.06991894280462702,0.52,0,compact48,extra_trees
2023-08-24,0,0.32,0.07505933211824245,0.52,0,compact48,extra_trees
2023-08-25,0,0.04,0.008119475275494153,0.52,0,compact48,extra_trees
2023-08-26,0,0.2,0.03445306154135858,0.52,0,compact48,extra_trees
2023-08-27,0,0.264,0.052976750105954463,0.52,0,compact48,extra_trees
2023-08-28,0,0.176,0.02502679316788719,0.52,0,compact48,extra_trees
2023-08-29,0,0.144,0.0209257764885333,0.52,0,compact48,extra_trees
2023-08-30,0,0.136,0.01958397960580301,0.52,0,compact48,extra_trees
2023-08-31,0,0.08,0.01483725794697627,0.52,0,compact48,extra_trees
2023-09-01,0,0.752,0.42303413991454253,0.52,0,compact48,extra_trees
2023-09-02,0,0.472,0.24539007040550584,0.52,0,compact48,extra_trees
2023-09-03,0,0.896,0.6394297516633696,0.52,0,compact48,extra_trees
2023-09-04,0,0.432,0.17231244141810886,0.52,0,compact48,extra_trees
2023-09-05,1,0.856,0.5617697837529962,0.52,0,compact48,extra_trees
2023-09-06,1,0.336,0.09086430684429889,0.52,0,compact48,extra_trees
2023-09-07,1,0.864,0.59111527638201,0.52,0,compact48,extra_trees
2023-09-08,1,0.896,0.6259614254444134,0.52,0,compact48,extra_trees
2023-09-09,0,0.728,0.40275066630084855,0.52,0,compact48,extra_trees
2023-09-10,0,0.256,0.04727143709657249,0.52,0,compact48,extra_trees
2023-09-11,0,0.632,0.3333995641133107,0.52,0,compact48,extra_trees
2023-09-12,0,0.472,0.22410780608573982,0.52,0,compact48,extra_trees
2023-09-13,0,0.624,0.32400677079086854,0.52,0,compact48,extra_trees
2023-09-14,0,0.472,0.25562452154811255,0.52,0,compact48,extra_trees
2023-09-15,0,0.64,0.3434332897884732,0.52,0,compact48,extra_trees
2023-09-16,0,0.392,0.141359409369517,0.52,0,compact48,extra_trees
2023-09-17,0,0.672,0.3675956618882825,0.52,0,compact48,extra_trees
2023-09-18,0,0.312,0.07453487202320806,0.52,0,compact48,extra_trees
2023-09-19,0,0.384,0.12743468974109076,0.52,0,compact48,extra_trees
2023-09-20,0,0.672,0.3695896670711594,0.52,0,compact48,extra_trees
2023-09-21,0,0.832,0.5323116730149097,0.52,0,compact48,extra_trees
2023-09-22,0,0.472,0.25751072738853337,0.52,0,compact48,extra_trees
2023-09-23,0,0.816,0.5049425154814767,0.52,0,compact48,extra_trees
2023-09-24,0,0.032,0.007189518646691517,0.52,0,compact48,extra_trees
2023-09-25,0,0.104,0.01722072349773266,0.52,0,compact48,extra_trees
2023-09-26,0,0.264,0.05029482408163533,0.52,0,compact48,extra_trees
2023-09-27,0,0.176,0.026039482868398797,0.52,0,compact48,extra_trees
2023-09-28,0,0.16,0.023057594457980585,0.52,0,compact48,extra_trees
2023-09-29,0,0.2,0.03479723439020913,0.52,0,compact48,extra_trees
2023-09-30,0,0.144,0.020671135544314823,0.52,0,compact48,extra_trees
2023-10-08,0,0.42857142857142855,0.21717835853904377,0.6500000000000001,1,compact48,extra_trees
2023-10-09,0,0.5576036866359447,0.3299148963368804,0.6500000000000001,1,compact48,extra_trees
2023-10-10,0,0.5207373271889401,0.29368412994577225,0.6500000000000001,1,compact48,extra_trees
2023-10-11,0,0.8018433179723502,0.5160646795516921,0.6500000000000001,1,compact48,extra_trees
2023-10-12,0,0.6543778801843319,0.3804700855401854,0.6500000000000001,1,compact48,extra_trees
2023-10-13,1,0.6728110599078341,0.4071846511126892,0.6500000000000001,1,compact48,extra_trees
2023-10-14,1,0.5069124423963134,0.2893820465120289,0.6500000000000001,1,compact48,extra_trees
2023-10-15,0,0.8294930875576036,0.5671717562187886,0.6500000000000001,1,compact48,extra_trees
2023-10-16,1,0.8294930875576036,0.5680244936016987,0.6500000000000001,1,compact48,extra_trees
2023-10-17,1,0.8294930875576036,0.563697166335886,0.6500000000000001,1,compact48,extra_trees
2023-10-18,0,0.43317972350230416,0.22359478977947383,0.6500000000000001,1,compact48,extra_trees
2023-10-19,0,0.6866359447004609,0.41602964399828685,0.6500000000000001,1,compact48,extra_trees
2023-10-20,0,0.6221198156682027,0.3644611186535872,0.6500000000000001,1,compact48,extra_trees
2023-10-21,0,0.6359447004608295,0.37269403687778574,0.6500000000000001,1,compact48,extra_trees
2023-10-22,0,0.22119815668202766,0.045782917008619764,0.6500000000000001,1,compact48,extra_trees
2023-10-23,0,0.4700460829493088,0.260746086760991,0.6500000000000001,1,compact48,extra_trees
2023-10-24,0,0.2350230414746544,0.054267032851123984,0.6500000000000001,1,compact48,extra_trees
2023-10-25,0,0.08294930875576037,0.01169364013157433,0.6500000000000001,1,compact48,extra_trees
2023-10-26,0,0.17511520737327188,0.02196713234020756,0.6500000000000001,1,compact48,extra_trees
2023-10-27,0,0.09216589861751152,0.012974964458596642,0.6500000000000001,1,compact48,extra_trees
2023-10-28,0,0.10599078341013825,0.014669542875149011,0.6500000000000001,1,compact48,extra_trees
2023-10-29,0,0.17972350230414746,0.023310520748985198,0.6500000000000001,1,compact48,extra_trees
2023-10-30,0,0.17050691244239632,0.02013667214748404,0.6500000000000001,1,compact48,extra_trees
2023-10-31,0,0.18433179723502305,0.030073973311079263,0.6500000000000001,1,compact48,extra_trees
2023-11-01,0,0.7926267281105991,0.49821723290750414,0.6500000000000001,1,compact48,extra_trees
2023-11-02,0,0.7880184331797235,0.4926311883158643,0.6500000000000001,1,compact48,extra_trees
2023-11-03,0,0.6221198156682027,0.36519465776429444,0.6500000000000001,1,compact48,extra_trees
2023-11-04,0,0.7788018433179723,0.4838702367904056,0.6500000000000001,1,compact48,extra_trees
2023-11-05,0,0.6728110599078341,0.4088582388815634,0.6500000000000001,1,compact48,extra_trees
2023-11-06,0,0.8110599078341014,0.5422115970471959,0.6500000000000001,1,compact48,extra_trees
2023-11-07,0,0.7235023041474654,0.4318804553396973,0.6500000000000001,1,compact48,extra_trees
2023-11-08,0,0.663594470046083,0.38643584124060604,0.6500000000000001,1,compact48,extra_trees
2023-11-09,1,0.5806451612903226,0.34428142457534816,0.6500000000000001,1,compact48,extra_trees
2023-11-10,1,0.7649769585253456,0.47403998591570345,0.6500000000000001,1,compact48,extra_trees
2023-11-11,0,0.6728110599078341,0.39908407676705937,0.6500000000000001,1,compact48,extra_trees
2023-11-12,0,0.6866359447004609,0.4152152988246957,0.6500000000000001,1,compact48,extra_trees
2023-11-13,1,0.7880184331797235,0.4915335656760133,0.6500000000000001,1,compact48,extra_trees
2023-11-14,1,0.6682027649769585,0.39475083605822237,0.6500000000000001,1,compact48,extra_trees
2023-11-15,0,0.5391705069124424,0.3201875001019218,0.6500000000000001,1,compact48,extra_trees
2023-11-16,0,0.5391705069124424,0.32270661116647004,0.6500000000000001,1,compact48,extra_trees
2023-11-17,0,0.3686635944700461,0.16959292235216172,0.6500000000000001,1,compact48,extra_trees
2023-11-18,0,0.2488479262672811,0.06284598091481522,0.6500000000000001,1,compact48,extra_trees
2023-11-19,0,0.6543778801843319,0.380328317011965,0.6500000000000001,1,compact48,extra_trees
2023-11-20,0,0.4838709677419355,0.26223823702905635,0.6500000000000001,1,compact48,extra_trees
2023-11-21,0,0.2350230414746544,0.0539526387519968,0.6500000000000001,1,compact48,extra_trees
2023-11-22,0,0.24423963133640553,0.0594364743091233,0.6500000000000001,1,compact48,extra_trees
2023-11-23,0,0.35944700460829493,0.1426283884324308,0.6500000000000001,1,compact48,extra_trees
2023-11-24,0,0.2350230414746544,0.05455010465352502,0.6500000000000001,1,compact48,extra_trees
2023-11-25,0,0.18433179723502305,0.029723686309512144,0.6500000000000001,1,compact48,extra_trees
2023-11-26,0,0.20276497695852536,0.03794919358130258,0.6500000000000001,1,compact48,extra_trees
2023-11-27,0,0.10138248847926268,0.013716010618773335,0.6500000000000001,1,compact48,extra_trees
2023-11-28,0,0.12903225806451613,0.015436791902500508,0.6500000000000001,1,compact48,extra_trees
2023-11-29,0,0.14746543778801843,0.01742264131849939,0.6500000000000001,1,compact48,extra_trees
2023-11-30,0,0.18433179723502305,0.0242092677550782,0.6500000000000001,1,compact48,extra_trees
2023-12-01,0,0.3686635944700461,0.1629449746917835,0.6500000000000001,1,compact48,extra_trees
2023-12-02,0,0.5714285714285714,0.3366786781129673,0.6500000000000001,1,compact48,extra_trees
2023-12-03,0,0.5391705069124424,0.3154380885743051,0.6500000000000001,1,compact48,extra_trees
2023-12-04,0,0.8018433179723502,0.5246452378671411,0.6500000000000001,1,compact48,extra_trees
2023-12-05,0,0.728110599078341,0.43256860133470515,0.6500000000000001,1,compact48,extra_trees
2023-12-06,0,0.8294930875576036,0.5544494014318833,0.6500000000000001,1,compact48,extra_trees
2023-12-07,1,0.815668202764977,0.5476342449555516,0.6500000000000001,1,compact48,extra_trees
2023-12-08,0,0.815668202764977,0.5447498058053065,0.6500000000000001,1,compact48,extra_trees
2023-12-09,0,0.5668202764976958,0.33340041463167613,0.6500000000000001,1,compact48,extra_trees
2023-12-10,1,0.7557603686635944,0.4636645726027992,0.6500000000000001,1,compact48,extra_trees
2023-12-11,1,0.8433179723502304,0.5725545398995043,0.6500000000000001,1,compact48,extra_trees
2023-12-12,1,0.8294930875576036,0.5526164489024988,0.6500000000000001,1,compact48,extra_trees
2023-12-13,1,0.7926267281105991,0.49792769695332545,0.6500000000000001,1,compact48,extra_trees
2023-12-14,1,0.6820276497695853,0.4137604378037187,0.6500000000000001,1,compact48,extra_trees
2023-12-15,1,0.24423963133640553,0.05729945860042281,0.6500000000000001,1,compact48,extra_trees
2023-12-16,0,0.7142857142857143,0.42847518750535957,0.6500000000000001,1,compact48,extra_trees
2023-12-17,0,0.4930875576036866,0.2775402278496125,0.6500000000000001,1,compact48,extra_trees
2023-12-18,0,0.7972350230414746,0.5118128070418333,0.6500000000000001,1,compact48,extra_trees
2023-12-19,0,0.5576036866359447,0.3313349561140473,0.6500000000000001,1,compact48,extra_trees
2023-12-20,0,0.6589861751152074,0.3823534992001369,0.6500000000000001,1,compact48,extra_trees
2023-12-21,0,0.21658986175115208,0.04293876855435497,0.6500000000000001,1,compact48,extra_trees
2023-12-22,0,0.663594470046083,0.3865724265616337,0.6500000000000001,1,compact48,extra_trees
2023-12-23,0,0.3778801843317972,0.17982805380209388,0.6500000000000001,1,compact48,extra_trees
2023-12-24,0,0.02304147465437788,0.007474436799768179,0.6500000000000001,1,compact48,extra_trees
2023-12-25,0,0.09216589861751152,0.013483108806162124,0.6500000000000001,1,compact48,extra_trees
2023-12-26,0,0.18433179723502305,0.02909486626814556,0.6500000000000001,1,compact48,extra_trees
2023-12-27,0,0.09216589861751152,0.013036238464925385,0.6500000000000001,1,compact48,extra_trees
2023-12-28,0,0.14746543778801843,0.016242303463683855,0.6500000000000001,1,compact48,extra_trees
2023-12-29,0,0.09216589861751152,0.012443715379465106,0.6500000000000001,1,compact48,extra_trees
2023-12-30,0,0.02304147465437788,0.00759736437770775,0.6500000000000001,1,compact48,extra_trees
2023-12-31,0,0.21658986175115208,0.04300692773126334,0.6500000000000001,1,compact48,extra_trees
2024-01-08,0,0.7411003236245954,0.535768647340814,0.53,2,compact48,extra_trees
2024-01-09,0,0.919093851132686,0.6912074088617199,0.53,2,compact48,extra_trees
2024-01-10,0,0.9158576051779935,0.690317466921308,0.53,2,compact48,extra_trees
2024-01-11,1,0.627831715210356,0.42719636106284237,0.53,2,compact48,extra_trees
2024-01-12,1,0.9061488673139159,0.6831109796038988,0.53,2,compact48,extra_trees
2024-01-13,1,0.8932038834951457,0.6665572308824582,0.53,2,compact48,extra_trees
2024-01-14,1,0.6343042071197411,0.42974676821586527,0.53,2,compact48,extra_trees
2024-01-15,1,0.9288025889967637,0.6932483141582967,0.53,2,compact48,extra_trees
2024-01-16,0,0.8543689320388349,0.6334458494015188,0.53,2,compact48,extra_trees
2024-01-17,1,0.9061488673139159,0.6819388250176648,0.53,2,compact48,extra_trees
2024-01-18,1,0.9029126213592233,0.674707094433575,0.53,2,compact48,extra_trees
2024-01-19,1,0.5825242718446602,0.3915122485948831,0.53,2,compact48,extra_trees
2024-01-20,0,0.3042071197411003,0.17061449902789427,0.53,2,compact48,extra_trees
2024-01-21,0,0.4854368932038835,0.33123708770566956,0.53,2,compact48,extra_trees
2024-01-22,0,0.35275080906148865,0.21073596033814967,0.53,2,compact48,extra_trees
2024-01-23,0,0.32038834951456313,0.19200622554948568,0.53,2,compact48,extra_trees
2024-01-24,0,0.1488673139158576,0.010880663616501746,0.53,2,compact48,extra_trees
2024-01-25,0,0.2459546925566343,0.038909442558767125,0.53,2,compact48,extra_trees
2024-01-26,0,0.15210355987055016,0.011334831453822419,0.53,2,compact48,extra_trees
2024-01-27,0,0.21035598705501618,0.02380229614069766,0.53,2,compact48,extra_trees
2024-01-28,0,0.15857605177993528,0.013183539375732191,0.53,2,compact48,extra_trees
2024-01-29,0,0.13915857605177995,0.010157173554995534,0.53,2,compact48,extra_trees
2024-01-30,1,0.061488673139158574,0.004909727376914588,0.53,2,compact48,extra_trees
2024-01-31,0,0.20388349514563106,0.01790208056359089,0.53,2,compact48,extra_trees
2024-02-01,0,0.3300970873786408,0.19863828882224652,0.53,2,compact48,extra_trees
2024-02-02,0,0.5145631067961165,0.3428265696629856,0.53,2,compact48,extra_trees
2024-02-03,0,0.5372168284789643,0.36551905115360095,0.53,2,compact48,extra_trees
2024-02-04,0,0.8673139158576052,0.6493717457183339,0.53,2,compact48,extra_trees
2024-02-05,0,0.9029126213592233,0.6766484845864876,0.53,2,compact48,extra_trees
2024-02-06,0,0.8673139158576052,0.6487221425893781,0.53,2,compact48,extra_trees
2024-02-07,0,0.39805825242718446,0.25171580513871694,0.53,2,compact48,extra_trees
2024-02-08,0,0.9644012944983819,0.7537887258703485,0.53,2,compact48,extra_trees
2024-02-09,0,0.8802588996763754,0.6583704709742094,0.53,2,compact48,extra_trees
2024-02-10,0,0.4336569579288026,0.28572184643525644,0.53,2,compact48,extra_trees
2024-02-11,0,0.8478964401294499,0.6223315571269001,0.53,2,compact48,extra_trees
2024-02-12,0,0.7281553398058253,0.5259989370579992,0.53,2,compact48,extra_trees
2024-02-13,0,0.3268608414239482,0.19616158862190355,0.53,2,compact48,extra_trees
2024-02-14,0,0.6990291262135923,0.4925949402587498,0.53,2,compact48,extra_trees
2024-02-15,0,0.6375404530744336,0.4340764855401194,0.53,2,compact48,extra_trees
2024-02-16,0,0.598705501618123,0.40008488392205777,0.53,2,compact48,extra_trees
2024-02-17,0,0.6763754045307443,0.46294211532033464,0.53,2,compact48,extra_trees
2024-02-18,0,0.47572815533980584,0.3233679731563077,0.53,2,compact48,extra_trees
2024-02-19,0,0.39805825242718446,0.25289586916955353,0.53,2,compact48,extra_trees
2024-02-20,0,0.7184466019417476,0.5157582090521488,0.53,2,compact48,extra_trees
2024-02-21,0,0.7216828478964401,0.5178600568519728,0.53,2,compact48,extra_trees
2024-02-22,0,0.7378640776699029,0.5322621984601268,0.53,2,compact48,extra_trees
2024-02-23,0,0.7572815533980582,0.5452249163233727,0.53,2,compact48,extra_trees
2024-02-24,0,0.21035598705501618,0.02250357151951663,0.53,2,compact48,extra_trees
2024-02-25,0,0.003236245954692557,0.0016330134534097694,0.53,2,compact48,extra_trees
2024-02-26,0,0.019417475728155338,0.0037397354678658,0.53,2,compact48,extra_trees
2024-02-27,0,0.1262135922330097,0.009178972221911056,0.53,2,compact48,extra_trees
2024-02-28,0,0.14563106796116504,0.01048077998933781,0.53,2,compact48,extra_trees
2024-02-29,0,0.1941747572815534,0.016319052975855813,0.53,2,compact48,extra_trees
2024-03-01,0,0.5210355987055016,0.35343344280508965,0.53,2,compact48,extra_trees
2024-03-02,0,0.5372168284789643,0.36561695084586343,0.53,2,compact48,extra_trees
2024-03-03,0,0.8284789644012945,0.6086129675329267,0.53,2,compact48,extra_trees
2024-03-04,0,0.7702265372168284,0.5655739144517603,0.53,2,compact48,extra_trees
2024-03-05,0,0.7896440129449838,0.5748781293224055,0.53,2,compact48,extra_trees
2024-03-06,0,0.6504854368932039,0.44446595273215933,0.53,2,compact48,extra_trees
2024-03-07,0,0.889967637540453,0.6632108291476637,0.53,2,compact48,extra_trees
2024-03-08,0,0.5372168284789643,0.368258393534882,0.53,2,compact48,extra_trees
2024-03-09,1,0.3300970873786408,0.20241853269377566,0.53,2,compact48,extra_trees
2024-03-10,1,0.9644012944983819,0.7466762117826072,0.53,2,compact48,extra_trees
2024-03-11,1,0.9579288025889967,0.7341131367782415,0.53,2,compact48,extra_trees
2024-03-12,1,0.919093851132686,0.6909625200324362,0.53,2,compact48,extra_trees
2024-03-13,1,0.970873786407767,0.7698918587967459,0.53,2,compact48,extra_trees
2024-03-14,1,0.8446601941747572,0.6210405174283506,0.53,2,compact48,extra_trees
2024-03-15,1,0.8478964401294499,0.6214801182342985,0.53,2,compact48,extra_trees
2024-03-16,1,0.8252427184466019,0.6064868501721233,0.53,2,compact48,extra_trees
2024-03-17,0,0.7669902912621359,0.5631300667467721,0.53,2,compact48,extra_trees
2024-03-18,0,0.56957928802589,0.3780819709826027,0.53,2,compact48,extra_trees
2024-03-19,0,0.3786407766990291,0.23657802611400594,0.53,2,compact48,extra_trees
2024-03-20,0,0.44336569579288027,0.28833686033704353,0.53,2,compact48,extra_trees
2024-03-21,0,0.2783171521035599,0.14245252534401098,0.53,2,compact48,extra_trees
2024-03-22,0,0.3074433656957929,0.1739899514144836,0.53,2,compact48,extra_trees
2024-03-23,0,0.29449838187702265,0.16179408506209292,0.53,2,compact48,extra_trees
2024-03-24,0,0.11650485436893204,0.008727783991954445,0.53,2,compact48,extra_trees
2024-03-25,0,0.18770226537216828,0.0153278291130211,0.53,2,compact48,extra_trees
2024-03-26,0,0.14563106796116504,0.010539639244555176,0.53,2,compact48,extra_trees
2024-03-27,0,0.10679611650485436,0.008033270694745093,0.53,2,compact48,extra_trees
2024-03-28,0,0.061488673139158574,0.005226034282564954,0.53,2,compact48,extra_trees
2024-03-29,0,0.08737864077669903,0.006666874615758395,0.53,2,compact48,extra_trees
2024-03-30,0,0.16181229773462782,0.01344199387473754,0.53,2,compact48,extra_trees
2024-03-31,0,0.07766990291262135,0.006266566592685954,0.53,2,compact48,extra_trees
2024-04-08,0,0.98,0.7845310169487287,0.8100000000000003,3,compact48,extra_trees
2024-04-09,0,0.9725,0.7766384804645652,0.8100000000000003,3,compact48,extra_trees
2024-04-10,1,0.9175,0.7082480993431908,0.8100000000000003,3,compact48,extra_trees
2024-04-11,1,0.9675,0.7690638032575059,0.8100000000000003,3,compact48,extra_trees
2024-04-12,0,0.9175,0.71460019651879,0.8100000000000003,3,compact48,extra_trees
2024-04-13,1,0.7725,0.5588511735011708,0.8100000000000003,3,compact48,extra_trees
2024-04-14,1,0.6075,0.4210931276255524,0.8100000000000003,3,compact48,extra_trees
2024-04-15,1,0.665,0.4559064794813921,0.8100000000000003,3,compact48,extra_trees
2024-04-16,1,0.4175,0.27830330018673166,0.8100000000000003,3,compact48,extra_trees
2024-04-17,1,0.6275,0.43582998589680855,0.8100000000000003,3,compact48,extra_trees
2024-04-18,1,0.665,0.46117982911719263,0.8100000000000003,3,compact48,extra_trees
2024-04-19,1,0.405,0.2689147950008502,0.8100000000000003,3,compact48,extra_trees
2024-04-20,1,0.5325,0.3728326204054315,0.8100000000000003,3,compact48,extra_trees
2024-04-21,0,0.33,0.21414756867795048,0.8100000000000003,3,compact48,extra_trees
2024-04-22,0,0.315,0.19267797147351653,0.8100000000000003,3,compact48,extra_trees
2024-04-23,0,0.3575,0.23139641824291446,0.8100000000000003,3,compact48,extra_trees
2024-04-24,0,0.035,0.01717001844691189,0.8100000000000003,3,compact48,extra_trees
2024-04-25,0,0.0525,0.022610922535176197,0.8100000000000003,3,compact48,extra_trees
2024-04-26,0,0.0525,0.022950706168109982,0.8100000000000003,3,compact48,extra_trees
2024-04-27,0,0.01,0.009180880755246437,0.8100000000000003,3,compact48,extra_trees
2024-04-28,0,0.1,0.03626464507990714,0.8100000000000003,3,compact48,extra_trees
2024-04-29,0,0.05,0.0215341205050745,0.8100000000000003,3,compact48,extra_trees
2024-04-30,0,0.0875,0.03281466467092227,0.8100000000000003,3,compact48,extra_trees
2024-05-01,0,0.25,0.11971388278314803,0.8100000000000003,3,compact48,extra_trees
2024-05-02,0,0.26,0.13236689356530967,0.8100000000000003,3,compact48,extra_trees
2024-05-03,0,0.27,0.15605610598440497,0.8100000000000003,3,compact48,extra_trees
2024-05-04,0,0.3575,0.23160489024723413,0.8100000000000003,3,compact48,extra_trees
2024-05-05,0,0.8825,0.6619173493844454,0.8100000000000003,3,compact48,extra_trees
2024-05-06,0,0.785,0.5690553441723221,0.8100000000000003,3,compact48,extra_trees
2024-05-07,0,0.895,0.6774637773779753,0.8100000000000003,3,compact48,extra_trees
2024-05-08,0,0.87,0.6517648617754955,0.8100000000000003,3,compact48,extra_trees
2024-05-09,0,0.66,0.4521451189788331,0.8100000000000003,3,compact48,extra_trees
2024-05-10,0,0.5475,0.37876006176539334,0.8100000000000003,3,compact48,extra_trees
2024-05-11,0,0.89,0.6720893941871381,0.8100000000000003,3,compact48,extra_trees
2024-05-12,0,0.78,0.566455127982869,0.8100000000000003,3,compact48,extra_trees
2024-05-13,0,0.7275,0.5043055679735589,0.8100000000000003,3,compact48,extra_trees
2024-05-14,0,0.545,0.37692055331258284,0.8100000000000003,3,compact48,extra_trees
2024-05-15,0,0.6425,0.4430426665056835,0.8100000000000003,3,compact48,extra_trees
2024-05-16,0,0.755,0.5342867426389836,0.8100000000000003,3,compact48,extra_trees
2024-05-17,1,0.7725,0.5605501857373011,0.8100000000000003,3,compact48,extra_trees
2024-05-18,0,0.7275,0.5024506716031705,0.8100000000000003,3,compact48,extra_trees
2024-05-19,0,0.3725,0.24533095601647936,0.8100000000000003,3,compact48,extra_trees
2024-05-20,0,0.5775,0.3941265534512109,0.8100000000000003,3,compact48,extra_trees
2024-05-21,0,0.575,0.39373973713922256,0.8100000000000003,3,compact48,extra_trees
2024-05-22,0,0.46,0.32458267351370657,0.8100000000000003,3,compact48,extra_trees
2024-05-23,0,0.7725,0.5569864371990251,0.8100000000000003,3,compact48,extra_trees
2024-05-24,0,0.1,0.03829019658981459,0.8100000000000003,3,compact48,extra_trees
2024-05-25,0,0.1525,0.0607147774314712,0.8100000000000003,3,compact48,extra_trees
2024-05-26,0,0.0175,0.012696151006329455,0.8100000000000003,3,compact48,extra_trees
2024-05-27,0,0.1125,0.045066183815668216,0.8100000000000003,3,compact48,extra_trees
2024-05-28,0,0.195,0.0845528031462315,0.8100000000000003,3,compact48,extra_trees
2024-05-29,0,0.215,0.09800422973589956,0.8100000000000003,3,compact48,extra_trees
2024-05-30,0,0.1525,0.059220733668604426,0.8100000000000003,3,compact48,extra_trees
2024-05-31,0,0.145,0.0580355698800016,0.8100000000000003,3,compact48,extra_trees
2024-06-01,0,0.4275,0.28482451376846796,0.8100000000000003,3,compact48,extra_trees
2024-06-02,0,0.865,0.6418627675820577,0.8100000000000003,3,compact48,extra_trees
2024-06-03,0,0.91,0.6993479409522253,0.8100000000000003,3,compact48,extra_trees
2024-06-04,0,0.85,0.6314189187780272,0.8100000000000003,3,compact48,extra_trees
2024-06-05,0,0.655,0.44970920585851865,0.8100000000000003,3,compact48,extra_trees
2024-06-06,0,0.76,0.5443145962539799,0.8100000000000003,3,compact48,extra_trees
2024-06-07,0,0.68,0.4747376935715152,0.8100000000000003,3,compact48,extra_trees
2024-06-08,0,0.6125,0.4253363314942234,0.8100000000000003,3,compact48,extra_trees
2024-06-09,0,0.5675,0.3906444361102735,0.8100000000000003,3,compact48,extra_trees
2024-06-10,0,0.4625,0.3312620145152537,0.8100000000000003,3,compact48,extra_trees
2024-06-11,0,0.5775,0.3942962233956908,0.8100000000000003,3,compact48,extra_trees
2024-06-12,0,0.6275,0.4339707547980814,0.8100000000000003,3,compact48,extra_trees
2024-06-13,0,0.4775,0.34346949341678024,0.8100000000000003,3,compact48,extra_trees
2024-06-14,1,0.545,0.3759282529846693,0.8100000000000003,3,compact48,extra_trees
2024-06-15,1,0.6875,0.4796342472591505,0.8100000000000003,3,compact48,extra_trees
2024-06-16,1,0.8975,0.6832201938724087,0.8100000000000003,3,compact48,extra_trees
2024-06-17,1,0.825,0.6090010699817071,0.8100000000000003,3,compact48,extra_trees
2024-06-18,1,0.9075,0.6932011373357452,0.8100000000000003,3,compact48,extra_trees
2024-06-19,1,0.8125,0.5931727573936058,0.8100000000000003,3,compact48,extra_trees
2024-06-20,1,0.6275,0.43531320999946826,0.8100000000000003,3,compact48,extra_trees
2024-06-21,1,0.7725,0.5564942964747335,0.8100000000000003,3,compact48,extra_trees
2024-06-22,0,0.64,0.44250468685884464,0.8100000000000003,3,compact48,extra_trees
2024-06-23,0,0.2075,0.09346360951839013,0.8100000000000003,3,compact48,extra_trees
2024-06-24,0,0.105,0.04225882303609055,0.8100000000000003,3,compact48,extra_trees
2024-06-25,0,0.105,0.04111966641825443,0.8100000000000003,3,compact48,extra_trees
2024-06-26,0,0.055,0.024185021325643662,0.8100000000000003,3,compact48,extra_trees
2024-06-27,0,0.18,0.07369559915151386,0.8100000000000003,3,compact48,extra_trees
2024-06-28,0,0.1325,0.052635972942518046,0.8100000000000003,3,compact48,extra_trees
2024-06-29,0,0.1825,0.07687701652065904,0.8100000000000003,3,compact48,extra_trees
2024-06-30,0,0.07,0.02696808370525233,0.8100000000000003,3,compact48,extra_trees
2024-07-08,0,0.7881873727087576,0.5726861305810431,0.6300000000000001,4,compact48,extra_trees
2024-07-09,0,0.7861507128309573,0.5714707695250697,0.6300000000000001,4,compact48,extra_trees
2024-07-10,0,0.6415478615071283,0.4902550244595803,0.6300000000000001,4,compact48,extra_trees
2024-07-11,0,0.43584521384928715,0.38923631598066993,0.6300000000000001,4,compact48,extra_trees
2024-07-12,0,0.780040733197556,0.5673437690417907,0.6300000000000001,4,compact48,extra_trees
2024-07-13,0,0.7678207739307535,0.5589900710872652,0.6300000000000001,4,compact48,extra_trees
2024-07-14,1,0.5824847250509165,0.46109972969274027,0.6300000000000001,4,compact48,extra_trees
2024-07-15,1,0.714867617107943,0.5275234607725504,0.6300000000000001,4,compact48,extra_trees
2024-07-16,0,0.7881873727087576,0.5723923143573965,0.6300000000000001,4,compact48,extra_trees
2024-07-17,1,0.4480651731160896,0.39638814561437696,0.6300000000000001,4,compact48,extra_trees
2024-07-18,1,0.6904276985743381,0.511901264724927,0.6300000000000001,4,compact48,extra_trees
2024-07-19,0,0.6496945010183299,0.4922073543278122,0.6300000000000001,4,compact48,extra_trees
2024-07-20,0,0.6334012219959266,0.4837898781398188,0.6300000000000001,4,compact48,extra_trees
2024-07-21,0,0.4623217922606925,0.4027934577224469,0.6300000000000001,4,compact48,extra_trees
2024-07-22,0,0.28716904276985744,0.2813200879003817,0.6300000000000001,4,compact48,extra_trees
2024-07-23,0,0.2729124236252546,0.25539399536195995,0.6300000000000001,4,compact48,extra_trees
2024-07-24,0,0.054989816700611,0.01471029413849353,0.6300000000000001,4,compact48,extra_trees
2024-07-25,0,0.02240325865580448,0.009820402028722988,0.6300000000000001,4,compact48,extra_trees
2024-07-26,0,0.048879837067209775,0.013873874897851015,0.6300000000000001,4,compact48,extra_trees
2024-07-27,0,0.164969450101833,0.04486829173468188,0.6300000000000001,4,compact48,extra_trees
2024-07-28,0,0.014256619144602852,0.007334836133832702,0.6300000000000001,4,compact48,extra_trees
2024-07-29,0,0.23217922606924643,0.08932461551462517,0.6300000000000001,4,compact48,extra_trees
2024-07-30,0,0.15885947046843177,0.04196990711236988,0.6300000000000001,4,compact48,extra_trees
2024-07-31,0,0.1384928716904277,0.035775153289855206,0.6300000000000001,4,compact48,extra_trees
2024-08-01,0,0.2606924643584521,0.23216600299744,0.6300000000000001,4,compact48,extra_trees
2024-08-02,0,0.2708757637474542,0.25471757478696355,0.6300000000000001,4,compact48,extra_trees
2024-08-03,0,0.2729124236252546,0.25549868953892524,0.6300000000000001,4,compact48,extra_trees
2024-08-04,0,0.6883910386965377,0.5084102606292963,0.6300000000000001,4,compact48,extra_trees
2024-08-05,0,0.5274949083503055,0.4340939355528429,0.6300000000000001,4,compact48,extra_trees
2024-08-06,0,0.5580448065173116,0.4533571388159663,0.6300000000000001,4,compact48,extra_trees
2024-08-07,0,0.6720977596741344,0.499394276891475,0.6300000000000001,4,compact48,extra_trees
2024-08-08,0,0.7678207739307535,0.5616185464447061,0.6300000000000001,4,compact48,extra_trees
2024-08-09,0,0.4663951120162933,0.4041779831762758,0.6300000000000001,4,compact48,extra_trees
2024-08-10,0,0.6883910386965377,0.509423273445673,0.6300000000000001,4,compact48,extra_trees
2024-08-11,0,0.6720977596741344,0.4986146708619588,0.6300000000000001,4,compact48,extra_trees
2024-08-12,0,0.7006109979633401,0.5184575162920922,0.6300000000000001,4,compact48,extra_trees
2024-08-13,0,0.7209775967413442,0.5321209472893743,0.6300000000000001,4,compact48,extra_trees
2024-08-14,1,0.7209775967413442,0.5327760424621857,0.6300000000000001,4,compact48,extra_trees
2024-08-15,0,0.6863543788187373,0.5049949759008914,0.6300000000000001,4,compact48,extra_trees
2024-08-16,0,0.570264765784114,0.45671148905853337,0.6300000000000001,4,compact48,extra_trees
2024-08-17,0,0.5784114052953157,0.4588817328809498,0.6300000000000001,4,compact48,extra_trees
2024-08-18,0,0.8594704684317719,0.6166840790185908,0.6300000000000001,4,compact48,extra_trees
2024-08-19,0,0.8818737270875764,0.6389371089159706,0.6300000000000001,4,compact48,extra_trees
2023-07-08,0,0.512,0.1688246026906174,0.8900000000000003,0,compact48,hist_gb
2023-07-09,0,0.208,0.0844362183075107,0.8900000000000003,0,compact48,hist_gb
2023-07-10,0,0.064,0.053158486110486146,0.8900000000000003,0,compact48,hist_gb
2023-07-11,0,0.336,0.1230689463823156,0.8900000000000003,0,compact48,hist_gb
2023-07-12,0,0.6,0.19853530715207912,0.8900000000000003,0,compact48,hist_gb
2023-07-13,1,0.656,0.21696900469015185,0.8900000000000003,0,compact48,hist_gb
2023-07-14,1,0.584,0.1952563583449873,0.8900000000000003,0,compact48,hist_gb
2023-07-15,0,0.256,0.1041058020374031,0.8900000000000003,0,compact48,hist_gb
2023-07-16,0,0.76,0.28070664035253245,0.8900000000000003,0,compact48,hist_gb
2023-07-17,0,0.816,0.3737261983172088,0.8900000000000003,0,compact48,hist_gb
2023-07-18,0,0.8,0.3256622888043141,0.8900000000000003,0,compact48,hist_gb
2023-07-19,0,0.904,0.6031700615767661,0.8900000000000003,0,compact48,hist_gb
2023-07-20,0,0.816,0.3612422351760114,0.8900000000000003,0,compact48,hist_gb
2023-07-21,0,0.696,0.23408324650590123,0.8900000000000003,0,compact48,hist_gb
2023-07-22,0,0.264,0.10605580048110556,0.8900000000000003,0,compact48,hist_gb
2023-07-23,0,0.36,0.130514516907287,0.8900000000000003,0,compact48,hist_gb
2023-07-24,0,0.224,0.09426388431197959,0.8900000000000003,0,compact48,hist_gb
2023-07-25,0,0.264,0.1062646947751468,0.8900000000000003,0,compact48,hist_gb
2023-07-26,0,0.6,0.19800126705120563,0.8900000000000003,0,compact48,hist_gb
2023-07-27,0,0.136,0.06838289382773678,0.8900000000000003,0,compact48,hist_gb
2023-07-28,0,0.384,0.13376707120750864,0.8900000000000003,0,compact48,hist_gb
2023-07-29,0,0.264,0.1080334809774404,0.8900000000000003,0,compact48,hist_gb
2023-07-30,0,0.112,0.06361322588909252,0.8900000000000003,0,compact48,hist_gb
2023-07-31,0,0.304,0.11724364889398137,0.8900000000000003,0,compact48,hist_gb
2023-08-01,0,0.264,0.10686467210352636,0.8900000000000003,0,compact48,hist_gb
2023-08-02,0,0.616,0.20269881721863778,0.8900000000000003,0,compact48,hist_gb
2023-08-03,0,0.52,0.17079745944590738,0.8900000000000003,0,compact48,hist_gb
2023-08-04,0,0.624,0.20738952317770132,0.8900000000000003,0,compact48,hist_gb
2023-08-05,0,0.704,0.24109736282118338,0.8900000000000003,0,compact48,hist_gb
2023-08-06,0,0.904,0.6510112736660938,0.8900000000000003,0,compact48,hist_gb
2023-08-07,0,0.856,0.43654286369129425,0.8900000000000003,0,compact48,hist_gb
2023-08-08,0,0.784,0.31557612144856967,0.8900000000000003,0,compact48,hist_gb
2023-08-09,0,0.76,0.2756581711554336,0.8900000000000003,0,compact48,hist_gb
2023-08-10,0,0.904,0.7349848069243994,0.8900000000000003,0,compact48,hist_gb
2023-08-11,0,0.792,0.316457266953783,0.8900000000000003,0,compact48,hist_gb
2023-08-12,0,0.904,0.7217131187489243,0.8900000000000003,0,compact48,hist_gb
2023-08-13,0,0.432,0.14939601669758806,0.8900000000000003,0,compact48,hist_gb
2023-08-14,0,0.336,0.12214046734880916,0.8900000000000003,0,compact48,hist_gb
2023-08-15,0,0.264,0.10768902997071039,0.8900000000000003,0,compact48,hist_gb
2023-08-16,0,0.648,0.21512585580695617,0.8900000000000003,0,compact48,hist_gb
2023-08-17,0,0.792,0.3178426514196559,0.8900000000000003,0,compact48,hist_gb
2023-08-18,1,0.24,0.0974557856610119,0.8900000000000003,0,compact48,hist_gb
2023-08-19,0,0.216,0.08827758829718593,0.8900000000000003,0,compact48,hist_gb
2023-08-20,0,0.816,0.35367062018786516,0.8900000000000003,0,compact48,hist_gb
2023-08-21,0,0.856,0.4332623995216961,0.8900000000000003,0,compact48,hist_gb
2023-08-22,0,0.856,0.4319056573814133,0.8900000000000003,0,compact48,hist_gb
2023-08-23,0,0.84,0.40426582559158897,0.8900000000000003,0,compact48,hist_gb
2023-08-24,0,0.856,0.44613534646446057,0.8900000000000003,0,compact48,hist_gb
2023-08-25,0,0.216,0.08799274578970741,0.8900000000000003,0,compact48,hist_gb
2023-08-26,0,0.272,0.10930884293567171,0.8900000000000003,0,compact48,hist_gb
2023-08-27,0,0.696,0.23491062700199702,0.8900000000000003,0,compact48,hist_gb
2023-08-28,0,0.376,0.13334010614123856,0.8900000000000003,0,compact48,hist_gb
2023-08-29,0,0.224,0.09102511256261973,0.8900000000000003,0,compact48,hist_gb
2023-08-30,0,0.312,0.11841357311129111,0.8900000000000003,0,compact48,hist_gb
2023-08-31,0,0.432,0.14741872025824218,0.8900000000000003,0,compact48,hist_gb
2023-09-01,0,0.68,0.23037295602552899,0.8900000000000003,0,compact48,hist_gb
2023-09-02,0,0.776,0.3070108648722556,0.8900000000000003,0,compact48,hist_gb
2023-09-03,0,0.904,0.6169451811830325,0.8900000000000003,0,compact48,hist_gb
2023-09-04,0,0.472,0.15693460554459446,0.8900000000000003,0,compact48,hist_gb
2023-09-05,1,0.904,0.5988110278246207,0.8900000000000003,0,compact48,hist_gb
2023-09-06,1,0.392,0.13872859715731659,0.8900000000000003,0,compact48,hist_gb
2023-09-07,1,0.904,0.6227623092949123,0.8900000000000003,0,compact48,hist_gb
2023-09-08,1,0.864,0.5275284116599412,0.8900000000000003,0,compact48,hist_gb
2023-09-09,0,0.776,0.3074681460707917,0.8900000000000003,0,compact48,hist_gb
2023-09-10,0,0.12,0.06658996864667978,0.8900000000000003,0,compact48,hist_gb
2023-09-11,0,0.576,0.1874790811826089,0.8900000000000003,0,compact48,hist_gb
2023-09-12,0,0.536,0.17970363696000521,0.8900000000000003,0,compact48,hist_gb
2023-09-13,0,0.624,0.20937107530939883,0.8900000000000003,0,compact48,hist_gb
2023-09-14,0,0.224,0.09469189716627495,0.8900000000000003,0,compact48,hist_gb
2023-09-15,0,0.176,0.07596325796509412,0.8900000000000003,0,compact48,hist_gb
2023-09-16,0,0.248,0.09933465792834437,0.8900000000000003,0,compact48,hist_gb
2023-09-17,0,0.12,0.06707896023946414,0.8900000000000003,0,compact48,hist_gb
2023-09-18,0,0.072,0.05597886875314858,0.8900000000000003,0,compact48,hist_gb
2023-09-19,0,0.272,0.10858352839653979,0.8900000000000003,0,compact48,hist_gb
2023-09-20,0,0.696,0.23413758432178292,0.8900000000000003,0,compact48,hist_gb
2023-09-21,0,0.856,0.50417463117571,0.8900000000000003,0,compact48,hist_gb
2023-09-22,0,0.304,0.11692073204394238,0.8900000000000003,0,compact48,hist_gb
2023-09-23,0,0.76,0.2899416701894539,0.8900000000000003,0,compact48,hist_gb
2023-09-24,0,0.304,0.11690203435143626,0.8900000000000003,0,compact48,hist_gb
2023-09-25,0,0.36,0.13037885322086729,0.8900000000000003,0,compact48,hist_gb
2023-09-26,0,0.856,0.44769459379266197,0.8900000000000003,0,compact48,hist_gb
2023-09-27,0,0.248,0.10036679119803107,0.8900000000000003,0,compact48,hist_gb
2023-09-28,0,0.28,0.11042358164785805,0.8900000000000003,0,compact48,hist_gb
2023-09-29,0,0.696,0.23202624928799293,0.8900000000000003,0,compact48,hist_gb
2023-09-30,0,0.52,0.17520417623780332,0.8900000000000003,0,compact48,hist_gb
2023-10-08,0,0.41935483870967744,0.084115832816322,0.8400000000000003,1,compact48,hist_gb
2023-10-09,0,0.576036866359447,0.12861238423023952,0.8400000000000003,1,compact48,hist_gb
2023-10-10,0,0.7695852534562212,0.20437258253003615,0.8400000000000003,1,compact48,hist_gb
2023-10-11,0,0.8755760368663594,0.41640770156523554,0.8400000000000003,1,compact48,hist_gb
2023-10-12,0,0.8894009216589862,0.4491493198912754,0.8400000000000003,1,compact48,hist_gb
2023-10-13,1,0.6728110599078341,0.16343805253995197,0.8400000000000003,1,compact48,hist_gb
2023-10-14,1,0.4838709677419355,0.09797715747540164,0.8400000000000003,1,compact48,hist_gb
2023-10-15,0,0.5253456221198156,0.11185343622535533,0.8400000000000003,1,compact48,hist_gb
2023-10-16,1,0.8110599078341014,0.26215097533081483,0.8400000000000003,1,compact48,hist_gb
2023-10-17,1,0.7695852534562212,0.20426280448952086,0.8400000000000003,1,compact48,hist_gb
2023-10-18,0,0.2073732718894009,0.04946955203926924,0.8400000000000003,1,compact48,hist_gb
2023-10-19,0,0.5852534562211982,0.13568703979720062,0.8400000000000003,1,compact48,hist_gb
2023-10-20,0,0.5852534562211982,0.13394137766211187,0.8400000000000003,1,compact48,hist_gb
2023-10-21,0,0.47465437788018433,0.09645294808784609,0.8400000000000003,1,compact48,hist_gb
2023-10-22,0,0.15668202764976957,0.04165104892205329,0.8400000000000003,1,compact48,hist_gb
2023-10-23,0,0.2534562211981567,0.056863369790534114,0.8400000000000003,1,compact48,hist_gb
2023-10-24,0,0.5345622119815668,0.11607376387445983,0.8400000000000003,1,compact48,hist_gb
2023-10-25,0,0.07834101382488479,0.02921613348079013,0.8400000000000003,1,compact48,hist_gb
2023-10-26,0,0.055299539170506916,0.025027935449369237,0.8400000000000003,1,compact48,hist_gb
2023-10-27,0,0.5023041474654378,0.10199402806607034,0.8400000000000003,1,compact48,hist_gb
2023-10-28,0,0.35023041474654376,0.0736147631404882,0.8400000000000003,1,compact48,hist_gb
2023-10-29,0,0.42857142857142855,0.08551518926889998,0.8400000000000003,1,compact48,hist_gb
2023-10-30,0,0.03225806451612903,0.019790502658523276,0.8400000000000003,1,compact48,hist_gb
2023-10-31,0,0.2488479262672811,0.05494687702483788,0.8400000000000003,1,compact48,hist_gb
2023-11-01,0,0.8064516129032258,0.23951051942709672,0.8400000000000003,1,compact48,hist_gb
2023-11-02,0,0.2119815668202765,0.05115527139948095,0.8400000000000003,1,compact48,hist_gb
2023-11-03,0,0.8110599078341014,0.2583817561721891,0.8400000000000003,1,compact48,hist_gb
2023-11-04,0,0.8110599078341014,0.2575824956752126,0.8400000000000003,1,compact48,hist_gb
2023-11-05,0,0.576036866359447,0.12844398222439088,0.8400000000000003,1,compact48,hist_gb
2023-11-06,0,0.8709677419354839,0.36118221216511115,0.8400000000000003,1,compact48,hist_gb
2023-11-07,0,0.6728110599078341,0.1615250807653987,0.8400000000000003,1,compact48,hist_gb
2023-11-08,0,0.5576036866359447,0.12255037289262025,0.8400000000000003,1,compact48,hist_gb
2023-11-09,1,0.7557603686635944,0.1998240662788354,0.8400000000000003,1,compact48,hist_gb
2023-11-10,1,0.5668202764976958,0.12359193897491288,0.8400000000000003,1,compact48,hist_gb
2023-11-11,0,0.8202764976958525,0.28707379597888205,0.8400000000000003,1,compact48,hist_gb
2023-11-12,0,0.8663594470046083,0.35484295820894657,0.8400000000000003,1,compact48,hist_gb
2023-11-13,1,0.8294930875576036,0.30993184107925664,0.8400000000000003,1,compact48,hist_gb
2023-11-14,1,0.8202764976958525,0.2898425884884755,0.8400000000000003,1,compact48,hist_gb
2023-11-15,0,0.5161290322580645,0.10922654177305775,0.8400000000000003,1,compact48,hist_gb
2023-11-16,0,0.43317972350230416,0.08641551945484124,0.8400000000000003,1,compact48,hist_gb
2023-11-17,0,0.03225806451612903,0.019026604689920245,0.8400000000000003,1,compact48,hist_gb
2023-11-18,0,0.39631336405529954,0.07819047906632301,0.8400000000000003,1,compact48,hist_gb
2023-11-19,0,0.055299539170506916,0.025404018179600845,0.8400000000000003,1,compact48,hist_gb
2023-11-20,0,0.5852534562211982,0.1352588751899884,0.8400000000000003,1,compact48,hist_gb
2023-11-21,0,0.24423963133640553,0.05370438407070167,0.8400000000000003,1,compact48,hist_gb
2023-11-22,0,0.46543778801843316,0.0931848258981065,0.8400000000000003,1,compact48,hist_gb
2023-11-23,0,0.1152073732718894,0.0345518199628985,0.8400000000000003,1,compact48,hist_gb
2023-11-24,0,0.8110599078341014,0.25170543754713504,0.8400000000000003,1,compact48,hist_gb
2023-11-25,0,0.2488479262672811,0.055186170533074105,0.8400000000000003,1,compact48,hist_gb
2023-11-26,0,0.5161290322580645,0.10780746859085144,0.8400000000000003,1,compact48,hist_gb
2023-11-27,0,0.4608294930875576,0.09296645519742856,0.8400000000000003,1,compact48,hist_gb
2023-11-28,0,0.4930875576036866,0.1004746571078953,0.8400000000000003,1,compact48,hist_gb
2023-11-29,0,0.5023041474654378,0.10496489408884127,0.8400000000000003,1,compact48,hist_gb
2023-11-30,0,0.6543778801843319,0.15550215470842513,0.8400000000000003,1,compact48,hist_gb
2023-12-01,0,0.6728110599078341,0.1632195142431388,0.8400000000000003,1,compact48,hist_gb
2023-12-02,0,0.6267281105990783,0.14727541774606207,0.8400000000000003,1,compact48,hist_gb
2023-12-03,0,0.8755760368663594,0.3882448608439642,0.8400000000000003,1,compact48,hist_gb
2023-12-04,0,0.9124423963133641,0.6614236269367331,0.8400000000000003,1,compact48,hist_gb
2023-12-05,0,0.9078341013824884,0.5640658935164661,0.8400000000000003,1,compact48,hist_gb
2023-12-06,0,0.9124423963133641,0.7037377893369,0.8400000000000003,1,compact48,hist_gb
2023-12-07,1,0.8709677419354839,0.38628746636285916,0.8400000000000003,1,compact48,hist_gb
2023-12-08,0,0.9124423963133641,0.7856204548686104,0.8400000000000003,1,compact48,hist_gb
2023-12-09,0,0.8755760368663594,0.4125376443317853,0.8400000000000003,1,compact48,hist_gb
2023-12-10,1,0.663594470046083,0.15744779585706947,0.8400000000000003,1,compact48,hist_gb
2023-12-11,1,0.8940092165898618,0.4722401328107331,0.8400000000000003,1,compact48,hist_gb
2023-12-12,1,0.8755760368663594,0.4205696483766663,0.8400000000000003,1,compact48,hist_gb
2023-12-13,1,0.8709677419354839,0.36439441788665994,0.8400000000000003,1,compact48,hist_gb
2023-12-14,1,0.5253456221198156,0.11388675120865926,0.8400000000000003,1,compact48,hist_gb
2023-12-15,1,0.15207373271889402,0.04059294569986588,0.8400000000000003,1,compact48,hist_gb
2023-12-16,0,0.271889400921659,0.05883188711038419,0.8400000000000003,1,compact48,hist_gb
2023-12-17,0,0.19815668202764977,0.04806900306183142,0.8400000000000003,1,compact48,hist_gb
2023-12-18,0,0.8571428571428571,0.3467389217214936,0.8400000000000003,1,compact48,hist_gb
2023-12-19,0,0.8110599078341014,0.25794087152898515,0.8400000000000003,1,compact48,hist_gb
2023-12-20,0,0.8940092165898618,0.45914380548248296,0.8400000000000003,1,compact48,hist_gb
2023-12-21,0,0.35023041474654376,0.07364717023421573,0.8400000000000003,1,compact48,hist_gb
2023-12-22,0,0.6451612903225806,0.1505874258317297,0.8400000000000003,1,compact48,hist_gb
2023-12-23,0,0.055299539170506916,0.023972751792833268,0.8400000000000003,1,compact48,hist_gb
2023-12-24,0,0.10599078341013825,0.032608236100142456,0.8400000000000003,1,compact48,hist_gb
2023-12-25,0,0.4930875576036866,0.099991073974291,0.8400000000000003,1,compact48,hist_gb
2023-12-26,0,0.34101382488479265,0.07031553197750241,0.8400000000000003,1,compact48,hist_gb
2023-12-27,0,0.1889400921658986,0.045589490017221804,0.8400000000000003,1,compact48,hist_gb
2023-12-28,0,0.027649769585253458,0.017653163760834454,0.8400000000000003,1,compact48,hist_gb
2023-12-29,0,0.1152073732718894,0.033917306275832754,0.8400000000000003,1,compact48,hist_gb
2023-12-30,0,0.2764976958525346,0.06127046017752254,0.8400000000000003,1,compact48,hist_gb
2023-12-31,0,0.7419354838709677,0.19442400273727378,0.8400000000000003,1,compact48,hist_gb
2024-01-08,0,0.8349514563106796,0.3742770229522122,0.5900000000000001,2,compact48,hist_gb
2024-01-09,0,0.889967637540453,0.7976254842845516,0.5900000000000001,2,compact48,hist_gb
2024-01-10,0,0.883495145631068,0.597595787014973,0.5900000000000001,2,compact48,hist_gb
2024-01-11,1,0.7411003236245954,0.23954976491162083,0.5900000000000001,2,compact48,hist_gb
2024-01-12,1,0.889967637540453,0.7050755805308734,0.5900000000000001,2,compact48,hist_gb
2024-01-13,1,0.889967637540453,0.6703024405080729,0.5900000000000001,2,compact48,hist_gb
2024-01-14,1,0.6957928802588996,0.197007401171837,0.5900000000000001,2,compact48,hist_gb
2024-01-15,1,0.883495145631068,0.6350520134564908,0.5900000000000001,2,compact48,hist_gb
2024-01-16,0,0.8770226537216829,0.5664561984969387,0.5900000000000001,2,compact48,hist_gb
2024-01-17,1,0.9255663430420712,0.862789374587349,0.5900000000000001,2,compact48,hist_gb
2024-01-18,1,0.889967637540453,0.7087911662273122,0.5900000000000001,2,compact48,hist_gb
2024-01-19,1,0.8349514563106796,0.370863986784036,0.5900000000000001,2,compact48,hist_gb
2024-01-20,0,0.6731391585760518,0.18628785267844386,0.5900000000000001,2,compact48,hist_gb
2024-01-21,0,0.02912621359223301,0.013898297151682839,0.5900000000000001,2,compact48,hist_gb
2024-01-22,0,0.061488673139158574,0.02071525029707748,0.5900000000000001,2,compact48,hist_gb
2024-01-23,0,0.1715210355987055,0.034226581099357806,0.5900000000000001,2,compact48,hist_gb
2024-01-24,0,0.07119741100323625,0.022569976214294223,0.5900000000000001,2,compact48,hist_gb
2024-01-25,0,0.6893203883495146,0.19339802444052143,0.5900000000000001,2,compact48,hist_gb
2024-01-26,0,0.04854368932038835,0.017754374099482682,0.5900000000000001,2,compact48,hist_gb
2024-01-27,0,0.3042071197411003,0.05467416984063921,0.5900000000000001,2,compact48,hist_gb
2024-01-28,0,0.33980582524271846,0.0643230671814537,0.5900000000000001,2,compact48,hist_gb
2024-01-29,0,0.3883495145631068,0.07466646055770614,0.5900000000000001,2,compact48,hist_gb
2024-01-30,1,0.32362459546925565,0.05941206756549061,0.5900000000000001,2,compact48,hist_gb
2024-01-31,0,0.6245954692556634,0.15196785224768855,0.5900000000000001,2,compact48,hist_gb
2024-02-01,0,0.49514563106796117,0.10601427054235257,0.5900000000000001,2,compact48,hist_gb
2024-02-02,0,0.13592233009708737,0.030410884256764355,0.5900000000000001,2,compact48,hist_gb
2024-02-03,0,0.32362459546925565,0.05965664057860039,0.5900000000000001,2,compact48,hist_gb
2024-02-04,0,0.889967637540453,0.7164777420245919,0.5900000000000001,2,compact48,hist_gb
2024-02-05,0,0.889967637540453,0.6880161422674443,0.5900000000000001,2,compact48,hist_gb
2024-02-06,0,0.889967637540453,0.7524289398664112,0.5900000000000001,2,compact48,hist_gb
2024-02-07,0,0.6731391585760518,0.1854472464163428,0.5900000000000001,2,compact48,hist_gb
2024-02-08,0,0.889967637540453,0.7003190156517167,0.5900000000000001,2,compact48,hist_gb
2024-02-09,0,0.8996763754045307,0.8282343084578736,0.5900000000000001,2,compact48,hist_gb
2024-02-10,0,0.8705501618122977,0.5004424852996974,0.5900000000000001,2,compact48,hist_gb
2024-02-11,0,0.6957928802588996,0.20232128254002044,0.5900000000000001,2,compact48,hist_gb
2024-02-12,0,0.540453074433657,0.12362420711402826,0.5900000000000001,2,compact48,hist_gb
2024-02-13,0,0.5857605177993528,0.13866152652364916,0.5900000000000001,2,compact48,hist_gb
2024-02-14,0,0.44983818770226536,0.0924244766683869,0.5900000000000001,2,compact48,hist_gb
2024-02-15,0,0.32038834951456313,0.058363094359680845,0.5900000000000001,2,compact48,hist_gb
2024-02-16,0,0.42071197411003236,0.0821778812645679,0.5900000000000001,2,compact48,hist_gb
2024-02-17,0,0.44983818770226536,0.09282160430632395,0.5900000000000001,2,compact48,hist_gb
2024-02-18,0,0.12297734627831715,0.029726136516469562,0.5900000000000001,2,compact48,hist_gb
2024-02-19,0,0.09061488673139159,0.025663971754272444,0.5900000000000001,2,compact48,hist_gb
2024-02-20,0,0.7216828478964401,0.21548105061590112,0.5900000000000001,2,compact48,hist_gb
2024-02-21,0,0.032362459546925564,0.015118772397209294,0.5900000000000001,2,compact48,hist_gb
2024-02-22,0,0.255663430420712,0.04764986135959932,0.5900000000000001,2,compact48,hist_gb
2024-02-23,0,0.42394822006472493,0.0837007367664457,0.5900000000000001,2,compact48,hist_gb
2024-02-24,0,0.2459546925566343,0.04663183306868535,0.5900000000000001,2,compact48,hist_gb
2024-02-25,0,0.032362459546925564,0.014882570496796324,0.5900000000000001,2,compact48,hist_gb
2024-02-26,0,0.032362459546925564,0.014917204991051066,0.5900000000000001,2,compact48,hist_gb
2024-02-27,0,0.284789644012945,0.05196720764544267,0.5900000000000001,2,compact48,hist_gb
2024-02-28,0,0.23300970873786409,0.04416713848926778,0.5900000000000001,2,compact48,hist_gb
2024-02-29,0,0.5016181229773463,0.1098345282925852,0.5900000000000001,2,compact48,hist_gb
2024-03-01,0,0.6051779935275081,0.14557970944835735,0.5900000000000001,2,compact48,hist_gb
2024-03-02,0,0.8058252427184466,0.2947005567850572,0.5900000000000001,2,compact48,hist_gb
2024-03-03,0,0.8770226537216829,0.5192724834216507,0.5900000000000001,2,compact48,hist_gb
2024-03-04,0,0.8220064724919094,0.32585555213089873,0.5900000000000001,2,compact48,hist_gb
2024-03-05,0,0.883495145631068,0.6021366645914279,0.5900000000000001,2,compact48,hist_gb
2024-03-06,0,0.6601941747572816,0.17418867302733013,0.5900000000000001,2,compact48,hist_gb
2024-03-07,0,0.8737864077669902,0.5157144544956919,0.5900000000000001,2,compact48,hist_gb
2024-03-08,0,0.8446601941747572,0.4225864407400381,0.5900000000000001,2,compact48,hist_gb
2024-03-09,1,0.6051779935275081,0.14647018906025674,0.5900000000000001,2,compact48,hist_gb
2024-03-10,1,0.8867313915857605,0.6521714756292697,0.5900000000000001,2,compact48,hist_gb
2024-03-11,1,0.9449838187702265,0.8906194611446087,0.5900000000000001,2,compact48,hist_gb
2024-03-12,1,0.889967637540453,0.7911428885224904,0.5900000000000001,2,compact48,hist_gb
2024-03-13,1,0.889967637540453,0.6721733980114007,0.5900000000000001,2,compact48,hist_gb
2024-03-14,1,0.889967637540453,0.7246779800336017,0.5900000000000001,2,compact48,hist_gb
2024-03-15,1,0.8058252427184466,0.2972583442810827,0.5900000000000001,2,compact48,hist_gb
2024-03-16,1,0.8770226537216829,0.5428220928568869,0.5900000000000001,2,compact48,hist_gb
2024-03-17,0,0.26537216828478966,0.0481939439790456,0.5900000000000001,2,compact48,hist_gb
2024-03-18,0,0.4368932038834951,0.08729110962615637,0.5900000000000001,2,compact48,hist_gb
2024-03-19,0,0.2686084142394822,0.04929635454453841,0.5900000000000001,2,compact48,hist_gb
2024-03-20,0,0.3883495145631068,0.07401066407429423,0.5900000000000001,2,compact48,hist_gb
2024-03-21,0,0.32038834951456313,0.057701132166060654,0.5900000000000001,2,compact48,hist_gb
2024-03-22,0,0.2588996763754045,0.04794489399249946,0.5900000000000001,2,compact48,hist_gb
2024-03-23,0,0.22653721682847897,0.04299158167343475,0.5900000000000001,2,compact48,hist_gb
2024-03-24,0,0.3333333333333333,0.0604970192932188,0.5900000000000001,2,compact48,hist_gb
2024-03-25,0,0.4401294498381877,0.09023755851764254,0.5900000000000001,2,compact48,hist_gb
2024-03-26,0,0.06796116504854369,0.021282535481099454,0.5900000000000001,2,compact48,hist_gb
2024-03-27,0,0.13592233009708737,0.030318134731097773,0.5900000000000001,2,compact48,hist_gb
2024-03-28,0,0.44983818770226536,0.09224229432924173,0.5900000000000001,2,compact48,hist_gb
2024-03-29,0,0.061488673139158574,0.0207976097445295,0.5900000000000001,2,compact48,hist_gb
2024-03-30,0,0.255663430420712,0.047664560314907484,0.5900000000000001,2,compact48,hist_gb
2024-03-31,0,0.06472491909385113,0.020892076770234313,0.5900000000000001,2,compact48,hist_gb
2024-04-08,0,0.945,0.9156723681654342,0.8100000000000003,3,compact48,hist_gb
2024-04-09,0,0.9275,0.8901240761204959,0.8100000000000003,3,compact48,hist_gb
2024-04-10,1,0.86,0.5729426910232546,0.8100000000000003,3,compact48,hist_gb
2024-04-11,1,0.9375,0.8965310303631288,0.8100000000000003,3,compact48,hist_gb
2024-04-12,0,0.8725,0.7601340841879679,0.8100000000000003,3,compact48,hist_gb
2024-04-13,1,0.865,0.6604802603856286,0.8100000000000003,3,compact48,hist_gb
2024-04-14,1,0.8725,0.7473138430085755,0.8100000000000003,3,compact48,hist_gb
2024-04-15,1,0.64,0.16389971801305642,0.8100000000000003,3,compact48,hist_gb
2024-04-16,1,0.375,0.058328616590414245,0.8100000000000003,3,compact48,hist_gb
2024-04-17,1,0.57,0.12297395785011202,0.8100000000000003,3,compact48,hist_gb
2024-04-18,1,0.84,0.4632824835993664,0.8100000000000003,3,compact48,hist_gb
2024-04-19,1,0.59,0.12907924949312313,0.8100000000000003,3,compact48,hist_gb
2024-04-20,1,0.4025,0.0677076054776503,0.8100000000000003,3,compact48,hist_gb
2024-04-21,0,0.21,0.03225190384923784,0.8100000000000003,3,compact48,hist_gb
2024-04-22,0,0.1875,0.029789803450944983,0.8100000000000003,3,compact48,hist_gb
2024-04-23,0,0.4925,0.0945708845989051,0.8100000000000003,3,compact48,hist_gb
2024-04-24,0,0.025,0.012181863131991578,0.8100000000000003,3,compact48,hist_gb
2024-04-25,0,0.105,0.02101409486105164,0.8100000000000003,3,compact48,hist_gb
2024-04-26,0,0.2375,0.03599302710519007,0.8100000000000003,3,compact48,hist_gb
2024-04-27,0,0.04,0.013847642713188132,0.8100000000000003,3,compact48,hist_gb
2024-04-28,0,0.3825,0.0610256200226697,0.8100000000000003,3,compact48,hist_gb
2024-04-29,0,0.01,0.009998125830503036,0.8100000000000003,3,compact48,hist_gb
2024-04-30,0,0.305,0.04579373773139451,0.8100000000000003,3,compact48,hist_gb
2024-05-01,0,0.2475,0.03755543621364506,0.8100000000000003,3,compact48,hist_gb
2024-05-02,0,0.0375,0.013671301631942634,0.8100000000000003,3,compact48,hist_gb
2024-05-03,0,0.205,0.03159612406419362,0.8100000000000003,3,compact48,hist_gb
2024-05-04,0,0.425,0.07265745029366577,0.8100000000000003,3,compact48,hist_gb
2024-05-05,0,0.8275,0.41733056428307025,0.8100000000000003,3,compact48,hist_gb
2024-05-06,0,0.415,0.07076615706888022,0.8100000000000003,3,compact48,hist_gb
2024-05-07,0,0.615,0.14524860875065196,0.8100000000000003,3,compact48,hist_gb
2024-05-08,0,0.6025,0.13521664722954221,0.8100000000000003,3,compact48,hist_gb
2024-05-09,0,0.4075,0.06834374208992937,0.8100000000000003,3,compact48,hist_gb
2024-05-10,0,0.5475,0.11207186215345723,0.8100000000000003,3,compact48,hist_gb
2024-05-11,0,0.735,0.23891487456354618,0.8100000000000003,3,compact48,hist_gb
2024-05-12,0,0.855,0.5182361015540037,0.8100000000000003,3,compact48,hist_gb
2024-05-13,0,0.25,0.03902065507847314,0.8100000000000003,3,compact48,hist_gb
2024-05-14,0,0.1975,0.031300503950238284,0.8100000000000003,3,compact48,hist_gb
2024-05-15,0,0.3075,0.04647681377105956,0.8100000000000003,3,compact48,hist_gb
2024-05-16,0,0.7425,0.24839083550034505,0.8100000000000003,3,compact48,hist_gb
2024-05-17,1,0.6225,0.1534387882452918,0.8100000000000003,3,compact48,hist_gb
2024-05-18,0,0.825,0.4042769929241576,0.8100000000000003,3,compact48,hist_gb
2024-05-19,0,0.385,0.062073830864217784,0.8100000000000003,3,compact48,hist_gb
2024-05-20,0,0.5125,0.09888331635232839,0.8100000000000003,3,compact48,hist_gb
2024-05-21,0,0.6425,0.16514526967277554,0.8100000000000003,3,compact48,hist_gb
2024-05-22,0,0.6075,0.1406662134756337,0.8100000000000003,3,compact48,hist_gb
2024-05-23,0,0.865,0.6103497741218362,0.8100000000000003,3,compact48,hist_gb
2024-05-24,0,0.465,0.08456250810609552,0.8100000000000003,3,compact48,hist_gb
2024-05-25,0,0.4325,0.07361491546636291,0.8100000000000003,3,compact48,hist_gb
2024-05-26,0,0.2375,0.03659494831279087,0.8100000000000003,3,compact48,hist_gb
2024-05-27,0,0.345,0.052574228596314256,0.8100000000000003,3,compact48,hist_gb
2024-05-28,0,0.26,0.04001797020095165,0.8100000000000003,3,compact48,hist_gb
2024-05-29,0,0.485,0.0876214483825704,0.8100000000000003,3,compact48,hist_gb
2024-05-30,0,0.4325,0.07603835145595336,0.8100000000000003,3,compact48,hist_gb
2024-05-31,0,0.7025,0.21286180467572452,0.8100000000000003,3,compact48,hist_gb
2024-06-01,0,0.79,0.3063695506903329,0.8100000000000003,3,compact48,hist_gb
2024-06-02,0,0.875,0.8083148686147001,0.8100000000000003,3,compact48,hist_gb
2024-06-03,0,0.9075,0.855145842105243,0.8100000000000003,3,compact48,hist_gb
2024-06-04,0,0.8575,0.5500271312094092,0.8100000000000003,3,compact48,hist_gb
2024-06-05,0,0.8125,0.3456648824186428,0.8100000000000003,3,compact48,hist_gb
2024-06-06,0,0.785,0.29991247016920825,0.8100000000000003,3,compact48,hist_gb
2024-06-07,0,0.83,0.42307643836375497,0.8100000000000003,3,compact48,hist_gb
2024-06-08,0,0.805,0.33243243094797204,0.8100000000000003,3,compact48,hist_gb
2024-06-09,0,0.4125,0.06935891652214414,0.8100000000000003,3,compact48,hist_gb
2024-06-10,0,0.1225,0.02208769355756964,0.8100000000000003,3,compact48,hist_gb
2024-06-11,0,0.4225,0.07181935390308868,0.8100000000000003,3,compact48,hist_gb
2024-06-12,0,0.1375,0.022906968213528032,0.8100000000000003,3,compact48,hist_gb
2024-06-13,0,0.3875,0.062148140110295125,0.8100000000000003,3,compact48,hist_gb
2024-06-14,1,0.2425,0.037300893052710636,0.8100000000000003,3,compact48,hist_gb
2024-06-15,1,0.575,0.12393958441087526,0.8100000000000003,3,compact48,hist_gb
2024-06-16,1,0.87,0.6976664156744767,0.8100000000000003,3,compact48,hist_gb
2024-06-17,1,0.815,0.377514619087194,0.8100000000000003,3,compact48,hist_gb
2024-06-18,1,0.85,0.5004323284146437,0.8100000000000003,3,compact48,hist_gb
2024-06-19,1,0.84,0.4542499139165402,0.8100000000000003,3,compact48,hist_gb
2024-06-20,1,0.6675,0.1745954649132838,0.8100000000000003,3,compact48,hist_gb
2024-06-21,1,0.815,0.3791145252657497,0.8100000000000003,3,compact48,hist_gb
2024-06-22,0,0.8125,0.36477393636913513,0.8100000000000003,3,compact48,hist_gb
2024-06-23,0,0.07,0.017546821210140378,0.8100000000000003,3,compact48,hist_gb
2024-06-24,0,0.26,0.04001660051459723,0.8100000000000003,3,compact48,hist_gb
2024-06-25,0,0.2375,0.03676517177318011,0.8100000000000003,3,compact48,hist_gb
2024-06-26,0,0.17,0.026297915790655962,0.8100000000000003,3,compact48,hist_gb
2024-06-27,0,0.15,0.024857766461213942,0.8100000000000003,3,compact48,hist_gb
2024-06-28,0,0.4925,0.09481092642136578,0.8100000000000003,3,compact48,hist_gb
2024-06-29,0,0.605,0.13775684586717996,0.8100000000000003,3,compact48,hist_gb
2024-06-30,0,0.02,0.011342170579904358,0.8100000000000003,3,compact48,hist_gb
2024-07-08,0,0.7352342158859471,0.28049507613504304,0.7200000000000002,4,compact48,hist_gb
2024-07-09,0,0.8289205702647657,0.5623771045662498,0.7200000000000002,4,compact48,hist_gb
2024-07-10,0,0.7352342158859471,0.27293688487194223,0.7200000000000002,4,compact48,hist_gb
2024-07-11,0,0.7983706720977597,0.40959727024153836,0.7200000000000002,4,compact48,hist_gb
2024-07-12,0,0.7963340122199593,0.3910333991457684,0.7200000000000002,4,compact48,hist_gb
2024-07-13,0,0.5723014256619144,0.13531502172633425,0.7200000000000002,4,compact48,hist_gb
2024-07-14,1,0.7963340122199593,0.3951555995648529,0.7200000000000002,4,compact48,hist_gb
2024-07-15,1,0.8167006109979633,0.4640560249938651,0.7200000000000002,4,compact48,hist_gb
2024-07-16,0,0.7087576374745418,0.24607254058201242,0.7200000000000002,4,compact48,hist_gb
2024-07-17,1,0.29327902240325865,0.05147695238169488,0.7200000000000002,4,compact48,hist_gb
2024-07-18,1,0.42769857433808556,0.08500912519583655,0.7200000000000002,4,compact48,hist_gb
2024-07-19,0,0.5315682281059063,0.11603091178896853,0.7200000000000002,4,compact48,hist_gb
2024-07-20,0,0.6843177189409368,0.2248030671082972,0.7200000000000002,4,compact48,hist_gb
2024-07-21,0,0.1670061099796334,0.0314596829986008,0.7200000000000002,4,compact48,hist_gb
2024-07-22,0,0.109979633401222,0.021292544640744676,0.7200000000000002,4,compact48,hist_gb
2024-07-23,0,0.4093686354378819,0.07958424203207502,0.7200000000000002,4,compact48,hist_gb
2024-07-24,0,0.03054989816700611,0.011681161837184267,0.7200000000000002,4,compact48,hist_gb
2024-07-25,0,0.020366598778004074,0.010575022117784228,0.7200000000000002,4,compact48,hist_gb
2024-07-26,0,0.09775967413441955,0.019008689134377393,0.7200000000000002,4,compact48,hist_gb
2024-07-27,0,0.16089613034623218,0.0295912363609194,0.7200000000000002,4,compact48,hist_gb
2024-07-28,0,0.004073319755600814,0.008941104871168962,0.7200000000000002,4,compact48,hist_gb
2024-07-29,0,0.3665987780040733,0.06832948743186495,0.7200000000000002,4,compact48,hist_gb
2024-07-30,0,0.1975560081466395,0.03510309984746707,0.7200000000000002,4,compact48,hist_gb
2024-07-31,0,0.26883910386965376,0.046367130332415026,0.7200000000000002,4,compact48,hist_gb
2024-08-01,0,0.5254582484725051,0.11345520226910744,0.7200000000000002,4,compact48,hist_gb
2024-08-02,0,0.4725050916496945,0.09756956385088916,0.7200000000000002,4,compact48,hist_gb
2024-08-03,0,0.23828920570264767,0.041114917640250784,0.7200000000000002,4,compact48,hist_gb
2024-08-04,0,0.7352342158859471,0.2790431062300984,0.7200000000000002,4,compact48,hist_gb
2024-08-05,0,0.7311608961303462,0.2648905403644758,0.7200000000000002,4,compact48,hist_gb
2024-08-06,0,0.42769857433808556,0.08535682181564587,0.7200000000000002,4,compact48,hist_gb
2024-08-07,0,0.604887983706721,0.1554822158702388,0.7200000000000002,4,compact48,hist_gb
2024-08-08,0,0.5498981670061099,0.12675081983189104,0.7200000000000002,4,compact48,hist_gb
2024-08-09,0,0.659877800407332,0.19206086656340232,0.7200000000000002,4,compact48,hist_gb
2024-08-10,0,0.7718940936863544,0.32873009451209784,0.7200000000000002,4,compact48,hist_gb
2024-08-11,0,0.7433808553971487,0.2932955458144629,0.7200000000000002,4,compact48,hist_gb
2024-08-12,0,0.8085539714867617,0.4384016011643049,0.7200000000000002,4,compact48,hist_gb
2024-08-13,0,0.7820773930753564,0.3471881626184229,0.7200000000000002,4,compact48,hist_gb
2024-08-14,1,0.5763747454175153,0.1391848316204917,0.7200000000000002,4,compact48,hist_gb
2024-08-15,0,0.6985743380855397,0.23262867562403283,0.7200000000000002,4,compact48,hist_gb
2024-08-16,0,0.29327902240325865,0.05145213319670742,0.7200000000000002,4,compact48,hist_gb
2024-08-17,0,0.5315682281059063,0.11553749244163591,0.7200000000000002,4,compact48,hist_gb
2024-08-18,0,0.790224032586558,0.3620918884686153,0.7200000000000002,4,compact48,hist_gb
2024-08-19,0,0.8492871690427699,0.7359691783339253,0.7200000000000002,4,compact48,hist_gb
2023-07-08,0,0.784,0.30252355337142944,0.8900000000000003,0,compact48,xgb
2023-07-09,0,0.768,0.26728367805480957,0.8900000000000003,0,compact48,xgb
2023-07-10,0,0.152,0.07244327664375305,0.8900000000000003,0,compact48,xgb
2023-07-11,0,0.632,0.18268953263759613,0.8900000000000003,0,compact48,xgb
2023-07-12,0,0.76,0.25948843359947205,0.8900000000000003,0,compact48,xgb
2023-07-13,1,0.76,0.2519351541996002,0.8900000000000003,0,compact48,xgb
2023-07-14,1,0.856,0.4471406042575836,0.8900000000000003,0,compact48,xgb
2023-07-15,0,0.504,0.14827215671539307,0.8900000000000003,0,compact48,xgb
2023-07-16,0,0.632,0.18608491122722626,0.8900000000000003,0,compact48,xgb
2023-07-17,0,0.616,0.17702119052410126,0.8900000000000003,0,compact48,xgb
2023-07-18,0,0.664,0.20341570675373077,0.8900000000000003,0,compact48,xgb
2023-07-19,0,0.72,0.21799983084201813,0.8900000000000003,0,compact48,xgb
2023-07-20,0,0.84,0.39885619282722473,0.8900000000000003,0,compact48,xgb
2023-07-21,0,0.352,0.11569046229124069,0.8900000000000003,0,compact48,xgb
2023-07-22,0,0.056,0.059097010642290115,0.8900000000000003,0,compact48,xgb
2023-07-23,0,0.416,0.1286517083644867,0.8900000000000003,0,compact48,xgb
2023-07-24,0,0.144,0.07096676528453827,0.8900000000000003,0,compact48,xgb
2023-07-25,0,0.152,0.07376805692911148,0.8900000000000003,0,compact48,xgb
2023-07-26,0,0.368,0.1198241114616394,0.8900000000000003,0,compact48,xgb
2023-07-27,0,0.064,0.06286751478910446,0.8900000000000003,0,compact48,xgb
2023-07-28,0,0.68,0.2095683515071869,0.8900000000000003,0,compact48,xgb
2023-07-29,0,0.288,0.09827212989330292,0.8900000000000003,0,compact48,xgb
2023-07-30,0,0.04,0.05604294314980507,0.8900000000000003,0,compact48,xgb
2023-07-31,0,0.584,0.16412614285945892,0.8900000000000003,0,compact48,xgb
2023-08-01,0,0.76,0.26062265038490295,0.8900000000000003,0,compact48,xgb
2023-08-02,0,0.728,0.22741524875164032,0.8900000000000003,0,compact48,xgb
2023-08-03,0,0.76,0.23995958268642426,0.8900000000000003,0,compact48,xgb
2023-08-04,0,0.728,0.22734887897968292,0.8900000000000003,0,compact48,xgb
2023-08-05,0,0.808,0.32513269782066345,0.8900000000000003,0,compact48,xgb
2023-08-06,0,0.896,0.5808444023132324,0.8900000000000003,0,compact48,xgb
2023-08-07,0,0.808,0.3217979669570923,0.8900000000000003,0,compact48,xgb
2023-08-08,0,0.744,0.23452866077423096,0.8900000000000003,0,compact48,xgb
2023-08-09,0,0.472,0.14401662349700928,0.8900000000000003,0,compact48,xgb
2023-08-10,0,0.896,0.5671738386154175,0.8900000000000003,0,compact48,xgb
2023-08-11,0,0.816,0.34650111198425293,0.8900000000000003,0,compact48,xgb
2023-08-12,0,0.904,0.6714254021644592,0.8900000000000003,0,compact48,xgb
2023-08-13,0,0.184,0.08381664752960205,0.8900000000000003,0,compact48,xgb
2023-08-14,0,0.184,0.08314543962478638,0.8900000000000003,0,compact48,xgb
2023-08-15,0,0.408,0.12745444476604462,0.8900000000000003,0,compact48,xgb
2023-08-16,0,0.768,0.262911856174469,0.8900000000000003,0,compact48,xgb
2023-08-17,0,0.704,0.21310922503471375,0.8900000000000003,0,compact48,xgb
2023-08-18,1,0.704,0.21321426331996918,0.8900000000000003,0,compact48,xgb
2023-08-19,0,0.112,0.06708893179893494,0.8900000000000003,0,compact48,xgb
2023-08-20,0,0.848,0.4378810524940491,0.8900000000000003,0,compact48,xgb
2023-08-21,0,0.76,0.2544907033443451,0.8900000000000003,0,compact48,xgb
2023-08-22,0,0.856,0.4508240818977356,0.8900000000000003,0,compact48,xgb
2023-08-23,0,0.76,0.25489532947540283,0.8900000000000003,0,compact48,xgb
2023-08-24,0,0.888,0.5273241400718689,0.8900000000000003,0,compact48,xgb
2023-08-25,0,0.168,0.07861151546239853,0.8900000000000003,0,compact48,xgb
2023-08-26,0,0.616,0.17777372896671295,0.8900000000000003,0,compact48,xgb
2023-08-27,0,0.472,0.14047415554523468,0.8900000000000003,0,compact48,xgb
2023-08-28,0,0.568,0.1576474905014038,0.8900000000000003,0,compact48,xgb
2023-08-29,0,0.288,0.09811574965715408,0.8900000000000003,0,compact48,xgb
2023-08-30,0,0.752,0.23776456713676453,0.8900000000000003,0,compact48,xgb
2023-08-31,0,0.064,0.06157907471060753,0.8900000000000003,0,compact48,xgb
2023-09-01,0,0.76,0.25332120060920715,0.8900000000000003,0,compact48,xgb
2023-09-02,0,0.76,0.24458763003349304,0.8900000000000003,0,compact48,xgb
2023-09-03,0,0.928,0.8183422684669495,0.8900000000000003,0,compact48,xgb
2023-09-04,0,0.72,0.22021357715129852,0.8900000000000003,0,compact48,xgb
2023-09-05,1,0.84,0.418982595205307,0.8900000000000003,0,compact48,xgb
2023-09-06,1,0.408,0.12794767320156097,0.8900000000000003,0,compact48,xgb
2023-09-07,1,0.904,0.6494100093841553,0.8900000000000003,0,compact48,xgb
2023-09-08,1,0.84,0.3885112702846527,0.8900000000000003,0,compact48,xgb
2023-09-09,0,0.792,0.308004230260849,0.8900000000000003,0,compact48,xgb
2023-09-10,0,0.168,0.07807666808366776,0.8900000000000003,0,compact48,xgb
2023-09-11,0,0.336,0.11170683801174164,0.8900000000000003,0,compact48,xgb
2023-09-12,0,0.64,0.1870151311159134,0.8900000000000003,0,compact48,xgb
2023-09-13,0,0.328,0.10768132656812668,0.8900000000000003,0,compact48,xgb
2023-09-14,0,0.2,0.08499740064144135,0.8900000000000003,0,compact48,xgb
2023-09-15,0,0.064,0.0630682036280632,0.8900000000000003,0,compact48,xgb
2023-09-16,0,0.152,0.07393079996109009,0.8900000000000003,0,compact48,xgb
2023-09-17,0,0.632,0.18096740543842316,0.8900000000000003,0,compact48,xgb
2023-09-18,0,0.04,0.055245473980903625,0.8900000000000003,0,compact48,xgb
2023-09-19,0,0.416,0.1302347332239151,0.8900000000000003,0,compact48,xgb
2023-09-20,0,0.856,0.4450984597206116,0.8900000000000003,0,compact48,xgb
2023-09-21,0,0.896,0.5494908094406128,0.8900000000000003,0,compact48,xgb
2023-09-22,0,0.432,0.13268156349658966,0.8900000000000003,0,compact48,xgb
2023-09-23,0,0.784,0.27035167813301086,0.8900000000000003,0,compact48,xgb
2023-09-24,0,0.0,0.032461296766996384,0.8900000000000003,0,compact48,xgb
2023-09-25,0,0.312,0.10382203012704849,0.8900000000000003,0,compact48,xgb
2023-09-26,0,0.816,0.34420013427734375,0.8900000000000003,0,compact48,xgb
2023-09-27,0,0.296,0.09897685796022415,0.8900000000000003,0,compact48,xgb
2023-09-28,0,0.352,0.1161751002073288,0.8900000000000003,0,compact48,xgb
2023-09-29,0,0.76,0.24487990140914917,0.8900000000000003,0,compact48,xgb
2023-09-30,0,0.28,0.09452775120735168,0.8900000000000003,0,compact48,xgb
2023-10-08,0,0.5898617511520737,0.15308451652526855,0.8800000000000003,1,compact48,xgb
2023-10-09,0,0.7972350230414746,0.31799453496932983,0.8800000000000003,1,compact48,xgb
2023-10-10,0,0.7142857142857143,0.2127920240163803,0.8800000000000003,1,compact48,xgb
2023-10-11,0,0.847926267281106,0.4180499017238617,0.8800000000000003,1,compact48,xgb
2023-10-12,0,0.8341013824884793,0.36904406547546387,0.8800000000000003,1,compact48,xgb
2023-10-13,1,0.728110599078341,0.2214529812335968,0.8800000000000003,1,compact48,xgb
2023-10-14,1,0.48847926267281105,0.11633770912885666,0.8800000000000003,1,compact48,xgb
2023-10-15,0,0.6175115207373272,0.16596978902816772,0.8800000000000003,1,compact48,xgb
2023-10-16,1,0.8202764976958525,0.3478870689868927,0.8800000000000003,1,compact48,xgb
2023-10-17,1,0.7695852534562212,0.25838300585746765,0.8800000000000003,1,compact48,xgb
2023-10-18,0,0.4608294930875576,0.10485229641199112,0.8800000000000003,1,compact48,xgb
2023-10-19,0,0.7327188940092166,0.22231602668762207,0.8800000000000003,1,compact48,xgb
2023-10-20,0,0.6682027649769585,0.18378010392189026,0.8800000000000003,1,compact48,xgb
2023-10-21,0,0.783410138248848,0.3027527630329132,0.8800000000000003,1,compact48,xgb
2023-10-22,0,0.013824884792626729,0.015864824876189232,0.8800000000000003,1,compact48,xgb
2023-10-23,0,0.1382488479262673,0.033005550503730774,0.8800000000000003,1,compact48,xgb
2023-10-24,0,0.20276497695852536,0.04684882238507271,0.8800000000000003,1,compact48,xgb
2023-10-25,0,0.1382488479262673,0.031462445855140686,0.8800000000000003,1,compact48,xgb
2023-10-26,0,0.03225806451612903,0.017854882404208183,0.8800000000000003,1,compact48,xgb
2023-10-27,0,0.5299539170506913,0.12477486580610275,0.8800000000000003,1,compact48,xgb
2023-10-28,0,0.45161290322580644,0.10016091167926788,0.8800000000000003,1,compact48,xgb
2023-10-29,0,0.5714285714285714,0.14766554534435272,0.8800000000000003,1,compact48,xgb
2023-10-30,0,0.059907834101382486,0.02149130403995514,0.8800000000000003,1,compact48,xgb
2023-10-31,0,0.5483870967741935,0.13184687495231628,0.8800000000000003,1,compact48,xgb
2023-11-01,0,0.8018433179723502,0.328762412071228,0.8800000000000003,1,compact48,xgb
2023-11-02,0,0.5529953917050692,0.13570363819599152,0.8800000000000003,1,compact48,xgb
2023-11-03,0,0.7142857142857143,0.21532608568668365,0.8800000000000003,1,compact48,xgb
2023-11-04,0,0.7557603686635944,0.24360832571983337,0.8800000000000003,1,compact48,xgb
2023-11-05,0,0.7880184331797235,0.30594801902770996,0.8800000000000003,1,compact48,xgb
2023-11-06,0,0.8986175115207373,0.561894953250885,0.8800000000000003,1,compact48,xgb
2023-11-07,0,0.7788018433179723,0.2956055998802185,0.8800000000000003,1,compact48,xgb
2023-11-08,0,0.7741935483870968,0.2851547300815582,0.8800000000000003,1,compact48,xgb
2023-11-09,1,0.8663594470046083,0.45531466603279114,0.8800000000000003,1,compact48,xgb
2023-11-10,1,0.8341013824884793,0.39192306995391846,0.8800000000000003,1,compact48,xgb
2023-11-11,0,0.8940092165898618,0.520171582698822,0.8800000000000003,1,compact48,xgb
2023-11-12,0,0.7695852534562212,0.26986488699913025,0.8800000000000003,1,compact48,xgb
2023-11-13,1,0.8940092165898618,0.5498278737068176,0.8800000000000003,1,compact48,xgb
2023-11-14,1,0.8341013824884793,0.37621936202049255,0.8800000000000003,1,compact48,xgb
2023-11-15,0,0.5529953917050692,0.13589243590831757,0.8800000000000003,1,compact48,xgb
2023-11-16,0,0.4055299539170507,0.08501189947128296,0.8800000000000003,1,compact48,xgb
2023-11-17,0,0.013824884792626729,0.015877733007073402,0.8800000000000003,1,compact48,xgb
2023-11-18,0,0.17511520737327188,0.04266196861863136,0.8800000000000003,1,compact48,xgb
2023-11-19,0,0.1152073732718894,0.028963621705770493,0.8800000000000003,1,compact48,xgb
2023-11-20,0,0.2626728110599078,0.05843207612633705,0.8800000000000003,1,compact48,xgb
2023-11-21,0,0.08294930875576037,0.023367417976260185,0.8800000000000003,1,compact48,xgb
2023-11-22,0,0.17511520737327188,0.0435238741338253,0.8800000000000003,1,compact48,xgb
2023-11-23,0,0.11059907834101383,0.02757185697555542,0.8800000000000003,1,compact48,xgb
2023-11-24,0,0.6820276497695853,0.1975610852241516,0.8800000000000003,1,compact48,xgb
2023-11-25,0,0.1935483870967742,0.04639951139688492,0.8800000000000003,1,compact48,xgb
2023-11-26,0,0.5207373271889401,0.12335693091154099,0.8800000000000003,1,compact48,xgb
2023-11-27,0,0.41935483870967744,0.0928044393658638,0.8800000000000003,1,compact48,xgb
2023-11-28,0,0.2626728110599078,0.05877818912267685,0.8800000000000003,1,compact48,xgb
2023-11-29,0,0.543778801843318,0.12993593513965607,0.8800000000000003,1,compact48,xgb
2023-11-30,0,0.7373271889400922,0.22553201019763947,0.8800000000000003,1,compact48,xgb
2023-12-01,0,0.4930875576036866,0.11797540634870529,0.8800000000000003,1,compact48,xgb
2023-12-02,0,0.4608294930875576,0.1053970456123352,0.8800000000000003,1,compact48,xgb
2023-12-03,0,0.847926267281106,0.424489289522171,0.8800000000000003,1,compact48,xgb
2023-12-04,0,0.8940092165898618,0.5170004367828369,0.8800000000000003,1,compact48,xgb
2023-12-05,0,0.8341013824884793,0.38502100110054016,0.8800000000000003,1,compact48,xgb
2023-12-06,0,0.9032258064516129,0.5833861231803894,0.8800000000000003,1,compact48,xgb
2023-12-07,1,0.8341013824884793,0.3860267400741577,0.8800000000000003,1,compact48,xgb
2023-12-08,0,0.9262672811059908,0.7957920432090759,0.8800000000000003,1,compact48,xgb
2023-12-09,0,0.880184331797235,0.4759903848171234,0.8800000000000003,1,compact48,xgb
2023-12-10,1,0.6036866359447005,0.15948419272899628,0.8800000000000003,1,compact48,xgb
2023-12-11,1,0.8663594470046083,0.44848111271858215,0.8800000000000003,1,compact48,xgb
2023-12-12,1,0.5944700460829493,0.15690596401691437,0.8800000000000003,1,compact48,xgb
2023-12-13,1,0.7695852534562212,0.26143303513526917,0.8800000000000003,1,compact48,xgb
2023-12-14,1,0.7880184331797235,0.3060585558414459,0.8800000000000003,1,compact48,xgb
2023-12-15,1,0.1382488479262673,0.032151687890291214,0.8800000000000003,1,compact48,xgb
2023-12-16,0,0.3548387096774194,0.07577446848154068,0.8800000000000003,1,compact48,xgb
2023-12-17,0,0.423963133640553,0.09319823235273361,0.8800000000000003,1,compact48,xgb
2023-12-18,0,0.8940092165898618,0.5164533257484436,0.8800000000000003,1,compact48,xgb
2023-12-19,0,0.8433179723502304,0.40535956621170044,0.8800000000000003,1,compact48,xgb
2023-12-20,0,0.8663594470046083,0.4518074691295624,0.8800000000000003,1,compact48,xgb
2023-12-21,0,0.4055299539170507,0.083669513463974,0.8800000000000003,1,compact48,xgb
2023-12-22,0,0.7004608294930875,0.20666643977165222,0.8800000000000003,1,compact48,xgb
2023-12-23,0,0.23963133640552994,0.05466000363230705,0.8800000000000003,1,compact48,xgb
2023-12-24,0,0.10599078341013825,0.026835955679416656,0.8800000000000003,1,compact48,xgb
2023-12-25,0,0.41935483870967744,0.0928104966878891,0.8800000000000003,1,compact48,xgb
2023-12-26,0,0.2304147465437788,0.050979189574718475,0.8800000000000003,1,compact48,xgb
2023-12-27,0,0.11059907834101383,0.02778664417564869,0.8800000000000003,1,compact48,xgb
2023-12-28,0,0.14285714285714285,0.036625612527132034,0.8800000000000003,1,compact48,xgb
2023-12-29,0,0.3640552995391705,0.07823513448238373,0.8800000000000003,1,compact48,xgb
2023-12-30,0,0.35944700460829493,0.07789597660303116,0.8800000000000003,1,compact48,xgb
2023-12-31,0,0.7557603686635944,0.2352566421031952,0.8800000000000003,1,compact48,xgb
2024-01-08,0,0.8478964401294499,0.5593842267990112,0.5700000000000001,2,compact48,xgb
2024-01-09,0,0.9288025889967637,0.7997485399246216,0.5700000000000001,2,compact48,xgb
2024-01-10,0,0.86084142394822,0.6194222569465637,0.5700000000000001,2,compact48,xgb
2024-01-11,1,0.6310679611650486,0.24145865440368652,0.5700000000000001,2,compact48,xgb
2024-01-12,1,0.9061488673139159,0.7370085716247559,0.5700000000000001,2,compact48,xgb
2024-01-13,1,0.8802588996763754,0.6837707161903381,0.5700000000000001,2,compact48,xgb
2024-01-14,1,0.7508090614886731,0.3490470349788666,0.5700000000000001,2,compact48,xgb
2024-01-15,1,0.8543689320388349,0.594772458076477,0.5700000000000001,2,compact48,xgb
2024-01-16,0,0.8673139158576052,0.6579271554946899,0.5700000000000001,2,compact48,xgb
2024-01-17,1,0.9288025889967637,0.7929354310035706,0.5700000000000001,2,compact48,xgb
2024-01-18,1,0.8932038834951457,0.7178584337234497,0.5700000000000001,2,compact48,xgb
2024-01-19,1,0.6537216828478964,0.2545979619026184,0.5700000000000001,2,compact48,xgb
2024-01-20,0,0.39805825242718446,0.10505662113428116,0.5700000000000001,2,compact48,xgb
2024-01-21,0,0.13268608414239483,0.03975848853588104,0.5700000000000001,2,compact48,xgb
2024-01-22,0,0.08737864077669903,0.030523134395480156,0.5700000000000001,2,compact48,xgb
2024-01-23,0,0.13268608414239483,0.04054902866482735,0.5700000000000001,2,compact48,xgb
2024-01-24,0,0.10679611650485436,0.03303278982639313,0.5700000000000001,2,compact48,xgb
2024-01-25,0,0.627831715210356,0.239406019449234,0.5700000000000001,2,compact48,xgb
2024-01-26,0,0.06796116504854369,0.02780175767838955,0.5700000000000001,2,compact48,xgb
2024-01-27,0,0.20064724919093851,0.050288788974285126,0.5700000000000001,2,compact48,xgb
2024-01-28,0,0.1715210355987055,0.045075803995132446,0.5700000000000001,2,compact48,xgb
2024-01-29,0,0.3786407766990291,0.09776093810796738,0.5700000000000001,2,compact48,xgb
2024-01-30,1,0.3106796116504854,0.0825444832444191,0.5700000000000001,2,compact48,xgb
2024-01-31,0,0.48220064724919093,0.14911526441574097,0.5700000000000001,2,compact48,xgb
2024-02-01,0,0.08414239482200647,0.030115962028503418,0.5700000000000001,2,compact48,xgb
2024-02-02,0,0.20064724919093851,0.05087672546505928,0.5700000000000001,2,compact48,xgb
2024-02-03,0,0.45307443365695793,0.13574761152267456,0.5700000000000001,2,compact48,xgb
2024-02-04,0,0.8673139158576052,0.6599880456924438,0.5700000000000001,2,compact48,xgb
2024-02-05,0,0.8543689320388349,0.5988146662712097,0.5700000000000001,2,compact48,xgb
2024-02-06,0,0.9093851132686084,0.7514341473579407,0.5700000000000001,2,compact48,xgb
2024-02-07,0,0.6893203883495146,0.28729352355003357,0.5700000000000001,2,compact48,xgb
2024-02-08,0,0.9061488673139159,0.7364864945411682,0.5700000000000001,2,compact48,xgb
2024-02-09,0,0.919093851132686,0.7665575742721558,0.5700000000000001,2,compact48,xgb
2024-02-10,0,0.8673139158576052,0.6619277000427246,0.5700000000000001,2,compact48,xgb
2024-02-11,0,0.6893203883495146,0.2820941209793091,0.5700000000000001,2,compact48,xgb
2024-02-12,0,0.511326860841424,0.1578511744737625,0.5700000000000001,2,compact48,xgb
2024-02-13,0,0.3656957928802589,0.09558470547199249,0.5700000000000001,2,compact48,xgb
2024-02-14,0,0.48220064724919093,0.14948444068431854,0.5700000000000001,2,compact48,xgb
2024-02-15,0,0.3042071197411003,0.0784161165356636,0.5700000000000001,2,compact48,xgb
2024-02-16,0,0.42071197411003236,0.11887846142053604,0.5700000000000001,2,compact48,xgb
2024-02-17,0,0.511326860841424,0.15744423866271973,0.5700000000000001,2,compact48,xgb
2024-02-18,0,0.24271844660194175,0.05658130347728729,0.5700000000000001,2,compact48,xgb
2024-02-19,0,0.19093851132686085,0.047085169702768326,0.5700000000000001,2,compact48,xgb
2024-02-20,0,0.6666666666666666,0.2607731819152832,0.5700000000000001,2,compact48,xgb
2024-02-21,0,0.3074433656957929,0.07869525998830795,0.5700000000000001,2,compact48,xgb
2024-02-22,0,0.540453074433657,0.17987488210201263,0.5700000000000001,2,compact48,xgb
2024-02-23,0,0.6310679611650486,0.24374021589756012,0.5700000000000001,2,compact48,xgb
2024-02-24,0,0.28802588996763756,0.07219947129487991,0.5700000000000001,2,compact48,xgb
2024-02-25,0,0.10679611650485436,0.032645031809806824,0.5700000000000001,2,compact48,xgb
2024-02-26,0,0.11326860841423948,0.03441819176077843,0.5700000000000001,2,compact48,xgb
2024-02-27,0,0.28802588996763756,0.07074805349111557,0.5700000000000001,2,compact48,xgb
2024-02-28,0,0.3042071197411003,0.07802331447601318,0.5700000000000001,2,compact48,xgb
2024-02-29,0,0.4692556634304207,0.1413455456495285,0.5700000000000001,2,compact48,xgb
2024-03-01,0,0.6731391585760518,0.2721790671348572,0.5700000000000001,2,compact48,xgb
2024-03-02,0,0.7184466019417476,0.31325188279151917,0.5700000000000001,2,compact48,xgb
2024-03-03,0,0.8543689320388349,0.5993403792381287,0.5700000000000001,2,compact48,xgb
2024-03-04,0,0.8446601941747572,0.5404193997383118,0.5700000000000001,2,compact48,xgb
2024-03-05,0,0.8932038834951457,0.7221150994300842,0.5700000000000001,2,compact48,xgb
2024-03-06,0,0.7184466019417476,0.3120929002761841,0.5700000000000001,2,compact48,xgb
2024-03-07,0,0.9061488673139159,0.7294652462005615,0.5700000000000001,2,compact48,xgb
2024-03-08,0,0.8252427184466019,0.4871182143688202,0.5700000000000001,2,compact48,xgb
2024-03-09,1,0.6537216828478964,0.2542535662651062,0.5700000000000001,2,compact48,xgb
2024-03-10,1,0.9385113268608414,0.8147889971733093,0.5700000000000001,2,compact48,xgb
2024-03-11,1,0.9935275080906149,0.9027626514434814,0.5700000000000001,2,compact48,xgb
2024-03-12,1,0.9255663430420712,0.7913217544555664,0.5700000000000001,2,compact48,xgb
2024-03-13,1,0.8867313915857605,0.7004528641700745,0.5700000000000001,2,compact48,xgb
2024-03-14,1,0.9093851132686084,0.7516221404075623,0.5700000000000001,2,compact48,xgb
2024-03-15,1,0.8220064724919094,0.47921308875083923,0.5700000000000001,2,compact48,xgb
2024-03-16,1,0.8640776699029126,0.6340817809104919,0.5700000000000001,2,compact48,xgb
2024-03-17,0,0.7961165048543689,0.4094323217868805,0.5700000000000001,2,compact48,xgb
2024-03-18,0,0.6893203883495146,0.28999847173690796,0.5700000000000001,2,compact48,xgb
2024-03-19,0,0.4077669902912621,0.11259683221578598,0.5700000000000001,2,compact48,xgb
2024-03-20,0,0.5501618122977346,0.18368227779865265,0.5700000000000001,2,compact48,xgb
2024-03-21,0,0.37216828478964403,0.0962747111916542,0.5700000000000001,2,compact48,xgb
2024-03-22,0,0.37216828478964403,0.09713856130838394,0.5700000000000001,2,compact48,xgb
2024-03-23,0,0.3948220064724919,0.1035010814666748,0.5700000000000001,2,compact48,xgb
2024-03-24,0,0.22330097087378642,0.05351463332772255,0.5700000000000001,2,compact48,xgb
2024-03-25,0,0.2588996763754045,0.05862195044755936,0.5700000000000001,2,compact48,xgb
2024-03-26,0,0.0744336569579288,0.028801608830690384,0.5700000000000001,2,compact48,xgb
2024-03-27,0,0.08737864077669903,0.030487962067127228,0.5700000000000001,2,compact48,xgb
2024-03-28,0,0.2686084142394822,0.06372981518507004,0.5700000000000001,2,compact48,xgb
2024-03-29,0,0.12944983818770225,0.037123315036296844,0.5700000000000001,2,compact48,xgb
2024-03-30,0,0.459546925566343,0.13799291849136353,0.5700000000000001,2,compact48,xgb
2024-03-31,0,0.05825242718446602,0.022673796862363815,0.5700000000000001,2,compact48,xgb
2024-04-08,0,0.975,0.8874698281288147,0.7800000000000002,3,compact48,xgb
2024-04-09,0,0.9625,0.8721833229064941,0.7800000000000002,3,compact48,xgb
2024-04-10,1,0.84,0.6354951858520508,0.7800000000000002,3,compact48,xgb
2024-04-11,1,0.9825,0.9098485708236694,0.7800000000000002,3,compact48,xgb
2024-04-12,0,0.905,0.7702020406723022,0.7800000000000002,3,compact48,xgb
2024-04-13,1,0.8525,0.661257266998291,0.7800000000000002,3,compact48,xgb
2024-04-14,1,0.8625,0.6805726885795593,0.7800000000000002,3,compact48,xgb
2024-04-15,1,0.5325,0.1692773848772049,0.7800000000000002,3,compact48,xgb
2024-04-16,1,0.355,0.09723656624555588,0.7800000000000002,3,compact48,xgb
2024-04-17,1,0.7525,0.4311019778251648,0.7800000000000002,3,compact48,xgb
2024-04-18,1,0.765,0.46151503920555115,0.7800000000000002,3,compact48,xgb
2024-04-19,1,0.6075,0.22471120953559875,0.7800000000000002,3,compact48,xgb
2024-04-20,1,0.425,0.12392693012952805,0.7800000000000002,3,compact48,xgb
2024-04-21,0,0.1675,0.04711977764964104,0.7800000000000002,3,compact48,xgb
2024-04-22,0,0.1475,0.03958725556731224,0.7800000000000002,3,compact48,xgb
2024-04-23,0,0.3675,0.10013612359762192,0.7800000000000002,3,compact48,xgb
2024-04-24,0,0.05,0.02074928767979145,0.7800000000000002,3,compact48,xgb
2024-04-25,0,0.0225,0.017166737467050552,0.7800000000000002,3,compact48,xgb
2024-04-26,0,0.14,0.0377105250954628,0.7800000000000002,3,compact48,xgb
2024-04-27,0,0.0325,0.018346909433603287,0.7800000000000002,3,compact48,xgb
2024-04-28,0,0.145,0.03939545154571533,0.7800000000000002,3,compact48,xgb
2024-04-29,0,0.015,0.014517688192427158,0.7800000000000002,3,compact48,xgb
2024-04-30,0,0.13,0.036488864570856094,0.7800000000000002,3,compact48,xgb
2024-05-01,0,0.155,0.04342935234308243,0.7800000000000002,3,compact48,xgb
2024-05-02,0,0.045,0.02057345025241375,0.7800000000000002,3,compact48,xgb
2024-05-03,0,0.135,0.037479788064956665,0.7800000000000002,3,compact48,xgb
2024-05-04,0,0.4425,0.13030391931533813,0.7800000000000002,3,compact48,xgb
2024-05-05,0,0.8525,0.6675833463668823,0.7800000000000002,3,compact48,xgb
2024-05-06,0,0.745,0.39739277958869934,0.7800000000000002,3,compact48,xgb
2024-05-07,0,0.84,0.6425583362579346,0.7800000000000002,3,compact48,xgb
2024-05-08,0,0.83,0.5777713656425476,0.7800000000000002,3,compact48,xgb
2024-05-09,0,0.6125,0.22591468691825867,0.7800000000000002,3,compact48,xgb
2024-05-10,0,0.74,0.3948349356651306,0.7800000000000002,3,compact48,xgb
2024-05-11,0,0.89,0.7357047200202942,0.7800000000000002,3,compact48,xgb
2024-05-12,0,0.7875,0.5083112716674805,0.7800000000000002,3,compact48,xgb
2024-05-13,0,0.545,0.18036939203739166,0.7800000000000002,3,compact48,xgb
2024-05-14,0,0.33,0.0875161737203598,0.7800000000000002,3,compact48,xgb
2024-05-15,0,0.5325,0.17113913595676422,0.7800000000000002,3,compact48,xgb
2024-05-16,0,0.7725,0.48922693729400635,0.7800000000000002,3,compact48,xgb
2024-05-17,1,0.6675,0.3010428249835968,0.7800000000000002,3,compact48,xgb
2024-05-18,0,0.7125,0.36106592416763306,0.7800000000000002,3,compact48,xgb
2024-05-19,0,0.1675,0.04758574068546295,0.7800000000000002,3,compact48,xgb
2024-05-20,0,0.425,0.1225886195898056,0.7800000000000002,3,compact48,xgb
2024-05-21,0,0.615,0.2306986302137375,0.7800000000000002,3,compact48,xgb
2024-05-22,0,0.6725,0.3168520927429199,0.7800000000000002,3,compact48,xgb
2024-05-23,0,0.83,0.5890792012214661,0.7800000000000002,3,compact48,xgb
2024-05-24,0,0.345,0.09356905519962311,0.7800000000000002,3,compact48,xgb
2024-05-25,0,0.24,0.06197617948055267,0.7800000000000002,3,compact48,xgb
2024-05-26,0,0.1325,0.03663527965545654,0.7800000000000002,3,compact48,xgb
2024-05-27,0,0.3,0.07879313826560974,0.7800000000000002,3,compact48,xgb
2024-05-28,0,0.1775,0.04898018389940262,0.7800000000000002,3,compact48,xgb
2024-05-29,0,0.2625,0.0683162733912468,0.7800000000000002,3,compact48,xgb
2024-05-30,0,0.3,0.0784514769911766,0.7800000000000002,3,compact48,xgb
2024-05-31,0,0.5275,0.1643836945295334,0.7800000000000002,3,compact48,xgb
2024-06-01,0,0.535,0.17316773533821106,0.7800000000000002,3,compact48,xgb
2024-06-02,0,0.895,0.755566418170929,0.7800000000000002,3,compact48,xgb
2024-06-03,0,0.975,0.8834316730499268,0.7800000000000002,3,compact48,xgb
2024-06-04,0,0.83,0.5848352313041687,0.7800000000000002,3,compact48,xgb
2024-06-05,0,0.6675,0.2923709452152252,0.7800000000000002,3,compact48,xgb
2024-06-06,0,0.705,0.35477861762046814,0.7800000000000002,3,compact48,xgb
2024-06-07,0,0.67,0.3056737780570984,0.7800000000000002,3,compact48,xgb
2024-06-08,0,0.65,0.27259474992752075,0.7800000000000002,3,compact48,xgb
2024-06-09,0,0.3575,0.0987246111035347,0.7800000000000002,3,compact48,xgb
2024-06-10,0,0.2475,0.06577535718679428,0.7800000000000002,3,compact48,xgb
2024-06-11,0,0.3775,0.10375747084617615,0.7800000000000002,3,compact48,xgb
2024-06-12,0,0.3,0.0779276192188263,0.7800000000000002,3,compact48,xgb
2024-06-13,0,0.2625,0.06830038875341415,0.7800000000000002,3,compact48,xgb
2024-06-14,1,0.38,0.10571170598268509,0.7800000000000002,3,compact48,xgb
2024-06-15,1,0.4775,0.14447462558746338,0.7800000000000002,3,compact48,xgb
2024-06-16,1,0.9,0.7617537379264832,0.7800000000000002,3,compact48,xgb
2024-06-17,1,0.67,0.3048311173915863,0.7800000000000002,3,compact48,xgb
2024-06-18,1,0.905,0.7704306244850159,0.7800000000000002,3,compact48,xgb
2024-06-19,1,0.745,0.4058234691619873,0.7800000000000002,3,compact48,xgb
2024-06-20,1,0.3775,0.10347645729780197,0.7800000000000002,3,compact48,xgb
2024-06-21,1,0.6525,0.2759798765182495,0.7800000000000002,3,compact48,xgb
2024-06-22,0,0.64,0.26046499609947205,0.7800000000000002,3,compact48,xgb
2024-06-23,0,0.0575,0.022146768867969513,0.7800000000000002,3,compact48,xgb
2024-06-24,0,0.09,0.0263455118983984,0.7800000000000002,3,compact48,xgb
2024-06-25,0,0.075,0.024222178384661674,0.7800000000000002,3,compact48,xgb
2024-06-26,0,0.0675,0.022871337831020355,0.7800000000000002,3,compact48,xgb
2024-06-27,0,0.1225,0.0344843752682209,0.7800000000000002,3,compact48,xgb
2024-06-28,0,0.1675,0.04763008654117584,0.7800000000000002,3,compact48,xgb
2024-06-29,0,0.19,0.05240365117788315,0.7800000000000002,3,compact48,xgb
2024-06-30,0,0.015,0.015439274720847607,0.7800000000000002,3,compact48,xgb
2024-07-08,0,0.6741344195519349,0.35651418566703796,0.6200000000000001,4,compact48,xgb
2024-07-09,0,0.8207739307535642,0.6110460758209229,0.6200000000000001,4,compact48,xgb
2024-07-10,0,0.7067209775967414,0.4249506890773773,0.6200000000000001,4,compact48,xgb
2024-07-11,0,0.7861507128309573,0.527387797832489,0.6200000000000001,4,compact48,xgb
2024-07-12,0,0.769857433808554,0.5008413195610046,0.6200000000000001,4,compact48,xgb
2024-07-13,0,0.7128309572301426,0.431995153427124,0.6200000000000001,4,compact48,xgb
2024-07-14,1,0.7474541751527495,0.472544401884079,0.6200000000000001,4,compact48,xgb
2024-07-15,1,0.7576374745417516,0.4858248829841614,0.6200000000000001,4,compact48,xgb
2024-07-16,0,0.7637474541751528,0.4938312768936157,0.6200000000000001,4,compact48,xgb
2024-07-17,1,0.47046843177189407,0.18355023860931396,0.6200000000000001,4,compact48,xgb
2024-07-18,1,0.5723014256619144,0.25926339626312256,0.6200000000000001,4,compact48,xgb
2024-07-19,0,0.6069246435845214,0.29155927896499634,0.6200000000000001,4,compact48,xgb
2024-07-20,0,0.790224032586558,0.5354722142219543,0.6200000000000001,4,compact48,xgb
2024-07-21,0,0.3380855397148676,0.11085683852434158,0.6200000000000001,4,compact48,xgb
2024-07-22,0,0.07739307535641547,0.028937969356775284,0.6200000000000001,4,compact48,xgb
2024-07-23,0,0.15071283095723015,0.044347215443849564,0.6200000000000001,4,compact48,xgb
2024-07-24,0,0.010183299389002037,0.014454392716288567,0.6200000000000001,4,compact48,xgb
2024-07-25,0,0.010183299389002037,0.014415291137993336,0.6200000000000001,4,compact48,xgb
2024-07-26,0,0.15071283095723015,0.045957475900650024,0.6200000000000001,4,compact48,xgb
2024-07-27,0,0.109979633401222,0.03582501411437988,0.6200000000000001,4,compact48,xgb
2024-07-28,0,0.004073319755600814,0.011087452992796898,0.6200000000000001,4,compact48,xgb
2024-07-29,0,0.1079429735234216,0.03417340666055679,0.6200000000000001,4,compact48,xgb
2024-07-30,0,0.06517311608961303,0.027532139793038368,0.6200000000000001,4,compact48,xgb
2024-07-31,0,0.31771894093686354,0.10398697108030319,0.6200000000000001,4,compact48,xgb
2024-08-01,0,0.4969450101832994,0.2003304660320282,0.6200000000000001,4,compact48,xgb
2024-08-02,0,0.5417515274949084,0.23803916573524475,0.6200000000000001,4,compact48,xgb
2024-08-03,0,0.2545824847250509,0.07842931151390076,0.6200000000000001,4,compact48,xgb
2024-08-04,0,0.7718940936863544,0.5057425498962402,0.6200000000000001,4,compact48,xgb
2024-08-05,0,0.5336048879837068,0.23204533755779266,0.6200000000000001,4,compact48,xgb
2024-08-06,0,0.5478615071283096,0.24616080522537231,0.6200000000000001,4,compact48,xgb
2024-08-07,0,0.6680244399185336,0.3460477888584137,0.6200000000000001,4,compact48,xgb
2024-08-08,0,0.7739307535641547,0.511404812335968,0.6200000000000001,4,compact48,xgb
2024-08-09,0,0.5824847250509165,0.26922011375427246,0.6200000000000001,4,compact48,xgb
2024-08-10,0,0.6883910386965377,0.39657407999038696,0.6200000000000001,4,compact48,xgb
2024-08-11,0,0.615071283095723,0.3006235957145691,0.6200000000000001,4,compact48,xgb
2024-08-12,0,0.6945010183299389,0.4021218717098236,0.6200000000000001,4,compact48,xgb
2024-08-13,0,0.7433808553971487,0.46433430910110474,0.6200000000000001,4,compact48,xgb
2024-08-14,1,0.6252545824847251,0.31225091218948364,0.6200000000000001,4,compact48,xgb
2024-08-15,0,0.5621181262729125,0.24853456020355225,0.6200000000000001,4,compact48,xgb
2024-08-16,0,0.4439918533604888,0.1611243337392807,0.6200000000000001,4,compact48,xgb
2024-08-17,0,0.5437881873727087,0.24125230312347412,0.6200000000000001,4,compact48,xgb
2024-08-18,0,0.845213849287169,0.653693675994873,0.6200000000000001,4,compact48,xgb
2024-08-19,0,0.9266802443991853,0.805854082107544,0.6200000000000001,4,compact48,xgb
2023-07-08,0,0.744,0.061436031068906244,0.8800000000000003,0,compact48,catboost
2023-07-09,0,0.896,0.16728057550245856,0.8800000000000003,0,compact48,catboost
2023-07-10,0,0.088,0.01270666388506457,0.8800000000000003,0,compact48,catboost
2023-07-11,0,0.904,0.20381728089523257,0.8800000000000003,0,compact48,catboost
2023-07-12,0,0.856,0.12388486867953266,0.8800000000000003,0,compact48,catboost
2023-07-13,1,0.904,0.27279984125638473,0.8800000000000003,0,compact48,catboost
2023-07-14,1,0.856,0.1185011472209994,0.8800000000000003,0,compact48,catboost
2023-07-15,0,0.12,0.013353804302050368,0.8800000000000003,0,compact48,catboost
2023-07-16,0,0.544,0.03874398761051903,0.8800000000000003,0,compact48,catboost
2023-07-17,0,0.888,0.14943490755961303,0.8800000000000003,0,compact48,catboost
2023-07-18,0,0.904,0.2332588682912341,0.8800000000000003,0,compact48,catboost
2023-07-19,0,0.904,0.26382634431531915,0.8800000000000003,0,compact48,catboost
2023-07-20,0,0.776,0.06972747162937733,0.8800000000000003,0,compact48,catboost
2023-07-21,0,0.512,0.03469383473984822,0.8800000000000003,0,compact48,catboost
2023-07-22,0,0.136,0.015878072712482105,0.8800000000000003,0,compact48,catboost
2023-07-23,0,0.736,0.058313004345180726,0.8800000000000003,0,compact48,catboost
2023-07-24,0,0.128,0.014782607732107995,0.8800000000000003,0,compact48,catboost
2023-07-25,0,0.056,0.009360701023566011,0.8800000000000003,0,compact48,catboost
2023-07-26,0,0.16,0.01662209739089138,0.8800000000000003,0,compact48,catboost
2023-07-27,0,0.0,0.0046008516822742705,0.8800000000000003,0,compact48,catboost
2023-07-28,0,0.272,0.024754864977126256,0.8800000000000003,0,compact48,catboost
2023-07-29,0,0.136,0.01543339561253156,0.8800000000000003,0,compact48,catboost
2023-07-30,0,0.024,0.006996303343425381,0.8800000000000003,0,compact48,catboost
2023-07-31,0,0.2,0.019358073423643537,0.8800000000000003,0,compact48,catboost
2023-08-01,0,0.76,0.06330454559298843,0.8800000000000003,0,compact48,catboost
2023-08-02,0,0.2,0.019340621121956066,0.8800000000000003,0,compact48,catboost
2023-08-03,0,0.672,0.045087278606762385,0.8800000000000003,0,compact48,catboost
2023-08-04,0,0.216,0.020296457612711753,0.8800000000000003,0,compact48,catboost
2023-08-05,0,0.816,0.0873712259236188,0.8800000000000003,0,compact48,catboost
2023-08-06,0,0.904,0.5760310850490628,0.8800000000000003,0,compact48,catboost
2023-08-07,0,0.888,0.15849430979382192,0.8800000000000003,0,compact48,catboost
2023-08-08,0,0.704,0.053292675287103276,0.8800000000000003,0,compact48,catboost
2023-08-09,0,0.832,0.09465693089790349,0.8800000000000003,0,compact48,catboost
2023-08-10,0,0.904,0.20051884336293485,0.8800000000000003,0,compact48,catboost
2023-08-11,0,0.904,0.21404166113290654,0.8800000000000003,0,compact48,catboost
2023-08-12,0,0.904,0.34262118943628617,0.8800000000000003,0,compact48,catboost
2023-08-13,0,0.232,0.021192789046874088,0.8800000000000003,0,compact48,catboost
2023-08-14,0,0.088,0.012722320756662244,0.8800000000000003,0,compact48,catboost
2023-08-15,0,0.368,0.02903042104068084,0.8800000000000003,0,compact48,catboost
2023-08-16,0,0.888,0.13697182305415662,0.8800000000000003,0,compact48,catboost
2023-08-17,0,0.624,0.043250857047169265,0.8800000000000003,0,compact48,catboost
2023-08-18,1,0.704,0.05324038118199328,0.8800000000000003,0,compact48,catboost
2023-08-19,0,0.304,0.026311302047257783,0.8800000000000003,0,compact48,catboost
2023-08-20,0,0.808,0.08562944011677887,0.8800000000000003,0,compact48,catboost
2023-08-21,0,0.896,0.17383950826283834,0.8800000000000003,0,compact48,catboost
2023-08-22,0,0.904,0.6402700996519591,0.8800000000000003,0,compact48,catboost
2023-08-23,0,0.696,0.04963137763512471,0.8800000000000003,0,compact48,catboost
2023-08-24,0,0.904,0.26560502704995853,0.8800000000000003,0,compact48,catboost
2023-08-25,0,0.056,0.009493184553136478,0.8800000000000003,0,compact48,catboost
2023-08-26,0,0.816,0.08850427951488908,0.8800000000000003,0,compact48,catboost
2023-08-27,0,0.808,0.08672973507325223,0.8800000000000003,0,compact48,catboost
2023-08-28,0,0.408,0.030473440881769686,0.8800000000000003,0,compact48,catboost
2023-08-29,0,0.176,0.01829383252882469,0.8800000000000003,0,compact48,catboost
2023-08-30,0,0.296,0.025604950095504918,0.8800000000000003,0,compact48,catboost
2023-08-31,0,0.168,0.01708799256035598,0.8800000000000003,0,compact48,catboost
2023-09-01,0,0.904,0.31818082744008586,0.8800000000000003,0,compact48,catboost
2023-09-02,0,0.728,0.057700082561829895,0.8800000000000003,0,compact48,catboost
2023-09-03,0,0.904,0.29484733290807025,0.8800000000000003,0,compact48,catboost
2023-09-04,0,0.392,0.02964732077531199,0.8800000000000003,0,compact48,catboost
2023-09-05,1,0.904,0.27988627372520775,0.8800000000000003,0,compact48,catboost
2023-09-06,1,0.12,0.013442343032161715,0.8800000000000003,0,compact48,catboost
2023-09-07,1,0.888,0.14539696285950734,0.8800000000000003,0,compact48,catboost
2023-09-08,1,0.904,0.4580892596485963,0.8800000000000003,0,compact48,catboost
2023-09-09,0,0.904,0.3092900626919909,0.8800000000000003,0,compact48,catboost
2023-09-10,0,0.472,0.03313360638571245,0.8800000000000003,0,compact48,catboost
2023-09-11,0,0.8,0.08166660603513015,0.8800000000000003,0,compact48,catboost
2023-09-12,0,0.904,0.22530569550246268,0.8800000000000003,0,compact48,catboost
2023-09-13,0,0.52,0.035325746093661216,0.8800000000000003,0,compact48,catboost
2023-09-14,0,0.744,0.05991568996553657,0.8800000000000003,0,compact48,catboost
2023-09-15,0,0.472,0.03340219269502989,0.8800000000000003,0,compact48,catboost
2023-09-16,0,0.792,0.07384763734646807,0.8800000000000003,0,compact48,catboost
2023-09-17,0,0.792,0.07699666007761184,0.8800000000000003,0,compact48,catboost
2023-09-18,0,0.544,0.03855963660793089,0.8800000000000003,0,compact48,catboost
2023-09-19,0,0.192,0.01875757997981927,0.8800000000000003,0,compact48,catboost
2023-09-20,0,0.856,0.12380065416266159,0.8800000000000003,0,compact48,catboost
2023-09-21,0,0.904,0.45801407885981726,0.8800000000000003,0,compact48,catboost
2023-09-22,0,0.696,0.050606651995932284,0.8800000000000003,0,compact48,catboost
2023-09-23,0,0.848,0.10447822438787883,0.8800000000000003,0,compact48,catboost
2023-09-24,0,0.128,0.014062611454188804,0.8800000000000003,0,compact48,catboost
2023-09-25,0,0.136,0.015630319039401624,0.8800000000000003,0,compact48,catboost
2023-09-26,0,0.904,0.19284474894168824,0.8800000000000003,0,compact48,catboost
2023-09-27,0,0.704,0.053824155308262976,0.8800000000000003,0,compact48,catboost
2023-09-28,0,0.704,0.05203178758712964,0.8800000000000003,0,compact48,catboost
2023-09-29,0,0.68,0.046001087104120736,0.8800000000000003,0,compact48,catboost
2023-09-30,0,0.728,0.057730871266366654,0.8800000000000003,0,compact48,catboost
2023-10-08,0,0.6820276497695853,0.06826553450968689,0.8100000000000003,1,compact48,catboost
2023-10-09,0,0.9078341013824884,0.24167049833186846,0.8100000000000003,1,compact48,catboost
2023-10-10,0,0.8709677419354839,0.16687545552231187,0.8100000000000003,1,compact48,catboost
2023-10-11,0,0.8986175115207373,0.2157357272870053,0.8100000000000003,1,compact48,catboost
2023-10-12,0,0.8709677419354839,0.16214595184009037,0.8100000000000003,1,compact48,catboost
2023-10-13,1,0.8202764976958525,0.12458649705448736,0.8100000000000003,1,compact48,catboost
2023-10-14,1,0.8940092165898618,0.20565148522555193,0.8100000000000003,1,compact48,catboost
2023-10-15,0,0.8986175115207373,0.21745697867100786,0.8100000000000003,1,compact48,catboost
2023-10-16,1,0.9078341013824884,0.26822202379299576,0.8100000000000003,1,compact48,catboost
2023-10-17,1,0.8064516129032258,0.1087927813422727,0.8100000000000003,1,compact48,catboost
2023-10-18,0,0.5069124423963134,0.045002062963752754,0.8100000000000003,1,compact48,catboost
2023-10-19,0,0.5161290322580645,0.045725316218914056,0.8100000000000003,1,compact48,catboost
2023-10-20,0,0.8755760368663594,0.1838497778323089,0.8100000000000003,1,compact48,catboost
2023-10-21,0,0.7880184331797235,0.09941146828934976,0.8100000000000003,1,compact48,catboost
2023-10-22,0,0.0967741935483871,0.010023651395518795,0.8100000000000003,1,compact48,catboost
2023-10-23,0,0.22119815668202766,0.01845005627962487,0.8100000000000003,1,compact48,catboost
2023-10-24,0,0.47465437788018433,0.04014873020823287,0.8100000000000003,1,compact48,catboost
2023-10-25,0,0.027649769585253458,0.004703148668992922,0.8100000000000003,1,compact48,catboost
2023-10-26,0,0.03225806451612903,0.005087981461941949,0.8100000000000003,1,compact48,catboost
2023-10-27,0,0.271889400921659,0.023958133397495245,0.8100000000000003,1,compact48,catboost
2023-10-28,0,0.25806451612903225,0.022672705083356868,0.8100000000000003,1,compact48,catboost
2023-10-29,0,0.2073732718894009,0.01786866900792673,0.8100000000000003,1,compact48,catboost
2023-10-30,0,0.03225806451612903,0.005655350987249307,0.8100000000000003,1,compact48,catboost
2023-10-31,0,0.2672811059907834,0.022837473189980192,0.8100000000000003,1,compact48,catboost
2023-11-01,0,0.8755760368663594,0.18443108402377517,0.8100000000000003,1,compact48,catboost
2023-11-02,0,0.7419354838709677,0.08455414243405959,0.8100000000000003,1,compact48,catboost
2023-11-03,0,0.8202764976958525,0.12483430630825396,0.8100000000000003,1,compact48,catboost
2023-11-04,0,0.8387096774193549,0.13099845449232964,0.8100000000000003,1,compact48,catboost
2023-11-05,0,0.8202764976958525,0.12290097175598927,0.8100000000000003,1,compact48,catboost
2023-11-06,0,0.9078341013824884,0.2674636953411881,0.8100000000000003,1,compact48,catboost
2023-11-07,0,0.8202764976958525,0.12245795505241239,0.8100000000000003,1,compact48,catboost
2023-11-08,0,0.815668202764977,0.12171434865070363,0.8100000000000003,1,compact48,catboost
2023-11-09,1,0.8018433179723502,0.10624539656791833,0.8100000000000003,1,compact48,catboost
2023-11-10,1,0.8064516129032258,0.11007742323675045,0.8100000000000003,1,compact48,catboost
2023-11-11,0,0.8202764976958525,0.12356079697110069,0.8100000000000003,1,compact48,catboost
2023-11-12,0,0.7788018433179723,0.09695307268774041,0.8100000000000003,1,compact48,catboost
2023-11-13,1,0.8755760368663594,0.18641376356381537,0.8100000000000003,1,compact48,catboost
2023-11-14,1,0.8294930875576036,0.1274073910875212,0.8100000000000003,1,compact48,catboost
2023-11-15,0,0.4792626728110599,0.04025205263112472,0.8100000000000003,1,compact48,catboost
2023-11-16,0,0.48847926267281105,0.04162596798974032,0.8100000000000003,1,compact48,catboost
2023-11-17,0,0.16129032258064516,0.013672058239362546,0.8100000000000003,1,compact48,catboost
2023-11-18,0,0.18433179723502305,0.016453985134612013,0.8100000000000003,1,compact48,catboost
2023-11-19,0,0.39631336405529954,0.032340904936997615,0.8100000000000003,1,compact48,catboost
2023-11-20,0,0.6036866359447005,0.05515486808920582,0.8100000000000003,1,compact48,catboost
2023-11-21,0,0.04608294930875576,0.0073495153540501755,0.8100000000000003,1,compact48,catboost
2023-11-22,0,0.1152073732718894,0.011127608578153626,0.8100000000000003,1,compact48,catboost
2023-11-23,0,0.18433179723502305,0.01631377213616828,0.8100000000000003,1,compact48,catboost
2023-11-24,0,0.631336405529954,0.060947033422634,0.8100000000000003,1,compact48,catboost
2023-11-25,0,0.3225806451612903,0.026499983197211797,0.8100000000000003,1,compact48,catboost
2023-11-26,0,0.4055299539170507,0.034195726637536686,0.8100000000000003,1,compact48,catboost
2023-11-27,0,0.0967741935483871,0.008915115063614237,0.8100000000000003,1,compact48,catboost
2023-11-28,0,0.2534562211981567,0.02133109671052664,0.8100000000000003,1,compact48,catboost
2023-11-29,0,0.41013824884792627,0.034770938168284485,0.8100000000000003,1,compact48,catboost
2023-11-30,0,0.3317972350230415,0.0272452047273651,0.8100000000000003,1,compact48,catboost
2023-12-01,0,0.34101382488479265,0.028397541567168606,0.8100000000000003,1,compact48,catboost
2023-12-02,0,0.7972350230414746,0.1046099968825555,0.8100000000000003,1,compact48,catboost
2023-12-03,0,0.695852534562212,0.07447460290530032,0.8100000000000003,1,compact48,catboost
2023-12-04,0,0.9078341013824884,0.28926107150027014,0.8100000000000003,1,compact48,catboost
2023-12-05,0,0.8617511520737328,0.1397014495010173,0.8100000000000003,1,compact48,catboost
2023-12-06,0,0.9078341013824884,0.2833010969648658,0.8100000000000003,1,compact48,catboost
2023-12-07,1,0.8110599078341014,0.1176832590549561,0.8100000000000003,1,compact48,catboost
2023-12-08,0,0.9124423963133641,0.37930889409702806,0.8100000000000003,1,compact48,catboost
2023-12-09,0,0.7096774193548387,0.08166325314380948,0.8100000000000003,1,compact48,catboost
2023-12-10,1,0.8709677419354839,0.15779906824234838,0.8100000000000003,1,compact48,catboost
2023-12-11,1,0.8709677419354839,0.17274834922898158,0.8100000000000003,1,compact48,catboost
2023-12-12,1,0.7004608294930875,0.07885910398314908,0.8100000000000003,1,compact48,catboost
2023-12-13,1,0.7695852534562212,0.09261213886560163,0.8100000000000003,1,compact48,catboost
2023-12-14,1,0.8110599078341014,0.11693984480635294,0.8100000000000003,1,compact48,catboost
2023-12-15,1,0.02304147465437788,0.0041412731953336295,0.8100000000000003,1,compact48,catboost
2023-12-16,0,0.5668202764976958,0.05113607350121836,0.8100000000000003,1,compact48,catboost
2023-12-17,0,0.2534562211981567,0.022423674676885972,0.8100000000000003,1,compact48,catboost
2023-12-18,0,0.880184331797235,0.19217530482766007,0.8100000000000003,1,compact48,catboost
2023-12-19,0,0.4608294930875576,0.03861646563586745,0.8100000000000003,1,compact48,catboost
2023-12-20,0,0.9124423963133641,0.4007151172620278,0.8100000000000003,1,compact48,catboost
2023-12-21,0,0.15207373271889402,0.013237751585107158,0.8100000000000003,1,compact48,catboost
2023-12-22,0,0.8064516129032258,0.10770808466417572,0.8100000000000003,1,compact48,catboost
2023-12-23,0,0.271889400921659,0.02390967898189527,0.8100000000000003,1,compact48,catboost
2023-12-24,0,0.018433179723502304,0.0034190791907714366,0.8100000000000003,1,compact48,catboost
2023-12-25,0,0.4792626728110599,0.040281050144838425,0.8100000000000003,1,compact48,catboost
2023-12-26,0,0.33640552995391704,0.028139084784773803,0.8100000000000003,1,compact48,catboost
2023-12-27,0,0.018433179723502304,0.0034926138480919668,0.8100000000000003,1,compact48,catboost
2023-12-28,0,0.20276497695852536,0.01765865356465972,0.8100000000000003,1,compact48,catboost
2023-12-29,0,0.2073732718894009,0.018210132809679903,0.8100000000000003,1,compact48,catboost
2023-12-30,0,0.2534562211981567,0.02176518688260749,0.8100000000000003,1,compact48,catboost
2023-12-31,0,0.3778801843317972,0.03130206101679332,0.8100000000000003,1,compact48,catboost
2024-01-08,0,0.883495145631068,0.45389224527757627,0.6700000000000002,2,compact48,catboost
2024-01-09,0,0.889967637540453,0.7419141913991378,0.6700000000000002,2,compact48,catboost
2024-01-10,0,0.889967637540453,0.6872712530167276,0.6700000000000002,2,compact48,catboost
2024-01-11,1,0.8284789644012945,0.2648706582285742,0.6700000000000002,2,compact48,catboost
2024-01-12,1,0.889967637540453,0.6587920720556609,0.6700000000000002,2,compact48,catboost
2024-01-13,1,0.889967637540453,0.7617359376094036,0.6700000000000002,2,compact48,catboost
2024-01-14,1,0.8737864077669902,0.3841315925401448,0.6700000000000002,2,compact48,catboost
2024-01-15,1,0.889967637540453,0.5642457453108818,0.6700000000000002,2,compact48,catboost
2024-01-16,0,0.889967637540453,0.5695447415598539,0.6700000000000002,2,compact48,catboost
2024-01-17,1,0.889967637540453,0.8394145908616917,0.6700000000000002,2,compact48,catboost
2024-01-18,1,0.889967637540453,0.6200114146714713,0.6700000000000002,2,compact48,catboost
2024-01-19,1,0.7087378640776699,0.13924216335952896,0.6700000000000002,2,compact48,catboost
2024-01-20,0,0.44983818770226536,0.0600825722467038,0.6700000000000002,2,compact48,catboost
2024-01-21,0,0.33980582524271846,0.03957012987444286,0.6700000000000002,2,compact48,catboost
2024-01-22,0,0.13268608414239483,0.013142061820736848,0.6700000000000002,2,compact48,catboost
2024-01-23,0,0.1553398058252427,0.016490651928543043,0.6700000000000002,2,compact48,catboost
2024-01-24,0,0.13592233009708737,0.01376670648079815,0.6700000000000002,2,compact48,catboost
2024-01-25,0,0.7766990291262136,0.1934818456420958,0.6700000000000002,2,compact48,catboost
2024-01-26,0,0.03559870550161812,0.004681897290874128,0.6700000000000002,2,compact48,catboost
2024-01-27,0,0.284789644012945,0.0346982347657322,0.6700000000000002,2,compact48,catboost
2024-01-28,0,0.2588996763754045,0.030588356012311666,0.6700000000000002,2,compact48,catboost
2024-01-29,0,0.3042071197411003,0.036423778802156276,0.6700000000000002,2,compact48,catboost
2024-01-30,1,0.16828478964401294,0.018287566133873324,0.6700000000000002,2,compact48,catboost
2024-01-31,0,0.2977346278317152,0.03587031830796351,0.6700000000000002,2,compact48,catboost
2024-02-01,0,0.2815533980582524,0.033599465185352895,0.6700000000000002,2,compact48,catboost
2024-02-02,0,0.43042071197411,0.05719958398330936,0.6700000000000002,2,compact48,catboost
2024-02-03,0,0.6407766990291263,0.11076802439825674,0.6700000000000002,2,compact48,catboost
2024-02-04,0,0.889967637540453,0.5696555616742136,0.6700000000000002,2,compact48,catboost
2024-02-05,0,0.889967637540453,0.7249074005719547,0.6700000000000002,2,compact48,catboost
2024-02-06,0,0.883495145631068,0.4848216374954571,0.6700000000000002,2,compact48,catboost
2024-02-07,0,0.7993527508090615,0.21739297161285673,0.6700000000000002,2,compact48,catboost
2024-02-08,0,0.889967637540453,0.7698415154082987,0.6700000000000002,2,compact48,catboost
2024-02-09,0,0.889967637540453,0.803915266481184,0.6700000000000002,2,compact48,catboost
2024-02-10,0,0.8543689320388349,0.3173402144391716,0.6700000000000002,2,compact48,catboost
2024-02-11,0,0.8284789644012945,0.27016716934592383,0.6700000000000002,2,compact48,catboost
2024-02-12,0,0.7411003236245954,0.15955721603403764,0.6700000000000002,2,compact48,catboost
2024-02-13,0,0.2686084142394822,0.03161897852999728,0.6700000000000002,2,compact48,catboost
2024-02-14,0,0.6699029126213593,0.12644088840293857,0.6700000000000002,2,compact48,catboost
2024-02-15,0,0.42718446601941745,0.056583642992554084,0.6700000000000002,2,compact48,catboost
2024-02-16,0,0.6051779935275081,0.09472145475902798,0.6700000000000002,2,compact48,catboost
2024-02-17,0,0.7508090614886731,0.17174917260020844,0.6700000000000002,2,compact48,catboost
2024-02-18,0,0.42394822006472493,0.05637373039456134,0.6700000000000002,2,compact48,catboost
2024-02-19,0,0.284789644012945,0.03474573085469854,0.6700000000000002,2,compact48,catboost
2024-02-20,0,0.8090614886731392,0.23078096256521297,0.6700000000000002,2,compact48,catboost
2024-02-21,0,0.49514563106796117,0.06791069460838363,0.6700000000000002,2,compact48,catboost
2024-02-22,0,0.8543689320388349,0.3066934557634995,0.6700000000000002,2,compact48,catboost
2024-02-23,0,0.8737864077669902,0.3764657241606278,0.6700000000000002,2,compact48,catboost
2024-02-24,0,0.23624595469255663,0.026252158165765493,0.6700000000000002,2,compact48,catboost
2024-02-25,0,0.10355987055016182,0.00987176601703853,0.6700000000000002,2,compact48,catboost
2024-02-26,0,0.24271844660194175,0.027687008515541862,0.6700000000000002,2,compact48,catboost
2024-02-27,0,0.24271844660194175,0.02810822004319453,0.6700000000000002,2,compact48,catboost
2024-02-28,0,0.20064724919093851,0.0219271996528344,0.6700000000000002,2,compact48,catboost
2024-02-29,0,0.1553398058252427,0.016164137987865063,0.6700000000000002,2,compact48,catboost
2024-03-01,0,0.5922330097087378,0.09040687505916375,0.6700000000000002,2,compact48,catboost
2024-03-02,0,0.8446601941747572,0.2865349208915137,0.6700000000000002,2,compact48,catboost
2024-03-03,0,0.8576051779935275,0.3321477265020216,0.6700000000000002,2,compact48,catboost
2024-03-04,0,0.8284789644012945,0.2537533938805591,0.6700000000000002,2,compact48,catboost
2024-03-05,0,0.8511326860841424,0.3044528019433016,0.6700000000000002,2,compact48,catboost
2024-03-06,0,0.6213592233009708,0.10267246890775329,0.6700000000000002,2,compact48,catboost
2024-03-07,0,0.889967637540453,0.5765765911250268,0.6700000000000002,2,compact48,catboost
2024-03-08,0,0.8122977346278317,0.2387524178701047,0.6700000000000002,2,compact48,catboost
2024-03-09,1,0.5566343042071198,0.0813107898503572,0.6700000000000002,2,compact48,catboost
2024-03-10,1,0.889967637540453,0.7582622652368771,0.6700000000000002,2,compact48,catboost
2024-03-11,1,0.889967637540453,0.8268732951333829,0.6700000000000002,2,compact48,catboost
2024-03-12,1,0.889967637540453,0.722465036909616,0.6700000000000002,2,compact48,catboost
2024-03-13,1,0.889967637540453,0.7711162481203814,0.6700000000000002,2,compact48,catboost
2024-03-14,1,0.889967637540453,0.7747232693595207,0.6700000000000002,2,compact48,catboost
2024-03-15,1,0.8446601941747572,0.2843947426997148,0.6700000000000002,2,compact48,catboost
2024-03-16,1,0.7799352750809061,0.20053751673594453,0.6700000000000002,2,compact48,catboost
2024-03-17,0,0.8317152103559871,0.2726714423570802,0.6700000000000002,2,compact48,catboost
2024-03-18,0,0.5922330097087378,0.08897189315273496,0.6700000000000002,2,compact48,catboost
2024-03-19,0,0.2588996763754045,0.030545979829467128,0.6700000000000002,2,compact48,catboost
2024-03-20,0,0.3300970873786408,0.03853371426430334,0.6700000000000002,2,compact48,catboost
2024-03-21,0,0.42394822006472493,0.05627226841968538,0.6700000000000002,2,compact48,catboost
2024-03-22,0,0.3268608414239482,0.03842759050176771,0.6700000000000002,2,compact48,catboost
2024-03-23,0,0.32362459546925565,0.03765743681636676,0.6700000000000002,2,compact48,catboost
2024-03-24,0,0.10679611650485436,0.010674551503173145,0.6700000000000002,2,compact48,catboost
2024-03-25,0,0.05825242718446602,0.006867859188929165,0.6700000000000002,2,compact48,catboost
2024-03-26,0,0.05501618122977346,0.006323963140381385,0.6700000000000002,2,compact48,catboost
2024-03-27,0,0.06796116504854369,0.007965114354262845,0.6700000000000002,2,compact48,catboost
2024-03-28,0,0.2524271844660194,0.029845385795077967,0.6700000000000002,2,compact48,catboost
2024-03-29,0,0.13268608414239483,0.011989376857297935,0.6700000000000002,2,compact48,catboost
2024-03-30,0,0.4336569579288026,0.057624211789333385,0.6700000000000002,2,compact48,catboost
2024-03-31,0,0.061488673139158574,0.007676358485120583,0.6700000000000002,2,compact48,catboost
2024-04-08,0,0.905,0.859549764844594,0.7500000000000002,3,compact48,catboost
2024-04-09,0,0.9025,0.8559825167874573,0.7500000000000002,3,compact48,catboost
2024-04-10,1,0.8825,0.8249858744778955,0.7500000000000002,3,compact48,catboost
2024-04-11,1,0.9175,0.8790517143271126,0.7500000000000002,3,compact48,catboost
2024-04-12,0,0.875,0.7918764655454077,0.7500000000000002,3,compact48,catboost
2024-04-13,1,0.8625,0.523860800183561,0.7500000000000002,3,compact48,catboost
2024-04-14,1,0.86,0.47521455054931855,0.7500000000000002,3,compact48,catboost
2024-04-15,1,0.7625,0.21695218610288883,0.7500000000000002,3,compact48,catboost
2024-04-16,1,0.235,0.03686164048002519,0.7500000000000002,3,compact48,catboost
2024-04-17,1,0.8075,0.2815540159160392,0.7500000000000002,3,compact48,catboost
2024-04-18,1,0.795,0.2620966503552933,0.7500000000000002,3,compact48,catboost
2024-04-19,1,0.64,0.14281701459642762,0.7500000000000002,3,compact48,catboost
2024-04-20,1,0.5825,0.11977612776121115,0.7500000000000002,3,compact48,catboost
2024-04-21,0,0.1975,0.02934497763795524,0.7500000000000002,3,compact48,catboost
2024-04-22,0,0.1975,0.029129743642733835,0.7500000000000002,3,compact48,catboost
2024-04-23,0,0.245,0.03813678749314955,0.7500000000000002,3,compact48,catboost
2024-04-24,0,0.005,0.004096800354670904,0.7500000000000002,3,compact48,catboost
2024-04-25,0,0.0175,0.006405288977879783,0.7500000000000002,3,compact48,catboost
2024-04-26,0,0.0425,0.009852878093107647,0.7500000000000002,3,compact48,catboost
2024-04-27,0,0.01,0.006061665931482412,0.7500000000000002,3,compact48,catboost
2024-04-28,0,0.0475,0.011135263226117121,0.7500000000000002,3,compact48,catboost
2024-04-29,0,0.0325,0.0075142771614824765,0.7500000000000002,3,compact48,catboost
2024-04-30,0,0.06,0.013536721672772567,0.7500000000000002,3,compact48,catboost
2024-05-01,0,0.225,0.03443968265908527,0.7500000000000002,3,compact48,catboost
2024-05-02,0,0.06,0.013429151016050333,0.7500000000000002,3,compact48,catboost
2024-05-03,0,0.215,0.032882152121269964,0.7500000000000002,3,compact48,catboost
2024-05-04,0,0.38,0.063831909003792,0.7500000000000002,3,compact48,catboost
2024-05-05,0,0.86,0.48017113385498306,0.7500000000000002,3,compact48,catboost
2024-05-06,0,0.79,0.25718666528369544,0.7500000000000002,3,compact48,catboost
2024-05-07,0,0.8675,0.5701520166068297,0.7500000000000002,3,compact48,catboost
2024-05-08,0,0.87,0.5970504271621894,0.7500000000000002,3,compact48,catboost
2024-05-09,0,0.665,0.15109032554889917,0.7500000000000002,3,compact48,catboost
2024-05-10,0,0.4875,0.08696003151751333,0.7500000000000002,3,compact48,catboost
2024-05-11,0,0.8725,0.7609918009284503,0.7500000000000002,3,compact48,catboost
2024-05-12,0,0.86,0.5009234757831398,0.7500000000000002,3,compact48,catboost
2024-05-13,0,0.7375,0.1892366714321713,0.7500000000000002,3,compact48,catboost
2024-05-14,0,0.6075,0.12592808112034684,0.7500000000000002,3,compact48,catboost
2024-05-15,0,0.76,0.21589668072761137,0.7500000000000002,3,compact48,catboost
2024-05-16,0,0.83,0.37647961198659885,0.7500000000000002,3,compact48,catboost
2024-05-17,1,0.825,0.36040047790653423,0.7500000000000002,3,compact48,catboost
2024-05-18,0,0.8675,0.5734946999666948,0.7500000000000002,3,compact48,catboost
2024-05-19,0,0.33,0.051164343249829165,0.7500000000000002,3,compact48,catboost
2024-05-20,0,0.53,0.0994296113809247,0.7500000000000002,3,compact48,catboost
2024-05-21,0,0.825,0.32315586919062683,0.7500000000000002,3,compact48,catboost
2024-05-22,0,0.805,0.27235350572046485,0.7500000000000002,3,compact48,catboost
2024-05-23,0,0.87,0.6180992654643361,0.7500000000000002,3,compact48,catboost
2024-05-24,0,0.215,0.03264271886778734,0.7500000000000002,3,compact48,catboost
2024-05-25,0,0.1325,0.02053363987337829,0.7500000000000002,3,compact48,catboost
2024-05-26,0,0.145,0.02182168038779451,0.7500000000000002,3,compact48,catboost
2024-05-27,0,0.1925,0.028723215737263105,0.7500000000000002,3,compact48,catboost
2024-05-28,0,0.36,0.056271616156042224,0.7500000000000002,3,compact48,catboost
2024-05-29,0,0.36,0.05624075704441672,0.7500000000000002,3,compact48,catboost
2024-05-30,0,0.2425,0.03767107913783081,0.7500000000000002,3,compact48,catboost
2024-05-31,0,0.5775,0.11601581227607581,0.7500000000000002,3,compact48,catboost
2024-06-01,0,0.715,0.17244832081720368,0.7500000000000002,3,compact48,catboost
2024-06-02,0,0.87,0.5952595311953653,0.7500000000000002,3,compact48,catboost
2024-06-03,0,0.88,0.8096058385312627,0.7500000000000002,3,compact48,catboost
2024-06-04,0,0.84,0.4066381230524341,0.7500000000000002,3,compact48,catboost
2024-06-05,0,0.825,0.3513997615315489,0.7500000000000002,3,compact48,catboost
2024-06-06,0,0.855,0.4597043496011619,0.7500000000000002,3,compact48,catboost
2024-06-07,0,0.8325,0.37927628828161025,0.7500000000000002,3,compact48,catboost
2024-06-08,0,0.785,0.24381002456779138,0.7500000000000002,3,compact48,catboost
2024-06-09,0,0.52,0.09521305138792271,0.7500000000000002,3,compact48,catboost
2024-06-10,0,0.425,0.07215892346042792,0.7500000000000002,3,compact48,catboost
2024-06-11,0,0.4675,0.0808528965420443,0.7500000000000002,3,compact48,catboost
2024-06-12,0,0.6175,0.1283178619854708,0.7500000000000002,3,compact48,catboost
2024-06-13,0,0.465,0.07944611595556575,0.7500000000000002,3,compact48,catboost
2024-06-14,1,0.4875,0.08679494555603176,0.7500000000000002,3,compact48,catboost
2024-06-15,1,0.715,0.1736780434625277,0.7500000000000002,3,compact48,catboost
2024-06-16,1,0.88,0.811480639475692,0.7500000000000002,3,compact48,catboost
2024-06-17,1,0.8375,0.39341829465806555,0.7500000000000002,3,compact48,catboost
2024-06-18,1,0.87,0.6330862383254916,0.7500000000000002,3,compact48,catboost
2024-06-19,1,0.8225,0.31967494283942416,0.7500000000000002,3,compact48,catboost
2024-06-20,1,0.5625,0.10904165422837163,0.7500000000000002,3,compact48,catboost
2024-06-21,1,0.81,0.2831554608462362,0.7500000000000002,3,compact48,catboost
2024-06-22,0,0.6825,0.15867226309288937,0.7500000000000002,3,compact48,catboost
2024-06-23,0,0.065,0.01401533006012731,0.7500000000000002,3,compact48,catboost
2024-06-24,0,0.035,0.008387270564990636,0.7500000000000002,3,compact48,catboost
2024-06-25,0,0.01,0.0052988048994055004,0.7500000000000002,3,compact48,catboost
2024-06-26,0,0.0075,0.0049429346782386245,0.7500000000000002,3,compact48,catboost
2024-06-27,0,0.0475,0.011607697388224253,0.7500000000000002,3,compact48,catboost
2024-06-28,0,0.0425,0.009908403465992536,0.7500000000000002,3,compact48,catboost
2024-06-29,0,0.125,0.019335714230846887,0.7500000000000002,3,compact48,catboost
2024-06-30,0,0.01,0.005421988692642883,0.7500000000000002,3,compact48,catboost
2024-07-08,0,0.7718940936863544,0.32278958151608,0.7300000000000002,4,compact48,catboost
2024-07-09,0,0.8228105906313645,0.4520174646565865,0.7300000000000002,4,compact48,catboost
2024-07-10,0,0.745417515274949,0.27453360168779795,0.7300000000000002,4,compact48,catboost
2024-07-11,0,0.8187372708757638,0.43249439578318777,0.7300000000000002,4,compact48,catboost
2024-07-12,0,0.8329938900203666,0.5096968418023774,0.7300000000000002,4,compact48,catboost
2024-07-13,0,0.8167006109979633,0.410668018210408,0.7300000000000002,4,compact48,catboost
2024-07-14,1,0.8329938900203666,0.5092071807895204,0.7300000000000002,4,compact48,catboost
2024-07-15,1,0.8391038696537678,0.5489134477332976,0.7300000000000002,4,compact48,catboost
2024-07-16,0,0.8370672097759674,0.5230998033457416,0.7300000000000002,4,compact48,catboost
2024-07-17,1,0.6904276985743381,0.22946722114319534,0.7300000000000002,4,compact48,catboost
2024-07-18,1,0.6720977596741344,0.21638476027017814,0.7300000000000002,4,compact48,catboost
2024-07-19,0,0.7535641547861507,0.29110937596984626,0.7300000000000002,4,compact48,catboost
2024-07-20,0,0.7942973523421588,0.3691643179193809,0.7300000000000002,4,compact48,catboost
2024-07-21,0,0.285132382892057,0.06253925774417188,0.7300000000000002,4,compact48,catboost
2024-07-22,0,0.18737270875763748,0.04087735030309378,0.7300000000000002,4,compact48,catboost
2024-07-23,0,0.20570264765784113,0.04301974532941381,0.7300000000000002,4,compact48,catboost
2024-07-24,0,0.028513238289205704,0.010951018426978888,0.7300000000000002,4,compact48,catboost
2024-07-25,0,0.024439918533604887,0.010193797035287914,0.7300000000000002,4,compact48,catboost
2024-07-26,0,0.048879837067209775,0.01436298787811833,0.7300000000000002,4,compact48,catboost
2024-07-27,0,0.12423625254582485,0.024768645513783976,0.7300000000000002,4,compact48,catboost
2024-07-28,0,0.014256619144602852,0.007630208094606708,0.7300000000000002,4,compact48,catboost
2024-07-29,0,0.06313645621181263,0.015915367804454718,0.7300000000000002,4,compact48,catboost
2024-07-30,0,0.11608961303462322,0.022070935168676472,0.7300000000000002,4,compact48,catboost
2024-07-31,0,0.18329938900203666,0.038365962230938695,0.7300000000000002,4,compact48,catboost
2024-08-01,0,0.285132382892057,0.06242636135983109,0.7300000000000002,4,compact48,catboost
2024-08-02,0,0.2973523421588595,0.06579713998066347,0.7300000000000002,4,compact48,catboost
2024-08-03,0,0.21792260692464357,0.047305716274102,0.7300000000000002,4,compact48,catboost
2024-08-04,0,0.7331975560081466,0.25959415831725086,0.7300000000000002,4,compact48,catboost
2024-08-05,0,0.7515274949083504,0.28892404062650784,0.7300000000000002,4,compact48,catboost
2024-08-06,0,0.7230142566191446,0.2474034409961215,0.7300000000000002,4,compact48,catboost
2024-08-07,0,0.7678207739307535,0.3066168518610145,0.7300000000000002,4,compact48,catboost
2024-08-08,0,0.7963340122199593,0.3716690152074817,0.7300000000000002,4,compact48,catboost
2024-08-09,0,0.6761710794297352,0.22254119645081086,0.7300000000000002,4,compact48,catboost
2024-08-10,0,0.824847250509165,0.46410215959464224,0.7300000000000002,4,compact48,catboost
2024-08-11,0,0.7026476578411406,0.2384178790186944,0.7300000000000002,4,compact48,catboost
2024-08-12,0,0.7678207739307535,0.3040942176614675,0.7300000000000002,4,compact48,catboost
2024-08-13,0,0.7596741344195519,0.2996215491371646,0.7300000000000002,4,compact48,catboost
2024-08-14,1,0.6802443991853361,0.22716806283753524,0.7300000000000002,4,compact48,catboost
2024-08-15,0,0.5967413441955194,0.17204319166600174,0.7300000000000002,4,compact48,catboost
2024-08-16,0,0.5274949083503055,0.13921950568202962,0.7300000000000002,4,compact48,catboost
2024-08-17,0,0.7413441955193483,0.26879169904209527,0.7300000000000002,4,compact48,catboost
2024-08-18,0,0.8431771894093686,0.58676686441183,0.7300000000000002,4,compact48,catboost
2024-08-19,0,0.8961303462321792,0.8367047372238191,0.7300000000000002,4,compact48,catboost
