SAMAWeekStart,ProductCategoryCOICOP,BaseNetSalesSAR,BaseGrossPositiveSAR,SAMASector,BaseCategoryGrossShare,SAMASectorShareMapped,RawSAMASectorTilt,BoundedSAMASectorTilt,PreNormalizedFactor,PreNormalizedNetSAR,WithinWeekNormalization,SAMACalibrationFactor,BlendedTargetShare,SAMATargetCategoryWeeklySAR
2023-01-01,Clothing and footwear,139715.93,140300.57,Clothing and Footwear,0.08454180929800179,0.13184141055257736,1.0689245347169234,1.0689245347169234,0.6497007344841694,90773.5423401388,1.0579999193631715,0.6873833246944445,96038.40047617628,96038.40047617628
2023-01-01,Education,32394.75,32576.18,Education,0.019629636552562685,0.019482738350619668,0.9988738896680467,0.9988738896680467,0.607123401790241,19667.61082014441,1.0579999193631715,0.6423365101375694,20808.330661779026,20808.330661779026
2023-01-01,Food and non-alcoholic beverages,270123.10000000003,278398.13,Beverage and Food,0.16775613680956755,0.26660472800172225,1.0719595916336844,1.0719595916336844,0.6515454659352471,175997.48104937337,1.0579999193631715,0.6893350504209315,186205.32075835834,186205.32075835834
2023-01-01,Furniture and household equipment,352381.29000000004,355207.31999999995,Furniture,0.2140395403147278,0.04731696666457999,0.7974040422979349,0.8,0.4862462884014357,171344.09436460998,1.0579999193631715,0.5144485339193604,181282.038021113,181282.038021113
2023-01-01,Information and communication,5132.0199999999995,6302.8,Electronic & Electric Devices,0.003797918395081685,0.03582782781560091,1.4002359621753806,1.25,0.7597598256272432,3899.1026203155243,1.0579999193631715,0.8038258342490006,4125.250257882555,4125.250257882555
2023-01-01,Other retail goods,723720.7000000001,743091.1,Other,0.44776914354120134,0.26399154743346426,0.9238051497701661,0.9238051497701661,0.5614960316023446,406366.301038471,1.0579999193631715,0.5940627561580214,429935.5137306126,429935.5137306126
2023-01-01,Personal care and miscellaneous goods,25726.339999999997,25931.21,Miscellaneous Goods and Services,0.015625534598230333,0.18839482158152773,1.452730690100326,1.25,0.7597598256272432,19545.839592427168,1.0579999193631715,0.8038258342490006,20679.49671267343,20679.49671267343
2023-01-01,Recreation and culture,73283.98000000001,77733.35,Recreation and Culture,0.04684028049062685,0.04653995959990778,0.9990356297269524,0.9990356297269524,0.607221708669402,44499.623553694284,1.0579999193631715,0.6424405188077945,47080.598131500046,47080.598131500046
2023-01-08,Clothing and footwear,155864.81,159651.36000000002,Clothing and Footwear,0.0940881442522505,0.1258583379004154,1.0446049113385318,1.0446049113385318,0.5980231163603563,93210.75940711483,1.0543845272145613,0.6305463208069929,98279.982488781,98279.982488781
2023-01-08,Education,35598.49,38507.95,Education,0.022694085126856726,0.026426413283959116,1.023101759279677,1.023101759279677,0.585712833433073,20850.492443838913,1.0543845272145613,0.6175665489628318,21984.43661758788,21984.43661758788
2023-01-08,Food and non-alcoholic beverages,297520.73000000004,308310.48,Beverage and Food,0.1816981760551278,0.2597845796079703,1.0550897892212028,1.0550897892212028,0.6040255765038934,179710.13046010924,1.0543845272145613,0.6368752219075605,189483.5809408494,189483.5809408494
2023-01-08,Furniture and household equipment,354171.0,366662.77,Furniture,0.2160872265396909,0.04571723744417136,0.7921686159906902,0.8,0.4579898944522969,162206.73890806444,1.0543845272145613,0.4828974583311319,171028.2757145953,171028.2757145953
2023-01-08,Information and communication,4135.03,4255.0,Electronic & Electric Devices,0.0025076206916954907,0.03481459304563535,1.4837984795823898,1.25,0.7156092100817137,2959.0655519641887,1.0543845272145613,0.7545272786423934,3119.992933004656,3119.992933004656
2023-01-08,Other retail goods,711171.8400000001,730230.7,Other,0.4303505553540029,0.2700660676909529,0.9324963659258471,0.9324963659258471,0.5338423902594113,379653.6749507836,1.0543845272145613,0.5628751562607607,400300.9605682527,400300.9605682527
2023-01-08,Personal care and miscellaneous goods,28813.38,29738.660000000003,Miscellaneous Goods and Services,0.017526035055063935,0.1955060907136882,1.4358910626756443,1.25,0.7156092100817137,20619.12010158425,1.0543845272145613,0.7545272786423934,21740.481199889167,21740.481199889167
2023-01-08,Recreation and culture,58223.6,59470.68,Recreation and Culture,0.03504815692531168,0.04182668031320734,1.0268765394276222,1.0268765394276222,0.5878738473849957,34228.13174060504,1.0543845272145613,0.6198450886368339,36089.61250275556,36089.61250275556
2023-01-15,Clothing and footwear,80624.96,81603.57999999999,Clothing and Footwear,0.08124794959980669,0.10956697696545449,1.0458757427752186,1.0458757427752186,0.9093674380941843,73317.7133216461,1.0455274914482933,0.9507686563553737,76655.68488790575,76655.68488790575
2023-01-15,Education,16337.849999999999,16337.849999999999,Education,0.01626664924956971,0.022848818957244672,1.0522885579834347,1.0522885579834347,0.9149432489657442,14948.205560114982,1.0455274914482933,0.9565983199087058,15628.759860920447,15628.759860920447
2023-01-15,Food and non-alcoholic beverages,228066.3,232891.53,Beverage and Food,0.23187658300851346,0.2689307494149892,1.02248638899679,1.02248638899679,0.8890308762501072,202757.98253211982,1.0455274914482933,0.9295062218658526,211989.0448479241,211989.0448479241
2023-01-15,Furniture and household equipment,180226.47999999998,184705.8,Furniture,0.1839008475999702,0.04687637996127388,0.8146209038235385,0.8146209038235385,0.7082961139937174,127653.71542276641,1.0455274914482933,0.7405430592664257,133465.4688600193,133465.4688600193
2023-01-15,Information and communication,1689.2,1719.19,Electronic & Electric Devices,0.0017116977278753172,0.036163241950674295,1.5802508857560975,1.25,1.0868492796299931,1835.9058031509844,1.0455274914482933,1.1363308009139312,1919.4899889038127,1919.4899889038127
2023-01-15,Other retail goods,417581.87,423149.04,Other,0.4213049461203367,0.2735024799411612,0.9372483976741383,0.9372483976741383,0.814918196677202,340295.0644654938,1.0455274914482933,0.8520193779074818,355787.84510284296,355787.84510284296
2023-01-15,Personal care and miscellaneous goods,23504.33,23664.97,Miscellaneous Goods and Services,0.023561837481161214,0.19674898750269962,1.374850584066711,1.25,1.0868492796299931,25545.66412868564,1.0455274914482933,1.1363308009139312,26708.694133845343,26708.694133845343
2023-01-15,Recreation and culture,37879.8,40305.14,Recreation and Culture,0.0401294892127668,0.04536236530650262,1.0185557597390316,1.0185557597390316,0.8856132749882775,33546.853733900956,1.0455274914482933,0.9259330257918013,35074.15783038828,35074.15783038828
2023-01-22,Clothing and footwear,127269.65999999999,127422.61,Clothing and Footwear,0.11651709678261206,0.10569094283766778,0.9854786447357171,0.9854786447357171,0.8104379991217135,103144.16859930077,1.061430198002738,0.8602233658767032,109480.33529918361,109480.33529918361
2023-01-22,Education,14503.809999999998,14513.099999999999,Education,0.013270990739522027,0.029022275459059457,1.1245382110422601,1.1245382110422601,0.9247978153168491,13413.091801770668,1.061430198002738,0.9816083282242628,14237.060686982342,14237.060686982342
2023-01-22,Food and non-alcoholic beverages,178176.08000000002,179879.32,Beverage and Food,0.1644842790273284,0.28602403106213553,1.0865299926714138,1.0865299926714138,0.8935406139445042,159207.5639134251,1.061430198002738,0.9484309907826033,168987.7160881604,168987.7160881604
2023-01-22,Furniture and household equipment,221109.07,224018.96000000002,Furniture,0.20484621091547334,0.04210779766652895,0.7887514830682608,0.8,0.6579040578512421,145468.55438071434,1.061430198002738,0.6983192343918487,154404.71647949368,154404.71647949368
2023-01-22,Information and communication,1099.95,1129.94,Electronic & Electric Devices,0.0010332336493385646,0.03437396337571205,1.6916272024899015,1.25,1.0279750903925657,1130.7212006773027,1.061430198002738,1.0911238037372637,1200.1816279208033,1200.1816279208033
2023-01-22,Other retail goods,489289.82,493402.36000000004,Other,0.4511743287387474,0.2645500693320307,0.9230485083740633,0.9230485083740633,0.7590966990660405,371418.28724861715,1.061430198002738,0.8057281595928922,394234.5861761375,394234.5861761375
2023-01-22,Personal care and miscellaneous goods,10713.92,10816.619999999999,Miscellaneous Goods and Services,0.009890875405869783,0.19443299736962677,1.5632566543273985,1.25,1.0279750903925657,11013.642880458718,1.061430198002738,1.0911238037372637,11690.213143336745,11690.213143336745
2023-01-22,Recreation and culture,42330.94,42412.909999999996,Recreation and Culture,0.03878298474110846,0.04379792289723876,1.0184080951771959,1.0184080951771959,0.8375185229570389,35452.94634418304,1.061430198002738,0.8889674516532505,37630.82785788665,37630.82785788665
2023-01-29,Clothing and footwear,107512.16,107572.85,Clothing and Footwear,0.11369196050773354,0.10940529733688598,0.99425157879817,0.99425157879817,1.126065557093664,121065.74034474314,1.05592170940072,1.1890370679436157,127835.94349468489,127835.94349468489
2023-01-29,Education,19944.39,20206.82,Education,0.02135625282240714,0.028369665158789373,1.0435166272864247,1.0435166272864247,1.1818619726630821,23571.51610896185,1.05592170940072,1.2479537144501087,24889.675582941603,24889.675582941603
2023-01-29,Food and non-alcoholic beverages,138072.41,139727.66999999998,Beverage and Food,0.14767585631019,0.2716202951664383,1.095715758916659,1.095715758916659,1.240981460620101,171345.30103313745,1.05592170940072,1.3103792652325794,180927.22316469144,180927.22316469144
2023-01-29,Furniture and household equipment,169736.31,171299.47,Furniture,0.18104356794707666,0.045324436785079456,0.8124233507104671,0.8124233507104671,0.9201312550285559,156179.68394421603,1.05592170940072,0.9715865676827826,164913.51884404078,164913.51884404078
2023-01-29,Information and communication,2278.65,2278.65,Electronic & Electric Devices,0.002408267381694796,0.03627413945902765,1.5020481759167803,1.25,1.415720101816217,3225.9306100035233,1.05592170940072,1.4948895899427415,3406.3301641230278,3406.3301641230278
2023-01-29,Other retail goods,455618.88,460759.05000000005,Other,0.48696859585091246,0.2705202646140467,0.9155979830455157,0.9155979830455157,1.0369843758239363,472469.65989040094,1.05592170940072,1.0949743147418496,498890.970911449,498890.970911449
2023-01-29,Personal care and miscellaneous goods,18812.58,19099.42,Miscellaneous Goods and Services,0.020185860134416964,0.19426380653907854,1.4044351655257867,1.25,1.415720101816217,26633.34767302573,1.05592170940072,1.4948895899427415,28122.73000196502,28122.73000196502
2023-01-29,Recreation and culture,24718.22,25234.23,Recreation and Culture,0.026669639045568325,0.04422209494065397,1.078805932956502,1.078805932956502,1.2218297961960947,30201.45770493023,1.05592170940072,1.2901566069961137,31890.37484618348,31890.37484618348
2023-02-05,Clothing and footwear,98156.62,101085.63,Clothing and Footwear,0.10156659658680489,0.11216317359140109,1.0149973499616132,1.0149973499616132,0.9985273875030162,98012.0733347263,1.0511498350837383,1.0496018987003914,103025.37472201281,103025.37472201281
2023-02-05,Education,24491.79,24663.33,Education,0.0247806784069827,0.021009058466497102,0.975537592597024,0.975537592597024,0.9597079280884115,23504.96503607648,1.0511498350837383,1.0087968303386898,24707.24012132082,24707.24012132082
2023-02-05,Food and non-alcoholic beverages,177577.37,179884.16999999998,Beverage and Food,0.18074006094379813,0.27147295480265776,1.062920594691445,1.062920594691445,1.0456730006049189,185687.86132742988,1.0511498350837383,1.0991590021373783,195185.76481138,195185.76481138
2023-02-05,Furniture and household equipment,190617.96,194477.89,Furniture,0.1954032180309211,0.04769640461914643,0.8093438848732275,0.8093438848732275,0.7962109802400664,151772.11278296178,1.0511498350837383,0.8369370405712074,159535.2313221208,159535.2313221208
2023-02-05,Information and communication,1183.6,1213.59,Electronic & Electric Devices,0.0012193642751376287,0.03785246704411642,1.6741490026327712,1.25,1.2297167420446715,1455.492735884073,1.0511498350837383,1.2926165505999683,1529.9409492901223,1529.9409492901223
2023-02-05,Other retail goods,421243.23,427233.35000000003,Other,0.42926613117887497,0.2765415033680594,0.936170720908017,0.936170720908017,0.9209798471300945,387956.52556998725,1.0511498350837383,0.9680878144262454,407800.4378725522,407800.4378725522
2023-02-05,Personal care and miscellaneous goods,16961.27,17626.34,Miscellaneous Goods and Services,0.017710206327861463,0.1902528542112616,1.4277959114419132,1.25,1.2297167420446715,20857.557685340027,1.0511498350837383,1.2926165505999683,21924.418321194724,21924.418321194724
2023-02-05,Recreation and culture,48724.55,49080.22,Recreation and Culture,0.049313744249619186,0.043011583896860245,0.9796988958329346,0.9796988958329346,0.9638017074947507,46960.80448691336,1.0511498350837383,1.0131000058865325,49362.84189181865,49362.84189181865
2023-02-12,Clothing and footwear,80411.81999999999,80682.57999999999,Clothing and Footwear,0.10634777028888576,0.1197119755716626,1.0179146887016612,1.0179146887016612,1.2380967222946195,99557.61077574492,1.0488696741590038,1.2986021056904882,104422.9587744045,104422.9587744045
2023-02-12,Education,10913.33,11040.86,Education,0.014552965994292046,0.020146574190209016,1.049995539008844,1.049995539008844,1.27711688386082,13937.598002144803,1.0488696741590038,1.3395291698380605,14618.723875068801,14618.723875068801
2023-02-12,Food and non-alcoholic beverages,125055.37999999999,126422.26000000001,Beverage and Food,0.1666372774133127,0.2628927625565466,1.0707817739046441,1.0707817739046441,1.3023993260723192,162872.04263371776,1.0488696741590038,1.3660471567623795,170831.54628683891,170831.54628683891
2023-02-12,Furniture and household equipment,146857.14,149645.84,Furniture,0.1972482959395616,0.05156185071872454,0.8177061904281867,0.8177061904281867,0.9945817320511035,146061.4286652714,1.0488696741590038,1.0431866172209385,153199.40309134178,153199.40309134178
2023-02-12,Information and communication,398.41,398.41,Electronic & Electric Devices,0.0005251445251353512,0.03932876227743701,1.9105777488147175,1.25,1.5203837021374036,605.736070768563,1.0488696741590038,1.5946843582575183,635.3381951733779,635.3381951733779
2023-02-12,Other retail goods,328199.57,331138.02,Other,0.4364732769437525,0.27830749197473154,0.9347276416036887,0.9347276416036887,1.1369157377852643,373135.2562673565,1.0488696741590038,1.1924764394370735,391370.25465837854,391370.25465837854
2023-02-12,Personal care and miscellaneous goods,15660.339999999998,15839.579999999998,Miscellaneous Goods and Services,0.02087816248950429,0.18373082727178366,1.3857135497225017,1.25,1.5203837021374036,23809.725705930465,1.0488696741590038,1.5946843582575183,24973.29924299454,24973.29924299454
2023-02-12,Recreation and culture,43308.81,43499.79,Recreation and Culture,0.05733710640555583,0.04431975543890503,0.9621089119353965,0.9621089119353965,1.170219767510182,50680.82556934264,1.0488696741590038,1.2274080262428297,53157.58100102573,53157.58100102573
2023-02-19,Clothing and footwear,76226.79000000001,76574.27000000002,Clothing and Footwear,0.1305681072076772,0.11766187304552309,0.9845092419677478,0.9845092419677478,1.572887861268733,119896.19269448085,1.0437411580878597,1.641687797862964,125140.59101326262,125140.59101326262
2023-02-19,Education,9299.3,9636.25,Education,0.01643093591463528,0.012546624358156804,0.9603503280512774,0.9603503280512774,1.5342906995349301,14267.829502185175,1.0437411580878597,1.6014023515760203,14891.920888010884,14891.920888010884
2023-02-19,Food and non-alcoholic beverages,92131.93,93982.29000000001,Beverage and Food,0.1602508220625937,0.2608920715816396,1.07584348012836,1.07584348012836,1.7188067703019512,158356.98504498543,1.0437411580878597,1.7939893689642123,165283.70296215496,165283.70296215496
2023-02-19,Furniture and household equipment,72532.22,73834.0,Furniture,0.12589562561382087,0.0593513924942978,0.8933323080521022,0.8933323080521022,1.4272202672327607,103519.45441138539,1.0437411580878597,1.4896485345679864,108047.5152319628,108047.5152319628
2023-02-19,Information and communication,131.52,131.52,Electronic & Electric Devices,0.00022425701818579142,0.04833114383673025,2.2388353447199374,1.25,1.99704557638914,262.6514342066997,1.0437411580878597,2.084398662654638,274.140112112338,274.140112112338
2023-02-19,Other retail goods,292271.19,298216.6,Other,0.5084942631501282,0.28338840421030403,0.9160399254078417,0.9160399254078417,1.4634987846652543,427738.53135766764,1.0437411580878597,1.5275139163666878,446448.31007805234,446448.31007805234
2023-02-19,Personal care and miscellaneous goods,10644.49,10742.26,Miscellaneous Goods and Services,0.0183168126229965,0.1771457421456953,1.4054717552095526,1.25,1.99704557638914,21257.531667418436,1.0437411580878597,2.084398662654638,22187.360720640667,22187.360720640667
2023-02-19,Recreation and culture,21243.86,23352.75,Recreation and Culture,0.039819176409962284,0.04068274832765313,1.003223511320839,1.003223511320839,1.6027864603302893,34049.37117315222,1.0437411580878597,1.6728941962726775,35538.73010042928,35538.73010042928
2023-02-26,Clothing and footwear,135191.56,137742.93,Clothing and Footwear,0.13390225838843497,0.12398587651204492,0.9885249772953635,0.9885249772953635,1.2863223112793705,173899.9199246637,1.0399699783740515,1.3377365862432669,180850.69596330178,180850.69596330178
2023-02-26,Education,28931.92,29042.14,Education,0.028232361068790266,0.02671100128775947,0.9917254200895289,0.9917254200895289,1.2904869010132303,37336.26378116269,1.0399699783740515,1.3420676345387257,38828.593437063646,38828.593437063646
2023-02-26,Food and non-alcoholic beverages,160649.22,182778.83000000002,Beverage and Food,0.17768242713143848,0.27501573424828835,1.0677189716777429,1.0677189716777429,1.3893738317094406,223201.8223525329,1.0399699783740515,1.44490707371634,232123.19436501255,232123.19436501255
2023-02-26,Furniture and household equipment,119129.18,120787.94,Furniture,0.11742002258908518,0.05032493359040348,0.8806557146781276,0.8806557146781276,1.1459569766720028,136516.91494621482,1.0399699783740515,1.191760852247176,141973.49308430724,141973.49308430724
2023-02-26,Information and communication,161.64000000000001,161.64000000000001,Electronic & Electric Devices,0.00015713300890221103,0.03383479905297432,2.2385377686765717,1.25,1.6265677914365784,262.91841780780857,1.0399699783740515,1.691581670884227,273.4272612817265,273.4272612817265
2023-02-26,Other retail goods,475963.68999999994,488601.11,Other,0.4749774967041585,0.2779414384297387,0.9227669683239332,0.9227669683239332,1.2007544237418297,571515.5063079848,1.0399699783740515,1.2487485520913373,594358.9687355501,594358.9687355501
2023-02-26,Personal care and miscellaneous goods,20700.21,21058.87,Miscellaneous Goods and Services,0.02047168774548691,0.1730514967293295,1.377378363761733,1.25,1.6265677914365784,33670.29486197337,1.0399699783740515,1.691581670884227,35016.095819454385,35016.095819454385
2023-02-26,Recreation and culture,47739.82000000001,48509.19,Recreation and Culture,0.047156613363703574,0.03913472014946131,0.9724178979354143,0.9724178979354143,1.2653629060785656,60408.19737086764,1.0399699783740515,1.3159394340698527,62822.711713396646,62822.711713396646
2023-03-05,Clothing and footwear,116394.53,118736.40999999999,Clothing and Footwear,0.11699398696377206,0.14494251385387644,1.0326540132908646,1.0326540132908646,1.2068122545933029,140466.34517162782,1.040907598694487,1.2561800460037946,146212.48604999005,146212.48604999005
2023-03-05,Education,13621.059999999998,13666.98,Education,0.013466420956757355,0.012042114292921624,0.9833714237753715,0.9833714237753715,1.1492181018568468,15653.568718478218,1.040907598694487,1.1962298547800467,16293.9186257503,16293.9186257503
2023-03-05,Food and non-alcoholic beverages,178865.01,180371.62,Beverage and Food,0.17772471779224627,0.2604776911478805,1.0590181542037997,1.0590181542037997,1.2376227370260025,221367.40323438332,1.040907598694487,1.2882509112874347,230423.01212993613,230423.01212993613
2023-03-05,Furniture and household equipment,149696.38,151604.79,Furniture,0.1493800328383299,0.05167871015238654,0.8528111448711017,0.8528111448711017,0.996638687535225,149193.2036919743,1.040907598694487,1.037408783008316,155296.33939655044,155296.33939655044
2023-03-05,Information and communication,507.29000000000013,558.1,Electronic & Electric Devices,0.0005499100412795131,0.0368150992049538,1.8787117378746867,1.25,1.4608138823130972,741.0562743586113,1.040907598694487,1.5205722703780968,771.3711070401049,771.3711070401049
2023-03-05,Other retail goods,465906.17000000004,476612.55000000005,Other,0.4696183964250744,0.284140720233146,0.9274024873325951,0.9274024873325951,1.083809942389721,504953.7392667156,1.040907598694487,1.1281460045740945,525610.1841919189,525610.1841919189
2023-03-05,Personal care and miscellaneous goods,18310.75,18935.77,Miscellaneous Goods and Services,0.018657892962478707,0.16912702803509533,1.391882463084274,1.25,1.4608138823130972,26748.597795564543,1.040907598694487,1.5205722703780968,27842.818699825737,27842.818699825737
2023-03-05,Recreation and culture,54261.67999999999,54407.05,Recreation and Culture,0.05360864202006188,0.040776123079739775,0.9597887802518416,0.9597887802518416,1.121658219424196,60863.0593717655,1.040907598694487,1.1675425637367738,63352.82097986442,63352.82097986442
2023-03-12,Clothing and footwear,116104.35,117045.04000000001,Clothing and Footwear,0.11053141383488312,0.125846732647324,1.019655421891765,1.019655421891765,1.0333080159376562,119971.55554023122,1.0450929389920405,1.0799029112603193,125381.42557498706,125381.42557498706
2023-03-12,Education,14594.800000000003,15308.03,Education,0.014456129016033535,0.031011427074127202,1.1212964842764632,1.1212964842764632,1.1363099931307676,16584.21708774493,1.0450929389920405,1.1875495503270592,17332.048177113367,17332.048177113367
2023-03-12,Food and non-alcoholic beverages,144800.05,146532.66999999998,Beverage and Food,0.1383780396683222,0.2770477023720172,1.1097447696828513,1.1097447696828513,1.1246036077861408,162842.65863761355,1.0450929389920405,1.1753152896622698,170185.71270886113,170185.71270886113
2023-03-12,Furniture and household equipment,171145.51,173592.11,Furniture,0.16393160572101603,0.051569224175833935,0.8407351125986539,0.8407351125986539,0.8519920675914892,145814.61692389988,1.0450929389920405,0.8904108939170946,152389.82654899705,152389.82654899705
2023-03-12,Information and communication,1059.56,1059.56,Electronic & Electric Devices,0.001000594855133449,0.03596094787424445,1.7113385353413797,1.25,1.2667367741993683,1342.1836164706826,1.0450929389920405,1.3238576582773145,1402.7066204043113,1402.7066204043113
2023-03-12,Other retail goods,518549.29000000004,525914.12,Other,0.49664668609048596,0.27711001723165474,0.9162008756409613,0.9162008756409613,0.9284682733824543,481456.5639499976,1.0450929389920405,0.9703356365901344,503166.8554155123,503166.8554155123
2023-03-12,Personal care and miscellaneous goods,27625.43,27984.300000000003,Miscellaneous Goods and Services,0.02642695704302822,0.161540517704637,1.3120039626471693,1.25,1.2667367741993683,34994.14808407045,1.0450929389920405,1.3238576582773145,36572.13706870387,36572.13706870387
2023-03-12,Recreation and culture,51126.7,51494.26,Recreation and Culture,0.04862857377109759,0.03991343092016148,0.9708097498190561,0.9708097498190561,0.9838083286776694,50298.873277804596,1.0450929389920405,1.0281711376225928,52566.997301889016,52566.997301889016
2023-03-19,Clothing and footwear,84983.9,86851.15,Clothing and Footwear,0.09851304440057397,0.11397502277470911,1.022109422838975,1.022109422838975,1.1449432684246985,97301.74422947773,1.0417655956888845,1.1927625060604343,101365.60953878934,101365.60953878934
2023-03-19,Education,12875.449999999999,12875.449999999999,Education,0.014604294560605935,0.020836984974457733,1.054758767839678,1.054758767839678,1.181516307418117,15212.554140346592,1.0417655956888845,1.2308630398135658,15847.915525967575,15847.915525967575
2023-03-19,Food and non-alcoholic beverages,163431.77,165935.21,Beverage and Food,0.18821607670535814,0.3168498252978009,1.0812584471289832,1.0812584471289832,1.2112006335183798,197948.66336103014,1.0417655956888845,1.2617871494760293,206216.10720212205,206216.10720212205
2023-03-19,Furniture and household equipment,130623.19,133337.43,Furniture,0.151241246222398,0.04912129983048698,0.8447728359370297,0.8447728359370297,0.94629493696246,123608.06334688544,1.0417655956888845,0.9858175087020726,128770.6277445175,128770.6277445175
2023-03-19,Information and communication,1275.5,1275.5,Electronic & Electric Devices,0.0014467671197552607,0.03657704770580841,1.6233849028256881,1.25,1.4002210072143553,1785.98189470191,1.0417655956888845,1.4587020716767527,1860.574492423698,1860.574492423698
2023-03-19,Other retail goods,405125.53,409147.0,Other,0.4640850072493184,0.27389816533862243,0.9239505700252085,0.9239505700252085,1.0349879982215802,419300.06132315675,1.0417655956888845,1.0782148884981506,436812.3781567042,436812.3781567042
2023-03-19,Personal care and miscellaneous goods,17604.52,18091.989999999998,Miscellaneous Goods and Services,0.02052128284040845,0.1538117367589571,1.3527506318922098,1.25,1.4002210072143553,24650.21872592526,1.0417655956888845,1.4587020716767527,25679.749794874828,25679.749794874828
2023-03-19,Recreation and culture,53923.090000000004,54107.08,Recreation and Culture,0.06137228090158171,0.034929917319157275,0.9189328861131995,0.9189328861131995,1.0293673050846548,55506.665835137304,1.0417655956888845,1.072359443764177,57824.93479844566,57824.93479844566
2023-03-26,Clothing and footwear,110750.44,110894.97,Clothing and Footwear,0.10094050690798896,0.1778848776074622,1.0887070423714553,1.0887070423714553,1.1270518311596724,124821.48620373943,1.0579048823466781,1.1923136348415815,132049.25967670447,132049.25967670447
2023-03-26,Education,9377.490000000002,9383.29,Education,0.008541000994586715,0.01908882247064846,1.1282115850745222,1.1282115850745222,1.1679477429704699,10952.418280228154,1.0579048823466781,1.2355776196142432,11586.61677215637,11586.61677215637
2023-03-26,Food and non-alcoholic beverages,146463.64,149191.7,Beverage and Food,0.13579953918978127,0.2643372578807444,1.1050680244910225,1.1050680244910225,1.1439890549855265,167552.80111334036,1.0579048823466781,1.210231606620351,177254.9263486647,177254.9263486647
2023-03-26,Furniture and household equipment,185533.02000000002,189293.89,Furniture,0.17230196474362278,0.043576962511390094,0.8136638265460768,0.8136638265460768,0.8423214601970557,156278.44432116955,1.0579048823466781,0.8910959852478483,165327.72925290876,165327.72925290876
2023-03-26,Information and communication,451.31,451.31,Electronic & Electric Devices,0.00041079825507545114,0.032070027376257665,1.9225188694079651,1.25,1.2940256047952685,584.0066957001526,1.0579048823466781,1.3689560051945275,617.8235347043423,617.8235347043423
2023-03-26,Other retail goods,551631.8500000001,559239.0,Other,0.5090390316415329,0.26127187761296644,0.9047971779015923,0.9047971779015923,0.9366645722809281,516694.0108367872,1.0579048823466781,0.9909020241371569,546613.1167435246,546613.1167435246
2023-03-26,Personal care and miscellaneous goods,18920.440000000002,19866.64,Miscellaneous Goods and Services,0.018083315340258713,0.16481222669402792,1.3930179276980488,1.25,1.2940256047952685,24483.53381399259,1.0579048823466781,1.3689560051945275,25901.24995892275,25901.24995892275
2023-03-26,Recreation and culture,59946.979999999996,60296.33,Recreation and Culture,0.05488384292715335,0.03695794784650281,0.9424091635201863,0.9424091635201863,0.9756012702310498,58484.349834515335,1.0579048823466781,1.0320933470010485,61870.87923080491,61870.87923080491
2023-04-02,Clothing and footwear,152307.15999999997,152553.28,Clothing and Footwear,0.12161197556371699,0.2102657767108517,1.0855975067662924,1.0855975067662924,0.9703752228341684,147795.09432423933,1.0494383267966139,1.018348950215981,155101.83649637742,155101.83649637742
2023-04-02,Education,19091.4,19586.41,Education,0.015613836780834486,0.015297696475366843,0.9969364172222936,0.9969364172222936,0.8911243734293535,17012.81186288916,1.0494383267966139,0.9351800714193816,17853.896815495984,17853.896815495984
2023-04-02,Food and non-alcoholic beverages,175822.01,177978.64,Beverage and Food,0.14188048935128492,0.23417393925938762,1.0780586351784598,1.0780586351784598,0.9636365059972513,169428.50739381378,1.0494383267966139,1.0112770824938906,177804.76931101165,177804.76931101165
2023-04-02,Furniture and household equipment,168540.12,170138.13,Furniture,0.13563021462413988,0.044791240997170266,0.8468870596552635,0.8468870596552635,0.757000835121913,127585.01159154742,1.0494383267966139,0.7944256897939797,133892.6010889601,133892.6010889601
2023-04-02,Information and communication,317.36999999999995,317.36999999999995,Electronic & Electric Devices,0.00025300008419784127,0.029190395204164978,2.0385337046570156,1.25,1.1173284951213862,354.6065444966743,1.0494383267966139,1.172567346402366,372.1376987277188,372.1376987277188
2023-04-02,Other retail goods,608609.47,614207.81,Other,0.4896323774930577,0.26374772541875624,0.9113764226948345,0.9113764226948345,0.8146454774869856,495800.9522912512,1.0494383267966139,0.8549201868263707,520312.52179669845,520312.52179669845
2023-04-02,Personal care and miscellaneous goods,19525.58,19903.9,Miscellaneous Goods and Services,0.01586693252627978,0.1650201321910479,1.4208773567969883,1.25,1.1173284951213862,21816.48691777224,1.0494383267966139,1.172567346402366,22895.05752756711,22895.05752756711
2023-04-02,Recreation and culture,97957.32,99740.92000000001,Recreation and Culture,0.0795111735764885,0.03751309374325445,0.893435506078334,0.893435506078334,0.7986087595956153,78229.57381851076,1.0494383267966139,0.8380906404351417,82097.11305411012,82097.11305411012
2023-04-09,Clothing and footwear,109292.89,109505.08,Clothing and Footwear,0.10164659850565082,0.2312438654074586,1.1312187775607825,1.1312187775607825,1.2305109259851144,134486.09527748925,1.0509552418722052,1.293211907845077,141338.86679080213,141338.86679080213
2023-04-09,Education,10735.86,11834.48,Education,0.01098519481546568,0.008966885893071918,0.9700074772089007,0.9700074772089007,1.055149386369406,11327.93609114785,1.0509552418722052,1.108914778563168,11905.153814585172,11905.153814585172
2023-04-09,Food and non-alcoholic beverages,150539.84999999998,154408.88,Beverage and Food,0.14332793904234595,0.21992996059585257,1.066333445514591,1.066333445514591,1.1599303171738178,174615.73595779893,1.0509552418722052,1.2190348470403134,183513.3230182217,183513.3230182217
2023-04-09,Furniture and household equipment,151806.01,156478.06,Furniture,0.14524862718481316,0.04398087776049682,0.8359355182278931,0.8359355182278931,0.9093093299038533,138038.62122847766,1.0509552418722052,0.955643406745757,145072.41256088048,145072.41256088048
2023-04-09,Information and communication,409.53,409.53,Electronic & Electric Devices,0.00038014064266259773,0.027806842589846684,1.9038428884236391,1.25,1.359718109345781,556.8453573203777,1.0509552418722052,1.429002874485513,585.219547188052,585.219547188052
2023-04-09,Other retail goods,530795.94,537345.3899999999,Other,0.49878353694817035,0.2638166199526276,0.9088841005011719,0.9088841005011719,0.9886609365983154,524777.2111829832,1.0509552418722052,1.0390383937522836,551517.3609078334,551517.3609078334
2023-04-09,Personal care and miscellaneous goods,23670.299999999996,25567.009999999995,Miscellaneous Goods and Services,0.02373222868254111,0.16658831684345754,1.3395098217607304,1.25,1.359718109345781,32184.935563647436,1.0509552418722052,1.429002874485513,33824.92673993443,33824.92673993443
2023-04-09,Recreation and culture,80687.27,81763.37,Recreation and Culture,0.07589573417835022,0.037666630957188224,0.9002454013619711,0.9002454013619711,0.9792639800697065,79014.13716115903,1.0509552418722052,1.0291626130308968,83040.3216315295,83040.3216315295
2023-04-16,Clothing and footwear,134630.84,135256.09,Clothing and Footwear,0.12728580424688007,0.22304301588248157,1.0877805738004471,1.0877805738004471,1.1068730198589087,149019.24443694155,1.044267706478355,1.1558717498108333,155615.98460930234,155615.98460930234
2023-04-16,Education,9244.980000000001,9678.390000000001,Education,0.009108067924815525,0.0015427497388258316,0.7661792448213426,0.8,0.8140413951256784,7525.796417108995,1.044267706478355,0.8500771406663326,7858.946163917432,7858.946163917432
2023-04-16,Food and non-alcoholic beverages,178613.78,180778.02000000002,Beverage and Food,0.17012524660337716,0.23139713823788605,1.0472210959906714,1.0472210959906714,1.06560165248161,190331.13912398677,1.044267706478355,1.112773393656516,198756.66212441836,198756.66212441836
2023-04-16,Furniture and household equipment,133497.57,144184.68,Furniture,0.1356882559142368,0.03835450334943447,0.8273535133768984,0.8273535133768984,0.8418750103643275,112388.26812736255,1.044267706478355,0.8791428862145977,117363.4389924353,117363.4389924353
2023-04-16,Information and communication,469.25,679.19,Electronic & Electric Devices,0.0006391671191030178,0.0220599684603203,1.700977501336277,1.25,1.2719396798838725,596.8576947855072,1.044267706478355,1.3282455322911446,623.2792160276196,623.2792160276196
2023-04-16,Other retail goods,501126.64,507595.04000000004,Other,0.4776837989189786,0.26267481552158634,0.9142009927902995,0.9142009927902995,0.9302468144953696,466171.4605187679,1.044267706478355,0.9714267074318754,486807.80190159875,486807.80190159875
2023-04-16,Personal care and miscellaneous goods,23015.980000000003,23710.15,Miscellaneous Goods and Services,0.02231297320190288,0.17710907803862064,1.3644339177429852,1.25,1.2719396798838725,29274.938233413613,1.044267706478355,1.3282455322911446,30570.872606302342,30570.872606302342
2023-04-16,Recreation and culture,60549.56,60735.68,Recreation and Culture,0.057156686070705946,0.04381873077084479,0.9609237180126183,0.9609237180126183,0.9777896050254323,59204.730356863714,1.044267706478355,1.0210741082582848,61825.58798243151,61825.58798243151
2023-04-23,Clothing and footwear,143507.52,144251.95,Clothing and Footwear,0.12858538220487586,0.10199892376106101,0.9658520332262526,0.9658520332262526,0.79596829844434,114227.43650836709,1.0513801265473577,0.8368652503460952,120096.45665134725,120096.45665134725
2023-04-23,Education,8876.419999999998,8992.55,Education,0.00801590882304507,0.010432996104824139,1.040323577979417,1.040323577979417,0.857341041598065,7610.119168461894,1.0513801265473577,0.901391332809617,8001.128054377939,8001.128054377939
2023-04-23,Food and non-alcoholic beverages,168408.53999999998,169780.4,Beverage and Food,0.1513412998915904,0.3147254317772276,1.1160821356115072,1.1160821356115072,0.9197744249079146,154897.86802808152,1.0513801265473577,0.9670325512547064,162856.54008928026,162856.54008928026
2023-04-23,Furniture and household equipment,162892.3,164754.78000000003,Furniture,0.14686149030484677,0.03490470263406516,0.8061138849033167,0.8061138849033167,0.6643264964464219,108213.67095709949,1.0513801265473577,0.6984596759026018,113773.70306502937,113773.70306502937
2023-04-23,Information and communication,368.95,443.29,Electronic & Electric Devices,0.0003951462290637972,0.030840383581880824,1.922446618548346,1.25,1.0301374732648658,380.06922076107224,1.0513801265473577,1.08306606700239,399.59722542053174,399.59722542053174
2023-04-23,Other retail goods,540484.25,546149.4099999999,Other,0.48683453239846974,0.2817981351004205,0.9212627486232485,0.9212627486232485,0.7592218240638388,410347.4381627758,1.0513801265473577,0.7982307374617545,431431.1414639633,431431.1414639633
2023-04-23,Personal care and miscellaneous goods,24856.86,25234.14,Miscellaneous Goods and Services,0.02249357139720708,0.17811301066857596,1.3639409996928973,1.25,1.0301374732648658,25605.982953698513,1.0513801265473577,1.08306606700239,26921.621598229027,26921.621598229027
2023-04-23,Recreation and culture,61966.70999999999,62231.34,Recreation and Culture,0.055472668750901316,0.04718641637194483,0.9760244347173959,0.9760244347173959,0.8043514760196376,49843.01465258083,1.0513801265473577,0.8456791566460805,52403.95505293224,52403.95505293224
2023-04-30,Clothing and footwear,142339.56,142560.01,Clothing and Footwear,0.12793756051591573,0.09618713582449653,0.958115440561393,0.958115440561393,0.9082861405033908,129285.04959335084,1.048293957753752,0.9521508730011801,135528.73631660384,135528.73631660384
2023-04-30,Education,14952.990000000002,16571.72,Education,0.014871950628740915,0.032544680649426505,1.1246485091855916,1.1246485091855916,1.066158221218666,15942.253220300501,1.048293957753752,1.1176472213130155,16712.16772382131,16712.16772382131
2023-04-30,Food and non-alcoholic beverages,168256.30000000002,172271.02,Beverage and Food,0.1546010977860378,0.2850275970727147,1.0961024556297578,1.0961024556297578,1.0390967798586987,174834.57952093918,1.048293957753752,1.0892788758472545,183278.03331821843,183278.03331821843
2023-04-30,Furniture and household equipment,122930.12000000001,142602.3,Furniture,0.1279755128100704,0.03976068260799703,0.839168248176776,0.839168248176776,0.7955251080421722,97793.9969946372,1.048293957753752,0.8339441640020099,102516.85615406676,102516.85615406676
2023-04-30,Information and communication,377.53999999999996,377.53999999999996,Electronic & Electric Devices,0.0003388155387838344,0.03403547843582872,1.9966193743761134,1.25,1.1849904798152435,447.381305749447,1.048293957753752,1.2422183599860392,468.9871196291292,468.9871196291292
2023-04-30,Other retail goods,537305.7000000001,544326.8,Other,0.48849493567961144,0.28053303007080077,0.9201711029097557,0.9201711029097557,0.8723151973993226,468699.9277592813,1.048293957753752,0.9144427506904813,491335.3022696746,491335.3022696746
2023-04-30,Personal care and miscellaneous goods,21954.65,23010.170000000002,Miscellaneous Goods and Services,0.020650005684318545,0.19066447117229013,1.3957332982237693,1.25,1.1849904798152435,26016.05123767574,1.048293957753752,1.2422183599860392,27272.4693170675,27272.4693170675
2023-04-30,Recreation and culture,71158.09,72574.08,Recreation and Culture,0.06513012135652144,0.04124692416644569,0.9337733009088425,0.9337733009088425,0.8852099775061064,62989.85124827749,1.048293957753752,0.927960270762986,66031.88046337693,66031.88046337693
2023-05-07,Clothing and footwear,113973.31,115359.35,Clothing and Footwear,0.11099505763241091,0.09872832846051321,0.9825863382553852,0.9825863382553852,1.034017778939098,117850.42886453729,1.0494163734467306,1.0851151876537115,123674.16966816463,123674.16966816463
2023-05-07,Education,12921.59,21322.049999999996,Education,0.020515390981235126,0.025893257174968837,1.0355379824788244,1.0355379824788244,1.089741066979424,14081.187273670657,1.0494163734467306,1.143592118505518,14777.028482559717,14777.028482559717
2023-05-07,Food and non-alcoholic beverages,116198.38,143010.6,Beverage and Food,0.1376002013624874,0.28210888436387693,1.1137036784757721,1.1137036784757721,1.171998183954508,136184.29033845582,1.0494163734467306,1.229914083891694,142914.02408739895,142914.02408739895
2023-05-07,Furniture and household equipment,92914.63000000002,140684.76,Furniture,0.1353623528929549,0.042410639409429476,0.8402268175556051,0.8402268175556051,0.8842067448612341,82155.74254228598,1.0494163734467306,0.9279010355694148,86215.58139654904,86215.58139654904
2023-05-07,Information and communication,192.36,217.76,Electronic & Electric Devices,0.00020952167076213412,0.03544299929689241,2.1589631397473115,1.25,1.3154286532914643,253.0358557471461,1.0494163734467306,1.3804323668650451,265.5399700901601,265.5399700901601
2023-05-07,Other retail goods,503184.13999999996,523822.68999999994,Other,0.5040053508078409,0.2856752373610848,0.9183656207976053,0.9183656207976053,0.9664355614359789,486295.04684658017,1.0494163734467306,1.0141933020521,510325.9844868461,510325.9844868461
2023-05-07,Personal care and miscellaneous goods,21550.23,22043.64,Miscellaneous Goods and Services,0.021209681679275394,0.18962516095584106,1.3890064798911432,1.25,1.3154286532914643,28347.79002702131,1.0494163734467306,1.3804323668650451,29748.6350053861,29748.6350053861
2023-05-07,Recreation and culture,52386.94,72858.85,Recreation and Culture,0.07010244297303324,0.04011549297739328,0.9196802223576893,0.9196802223576893,0.9678189730838158,50701.07447380348,1.0494163734467306,1.015645076886557,53206.53770415145,53206.53770415145
2023-05-14,Clothing and footwear,100473.56,101470.34,Clothing and Footwear,0.09953689259732573,0.09837889946880056,0.9982462380591676,0.9982462380591676,0.8862387422254415,89043.56144131243,1.0527843806381167,0.933018305331315,93743.6706818042,93743.6706818042
2023-05-14,Education,15330.27,15344.07,Education,0.015051699320174229,0.023293724510283362,1.0676969696844667,1.0676969696844667,0.9478968048312267,14531.513950200011,1.0527843806381167,0.9979309505830929,15298.550913795472,15298.550913795472
2023-05-14,Food and non-alcoholic beverages,134726.43,136520.31,Beverage and Food,0.13391900957288222,0.2812565414494133,1.1177355408466476,1.1177355408466476,0.9923208343730251,133691.84342969896,1.0527843806381167,1.0446998750097045,140748.6845815037,140748.6845815037
2023-05-14,Furniture and household equipment,135682.97999999998,141909.71999999997,Furniture,0.1392057280793241,0.043606302973928514,0.8402022191550208,0.8402022191550208,0.7459279379471457,101209.7254859238,1.0527843806381167,0.7853012821523534,106552.0181602521,106552.0181602521
2023-05-14,Information and communication,309.07,339.06,Electronic & Electric Devices,0.00033259944535565035,0.036300038319506935,2.021612128459266,1.25,1.109744655723051,342.9887807443234,1.0527843806381167,1.1683218400418525,361.09323110173534,361.09323110173534
2023-05-14,Other retail goods,535201.64,541161.74,Other,0.530850275973865,0.2894483484904472,0.9130401051467802,0.9130401051467802,0.8105931017179616,433830.7574121399,1.0527843806381167,0.8533797565416742,456730.24524390476,456730.24524390476
2023-05-14,Personal care and miscellaneous goods,20119.13,20719.83,Miscellaneous Goods and Services,0.02032502791795955,0.1885118154212887,1.3966774256687084,1.25,1.109744655723051,22327.09699529731,1.0527843806381167,1.1683218400418525,23505.618981641237,23505.618981641237
2023-05-14,Recreation and culture,61406.229999999996,61959.36,Recreation and Culture,0.060778767093113514,0.03920432936633143,0.9363480738856932,0.9363480738856932,0.8312858167129765,51046.12805681488,1.0527843806381167,0.8751647236814221,53740.566310267845,53740.566310267845
2023-05-21,Clothing and footwear,90105.76000000001,93948.64,Clothing and Footwear,0.11938929540717029,0.10575562903311109,0.9819756427625821,0.9819756427625821,1.2286995785867023,110712.90934023455,1.0558381546747344,1.2973078957046076,116894.91389646441,116894.91389646441
2023-05-21,Education,9975.480000000001,9989.140000000001,Education,0.012694131456544567,0.021849846926718302,1.084867780076895,1.084867780076895,1.3574436331768096,13541.151813882603,1.0558381546747344,1.4332407807283698,14297.26474334024,14297.26474334024
2023-05-21,Food and non-alcoholic beverages,90709.62,96476.56,Beverage and Food,0.12260175902181861,0.2755732465527549,1.1291744759530065,1.1291744759530065,1.412882501699447,128162.03483380619,1.0558381546747344,1.4917752533665665,135318.36635828495,135318.36635828495
2023-05-21,Furniture and household equipment,87663.17,100942.47,Furniture,0.1282770072026527,0.042922611799061275,0.8485561750624288,0.8485561750624288,1.0617581224042953,93077.08278320855,1.0558381546747344,1.121044736670262,98274.33532833042,98274.33532833042
2023-05-21,Information and communication,140.70999999999998,140.70999999999998,Electronic & Electric Devices,0.0001788133149851124,0.04774293061191153,2.31193906260003,1.25,1.5640657531102482,220.079692120143,1.0558381546747344,1.6514002985538732,232.36853600951545,232.36853600951545
2023-05-21,Other retail goods,414236.79000000004,418127.99,Other,0.5313542177525544,0.2833869128871435,0.9100166715522999,0.9100166715522999,1.1386607285874635,471675.1651091321,1.0558381546747344,1.202241442472376,498012.63593472674,498012.63593472674
2023-05-21,Personal care and miscellaneous goods,14266.19,14266.19,Miscellaneous Goods and Services,0.018129377628508712,0.1846203360850596,1.4163953630032657,1.25,1.5640657531102482,22313.25920636389,1.0558381546747344,1.6514002985538732,23559.19042522628,23559.19042522628
2023-05-21,Recreation and culture,47969.45,53018.380000000005,Recreation and Culture,0.06737539821576566,0.03814848610423979,0.9182192524253993,0.9182192524253993,1.148924229252049,55113.263368894695,1.0558381546747344,1.213078038074575,58190.68629351642,58190.68629351642
2023-05-28,Clothing and footwear,155777.78,179038.34999999998,Clothing and Footwear,0.13904385916619091,0.11284272810876288,0.9691662112673172,0.9691662112673172,0.9530249384269096,148460.10919278066,1.0505184623841983,1.0011702929300323,155960.08563459013,155960.08563459013
2023-05-28,Education,12737.57,12821.75,Education,0.009957562730354188,0.024224785962358938,1.1426573949964083,1.1426573949964083,1.123626660576119,14312.273242954554,1.0505184623841983,1.1803905517623159,15035.307280411122,15035.307280411122
2023-05-28,Food and non-alcoholic beverages,211819.2,213201.02000000002,Beverage and Food,0.16557509940729603,0.27532520756766254,1.0792638799211276,1.0792638799211276,1.061288952039744,224801.37678989695,1.0505184623841983,1.114903638042129,236157.99668717338,236157.99668717338
2023-05-28,Furniture and household equipment,152098.94,167644.36,Furniture,0.13019511619631333,0.04088766869063084,0.8405230897448428,0.8405230897448428,0.8265243428193871,125713.4764270254,1.0505184623841983,0.8682790817417326,132064.3279570909,132064.3279570909
2023-05-28,Information and communication,388.98,388.98,Electronic & Electric Devices,0.0003020876831051278,0.04707586015799601,2.132552771359908,1.25,1.2291814955825524,478.12701815170124,1.0505184623841983,1.2912778547304922,502.28125993306685,502.28125993306685
2023-05-28,Other retail goods,614350.97,621266.81,Other,0.48248509235182696,0.2807213055835729,0.9219741006441442,0.9219741006441442,0.9066188031345184,556982.1411259304,1.0505184623841983,0.9524197910374764,585120.0224710709,585120.0224710709
2023-05-28,Personal care and miscellaneous goods,15074.98,15379.5,Miscellaneous Goods and Services,0.0119439496177575,0.1804702555870149,1.5027566226935944,1.25,1.2291814955825524,18529.886462277067,1.0505184623841983,1.2912778547304922,19465.987834505075,19465.987834505075
2023-05-28,Recreation and culture,77677.06,77898.62,Recreation and Culture,0.060497232847156066,0.03845218834200096,0.9342816790601175,0.9342816790601175,0.9187214012499949,71363.57740817993,1.0505184623841983,0.9651337938006007,74968.75560907689,74968.75560907689
2023-06-04,Clothing and footwear,80952.54000000001,81025.6,Clothing and Footwear,0.0944675964611074,0.11629167162032535,1.0316677676963444,1.0316677676963444,1.2556750395809797,101650.08386868086,1.0440726626384453,1.3110159819839486,106130.0737221949,106130.0737221949
2023-06-04,Education,13793.1,13825.35,Education,0.016118949871812997,0.02993722338782284,1.0973147475117249,1.0973147475117249,1.3355760276307604,18421.733706713843,1.0440726626384453,1.3944384193245258,19233.62856158512,19233.62856158512
2023-06-04,Food and non-alcoholic beverages,138375.14,139954.74,Beverage and Food,0.16317297127252628,0.25298141160247295,1.0679872266207024,1.0679872266207024,1.2998805866092031,179871.15815533063,1.0440726626384453,1.357169785173095,187798.55902709698,187798.55902709698
2023-06-04,Furniture and household equipment,89392.18000000001,92912.33,Furniture,0.10832631287767376,0.04245271914776244,0.8689118752814,0.8689118752814,1.0575797631272854,94539.36054983168,1.0440726626384453,1.1041901192408412,98705.96189339875,98705.96189339875
2023-06-04,Information and communication,1493.49,1493.49,Electronic & Electric Devices,0.0017412572154812712,0.048569889227061944,1.6475007750872632,1.25,1.5214140139136445,2272.216615639889,1.0440726626384453,1.5884667804822636,2372.359251982456,2372.359251982456
2023-06-04,Other retail goods,456598.99,461280.35000000003,Other,0.5378059028163739,0.2870302580576101,0.9101129993243009,0.9101129993243009,1.1077269371335765,505787.00069098454,1.0440726626384453,1.1565474127293829,528078.3805393494,528078.3805393494
2023-06-04,Personal care and miscellaneous goods,20954.629999999997,21016.629999999997,Miscellaneous Goods and Services,0.024503249859456806,0.18233718033355803,1.3512874145425982,1.25,1.5214140139136445,31880.66773837527,1.0440726626384453,1.5884667804822636,33285.73365229705,33285.73365229705
2023-06-04,Recreation and culture,45870.090000000004,46199.37,Recreation and Culture,0.053863759625567616,0.040399646623386375,0.9577719976692982,0.9577719976692982,1.1657341915105095,53472.33228066431,1.0440726626384453,1.217111201259053,55829.00034176088,55829.00034176088
2023-06-11,Clothing and footwear,176300.47,186001.52000000002,Clothing and Footwear,0.1803892479149768,0.1228772135426757,0.9440371953680493,0.9440371953680493,1.0042428511510995,177048.48665207886,1.0477891251939058,1.0522347384898443,185509.47894608663,185509.47894608663
2023-06-11,Education,10566.63,10817.06,Education,0.010490674044229202,0.030449232849161078,1.1733185701137718,1.1733185701137718,1.2481465687379043,13188.702977623001,1.0477891251939058,1.307794401371664,13818.979555365866,13818.979555365866
2023-06-11,Food and non-alcoholic beverages,146237.49,153434.75,Beverage and Food,0.14880512350932662,0.2555131794719866,1.0844744216343147,1.0844744216343147,1.1536364144612847,168704.89362341797,1.0477891251939058,1.2087676895002237,176767.15290561205,176767.15290561205
2023-06-11,Furniture and household equipment,110044.65000000001,119577.73999999999,Furniture,0.11596968984969926,0.04333423145726768,0.862726206326621,0.862726206326621,0.9177462810312698,100993.06828488773,1.0477891251939058,0.9616045729517145,105819.4386688709,105819.4386688709
2023-06-11,Information and communication,717.73,717.73,Electronic & Electric Devices,0.000696073746633986,0.0386310028010737,1.826594346705125,1.25,1.329718331118799,954.3787377938957,1.0477891251939058,1.3932644069172668,999.98766277673,999.98766277673
2023-06-11,Other retail goods,466824.0399999999,502495.76999999996,Other,0.48733383485660303,0.28476529458365696,0.9225694603471397,0.9225694603471397,0.9814060185231758,458143.92244730366,1.0477891251939058,1.0283065536084324,480038.2197139649,480038.2197139649
2023-06-11,Personal care and miscellaneous goods,12546.76,12802.03,Miscellaneous Goods and Services,0.012415751029803253,0.18361398712781754,1.4979244681886483,1.25,1.329718331118799,16683.656768148103,1.0477891251939058,1.3932644069172668,17480.954130133287,17480.954130133287
2023-06-11,Recreation and culture,43452.64,45265.41,Recreation and Culture,0.04389960504872793,0.04081585816636077,0.9891342676547706,0.9891342676547706,1.0522159741106536,45721.56192527955,1.0477891251939058,1.1025004550284552,47906.55537218765,47906.55537218765
2023-06-18,Clothing and footwear,116448.67,116690.66,Clothing and Footwear,0.12045720875541506,0.14189371343669593,1.0248718246938986,1.0248718246938986,1.1784148415785107,137224.84101007826,1.04701318501104,1.2338158765453966,143676.21784859564,143676.21784859564
2023-06-18,Education,11645.330000000002,11677.61,Education,0.012054540659332312,0.03837818358155416,1.1897071248521367,1.1897071248521367,1.367945238885054,15930.173728745287,1.04701318501104,1.4322567014857284,16679.1019335128,16679.1019335128
2023-06-18,Food and non-alcoholic beverages,154445.0,157811.68,Beverage and Food,0.1629055357284187,0.22989391936476725,1.0530251560430102,1.0530251560430102,1.2107860149314122,186999.84607608197,1.04701318501104,1.2677089218601625,195791.3044366928,195791.3044366928
2023-06-18,Furniture and household equipment,126493.51000000001,129737.9,Furniture,0.13392558842146546,0.041154337553751655,0.8377854388644717,0.8377854388644717,0.9632997721555345,121851.16936215384,1.04701318501104,1.0085875625649754,127579.78093118835,127579.78093118835
2023-06-18,Information and communication,180.04,180.04,Electronic & Electric Devices,0.00018585134289518052,0.03743213230767868,2.216214691662631,1.25,1.4372709996326507,258.7662707738624,1.04701318501104,1.504841687049383,270.9316973363709,270.9316973363709
2023-06-18,Other retail goods,466137.27,482864.0200000001,Other,0.4984499364183811,0.27653192217247474,0.9154161268858433,0.9154161268858433,1.0525608414152523,490637.83712620864,1.04701318501104,1.1020450789880836,513704.28453643963,513704.28453643963
2023-06-18,Personal care and miscellaneous goods,19473.26,19633.239999999998,Miscellaneous Goods and Services,0.020266963004795455,0.1873027906575084,1.395929020298477,1.25,1.4372709996326507,27988.351866306508,1.04701318501104,1.504841687049383,29304.173430751267,29304.173430751267
2023-06-18,Recreation and culture,48953.29,50136.08,Recreation and Culture,0.05175437566929684,0.04741300092556918,0.9869441008610774,0.9869441008610774,1.1348049075409188,55552.433732273785,1.04701318501104,1.188155700610576,58164.13057714271,58164.13057714271
2023-06-25,Clothing and footwear,100136.88999999998,100260.44,Clothing and Footwear,0.10009836573112645,0.16013517926880305,1.0730228355305533,1.0730228355305533,1.1836868742644775,118530.7223226658,1.0588142308495079,1.253304507341001,125502.01558810999,125502.01558810999
2023-06-25,Education,10243.96,10243.96,Education,0.010227400304796488,0.004570748003681253,0.8862031788356851,0.8862031788356851,0.9775999503315201,10014.494787198078,1.0588142308495079,1.0350967394887856,10603.489595453539,10603.489595453539
2023-06-25,Food and non-alcoholic beverages,129868.47,138018.03999999998,Beverage and Food,0.13779492934015886,0.27563346361899227,1.1095958043805587,1.1095958043805587,1.2240317222464216,158963.12699960775,1.0588142308495079,1.2960222065257434,168312.4210475223,168312.4210475223
2023-06-25,Furniture and household equipment,290900.94,309492.01,Furniture,0.30899170607910204,0.03336172863428603,0.7161355915716209,0.8,0.8825063810905434,256721.9358152373,1.0588142308495079,0.9344103151141664,271820.83901240723,271820.83901240723
2023-06-25,Information and communication,534.9200000000001,534.9200000000001,Electronic & Electric Devices,0.000534055284386286,0.02610681333132789,1.792153262063985,1.25,1.378916220453974,737.6098646452399,1.0588142308495079,1.460016117365885,780.9918215013593,780.9918215013593
2023-06-25,Other retail goods,393706.83999999997,398528.88,Other,0.39788464507692367,0.27908671766729987,0.9481942083434071,0.9481942083434071,1.045984299220191,411811.17313559586,1.0588142308495079,1.107503061259488,436031.5305387994,436031.5305387994
2023-06-25,Personal care and miscellaneous goods,9770.23,9770.23,Miscellaneous Goods and Services,0.009754436104780943,0.1729817915984909,1.5392874671971761,1.25,1.378916220453974,13472.32862456603,1.0588142308495079,1.460016117365885,14264.69327037169,14264.69327037169
2023-06-25,Recreation and culture,34747.729999999996,34770.67,Recreation and Culture,0.03471446207872523,0.04812355787711876,1.0502122826484803,1.0502122826484803,1.1585238011711865,40256.07224167007,1.0588142308495079,1.226661487457918,42623.70216758612,42623.70216758612
2023-07-02,Clothing and footwear,123543.78,124995.93999999999,Clothing and Footwear,0.13880566417019716,0.10737951959417126,0.9622261164582308,0.9622261164582308,1.0869760329935974,134289.12788543373,1.052777711289743,1.1443441402418035,141376.60070632253,141376.60070632253
2023-07-02,Education,12368.18,12378.84,Education,0.01374647134824222,0.011908303270074173,0.9786982195943861,0.9786982195943861,1.10558369808993,13674.058183041912,1.052777711289743,1.1639338753143667,14395.743677985643,14395.743677985643
2023-07-02,Food and non-alcoholic beverages,144136.84,148184.38,Beverage and Food,0.16455599506311072,0.2632684131146547,1.073032205794163,1.073032205794163,1.212147820952581,174715.1565249908,1.052777711289743,1.2761222086873072,183936.222614009,183936.222614009
2023-07-02,Furniture and household equipment,148609.40000000002,153860.66,Furniture,0.17085939832097657,0.041261981092988946,0.8080471083603089,0.8080471083603089,0.9128081490350646,135651.87134321153,1.052777711289743,0.9609840739877619,142811.26664487692,142811.26664487692
2023-07-02,Information and communication,78.22,101.44,Electronic & Electric Devices,0.00011264723136947328,0.03594706845328321,2.3746053584405558,1.25,1.4120589932054473,110.45125444853008,1.052777711289743,1.4865842350729295,116.28061886740454,116.28061886740454
2023-07-02,Other retail goods,393708.16,407861.44999999995,Other,0.4529225465776701,0.2967676312172841,0.9385531863679237,0.9385531863679237,1.060233973929964,417422.76704545406,1.052777711289743,1.1161906965056165,439453.38533034467,439453.38533034467
2023-07-02,Personal care and miscellaneous goods,13049.78,14222.99,Miscellaneous Goods and Services,0.015794365588482896,0.20016099001596638,1.4636309621197063,1.25,1.4120589932054473,18427.05920835258,1.052777711289743,1.4865842350729295,19399.597219170013,19399.597219170013
2023-07-02,Recreation and culture,38716.49,38904.670000000006,Recreation and Culture,0.04320291169995078,0.043306093241577234,1.0003578820017898,1.0003578820017898,1.1300514749636648,43751.626629915976,1.052777711289743,1.1896930054518453,46060.73734864631,46060.73734864631
2023-07-09,Clothing and footwear,85931.16999999998,88718.43,Clothing and Footwear,0.09437523837562532,0.1006907017038577,1.0097635644232934,1.0097635644232934,1.0664213720886506,91638.83621658308,1.0547126594238854,1.1247681214220895,96652.64065250219,96652.64065250219
2023-07-09,Education,9044.920000000002,9296.320000000002,Education,0.009889066071346094,0.014966898409509745,1.0641343928890656,1.0641343928890656,1.123842946343195,10165.069542238492,1.0547126594238854,1.1853313827124061,10721.227530123098,10721.227530123098
2023-07-09,Food and non-alcoholic beverages,157323.27000000002,163546.45,Beverage and Food,0.17397439522134567,0.2712905126268905,1.0689130779439322,1.0689130779439322,1.128889763293756,177600.6290308997,1.0547126594238854,1.190654324439958,187317.63176053512,187317.63176053512
2023-07-09,Furniture and household equipment,260727.37000000002,270246.82,Furniture,0.28747812667283124,0.04252411190574756,0.7507659489446868,0.8,0.8448879794530644,220285.42082741152,1.0547126594238854,0.8911140477242145,232337.82203318898,232337.82203318898
2023-07-09,Information and communication,231.82,231.82,Electronic & Electric Devices,0.00024660116009985145,0.03568745747900439,2.109007255976507,1.25,1.320137467895413,306.03426780751465,1.0547126594238854,1.3923656995690852,322.7782164741053,322.7782164741053
2023-07-09,Other retail goods,334813.70999999996,342396.93,Other,0.36422862631622654,0.29543276122570683,0.9690868191820068,0.9690868191820068,1.0234622557166035,342669.1948814447,1.0547126594238854,1.0794585975468276,361417.5378360502,361417.5378360502
2023-07-09,Personal care and miscellaneous goods,17858.5,17933.879999999997,Miscellaneous Goods and Services,0.01907736870456183,0.1993599134523473,1.4218962356796432,1.25,1.320137467895413,23575.674970410233,1.0547126594238854,1.3923656995690852,24865.562845754506,24865.562845754506
2023-07-09,Recreation and culture,46551.01,47689.81,Recreation and Culture,0.050730577477963494,0.04004764319693593,0.9651527968799173,0.9651527968799173,1.0193074955241839,47449.79341722124,1.0547126594238854,1.075076519375012,50045.89780419138,50045.89780419138
2023-07-16,Clothing and footwear,122490.38999999998,123746.02,Clothing and Footwear,0.1441506194686245,0.09983658081154485,0.9463918200177931,0.9463918200177931,1.0126303155676626,124037.48227970605,1.0582280336722736,1.0715937876801014,131259.9409745128,131259.9409745128
2023-07-16,Education,15386.519999999997,15594.689999999999,Education,0.018166113333755413,0.014532120277234382,0.9670747511266846,0.9670747511266846,1.034760856652926,15921.368616107377,1.0582280336722736,1.0950129466568632,16848.438603994757,16848.438603994757
2023-07-16,Food and non-alcoholic beverages,120275.07,129467.23000000001,Beverage and Food,0.1508152052517478,0.27008147829869683,1.0913334100550969,1.0913334100550969,1.1677164489786576,140447.17764105948,1.0582280336722736,1.2357102816894545,148625.14062991887,148625.14062991887
2023-07-16,Furniture and household equipment,164129.03,168596.74000000002,Furniture,0.1963968175412076,0.043298701275594854,0.7970784426528302,0.8,0.8559924497645165,140493.2104671738,1.0582280336722736,0.9058352069526168,148673.85385698226,148673.85385698226
2023-07-16,Information and communication,554.21,554.21,Electronic & Electric Devices,0.0006455942164095976,0.03710193816758785,1.8361812356888654,1.25,1.337488202757057,741.2493368499886,1.0582280336722736,1.4153675108634636,784.4108281956402,784.4108281956402
2023-07-16,Other retail goods,361584.62,369566.61,Other,0.43050480141841785,0.29617001289027783,0.9454410668752068,0.9454410668752068,1.0116130186781078,365783.7089457765,1.0582280336722736,1.070517255593007,387082.5750670403,387082.5750670403
2023-07-16,Personal care and miscellaneous goods,12860.98,12931.44,Miscellaneous Goods and Services,0.015063717496702923,0.19956516440219446,1.4734075325228506,1.25,1.337488202757057,17201.409025894452,1.0582280336722736,1.4153675108634636,18203.013249864787,18203.013249864787
2023-07-16,Recreation and culture,37522.82,37992.509999999995,Recreation and Culture,0.04425713127313437,0.039414003876868935,0.9827659347597429,0.9827659347597429,1.0515502750501342,39457.13169165668,1.0582280336722736,1.112779979873842,41754.6428844098,41754.6428844098
2023-07-23,Clothing and footwear,175345.44999999998,175774.61,Clothing and Footwear,0.16714508318599366,0.10431315774527755,0.9317230142403468,0.9317230142403468,0.948951695523601,166394.3620798488,1.0580791950774358,1.0040660461669797,176058.41269486982,176058.41269486982
2023-07-23,Education,15065.740000000002,15267.380000000001,Education,0.014517839067497724,0.015676020633497007,1.0115796342779055,1.0115796342779055,1.0302849606949143,15522.0053437398,1.0580791950774358,1.0901230819124623,16423.510920091863,16423.510920091863
2023-07-23,Food and non-alcoholic beverages,142463.14,147605.06,Beverage and Food,0.14035849678388468,0.2839971845096639,1.1115046884270314,1.1115046884270314,1.1320577495074915,161276.5016561707,1.0580791950774358,1.19780675238006,170643.31105726582,170643.31105726582
2023-07-23,Furniture and household equipment,180938.31,184891.16999999998,Furniture,0.17581407229409124,0.04006890680455425,0.8010563714372133,0.8010563714372133,0.8158688690384068,147621.93434542065,1.0580791950774358,0.8632538762408953,156195.69746797674,156195.69746797674
2023-07-23,Information and communication,313.47,355.1,Electronic & Electric Devices,0.0003376666234067955,0.03436857548365507,2.000557367034519,1.25,1.2731140062818203,399.08304754916225,1.0580791950774358,1.3470554430084778,422.2614697198676,422.2614697198676
2023-07-23,Other retail goods,428664.52,437503.75,Other,0.4160248211498474,0.29043818075874284,0.9475238923968687,0.9475238923968687,0.9650447509576976,413680.444947801,1.0580791950774358,1.021093773307025,437706.67220964475,437706.67220964475
2023-07-23,Personal care and miscellaneous goods,15956.210000000003,16079.13,Miscellaneous Goods and Services,0.01528973679081641,0.19238556157454298,1.462062270270179,1.25,1.2731140062818203,20314.074438174048,1.0580791950774358,1.3470554430084778,21493.899530286308,21493.899530286308
2023-07-23,Recreation and culture,73929.05,74152.76000000001,Recreation and Culture,0.0705122841044621,0.03875241249006643,0.9141239638883719,0.9141239638883719,0.9310272175233145,68829.957715642,1.0580791950774358,0.9851005289122533,72827.54625698042,72827.54625698042
2023-07-30,Clothing and footwear,109085.55,109424.7,Clothing and Footwear,0.1017859570657703,0.1144332112365645,1.017723102321273,1.017723102321273,1.0786173212119246,117661.56372392946,1.0531430655057092,1.1359383521686826,123914.45991241443,123914.45991241443
2023-07-30,Education,24120.670000000002,24125.32,Education,0.022441174485449532,0.025322297707853443,1.0182833184075257,1.0182833184075257,1.079211057143511,26031.293769709773,1.0531430655057092,1.1365636410477742,27414.67651971182,27414.67651971182
2023-07-30,Food and non-alcoholic beverages,165038.75,165845.47999999998,Beverage and Food,0.15426810315067865,0.26035873792906944,1.081669048455504,1.081669048455504,1.1463893949364463,189198.67275356743,1.0531430655057092,1.2073120416466043,199253.27021330353,199253.27021330353
2023-07-30,Furniture and household equipment,196905.5,207797.43,Furniture,0.19329146242445636,0.04058263159159489,0.7912598512237917,0.8,0.8478670229666684,166949.68009076332,1.0531430655057092,0.8929252757083167,175821.89787598397,175821.89787598397
2023-07-30,Information and communication,300.31999999999994,300.31999999999994,Electronic & Electric Devices,0.0002793551970075507,0.03383327783480204,2.05342146724841,1.25,1.3247922233854192,397.86160052710903,1.0531430655057092,1.3951957432942448,419.0051856261275,419.0051856261275
2023-07-30,Other retail goods,497339.97,505583.20999999996,Other,0.4702893488054738,0.2879983796717462,0.9290813348256186,0.9290813348256186,0.9846717818156195,489716.63442802674,1.0531430655057092,1.0370002588182705,515741.67761067086,515741.67761067086
2023-07-30,Personal care and miscellaneous goods,20335.760000000002,20440.230000000003,Miscellaneous Goods and Services,0.01901333403879079,0.19614801286650485,1.4191517764512982,1.25,1.3247922233854192,26940.656704632274,1.0531430655057092,1.3951957432942448,28372.365788653373,28372.365788653373
2023-07-30,Recreation and culture,41507.469999999994,41530.43,Recreation and Culture,0.03863126483237312,0.041323451161864616,1.0101564671023704,1.0101564671023704,1.0705979456157675,44437.812109708095,1.0531430655057092,1.127492802369904,46799.37366958471,46799.37366958471
2023-08-06,Clothing and footwear,174336.15000000002,175749.16,Clothing and Footwear,0.16780757265200325,0.11955046787145121,0.9504099157569885,0.9504099157569885,0.9712127889746296,169317.4984605994,1.050005682847252,1.0197789476772898,177784.33558911018,177784.33558911018
2023-08-06,Education,14057.3,14338.810000000001,Education,0.013690881372168555,0.04300359708832188,1.1873014727619173,1.1873014727619173,1.2132895033995312,17055.57453613823,1.050005682847252,1.273960873508428,17908.450187170023,17908.450187170023
2023-08-06,Food and non-alcoholic beverages,177592.75,180243.05,Beverage and Food,0.17209839698746585,0.25284590856091327,1.0594046279726832,1.0594046279726832,1.0825932119684052,192260.705644802,1.050005682847252,1.136729024778685,201874.83351526482,201874.83351526482
2023-08-06,Furniture and household equipment,190690.07,192617.91999999998,Furniture,0.18391408302877663,0.03953614404514098,0.7940665442402882,0.8,0.8175106533488317,155891.16371283444,1.050005682847252,0.8583908318044431,163686.6078041475,163686.6078041475
2023-08-06,Information and communication,110.66,110.66,Electronic & Electric Devices,0.00010565960024884715,0.03242320744711077,2.360706804044458,1.25,1.2773603958575495,141.3527014055964,1.050005682847252,1.3412356746944423,148.421139761687,148.421139761687
2023-08-06,Other retail goods,417465.9,423674.38,Other,0.4045297815514022,0.28285923686966846,0.9477482251795426,0.9477482251795426,0.9684928384709043,404312.7344558107,1.050005682847252,1.0169229841913152,424530.6688261132,424530.6688261132
2023-08-06,Personal care and miscellaneous goods,22200.68,22432.88,Miscellaneous Goods and Services,0.02141920416799529,0.18920864783573757,1.3865024704300382,1.25,1.2773603958575495,28358.26939310678,1.050005682847252,1.3412356746944423,29776.34401847541,29776.34401847541
2023-08-06,Recreation and culture,37262.020000000004,38158.7,Recreation and Culture,0.03643442063993931,0.0405727902816559,1.0162684689094692,1.0162684689094692,1.0385128749949961,38697.08751832105,1.050005682847252,1.0904444204547836,40632.16180387456,40632.16180387456
2023-08-13,Clothing and footwear,128732.65,129187.34,Clothing and Footwear,0.1665759112914399,0.11621860932610949,0.9474352119302176,0.9474352119302176,1.3142005135895074,169180.5147457383,1.0599647565474446,1.3930062274414288,179325.38312503783,179325.38312503783
2023-08-13,Education,13124.44,13124.44,Education,0.016922831240196026,0.11958119085327555,1.340844693477851,1.25,1.7338923245633806,22756.365780192617,1.0599647565474446,1.8378647556853065,24120.945714106463,24120.945714106463
2023-08-13,Food and non-alcoholic beverages,128013.94,130088.39000000001,Beverage and Food,0.16773773740279999,0.22933021845578608,1.0480320779028112,1.0480320779028112,1.453739820617516,186098.96217214147,1.0599647565474446,1.5409129750441712,197258.34113252602,197258.34113252602
2023-08-13,Furniture and household equipment,134886.44,137876.69,Furniture,0.17778007723200556,0.036035874821700946,0.7870961658959337,0.8,1.1096910877205637,149682.28032235455,1.0599647565474446,1.1762334436385962,158657.9418213509,158657.9418213509
2023-08-13,Information and communication,96.63999999999999,96.63999999999999,Electronic & Electric Devices,0.00012460892891830383,0.030002188355381265,2.276358007774701,1.25,1.7338923245633806,167.56335424580507,1.0599647565474446,1.8378647556853065,177.611249989428,177.611249989428
2023-08-13,Other retail goods,313807.65,318063.69000000006,Other,0.4101156429915505,0.2582820781890362,0.932992581590229,0.932992581590229,1.2941669408750973,406119.48642370326,1.0599647565474446,1.3717713464164236,430472.34255627386,430472.34255627386
2023-08-13,Personal care and miscellaneous goods,10676.92,10709.42,Miscellaneous Goods and Services,0.013808871642552376,0.16881549869231424,1.4557544236712867,1.25,1.7338923245633806,18512.62963797725,1.0599647565474446,1.8378647556853065,19622.734967271565,19622.734967271565
2023-08-13,Recreation and culture,35482.25,36399.740000000005,Recreation and Culture,0.04693431927053748,0.04173434130639626,0.9825404889695794,0.9825404889695794,1.3628955299176837,48358.599916421736,1.0599647565474446,1.444621228568798,51258.411587385235,51258.411587385235
2023-08-20,Clothing and footwear,131578.72,131850.03,Clothing and Footwear,0.11803306310795407,0.08701968902162423,0.9553050584180975,0.9553050584180975,0.8695408161771332,114413.06758034248,1.0674251607751197,0.9281697455084053,122127.38705672171,122127.38705672171
2023-08-20,Education,19404.770000000004,20590.660000000003,Education,0.018432901920571624,0.12763791511836312,1.336773718015055,1.25,1.137778985511991,22078.339524693525,1.0674251607751197,1.2144939165366897,23566.975116793667,23566.975116793667
2023-08-20,Food and non-alcoholic beverages,166797.95,169384.97999999998,Beverage and Food,0.15163461118575047,0.24889747889162592,1.077167702930273,1.077167702930273,0.9804630210130304,163539.2219557804,1.0674251607751197,1.0465708978388937,174565.8802891869,174565.8802891869
2023-08-20,Furniture and household equipment,189652.7,191697.90000000002,Furniture,0.17160929222664775,0.03489158434152932,0.7874572457665675,0.8,0.7281785507276743,138101.0282275904,1.0674251607751197,0.7772761065834815,147412.51225904503,147412.51225904503
2023-08-20,Information and communication,384.03,384.03,Electronic & Electric Devices,0.00034378632470047674,0.03183761603072766,1.972412706057003,1.25,1.137778985511991,436.9412638061699,1.0674251607751197,1.2144939165366897,466.4020987675849,466.4020987675849
2023-08-20,Other retail goods,516729.92999999993,525362.1399999999,Other,0.47030783857348984,0.2552859364997507,0.9124240015970396,0.9124240015970396,0.8305094839150969,429149.1074877841,1.0674251607751197,0.886506719393334,458084.5550566471,458084.5550566471
2023-08-20,Personal care and miscellaneous goods,14918.78,14946.48,Miscellaneous Goods and Services,0.013380192762047709,0.1696262617308448,1.4637085447623528,1.25,1.137778985511991,16974.274373476583,1.0674251607751197,1.2144939165366897,18118.767552149235,18118.767552149235
2023-08-20,Recreation and culture,62756.5,62843.92,Recreation and Culture,0.05625831389883807,0.04480351836553429,0.9664264580483326,0.9664264580483326,0.879663772008143,55204.61950802903,1.0674251607751197,0.9389752432638404,58926.7998538872,58926.7998538872
2023-08-27,Clothing and footwear,164695.86,174430.27000000002,Clothing and Footwear,0.0924018798230947,0.09124828898289639,0.9981173122692879,0.9981173122692879,0.6861700653974598,113009.36902689088,1.0616536699765364,0.7284749681572532,119976.81136913142,119976.81136913142
2023-08-27,Education,22100.04,27847.690000000002,Education,0.014751905759996794,0.07390021360164782,1.273414042340347,1.25,0.8593304326089252,18991.236933874552,1.0616536699765364,0.9123113075017901,20162.116388241862,20162.116388241862
2023-08-27,Food and non-alcoholic beverages,270836.61,304293.36,Beverage and Food,0.16119494902854697,0.2755424326285154,1.0837411371938699,1.0837411371938699,0.7450333922087173,201782.3182826094,1.0616536699765364,0.790967435093453,214222.93874110584,214222.93874110584
2023-08-27,Furniture and household equipment,308988.30000000005,322635.97,Furniture,0.17091167792463763,0.03644463452436405,0.7931024276300905,0.8,0.5499714768697122,169934.7516864617,1.0616536699765364,0.5838792368011457,180411.8527844835,180411.8527844835
2023-08-27,Information and communication,435.28999999999996,435.28999999999996,Electronic & Electric Devices,0.00023058849973800352,0.030747915507622587,2.0832754944950773,1.25,0.8593304326089252,374.057944010339,1.0616536699765364,0.9123113075017901,397.11998904245416,397.11998904245416
2023-08-27,Other retail goods,868769.6000000001,912731.46,Other,0.4835061178181846,0.2692143200069572,0.9159134308810915,0.9159134308810915,0.6296578278330985,547027.5792234299,1.0616536699765364,0.6684785437484632,580753.8370609349,580753.8370609349
2023-08-27,Personal care and miscellaneous goods,32529.66,35988.01,Miscellaneous Goods and Services,0.019064121010030712,0.17911981348871175,1.3993908384696494,1.25,0.8593304326089252,27953.72680042125,1.0616536699765364,0.9123113075017901,29677.17664718868,29677.17664718868
2023-08-27,Recreation and culture,107936.88,109373.03,Recreation and Culture,0.057938760135770755,0.04378238125928476,0.9588474711583064,0.9588474711583064,0.6591734497571531,71149.12554562386,1.0616536699765364,0.6998139120857756,75535.73025113292,75535.73025113292
2023-09-03,Clothing and footwear,164585.5,165213.40999999997,Clothing and Footwear,0.10734557892768885,0.09211471316734475,0.9773086130438366,0.9773086130438366,0.641593436413921,105596.9765289034,1.0515462276815541,0.6746651577663036,111040.10232354597,111040.10232354597
2023-09-03,Education,43258.630000000005,43490.1,Education,0.028257209642504694,0.0420590461076291,1.06147439310783,1.06147439310783,0.6968474384138947,30144.665504794462,1.0515462276815541,0.7327672951336851,31698.50929628889,31698.50929628889
2023-09-03,Food and non-alcoholic beverages,234988.73000000004,238707.72,Beverage and Food,0.1550976909072251,0.27229310792063827,1.088089695732919,1.088089695732919,0.7143201212947334,167857.1781164954,1.0515462276815541,0.7511406289045072,176509.58243767146,176509.58243767146
2023-09-03,Furniture and household equipment,259308.84999999998,262850.14,Furniture,0.17078396027007778,0.04281458775385901,0.8125904294841247,0.8125904294841247,0.5334575783856297,138330.2711749625,1.0515462276815541,0.5609553041795459,145460.6748281982,145460.6748281982
2023-09-03,Information and communication,285.18,285.18,Electronic & Electric Devices,0.00018529253889619683,0.033837767441006306,2.183894051556938,1.25,0.8206126343444271,234.02231106234373,1.0515462276815541,0.8629121200327049,246.0852783909268,246.0852783909268
2023-09-03,Other retail goods,682419.15,689470.77,Other,0.4479759782173216,0.2789778992208142,0.9314236499042904,0.9314236499042904,0.6114704120309289,417279.11882829625,1.0515462276815541,0.6429894051100089,438788.28329417796,438788.28329417796
2023-09-03,Personal care and miscellaneous goods,32700.400000000005,33707.45,Miscellaneous Goods and Services,0.021901041413200817,0.19500136585156827,1.3881485156592217,1.25,0.8206126343444271,26834.361388116507,1.0515462276815541,0.8629121200327049,28217.571489917467,28217.571489917467
2023-09-03,Recreation and culture,105193.31,105355.01000000001,Recreation and Culture,0.06845324808308509,0.042901512537140064,0.9323130892951473,0.9323130892951473,0.6120543201922256,64384.019840820045,1.0515462276815541,0.6436034115343329,67702.77318658865,67702.77318658865
2023-09-10,Clothing and footwear,192605.02,193498.05,Clothing and Footwear,0.0968086509002192,0.09297509409634924,0.9939576229481754,0.9939576229481754,0.49657373569039287,95642.59429412283,1.055785257837758,0.5242752295713401,100978.04107709255,100978.04107709255
2023-09-10,Education,52020.049999999996,52176.85,Education,0.02610450315506075,0.024445219508832324,0.990197388143325,0.990197388143325,0.4946951507276062,25734.06647560761,1.055785257837758,0.5222918472620343,27169.648009163382,27169.648009163382
2023-09-10,Food and non-alcoholic beverages,260550.53000000003,266590.77,Beverage and Food,0.1333775342239916,0.278979110091076,1.1170518960250009,1.1170518960250009,0.5580707066000266,145405.61838211142,1.055785257837758,0.5892028248594089,153517.1082946162,153517.1082946162
2023-09-10,Furniture and household equipment,374092.57,377313.53,Furniture,0.1887730331427081,0.047286937125664626,0.8124940413004166,0.8124940413004166,0.4059158982231264,151850.1215701478,1.055785257837758,0.42856002126594867,160321.1197546334,160321.1197546334
2023-09-10,Information and communication,442.85,642.1400000000001,Electronic & Electric Devices,0.0003212678737024315,0.03506173041588745,2.0215985019473286,1.25,0.6244905771454152,276.5556520888471,1.055785257837758,0.6593279450087225,291.9833804471128,291.9833804471128
2023-09-10,Other retail goods,940124.5499999999,951051.02,Other,0.47581857379688014,0.28609964690850564,0.9265340615718132,0.9265340615718132,0.46288943268469385,435173.71960245306,1.055785257837758,0.488711839037383,459449.9977546921,459449.9977546921
2023-09-10,Personal care and miscellaneous goods,45826.34000000001,46074.58000000001,Miscellaneous Goods and Services,0.02305148775708191,0.19572906295240142,1.37829903948974,1.25,0.6244905771454152,28618.117515062033,1.055785257837758,0.6593279450087225,30214.586579471026,30214.586579471026
2023-09-10,Recreation and culture,110430.81,111421.23000000001,Recreation and Culture,0.05574494915035595,0.03942319890128328,0.9493622324834037,0.9493622324834037,0.47429421478689654,52376.69431723096,1.055785257837758,0.5007528398497405,55298.54171440712,55298.54171440712
2023-09-17,Clothing and footwear,128447.32,131956.87,Clothing and Footwear,0.08351991102475366,0.10309057165409728,1.0320823206198295,1.0320823206198295,0.6464767355219738,83038.20412014634,1.054637731806463,0.6817987580165411,87575.22324655323,87575.22324655323
2023-09-17,Education,34205.99,34320.99,Education,0.021722901059122272,0.02027135146521229,0.9896798587518985,0.9896798587518985,0.6199166398989694,21204.862385217748,1.054637731806463,0.653787479012133,22363.44796921423,22363.44796921423
2023-09-17,Food and non-alcoholic beverages,255623.34000000003,261305.52,Beverage and Food,0.1653889924842639,0.25532943204761505,1.0673064688218743,1.0673064688218743,0.6685404719955571,170894.5483766808,1.054637731806463,0.7050680070062165,180231.83887807248,180231.83887807248
2023-09-17,Furniture and household equipment,293534.97000000003,296722.79000000004,Furniture,0.18780576577647431,0.05241715790863347,0.825780612212533,0.825780612212533,0.5172532692158572,151831.92286167858,1.054637731806463,0.5455148146152895,160127.67474265458,160127.67474265458
2023-09-17,Information and communication,548.6600000000001,571.8800000000001,Electronic & Electric Devices,0.00036196195557560687,0.04455207734592762,2.058404653092412,1.25,0.7829762251107601,429.5877356692697,1.054637731806463,0.8257562701091987,453.05943515811305,453.05943515811305
2023-09-17,Other retail goods,714919.7599999999,745795.2,Other,0.47203869526981324,0.2872846182133036,0.928218491257171,0.928218491257171,0.5814184082900359,415667.5089142944,1.054637731806463,0.6131857913495274,438378.6387870142,438378.6387870142
2023-09-17,Personal care and miscellaneous goods,20843.420000000002,22241.07,Miscellaneous Goods and Services,0.014077116162995666,0.19463909363069445,1.4828849479098356,1.25,0.7829762251107601,16319.902309998122,1.054637731806463,0.8257562701091987,17211.584755519478,17211.584755519478
2023-09-17,Recreation and culture,83322.26999999999,87030.73000000001,Recreation and Culture,0.05508465626700118,0.042415697734516256,0.9615555873069318,0.9615555873069318,0.6023001311869931,50185.01415179805,1.054637731806463,0.6352084442217856,52927.00949572755,52927.00949572755
2023-09-24,Clothing and footwear,92726.57,96213.96,Clothing and Footwear,0.07311239799137255,0.09570563936012712,1.0412187377720739,1.0412187377720739,0.9936987031395724,92142.27235558079,1.0552033791297875,1.0485542293897643,97228.83715030605,97228.83715030605
2023-09-24,Education,33120.96,33877.78,Education,0.025743517202952263,0.018123492239545114,0.9487157283546033,0.9487157283546033,0.9054174254789991,29988.294332592908,1.0552033791297875,0.9553995268884323,31643.74951409069,31643.74951409069
2023-09-24,Food and non-alcoholic beverages,222967.22999999998,226769.32,Beverage and Food,0.17232061517967787,0.2844766260415557,1.0780934384380882,1.0780934384380882,1.028890484559952,229408.86131569024,1.0552033791297875,1.0856887160621458,242073.00566263314,242073.00566263314
2023-09-24,Furniture and household equipment,275731.99,312732.80000000005,Furniture,0.2376437362993511,0.050733059069860524,0.7932401750653727,0.8,0.763488913206321,210518.31738131616,1.0552033791297875,0.8056360811434389,222139.63986948188,222139.63986948188
2023-09-24,Information and communication,642.21,642.21,Electronic & Electric Devices,0.00048801143944225315,0.0391553504774554,1.9304304838401858,1.25,1.1929514268848764,766.1253358597365,1.0552033791297875,1.258806376786623,808.4180432361372,808.4180432361372
2023-09-24,Other retail goods,560756.67,564728.02,Other,0.42913335814386805,0.2761355931528385,0.9360079063153071,0.9360079063153071,0.8932895739314971,500918.08682354516,1.0552033791297875,0.9426021769539238,528570.4578834331,528570.4578834331
2023-09-24,Personal care and miscellaneous goods,23590.26,23868.67,Miscellaneous Goods and Services,0.018137655913598547,0.19492362007871467,1.427882583837096,1.25,1.1929514268848764,28142.034327585225,1.0552033791297875,1.258806376786623,29695.5697180544,29695.5697180544
2023-09-24,Recreation and culture,50416.92,57140.490000000005,Recreation and Culture,0.04342070782973743,0.040746619579902964,0.9905107718247023,0.9905107718247023,0.9453049908744952,47659.36610052015,1.0552033791297875,0.9974890206790202,50290.32415645251,50290.32415645251
2023-10-01,Clothing and footwear,158786.69,162961.66,Clothing and Footwear,0.08165099925580403,0.09566678877254577,1.0240471514295462,1.0240471514295462,0.5625635466652555,89327.60348963647,1.0662389131234102,0.5998271445592129,95244.56685670893,95244.56685670893
2023-10-01,Education,50343.86,51887.78,Education,0.02599807271333222,0.023468121298287736,0.9847603987778011,0.9847603987778011,0.5409812446414929,27235.08404285707,1.0662389131234102,0.5768152543066951,29039.106408680655,29039.106408680655
2023-10-01,Food and non-alcoholic beverages,251540.87,255225.27999999997,Beverage and Food,0.1278791535833789,0.29076640178153684,1.1311277845819911,1.1311277845819911,0.6213886317029,156304.63702665706,1.0662389131234102,0.6625487392941432,166658.08629945194,166658.08629945194
2023-10-01,Furniture and household equipment,414124.43999999994,421700.51,Furniture,0.211290606810106,0.04213958515434304,0.7851841240107881,0.8,0.4394825342797389,182000.45839837764,1.0662389131234102,0.46859337968715065,194055.9709506486,194055.9709506486
2023-10-01,Information and communication,1100.4099999999999,1170.0700000000002,Electronic & Electric Devices,0.000586256820771454,0.03383396743762626,1.8373409424978224,1.25,0.686691459812092,755.642149291824,1.0662389131234102,0.7321771557611729,805.6950639711522,805.6950639711522
2023-10-01,Other retail goods,920100.96,946494.3,Other,0.47423550659046276,0.2630259287602868,0.9153784297490106,0.9153784297490106,0.5028660401638789,462687.52630618354,1.0662389131234102,0.5361753401110074,493335.4451644644,493335.4451644644
2023-10-01,Personal care and miscellaneous goods,34640.31,34980.76,Miscellaneous Goods and Services,0.01752690791642316,0.20654366615043687,1.447758043499771,1.25,0.686691459812092,23787.205042243408,1.0662389131234102,0.7321771557611729,25362.843650485316,25362.843650485316
2023-10-01,Recreation and culture,120597.01000000001,121411.42999999998,Recreation and Culture,0.06083249630972157,0.04455554064493666,0.9543658967964684,0.9543658967964684,0.5242839286928346,63227.07419140906,1.0662389131234102,0.5590119262975195,67415.16686582123,67415.16686582123
2023-10-08,Clothing and footwear,231039.72,233183.07,Clothing and Footwear,0.09282160374440875,0.09538851832524892,1.0041002039130706,1.0041002039130706,0.40244863392189995,92981.61969569826,1.0644904232742143,0.4284027166696526,98978.04370659587,98978.04370659587
2023-10-08,Education,41568.81,41678.100000000006,Education,0.01659051869854807,0.017039020229555585,1.0040092132839336,1.0040092132839336,0.4024121643999805,16727.794803631554,1.0644904232742143,0.42836389521282797,17806.577370961953,17806.577370961953
2023-10-08,Food and non-alcoholic beverages,349771.36,358051.9,Beverage and Food,0.14252729231900355,0.29766086379967005,1.1167952431538914,1.1167952431538914,0.44761739737349043,156563.74583898616,1.0644904232742143,0.476484432795009,166660.6080775389,166660.6080775389
2023-10-08,Furniture and household equipment,496883.78,502042.55,Furniture,0.19984467413921825,0.0425194792758035,0.7928377196763634,0.8,0.3206442005317961,159322.90239531687,1.0644904232742143,0.34132268074451366,169597.70380806716,169597.70380806716
2023-10-08,Information and communication,831.9000000000001,831.9000000000001,Electronic & Electric Devices,0.0003311487928989598,0.03391297079143358,2.0024025927362272,1.25,0.5010065633309314,416.7873600350019,1.0644904232742143,0.5333166886633026,443.6661532990015,443.6661532990015
2023-10-08,Other retail goods,1121218.2999999998,1158274.22,Other,0.461066365908143,0.2650428053078744,0.9203073417129319,0.9203073417129319,0.3688640147838569,413577.0835871308,1.0644904232742143,0.39265221122789384,440248.84476417996,440248.84476417996
2023-10-08,Personal care and miscellaneous goods,40388.49,42722.99,Miscellaneous Goods and Services,0.017006450976721155,0.2056644703365587,1.4533888931900212,1.25,0.5010065633309314,20234.89857302569,1.0644904232742143,0.5333166886633026,21539.85574691091,21539.85574691091
2023-10-08,Recreation and culture,172766.72000000003,175379.04,Recreation and Culture,0.06981194542105829,0.04277187193385527,0.9291466760904602,0.9291466760904602,0.3724068664147516,64339.51281595481,1.0644904232742143,0.3964235428600627,68488.79523071247,68488.79523071247
2023-10-15,Clothing and footwear,133524.65999999997,137271.37,Clothing and Footwear,0.07590166149052766,0.09716121160308966,1.037734477433562,1.037734477433562,0.5258073222714305,70208.24393180317,1.0625967458524175,0.5587211495909954,74603.05153394678,74603.05153394678
2023-10-15,Education,39114.86,39495.43,Education,0.021838266481079272,0.0148790570328895,0.9440686738787328,0.9440686738787328,0.47834800929055316,18710.515414678684,1.0625967458524175,0.5082910380571237,19881.732792859068,19881.732792859068
2023-10-15,Food and non-alcoholic beverages,288299.91000000003,301137.06000000006,Beverage and Food,0.16650815964299565,0.29962889149506244,1.0921246889459033,1.0921246889459033,0.5533661748440163,159535.4184045742,1.0625967458524175,0.5880050966540515,169521.81644490437,169521.81644490437
2023-10-15,Furniture and household equipment,368094.7,382085.95,Furniture,0.21126734902687047,0.043259346694252084,0.7882920306709551,0.8,0.40535018057552685,149207.2531138944,1.0625967458524175,0.43072378281024465,158547.14161640216,158547.14161640216
2023-10-15,Information and communication,1118.6299999999997,1141.8499999999995,Electronic & Electric Devices,0.000631364808065651,0.03482767611651693,1.8249317157850513,1.25,0.6333596571492607,708.4951132768773,1.0625967458524175,0.6730059106410072,752.8446018203497,752.8446018203497
2023-10-15,Other retail goods,803841.0700000001,829003.9199999999,Other,0.45838236268903315,0.26506339981245675,0.9211243854803037,0.9211243854803037,0.4667224199837029,375170.64947268914,1.0625967458524175,0.495937724691048,398655.1112690175,398655.1112690175
2023-10-15,Personal care and miscellaneous goods,27504.95,27886.21,Miscellaneous Goods and Services,0.015419163308953406,0.2044147157432531,1.4735595871991343,1.25,0.6333596571492607,17420.525701907558,1.0625967458524175,0.6730059106410072,18510.993921885372,18510.993921885372
2023-10-15,Recreation and culture,90174.64,90520.57,Recreation and Culture,0.05005167255247481,0.04076570150247954,0.9696867219975389,0.9696867219975389,0.4913283598292414,44305.3579693923,1.0625967458524175,0.5220839162995575,47078.72920210273,47078.72920210273
2023-10-22,Clothing and footwear,200898.28000000003,203086.93000000002,Clothing and Footwear,0.07686105863646944,0.10579436059597541,1.0490916332293962,1.0490916332293962,0.4398388172703167,88362.86186684093,1.0577014504074966,0.4652181549723319,93461.52715871493,93461.52715871493
2023-10-22,Education,53943.899999999994,54131.32000000001,Education,0.020486747032856772,0.015304599164648915,0.9571992358192652,0.9571992358192652,0.4013123033674381,21648.350761622743,1.0577014504074966,0.4244686053381126,22897.49199949861,22897.49199949861
2023-10-22,Food and non-alcoholic beverages,482290.99999999994,486610.72,Beverage and Food,0.18416455989095215,0.3053643946071463,1.078802267562234,1.078802267562234,0.452295203205909,218137.90584938103,1.0577014504074966,0.47839329244324336,230724.77940574425,230724.77940574425
2023-10-22,Furniture and household equipment,524676.7799999999,540607.09,Furniture,0.20460023322909607,0.039753318491645775,0.7821140533763842,0.8,0.3354054523655825,175979.4527416172,1.0577014504074966,0.35475883344165915,186133.722406726,186133.722406726
2023-10-22,Information and communication,1375.57,1375.57,Electronic & Electric Devices,0.0005206034993417265,0.03270998055486087,1.8609126171334252,1.25,0.5240710193212226,720.8963720476941,1.0577014504074966,0.5543106772525923,762.4931383083484,762.4931383083484
2023-10-22,Other retail goods,1156362.33,1182733.54,Other,0.44762187290565214,0.26969928900769335,0.9268197402729744,0.9268197402729744,0.38857549280951076,449334.0622461041,1.0577014504074966,0.4109968623374273,475261.28935519676,475261.28935519676
2023-10-22,Personal care and miscellaneous goods,35880.69,36812.84,Miscellaneous Goods and Services,0.013932328652636421,0.1943331919884544,1.4848360086240149,1.25,0.5240710193212226,18804.0297822488,1.0577014504074966,0.5543106772525923,19889.049574190318,19889.049574190318
2023-10-22,Recreation and culture,134195.34,136902.37,Recreation and Culture,0.05181259615299534,0.037040865589574964,0.9509044197151341,0.9509044197151341,0.3986731588137328,53500.08009588286,1.0577014504074966,0.4216771783158234,56587.112314332546,56587.112314332546
2023-10-29,Clothing and footwear,289904.38,290866.1,Clothing and Footwear,0.08035454956890464,0.11503763691622634,1.0552963162572475,1.0552963162572475,0.33469751616795396,97030.27591221067,1.0568147287550265,0.3537132647640173,102543.0247191883,102543.0247191883
2023-10-29,Education,50235.72,50661.22,Education,0.013995647872719385,0.01963119741691987,1.0520661984367803,1.0520661984367803,0.3336730528065404,16762.306052334578,1.0568147287550265,0.3526305967946056,17714.651924006706,17714.651924006706
2023-10-29,Food and non-alcoholic beverages,709998.85,720959.9400000001,Beverage and Food,0.19917209752502793,0.28080783777709933,1.0528757165412583,1.0528757165412583,0.3339297993664287,237089.7735308951,1.0568147287550265,0.35290193034065276,250559.96470464356,250559.96470464356
2023-10-29,Furniture and household equipment,711068.2500000001,730523.49,Furniture,0.201814119928222,0.041434039678495654,0.7886074206420303,0.8,0.25372780024856295,180417.78289909524,1.0568147287550265,0.26814327639729457,190668.17029709058,190668.17029709058
2023-10-29,Information and communication,4023.7300000000005,4023.7300000000005,Electronic & Electric Devices,0.0011115940005964556,0.03322133783467262,1.6646411972016875,1.25,0.39644968788837953,1595.2065026471096,1.0568147287550265,0.4189738693707727,1685.8377274032594,1685.8377274032594
2023-10-29,Other retail goods,1585245.5799999998,1615306.9,Other,0.446244022129233,0.26645697065851753,0.9255677230065239,0.9255677230065239,0.29355282792439563,465353.3229636487,1.0568147287550265,0.31023095221819114,491792.24578307866,491792.24578307866
2023-10-29,Personal care and miscellaneous goods,51908.5,52076.22,Miscellaneous Goods and Services,0.014386555192754273,0.2025803404838569,1.486948996299212,1.25,0.39644968788837953,20579.10862375395,1.0568147287550265,0.4189738693707727,21748.305098232755,21748.305098232755
2023-10-29,Recreation and culture,153845.91,155366.24,Recreation and Culture,0.04292141378254233,0.040830639234211735,0.9925372710856402,0.9925372710856402,0.3147928730715888,48429.59601921308,1.0568147287550265,0.3326777447691666,51181.110380760176,51181.110380760176
2023-11-05,Clothing and footwear,85419.27,85684.27000000002,Clothing and Footwear,0.0694769148506835,0.11070715395002653,1.0723838727457324,1.0723838727457324,0.9087908929737676,77628.25466046736,1.0558637697855078,0.9595593782020202,81964.86160767048,81964.86160767048
2023-11-05,Education,22083.090000000004,22191.280000000002,Education,0.01799375394092376,0.02047681163102738,1.019579473840584,1.019579473840584,0.8640418454978073,19080.713837894175,1.0558637697855078,0.912310480239742,20146.634443077448,20146.634443077448
2023-11-05,Food and non-alcoholic beverages,259244.3,264419.97,Beverage and Food,0.21440439115032758,0.27876569726131945,1.0401616758512713,1.0401616758512713,0.8814842168538469,228519.75875932374,1.0558637697855078,0.9307272482137289,241285.73395409438,241285.73395409438
2023-11-05,Furniture and household equipment,271678.26,285977.66000000003,Furniture,0.2318843999373247,0.04255775089061227,0.7754540532698591,0.8,0.6779593882902388,184186.82696135648,1.0558637697855078,0.7158327554816084,194476.19746024883,194476.19746024883
2023-11-05,Information and communication,1568.73,1568.73,Electronic & Electric Devices,0.0012720015077879838,0.03403551673267366,1.6372564437662145,1.25,1.0593115442034982,1661.7737987383537,1.0558637697855078,1.1184886804400131,1754.606747666662,1754.606747666662
2023-11-05,Other retail goods,495926.92,510964.99000000005,Other,0.41431491570051704,0.265585523421641,0.9354726064499574,0.9354726064499574,0.7927655450388605,393153.77503324335,1.0558637697855078,0.837052416940794,415116.8270120038,415116.8270120038
2023-11-05,Personal care and miscellaneous goods,17900.39,17927.43,Miscellaneous Goods and Services,0.014536419900660746,0.20541420626448575,1.4877362750691232,1.25,1.0593115442034982,18962.089772744857,1.0558637697855078,1.1184886804400131,20021.383590461606,20021.383590461606
2023-11-05,Recreation and culture,43835.700000000004,44542.509999999995,Recreation and Culture,0.03611720301177471,0.04245733984821402,1.0245562347103994,1.0245562347103994,0.8682593976915158,38060.758479385986,1.0558637697855078,0.9167636407982583,40186.97592894021,40186.97592894021
2023-11-12,Clothing and footwear,111300.98,112539.16,Clothing and Footwear,0.11939358132175643,0.11724832094918428,0.9972839918254932,0.9972839918254932,1.0882752583184259,121126.10276059395,1.0494372024107672,1.1420765425425439,127114.23841999682,127114.23841999682
2023-11-12,Education,12523.310000000001,12977.2,Education,0.013767602170912751,0.021871665734480697,1.0718981781462051,1.0718981781462051,1.1696971737988466,14648.480313606835,1.0494372024107672,1.2275237297392425,15372.660199880755,15372.660199880755
2023-11-12,Food and non-alcoholic beverages,215352.41,224570.09,Beverage and Food,0.23824797788475727,0.262734542560295,1.0147830223075103,1.0147830223075103,1.1073708841123184,238474.9886574185,1.0494372024107672,1.1621162026539693,250264.5249415807,250264.5249415807
2023-11-12,Furniture and household equipment,169716.63999999998,175225.74,Furniture,0.1858982121277158,0.04358437090839981,0.8044671883793507,0.8044671883793507,0.8778660285519044,148988.47273597328,1.0494372024107672,0.9212652690949613,156354.04601949267,156354.04601949267
2023-11-12,Information and communication,641.77,641.77,Electronic & Electric Devices,0.0006808582779973089,0.03340754681603751,1.7931564369404691,1.25,1.3640488406997995,875.4056244959103,1.0494372024107672,1.4314835993356478,918.6832295456387,918.6832295456387
2023-11-12,Other retail goods,353247.30000000005,367170.94000000006,Other,0.38953421621305645,0.2691109815758811,0.9460364534422103,0.9460364534422103,1.0323519420620775,364675.53618318535,1.0494372024107672,1.083388533980949,382704.07447972853,382704.07447972853
2023-11-12,Personal care and miscellaneous goods,16912.28,17004.32,Miscellaneous Goods and Services,0.01804000192236346,0.208578895777357,1.443627238153629,1.25,1.3640488406997995,23069.175927590404,1.0494372024107672,1.4314835993356478,24209.65144737229,24209.65144737229
2023-11-12,Recreation and culture,31903.33,32460.480000000003,Recreation and Culture,0.034437550081440525,0.043463675678364594,1.0355334462328738,1.0355334462328738,1.1300145574718556,36051.22733182858,1.0494372024107672,1.1858793158767054,37833.499154588775,37833.499154588775
2023-11-19,Clothing and footwear,121428.16,125256.15000000001,Clothing and Footwear,0.10263132737873625,0.13439441738088828,1.0412744028151242,1.0412744028151242,0.8619541719506434,104665.50910429023,1.0503083441420658,0.9053176590678257,109931.05755611339,109931.05755611339
2023-11-19,Education,19561.16,19577.269999999997,Education,0.01604105831571473,0.010739505300621673,0.9415918458011319,0.9415918458011319,0.7794381745760554,15246.714842990152,1.0503083441420658,0.8186504185000911,16013.751820347243,16013.751820347243
2023-11-19,Food and non-alcoholic beverages,276477.46,280662.33999999997,Beverage and Food,0.22996674015145904,0.25261329333333754,1.0141884860961476,1.0141884860961476,0.8395327824937332,232111.89129059983,1.0503083441420658,0.881768286633974,243789.0561971131,243789.0561971131
2023-11-19,Furniture and household equipment,210662.21000000002,218718.13999999998,Furniture,0.17921142418961675,0.04633847855531759,0.8163688251770121,0.8163688251770121,0.6757800948619943,142361.3282576374,1.0503083441420658,0.7097774724386694,149523.2909521442,149523.2909521442
2023-11-19,Information and communication,723.7199999999999,723.7199999999999,Electronic & Electric Devices,0.0005929955874465165,0.034193890087124014,1.837107446115846,1.25,1.0347346597836244,748.8581679786046,1.0503083441420658,1.0867904471437424,786.5319824068691,786.5319824068691
2023-11-19,Other retail goods,510814.72,514838.76,Other,0.42184423938323684,0.27060427435095186,0.9355723527277011,0.9355723527277011,0.7744553120821304,395603.173393746,1.0503083441420658,0.8134168764450092,415505.3139845319,415505.3139845319
2023-11-19,Personal care and miscellaneous goods,16886.95,16896.239999999998,Miscellaneous Goods and Services,0.013844298574638437,0.20272635491179553,1.4957048028045947,1.25,1.0347346597836244,17473.51246303308,1.0503083441420658,1.0867904471437424,18352.57594139402,18352.57594139402
2023-11-19,Recreation and culture,42653.11,43774.909999999996,Recreation and Culture,0.03586791641915159,0.0483897860799635,1.0459408691328451,1.0459408691328451,0.8658170155007704,36929.78840202607,1.0503083441420658,0.9093748358806394,38787.664906048856,38787.664906048856
2023-11-26,Clothing and footwear,85924.0,86282.32,Clothing and Footwear,0.07301665734448656,0.12186392460106367,1.0798613117350695,1.0798613117350695,1.8892638727237077,162333.10899991187,1.026627150843051,1.9395695868450484,166655.57718007395,166655.57718007395
2023-11-26,Education,15105.38,15105.38,Education,0.012782970549682256,0.039893798598297676,1.1861538979424706,1.1861538979424706,2.0752273301396915,31347.09740814549,1.026627150843051,2.1304847212929428,32181.78129932399,32181.78129932399
2023-11-26,Food and non-alcoholic beverages,129103.12999999989,552718.19,Beverage and Food,0.4677393316185148,0.27130946323887145,0.9215505395239099,0.9215505395239099,1.6122923585567899,208151.98996476366,1.026627150843051,1.6552231103911799,213694.48439983666,213694.48439983666
2023-11-26,Furniture and household equipment,133372.7,135329.61,Furniture,0.11452306523437246,0.041766838025545996,0.8595888929585783,0.8595888929585783,1.5038877893049603,200577.5749566337,1.026627150843051,1.5439320363218059,205918.38430073732,205918.38430073732
2023-11-26,Information and communication,522.2,522.2,Electronic & Electric Devices,0.00044191322701210263,0.030221869472468407,1.8847235132614466,1.25,2.186928835435507,1142.0142378644218,1.026627150843051,2.2451605194196658,1172.4228232409496,1172.4228232409496
2023-11-26,Other retail goods,338603.99,343680.97000000003,Other,0.29084099294398624,0.2582978944464745,0.9823580019101374,0.9823580019101374,1.7186776328784708,581951.1040164054,1.026627150843051,1.7644411214597033,597446.8038463301,597446.8038463301
2023-11-26,Personal care and miscellaneous goods,12422.84,12550.279999999999,Miscellaneous Goods and Services,0.010620709947731616,0.1895890464142523,1.5408095234096562,1.25,2.186928835435507,27167.867014001633,1.026627150843051,2.2451605194196658,27891.269907067403,27891.269907067403
2023-11-26,Recreation and culture,35273.740000000005,35491.0,Recreation and Culture,0.030034359134213966,0.047057165203026025,1.0696731846547736,1.0696731846547736,1.8714393056109233,66012.66349190025,1.026627150843051,1.9212704022950398,67770.39264025065,67770.39264025065
2023-12-03,Clothing and footwear,78830.01999999999,79595.34,Clothing and Footwear,0.10153838252464993,0.11488903424294228,1.0187022155002874,1.0187022155002874,1.439966084854054,113512.55526836676,1.058015206770911,1.523506015009961,120098.00963335551,120098.00963335551
2023-12-03,Education,15393.589999999998,17238.46,Education,0.021990801793369773,0.031647085424064275,1.0561215350298236,1.0561215350298236,1.4928594134646995,22980.46573851606,1.058015206770911,1.579467961016755,24313.682210027906,24313.682210027906
2023-12-03,Food and non-alcoholic beverages,123804.34,131688.34999999998,Beverage and Food,0.1679925238882073,0.26213709116144934,1.0690198714389831,1.0690198714389831,1.5110915981970223,187079.69799432752,1.058015206770911,1.598757889716209,197933.16535610802,197933.16535610802
2023-12-03,Furniture and household equipment,135198.8,143002.71000000002,Furniture,0.182426054968062,0.044840649009805986,0.8101916323908593,0.8101916323908593,1.1452301321465532,154833.7395900554,1.058015206770911,1.2116708950633133,163816.45100748586,163816.45100748586
2023-12-03,Information and communication,29.99,29.99,Electronic & Electric Devices,3.8257718252277725e-05,0.03371650479129354,2.7654672672765317,1.25,1.7669124290493503,52.98970374719001,1.058015206770911,1.869420218966741,56.06391236681256,56.06391236681256
2023-12-03,Other retail goods,354153.25,364056.91000000003,Other,0.4644210300291708,0.261660946615819,0.9175379893324768,0.9175379893324768,1.2969674219812029,459325.2276387644,1.058015206770911,1.3722112551425778,485973.0756953231,485973.0756953231
2023-12-03,Personal care and miscellaneous goods,10762.240000000002,11720.23,Miscellaneous Goods and Services,0.01495129233717549,0.2047182191681091,1.4807156421985443,1.25,1.7669124290493503,19015.93562041208,1.058015206770911,1.869420218966741,20119.149057372622,20119.149057372622
2023-12-03,Recreation and culture,35253.95,36562.12,Recreation and Culture,0.04664165674111266,0.04639046958651648,0.9991903246623518,0.9991903246623518,1.4123854429054121,49792.16578491525,1.058015206770911,1.4943252764157944,52680.86857849859,52680.86857849859
2023-12-10,Clothing and footwear,85699.39,87008.24,Clothing and Footwear,0.11037401500837887,0.11770672914140917,1.0096949115662226,1.0096949115662226,1.3306399911021833,114035.03554706254,1.062849852189788,1.4142705178607764,121202.12067565264,121202.12067565264
2023-12-10,Education,15117.310000000001,15395.930000000002,Education,0.019530456068160337,0.02073814369433492,1.0090405609812625,1.0090405609812625,1.3297776464012494,20102.660911718074,1.062849852189788,1.413353974922852,21366.11017864098,21366.11017864098
2023-12-10,Food and non-alcoholic beverages,109719.59,112632.05000000002,Beverage and Food,0.14287901441431847,0.26841172408687725,1.0991955344858129,1.0991955344858129,1.4485895882736972,158938.65570365885,1.062849852189788,1.539633229780365,168927.92672187742,168927.92672187742
2023-12-10,Furniture and household equipment,157051.57,158213.39,Furniture,0.200701072477578,0.04483363733339159,0.7986530272713166,0.8,1.0542907374173973,165578.01554786,1.062849852189788,1.1205527544291434,175984.56935092143,175984.56935092143
2023-12-10,Information and communication,364.18999999999994,364.18999999999994,Electronic & Electric Devices,0.00046199201967424573,0.03159112780987679,1.8846885778685774,1.25,1.6473292772146833,599.9408494688154,1.062849852189788,1.7508636787955365,637.6470431805463,637.6470431805463
2023-12-10,Other retail goods,367744.56,371002.5,Other,0.4706339940119014,0.26642510494373267,0.918192577846958,0.918192577846958,1.2100524124868128,444990.1920069015,1.062849852189788,1.2861040277535054,472957.75980044063,472957.75980044063
2023-12-10,Personal care and miscellaneous goods,12246.12,12278.62,Miscellaneous Goods and Services,0.01557600278045138,0.20689631110188794,1.473989906861409,1.25,1.6473292772146833,20173.392008284278,1.062849852189788,1.7508636787955365,21441.286714171598,21441.286714171598
2023-12-10,Recreation and culture,31408.74,31408.74,Recreation and Culture,0.03984345321953725,0.04339722188848962,1.0128980698768433,1.0128980698768433,1.3348613162738945,41926.31201890452,1.062849852189788,1.4187571526955747,44561.374532155605,44561.374532155605
2023-12-17,Clothing and footwear,78050.34000000001,78608.17,Clothing and Footwear,0.09690466880822629,0.11666385489750977,1.0282263830662077,1.0282263830662077,1.223458808437887,95491.37597457196,1.0529879770071693,1.2882874156486126,100551.27080909554,100551.27080909554
2023-12-17,Education,11314.57,11337.8,Education,0.013976737456347196,0.017417381492191845,1.0335620592494148,1.0335620592494148,1.2298075854512236,13914.74401211885,1.0529879770071693,1.2949726015123555,14652.058147893651,14652.058147893651
2023-12-17,Food and non-alcoholic beverages,138386.65000000002,143044.68000000002,Beverage and Food,0.1763391431218754,0.26843445154721385,1.0650584175461424,1.0650584175461424,1.2672842517053375,175375.22219125848,1.0529879770071693,1.3344350804962477,184668.0004323561,184668.0004323561
2023-12-17,Furniture and household equipment,131276.31999999998,135784.05,Furniture,0.16738856018006318,0.046998790305857144,0.8265214633088751,0.8265214633088751,0.9834555709733259,129104.42824087702,1.0529879770071693,1.0355668921556331,135945.41071602836,135945.41071602836
2023-12-17,Information and communication,228.56,228.56,Electronic & Electric Devices,0.00028175864039079146,0.0339548802756404,2.0518884368782984,1.25,1.4873412467659715,339.94671536083047,1.0529879770071693,1.5661524505514213,357.95980409803286,357.95980409803286
2023-12-17,Other retail goods,367053.05000000005,374421.35,Other,0.4615700494805944,0.2641393020390311,0.9196854396221974,0.9196854396221974,1.0943088707201516,401669.4086398874,1.0529879770071693,1.1522940840006124,422953.05802938103,422953.05802938103
2023-12-17,Personal care and miscellaneous goods,14751.66,14926.220000000001,Miscellaneous Goods and Services,0.01840038262764193,0.20844694009841136,1.4392137533137837,1.25,1.4873412467659715,21940.752376267712,1.0529879770071693,1.5661524505514213,23103.348458701377,23103.348458701377
2023-12-17,Recreation and culture,52664.74,52839.909999999996,Recreation and Culture,0.0651386996848608,0.043944399344144514,0.9426699589354972,0.9426699589354972,1.1216575296095594,59071.802165929745,1.0529879770071693,1.181091892998429,62201.89746087009,62201.89746087009
2023-12-24,Clothing and footwear,103619.1,103660.90000000001,Clothing and Footwear,0.11445646085764355,0.11483612925572827,1.0004968713472182,1.0004968713472182,1.3713160441301855,142094.5343083301,1.0510153956191435,1.4412742746403657,149343.54319138752,149343.54319138752
2023-12-24,Education,20081.019999999997,20099.6,Education,0.022192833369711163,0.023241799165480043,1.006951489738102,1.006951489738102,1.3801629701043145,27715.08020592414,1.0510153956191435,1.4505725300430783,29128.975987245653,29128.975987245653
2023-12-24,Food and non-alcoholic beverages,154665.02000000002,156756.30000000002,Beverage and Food,0.17308137702006282,0.2741028813170957,1.071394688136547,1.071394688136547,1.4684910742990385,227124.2013762823,1.0510153956191435,1.543406727417585,238711.03236417533,238711.03236417533
2023-12-24,Furniture and household equipment,136661.28,137708.55,Furniture,0.15204993650294227,0.047902681176306326,0.8409226240976546,0.8409226240976546,1.1525979933793993,157515.51710066022,1.0510153956191435,1.2113982360014803,165551.2335217044,165551.2335217044
2023-12-24,Information and communication,299.43999999999994,299.43999999999994,Electronic & Electric Devices,0.00033062459074938356,0.031162173877297254,1.9776247525490644,1.25,1.713293768579757,513.0286860635223,1.0510153956191435,1.8006981279956664,539.2010474470222,539.2010474470222
2023-12-24,Other retail goods,425661.17999999993,427263.11,Other,0.47175958751689445,0.26345915186813473,0.9163236235248626,0.9163236235248626,1.2559452433500562,534607.134299772,1.0510153956191435,1.3200177868155407,561880.3287568914,561880.3287568914
2023-12-24,Personal care and miscellaneous goods,13412.580000000002,13449.75,Miscellaneous Goods and Services,0.014850447800666319,0.2011270203200793,1.4782899707600963,1.25,1.713293768579757,22979.689734577478,1.0510153956191435,1.8006981279956664,24152.00769759212,24152.00769759212
2023-12-24,Recreation and culture,46380.92999999999,46442.10999999999,Recreation and Culture,0.05127873234133,0.04416816301987835,0.9778580345662083,0.9778580345662083,1.3402864617423467,62163.732562019446,1.0510153956191435,1.4086617058311144,65335.039971833496,65335.039971833496
2023-12-31,Clothing and footwear,75009.97,75178.95999999999,Clothing and Footwear,0.09353091063939649,0.12186476329561736,1.0404912873953063,1.0404912873953063,1.568524113217554,117654.94667672533,1.052741732665889,1.651250792676875,123860.27242116861,123860.27242116861
2023-12-31,Education,17342.3,17342.3,Education,0.021575732247182,0.02540477431519749,1.0248079117195654,1.0248079117195654,1.5448816731298234,26791.801439919334,1.052741732665889,1.6263614093344678,28204.84746910114,28204.84746910114
2023-12-31,Food and non-alcoholic beverages,140083.05,152398.99,Beverage and Food,0.18960113727596498,0.25659678073608777,1.0464332718672726,1.0464332718672726,1.5774815605672334,220978.42832301778,1.052741732665889,1.66068067132004,232633.2135145587,232633.2135145587
2023-12-31,Furniture and household equipment,119322.26000000001,120384.92000000001,Furniture,0.14977210638256896,0.045022782031489725,0.8350264041880652,0.8350264041880652,1.258789060522638,150201.55556483797,1.052741732665889,1.3251797766354685,158123.4458544393,158123.4458544393
2023-12-31,Information and communication,181.57999999999998,181.57999999999998,Electronic & Electric Devices,0.00022590552933828313,0.03110154293517805,2.093284516369697,1.25,1.8843551745926779,342.1612126025384,1.052741732665889,1.9837393314586296,360.20738780625794,360.20738780625794
2023-12-31,Other retail goods,361730.37,365943.33,Other,0.4552738279076112,0.2646109973133793,0.9218288177591366,0.9218288177591366,1.3896423222664638,502675.8314011072,1.052741732665889,1.4629344661286467,529187.8257184678,529187.8257184678
2023-12-31,Personal care and miscellaneous goods,11970.779999999999,11970.779999999999,Miscellaneous Goods and Services,0.014892969448684507,0.21042161079055077,1.4877034026900822,1.25,1.8843551745926779,22557.201236910536,1.052741732665889,1.9837393314586296,23746.907114238333,23746.907114238333
2023-12-31,Recreation and culture,58502.95,60386.46,Recreation and Culture,0.07512741056925357,0.044976748582499504,0.925930618418156,0.925930618418156,1.3958257217040404,81659.92240556539,1.052741732665889,1.4694439887663264,85966.80820259695,85966.80820259695
2024-01-07,Clothing and footwear,92216.17,92618.7,Clothing and Footwear,0.12196224226687034,0.11447277559143834,0.990538868780552,0.990538868780552,1.4404319564075805,132831.11816551402,1.049992341544709,1.5124425227442215,139471.65679261,139471.65679261
2024-01-07,Education,15031.86,15055.09,Education,0.019824857549604315,0.014153523188686021,0.9507102424750054,0.9507102424750054,1.3825135567177698,20781.750232683575,1.049992341544709,1.451628646635395,21820.67858821273,21820.67858821273
2024-01-07,Food and non-alcoholic beverages,110519.95999999999,113803.65,Beverage and Food,0.1498590277358041,0.2667019453171226,1.0903137547482544,1.0903137547482544,1.585523621888343,175232.00727015478,1.049992341544709,1.6647876603209892,183992.2656271693,183992.2656271693
2024-01-07,Furniture and household equipment,130231.45000000001,131712.21000000002,Furniture,0.17344139429213437,0.042073134386943795,0.8085889772584145,0.8085889772584145,1.1758421997874966,153131.63464951538,1.049992341544709,1.234625304641955,160787.04363021356,160787.04363021356
2024-01-07,Information and communication,370.95000000000005,370.95000000000005,Electronic & Electric Devices,0.0004884747223713522,0.02903466854302566,1.8454879620197169,1.25,1.8177378013707957,674.2898374184967,1.049992341544709,1.908610770375653,707.9991652708486,707.9991652708486
2024-01-07,Other retail goods,319886.07999999996,324540.53,Other,0.42736176112684054,0.2749261837852926,0.9359724518804978,0.9359724518804978,1.361082005459911,435391.1872851095,1.049992341544709,1.4291256819472204,457157.41222542303,457157.41222542303
2024-01-07,Personal care and miscellaneous goods,23457.17,23470.93,Miscellaneous Goods and Services,0.030907011768560293,0.21486355448879638,1.3375679711140536,1.25,1.8177378013707957,42638.984622180986,1.049992341544709,1.908610770375653,44770.607304532656,44770.607304532656
2024-01-07,Recreation and culture,57641.700000000004,57832.64,Recreation and Culture,0.07615523053781467,0.04377421469869464,0.9202965500528618,0.9202965500528618,1.338286262001774,77141.09522842766,1.049992341544709,1.4051903258963585,80997.55920822013,80997.55920822013
2024-01-14,Clothing and footwear,134723.53,134964.14,Clothing and Footwear,0.14532034810520614,0.09465995313522646,0.9377260445544833,0.9377260445544833,0.9587127332709702,129161.16368221355,1.0531409258739572,1.0096596155641417,136024.90750724412,136024.90750724412
2024-01-14,Education,23107.52,23244.59,Education,0.025028217942653457,0.034330757087057746,1.0485472798177111,1.0485472798177111,1.0720141926691167,24771.58939738547,1.0531409258739572,1.1289820194175764,26087.974593332034,26087.974593332034
2024-01-14,Food and non-alcoholic beverages,145918.97999999998,149551.52,Beverage and Food,0.16102706204820552,0.27984066985203737,1.0864301123888274,1.0864301123888274,1.110744858378158,162078.75677478526,1.0531409258739572,1.1697708685621109,170691.77197429727,170691.77197429727
2024-01-14,Furniture and household equipment,141574.84,142692.69,Furniture,0.1536419332043924,0.041158999960511936,0.8207166756240077,0.8207166756240077,0.8390846472675108,118793.27468335426,1.0531409258739572,0.8836743823099291,125106.05928762704,125106.05928762704
2024-01-14,Information and communication,468.16,468.16,Electronic & Electric Devices,0.0005040833377587062,0.031737315298769234,1.8614877244832495,1.25,1.2779755063303933,598.297013043637,1.0531409258739572,1.3458883079810298,630.0910702643989,630.0910702643989
2024-01-14,Other retail goods,386032.02,393704.23,Other,0.42391435053853666,0.2651564861669942,0.9320380025346507,0.9320380025346507,0.9528973905667109,367848.90453319636,1.0531409258739572,1.0035352401643036,387396.7359018113,387396.7359018113
2024-01-14,Personal care and miscellaneous goods,19362.21,19435.4,Miscellaneous Goods and Services,0.02092673723230425,0.21194085527791617,1.4152298307498936,1.25,1.2779755063303933,24744.430128425403,1.0531409258739572,1.3458883079810298,26059.37205567337,26059.37205567337
2024-01-14,Recreation and culture,64510.97,64674.59,Recreation and Culture,0.06963726759094292,0.041174963221486886,0.9242058744949289,0.9242058744949289,0.9448899763289444,60955.76891625725,1.0531409258739572,0.9951023045200861,64195.01491382614,64195.01491382614
2024-01-21,Clothing and footwear,187772.92000000004,189822.52000000002,Clothing and Footwear,0.1584717892152488,0.09623393851392692,0.9279112600459664,0.9279112600459664,0.7616468562638309,143016.65420947984,1.0557593709716047,0.8041158058716023,150991.17288666393,150991.17288666393
2024-01-21,Education,27698.97,27986.57,Education,0.023364360677004,0.023007204950674195,0.9976920093520669,0.9976920093520669,0.8189241958384075,22683.356732802175,1.0557593709716047,0.8645868938717842,23948.166435747735,23948.166435747735
2024-01-21,Food and non-alcoholic beverages,176132.22,178333.79,Beverage and Food,0.1488805162782395,0.2867235906901678,1.1033005485176504,1.1033005485176504,0.9056096530728607,159507.03864915276,1.0557593709716047,0.9561058776740166,168401.05078977297,168401.05078977297
2024-01-21,Furniture and household equipment,162932.44,163312.63,Furniture,0.1363402228436748,0.04121277584601486,0.8357207399576845,0.8357207399576845,0.6859751591673984,111767.60646253258,1.0557593709716047,0.7242247025447189,117999.69789388527,117999.69789388527
2024-01-21,Information and communication,121.49,121.49,Electronic & Electric Devices,0.00010142493984254648,0.03105992020014791,2.3599800762313294,1.25,1.026023296971982,124.65157034912609,1.0557593709716047,1.0832337106133516,131.6020635024161,131.6020635024161
2024-01-21,Other retail goods,531145.76,536308.03,Other,0.44773240332393294,0.26941642124981496,0.9266395458717079,0.9266395458717079,0.760603009567928,403991.0635752444,1.0557593709716047,0.803013754940545,426517.35115834954,426517.35115834954
2024-01-21,Personal care and miscellaneous goods,18477.86,18759.43,Miscellaneous Goods and Services,0.0156611577844305,0.2110430648922902,1.4771754560680075,1.25,1.026023296971982,18958.71483818671,1.0557593709716047,1.0832337106133516,20015.840851994024,20015.840851994024
2024-01-21,Recreation and culture,82749.5,83187.15999999999,Recreation and Culture,0.06944812493762687,0.041303083656963197,0.9250139724660833,0.9250139724660833,0.7592687086198409,62829.10600393752,1.0557593709716047,0.8016050542109058,66332.41743342535,66332.41743342535
2024-01-28,Clothing and footwear,104636.45999999999,109025.72,Clothing and Footwear,0.11910865342441372,0.10191707861950317,0.976889738635277,0.976889738635277,1.41253239531497,147802.38948107904,1.0554360403665253,1.4908375982006754,155995.96871062103,155995.96871062103
2024-01-28,Education,21548.2,21671.989999999998,Education,0.023676262316152184,0.02264598336982084,0.9933486506063496,0.9933486506063496,1.4363311368016562,30950.35060202945,1.0554360403665253,1.51595564768109,32666.115487361665,32666.115487361665
2024-01-28,Food and non-alcoholic beverages,134694.81,144967.16999999998,Beverage and Food,0.1583740461374441,0.29045871540136314,1.0952419252951628,1.0952419252951628,1.5836635794207625,213311.2649339995,1.0554360403665253,1.6714556175365278,225136.39682751527,225136.39682751527
2024-01-28,Furniture and household equipment,153180.74,158925.16999999998,Furniture,0.17362291204264488,0.04188111413628983,0.8079075720812675,0.8079075720812675,1.168192860311251,178944.64680519406,1.0554360403665253,1.2329528468713522,188864.6294688604,188864.6294688604
2024-01-28,Information and communication,224.07,224.07,Electronic & Electric Devices,0.00024479247624146285,0.029315032556582195,2.0499527326028204,1.25,1.8074358080681263,404.99214151382506,1.0554360403665253,1.9076328924840942,427.44330221891096,427.44330221891096
2024-01-28,Other retail goods,388807.43,408478.52,Other,0.446255493382639,0.2665285560617722,0.9256014486992328,0.9256014486992328,1.338372161902981,520369.0406530419,1.0554360403665253,1.4125662150956684,549216.239796174,549216.239796174
2024-01-28,Personal care and miscellaneous goods,19265.980000000003,19534.25,Miscellaneous Goods and Services,0.021340819516310956,0.2071121884792993,1.4062067708550052,1.25,1.8074358080681263,34822.02212952437,1.0554360403665253,1.9076328924840942,36752.41715394072,36752.41715394072
2024-01-28,Recreation and culture,52139.64000000001,52519.87000000001,Recreation and Culture,0.0573770207041537,0.04014133137536935,0.9478247976772971,0.9478247976772971,1.370505983277499,71457.68858593483,1.0554360403665253,1.446481408289035,75419.01989488331,75419.01989488331
2024-02-04,Clothing and footwear,102836.68,103071.84,Clothing and Footwear,0.11933514502932492,0.10368636529572556,0.9791359418212776,0.9791359418212776,1.2090187379107524,124331.4730645319,1.054118490990248,1.2744490075854165,131060.10476937903,131060.10476937903
2024-02-04,Education,23395.019999999997,23551.27,Education,0.027267333357731745,0.02111760122372348,0.9623881958556051,0.9623881958556051,1.1883389346011082,27801.213141771615,1.054118490990248,1.252650044526679,29305.772844702544,29305.772844702544
2024-02-04,Food and non-alcoholic beverages,128389.57,133760.34,Beverage and Food,0.1548658641688342,0.274622844184388,1.0897255762418352,1.0897255762418352,1.3455727489752949,172757.50664465607,1.054118490990248,1.4183931156674374,182106.88221150255,182106.88221150255
2024-02-04,Furniture and household equipment,124117.11,126533.1,Furniture,0.14649826605899413,0.04591999077992328,0.840282649530253,0.840282649530253,1.0375652910194217,128779.60535763958,1.054118490990248,1.0937167588732504,135748.9632699147,135748.9632699147
2024-02-04,Information and communication,521.0,521.0,Electronic & Electric Devices,0.0006032065650548034,0.032107856032982406,1.8151887326807938,1.25,1.5434766081381315,804.1513128399665,1.054118490990248,1.6270072330493133,847.6707684186922,847.6707684186922
2024-02-04,Other retail goods,381510.66,387498.10000000003,Other,0.4486399191291031,0.26555869523534553,0.9243562709490801,0.9243562709490801,1.1413778254365583,435447.8074916661,1.054118490990248,1.2031474709989154,459013.58573812706,459013.58573812706
2024-02-04,Personal care and miscellaneous goods,15336.62,15770.27,Miscellaneous Goods and Services,0.01825859960976356,0.21550514480575572,1.4480999102570864,1.25,1.5434766081381315,23671.71421790343,1.054118490990248,1.6270072330493133,24952.79167052876,24952.79167052876
2024-02-04,Recreation and culture,72520.04,73011.47,Recreation and Culture,0.08453166608119353,0.04148150244215603,0.898721760713811,0.898721760713811,1.109724811909186,80477.28774864665,1.054118490990248,1.1697814441441479,84832.59712059137,84832.59712059137
2024-02-11,Clothing and footwear,118654.95,119816.71,Clothing and Footwear,0.10618711395776569,0.10632714085294037,1.0001976913353345,1.0001976913353345,1.0644335207113904,126300.306178334,1.0523272067902036,1.12013235366408,132909.2484173937,132909.2484173937
2024-02-11,Education,18358.79,18739.89,Education,0.016608157868681202,0.017726211495892142,1.0098204684751433,1.0098204684751433,1.0746743027474623,19729.719842537084,1.0523272067902036,1.1309090072194468,20762.120972650308,20762.120972650308
2024-02-11,Food and non-alcoholic beverages,163728.66999999998,226574.44,Beverage and Food,0.20080075542215226,0.2755362291406842,1.0486051956578608,1.0486051956578608,1.1159499066231462,182712.9939980319,1.0523272067902036,1.174344448154524,192273.85461822414,192273.85461822414
2024-02-11,Furniture and household equipment,141694.02,170018.56,Furniture,0.1506783169530796,0.04724633370143531,0.8403256166684085,0.8403256166684085,0.8942939605270861,126716.10632880413,1.0523272067902036,0.9410898655308172,133346.8062283209,133346.8062283209
2024-02-11,Information and communication,162.43,162.43,Electronic & Electric Devices,0.00014395298385475516,0.03265285907063707,2.2560830432952197,1.25,1.3302789162739124,216.0772043703716,1.0523272067902036,1.3998886962144255,227.38392092610914,227.38392092610914
2024-02-11,Other retail goods,477000.9,502049.94,Other,0.4449398935362974,0.26775200410800626,0.9266478182353659,0.9266478182353659,0.9861600443277823,470399.22868839203,1.0523272067902036,1.0377630448955586,495013.9064019219,495013.9064019219
2024-02-11,Personal care and miscellaneous goods,15868.77,15942.17,Miscellaneous Goods and Services,0.014128688915962334,0.21134245916610647,1.5004887168589027,1.25,1.3302789162739124,21109.890158199974,1.0523272067902036,1.3998886962144255,22214.51174582659,22214.51174582659
2024-02-11,Recreation and culture,56823.58,75050.38,Recreation and Culture,0.06651312036220673,0.04141676246429817,0.9314087717809968,0.9314087717809968,0.9912267612262721,56325.05316468197,1.0523272067902036,1.043094888936943,59272.38586909949,59272.38586909949
2024-02-18,Clothing and footwear,109626.94,112387.1,Clothing and Footwear,0.11953321516409482,0.11431875197669043,0.9933317818061148,0.9933317818061148,1.1501510005471545,126087.53472792287,1.052792517298781,1.2108703671397505,132744.01308620741,132744.01308620741
2024-02-18,Education,19782.659999999996,20490.989999999998,Education,0.021793906209834714,0.015433712714788436,0.9495553830844382,0.9495553830844382,1.0994635366883618,21750.313328703385,1.052792517298781,1.1575069844683612,22898.567121362867,22898.567121362867
2024-02-18,Food and non-alcoholic beverages,133142.22999999998,135607.97,Beverage and Food,0.14423058034219333,0.2558187326570011,1.0897609682625338,1.0897609682625338,1.2618036500608356,167999.35179123926,1.052792517298781,1.3284174410843375,176868.4604768623,176868.4604768623
2024-02-18,Furniture and household equipment,156131.86,157971.4,Furniture,0.16801598533971682,0.05205625893535632,0.8388191806819059,0.8388191806819059,0.971245194818249,151642.31878303556,1.052792517298781,1.0225196735670494,159647.89852061626,159647.89852061626
2024-02-18,Information and communication,67.78999999999999,67.78999999999999,Electronic & Electric Devices,7.210041593718485e-05,0.04163049591495902,2.5955002326185053,1.25,1.4473399291321185,98.1151737958663,1.052792517298781,1.5237486473780424,103.29492080575749,103.29492080575749
2024-02-18,Other retail goods,429520.08999999997,433062.01,Other,0.4605981862751631,0.2760125306073967,0.9260639672394402,0.9260639672394402,1.0722634853729118,460558.7087410867,1.052792517298781,1.1288709739733125,484872.7623394048,484872.7623394048
2024-02-18,Personal care and miscellaneous goods,17753.9,18169.62,Miscellaneous Goods and Services,0.01932493228235127,0.20381628263417526,1.423862769148629,1.25,1.4473399291321185,25695.92836781872,1.052792517298781,1.5237486473780424,27052.48111068503,27052.48111068503
2024-02-18,Recreation and culture,59156.43000000001,62459.61,Recreation and Culture,0.06643109397070882,0.04091323455963273,0.929873479792207,0.929873479792207,1.0766744130754315,63692.21454988786,1.052792517298781,1.1335147656528712,67054.68688831049,67054.68688831049
2024-02-25,Clothing and footwear,223853.38,228162.1,Clothing and Footwear,0.18699587910476906,0.12028283884267997,0.9359566731066609,0.9359566731066609,1.1108704638699394,248672.1080794538,1.0530843679554793,1.1698403203248853,261872.70976500827,261872.70976500827
2024-02-25,Education,24754.260000000002,24861.629999999997,Education,0.020375962343559685,0.010785935528441532,0.9089938681785332,0.9089938681785332,1.0788687863581743,26706.5984433947,1.0530843679554793,1.136139853988893,28124.301342003095,28124.301342003095
2024-02-25,Food and non-alcoholic beverages,166505.28,167703.47,Beverage and Food,0.1374455170318395,0.27703435064859727,1.110862884097268,1.110862884097268,1.3184635601314874,219531.14424949014,1.0530843679554793,1.3884533648933985,231184.8162885175,231184.8162885175
2024-02-25,Furniture and household equipment,185545.43,188205.56,Furniture,0.15424851079388452,0.04891933025201549,0.8417612481376929,0.8417612481376929,0.9990715756987784,185373.16511380736,1.0530843679554793,1.052106658837033,195213.58241978058,195213.58241978058
2024-02-25,Information and communication,107.36,153.8,Electronic & Electric Devices,0.0001260505851160797,0.03124337831145492,2.286293429434244,1.25,1.4836029484445823,159.27961254501037,1.0530843679554793,1.5623590732596486,167.73487010515586,167.73487010515586
2024-02-25,Other retail goods,514128.23,520093.73000000004,Other,0.4262556500761012,0.2771646217162277,0.9374759753208075,0.9374759753208075,1.1126736968655284,572056.9583370306,1.0530843679554793,1.1717392768043216,602424.2404048858,602424.2404048858
2024-02-25,Personal care and miscellaneous goods,16990.800000000003,17399.78,Miscellaneous Goods and Services,0.014260419050006896,0.1983257928775515,1.484181578017694,1.25,1.4836029484445823,25207.60097643221,1.0530843679554793,1.5623590732596486,26545.730541940044,26545.730541940044
2024-02-25,Recreation and culture,73425.73,73565.0,Recreation and Culture,0.06029201101472303,0.03624375182303164,0.9265012438755506,0.9265012438755506,1.0996479817210718,80742.45580089635,1.0530843679554793,1.1580220998042534,85028.61803426016,85028.61803426016
2024-03-03,Clothing and footwear,162688.12,162821.22999999998,Clothing and Footwear,0.1236957037263372,0.11218913907745412,0.985460973583195,0.985460973583195,0.9873725252097683,160633.7798660298,1.0549887061677372,1.0416668628766248,169466.82358769586,169466.82358769586
2024-03-03,Education,37113.33,37249.950000000004,Education,0.028298882025525024,0.03296511488893671,1.0231582189493929,1.0231582189493929,1.0251428939493201,38046.466520296126,1.0549887061677372,1.0815141753246431,40138.59248850134,40138.59248850134
2024-03-03,Food and non-alcoholic beverages,196521.46000000002,200037.6,Beverage and Food,0.15196907494021236,0.29053413411063506,1.102088045595339,1.102088045595339,1.1042258250230974,217004.07130324366,1.0549887061677372,1.1649457744581198,228936.8444173404,228936.8444173404
2024-03-03,Furniture and household equipment,233019.16999999998,234106.33000000002,Furniture,0.17785117601764913,0.048353015848174016,0.8225362064411454,0.8225362064411454,0.8241317241384328,192038.49032940657,1.0549887061677372,0.8694496613605918,202598.43844702616,202598.43844702616
2024-03-03,Information and communication,326.03,326.03,Electronic & Electric Devices,0.0002476858225791423,0.030396715161079266,2.057495176788441,1.25,1.2524246921971232,408.328022397028,1.0549887061677372,1.3212939055935695,430.7814520406714,430.7814520406714
2024-03-03,Other retail goods,577920.51,587707.41,Other,0.44648281839618215,0.26394176323162766,0.9241777413303969,0.9241777413303969,0.925970418576924,535137.2965488894,1.0549887061677372,0.976888333844067,564563.8041082135,564563.8041082135
2024-03-03,Personal care and miscellaneous goods,17475.32,17803.6,Miscellaneous Goods and Services,0.013525440330245737,0.18701910432058916,1.4828942595906902,1.25,1.2524246921971232,21886.52227204623,1.0549887061677372,1.3212939055935695,23090.033814297418,23090.033814297418
2024-03-03,Recreation and culture,75843.5,76252.5,Recreation and Culture,0.05792921874126936,0.034601013361504,0.9256113513680557,0.9256113513680557,0.9274068094650404,70337.7783536618,1.0549887061677372,0.9784037100086721,74205.56178004273,74205.56178004273
2024-03-10,Clothing and footwear,138256.50999999998,138786.57,Clothing and Footwear,0.14890364660621008,0.12412471501047703,0.9730674373651028,0.9730674373651028,1.093013656370041,151116.2535120611,1.0525872135264,1.1504921989048436,159063.03620280948,159063.03620280948
2024-03-10,Education,17079.379999999997,17229.699999999997,Education,0.018485687483529693,0.01903624870012217,1.004411934768538,1.004411934768538,1.128221867433788,19269.329998211288,1.0525872135264,1.1875519116816824,20282.65036933789,20282.65036933789
2024-03-10,Food and non-alcoholic beverages,164942.24000000002,168432.76,Beverage and Food,0.18071094466812315,0.3072789766764778,1.0828848024964564,1.0828848024964564,1.2163677787936318,200630.42609804615,1.0525872135264,1.2803331709036854,211181.02115515672,211181.02115515672
2024-03-10,Furniture and household equipment,144033.91,145053.19999999998,Furniture,0.15562709296655944,0.04264589665962771,0.8235098663558678,0.8235098663558678,0.9250207082458389,133234.34943961742,1.0525872135264,0.9736649697467047,140240.7726226496,140240.7726226496
2024-03-10,Information and communication,106.41999999999999,106.41999999999999,Electronic & Electric Devices,0.00011417766194404023,0.030389973524210457,2.3108533021564037,1.25,1.4040826133923099,149.4224717172096,1.0525872135264,1.477919405591477,157.28018314304498,157.28018314304498
2024-03-10,Other retail goods,371653.87999999995,379984.48999999993,Other,0.40768408798344796,0.25803319411441095,0.9336901400344336,0.9336901400344336,1.0487824735345435,389784.0755651103,1.0525872135264,1.1039350214130506,410281.73397604324,410281.73397604324
2024-03-10,Personal care and miscellaneous goods,12207.419999999998,12252.5,Miscellaneous Goods and Services,0.013145666256054811,0.18809288165532362,1.4905222509274922,1.25,1.4040826133923099,17140.22617637755,1.0525872135264,1.477919405591477,18041.582910205507,18041.582910205507
2024-03-10,Recreation and culture,70068.29,70210.58,Recreation and Culture,0.07532869637413074,0.030398113659350266,0.8727360735914061,0.8727360735914061,0.9803148376079718,68688.98433281826,1.0525872135264,1.0318668632963603,72301.14661883973,72301.14661883973
2024-03-17,Clothing and footwear,158660.83000000002,159440.49000000002,Clothing and Footwear,0.1364728199644605,0.1724959879643268,1.0357618839315645,1.0357618839315645,0.9068878893712485,143887.58524459047,1.060554011082563,0.9618035886748774,152600.55567613465,152600.55567613465
2024-03-17,Education,25143.23,25271.11,Education,0.021630764213858584,0.013824568263315636,0.9350545699188002,0.9350545699188002,0.8187110169972523,20585.039403895826,1.060554011082563,0.8682872529939205,21831.54610809433,21831.54610809433
2024-03-17,Food and non-alcoholic beverages,148848.99,150641.14,Beverage and Food,0.12894103109229715,0.25089589356688985,1.1050078472011067,1.1050078472011067,0.9675179689785643,144014.07248931064,1.060554011082563,1.0261050627946713,152734.7022308734,152734.7022308734
2024-03-17,Furniture and household equipment,310237.84,312378.2,Furniture,0.267379596295911,0.04290745262558778,0.7599948865888271,0.8,0.7004605235549827,217309.35983296696,1.060554011082563,0.742876217861229,230468.31321663712,230468.31321663712
2024-03-17,Information and communication,119.23,119.23,Electronic & Electric Devices,0.00010205471849943905,0.03090171242850421,2.355984444266657,1.25,1.0944695680546603,130.49360659915715,1.060554011082563,1.1607440904081703,138.39551789936615,138.39551789936615
2024-03-17,Other retail goods,439561.64,447063.96,Other,0.38266364664131913,0.25715102519838934,0.94211877374919,0.94211877374919,0.8248962618891698,362592.753705873,1.060554011082563,0.8748470392735714,384549.1993322355,384549.1993322355
2024-03-17,Personal care and miscellaneous goods,17095.809999999998,17177.78,Miscellaneous Goods and Services,0.014703291976392635,0.19618558003956943,1.474985921981882,1.25,1.0944695680546603,18710.84378624454,1.060554011082563,1.1607440904081703,19843.8604282409,19843.8604282409
2024-03-17,Recreation and culture,55572.13999999999,56202.91999999999,Recreation and Culture,0.048106795097261526,0.03563777991341696,0.9559950255904948,0.9559950255904948,0.8370459701763463,46516.435841075734,1.060554011082563,0.8877324611310196,49333.19261251757,49333.19261251757
2024-03-24,Clothing and footwear,133169.34,133571.49,Clothing and Footwear,0.10261199266917434,0.20794427096877185,1.1117632798535761,1.1117632798535761,1.0799628444364155,143817.93921812013,1.0594488769714858,1.1441654227090918,152367.75419299077,152367.75419299077
2024-03-24,Education,24525.52,24820.559999999998,Education,0.019067595343623116,0.012623356984116856,0.940008629649865,0.940008629649865,0.9131209960497598,22394.767251038305,1.0594488769714858,0.9674050138040026,23726.11101415034,23726.11101415034
2024-03-24,Food and non-alcoholic beverages,187191.15,189345.33000000002,Beverage and Food,0.14545844786115958,0.23194680872231566,1.0725002889929944,1.0725002889929944,1.0418229165765394,195020.02985031647,1.0594488769714858,1.1037581189701726,206613.7516118634,206613.7516118634
2024-03-24,Furniture and household equipment,155230.62,164679.26,Furniture,0.12650953448138563,0.03957509552597435,0.8400300209357083,0.8400300209357083,0.8160021357614828,126668.51745557915,1.0594488769714858,0.8645125463388369,134198.81856595638,134198.81856595638
2024-03-24,Information and communication,277.26,277.26,Electronic & Electric Devices,0.0002129960599185895,0.02441112613728341,2.036490726320536,1.25,1.2142454963284215,336.6617063120181,1.0594488769714858,1.2864310274528306,356.6758666715718,356.6758666715718
2024-03-24,Other retail goods,685604.3,699924.75,Other,0.5376946331584209,0.25569364996703164,0.894494420882406,0.894494420882406,0.8689086576378889,595727.5119837646,1.0594488769714858,0.9205643015252627,631142.8435522167,631142.8435522167
2024-03-24,Personal care and miscellaneous goods,14723.77,15076.8,Miscellaneous Goods and Services,0.011582265729570043,0.1924710871973124,1.524353864904896,1.25,1.2142454963284215,17878.27141147552,1.0594488769714858,1.2864310274528306,18941.114569079164,18941.114569079164
2024-03-24,Recreation and culture,73837.53,74018.76999999999,Recreation and Culture,0.05686253469674779,0.035334604497193854,0.9311209600372443,0.9311209600372443,0.9044875458097761,66785.12629835571,1.0594488769714858,0.9582583146428626,70755.4270551918,70755.4270551918
2024-03-31,Clothing and footwear,144353.9,146114.07,Clothing and Footwear,0.17864414739635273,0.23535444574275616,1.042221533721512,1.042221533721512,1.915472410172537,276505.9127508054,1.0547925504138838,2.0204260287733193,291656.37691494083,291656.37691494083
2024-03-31,Education,22578.14,22672.379999999997,Education,0.027720040886864073,0.0033444978011942317,0.7281662691474263,0.8,1.470299623023804,33196.63073057867,1.0547925504138838,1.55086108924185,35015.558793454984,35015.558793454984
2024-03-31,Food and non-alcoholic beverages,103093.54,111936.66,Beverage and Food,0.13685765640567962,0.2041436906323867,1.0618178685358568,1.0618178685358568,1.9514880147852616,201185.80771178493,1.0547925504138838,2.058415020217473,212209.29122339087,212209.29122339087
2024-03-31,Furniture and household equipment,123352.70999999999,126755.24,Furniture,0.15497536806564943,0.040007877226175714,0.8161733780548637,0.8161733780548637,1.5000242625951634,185032.05785686502,1.0547925504138838,1.5822144176254578,195170.43621517197,195170.43621517197
2024-03-31,Information and communication,81.93,81.93,Electronic & Electric Devices,0.00010017046952550963,0.022883835791358335,2.2584910142424413,1.25,2.2973431609746937,188.22132517865668,1.0547925504138838,2.4232204519403906,198.53445162747622,198.53445162747622
2024-03-31,Other retail goods,338680.61,346493.26,Other,0.423634719170322,0.2571023695676242,0.9278273708730294,0.9278273708730294,1.7052302920322278,577528.435495953,1.0547925504138838,1.7986642087756852,609172.6914133164,609172.6914133164
2024-03-31,Personal care and miscellaneous goods,8946.359999999999,9229.56,Miscellaneous Goods and Services,0.0112843812854127,0.19936892935620767,1.5384272315219354,1.25,2.2973431609746937,20552.85896161756,1.0547925504138838,2.4232204519403906,21679.00252242143,21679.00252242143
2024-03-31,Recreation and culture,53072.09,54622.62,Recreation and Culture,0.06678351632019397,0.037794353882296995,0.9181500167521893,0.9181500167521893,1.687444529387554,89556.2079336639,1.0547925504138838,1.779903918834654,94463.22097174544,94463.22097174544
2024-04-07,Clothing and footwear,146741.94,147589.30000000002,Clothing and Footwear,0.15211039356728392,0.17920562458067335,1.0248939086492255,1.0248939086492255,1.0720780555072962,157318.81369656834,1.0530759978810564,1.1289796681097286,165668.6667189777,165668.6667189777
2024-04-07,Education,19219.43,19537.62,Education,0.020136114661212144,0.0007168080082050291,0.606337007436651,0.8,0.8368304632976171,16083.404511216122,1.0530759978810564,0.8812460751944049,16937.0472549736,16937.0472549736
2024-04-07,Food and non-alcoholic beverages,163814.06000000003,170826.84000000003,Beverage and Food,0.1760597676407127,0.25792816976984106,1.058950836646756,1.058950836646756,1.1077028990506301,181457.3091672539,1.0530759978810564,1.1664953357734815,191088.3369241173,191088.3369241173
2024-04-07,Furniture and household equipment,198493.94,199039.91999999998,Furniture,0.20513709711205827,0.029749871890756587,0.7485419326600565,0.8,0.8368304632976171,166105.7757719694,1.0530759978810564,0.8812460751944049,174922.0055748737,174922.0055748737
2024-04-07,Information and communication,637.5,637.5,Electronic & Electric Devices,0.0006570284966399562,0.01785952283740654,1.641129479621799,1.25,1.3075475989025267,833.5615943003608,1.0530759978810564,1.3769469924912576,877.8037077131768,877.8037077131768
2024-04-07,Other retail goods,370008.8,373574.4,Other,0.3850180806512528,0.26238705066484735,0.944102594195967,0.944102594195967,0.9875672641268666,365408.5783188649,1.0530759978810564,1.0399833821450648,384803.00324743683,384803.00324743683
2024-04-07,Personal care and miscellaneous goods,11249.07,11309.35,Miscellaneous Goods and Services,0.011655788593686415,0.20513946360905058,1.5375389734726075,1.25,1.3075475989025267,14708.694468386446,1.0530759978810564,1.3769469924912576,15489.373104823631,15489.373104823631
2024-04-07,Recreation and culture,47567.03999999999,47762.619999999995,Recreation and Culture,0.04922572927715373,0.04701348863921947,0.9931264486536322,0.9931264486536322,1.0388480826749202,49414.92830252123,1.0530759978810564,1.093985981309714,52037.674932398404,52037.674932398404
2024-04-14,Clothing and footwear,164515.22,165401.09,Clothing and Footwear,0.17334714274227755,0.08611095912077765,0.900370507506822,0.900370507506822,0.8573232642147275,141042.72542340402,1.063291623765658,0.9115846456989518,149969.5485357851,149969.5485357851
2024-04-14,Education,22759.85,23827.15,Education,0.024971832847000337,0.02587862679480302,1.0053646742342286,1.0053646742342286,0.9572975981047828,21787.94973822514,1.063291623765658,1.0178865175157987,23166.94445568195,23166.94445568195
2024-04-14,Food and non-alcoholic beverages,134502.11000000002,136854.96000000002,Beverage and Food,0.14342962483565672,0.2854034797947374,1.1087230085432065,1.1087230085432065,1.055714309686041,141995.80220996597,1.063291623765658,1.1225321825787113,150982.94709974193,150982.94709974193
2024-04-14,Furniture and household equipment,162057.41,164632.18,Furniture,0.1725412934487453,0.035355316941483764,0.7883775574233609,0.8,0.7617515296796695,123447.47996342537,1.063291623765658,0.8099640208990696,131260.6714200891,131260.6714200891
2024-04-14,Information and communication,243.27000000000004,266.49,Electronic & Electric Devices,0.00027929247666620303,0.03242015390648683,2.040390887361102,1.25,1.1902367651244836,289.5488978518332,1.063291623765658,1.2655687826547963,307.87491775643235,307.87491775643235
2024-04-14,Other retail goods,387623.98,394166.16,Other,0.41310234171791377,0.28190197438668674,0.9442914754180899,0.9442914754180899,0.8991443448290025,348529.90953711036,1.063291623765658,0.9560526504129389,370588.933442612,370588.933442612
2024-04-14,Personal care and miscellaneous goods,12956.259999999998,13742.93,Miscellaneous Goods and Services,0.01440315567694946,0.21595378899585685,1.501016533714202,1.25,1.1902367651244836,15421.01699051174,1.063291623765658,1.2655687826547963,16397.03819595903,16397.03819595903
2024-04-14,Recreation and culture,55077.91,55270.08,Recreation and Culture,0.05792531625479071,0.03697570005916773,0.9348828625419011,0.9348828625419011,0.8901855632657517,49029.56033685038,1.063291623765658,0.946526853017588,52132.72082308594,52132.72082308594
2024-04-21,Clothing and footwear,136439.63,137949.21,Clothing and Footwear,0.12956083031808788,0.08866730605610716,0.9446990283185984,0.9446990283185984,0.8727829634183145,119082.18459909837,1.0542024968326529,0.9200899792285891,125536.7363326564,125536.7363326564
2024-04-21,Education,22493.28,22638.34,Education,0.0212617537093774,0.027027408286244385,1.0366467677012992,1.0366467677012992,0.9577310982765459,21542.513758241865,1.0542024968326529,1.0096425150974135,22710.17179199035,22710.17179199035
2024-04-21,Food and non-alcoholic beverages,178220.35,180829.29,Beverage and Food,0.16983346956630133,0.28396485752917155,1.0801552907043155,1.0801552907043155,0.997927495755765,177850.98756821596,1.0542024968326529,1.0520176576836842,187490.9551585664,187490.9551585664
2024-04-21,Furniture and household equipment,144345.91999999998,159072.04,Furniture,0.14939922876537018,0.03694220939725325,0.8109165733212839,0.8109165733212839,0.7491848183733771,108141.77185813802,1.0542024968326529,0.7897925061183317,114003.32590475622,114003.32590475622
2024-04-21,Information and communication,252.14000000000001,252.14000000000001,Electronic & Electric Devices,0.00023680793646011227,0.03291051287136216,2.096238820812737,1.25,1.1548426234910472,291.18201908703264,1.0542024968326529,1.2174379771330333,306.96481155432303,306.96481155432303
2024-04-21,Other retail goods,475238.87,483642.2,Other,0.4542330108948556,0.2809134050505861,0.9304521969566755,0.9304521969566755,0.8596206849331645,408525.1629362631,1.0542024968326529,0.9062142723855372,430668.2467863749,430668.2467863749
2024-04-21,Personal care and miscellaneous goods,16808.55,16916.739999999998,Miscellaneous Goods and Services,0.015888071274023315,0.21442641698656642,1.4775121687078359,1.25,1.1548426234910472,19411.22997908044,1.0542024968326529,1.2174379771330333,20463.367110539446,20463.367110539446
2024-04-21,Recreation and culture,62837.19,63444.759999999995,Recreation and Culture,0.05958682753552419,0.03514788382270902,0.923873133260967,0.923873133260967,0.8535424583903911,53634.209630944104,1.0542024968326529,0.899806590787831,56541.31770858719,56541.31770858719
2024-04-28,Clothing and footwear,155966.87,157412.58000000002,Clothing and Footwear,0.1400383969899026,0.09604794890833938,0.9450094352021637,0.9450094352021637,1.085860022981657,169358.1890425771,1.0594284003679617,1.150390947170975,179422.87530659232,179422.87530659232
2024-04-28,Education,30010.79,30518.97,Education,0.027150483376760154,0.024337696327668957,0.9837285715604935,0.9837285715604935,1.130350120889401,33922.70010448642,1.0594284003679617,1.1975250204295902,35938.671907858145,35938.671907858145
2024-04-28,Food and non-alcoholic beverages,192448.87,195983.88,Beverage and Food,0.17435244623435708,0.28559619831700944,1.076833744665947,1.076833744665947,1.2373323177246853,238123.20636059667,1.0594284003679617,1.310864998090646,252274.48760509698,252274.48760509698
2024-04-28,Furniture and household equipment,187688.31,189372.13,Furniture,0.16847045845867872,0.036171842788794026,0.7939205282124776,0.8,0.9192374023223263,172530.1145306675,1.0594284003679617,0.9738662107007426,182783.3032525263,182783.3032525263
2024-04-28,Information and communication,73.3,73.3,Electronic & Electric Devices,6.520961983699054e-05,0.029689857241114483,2.504635121081484,1.25,1.4363084411286349,105.28140873472893,1.0594284003679617,1.5216659542199102,111.53811444431942,111.53811444431942
2024-04-28,Other retail goods,475659.83999999997,480844.08999999997,Other,0.42777162769118227,0.2807925566492656,0.9388064013929306,0.9388064013929306,1.0787324471250108,513109.70320229104,1.0594284003679617,1.142839790882667,543602.9920768829,543602.9920768829
2024-04-28,Personal care and miscellaneous goods,9529.82,9552.11,Miscellaneous Goods and Services,0.008497809846399942,0.21274904495617036,1.6210040188396437,1.25,1.4363084411286349,13687.760908436487,1.0594284003679617,1.5216659542199102,14501.202643843984,14501.202643843984
2024-04-28,Recreation and culture,60303.39,60310.22,Recreation and Culture,0.053653567782882175,0.034614854811637716,0.9363745172838621,0.9363745172838621,1.0759380985860494,64882.714774892986,1.0594284003679617,1.1398793786799646,68738.59072549558,68738.59072549558
2024-05-05,Clothing and footwear,173889.35,175590.08,Clothing and Footwear,0.15185702313634397,0.09647060586330244,0.9342089391237599,0.9342089391237599,0.92226253297425,160371.6323882459,1.0576498654159194,0.9754308438783604,169617.03541195957,169617.03541195957
2024-05-05,Education,36745.42,36782.299999999996,Education,0.031810741142711166,0.027511518454847617,0.978455583906365,0.978455583906365,0.9659433638717708,35493.99460168104,1.0576498654159194,1.021629868798379,37540.21861354133,37540.21861354133
2024-05-05,Food and non-alcoholic beverages,173615.86,181665.77999999997,Beverage and Food,0.15711152108673776,0.27142250853626104,1.085464623815064,1.085464623815064,1.0715840017037166,186043.9780180322,1.0576498654159194,1.1333606751837881,196769.38831221403,196769.38831221403
2024-05-05,Furniture and household equipment,158016.91,163832.96,Furniture,0.14168901567341227,0.03853321847597756,0.8225737861178422,0.8225737861178422,0.8120549395029502,128318.41229049313,1.0576498654159194,0.8588697974756279,135715.9514894245,135715.9514894245
2024-05-05,Information and communication,78.56,78.56,Electronic & Electric Devices,6.794169543969217e-05,0.031428812834352206,2.5106070236466,1.25,1.2340153448960853,96.94424549503647,1.0576498654159194,1.305156163450524,102.53306820067317,102.53306820067317
2024-05-05,Other retail goods,487253.52,507174.98,Other,0.43862433841384885,0.28479819239791,0.9372742276806902,0.9372742276806902,0.9252886234668791,450850.13880019146,1.0576498654159194,0.9786313880806261,476841.58862477116,476841.58862477116
2024-05-05,Personal care and miscellaneous goods,10715.21,11741.68,Miscellaneous Goods and Services,0.010154654359856477,0.21519369137325342,1.5809737476715247,1.25,1.2340153448960853,13222.73356378398,1.0576498654159194,1.305156163450524,13985.022374166689,13985.022374166689
2024-05-05,Recreation and culture,79168.48,79419.2,Recreation and Culture,0.0686847644916497,0.03464145206409573,0.902423406370408,0.902423406370408,0.8908834648435833,70529.88976879993,1.0576498654159194,0.9422427766930839,74595.92842177088,74595.92842177088
2024-05-12,Clothing and footwear,182562.55,183016.27,Clothing and Footwear,0.17825666030402157,0.09830521446063326,0.9145966754771148,0.9145966754771148,0.9242419145388774,168731.9607350995,1.0595750021065493,0.9793036285444922,178784.16765133527,178784.16765133527
2024-05-12,Education,29711.27,29793.24,Education,0.029018422580878674,0.0230392400788126,0.965982263633092,0.965982263633092,0.9761694096308656,29003.23289528325,1.0595750021065493,1.0343247042659733,30731.100556116486,30731.100556116486
2024-05-12,Food and non-alcoholic beverages,133613.22,136220.35,Beverage and Food,0.13267773764837917,0.2683090546616849,1.111413302976114,1.111413302976114,1.1231341492147422,150065.57016854218,1.0595750021065493,1.190044868520148,159005.7268274536,159005.7268274536
2024-05-12,Furniture and household equipment,143620.65999999997,144436.89,Furniture,0.14068059433240188,0.04026463658826798,0.8289024788246201,0.8289024788246201,0.8376439960217829,120302.9835536858,1.0595750021065493,0.887546638849319,127470.0340523208,127470.0340523208
2024-05-12,Information and communication,2.129999999999999,32.12,Electronic & Electric Devices,3.1284671734186105e-05,0.033203748604921056,2.84366430924811,1.25,1.2631823667748558,2.690578441230442,1.0595750021065493,1.338436458936424,2.8508696575345818,2.8508696575345818
2024-05-12,Other retail goods,447570.17,452213.62,Other,0.44045313373063444,0.2825790542215516,0.9355910086703743,0.9355910086703743,0.9454576517324145,423158.6419136775,1.0595750021065493,1.0017832933260262,448368.3188970894,448368.3188970894
2024-05-12,Personal care and miscellaneous goods,13941.65,14059.69,Miscellaneous Goods and Services,0.013694046897086523,0.21792467912238928,1.514489234798575,1.25,1.2631823667748558,17610.84644374667,1.0595750021065493,1.338436458936424,18660.012657730993,18660.012657730993
2024-05-12,Recreation and culture,66781.49,66928.70000000001,Recreation and Culture,0.06518811983486371,0.03637437226173927,0.91620795405988,0.91620795405988,0.9258701854938461,61830.99053385544,1.0595750021065493,0.9810289037450333,65514.57192515991,65514.57192515991
2024-05-19,Clothing and footwear,181706.53,181832.56,Clothing and Footwear,0.16429487854543567,0.0995617428380746,0.9276203545815318,0.9276203545815318,0.8496321499264603,154383.70973957685,1.0617627387941853,0.9021077584735103,163918.87047829965,163918.87047829965
2024-05-19,Education,26203.989999999998,26203.989999999998,Education,0.023676625101993892,0.02383328097379366,1.0009896922170938,1.0009896922170938,0.9168330772951836,24024.684789112216,1.0617627387941853,0.9734591991660351,25508.51512035479,25508.51512035479
2024-05-19,Food and non-alcoholic beverages,169525.95,192213.93,Beverage and Food,0.1736749693459239,0.26097244950430365,1.0629886188103173,1.0629886188103173,0.9736195428296712,165053.77793676572,1.0617627387941853,1.0337529523383742,175247.95131046762,175247.95131046762
2024-05-19,Furniture and household equipment,186940.71000000002,188661.03999999998,Furniture,0.17046475423904045,0.04018883819651864,0.8051385631316738,0.8051385631316738,0.7374478201169524,137859.0190806154,1.0617627387941853,0.782994617205177,146373.56966651403,146373.56966651403
2024-05-19,Information and communication,202.64999999999998,202.64999999999998,Electronic & Electric Devices,0.00018310448435215638,0.03757805088096879,2.2224668429038363,1.25,1.1449082398447188,232.01565480453223,1.0617627387941853,1.2156209084055585,246.3455770883864,246.3455770883864
2024-05-19,Other retail goods,411855.15,414192.17000000004,Other,0.37424349228004294,0.2877391150768904,0.9613393003040369,0.9613393003040369,0.8805162289637187,362645.14355728676,1.0617627387941853,0.9348993228172459,385043.10083379527,385043.10083379527
2024-05-19,Personal care and miscellaneous goods,11001.740000000002,11001.740000000002,Miscellaneous Goods and Services,0.00994062634925484,0.21371085342923726,1.584389385918592,1.25,1.1449082398447188,12595.982778629239,1.0617627387941853,1.2156209084055585,13373.945172841772,13373.945172841772
2024-05-19,Recreation and culture,92392.28,92437.07,Recreation and Culture,0.08352154965395601,0.03641566910021303,0.8829242854766398,0.8829242854766398,0.8086938316809725,74717.06693094128,1.0617627387941853,0.8586409775715532,79331.79761926466,79331.79761926466
2024-05-26,Clothing and footwear,193395.29,199449.51,Clothing and Footwear,0.19790229403306597,0.11017426232807413,0.9158922800921846,0.9158922800921846,1.2933916206309914,250135.84755550057,1.0568571147909827,1.366930136474903,264357.8501533034,264357.8501533034
2024-05-26,Education,7939.920000000004,18029.35,Education,0.017889488547377517,0.026200717339942493,1.0589057061705576,1.0589057061705576,1.4953502689874114,11872.961507738533,1.0568571147909827,1.5803715708839554,12548.02384309294,12548.02384309294
2024-05-26,Food and non-alcoholic beverages,139277.81,144980.16999999998,Beverage and Food,0.14385549622209592,0.2646932558466514,1.0957777114911482,1.0957777114911482,1.5474196484920768,215521.21979294624,1.0568571147909827,1.6354014650762128,227775.1345266064,227775.1345266064
2024-05-26,Furniture and household equipment,151570.27000000002,169905.74,Furniture,0.168587707813299,0.037064805957064365,0.7967468841483928,0.8,1.129732523131049,171233.86355875438,1.0568571147909827,1.1939658548818177,180969.72699521796,180969.72699521796
2024-05-26,Information and communication,146.17000000000002,146.17000000000002,Electronic & Electric Devices,0.00014503609619704382,0.034595414207300765,2.273167116546582,1.25,1.765207067392264,258.02031704072726,1.0568571147909827,1.8655716482528397,272.69060782511764,272.69060782511764
2024-05-26,Other retail goods,385701.99,398815.94,Other,0.395722152553564,0.2842870572796771,0.9516012608345706,0.9516012608345706,1.3438186167716586,518313.5146878761,1.0568571147909827,1.4202242661237043,547783.3256902023,547783.3256902023
2024-05-26,Personal care and miscellaneous goods,17028.0,17448.09,Miscellaneous Goods and Services,0.017312737632172663,0.2072990028368286,1.451224894845075,1.25,1.765207067392264,30057.94594355547,1.0568571147909827,1.8655716482528397,31766.954026449355,31766.954026449355
2024-05-26,Recreation and culture,56315.29,59043.11000000001,Recreation and Culture,0.05858508710222782,0.03568548420446118,0.9283370362612666,0.9283370362612666,1.310965677864301,73827.4123289747,1.0568571147909827,1.3855034038976701,78025.02598648443,78025.02598648443
2024-06-02,Clothing and footwear,156896.16,158473.18,Clothing and Footwear,0.13411299599264326,0.12319093443788079,0.9873387515588324,0.9873387515588324,1.014264252845983,159134.1664968038,1.0569840708178495,1.0720611588581719,168202.27910999715,168202.27910999715
2024-06-02,Education,31219.249999999996,31299.03,Education,0.026487804970933386,0.027735182838741563,1.0069264741061692,1.0069264741061692,1.0343861479332186,32292.75974886413,1.0569840708178495,1.0933296814400477,34132.932657297206,34132.932657297206
2024-06-02,Food and non-alcoholic beverages,177547.26999999996,180228.38,Beverage and Food,0.1525240296477965,0.24022464644830546,1.0705128723577289,1.0705128723577289,1.0997065970819648,195249.90411289278,1.0569840708178495,1.1623723556889398,206376.03847604018,206376.03847604018
2024-06-02,Furniture and household equipment,201076.41,201996.26,Furniture,0.1709457941584117,0.03837514926039348,0.7992428294823044,0.8,0.8218166267612935,165247.93698747084,1.0569840708178495,0.8686470836199452,174664.4371312684,174664.4371312684
2024-06-02,Information and communication,480.87,480.87,Electronic & Electric Devices,0.0004069516140395641,0.03532853562791955,1.9533831139842086,1.25,1.284088479314521,617.4796270479737,1.0569840708178495,1.3572610681561645,652.6661298442549,652.6661298442549
2024-06-02,Other retail goods,528331.79,532255.51,Other,0.4504382450058256,0.28126157523291034,0.9317969231653128,0.9317969231653128,0.9572077552778369,505723.28674782155,1.0569840708178495,1.011753349791984,534541.4583340951,534541.4583340951
2024-06-02,Personal care and miscellaneous goods,17818.52,17836.83,Miscellaneous Goods and Services,0.015094987746894835,0.21541819790608815,1.4899354160659088,1.25,1.284088479314521,22880.55625043538,1.0569840708178495,1.3572610681561645,24184.38348816198,24184.38348816198
2024-06-02,Recreation and culture,58639.979999999996,59069.189999999995,Recreation and Culture,0.04998919086345515,0.038465778247760665,0.9614567714062447,0.9614567714062447,0.9876764508173551,57917.327322400684,1.0569840708178495,1.0439582756358536,61217.69240412094,61217.69240412094
2024-06-09,Clothing and footwear,166490.38,168378.90999999997,Clothing and Footwear,0.11300888624196025,0.15580751961540207,1.0493524307392912,1.0493524307392912,0.8915201556991357,148429.52950000827,1.05873301317794,0.9438818207522122,157147.2430121277,157147.2430121277
2024-06-09,Education,26885.909999999996,27110.199999999997,Education,0.018195233047872746,0.01979997370643406,1.0127588539663235,1.0127588539663235,0.8604305900712749,23133.459405903188,1.05873301317794,0.9109662712566338,24492.15718204144,24492.15718204144
2024-06-09,Food and non-alcoholic beverages,242959.26,245613.0,Beverage and Food,0.16484517910554586,0.23159763266051275,1.052322072315572,1.052322072315572,0.8940431358180183,217216.05868642524,1.05873301317794,0.9465529830956648,229973.81232371525,229973.81232371525
2024-06-09,Furniture and household equipment,376428.53,378568.63,Furniture,0.25407944048601305,0.03703190419956472,0.7491020369193552,0.8,0.6796726282482927,255848.1683327413,1.05873301317794,0.7195918496798848,270874.90217498003,270874.90217498003
2024-06-09,Information and communication,349.37,349.37,Electronic & Electric Devices,0.00023448254051741787,0.027191221393547512,2.0400825014822135,1.25,1.0619884816379572,371.0269158298531,1.05873301317794,1.12436226512482,392.81844456665834,392.81844456665834
2024-06-09,Other retail goods,575350.88,579285.27,Other,0.3887920594038365,0.2722658566564344,0.9479629622113307,0.9479629622113307,0.805380597510265,463376.4355124568,1.05873301317794,0.8526830267570926,490591.9298057568,490591.9298057568
2024-06-09,Personal care and miscellaneous goods,16682.39,16706.92,Miscellaneous Goods and Services,0.011212986363515066,0.21628180272821582,1.5588158140459978,1.25,1.0619884816379572,17716.50602619224,1.05873301317794,1.12436226512482,18757.049808095646,18757.049808095646
2024-06-09,Recreation and culture,73582.41,73949.38,Recreation and Culture,0.04963173281073914,0.040024089039888716,0.9682428590647189,0.9682428590647189,0.8226102110039484,60529.64181627904,1.05873301317794,0.8709245873671513,64084.730066730546,64084.730066730546
2024-06-16,Clothing and footwear,192105.53,194009.46,Clothing and Footwear,0.10313469970436658,0.1034911103122861,1.0005176069637347,1.0005176069637347,0.40216234470606305,77257.61037580094,1.0532842250958403,0.42359125360645183,81374.22227743184,81374.22227743184
2024-06-16,Education,34718.58,34928.09,Education,0.01856764135829814,0.0010246750574693694,0.6475516493346363,0.8,0.32156343229301315,11164.225749139561,1.0532842250958403,0.3386976906019051,11759.10286697749,11759.10286697749
2024-06-16,Food and non-alcoholic beverages,330669.32,342395.15,Beverage and Food,0.1820159747647437,0.29204716417002924,1.0734987007630277,1.0734987007630277,0.4314974084743117,142682.9546419629,1.0532842250958403,0.4544894135157287,150285.70531444481,150285.70531444481
2024-06-16,Furniture and household equipment,271277.22,278102.51,Furniture,0.14783824900023226,0.03228111808191791,0.7959288809872557,0.8,0.32156343229301315,87232.83396610683,1.0532842250958403,0.3386976906019051,91880.96792690492,91880.96792690492
2024-06-16,Information and communication,257.56,257.56,Electronic & Electric Devices,0.00013691792789824093,0.025071567750696945,2.184782336967816,1.25,0.502442862957833,129.40918378341948,1.0532842250958403,0.5292151415654767,136.30465186160419,136.30465186160419
2024-06-16,Other retail goods,865376.06,893496.0900000001,Other,0.4749791630221315,0.28853209624409276,0.92795717900264,0.92795717900264,0.3729963693762886,322782.1285251573,1.0532842250958403,0.392871191882066,339981.3241184063,339981.3241184063
2024-06-16,Personal care and miscellaneous goods,36252.8,36328.72,Miscellaneous Goods and Services,0.019312211001690414,0.21232097892650623,1.4327622704017986,1.25,0.502442862957833,18214.96062223773,1.0532842250958403,0.5292151415654767,19185.530684144913,19185.530684144913
2024-06-16,Recreation and culture,101194.29,101609.34,Recreation and Culture,0.05401514322063925,0.04523128945700144,0.9737299214853521,0.9737299214853521,0.391394919599045,39606.93099843244,1.0532842250958403,0.41225009459632883,41717.35562510833,41717.35562510833
2024-06-23,Clothing and footwear,134776.18,139133.43,Clothing and Footwear,0.09492704644358921,0.10044589584222716,1.0085126132185251,1.0085126132185251,0.7660783582735075,103249.11470877472,1.0611554213370609,0.8129282030509277,109563.35782146838,109563.35782146838
2024-06-23,Education,43751.26,43967.03,Education,0.029997537606861847,0.013874929549689458,0.8907827063001017,0.8907827063001017,0.67664929945001,29604.259429055244,1.0611554213370609,0.7180300724553024,31414.720387810772,31414.720387810772
2024-06-23,Food and non-alcoholic beverages,210394.4,212546.21999999997,Beverage and Food,0.14501464455630347,0.2643192006929061,1.0942272537544986,1.0942272537544986,0.8311882341849693,174877.3498184061,1.0611554213370609,0.8820199008569588,185572.04782885933,185572.04782885933
2024-06-23,Furniture and household equipment,299225.37,308045.66,Furniture,0.21017137774556474,0.038701310851980954,0.7758411591100162,0.8,0.6076896595898207,181836.16323593815,1.0611554213370609,0.6448531767642113,192956.43041294653,192956.43041294653
2024-06-23,Information and communication,315.63,315.63,Electronic & Electric Devices,0.0002153459716258707,0.0308671802956504,2.1059789744887127,1.25,0.9495150931090947,299.69544883802354,1.0611554213370609,1.00758308869408,318.0234502845125,318.0234502845125
2024-06-23,Other retail goods,652829.67,664503.24,Other,0.45337292356981,0.2907166379263014,0.935517996022134,0.935517996022134,0.7106307656785522,463920.8482497766,1.0611554213370609,0.7540896895687023,492292.1231915384,492292.1231915384
2024-06-23,Personal care and miscellaneous goods,24346.03,25285.78,Miscellaneous Goods and Services,0.017251816565022362,0.22497389276762433,1.4699230281128557,1.25,0.9495150931090947,23116.922942286812,1.0611554213370609,1.00758308869408,24530.648104838732,24530.648104838732
2024-06-23,Recreation and culture,69200.20000000001,71890.98000000001,Recreation and Culture,0.04904930754122244,0.03610095207362016,0.9550648600330996,0.9550648600330996,0.7254787995996425,50203.27802805519,1.0611554213370609,0.7698457612602637,53273.48064836251,53273.48064836251
2024-06-30,Clothing and footwear,236355.63,266323.17000000004,Clothing and Footwear,0.1404320499414128,0.10039462051388678,0.9509039053616476,0.9509039053616476,0.6296982898822182,148832.73601503432,1.0597452742686582,0.6673197869177363,157724.78864840732,157724.78864840732
2024-06-30,Education,49576.03,49790.87999999999,Education,0.026254701559713677,0.014509346791144502,0.9148841764816951,0.9148841764816951,0.6058456570874239,30035.42247113584,1.0597452742686582,0.6420420720345874,31829.897024448866,31829.897024448866
2024-06-30,Food and non-alcoholic beverages,266821.54,275431.46,Beverage and Food,0.14523484586848467,0.26355764171613993,1.0935048603529578,1.0935048603529578,0.7241301004860964,193213.50857205497,1.0597452742686582,0.7673934519458292,204757.10263410214,204757.10263410214
2024-06-30,Furniture and household equipment,255060.68,260943.26,Furniture,0.13759522658203216,0.03844164675500437,0.8259044238891962,0.8259044238891962,0.54692235503165,139498.38778157407,1.0597452742686582,0.5795983811366764,147832.75721961985,147832.75721961985
2024-06-30,Information and communication,291.4200000000001,291.4200000000001,Electronic & Electric Devices,0.00015366559354909498,0.02953100973170084,2.2006716506085184,1.25,0.827762782248133,241.226630002751,1.0597452742686582,0.8772176967029354,255.6387811731695,255.6387811731695
2024-06-30,Other retail goods,782860.53,807558.5700000001,Other,0.4258251560795702,0.2911735191353733,0.9445785608940166,0.9445785608940166,0.6255095820940549,489686.7629582304,1.0597452742686582,0.662880823633938,518943.23291690124,518943.23291690124
2024-06-30,Personal care and miscellaneous goods,19984.449999999997,20386.11,Miscellaneous Goods and Services,0.010749583739301146,0.22711273402208404,1.5802561010768545,1.25,0.827762782248133,16542.3839336987,1.0597452742686582,0.8772176967029354,17530.713198874975,17530.713198874975
2024-06-30,Recreation and culture,164527.59,215730.89,Recreation and Culture,0.11375477063593616,0.0352794813346662,0.8389438329012395,0.8389438329012395,0.5555571850177943,91404.4847581618,1.0597452742686582,0.588749101408606,96865.47076942355,96865.47076942355
2024-07-07,Clothing and footwear,140689.22,142035.11,Clothing and Footwear,0.10322376728980412,0.09909348691309562,0.9938934095404351,0.9938934095404351,0.7920671308767787,111435.30683069192,1.0614621921385547,0.840749313061361,118284.3650701387,118284.3650701387
2024-07-07,Education,39194.53999999999,40194.67999999999,Education,0.029211413252738308,0.012462708753113484,0.8800533117491863,0.8800533117491863,0.7013441229860841,27488.860282142985,1.0614621921385547,0.7444502702283009,29178.385894473944,29178.385894473944
2024-07-07,Food and non-alcoholic beverages,216336.81,222913.12000000002,Beverage and Food,0.16200171932646923,0.26270059331121415,1.0752048494296873,1.0752048494296873,0.8568669557697915,185371.8638056478,1.0614621921385547,0.909531877242493,196765.2249159525,196765.2249159525
2024-07-07,Furniture and household equipment,254956.03,265916.11,Furniture,0.19325406695041777,0.03817719961142963,0.7840636391432413,0.8,0.6375469427797265,162546.43746975623,1.0614621921385547,0.6767319754742022,172536.89784095995,172536.89784095995
2024-07-07,Information and communication,356.38,402.82,Electronic & Electric Devices,0.0002927487290971852,0.030800182674283066,2.010521589773875,1.25,0.9961670980933225,355.01403041849824,1.0614621921385547,1.0573937116784409,376.8339709679627,376.8339709679627
2024-07-07,Other retail goods,576355.96,601031.34,Other,0.43679847309611786,0.2923506533179321,0.9415501211165507,0.9415501211165507,0.7503530014896725,432470.42451246164,1.0614621921385547,0.7964713418389721,459051.0048380889,459051.0048380889
2024-07-07,Personal care and miscellaneous goods,16475.64,16851.94,Miscellaneous Goods and Services,0.01224711786361655,0.2296298506039643,1.5522053174304444,1.25,0.9961670980933225,16412.490488030267,1.0614621921385547,1.0573937116784409,17421.238131877788,17421.238131877788
2024-07-07,Recreation and culture,84006.98,86647.19,Recreation and Culture,0.06297069349173907,0.03478532481496771,0.9148262927160933,0.9148262927160933,0.7290558826195704,61245.7829501046,1.0614621921385547,0.7738652553568781,65010.08302946015,65010.08302946015
2024-07-14,Clothing and footwear,135884.32,148035.65000000002,Clothing and Footwear,0.08894138063873698,0.09704995339499765,1.0131732610231396,1.0131732610231396,0.6052548605461359,82244.6451520065,1.0680169777915098,0.6464224669541058,87838.67735478113,87838.67735478113
2024-07-14,Education,38604.97,38738.31,Education,0.023274385426830566,0.015194812784137963,0.938042617210385,0.938042617210385,0.5603729147891883,21633.17956424917,1.0680169777915098,0.5984877868893681,23104.60305823045,23104.60305823045
2024-07-14,Food and non-alcoholic beverages,192805.02,199530.05,Beverage and Food,0.11987975954384107,0.26522960106957433,1.1265005791482008,1.1265005791482008,0.6729549398579259,129749.09063840618,1.0680169777915098,0.7187273010569293,138574.23165482725,138574.23165482725
2024-07-14,Furniture and household equipment,469507.7,482162.20000000007,Furniture,0.28968813768717755,0.03891832485446228,0.7400030573712408,0.8,0.4779082779464016,224381.61638957576,1.0680169777915098,0.5104141546738608,239643.3758083686,239643.3758083686
2024-07-14,Information and communication,163.01,163.01,Electronic & Electric Devices,9.793812813278769e-05,0.03017217860547889,2.362099733420021,1.25,0.7467316842912525,121.72473185631706,1.0680169777915098,0.7975221166779073,130.00408023966565,130.00408023966565
2024-07-14,Other retail goods,676885.53,688045.23,Other,0.4133848346536616,0.2902648978612711,0.9483442096518538,0.9483442096518538,0.5665269351689484,383473.88477110927,1.0680169777915098,0.6050603851366269,409556.6194752098,409556.6194752098
2024-07-14,Personal care and miscellaneous goods,22977.4,28657.949999999997,Miscellaneous Goods and Services,0.017217998767701508,0.22836548007672472,1.473659565932085,1.25,0.7467316842912525,17157.952602633824,1.0680169777915098,0.7975221166779073,18324.98468375495,18324.98468375495
2024-07-14,Recreation and culture,78614.20999999999,79085.76999999999,Recreation and Culture,0.04751556515391801,0.03480475135335309,0.9543779469977628,0.9543779469977628,0.5701314014496537,44820.42972115737,1.0680169777915098,0.6089100163202972,47868.979894107266,47868.979894107266
2024-07-21,Clothing and footwear,151018.66999999998,151617.65999999997,Clothing and Footwear,0.08555840826129799,0.10177998417016647,1.0263841868747143,1.0263841868747143,0.5827893653354832,88012.07484310877,1.06224524237688,0.6190652306354584,93490.40777381016,93490.40777381016
2024-07-21,Education,42674.369999999995,42889.36,Education,0.024202625030262197,0.018257420371961805,0.9585980504809629,0.9585980504809629,0.5442998407377303,23227.652794582973,1.06224524237688,0.5781799162501475,24673.463672627804,24673.463672627804
2024-07-21,Food and non-alcoholic beverages,276810.87,282565.15,Beverage and Food,0.15945256287502993,0.25931479794020457,1.0756707752627364,1.0756707752627364,0.6107746947409066,169069.0746252148,1.06224524237688,0.6487925136527193,179592.8201536961,179592.8201536961
2024-07-21,Furniture and household equipment,393741.71,401253.0,Furniture,0.2264285571355646,0.04075734298271211,0.7731988505852028,0.8,0.45424656598426055,178855.81965227058,1.06224524237688,0.4825212535828163,189988.74349704172,189988.74349704172
2024-07-21,Information and communication,343.6,343.6,Electronic & Electric Devices,0.00019389475525860241,0.03000455850179441,2.1303118189830004,1.25,0.7097602593504071,243.87362511279989,1.06224524237688,0.7539394587231504,259.0535980172745,259.0535980172745
2024-07-21,Other retail goods,796020.46,804931.23,Other,0.45422568056128,0.2908998256266997,0.935342711647023,0.935342711647023,0.5310952684800833,422762.6999193394,1.06224524237688,0.5641534221918402,449077.6666437228,449077.6666437228
2024-07-21,Personal care and miscellaneous goods,21048.47,21870.24,Miscellaneous Goods and Services,0.01234145760258119,0.22397501670743547,1.5446317882906977,1.25,0.7097602593504071,14939.367526129265,1.06224524237688,0.7539394587231504,15869.27207875047,15869.27207875047
2024-07-21,Recreation and culture,65945.58,66625.14,Recreation and Culture,0.03759681377872561,0.03501105369902543,0.9893685958511089,0.9893685958511089,0.561771608947545,37046.35457957904,1.06224524237688,0.5967392189069347,39352.313899564775,39352.313899564775
2024-07-28,Clothing and footwear,294613.95,310008.1,Clothing and Footwear,0.14192202085890637,0.11208947476064827,0.9652221001202356,0.9652221001202356,0.5848537043049484,172306.05999741287,1.0593568154124258,0.6195687576746507,182533.59899512166,182533.59899512166
2024-07-28,Education,68991.40000000001,74901.23999999999,Education,0.034289863218535103,0.026748512621280866,0.9634298162348198,0.9634298162348198,0.5837677119002771,40274.95171879678,1.0593568154124258,0.618418304219276,42665.54459371376,42665.54459371376
2024-07-28,Food and non-alcoholic beverages,306545.91000000003,310601.42,Beverage and Food,0.142193643353338,0.2556428447614095,1.0919758129625425,1.0919758129625425,0.6616571451720757,202828.2916747761,1.0593568154124258,0.7009310062043672,214867.53314413343,214867.53314413343
2024-07-28,Furniture and household equipment,415924.49000000005,418970.83,Furniture,0.19180526855438076,0.037269533109366704,0.7821211190482513,0.8,0.48474124596367574,201615.75550940642,1.0593568154124258,0.5135139426231309,213583.024693415,213583.024693415
2024-07-28,Information and communication,963.8199999999999,963.8199999999999,Electronic & Electric Devices,0.00044123776812357855,0.025993817530478996,1.8430181324328148,1.25,0.7574081968182433,730.0051682573593,1.0593568154124258,0.8023655353486421,773.3359502797282,773.3359502797282
2024-07-28,Other retail goods,934138.5800000001,943067.65,Other,0.4317373213624413,0.2941874376915112,0.9440840917776525,0.9440840917776525,0.5720456236784806,534369.8865982302,1.0593568154124258,0.6060004301706501,566088.3813190003,566088.3813190003
2024-07-28,Personal care and miscellaneous goods,17494.25,18112.589999999997,Miscellaneous Goods and Services,0.00829196197063502,0.21178317150322698,1.6258673952431908,1.25,0.7574081968182433,13250.288347187554,1.0593568154124258,0.8023655353486421,14036.783266772982,14036.783266772982
2024-07-28,Recreation and culture,104072.6,107729.51999999999,Recreation and Culture,0.04931868291363991,0.0362852080220775,0.9550095666700169,0.9550095666700169,0.5786656590685676,60223.23966997941,1.0593568154124258,0.6130134097794102,63797.899390608654,63797.899390608654
2024-08-04,Clothing and footwear,249484.42,249752.45,Clothing and Footwear,0.10841148730133471,0.11355211262427595,1.0069733743501614,1.0069733743501614,0.5118572786589326,127700.41628900218,1.055714098174804,0.5403749453336244,134815.129819091,134815.129819091
2024-08-04,Education,68646.48,69252.24,Education,0.03006071947381891,0.057982426509976946,1.1035564471295114,1.1035564471295114,0.5609516738600562,38507.35786060087,1.055714098174804,0.592204590488816,40652.7605768987,40652.7605768987
2024-08-04,Food and non-alcoholic beverages,339191.69999999995,348761.08,Beverage and Food,0.15138873470758657,0.23244179575051585,1.0664318308393823,1.0664318308393823,0.5420807627222263,183869.29544504854,1.055714098174804,0.572282303555205,194113.40742280602,194113.40742280602
2024-08-04,Furniture and household equipment,481545.41000000003,491056.6,Furniture,0.2131557722662444,0.03696797522883357,0.7688989803826253,0.8,0.4066500995534297,195820.48891599712,1.055714098174804,0.42930624312274335,206730.45086010115,206730.45086010115
2024-08-04,Information and communication,789.26,898.24,Electronic & Electric Devices,0.0003899042205734153,0.02651850308668331,1.8831662421997755,1.25,0.6353907805522339,501.4885274586561,1.055714098174804,0.6707910048792864,529.4285085110256,529.4285085110256
2024-08-04,Other retail goods,966150.2899999999,975457.7799999999,Other,0.42342258796443494,0.29778407779070315,0.9485694152608537,0.9485694152608537,0.4821698089364559,465848.5007332014,1.055714098174804,0.5090334650084681,491802.8298376363,491802.8298376363
2024-08-04,Personal care and miscellaneous goods,22319.85,23067.12,Miscellaneous Goods and Services,0.010012877899529569,0.19764068484958863,1.5642192077311206,1.25,0.6353907805522339,14181.826913308776,1.055714098174804,0.6707910048792864,14971.954610254941,14971.954610254941
2024-08-04,Recreation and culture,145285.08,145499.75,Recreation and Culture,0.06315791616647755,0.0371124241594226,0.9233444213086499,0.9233444213086499,0.4693476260590829,68189.20739980394,1.055714098174804,0.4954969057754499,71988.3075953387,71988.3075953387
2024-08-11,Clothing and footwear,212097.67,212446.54,Clothing and Footwear,0.10332441669705411,0.11219676691887791,1.012433733377988,1.012433733377988,0.6002810599561014,127318.21416181941,1.0569605565710403,0.6344734032302549,134570.33050210754,134570.33050210754
2024-08-11,Education,57234.48,57463.729999999996,Education,0.02794776692285508,0.12184446404860762,1.2471503226066845,1.2471503226066845,0.7394466352687523,42321.8436573567,1.0569605565710403,0.7815659271682435,44732.51942719229,44732.51942719229
2024-08-11,Food and non-alcoholic beverages,311096.75,326595.16,Beverage and Food,0.1588411578888555,0.20921762327288493,1.0421861154971879,1.0421861154971879,0.6179215147196374,192233.37498435637,1.0569605565710403,0.6531186681152882,203183.0950149948,203183.0950149948
2024-08-11,Furniture and household equipment,458915.39,468197.5,Furniture,0.22771015045252793,0.033366794227544114,0.7497039756932155,0.8,0.4743271901486427,217676.04745466853,1.0569605565710403,0.5013451308962871,230074.99626987064,230074.99626987064
2024-08-11,Information and communication,702.8299999999997,702.8299999999997,Electronic & Electric Devices,0.0003418248176091289,0.023713677516868446,1.8887709644182376,1.25,0.7411362346072542,520.8927797690162,1.0569605565710403,0.7833517670254485,550.5631224184957,550.5631224184957
2024-08-11,Other retail goods,871090.56,881301.74,Other,0.42862542369293866,0.28396809673349815,0.9401101540440073,0.9401101540440073,0.557399759747377,485545.6688622081,1.0569605565710403,0.5891495602951518,513202.62040125753,513202.62040125753
2024-08-11,Personal care and miscellaneous goods,24107.660000000003,24112.31,Miscellaneous Goods and Services,0.011727140230048205,0.17737047954258736,1.5029806290287682,1.25,0.7411362346072542,17867.06035759192,1.0569605565710403,0.7833517670254485,18884.778059848726,18884.778059848726
2024-08-11,Recreation and culture,84399.19,85291.87000000001,Recreation and Culture,0.04148211929811128,0.038322097739131485,0.9881849850042592,0.9881849850042592,0.5859037591051861,49449.802686432835,1.0569605565710403,0.6192771633208822,52266.49096978017,52266.49096978017
2024-08-18,Clothing and footwear,231450.43,233300.75,Clothing and Footwear,0.10814177325136717,0.08591137201640688,0.966069954044543,0.966069954044543,0.4672337719719942,108141.45743344001,1.0588987159717504,0.4947532411997823,114510.85041958332,114510.85041958332
2024-08-18,Education,50722.61,51527.44,Education,0.023884487009593527,0.12050667658104243,1.2747771747578374,1.25,0.6045547866589215,30664.596667333677,1.0588987159717504,0.6401622873277075,32470.70203683125,32470.70203683125
2024-08-18,Food and non-alcoholic beverages,343117.14,350954.18,Beverage and Food,0.1626776054306705,0.2208762584430092,1.046943367335174,1.046943367335174,0.5063476992666311,173736.57441794657,1.0588987159717504,0.5361709285886858,183969.4355684941,183969.4355684941
2024-08-18,Furniture and household equipment,436174.74,441801.72,Furniture,0.2047881175962958,0.03442488928740042,0.7653060907866815,0.8,0.3869150634617098,168762.57720749476,1.0588987159717504,0.40970386388973284,178702.4763090996,178702.4763090996
2024-08-18,Information and communication,1202.7900000000004,1202.7900000000004,Electronic & Electric Devices,0.0005575286125270148,0.025574187689567287,1.7751301612541825,1.25,0.6045547866589215,727.1524518454844,1.0588987159717504,0.6401622873277075,769.9807975748936,769.9807975748936
2024-08-18,Other retail goods,952190.4099999999,963471.27,Other,0.44659732818924397,0.2908247784099753,0.9376856997125111,0.9376856997125111,0.45350590251425493,431823.9712524684,1.0588987159717504,0.4802168178579544,457257.84868506086,457257.84868506086
2024-08-18,Personal care and miscellaneous goods,26283.879999999997,26934.33,Miscellaneous Goods and Services,0.012484855738944246,0.17973293675830299,1.4918893761071195,1.25,0.6045547866589215,15890.045465968691,1.0588987159717504,0.6401622873277075,16825.948740646985,16825.948740646985
2024-08-18,Recreation and culture,86790.21,88167.65,Recreation and Culture,0.0408683041713578,0.0421489008142955,1.0046387964601193,1.0046387964601193,0.48588735461057847,42170.265542996574,1.0588987159717504,0.5145054959040521,44654.04003566683,44654.04003566683
2024-08-25,Clothing and footwear,49930.93,50420.93,Clothing and Footwear,0.03348407774806318,0.09369640331560951,1.1668974392047238,1.1668974392047238,0.7135858381702244,35630.0045346688,0.9440196885493096,0.6736390807026532,33635.42578382853,33635.42578382853
2024-08-25,Education,10805.580000000002,10989.95,Education,0.007298325125048803,0.06161877651861002,1.377125371744159,1.25,0.764405052016134,8259.839941964497,0.9440196885493096,0.7216134191297896,7797.451529480473,7797.451529480473
2024-08-25,Food and non-alcoholic beverages,101871.66,102857.06,Beverage and Food,0.06830643135652593,0.25899314320496986,1.2213046214900274,1.2213046214900274,0.7468571381741034,76083.57644864528,0.9440196885493096,0.7050478429699457,71824.3941427677,71824.3941427677
2024-08-25,Furniture and household equipment,145262.84000000003,146295.87,Furniture,0.09715374717008479,0.03502586963138013,0.8581029710731637,0.8581029710731637,0.5247505969907047,76226.76201056523,0.9440196885493096,0.4953748951372293,71959.56413233613,71959.56413233613
2024-08-25,Information and communication,295.02,295.02,Electronic & Electric Devices,0.00019592007956286404,0.02525425043712814,2.0727089856092076,1.25,0.764405052016134,225.51477844579983,0.9440196885493096,0.7216134191297896,212.89039091167052,212.89039091167052
2024-08-25,Other retail goods,242844.16,246144.55,Other,0.16346234092592152,0.29650022975335827,1.0934302838356398,1.0934302838356398,0.6686589063931186,162379.91044955552,0.9440196885493096,0.6312271725589539,153289.83248925422,153289.83248925422
2024-08-25,Personal care and miscellaneous goods,9425.89,9534.86,Miscellaneous Goods and Services,0.006332013184939225,0.18901647659797938,1.664346235063266,1.25,0.764405052016134,7205.197935748356,0.9440196885493096,0.7216134191297896,6801.848711241292,6801.848711241292
2024-08-25,Recreation and culture,18713.629999999972,939279.85,Recreation and Culture,0.6237671444098536,0.03989485054096473,0.6620398811432526,0.8,0.4892192332903258,9155.067720678826,0.9440196885493096,0.4618325882430654,8642.564178323062,8642.564178323062
